Rubrica natureza;Descrição natureza receita;Categoria econômica;Origem da receita;Especie da receita;Tipo da receita;Rubrica receita;Alínea da receita;Subalínea da receita;Desdobramento nível 1;Desdobramento nível 2;Desdobramento nível 3;Finalidade da receita;Forma de ingresso;Órgão;Unidade;Organograma;Valor orçado R$;Orçado atualizado R$;Orçado deduções R$;Valor lançado mês;Valor arrecadado mês;Valor arrecadado acumulado até o mês;Orçado líquido atualizado R$;Realizado (%)
 24229901000000; Outras Transferências de Convênios dos Estados e DF e de Suas Entidades - Principal; Receitas de Capital; Transferências de Capital; Transferências dos Estados e do Distrito Federal e de suas Entidades; Outras Transferências de Convênios dos Estados e DF e de Suas Entidades - Principal; Transferências de Convênios dos Estados e DF e de Suas Entidades ; Outras Transferências de Convênios dos Estados e DF e de Suas Entidades; ; Transferências de Convênios dos Estados e DF e de Suas Entidades ; Outras Transferências de Convênios dos Estados e DF e de Suas Entidades; Não se aplica; Outras Transferências de Convênios dos Estados e DF e de Suas Entidades - Principal; Arrecadações; SECRETARIA DE ADMINISTRAÇÃO E FINANÇAS; SECRETARIA DE ADMINISTRAÇÃO E FINANÇAS; SECRETARIA DE ADMINISTRAÇÃO E FINANÇAS; R$ 18.960.412,50; R$ 18.960.412,50; R$ 0,00; R$ 0,00; R$ 0,00; R$ 0,00; R$ 18.960.412,50; 0.0
 17145101000000; Transferências Diretas do FNDE referentes ao Programa Dinheiro Direto na Escola – PDDE - Principal; Receitas Correntes; Transferências Correntes; Transferências da União e de suas Entidades; Transferências Diretas do FNDE referentes ao Programa Dinheiro Direto na Escola – PDDE - Principal; Transferências de Recursos do Fundo Nacional do Desenvolvimento da Educação – FNDE? ; Transferências Diretas do FNDE referentes ao Programa Dinheiro Direto na Escola – PDDE; ; Transferências de Recursos do Fundo Nacional do Desenvolvimento da Educação – FNDE? ; Transferências Diretas do FNDE referentes ao Programa Dinheiro Direto na Escola – PDDE; Não se aplica; Transferências Diretas do FNDE referentes ao Programa Dinheiro Direto na Escola – PDDE - Principal; Arrecadações; SECRETARIA DE EDUCAÇÃO; DIRETORIA DE ENSINO; SECRETARIA DE EDUCAÇÃO; R$ 1.680,00; R$ 1.680,00; R$ 0,00; R$ 0,00; R$ 0,00; R$ 0,00; R$ 1.680,00; 0.0
 17295201000000; Transferências de Recursos Destinados a Programas de Educação - Principal; Receitas Correntes; Transferências Correntes; Transferências dos Estados e do Distrito Federal e de suas Entidades; Transferências de Recursos Destinados a Programas de Educação - Principal; Outras Transferências dos Estados e Distrito Federal; Transferências de Recursos Destinados a Programas de Educação; ; Outras Transferências dos Estados e Distrito Federal; Transferências de Recursos Destinados a Programas de Educação; Não se aplica; Transferências de Recursos Destinados a Programas de Educação - Principal; Arrecadações; SECRETARIA DE ADMINISTRAÇÃO E FINANÇAS; SECRETARIA DE ADMINISTRAÇÃO E FINANÇAS; SECRETARIA DE ADMINISTRAÇÃO E FINANÇAS; R$ 317.560,00; R$ 317.560,00; R$ 0,00; R$ 0,00; R$ 0,00; R$ 0,00; R$ 317.560,00; 0.0
 17165001000000; Transferências de Recursos do Fundo Nacional de Assistência Social – FNAS - Principal; Receitas Correntes; Transferências Correntes; Transferências da União e de suas Entidades; Transferências de Recursos do Fundo Nacional de Assistência Social – FNAS - Principal; Transferências de Recursos do Fundo Nacional de Assistência Social – FNAS ; Transferências de Recursos do Fundo Nacional de Assistência Social – FNAS; ; Transferências de Recursos do Fundo Nacional de Assistência Social – FNAS ; Transferências de Recursos do Fundo Nacional de Assistência Social – FNAS; Não se aplica; Transferências de Recursos do Fundo Nacional de Assistência Social – FNAS - Principal; Arrecadações; SECRETARIA DE DESENVOLVIMENTO SOCIAL E HABITAÇÃO; FUNDO MUNICIPAL DE ASSISTENCIA SOCIAL; SECRETARIA DE DESENVOLVIMENTO SOCIAL E HABITAÇÃO; R$ 197.666,00; R$ 197.666,00; R$ 0,00; R$ 0,00; R$ 0,00; R$ 0,00; R$ 197.666,00; 0.0
 24145201000000; Transferências de Convênios da União destinadas a Programas de Saneamento Básico - Principal; Receitas de Capital; Transferências de Capital; Transferências da União e de suas Entidades; Transferências de Convênios da União destinadas a Programas de Saneamento Básico - Principal; Transferências de Convênios da União e de suas Entidades ; Transferências de Convênios da União destinadas a Programas de Saneamento Básico; ; Transferências de Convênios da União e de suas Entidades ; Transferências de Convênios da União destinadas a Programas de Saneamento Básico; Não se aplica; Transferências de Convênios da União destinadas a Programas de Saneamento Básico - Principal; Arrecadações; SECRETARIA DE ADMINISTRAÇÃO E FINANÇAS; SECRETARIA DE ADMINISTRAÇÃO E FINANÇAS; SECRETARIA DE ADMINISTRAÇÃO E FINANÇAS; R$ 321.330,00; R$ 321.330,00; R$ 0,00; R$ 0,00; R$ 0,00; R$ 0,00; R$ 321.330,00; 0.0
 17299901030100; Outras Transf. do Estado E. Imp.- Genérica; Receitas Correntes; Transferências Correntes; Transferências dos Estados e do Distrito Federal e de suas Entidades; Outras Transferências dos Estados e DF - Principal; Outras Transferências dos Estados e Distrito Federal; Outras Transferências dos Estados e DF; ; Outras Transferências dos Estados e Distrito Federal; Outras Transferências dos Estados e DF; Não se aplica; Outras Transf. do Estado E. Imp.- Genérica; Arrecadações; SECRETARIA DE ADMINISTRAÇÃO E FINANÇAS; SECRETARIA DE ADMINISTRAÇÃO E FINANÇAS; SECRETARIA DE ADMINISTRAÇÃO E FINANÇAS; R$ 1.620.000,00; R$ 1.620.000,00; R$ 0,00; R$ 0,00; R$ 0,00; R$ 0,00; R$ 1.620.000,00; 0.0
 17149901010000; Outras Transf. Direta do FNDE - Brasil Carinhoso; Receitas Correntes; Transferências Correntes; Transferências da União e de suas Entidades; Outras Transferências Diretas do Fundo Nacional do Desenvolvimento da Educação - FNDE - Principal; Transferências de Recursos do Fundo Nacional do Desenvolvimento da Educação – FNDE? ; Outras Transferências Diretas do Fundo Nacional do Desenvolvimento da Educação - FNDE; ; Transferências de Recursos do Fundo Nacional do Desenvolvimento da Educação – FNDE? ; Outras Transferências Diretas do Fundo Nacional do Desenvolvimento da Educação - FNDE; Não se aplica; Outras Transf. Direta do FNDE - Brasil Carinhoso; Arrecadações; SECRETARIA DE EDUCAÇÃO; DIRETORIA DE ENSINO; SECRETARIA DE EDUCAÇÃO; R$ 1.439,00; R$ 1.439,00; R$ 0,00; R$ 0,00; R$ 0,00; R$ 0,00; R$ 1.439,00; 0.0
 24145101000000; Transferências de Convênios da União destinadas a Programas de Educação - Principal; Receitas de Capital; Transferências de Capital; Transferências da União e de suas Entidades; Transferências de Convênios da União destinadas a Programas de Educação - Principal; Transferências de Convênios da União e de suas Entidades ; Transferências de Convênios da União destinadas a Programas de Educação; ; Transferências de Convênios da União e de suas Entidades ; Transferências de Convênios da União destinadas a Programas de Educação; Não se aplica; Transferências de Convênios da União destinadas a Programas de Educação - Principal; Arrecadações; SECRETARIA DE ADMINISTRAÇÃO E FINANÇAS; SECRETARIA DE ADMINISTRAÇÃO E FINANÇAS; SECRETARIA DE ADMINISTRAÇÃO E FINANÇAS; R$ 733.000,00; R$ 733.000,00; R$ 0,00; R$ 0,00; R$ 0,00; R$ 0,00; R$ 733.000,00; 0.0
 24149901000000; Outras Transferências de Convênios da União e de Suas Entidades - Principal; Receitas de Capital; Transferências de Capital; Transferências da União e de suas Entidades; Outras Transferências de Convênios da União e de Suas Entidades - Principal; Transferências de Convênios da União e de suas Entidades ; Outras Transferências de Convênios da União e de Suas Entidades; ; Transferências de Convênios da União e de suas Entidades ; Outras Transferências de Convênios da União e de Suas Entidades; Não se aplica; Outras Transferências de Convênios da União e de Suas Entidades - Principal; Arrecadações; SECRETARIA DE ADMINISTRAÇÃO E FINANÇAS; SECRETARIA DE ADMINISTRAÇÃO E FINANÇAS; SECRETARIA DE ADMINISTRAÇÃO E FINANÇAS; R$ 4.182.607,50; R$ 4.182.607,50; R$ 0,00; R$ 0,00; R$ 0,00; R$ 0,00; R$ 4.182.607,50; 0.0
 12415001000000; Contribuição para o Custeio do Serviço de Iluminação Pública - Principal; Receitas Correntes; Contribuições; Contribuição para o Custeio do Serviço de Iluminação Pública; Contribuição para o Custeio do Serviço de Iluminação Pública - Principal; Contribuição para o Custeio do Serviço de Iluminação Pública; Contribuição para o Custeio do Serviço de Iluminação Pública; ; Contribuição para o Custeio do Serviço de Iluminação Pública; Contribuição para o Custeio do Serviço de Iluminação Pública; Não se aplica; Contribuição para o Custeio do Serviço de Iluminação Pública - Principal; Arrecadações; SECRETARIA DE ADMINISTRAÇÃO E FINANÇAS; SECRETARIA DE ADMINISTRAÇÃO E FINANÇAS; SECRETARIA DE ADMINISTRAÇÃO E FINANÇAS; R$ 3.064.640,00; R$ 3.064.640,00; R$ 0,00; R$ 0,00; R$ 218.983,00; R$ 218.983,00; R$ 3.064.640,00; 7.15
 11130341010000; IRRF - Pessoa Jurídica; Receitas Correntes; Impostos, Taxas e Contribuições de Melhoria; Impostos; Imposto sobre a Renda - Retido na Fonte - Outros Rendimentos - Principal; Impostos sobre a Renda e Proventos de Qualquer Natureza; Imposto sobre a Renda - Retido na Fonte; Imposto sobre a Renda - Retido na Fonte - Outros Rendimentos; Impostos sobre a Renda e Proventos de Qualquer Natureza; Imposto sobre a Renda - Retido na Fonte; Imposto sobre a Renda - Retido na Fonte - Outros Rendimentos; IRRF - Pessoa Jurídica; Arrecadações; SECRETARIA DE ADMINISTRAÇÃO E FINANÇAS; SECRETARIA DE ADMINISTRAÇÃO E FINANÇAS; SECRETARIA DE ADMINISTRAÇÃO E FINANÇAS; R$ 0,00; R$ 0,00; R$ 0,00; R$ 0,00; R$ 525,56; R$ 525,56; R$ 0,00; 0.0
 12415001000000; Contribuição para o Custeio do Serviço de Iluminação Pública - Principal; Receitas Correntes; Contribuições; Contribuição para o Custeio do Serviço de Iluminação Pública; Contribuição para o Custeio do Serviço de Iluminação Pública - Principal; Contribuição para o Custeio do Serviço de Iluminação Pública; Contribuição para o Custeio do Serviço de Iluminação Pública; ; Contribuição para o Custeio do Serviço de Iluminação Pública; Contribuição para o Custeio do Serviço de Iluminação Pública; Não se aplica; Contribuição para o Custeio do Serviço de Iluminação Pública - Principal; Arrecadações; SECRETARIA DE ADMINISTRAÇÃO E FINANÇAS; SECRETARIA DE ADMINISTRAÇÃO E FINANÇAS; SECRETARIA DE ADMINISTRAÇÃO E FINANÇAS; R$ 0,00; R$ 0,00; R$ 0,00; R$ 0,00; R$ 242.234,85; R$ 461.217,85; R$ 0,00; 0.0
 11130341010000; IRRF - Pessoa Jurídica; Receitas Correntes; Impostos, Taxas e Contribuições de Melhoria; Impostos; Imposto sobre a Renda - Retido na Fonte - Outros Rendimentos - Principal; Impostos sobre a Renda e Proventos de Qualquer Natureza; Imposto sobre a Renda - Retido na Fonte; Imposto sobre a Renda - Retido na Fonte - Outros Rendimentos; Impostos sobre a Renda e Proventos de Qualquer Natureza; Imposto sobre a Renda - Retido na Fonte; Imposto sobre a Renda - Retido na Fonte - Outros Rendimentos; IRRF - Pessoa Jurídica; Arrecadações; SECRETARIA DE ADMINISTRAÇÃO E FINANÇAS; SECRETARIA DE ADMINISTRAÇÃO E FINANÇAS; SECRETARIA DE ADMINISTRAÇÃO E FINANÇAS; R$ 0,00; R$ 0,00; R$ 0,00; R$ 0,00; R$ 581,36; R$ 1.106,92; R$ 0,00; 0.0
 12415001000000; Contribuição para o Custeio do Serviço de Iluminação Pública - Principal; Receitas Correntes; Contribuições; Contribuição para o Custeio do Serviço de Iluminação Pública; Contribuição para o Custeio do Serviço de Iluminação Pública - Principal; Contribuição para o Custeio do Serviço de Iluminação Pública; Contribuição para o Custeio do Serviço de Iluminação Pública; ; Contribuição para o Custeio do Serviço de Iluminação Pública; Contribuição para o Custeio do Serviço de Iluminação Pública; Não se aplica; Contribuição para o Custeio do Serviço de Iluminação Pública - Principal; Arrecadações; SECRETARIA DE ADMINISTRAÇÃO E FINANÇAS; SECRETARIA DE ADMINISTRAÇÃO E FINANÇAS; SECRETARIA DE ADMINISTRAÇÃO E FINANÇAS; R$ 0,00; R$ 0,00; R$ 0,00; R$ 0,00; R$ 239.074,06; R$ 700.291,91; R$ 0,00; 0.0
 11130341010000; IRRF - Pessoa Jurídica; Receitas Correntes; Impostos, Taxas e Contribuições de Melhoria; Impostos; Imposto sobre a Renda - Retido na Fonte - Outros Rendimentos - Principal; Impostos sobre a Renda e Proventos de Qualquer Natureza; Imposto sobre a Renda - Retido na Fonte; Imposto sobre a Renda - Retido na Fonte - Outros Rendimentos; Impostos sobre a Renda e Proventos de Qualquer Natureza; Imposto sobre a Renda - Retido na Fonte; Imposto sobre a Renda - Retido na Fonte - Outros Rendimentos; IRRF - Pessoa Jurídica; Arrecadações; SECRETARIA DE ADMINISTRAÇÃO E FINANÇAS; SECRETARIA DE ADMINISTRAÇÃO E FINANÇAS; SECRETARIA DE ADMINISTRAÇÃO E FINANÇAS; R$ 0,00; R$ 0,00; R$ 0,00; R$ 0,00; R$ 573,78; R$ 1.680,70; R$ 0,00; 0.0
 11130341010000; IRRF - Pessoa Jurídica; Receitas Correntes; Impostos, Taxas e Contribuições de Melhoria; Impostos; Imposto sobre a Renda - Retido na Fonte - Outros Rendimentos - Principal; Impostos sobre a Renda e Proventos de Qualquer Natureza; Imposto sobre a Renda - Retido na Fonte; Imposto sobre a Renda - Retido na Fonte - Outros Rendimentos; Impostos sobre a Renda e Proventos de Qualquer Natureza; Imposto sobre a Renda - Retido na Fonte; Imposto sobre a Renda - Retido na Fonte - Outros Rendimentos; IRRF - Pessoa Jurídica; Arrecadações; SECRETARIA DE ADMINISTRAÇÃO E FINANÇAS; SECRETARIA DE ADMINISTRAÇÃO E FINANÇAS; SECRETARIA DE ADMINISTRAÇÃO E FINANÇAS; R$ 0,00; R$ 0,00; R$ 0,00; R$ 0,00; R$ 632,98; R$ 2.313,68; R$ 0,00; 0.0
 12415001000000; Contribuição para o Custeio do Serviço de Iluminação Pública - Principal; Receitas Correntes; Contribuições; Contribuição para o Custeio do Serviço de Iluminação Pública; Contribuição para o Custeio do Serviço de Iluminação Pública - Principal; Contribuição para o Custeio do Serviço de Iluminação Pública; Contribuição para o Custeio do Serviço de Iluminação Pública; ; Contribuição para o Custeio do Serviço de Iluminação Pública; Contribuição para o Custeio do Serviço de Iluminação Pública; Não se aplica; Contribuição para o Custeio do Serviço de Iluminação Pública - Principal; Arrecadações; SECRETARIA DE ADMINISTRAÇÃO E FINANÇAS; SECRETARIA DE ADMINISTRAÇÃO E FINANÇAS; SECRETARIA DE ADMINISTRAÇÃO E FINANÇAS; R$ 0,00; R$ 0,00; R$ 0,00; R$ 0,00; R$ 263.740,21; R$ 964.032,12; R$ 0,00; 0.0
 11130341010000; IRRF - Pessoa Jurídica; Receitas Correntes; Impostos, Taxas e Contribuições de Melhoria; Impostos; Imposto sobre a Renda - Retido na Fonte - Outros Rendimentos - Principal; Impostos sobre a Renda e Proventos de Qualquer Natureza; Imposto sobre a Renda - Retido na Fonte; Imposto sobre a Renda - Retido na Fonte - Outros Rendimentos; Impostos sobre a Renda e Proventos de Qualquer Natureza; Imposto sobre a Renda - Retido na Fonte; Imposto sobre a Renda - Retido na Fonte - Outros Rendimentos; IRRF - Pessoa Jurídica; Arrecadações; SECRETARIA DE ADMINISTRAÇÃO E FINANÇAS; SECRETARIA DE ADMINISTRAÇÃO E FINANÇAS; SECRETARIA DE ADMINISTRAÇÃO E FINANÇAS; R$ 0,00; R$ 0,00; R$ 0,00; R$ 0,00; R$ 556,23; R$ 2.869,91; R$ 0,00; 0.0
 12415001000000; Contribuição para o Custeio do Serviço de Iluminação Pública - Principal; Receitas Correntes; Contribuições; Contribuição para o Custeio do Serviço de Iluminação Pública; Contribuição para o Custeio do Serviço de Iluminação Pública - Principal; Contribuição para o Custeio do Serviço de Iluminação Pública; Contribuição para o Custeio do Serviço de Iluminação Pública; ; Contribuição para o Custeio do Serviço de Iluminação Pública; Contribuição para o Custeio do Serviço de Iluminação Pública; Não se aplica; Contribuição para o Custeio do Serviço de Iluminação Pública - Principal; Arrecadações; SECRETARIA DE ADMINISTRAÇÃO E FINANÇAS; SECRETARIA DE ADMINISTRAÇÃO E FINANÇAS; SECRETARIA DE ADMINISTRAÇÃO E FINANÇAS; R$ 0,00; R$ 0,00; R$ 0,00; R$ 0,00; R$ 231.764,61; R$ 1.195.796,73; R$ 0,00; 0.0
 12415001000000; Contribuição para o Custeio do Serviço de Iluminação Pública - Principal; Receitas Correntes; Contribuições; Contribuição para o Custeio do Serviço de Iluminação Pública; Contribuição para o Custeio do Serviço de Iluminação Pública - Principal; Contribuição para o Custeio do Serviço de Iluminação Pública; Contribuição para o Custeio do Serviço de Iluminação Pública; ; Contribuição para o Custeio do Serviço de Iluminação Pública; Contribuição para o Custeio do Serviço de Iluminação Pública; Não se aplica; Contribuição para o Custeio do Serviço de Iluminação Pública - Principal; Arrecadações; SECRETARIA DE ADMINISTRAÇÃO E FINANÇAS; SECRETARIA DE ADMINISTRAÇÃO E FINANÇAS; SECRETARIA DE ADMINISTRAÇÃO E FINANÇAS; R$ 0,00; R$ 0,00; R$ 0,00; R$ 0,00; R$ 228.705,74; R$ 1.424.502,47; R$ 0,00; 0.0
 11130341010000; IRRF - Pessoa Jurídica; Receitas Correntes; Impostos, Taxas e Contribuições de Melhoria; Impostos; Imposto sobre a Renda - Retido na Fonte - Outros Rendimentos - Principal; Impostos sobre a Renda e Proventos de Qualquer Natureza; Imposto sobre a Renda - Retido na Fonte; Imposto sobre a Renda - Retido na Fonte - Outros Rendimentos; Impostos sobre a Renda e Proventos de Qualquer Natureza; Imposto sobre a Renda - Retido na Fonte; Imposto sobre a Renda - Retido na Fonte - Outros Rendimentos; IRRF - Pessoa Jurídica; Arrecadações; SECRETARIA DE ADMINISTRAÇÃO E FINANÇAS; SECRETARIA DE ADMINISTRAÇÃO E FINANÇAS; SECRETARIA DE ADMINISTRAÇÃO E FINANÇAS; R$ 0,00; R$ 0,00; R$ 0,00; R$ 0,00; R$ 548,89; R$ 3.418,80; R$ 0,00; 0.0
 12415001000000; Contribuição para o Custeio do Serviço de Iluminação Pública - Principal; Receitas Correntes; Contribuições; Contribuição para o Custeio do Serviço de Iluminação Pública; Contribuição para o Custeio do Serviço de Iluminação Pública - Principal; Contribuição para o Custeio do Serviço de Iluminação Pública; Contribuição para o Custeio do Serviço de Iluminação Pública; ; Contribuição para o Custeio do Serviço de Iluminação Pública; Contribuição para o Custeio do Serviço de Iluminação Pública; Não se aplica; Contribuição para o Custeio do Serviço de Iluminação Pública - Principal; Arrecadações; SECRETARIA DE ADMINISTRAÇÃO E FINANÇAS; SECRETARIA DE ADMINISTRAÇÃO E FINANÇAS; SECRETARIA DE ADMINISTRAÇÃO E FINANÇAS; R$ 0,00; R$ 0,00; R$ 0,00; R$ 0,00; R$ 218.458,62; R$ 1.642.961,09; R$ 0,00; 0.0
 11130341010000; IRRF - Pessoa Jurídica; Receitas Correntes; Impostos, Taxas e Contribuições de Melhoria; Impostos; Imposto sobre a Renda - Retido na Fonte - Outros Rendimentos - Principal; Impostos sobre a Renda e Proventos de Qualquer Natureza; Imposto sobre a Renda - Retido na Fonte; Imposto sobre a Renda - Retido na Fonte - Outros Rendimentos; Impostos sobre a Renda e Proventos de Qualquer Natureza; Imposto sobre a Renda - Retido na Fonte; Imposto sobre a Renda - Retido na Fonte - Outros Rendimentos; IRRF - Pessoa Jurídica; Arrecadações; SECRETARIA DE ADMINISTRAÇÃO E FINANÇAS; SECRETARIA DE ADMINISTRAÇÃO E FINANÇAS; SECRETARIA DE ADMINISTRAÇÃO E FINANÇAS; R$ 0,00; R$ 0,00; R$ 0,00; R$ 0,00; R$ 550,50; R$ 3.969,30; R$ 0,00; 0.0
 12415001000000; Contribuição para o Custeio do Serviço de Iluminação Pública - Principal; Receitas Correntes; Contribuições; Contribuição para o Custeio do Serviço de Iluminação Pública; Contribuição para o Custeio do Serviço de Iluminação Pública - Principal; Contribuição para o Custeio do Serviço de Iluminação Pública; Contribuição para o Custeio do Serviço de Iluminação Pública; ; Contribuição para o Custeio do Serviço de Iluminação Pública; Contribuição para o Custeio do Serviço de Iluminação Pública; Não se aplica; Contribuição para o Custeio do Serviço de Iluminação Pública - Principal; Arrecadações; SECRETARIA DE ADMINISTRAÇÃO E FINANÇAS; SECRETARIA DE ADMINISTRAÇÃO E FINANÇAS; SECRETARIA DE ADMINISTRAÇÃO E FINANÇAS; R$ 0,00; R$ 0,00; R$ 0,00; R$ 0,00; R$ 222.604,45; R$ 1.865.565,54; R$ 0,00; 0.0
 11130341010000; IRRF - Pessoa Jurídica; Receitas Correntes; Impostos, Taxas e Contribuições de Melhoria; Impostos; Imposto sobre a Renda - Retido na Fonte - Outros Rendimentos - Principal; Impostos sobre a Renda e Proventos de Qualquer Natureza; Imposto sobre a Renda - Retido na Fonte; Imposto sobre a Renda - Retido na Fonte - Outros Rendimentos; Impostos sobre a Renda e Proventos de Qualquer Natureza; Imposto sobre a Renda - Retido na Fonte; Imposto sobre a Renda - Retido na Fonte - Outros Rendimentos; IRRF - Pessoa Jurídica; Arrecadações; SECRETARIA DE ADMINISTRAÇÃO E FINANÇAS; SECRETARIA DE ADMINISTRAÇÃO E FINANÇAS; SECRETARIA DE ADMINISTRAÇÃO E FINANÇAS; R$ 0,00; R$ 0,00; R$ 0,00; R$ 0,00; R$ 32.227,15; R$ 36.196,45; R$ 0,00; 0.0
 11130341010000; IRRF - Pessoa Jurídica; Receitas Correntes; Impostos, Taxas e Contribuições de Melhoria; Impostos; Imposto sobre a Renda - Retido na Fonte - Outros Rendimentos - Principal; Impostos sobre a Renda e Proventos de Qualquer Natureza; Imposto sobre a Renda - Retido na Fonte; Imposto sobre a Renda - Retido na Fonte - Outros Rendimentos; Impostos sobre a Renda e Proventos de Qualquer Natureza; Imposto sobre a Renda - Retido na Fonte; Imposto sobre a Renda - Retido na Fonte - Outros Rendimentos; IRRF - Pessoa Jurídica; Arrecadações; SECRETARIA DE ADMINISTRAÇÃO E FINANÇAS; SECRETARIA DE ADMINISTRAÇÃO E FINANÇAS; SECRETARIA DE ADMINISTRAÇÃO E FINANÇAS; R$ 0,00; R$ 0,00; R$ 0,00; R$ 0,00; R$ 548,34; R$ 36.744,79; R$ 0,00; 0.0
 12415001000000; Contribuição para o Custeio do Serviço de Iluminação Pública - Principal; Receitas Correntes; Contribuições; Contribuição para o Custeio do Serviço de Iluminação Pública; Contribuição para o Custeio do Serviço de Iluminação Pública - Principal; Contribuição para o Custeio do Serviço de Iluminação Pública; Contribuição para o Custeio do Serviço de Iluminação Pública; ; Contribuição para o Custeio do Serviço de Iluminação Pública; Contribuição para o Custeio do Serviço de Iluminação Pública; Não se aplica; Contribuição para o Custeio do Serviço de Iluminação Pública - Principal; Arrecadações; SECRETARIA DE ADMINISTRAÇÃO E FINANÇAS; SECRETARIA DE ADMINISTRAÇÃO E FINANÇAS; SECRETARIA DE ADMINISTRAÇÃO E FINANÇAS; R$ 0,00; R$ 0,00; R$ 0,00; R$ 0,00; R$ 228.472,97; R$ 2.094.038,51; R$ 0,00; 0.0
 11130341010000; IRRF - Pessoa Jurídica; Receitas Correntes; Impostos, Taxas e Contribuições de Melhoria; Impostos; Imposto sobre a Renda - Retido na Fonte - Outros Rendimentos - Principal; Impostos sobre a Renda e Proventos de Qualquer Natureza; Imposto sobre a Renda - Retido na Fonte; Imposto sobre a Renda - Retido na Fonte - Outros Rendimentos; Impostos sobre a Renda e Proventos de Qualquer Natureza; Imposto sobre a Renda - Retido na Fonte; Imposto sobre a Renda - Retido na Fonte - Outros Rendimentos; IRRF - Pessoa Jurídica; Arrecadações; SECRETARIA DE ADMINISTRAÇÃO E FINANÇAS; SECRETARIA DE ADMINISTRAÇÃO E FINANÇAS; SECRETARIA DE ADMINISTRAÇÃO E FINANÇAS; R$ 0,00; R$ 0,00; R$ 0,00; R$ 0,00; R$ 8,22; R$ 36.753,01; R$ 0,00; 0.0
 12415001000000; Contribuição para o Custeio do Serviço de Iluminação Pública - Principal; Receitas Correntes; Contribuições; Contribuição para o Custeio do Serviço de Iluminação Pública; Contribuição para o Custeio do Serviço de Iluminação Pública - Principal; Contribuição para o Custeio do Serviço de Iluminação Pública; Contribuição para o Custeio do Serviço de Iluminação Pública; ; Contribuição para o Custeio do Serviço de Iluminação Pública; Contribuição para o Custeio do Serviço de Iluminação Pública; Não se aplica; Contribuição para o Custeio do Serviço de Iluminação Pública - Principal; Arrecadações; SECRETARIA DE ADMINISTRAÇÃO E FINANÇAS; SECRETARIA DE ADMINISTRAÇÃO E FINANÇAS; SECRETARIA DE ADMINISTRAÇÃO E FINANÇAS; R$ 0,00; R$ 0,00; R$ 0,00; R$ 0,00; R$ 208.126,28; R$ 2.302.164,79; R$ 0,00; 0.0
 12415001000000; Contribuição para o Custeio do Serviço de Iluminação Pública - Principal; Receitas Correntes; Contribuições; Contribuição para o Custeio do Serviço de Iluminação Pública; Contribuição para o Custeio do Serviço de Iluminação Pública - Principal; Contribuição para o Custeio do Serviço de Iluminação Pública; Contribuição para o Custeio do Serviço de Iluminação Pública; ; Contribuição para o Custeio do Serviço de Iluminação Pública; Contribuição para o Custeio do Serviço de Iluminação Pública; Não se aplica; Contribuição para o Custeio do Serviço de Iluminação Pública - Principal; Arrecadações; SECRETARIA DE ADMINISTRAÇÃO E FINANÇAS; SECRETARIA DE ADMINISTRAÇÃO E FINANÇAS; SECRETARIA DE ADMINISTRAÇÃO E FINANÇAS; R$ 0,00; R$ 0,00; R$ 0,00; R$ 0,00; R$ 214.648,20; R$ 2.516.812,99; R$ 0,00; 0.0
 11130341010000; IRRF - Pessoa Jurídica; Receitas Correntes; Impostos, Taxas e Contribuições de Melhoria; Impostos; Imposto sobre a Renda - Retido na Fonte - Outros Rendimentos - Principal; Impostos sobre a Renda e Proventos de Qualquer Natureza; Imposto sobre a Renda - Retido na Fonte; Imposto sobre a Renda - Retido na Fonte - Outros Rendimentos; Impostos sobre a Renda e Proventos de Qualquer Natureza; Imposto sobre a Renda - Retido na Fonte; Imposto sobre a Renda - Retido na Fonte - Outros Rendimentos; IRRF - Pessoa Jurídica; Arrecadações; SECRETARIA DE ADMINISTRAÇÃO E FINANÇAS; SECRETARIA DE ADMINISTRAÇÃO E FINANÇAS; SECRETARIA DE ADMINISTRAÇÃO E FINANÇAS; R$ 0,00; R$ 0,00; R$ 0,00; R$ 0,00; R$ 24.189,68; R$ 60.942,69; R$ 0,00; 0.0
 11130341010000; IRRF - Pessoa Jurídica; Receitas Correntes; Impostos, Taxas e Contribuições de Melhoria; Impostos; Imposto sobre a Renda - Retido na Fonte - Outros Rendimentos - Principal; Impostos sobre a Renda e Proventos de Qualquer Natureza; Imposto sobre a Renda - Retido na Fonte; Imposto sobre a Renda - Retido na Fonte - Outros Rendimentos; Impostos sobre a Renda e Proventos de Qualquer Natureza; Imposto sobre a Renda - Retido na Fonte; Imposto sobre a Renda - Retido na Fonte - Outros Rendimentos; IRRF - Pessoa Jurídica; Arrecadações; SECRETARIA DE ADMINISTRAÇÃO E FINANÇAS; SECRETARIA DE ADMINISTRAÇÃO E FINANÇAS; SECRETARIA DE ADMINISTRAÇÃO E FINANÇAS; R$ 0,00; R$ 0,00; R$ 0,00; R$ 0,00; R$ 244.722,09; R$ 305.664,78; R$ 0,00; 0.0
 12415001000000; Contribuição para o Custeio do Serviço de Iluminação Pública - Principal; Receitas Correntes; Contribuições; Contribuição para o Custeio do Serviço de Iluminação Pública; Contribuição para o Custeio do Serviço de Iluminação Pública - Principal; Contribuição para o Custeio do Serviço de Iluminação Pública; Contribuição para o Custeio do Serviço de Iluminação Pública; ; Contribuição para o Custeio do Serviço de Iluminação Pública; Contribuição para o Custeio do Serviço de Iluminação Pública; Não se aplica; Contribuição para o Custeio do Serviço de Iluminação Pública - Principal; Arrecadações; SECRETARIA DE ADMINISTRAÇÃO E FINANÇAS; SECRETARIA DE ADMINISTRAÇÃO E FINANÇAS; SECRETARIA DE ADMINISTRAÇÃO E FINANÇAS; R$ 0,00; R$ 0,00; R$ 0,00; R$ 0,00; R$ 265.573,94; R$ 2.782.386,93; R$ 0,00; 0.0
 13210101019918; Remun. Dep. Banc. Transf. União Sec. Prot. e Defesa Civil - Ajuda Humanitária; Receitas Correntes; Receita Patrimonial; Valores Mobiliários; Remuneração de Depósitos Bancários - Principal; Juros e Correções Monetárias; Remuneração de Depósitos Bancários; ; Juros e Correções Monetárias; Remuneração de Depósitos Bancários; Não se aplica; Remun. Dep. Banc. Transf. União Sec. Prot. e Defesa Civil - Ajuda Humanitária; Arrecadações; SECRETARIA DE ADMINISTRAÇÃO E FINANÇAS; SECRETARIA DE ADMINISTRAÇÃO E FINANÇAS; SECRETARIA DE ADMINISTRAÇÃO E FINANÇAS; R$ 0,00; R$ 0,00; R$ 0,00; R$ 0,00; R$ 220,74; R$ 220,74; R$ 0,00; 0.0
 13210101010202; Rec. de Remun. Dep. Banc/Vinculados- Recursos do FNDE/PNATE; Receitas Correntes; Receita Patrimonial; Valores Mobiliários; Remuneração de Depósitos Bancários - Principal; Juros e Correções Monetárias; Remuneração de Depósitos Bancários; ; Juros e Correções Monetárias; Remuneração de Depósitos Bancários; Não se aplica; Rec. de Remun. Dep. Banc/Vinculados- Recursos do FNDE/PNATE; Arrecadações; SECRETARIA DE EDUCAÇÃO; DIRETORIA DE ENSINO; SECRETARIA DE EDUCAÇÃO; R$ 0,00; R$ 0,00; R$ 0,00; R$ 0,00; R$ 222,49; R$ 222,49; R$ 0,00; 0.0
 11125003000000; Imposto sobre a Propriedade Predial e Territorial Urbana - Dívida Ativa; Receitas Correntes; Impostos, Taxas e Contribuições de Melhoria; Impostos; Imposto sobre a Propriedade Predial e Territorial Urbana - Dívida Ativa; Impostos sobre o Patrimônio; Imposto sobre a Propriedade Predial e Territorial Urbana; ; Impostos sobre o Patrimônio; Imposto sobre a Propriedade Predial e Territorial Urbana; Não se aplica; Imposto sobre a Propriedade Predial e Territorial Urbana - Dívida Ativa; Arrecadações; SECRETARIA DE ADMINISTRAÇÃO E FINANÇAS; SECRETARIA DE ADMINISTRAÇÃO E FINANÇAS; SECRETARIA DE ADMINISTRAÇÃO E FINANÇAS; R$ 3.332.865,00; R$ 3.332.865,00; R$ 0,00; R$ 0,00; R$ 183.841,60; R$ 183.841,60; R$ 3.332.865,00; 5.52
 13210101019918; Remun. Dep. Banc. Transf. União Sec. Prot. e Defesa Civil - Ajuda Humanitária; Receitas Correntes; Receita Patrimonial; Valores Mobiliários; Remuneração de Depósitos Bancários - Principal; Juros e Correções Monetárias; Remuneração de Depósitos Bancários; ; Juros e Correções Monetárias; Remuneração de Depósitos Bancários; Não se aplica; Remun. Dep. Banc. Transf. União Sec. Prot. e Defesa Civil - Ajuda Humanitária; Arrecadações; SECRETARIA DE ADMINISTRAÇÃO E FINANÇAS; SECRETARIA DE ADMINISTRAÇÃO E FINANÇAS; SECRETARIA DE ADMINISTRAÇÃO E FINANÇAS; R$ 0,00; R$ 0,00; R$ 0,00; R$ 0,00; R$ 182,79; R$ 403,53; R$ 0,00; 0.0
 11125003000000; Imposto sobre a Propriedade Predial e Territorial Urbana - Dívida Ativa; Receitas Correntes; Impostos, Taxas e Contribuições de Melhoria; Impostos; Imposto sobre a Propriedade Predial e Territorial Urbana - Dívida Ativa; Impostos sobre o Patrimônio; Imposto sobre a Propriedade Predial e Territorial Urbana; ; Impostos sobre o Patrimônio; Imposto sobre a Propriedade Predial e Territorial Urbana; Não se aplica; Imposto sobre a Propriedade Predial e Territorial Urbana - Dívida Ativa; Arrecadações; SECRETARIA DE ADMINISTRAÇÃO E FINANÇAS; SECRETARIA DE ADMINISTRAÇÃO E FINANÇAS; SECRETARIA DE ADMINISTRAÇÃO E FINANÇAS; R$ 0,00; R$ 0,00; R$ 0,00; R$ 0,00; R$ 281.446,84; R$ 465.288,44; R$ 0,00; 0.0
 13210101010202; Rec. de Remun. Dep. Banc/Vinculados- Recursos do FNDE/PNATE; Receitas Correntes; Receita Patrimonial; Valores Mobiliários; Remuneração de Depósitos Bancários - Principal; Juros e Correções Monetárias; Remuneração de Depósitos Bancários; ; Juros e Correções Monetárias; Remuneração de Depósitos Bancários; Não se aplica; Rec. de Remun. Dep. Banc/Vinculados- Recursos do FNDE/PNATE; Arrecadações; SECRETARIA DE EDUCAÇÃO; DIRETORIA DE ENSINO; SECRETARIA DE EDUCAÇÃO; R$ 0,00; R$ 0,00; R$ 0,00; R$ 0,00; R$ 184,25; R$ 406,74; R$ 0,00; 0.0
 13210101019918; Remun. Dep. Banc. Transf. União Sec. Prot. e Defesa Civil - Ajuda Humanitária; Receitas Correntes; Receita Patrimonial; Valores Mobiliários; Remuneração de Depósitos Bancários - Principal; Juros e Correções Monetárias; Remuneração de Depósitos Bancários; ; Juros e Correções Monetárias; Remuneração de Depósitos Bancários; Não se aplica; Remun. Dep. Banc. Transf. União Sec. Prot. e Defesa Civil - Ajuda Humanitária; Arrecadações; SECRETARIA DE ADMINISTRAÇÃO E FINANÇAS; SECRETARIA DE ADMINISTRAÇÃO E FINANÇAS; SECRETARIA DE ADMINISTRAÇÃO E FINANÇAS; R$ 0,00; R$ 0,00; R$ 0,00; R$ 0,00; R$ 189,45; R$ 592,98; R$ 0,00; 0.0
 11125003000000; Imposto sobre a Propriedade Predial e Territorial Urbana - Dívida Ativa; Receitas Correntes; Impostos, Taxas e Contribuições de Melhoria; Impostos; Imposto sobre a Propriedade Predial e Territorial Urbana - Dívida Ativa; Impostos sobre o Patrimônio; Imposto sobre a Propriedade Predial e Territorial Urbana; ; Impostos sobre o Patrimônio; Imposto sobre a Propriedade Predial e Territorial Urbana; Não se aplica; Imposto sobre a Propriedade Predial e Territorial Urbana - Dívida Ativa; Arrecadações; SECRETARIA DE ADMINISTRAÇÃO E FINANÇAS; SECRETARIA DE ADMINISTRAÇÃO E FINANÇAS; SECRETARIA DE ADMINISTRAÇÃO E FINANÇAS; R$ 0,00; R$ 0,00; R$ 0,00; R$ 0,00; R$ 142.849,41; R$ 608.137,85; R$ 0,00; 0.0
 13210101010202; Rec. de Remun. Dep. Banc/Vinculados- Recursos do FNDE/PNATE; Receitas Correntes; Receita Patrimonial; Valores Mobiliários; Remuneração de Depósitos Bancários - Principal; Juros e Correções Monetárias; Remuneração de Depósitos Bancários; ; Juros e Correções Monetárias; Remuneração de Depósitos Bancários; Não se aplica; Rec. de Remun. Dep. Banc/Vinculados- Recursos do FNDE/PNATE; Arrecadações; SECRETARIA DE EDUCAÇÃO; DIRETORIA DE ENSINO; SECRETARIA DE EDUCAÇÃO; R$ 0,00; R$ 0,00; R$ 0,00; R$ 0,00; R$ 190,95; R$ 597,69; R$ 0,00; 0.0
 13210101010202; Rec. de Remun. Dep. Banc/Vinculados- Recursos do FNDE/PNATE; Receitas Correntes; Receita Patrimonial; Valores Mobiliários; Remuneração de Depósitos Bancários - Principal; Juros e Correções Monetárias; Remuneração de Depósitos Bancários; ; Juros e Correções Monetárias; Remuneração de Depósitos Bancários; Não se aplica; Rec. de Remun. Dep. Banc/Vinculados- Recursos do FNDE/PNATE; Arrecadações; SECRETARIA DE EDUCAÇÃO; DIRETORIA DE ENSINO; SECRETARIA DE EDUCAÇÃO; R$ 0,00; R$ 0,00; R$ 0,00; R$ 0,00; R$ 278,63; R$ 876,32; R$ 0,00; 0.0
 11125003000000; Imposto sobre a Propriedade Predial e Territorial Urbana - Dívida Ativa; Receitas Correntes; Impostos, Taxas e Contribuições de Melhoria; Impostos; Imposto sobre a Propriedade Predial e Territorial Urbana - Dívida Ativa; Impostos sobre o Patrimônio; Imposto sobre a Propriedade Predial e Territorial Urbana; ; Impostos sobre o Patrimônio; Imposto sobre a Propriedade Predial e Territorial Urbana; Não se aplica; Imposto sobre a Propriedade Predial e Territorial Urbana - Dívida Ativa; Arrecadações; SECRETARIA DE ADMINISTRAÇÃO E FINANÇAS; SECRETARIA DE ADMINISTRAÇÃO E FINANÇAS; SECRETARIA DE ADMINISTRAÇÃO E FINANÇAS; R$ 0,00; R$ 0,00; R$ 0,00; R$ 0,00; R$ 116.960,81; R$ 725.098,66; R$ 0,00; 0.0
 13210101019918; Remun. Dep. Banc. Transf. União Sec. Prot. e Defesa Civil - Ajuda Humanitária; Receitas Correntes; Receita Patrimonial; Valores Mobiliários; Remuneração de Depósitos Bancários - Principal; Juros e Correções Monetárias; Remuneração de Depósitos Bancários; ; Juros e Correções Monetárias; Remuneração de Depósitos Bancários; Não se aplica; Remun. Dep. Banc. Transf. União Sec. Prot. e Defesa Civil - Ajuda Humanitária; Arrecadações; SECRETARIA DE ADMINISTRAÇÃO E FINANÇAS; SECRETARIA DE ADMINISTRAÇÃO E FINANÇAS; SECRETARIA DE ADMINISTRAÇÃO E FINANÇAS; R$ 0,00; R$ 0,00; R$ 0,00; R$ 0,00; R$ 4.443,54; R$ 5.036,52; R$ 0,00; 0.0
 13210101019918; Remun. Dep. Banc. Transf. União Sec. Prot. e Defesa Civil - Ajuda Humanitária; Receitas Correntes; Receita Patrimonial; Valores Mobiliários; Remuneração de Depósitos Bancários - Principal; Juros e Correções Monetárias; Remuneração de Depósitos Bancários; ; Juros e Correções Monetárias; Remuneração de Depósitos Bancários; Não se aplica; Remun. Dep. Banc. Transf. União Sec. Prot. e Defesa Civil - Ajuda Humanitária; Arrecadações; SECRETARIA DE ADMINISTRAÇÃO E FINANÇAS; SECRETARIA DE ADMINISTRAÇÃO E FINANÇAS; SECRETARIA DE ADMINISTRAÇÃO E FINANÇAS; R$ 0,00; R$ 0,00; R$ 0,00; R$ 0,00; R$ 312,57; R$ 5.349,09; R$ 0,00; 0.0
 11125003000000; Imposto sobre a Propriedade Predial e Territorial Urbana - Dívida Ativa; Receitas Correntes; Impostos, Taxas e Contribuições de Melhoria; Impostos; Imposto sobre a Propriedade Predial e Territorial Urbana - Dívida Ativa; Impostos sobre o Patrimônio; Imposto sobre a Propriedade Predial e Territorial Urbana; ; Impostos sobre o Patrimônio; Imposto sobre a Propriedade Predial e Territorial Urbana; Não se aplica; Imposto sobre a Propriedade Predial e Territorial Urbana - Dívida Ativa; Arrecadações; SECRETARIA DE ADMINISTRAÇÃO E FINANÇAS; SECRETARIA DE ADMINISTRAÇÃO E FINANÇAS; SECRETARIA DE ADMINISTRAÇÃO E FINANÇAS; R$ 0,00; R$ 0,00; R$ 0,00; R$ 0,00; R$ 124.466,13; R$ 849.564,79; R$ 0,00; 0.0
 13210101010202; Rec. de Remun. Dep. Banc/Vinculados- Recursos do FNDE/PNATE; Receitas Correntes; Receita Patrimonial; Valores Mobiliários; Remuneração de Depósitos Bancários - Principal; Juros e Correções Monetárias; Remuneração de Depósitos Bancários; ; Juros e Correções Monetárias; Remuneração de Depósitos Bancários; Não se aplica; Rec. de Remun. Dep. Banc/Vinculados- Recursos do FNDE/PNATE; Arrecadações; SECRETARIA DE EDUCAÇÃO; DIRETORIA DE ENSINO; SECRETARIA DE EDUCAÇÃO; R$ 0,00; R$ 0,00; R$ 0,00; R$ 0,00; R$ 320,84; R$ 1.197,16; R$ 0,00; 0.0
 13210101010202; Rec. de Remun. Dep. Banc/Vinculados- Recursos do FNDE/PNATE; Receitas Correntes; Receita Patrimonial; Valores Mobiliários; Remuneração de Depósitos Bancários - Principal; Juros e Correções Monetárias; Remuneração de Depósitos Bancários; ; Juros e Correções Monetárias; Remuneração de Depósitos Bancários; Não se aplica; Rec. de Remun. Dep. Banc/Vinculados- Recursos do FNDE/PNATE; Arrecadações; SECRETARIA DE EDUCAÇÃO; DIRETORIA DE ENSINO; SECRETARIA DE EDUCAÇÃO; R$ 0,00; R$ 0,00; R$ 0,00; R$ 0,00; R$ 305,79; R$ 1.502,95; R$ 0,00; 0.0
 13210101019918; Remun. Dep. Banc. Transf. União Sec. Prot. e Defesa Civil - Ajuda Humanitária; Receitas Correntes; Receita Patrimonial; Valores Mobiliários; Remuneração de Depósitos Bancários - Principal; Juros e Correções Monetárias; Remuneração de Depósitos Bancários; ; Juros e Correções Monetárias; Remuneração de Depósitos Bancários; Não se aplica; Remun. Dep. Banc. Transf. União Sec. Prot. e Defesa Civil - Ajuda Humanitária; Arrecadações; SECRETARIA DE ADMINISTRAÇÃO E FINANÇAS; SECRETARIA DE ADMINISTRAÇÃO E FINANÇAS; SECRETARIA DE ADMINISTRAÇÃO E FINANÇAS; R$ 0,00; R$ 0,00; R$ 0,00; R$ 0,00; R$ 861,65; R$ 6.210,74; R$ 0,00; 0.0
 11125003000000; Imposto sobre a Propriedade Predial e Territorial Urbana - Dívida Ativa; Receitas Correntes; Impostos, Taxas e Contribuições de Melhoria; Impostos; Imposto sobre a Propriedade Predial e Territorial Urbana - Dívida Ativa; Impostos sobre o Patrimônio; Imposto sobre a Propriedade Predial e Territorial Urbana; ; Impostos sobre o Patrimônio; Imposto sobre a Propriedade Predial e Territorial Urbana; Não se aplica; Imposto sobre a Propriedade Predial e Territorial Urbana - Dívida Ativa; Arrecadações; SECRETARIA DE ADMINISTRAÇÃO E FINANÇAS; SECRETARIA DE ADMINISTRAÇÃO E FINANÇAS; SECRETARIA DE ADMINISTRAÇÃO E FINANÇAS; R$ 0,00; R$ 0,00; R$ 0,00; R$ 0,00; R$ 97.435,79; R$ 947.000,58; R$ 0,00; 0.0
 11125003000000; Imposto sobre a Propriedade Predial e Territorial Urbana - Dívida Ativa; Receitas Correntes; Impostos, Taxas e Contribuições de Melhoria; Impostos; Imposto sobre a Propriedade Predial e Territorial Urbana - Dívida Ativa; Impostos sobre o Patrimônio; Imposto sobre a Propriedade Predial e Territorial Urbana; ; Impostos sobre o Patrimônio; Imposto sobre a Propriedade Predial e Territorial Urbana; Não se aplica; Imposto sobre a Propriedade Predial e Territorial Urbana - Dívida Ativa; Arrecadações; SECRETARIA DE ADMINISTRAÇÃO E FINANÇAS; SECRETARIA DE ADMINISTRAÇÃO E FINANÇAS; SECRETARIA DE ADMINISTRAÇÃO E FINANÇAS; R$ 0,00; R$ 0,00; R$ 0,00; R$ 0,00; R$ 81.357,77; R$ 1.028.358,35; R$ 0,00; 0.0
 13210101010202; Rec. de Remun. Dep. Banc/Vinculados- Recursos do FNDE/PNATE; Receitas Correntes; Receita Patrimonial; Valores Mobiliários; Remuneração de Depósitos Bancários - Principal; Juros e Correções Monetárias; Remuneração de Depósitos Bancários; ; Juros e Correções Monetárias; Remuneração de Depósitos Bancários; Não se aplica; Rec. de Remun. Dep. Banc/Vinculados- Recursos do FNDE/PNATE; Arrecadações; SECRETARIA DE EDUCAÇÃO; DIRETORIA DE ENSINO; SECRETARIA DE EDUCAÇÃO; R$ 0,00; R$ 0,00; R$ 0,00; R$ 0,00; R$ 352,35; R$ 1.855,30; R$ 0,00; 0.0
 13210101019918; Remun. Dep. Banc. Transf. União Sec. Prot. e Defesa Civil - Ajuda Humanitária; Receitas Correntes; Receita Patrimonial; Valores Mobiliários; Remuneração de Depósitos Bancários - Principal; Juros e Correções Monetárias; Remuneração de Depósitos Bancários; ; Juros e Correções Monetárias; Remuneração de Depósitos Bancários; Não se aplica; Remun. Dep. Banc. Transf. União Sec. Prot. e Defesa Civil - Ajuda Humanitária; Arrecadações; SECRETARIA DE ADMINISTRAÇÃO E FINANÇAS; SECRETARIA DE ADMINISTRAÇÃO E FINANÇAS; SECRETARIA DE ADMINISTRAÇÃO E FINANÇAS; R$ 0,00; R$ 0,00; R$ 0,00; R$ 0,00; R$ -418,91; R$ 5.791,83; R$ 0,00; 0.0
 11125003000000; Imposto sobre a Propriedade Predial e Territorial Urbana - Dívida Ativa; Receitas Correntes; Impostos, Taxas e Contribuições de Melhoria; Impostos; Imposto sobre a Propriedade Predial e Territorial Urbana - Dívida Ativa; Impostos sobre o Patrimônio; Imposto sobre a Propriedade Predial e Territorial Urbana; ; Impostos sobre o Patrimônio; Imposto sobre a Propriedade Predial e Territorial Urbana; Não se aplica; Imposto sobre a Propriedade Predial e Territorial Urbana - Dívida Ativa; Arrecadações; SECRETARIA DE ADMINISTRAÇÃO E FINANÇAS; SECRETARIA DE ADMINISTRAÇÃO E FINANÇAS; SECRETARIA DE ADMINISTRAÇÃO E FINANÇAS; R$ 0,00; R$ 0,00; R$ 0,00; R$ 0,00; R$ 101.472,82; R$ 1.129.831,17; R$ 0,00; 0.0
 13210101010202; Rec. de Remun. Dep. Banc/Vinculados- Recursos do FNDE/PNATE; Receitas Correntes; Receita Patrimonial; Valores Mobiliários; Remuneração de Depósitos Bancários - Principal; Juros e Correções Monetárias; Remuneração de Depósitos Bancários; ; Juros e Correções Monetárias; Remuneração de Depósitos Bancários; Não se aplica; Rec. de Remun. Dep. Banc/Vinculados- Recursos do FNDE/PNATE; Arrecadações; SECRETARIA DE EDUCAÇÃO; DIRETORIA DE ENSINO; SECRETARIA DE EDUCAÇÃO; R$ 0,00; R$ 0,00; R$ 0,00; R$ 0,00; R$ 405,38; R$ 2.260,68; R$ 0,00; 0.0
 13210101019918; Remun. Dep. Banc. Transf. União Sec. Prot. e Defesa Civil - Ajuda Humanitária; Receitas Correntes; Receita Patrimonial; Valores Mobiliários; Remuneração de Depósitos Bancários - Principal; Juros e Correções Monetárias; Remuneração de Depósitos Bancários; ; Juros e Correções Monetárias; Remuneração de Depósitos Bancários; Não se aplica; Remun. Dep. Banc. Transf. União Sec. Prot. e Defesa Civil - Ajuda Humanitária; Arrecadações; SECRETARIA DE ADMINISTRAÇÃO E FINANÇAS; SECRETARIA DE ADMINISTRAÇÃO E FINANÇAS; SECRETARIA DE ADMINISTRAÇÃO E FINANÇAS; R$ 0,00; R$ 0,00; R$ 0,00; R$ 0,00; R$ 229,00; R$ 6.020,83; R$ 0,00; 0.0
 13210101019918; Remun. Dep. Banc. Transf. União Sec. Prot. e Defesa Civil - Ajuda Humanitária; Receitas Correntes; Receita Patrimonial; Valores Mobiliários; Remuneração de Depósitos Bancários - Principal; Juros e Correções Monetárias; Remuneração de Depósitos Bancários; ; Juros e Correções Monetárias; Remuneração de Depósitos Bancários; Não se aplica; Remun. Dep. Banc. Transf. União Sec. Prot. e Defesa Civil - Ajuda Humanitária; Arrecadações; SECRETARIA DE ADMINISTRAÇÃO E FINANÇAS; SECRETARIA DE ADMINISTRAÇÃO E FINANÇAS; SECRETARIA DE ADMINISTRAÇÃO E FINANÇAS; R$ 0,00; R$ 0,00; R$ 0,00; R$ 0,00; R$ 221,03; R$ 6.241,86; R$ 0,00; 0.0
 11125003000000; Imposto sobre a Propriedade Predial e Territorial Urbana - Dívida Ativa; Receitas Correntes; Impostos, Taxas e Contribuições de Melhoria; Impostos; Imposto sobre a Propriedade Predial e Territorial Urbana - Dívida Ativa; Impostos sobre o Patrimônio; Imposto sobre a Propriedade Predial e Territorial Urbana; ; Impostos sobre o Patrimônio; Imposto sobre a Propriedade Predial e Territorial Urbana; Não se aplica; Imposto sobre a Propriedade Predial e Territorial Urbana - Dívida Ativa; Arrecadações; SECRETARIA DE ADMINISTRAÇÃO E FINANÇAS; SECRETARIA DE ADMINISTRAÇÃO E FINANÇAS; SECRETARIA DE ADMINISTRAÇÃO E FINANÇAS; R$ 0,00; R$ 0,00; R$ 0,00; R$ 0,00; R$ 91.923,51; R$ 1.221.754,68; R$ 0,00; 0.0
 13210101010202; Rec. de Remun. Dep. Banc/Vinculados- Recursos do FNDE/PNATE; Receitas Correntes; Receita Patrimonial; Valores Mobiliários; Remuneração de Depósitos Bancários - Principal; Juros e Correções Monetárias; Remuneração de Depósitos Bancários; ; Juros e Correções Monetárias; Remuneração de Depósitos Bancários; Não se aplica; Rec. de Remun. Dep. Banc/Vinculados- Recursos do FNDE/PNATE; Arrecadações; SECRETARIA DE EDUCAÇÃO; DIRETORIA DE ENSINO; SECRETARIA DE EDUCAÇÃO; R$ 0,00; R$ 0,00; R$ 0,00; R$ 0,00; R$ 337,60; R$ 2.598,28; R$ 0,00; 0.0
 13210101010202; Rec. de Remun. Dep. Banc/Vinculados- Recursos do FNDE/PNATE; Receitas Correntes; Receita Patrimonial; Valores Mobiliários; Remuneração de Depósitos Bancários - Principal; Juros e Correções Monetárias; Remuneração de Depósitos Bancários; ; Juros e Correções Monetárias; Remuneração de Depósitos Bancários; Não se aplica; Rec. de Remun. Dep. Banc/Vinculados- Recursos do FNDE/PNATE; Arrecadações; SECRETARIA DE EDUCAÇÃO; DIRETORIA DE ENSINO; SECRETARIA DE EDUCAÇÃO; R$ 0,00; R$ 0,00; R$ 0,00; R$ 0,00; R$ 114,28; R$ 2.712,56; R$ 0,00; 0.0
 11125003000000; Imposto sobre a Propriedade Predial e Territorial Urbana - Dívida Ativa; Receitas Correntes; Impostos, Taxas e Contribuições de Melhoria; Impostos; Imposto sobre a Propriedade Predial e Territorial Urbana - Dívida Ativa; Impostos sobre o Patrimônio; Imposto sobre a Propriedade Predial e Territorial Urbana; ; Impostos sobre o Patrimônio; Imposto sobre a Propriedade Predial e Territorial Urbana; Não se aplica; Imposto sobre a Propriedade Predial e Territorial Urbana - Dívida Ativa; Arrecadações; SECRETARIA DE ADMINISTRAÇÃO E FINANÇAS; SECRETARIA DE ADMINISTRAÇÃO E FINANÇAS; SECRETARIA DE ADMINISTRAÇÃO E FINANÇAS; R$ 0,00; R$ 0,00; R$ 0,00; R$ 0,00; R$ 93.121,25; R$ 1.314.875,93; R$ 0,00; 0.0
 13210101019918; Remun. Dep. Banc. Transf. União Sec. Prot. e Defesa Civil - Ajuda Humanitária; Receitas Correntes; Receita Patrimonial; Valores Mobiliários; Remuneração de Depósitos Bancários - Principal; Juros e Correções Monetárias; Remuneração de Depósitos Bancários; ; Juros e Correções Monetárias; Remuneração de Depósitos Bancários; Não se aplica; Remun. Dep. Banc. Transf. União Sec. Prot. e Defesa Civil - Ajuda Humanitária; Arrecadações; SECRETARIA DE ADMINISTRAÇÃO E FINANÇAS; SECRETARIA DE ADMINISTRAÇÃO E FINANÇAS; SECRETARIA DE ADMINISTRAÇÃO E FINANÇAS; R$ 0,00; R$ 0,00; R$ 0,00; R$ 0,00; R$ 380,78; R$ 6.622,64; R$ 0,00; 0.0
 13210101019918; Remun. Dep. Banc. Transf. União Sec. Prot. e Defesa Civil - Ajuda Humanitária; Receitas Correntes; Receita Patrimonial; Valores Mobiliários; Remuneração de Depósitos Bancários - Principal; Juros e Correções Monetárias; Remuneração de Depósitos Bancários; ; Juros e Correções Monetárias; Remuneração de Depósitos Bancários; Não se aplica; Remun. Dep. Banc. Transf. União Sec. Prot. e Defesa Civil - Ajuda Humanitária; Arrecadações; SECRETARIA DE ADMINISTRAÇÃO E FINANÇAS; SECRETARIA DE ADMINISTRAÇÃO E FINANÇAS; SECRETARIA DE ADMINISTRAÇÃO E FINANÇAS; R$ 0,00; R$ 0,00; R$ 0,00; R$ 0,00; R$ 653,54; R$ 7.276,18; R$ 0,00; 0.0
 11125003000000; Imposto sobre a Propriedade Predial e Territorial Urbana - Dívida Ativa; Receitas Correntes; Impostos, Taxas e Contribuições de Melhoria; Impostos; Imposto sobre a Propriedade Predial e Territorial Urbana - Dívida Ativa; Impostos sobre o Patrimônio; Imposto sobre a Propriedade Predial e Territorial Urbana; ; Impostos sobre o Patrimônio; Imposto sobre a Propriedade Predial e Territorial Urbana; Não se aplica; Imposto sobre a Propriedade Predial e Territorial Urbana - Dívida Ativa; Arrecadações; SECRETARIA DE ADMINISTRAÇÃO E FINANÇAS; SECRETARIA DE ADMINISTRAÇÃO E FINANÇAS; SECRETARIA DE ADMINISTRAÇÃO E FINANÇAS; R$ 0,00; R$ 0,00; R$ 0,00; R$ 0,00; R$ 90.447,96; R$ 1.405.323,89; R$ 0,00; 0.0
 13210101010202; Rec. de Remun. Dep. Banc/Vinculados- Recursos do FNDE/PNATE; Receitas Correntes; Receita Patrimonial; Valores Mobiliários; Remuneração de Depósitos Bancários - Principal; Juros e Correções Monetárias; Remuneração de Depósitos Bancários; ; Juros e Correções Monetárias; Remuneração de Depósitos Bancários; Não se aplica; Rec. de Remun. Dep. Banc/Vinculados- Recursos do FNDE/PNATE; Arrecadações; SECRETARIA DE EDUCAÇÃO; DIRETORIA DE ENSINO; SECRETARIA DE EDUCAÇÃO; R$ 0,00; R$ 0,00; R$ 0,00; R$ 0,00; R$ 44,17; R$ 2.756,73; R$ 0,00; 0.0
 13210101010202; Rec. de Remun. Dep. Banc/Vinculados- Recursos do FNDE/PNATE; Receitas Correntes; Receita Patrimonial; Valores Mobiliários; Remuneração de Depósitos Bancários - Principal; Juros e Correções Monetárias; Remuneração de Depósitos Bancários; ; Juros e Correções Monetárias; Remuneração de Depósitos Bancários; Não se aplica; Rec. de Remun. Dep. Banc/Vinculados- Recursos do FNDE/PNATE; Arrecadações; SECRETARIA DE EDUCAÇÃO; DIRETORIA DE ENSINO; SECRETARIA DE EDUCAÇÃO; R$ 0,00; R$ 0,00; R$ 0,00; R$ 0,00; R$ 39,84; R$ 2.796,57; R$ 0,00; 0.0
 13210101019918; Remun. Dep. Banc. Transf. União Sec. Prot. e Defesa Civil - Ajuda Humanitária; Receitas Correntes; Receita Patrimonial; Valores Mobiliários; Remuneração de Depósitos Bancários - Principal; Juros e Correções Monetárias; Remuneração de Depósitos Bancários; ; Juros e Correções Monetárias; Remuneração de Depósitos Bancários; Não se aplica; Remun. Dep. Banc. Transf. União Sec. Prot. e Defesa Civil - Ajuda Humanitária; Arrecadações; SECRETARIA DE ADMINISTRAÇÃO E FINANÇAS; SECRETARIA DE ADMINISTRAÇÃO E FINANÇAS; SECRETARIA DE ADMINISTRAÇÃO E FINANÇAS; R$ 0,00; R$ 0,00; R$ 0,00; R$ 0,00; R$ -6.563,26; R$ 712,92; R$ 0,00; 0.0
 11125003000000; Imposto sobre a Propriedade Predial e Territorial Urbana - Dívida Ativa; Receitas Correntes; Impostos, Taxas e Contribuições de Melhoria; Impostos; Imposto sobre a Propriedade Predial e Territorial Urbana - Dívida Ativa; Impostos sobre o Patrimônio; Imposto sobre a Propriedade Predial e Territorial Urbana; ; Impostos sobre o Patrimônio; Imposto sobre a Propriedade Predial e Territorial Urbana; Não se aplica; Imposto sobre a Propriedade Predial e Territorial Urbana - Dívida Ativa; Arrecadações; SECRETARIA DE ADMINISTRAÇÃO E FINANÇAS; SECRETARIA DE ADMINISTRAÇÃO E FINANÇAS; SECRETARIA DE ADMINISTRAÇÃO E FINANÇAS; R$ 0,00; R$ 0,00; R$ 0,00; R$ 0,00; R$ 90.521,22; R$ 1.495.845,11; R$ 0,00; 0.0
 11210101020000; TPP - Tx de Funcion. Estab. Com/Ind/Prest. Serv; Receitas Correntes; Impostos, Taxas e Contribuies de Melhoria; Taxas; Taxas de Inspeo; Taxas pelo Exerccio do Poder de Polcia; Taxas de Inspeo, Controle e Fiscalizao; ; Taxas pelo Exerccio do Poder de Polcia; Taxas de Inspeo, Controle e Fiscalizao; No se aplica; TPP - Tx de Funcion. Estab. Com/Ind/Prest. Serv; Arrecadaes; SECRETARIA DE ADMINISTRAO E FINANAS; SECRETARIA DE ADMINISTRAO E FINANAS; SECRETARIA DE ADMINISTRAO E FINANAS; R$ 288.450,00; R$ 288.450,00; R$ 0,00; R$ 0,00; R$ 425,47; R$ 425,47; R$ 288.450,00; 0.15
 11125001000000; Imposto sobre a Propriedade Predial e Territorial Urbana - Principal; Receitas Correntes; Impostos, Taxas e Contribuies de Melhoria; Impostos; Imposto sobre a Propriedade Predial e Territorial Urbana - Principal; Impostos sobre o Patrimnio; Imposto sobre a Propriedade Predial e Territorial Urbana; ; Impostos sobre o Patrimnio; Imposto sobre a Propriedade Predial e Territorial Urbana; No se aplica; Imposto sobre a Propriedade Predial e Territorial Urbana - Principal; Arrecadaes; SECRETARIA DE ADMINISTRAO E FINANAS; SECRETARIA DE ADMINISTRAO E FINANAS; SECRETARIA DE ADMINISTRAO E FINANAS; R$ 5.453.344,00; R$ 5.453.344,00; R$ 0,00; R$ 0,00; R$ 2.740.801,60; R$ 2.740.801,60; R$ 5.453.344,00; 50.26
 11145111000000; Imposto sobre Servios de Qualquer Natureza - ISSQN - Principal; Receitas Correntes; Impostos, Taxas e Contribuies de Melhoria; Impostos; Imposto sobre Servios de Qualquer Natureza - ISSQN - Principal; Impostos sobre Produo, Circulao e Servios; Impostos sobre Servios; Imposto sobre Servios de Qualquer Natureza - ISSQN; Impostos sobre Produo, Circulao e Servios; Impostos sobre Servios; Imposto sobre Servios de Qualquer Natureza - ISSQN; Imposto sobre Servios de Qualquer Natureza - ISSQN - Principal; Arrecadaes; SECRETARIA DE ADMINISTRAO E FINANAS; SECRETARIA DE ADMINISTRAO E FINANAS; SECRETARIA DE ADMINISTRAO E FINANAS; R$ 1.684.717,00; R$ 1.684.717,00; R$ 0,00; R$ 0,00; R$ 143.002,71; R$ 143.002,71; R$ 1.684.717,00; 8.49
 11210101010000; TPP - Tx. de Fiscalizao de Vig. Sanitria; Receitas Correntes; Impostos, Taxas e Contribuies de Melhoria; Taxas; Taxas de Inspeo; Taxas pelo Exerccio do Poder de Polcia; Taxas de Inspeo, Controle e Fiscalizao; ; Taxas pelo Exerccio do Poder de Polcia; Taxas de Inspeo, Controle e Fiscalizao; No se aplica; TPP - Tx. de Fiscalizao de Vig. Sanitria; Arrecadaes; SECRETARIA DE ADMINISTRAO E FINANAS; SECRETARIA DE ADMINISTRAO E FINANAS; SECRETARIA DE ADMINISTRAO E FINANAS; R$ 63.380,00; R$ 63.380,00; R$ 0,00; R$ 0,00; R$ 63.689,87; R$ 63.689,87; R$ 63.380,00; 100.49
 11145111000000; Imposto sobre Servios de Qualquer Natureza - ISSQN - Principal; Receitas Correntes; Impostos, Taxas e Contribuies de Melhoria; Impostos; Imposto sobre Servios de Qualquer Natureza - ISSQN - Principal; Impostos sobre Produo, Circulao e Servios; Impostos sobre Servios; Imposto sobre Servios de Qualquer Natureza - ISSQN; Impostos sobre Produo, Circulao e Servios; Impostos sobre Servios; Imposto sobre Servios de Qualquer Natureza - ISSQN; Imposto sobre Servios de Qualquer Natureza - ISSQN - Principal; Arrecadaes; SECRETARIA DE ADMINISTRAO E FINANAS; SECRETARIA DE ADMINISTRAO E FINANAS; SECRETARIA DE ADMINISTRAO E FINANAS; R$ 0,00; R$ 0,00; R$ 0,00; R$ 0,00; R$ 100.391,15; R$ 243.393,86; R$ 0,00; 0.0
 11210101020000; TPP - Tx de Funcion. Estab. Com/Ind/Prest. Serv; Receitas Correntes; Impostos, Taxas e Contribuies de Melhoria; Taxas; Taxas de Inspeo; Taxas pelo Exerccio do Poder de Polcia; Taxas de Inspeo, Controle e Fiscalizao; ; Taxas pelo Exerccio do Poder de Polcia; Taxas de Inspeo, Controle e Fiscalizao; No se aplica; TPP - Tx de Funcion. Estab. Com/Ind/Prest. Serv; Arrecadaes; SECRETARIA DE ADMINISTRAO E FINANAS; SECRETARIA DE ADMINISTRAO E FINANAS; SECRETARIA DE ADMINISTRAO E FINANAS; R$ 0,00; R$ 0,00; R$ 0,00; R$ 0,00; R$ 212,73; R$ 638,20; R$ 0,00; 0.0
 11210101010000; TPP - Tx. de Fiscalizao de Vig. Sanitria; Receitas Correntes; Impostos, Taxas e Contribuies de Melhoria; Taxas; Taxas de Inspeo; Taxas pelo Exerccio do Poder de Polcia; Taxas de Inspeo, Controle e Fiscalizao; ; Taxas pelo Exerccio do Poder de Polcia; Taxas de Inspeo, Controle e Fiscalizao; No se aplica; TPP - Tx. de Fiscalizao de Vig. Sanitria; Arrecadaes; SECRETARIA DE ADMINISTRAO E FINANAS; SECRETARIA DE ADMINISTRAO E FINANAS; SECRETARIA DE ADMINISTRAO E FINANAS; R$ 0,00; R$ 0,00; R$ 0,00; R$ 0,00; R$ 113.424,63; R$ 177.114,50; R$ 0,00; 0.0
 11125001000000; Imposto sobre a Propriedade Predial e Territorial Urbana - Principal; Receitas Correntes; Impostos, Taxas e Contribuies de Melhoria; Impostos; Imposto sobre a Propriedade Predial e Territorial Urbana - Principal; Impostos sobre o Patrimnio; Imposto sobre a Propriedade Predial e Territorial Urbana; ; Impostos sobre o Patrimnio; Imposto sobre a Propriedade Predial e Territorial Urbana; No se aplica; Imposto sobre a Propriedade Predial e Territorial Urbana - Principal; Arrecadaes; SECRETARIA DE ADMINISTRAO E FINANAS; SECRETARIA DE ADMINISTRAO E FINANAS; SECRETARIA DE ADMINISTRAO E FINANAS; R$ 0,00; R$ 0,00; R$ 0,00; R$ 0,00; R$ 1.753.269,61; R$ 4.494.071,21; R$ 0,00; 0.0
 11125001000000; Imposto sobre a Propriedade Predial e Territorial Urbana - Principal; Receitas Correntes; Impostos, Taxas e Contribuies de Melhoria; Impostos; Imposto sobre a Propriedade Predial e Territorial Urbana - Principal; Impostos sobre o Patrimnio; Imposto sobre a Propriedade Predial e Territorial Urbana; ; Impostos sobre o Patrimnio; Imposto sobre a Propriedade Predial e Territorial Urbana; No se aplica; Imposto sobre a Propriedade Predial e Territorial Urbana - Principal; Arrecadaes; SECRETARIA DE ADMINISTRAO E FINANAS; SECRETARIA DE ADMINISTRAO E FINANAS; SECRETARIA DE ADMINISTRAO E FINANAS; R$ 0,00; R$ 0,00; R$ 0,00; R$ 0,00; R$ 265.371,18; R$ 4.759.442,39; R$ 0,00; 0.0
 11145111000000; Imposto sobre Servios de Qualquer Natureza - ISSQN - Principal; Receitas Correntes; Impostos, Taxas e Contribuies de Melhoria; Impostos; Imposto sobre Servios de Qualquer Natureza - ISSQN - Principal; Impostos sobre Produo, Circulao e Servios; Impostos sobre Servios; Imposto sobre Servios de Qualquer Natureza - ISSQN; Impostos sobre Produo, Circulao e Servios; Impostos sobre Servios; Imposto sobre Servios de Qualquer Natureza - ISSQN; Imposto sobre Servios de Qualquer Natureza - ISSQN - Principal; Arrecadaes; SECRETARIA DE ADMINISTRAO E FINANAS; SECRETARIA DE ADMINISTRAO E FINANAS; SECRETARIA DE ADMINISTRAO E FINANAS; R$ 0,00; R$ 0,00; R$ 0,00; R$ 0,00; R$ 165.454,35; R$ 408.848,21; R$ 0,00; 0.0
 11210101010000; TPP - Tx. de Fiscalizao de Vig. Sanitria; Receitas Correntes; Impostos, Taxas e Contribuies de Melhoria; Taxas; Taxas de Inspeo; Taxas pelo Exerccio do Poder de Polcia; Taxas de Inspeo, Controle e Fiscalizao; ; Taxas pelo Exerccio do Poder de Polcia; Taxas de Inspeo, Controle e Fiscalizao; No se aplica; TPP - Tx. de Fiscalizao de Vig. Sanitria; Arrecadaes; SECRETARIA DE ADMINISTRAO E FINANAS; SECRETARIA DE ADMINISTRAO E FINANAS; SECRETARIA DE ADMINISTRAO E FINANAS; R$ 0,00; R$ 0,00; R$ 0,00; R$ 0,00; R$ 38.407,85; R$ 215.522,35; R$ 0,00; 0.0
 11125001000000; Imposto sobre a Propriedade Predial e Territorial Urbana - Principal; Receitas Correntes; Impostos, Taxas e Contribuies de Melhoria; Impostos; Imposto sobre a Propriedade Predial e Territorial Urbana - Principal; Impostos sobre o Patrimnio; Imposto sobre a Propriedade Predial e Territorial Urbana; ; Impostos sobre o Patrimnio; Imposto sobre a Propriedade Predial e Territorial Urbana; No se aplica; Imposto sobre a Propriedade Predial e Territorial Urbana - Principal; Arrecadaes; SECRETARIA DE ADMINISTRAO E FINANAS; SECRETARIA DE ADMINISTRAO E FINANAS; SECRETARIA DE ADMINISTRAO E FINANAS; R$ 0,00; R$ 0,00; R$ 0,00; R$ 0,00; R$ 119.077,64; R$ 4.878.520,03; R$ 0,00; 0.0
 11210101010000; TPP - Tx. de Fiscalizao de Vig. Sanitria; Receitas Correntes; Impostos, Taxas e Contribuies de Melhoria; Taxas; Taxas de Inspeo; Taxas pelo Exerccio do Poder de Polcia; Taxas de Inspeo, Controle e Fiscalizao; ; Taxas pelo Exerccio do Poder de Polcia; Taxas de Inspeo, Controle e Fiscalizao; No se aplica; TPP - Tx. de Fiscalizao de Vig. Sanitria; Arrecadaes; SECRETARIA DE ADMINISTRAO E FINANAS; SECRETARIA DE ADMINISTRAO E FINANAS; SECRETARIA DE ADMINISTRAO E FINANAS; R$ 0,00; R$ 0,00; R$ 0,00; R$ 0,00; R$ 23.146,00; R$ 238.668,35; R$ 0,00; 0.0
 11145111000000; Imposto sobre Servios de Qualquer Natureza - ISSQN - Principal; Receitas Correntes; Impostos, Taxas e Contribuies de Melhoria; Impostos; Imposto sobre Servios de Qualquer Natureza - ISSQN - Principal; Impostos sobre Produo, Circulao e Servios; Impostos sobre Servios; Imposto sobre Servios de Qualquer Natureza - ISSQN; Impostos sobre Produo, Circulao e Servios; Impostos sobre Servios; Imposto sobre Servios de Qualquer Natureza - ISSQN; Imposto sobre Servios de Qualquer Natureza - ISSQN - Principal; Arrecadaes; SECRETARIA DE ADMINISTRAO E FINANAS; SECRETARIA DE ADMINISTRAO E FINANAS; SECRETARIA DE ADMINISTRAO E FINANAS; R$ 0,00; R$ 0,00; R$ 0,00; R$ 0,00; R$ 138.750,68; R$ 547.598,89; R$ 0,00; 0.0
 11145111000000; Imposto sobre Servios de Qualquer Natureza - ISSQN - Principal; Receitas Correntes; Impostos, Taxas e Contribuies de Melhoria; Impostos; Imposto sobre Servios de Qualquer Natureza - ISSQN - Principal; Impostos sobre Produo, Circulao e Servios; Impostos sobre Servios; Imposto sobre Servios de Qualquer Natureza - ISSQN; Impostos sobre Produo, Circulao e Servios; Impostos sobre Servios; Imposto sobre Servios de Qualquer Natureza - ISSQN; Imposto sobre Servios de Qualquer Natureza - ISSQN - Principal; Arrecadaes; SECRETARIA DE ADMINISTRAO E FINANAS; SECRETARIA DE ADMINISTRAO E FINANAS; SECRETARIA DE ADMINISTRAO E FINANAS; R$ 0,00; R$ 0,00; R$ 0,00; R$ 0,00; R$ 258.966,90; R$ 806.565,79; R$ 0,00; 0.0
 11125001000000; Imposto sobre a Propriedade Predial e Territorial Urbana - Principal; Receitas Correntes; Impostos, Taxas e Contribuies de Melhoria; Impostos; Imposto sobre a Propriedade Predial e Territorial Urbana - Principal; Impostos sobre o Patrimnio; Imposto sobre a Propriedade Predial e Territorial Urbana; ; Impostos sobre o Patrimnio; Imposto sobre a Propriedade Predial e Territorial Urbana; No se aplica; Imposto sobre a Propriedade Predial e Territorial Urbana - Principal; Arrecadaes; SECRETARIA DE ADMINISTRAO E FINANAS; SECRETARIA DE ADMINISTRAO E FINANAS; SECRETARIA DE ADMINISTRAO E FINANAS; R$ 0,00; R$ 0,00; R$ 0,00; R$ 0,00; R$ 72.676,97; R$ 4.951.197,00; R$ 0,00; 0.0
 11210101010000; TPP - Tx. de Fiscalizao de Vig. Sanitria; Receitas Correntes; Impostos, Taxas e Contribuies de Melhoria; Taxas; Taxas de Inspeo; Taxas pelo Exerccio do Poder de Polcia; Taxas de Inspeo, Controle e Fiscalizao; ; Taxas pelo Exerccio do Poder de Polcia; Taxas de Inspeo, Controle e Fiscalizao; No se aplica; TPP - Tx. de Fiscalizao de Vig. Sanitria; Arrecadaes; SECRETARIA DE ADMINISTRAO E FINANAS; SECRETARIA DE ADMINISTRAO E FINANAS; SECRETARIA DE ADMINISTRAO E FINANAS; R$ 0,00; R$ 0,00; R$ 0,00; R$ 0,00; R$ 16.150,23; R$ 254.818,58; R$ 0,00; 0.0
 11145111000000; Imposto sobre Servios de Qualquer Natureza - ISSQN - Principal; Receitas Correntes; Impostos, Taxas e Contribuies de Melhoria; Impostos; Imposto sobre Servios de Qualquer Natureza - ISSQN - Principal; Impostos sobre Produo, Circulao e Servios; Impostos sobre Servios; Imposto sobre Servios de Qualquer Natureza - ISSQN; Impostos sobre Produo, Circulao e Servios; Impostos sobre Servios; Imposto sobre Servios de Qualquer Natureza - ISSQN; Imposto sobre Servios de Qualquer Natureza - ISSQN - Principal; Arrecadaes; SECRETARIA DE ADMINISTRAO E FINANAS; SECRETARIA DE ADMINISTRAO E FINANAS; SECRETARIA DE ADMINISTRAO E FINANAS; R$ 0,00; R$ 0,00; R$ 0,00; R$ 0,00; R$ 126.607,44; R$ 933.173,23; R$ 0,00; 0.0
 11210101010000; TPP - Tx. de Fiscalizao de Vig. Sanitria; Receitas Correntes; Impostos, Taxas e Contribuies de Melhoria; Taxas; Taxas de Inspeo; Taxas pelo Exerccio do Poder de Polcia; Taxas de Inspeo, Controle e Fiscalizao; ; Taxas pelo Exerccio do Poder de Polcia; Taxas de Inspeo, Controle e Fiscalizao; No se aplica; TPP - Tx. de Fiscalizao de Vig. Sanitria; Arrecadaes; SECRETARIA DE ADMINISTRAO E FINANAS; SECRETARIA DE ADMINISTRAO E FINANAS; SECRETARIA DE ADMINISTRAO E FINANAS; R$ 0,00; R$ 0,00; R$ 0,00; R$ 0,00; R$ 16.911,13; R$ 271.729,71; R$ 0,00; 0.0
 11125001000000; Imposto sobre a Propriedade Predial e Territorial Urbana - Principal; Receitas Correntes; Impostos, Taxas e Contribuies de Melhoria; Impostos; Imposto sobre a Propriedade Predial e Territorial Urbana - Principal; Impostos sobre o Patrimnio; Imposto sobre a Propriedade Predial e Territorial Urbana; ; Impostos sobre o Patrimnio; Imposto sobre a Propriedade Predial e Territorial Urbana; No se aplica; Imposto sobre a Propriedade Predial e Territorial Urbana - Principal; Arrecadaes; SECRETARIA DE ADMINISTRAO E FINANAS; SECRETARIA DE ADMINISTRAO E FINANAS; SECRETARIA DE ADMINISTRAO E FINANAS; R$ 0,00; R$ 0,00; R$ 0,00; R$ 0,00; R$ 80.170,37; R$ 5.031.367,37; R$ 0,00; 0.0
 11145111000000; Imposto sobre Servios de Qualquer Natureza - ISSQN - Principal; Receitas Correntes; Impostos, Taxas e Contribuies de Melhoria; Impostos; Imposto sobre Servios de Qualquer Natureza - ISSQN - Principal; Impostos sobre Produo, Circulao e Servios; Impostos sobre Servios; Imposto sobre Servios de Qualquer Natureza - ISSQN; Impostos sobre Produo, Circulao e Servios; Impostos sobre Servios; Imposto sobre Servios de Qualquer Natureza - ISSQN; Imposto sobre Servios de Qualquer Natureza - ISSQN - Principal; Arrecadaes; SECRETARIA DE ADMINISTRAO E FINANAS; SECRETARIA DE ADMINISTRAO E FINANAS; SECRETARIA DE ADMINISTRAO E FINANAS; R$ 0,00; R$ 0,00; R$ 0,00; R$ 0,00; R$ 136.918,50; R$ 1.070.091,73; R$ 0,00; 0.0
 11125001000000; Imposto sobre a Propriedade Predial e Territorial Urbana - Principal; Receitas Correntes; Impostos, Taxas e Contribuies de Melhoria; Impostos; Imposto sobre a Propriedade Predial e Territorial Urbana - Principal; Impostos sobre o Patrimnio; Imposto sobre a Propriedade Predial e Territorial Urbana; ; Impostos sobre o Patrimnio; Imposto sobre a Propriedade Predial e Territorial Urbana; No se aplica; Imposto sobre a Propriedade Predial e Territorial Urbana - Principal; Arrecadaes; SECRETARIA DE ADMINISTRAO E FINANAS; SECRETARIA DE ADMINISTRAO E FINANAS; SECRETARIA DE ADMINISTRAO E FINANAS; R$ 0,00; R$ 0,00; R$ 0,00; R$ 0,00; R$ 61.590,74; R$ 5.092.958,11; R$ 0,00; 0.0
 11210101010000; TPP - Tx. de Fiscalizao de Vig. Sanitria; Receitas Correntes; Impostos, Taxas e Contribuies de Melhoria; Taxas; Taxas de Inspeo; Taxas pelo Exerccio do Poder de Polcia; Taxas de Inspeo, Controle e Fiscalizao; ; Taxas pelo Exerccio do Poder de Polcia; Taxas de Inspeo, Controle e Fiscalizao; No se aplica; TPP - Tx. de Fiscalizao de Vig. Sanitria; Arrecadaes; SECRETARIA DE ADMINISTRAO E FINANAS; SECRETARIA DE ADMINISTRAO E FINANAS; SECRETARIA DE ADMINISTRAO E FINANAS; R$ 0,00; R$ 0,00; R$ 0,00; R$ 0,00; R$ 25.662,23; R$ 297.391,94; R$ 0,00; 0.0
 11210101010000; TPP - Tx. de Fiscalizao de Vig. Sanitria; Receitas Correntes; Impostos, Taxas e Contribuies de Melhoria; Taxas; Taxas de Inspeo; Taxas pelo Exerccio do Poder de Polcia; Taxas de Inspeo, Controle e Fiscalizao; ; Taxas pelo Exerccio do Poder de Polcia; Taxas de Inspeo, Controle e Fiscalizao; No se aplica; TPP - Tx. de Fiscalizao de Vig. Sanitria; Arrecadaes; SECRETARIA DE ADMINISTRAO E FINANAS; SECRETARIA DE ADMINISTRAO E FINANAS; SECRETARIA DE ADMINISTRAO E FINANAS; R$ 0,00; R$ 0,00; R$ 0,00; R$ 0,00; R$ 11.904,07; R$ 309.296,01; R$ 0,00; 0.0
 11145111000000; Imposto sobre Servios de Qualquer Natureza - ISSQN - Principal; Receitas Correntes; Impostos, Taxas e Contribuies de Melhoria; Impostos; Imposto sobre Servios de Qualquer Natureza - ISSQN - Principal; Impostos sobre Produo, Circulao e Servios; Impostos sobre Servios; Imposto sobre Servios de Qualquer Natureza - ISSQN; Impostos sobre Produo, Circulao e Servios; Impostos sobre Servios; Imposto sobre Servios de Qualquer Natureza - ISSQN; Imposto sobre Servios de Qualquer Natureza - ISSQN - Principal; Arrecadaes; SECRETARIA DE ADMINISTRAO E FINANAS; SECRETARIA DE ADMINISTRAO E FINANAS; SECRETARIA DE ADMINISTRAO E FINANAS; R$ 0,00; R$ 0,00; R$ 0,00; R$ 0,00; R$ 271.855,62; R$ 1.341.947,35; R$ 0,00; 0.0
 11125001000000; Imposto sobre a Propriedade Predial e Territorial Urbana - Principal; Receitas Correntes; Impostos, Taxas e Contribuies de Melhoria; Impostos; Imposto sobre a Propriedade Predial e Territorial Urbana - Principal; Impostos sobre o Patrimnio; Imposto sobre a Propriedade Predial e Territorial Urbana; ; Impostos sobre o Patrimnio; Imposto sobre a Propriedade Predial e Territorial Urbana; No se aplica; Imposto sobre a Propriedade Predial e Territorial Urbana - Principal; Arrecadaes; SECRETARIA DE ADMINISTRAO E FINANAS; SECRETARIA DE ADMINISTRAO E FINANAS; SECRETARIA DE ADMINISTRAO E FINANAS; R$ 0,00; R$ 0,00; R$ 0,00; R$ 0,00; R$ 61.349,67; R$ 5.154.307,78; R$ 0,00; 0.0
 11210101010000; TPP - Tx. de Fiscalizao de Vig. Sanitria; Receitas Correntes; Impostos, Taxas e Contribuies de Melhoria; Taxas; Taxas de Inspeo; Taxas pelo Exerccio do Poder de Polcia; Taxas de Inspeo, Controle e Fiscalizao; ; Taxas pelo Exerccio do Poder de Polcia; Taxas de Inspeo, Controle e Fiscalizao; No se aplica; TPP - Tx. de Fiscalizao de Vig. Sanitria; Arrecadaes; SECRETARIA DE ADMINISTRAO E FINANAS; SECRETARIA DE ADMINISTRAO E FINANAS; SECRETARIA DE ADMINISTRAO E FINANAS; R$ 0,00; R$ 0,00; R$ 0,00; R$ 0,00; R$ 8.734,12; R$ 318.030,13; R$ 0,00; 0.0
 11145111000000; Imposto sobre Servios de Qualquer Natureza - ISSQN - Principal; Receitas Correntes; Impostos, Taxas e Contribuies de Melhoria; Impostos; Imposto sobre Servios de Qualquer Natureza - ISSQN - Principal; Impostos sobre Produo, Circulao e Servios; Impostos sobre Servios; Imposto sobre Servios de Qualquer Natureza - ISSQN; Impostos sobre Produo, Circulao e Servios; Impostos sobre Servios; Imposto sobre Servios de Qualquer Natureza - ISSQN; Imposto sobre Servios de Qualquer Natureza - ISSQN - Principal; Arrecadaes; SECRETARIA DE ADMINISTRAO E FINANAS; SECRETARIA DE ADMINISTRAO E FINANAS; SECRETARIA DE ADMINISTRAO E FINANAS; R$ 0,00; R$ 0,00; R$ 0,00; R$ 0,00; R$ 378.886,27; R$ 1.720.833,62; R$ 0,00; 0.0
 11125001000000; Imposto sobre a Propriedade Predial e Territorial Urbana - Principal; Receitas Correntes; Impostos, Taxas e Contribuies de Melhoria; Impostos; Imposto sobre a Propriedade Predial e Territorial Urbana - Principal; Impostos sobre o Patrimnio; Imposto sobre a Propriedade Predial e Territorial Urbana; ; Impostos sobre o Patrimnio; Imposto sobre a Propriedade Predial e Territorial Urbana; No se aplica; Imposto sobre a Propriedade Predial e Territorial Urbana - Principal; Arrecadaes; SECRETARIA DE ADMINISTRAO E FINANAS; SECRETARIA DE ADMINISTRAO E FINANAS; SECRETARIA DE ADMINISTRAO E FINANAS; R$ 0,00; R$ 0,00; R$ 0,00; R$ 0,00; R$ 52.675,13; R$ 5.206.982,91; R$ 0,00; 0.0
 11210101010000; TPP - Tx. de Fiscalizao de Vig. Sanitria; Receitas Correntes; Impostos, Taxas e Contribuies de Melhoria; Taxas; Taxas de Inspeo; Taxas pelo Exerccio do Poder de Polcia; Taxas de Inspeo, Controle e Fiscalizao; ; Taxas pelo Exerccio do Poder de Polcia; Taxas de Inspeo, Controle e Fiscalizao; No se aplica; TPP - Tx. de Fiscalizao de Vig. Sanitria; Arrecadaes; SECRETARIA DE ADMINISTRAO E FINANAS; SECRETARIA DE ADMINISTRAO E FINANAS; SECRETARIA DE ADMINISTRAO E FINANAS; R$ 0,00; R$ 0,00; R$ 0,00; R$ 0,00; R$ 7.040,41; R$ 325.070,54; R$ 0,00; 0.0
 11125001000000; Imposto sobre a Propriedade Predial e Territorial Urbana - Principal; Receitas Correntes; Impostos, Taxas e Contribuies de Melhoria; Impostos; Imposto sobre a Propriedade Predial e Territorial Urbana - Principal; Impostos sobre o Patrimnio; Imposto sobre a Propriedade Predial e Territorial Urbana; ; Impostos sobre o Patrimnio; Imposto sobre a Propriedade Predial e Territorial Urbana; No se aplica; Imposto sobre a Propriedade Predial e Territorial Urbana - Principal; Arrecadaes; SECRETARIA DE ADMINISTRAO E FINANAS; SECRETARIA DE ADMINISTRAO E FINANAS; SECRETARIA DE ADMINISTRAO E FINANAS; R$ 0,00; R$ 0,00; R$ 0,00; R$ 0,00; R$ 37.021,83; R$ 5.244.004,74; R$ 0,00; 0.0
 11145111000000; Imposto sobre Servios de Qualquer Natureza - ISSQN - Principal; Receitas Correntes; Impostos, Taxas e Contribuies de Melhoria; Impostos; Imposto sobre Servios de Qualquer Natureza - ISSQN - Principal; Impostos sobre Produo, Circulao e Servios; Impostos sobre Servios; Imposto sobre Servios de Qualquer Natureza - ISSQN; Impostos sobre Produo, Circulao e Servios; Impostos sobre Servios; Imposto sobre Servios de Qualquer Natureza - ISSQN; Imposto sobre Servios de Qualquer Natureza - ISSQN - Principal; Arrecadaes; SECRETARIA DE ADMINISTRAO E FINANAS; SECRETARIA DE ADMINISTRAO E FINANAS; SECRETARIA DE ADMINISTRAO E FINANAS; R$ 0,00; R$ 0,00; R$ 0,00; R$ 0,00; R$ 140.944,77; R$ 1.861.778,39; R$ 0,00; 0.0
 11125001000000; Imposto sobre a Propriedade Predial e Territorial Urbana - Principal; Receitas Correntes; Impostos, Taxas e Contribuies de Melhoria; Impostos; Imposto sobre a Propriedade Predial e Territorial Urbana - Principal; Impostos sobre o Patrimnio; Imposto sobre a Propriedade Predial e Territorial Urbana; ; Impostos sobre o Patrimnio; Imposto sobre a Propriedade Predial e Territorial Urbana; No se aplica; Imposto sobre a Propriedade Predial e Territorial Urbana - Principal; Arrecadaes; SECRETARIA DE ADMINISTRAO E FINANAS; SECRETARIA DE ADMINISTRAO E FINANAS; SECRETARIA DE ADMINISTRAO E FINANAS; R$ 0,00; R$ 0,00; R$ 0,00; R$ 0,00; R$ 41.683,44; R$ 5.285.688,18; R$ 0,00; 0.0
 11210101010000; TPP - Tx. de Fiscalizao de Vig. Sanitria; Receitas Correntes; Impostos, Taxas e Contribuies de Melhoria; Taxas; Taxas de Inspeo; Taxas pelo Exerccio do Poder de Polcia; Taxas de Inspeo, Controle e Fiscalizao; ; Taxas pelo Exerccio do Poder de Polcia; Taxas de Inspeo, Controle e Fiscalizao; No se aplica; TPP - Tx. de Fiscalizao de Vig. Sanitria; Arrecadaes; SECRETARIA DE ADMINISTRAO E FINANAS; SECRETARIA DE ADMINISTRAO E FINANAS; SECRETARIA DE ADMINISTRAO E FINANAS; R$ 0,00; R$ 0,00; R$ 0,00; R$ 0,00; R$ 24.306,83; R$ 349.377,37; R$ 0,00; 0.0
 11145111000000; Imposto sobre Servios de Qualquer Natureza - ISSQN - Principal; Receitas Correntes; Impostos, Taxas e Contribuies de Melhoria; Impostos; Imposto sobre Servios de Qualquer Natureza - ISSQN - Principal; Impostos sobre Produo, Circulao e Servios; Impostos sobre Servios; Imposto sobre Servios de Qualquer Natureza - ISSQN; Impostos sobre Produo, Circulao e Servios; Impostos sobre Servios; Imposto sobre Servios de Qualquer Natureza - ISSQN; Imposto sobre Servios de Qualquer Natureza - ISSQN - Principal; Arrecadaes; SECRETARIA DE ADMINISTRAO E FINANAS; SECRETARIA DE ADMINISTRAO E FINANAS; SECRETARIA DE ADMINISTRAO E FINANAS; R$ 0,00; R$ 0,00; R$ 0,00; R$ 0,00; R$ 189.079,39; R$ 2.050.857,78; R$ 0,00; 0.0
 11145111000000; Imposto sobre Servios de Qualquer Natureza - ISSQN - Principal; Receitas Correntes; Impostos, Taxas e Contribuies de Melhoria; Impostos; Imposto sobre Servios de Qualquer Natureza - ISSQN - Principal; Impostos sobre Produo, Circulao e Servios; Impostos sobre Servios; Imposto sobre Servios de Qualquer Natureza - ISSQN; Impostos sobre Produo, Circulao e Servios; Impostos sobre Servios; Imposto sobre Servios de Qualquer Natureza - ISSQN; Imposto sobre Servios de Qualquer Natureza - ISSQN - Principal; Arrecadaes; SECRETARIA DE ADMINISTRAO E FINANAS; SECRETARIA DE ADMINISTRAO E FINANAS; SECRETARIA DE ADMINISTRAO E FINANAS; R$ 0,00; R$ 0,00; R$ 0,00; R$ 28.770,98; R$ 125.315,62; R$ 2.176.173,40; R$ 0,00; 0.0
 11210101010000; TPP - Tx. de Fiscalizao de Vig. Sanitria; Receitas Correntes; Impostos, Taxas e Contribuies de Melhoria; Taxas; Taxas de Inspeo; Taxas pelo Exerccio do Poder de Polcia; Taxas de Inspeo, Controle e Fiscalizao; ; Taxas pelo Exerccio do Poder de Polcia; Taxas de Inspeo, Controle e Fiscalizao; No se aplica; TPP - Tx. de Fiscalizao de Vig. Sanitria; Arrecadaes; SECRETARIA DE ADMINISTRAO E FINANAS; SECRETARIA DE ADMINISTRAO E FINANAS; SECRETARIA DE ADMINISTRAO E FINANAS; R$ 0,00; R$ 0,00; R$ 0,00; R$ 10.134,71; R$ 56.568,39; R$ 405.945,76; R$ 0,00; 0.0
 11125001000000; Imposto sobre a Propriedade Predial e Territorial Urbana - Principal; Receitas Correntes; Impostos, Taxas e Contribuies de Melhoria; Impostos; Imposto sobre a Propriedade Predial e Territorial Urbana - Principal; Impostos sobre o Patrimnio; Imposto sobre a Propriedade Predial e Territorial Urbana; ; Impostos sobre o Patrimnio; Imposto sobre a Propriedade Predial e Territorial Urbana; No se aplica; Imposto sobre a Propriedade Predial e Territorial Urbana - Principal; Arrecadaes; SECRETARIA DE ADMINISTRAO E FINANAS; SECRETARIA DE ADMINISTRAO E FINANAS; SECRETARIA DE ADMINISTRAO E FINANAS; R$ 0,00; R$ 0,00; R$ 0,00; R$ 5.030.124,41; R$ 45.776,43; R$ 5.331.464,61; R$ 0,00; 0.0
 11210101020000; TPP - Tx de Funcion. Estab. Com/Ind/Prest. Serv; Receitas Correntes; Impostos, Taxas e Contribuies de Melhoria; Taxas; Taxas de Inspeo; Taxas pelo Exerccio do Poder de Polcia; Taxas de Inspeo, Controle e Fiscalizao; ; Taxas pelo Exerccio do Poder de Polcia; Taxas de Inspeo, Controle e Fiscalizao; No se aplica; TPP - Tx de Funcion. Estab. Com/Ind/Prest. Serv; Arrecadaes; SECRETARIA DE ADMINISTRAO E FINANAS; SECRETARIA DE ADMINISTRAO E FINANAS; SECRETARIA DE ADMINISTRAO E FINANAS; R$ 0,00; R$ 0,00; R$ 0,00; R$ 41.383,47; R$ 39,00; R$ 677,20; R$ 0,00; 0.0
 13210101010502; Rec. de Remun. Dep. Banc/Vinculados - Convênios Estado; Receitas Correntes; Receita Patrimonial; Valores Mobiliários; Remuneração de Depósitos Bancários - Principal; Juros e Correções Monetárias; Remuneração de Depósitos Bancários; ; Juros e Correções Monetárias; Remuneração de Depósitos Bancários; Não se aplica; Rec. de Remun. Dep. Banc/Vinculados - Convênios Estado; Arrecadações; SECRETARIA DE ADMINISTRAÇÃO E FINANÇAS; SECRETARIA DE ADMINISTRAÇÃO E FINANÇAS; SECRETARIA DE ADMINISTRAÇÃO E FINANÇAS; R$ 0,00; R$ 0,00; R$ 0,00; R$ 0,00; R$ 16.282,39; R$ 16.282,39; R$ 0,00; 0.0
 13210101010502; Rec. de Remun. Dep. Banc/Vinculados - Convênios Estado; Receitas Correntes; Receita Patrimonial; Valores Mobiliários; Remuneração de Depósitos Bancários - Principal; Juros e Correções Monetárias; Remuneração de Depósitos Bancários; ; Juros e Correções Monetárias; Remuneração de Depósitos Bancários; Não se aplica; Rec. de Remun. Dep. Banc/Vinculados - Convênios Estado; Arrecadações; SECRETARIA DE ADMINISTRAÇÃO E FINANÇAS; SECRETARIA DE ADMINISTRAÇÃO E FINANÇAS; SECRETARIA DE ADMINISTRAÇÃO E FINANÇAS; R$ 0,00; R$ 0,00; R$ 0,00; R$ 0,00; R$ 12.505,49; R$ 28.787,88; R$ 0,00; 0.0
 13210101010502; Rec. de Remun. Dep. Banc/Vinculados - Convênios Estado; Receitas Correntes; Receita Patrimonial; Valores Mobiliários; Remuneração de Depósitos Bancários - Principal; Juros e Correções Monetárias; Remuneração de Depósitos Bancários; ; Juros e Correções Monetárias; Remuneração de Depósitos Bancários; Não se aplica; Rec. de Remun. Dep. Banc/Vinculados - Convênios Estado; Arrecadações; SECRETARIA DE ADMINISTRAÇÃO E FINANÇAS; SECRETARIA DE ADMINISTRAÇÃO E FINANÇAS; SECRETARIA DE ADMINISTRAÇÃO E FINANÇAS; R$ 0,00; R$ 0,00; R$ 0,00; R$ 0,00; R$ 12.960,26; R$ 41.748,14; R$ 0,00; 0.0
 13210101010502; Rec. de Remun. Dep. Banc/Vinculados - Convênios Estado; Receitas Correntes; Receita Patrimonial; Valores Mobiliários; Remuneração de Depósitos Bancários - Principal; Juros e Correções Monetárias; Remuneração de Depósitos Bancários; ; Juros e Correções Monetárias; Remuneração de Depósitos Bancários; Não se aplica; Rec. de Remun. Dep. Banc/Vinculados - Convênios Estado; Arrecadações; SECRETARIA DE ADMINISTRAÇÃO E FINANÇAS; SECRETARIA DE ADMINISTRAÇÃO E FINANÇAS; SECRETARIA DE ADMINISTRAÇÃO E FINANÇAS; R$ 0,00; R$ 0,00; R$ 0,00; R$ 0,00; R$ 13.597,37; R$ 55.345,51; R$ 0,00; 0.0
 13210101010502; Rec. de Remun. Dep. Banc/Vinculados - Convênios Estado; Receitas Correntes; Receita Patrimonial; Valores Mobiliários; Remuneração de Depósitos Bancários - Principal; Juros e Correções Monetárias; Remuneração de Depósitos Bancários; ; Juros e Correções Monetárias; Remuneração de Depósitos Bancários; Não se aplica; Rec. de Remun. Dep. Banc/Vinculados - Convênios Estado; Arrecadações; SECRETARIA DE ADMINISTRAÇÃO E FINANÇAS; SECRETARIA DE ADMINISTRAÇÃO E FINANÇAS; SECRETARIA DE ADMINISTRAÇÃO E FINANÇAS; R$ 0,00; R$ 0,00; R$ 0,00; R$ 0,00; R$ 12.575,88; R$ 67.921,39; R$ 0,00; 0.0
 13210101010502; Rec. de Remun. Dep. Banc/Vinculados - Convênios Estado; Receitas Correntes; Receita Patrimonial; Valores Mobiliários; Remuneração de Depósitos Bancários - Principal; Juros e Correções Monetárias; Remuneração de Depósitos Bancários; ; Juros e Correções Monetárias; Remuneração de Depósitos Bancários; Não se aplica; Rec. de Remun. Dep. Banc/Vinculados - Convênios Estado; Arrecadações; SECRETARIA DE ADMINISTRAÇÃO E FINANÇAS; SECRETARIA DE ADMINISTRAÇÃO E FINANÇAS; SECRETARIA DE ADMINISTRAÇÃO E FINANÇAS; R$ 0,00; R$ 0,00; R$ 0,00; R$ 0,00; R$ 2.181,04; R$ 70.102,43; R$ 0,00; 0.0
 13210101010502; Rec. de Remun. Dep. Banc/Vinculados - Convênios Estado; Receitas Correntes; Receita Patrimonial; Valores Mobiliários; Remuneração de Depósitos Bancários - Principal; Juros e Correções Monetárias; Remuneração de Depósitos Bancários; ; Juros e Correções Monetárias; Remuneração de Depósitos Bancários; Não se aplica; Rec. de Remun. Dep. Banc/Vinculados - Convênios Estado; Arrecadações; SECRETARIA DE ADMINISTRAÇÃO E FINANÇAS; SECRETARIA DE ADMINISTRAÇÃO E FINANÇAS; SECRETARIA DE ADMINISTRAÇÃO E FINANÇAS; R$ 0,00; R$ 0,00; R$ 0,00; R$ 0,00; R$ 20.441,18; R$ 90.543,61; R$ 0,00; 0.0
 13210101010502; Rec. de Remun. Dep. Banc/Vinculados - Convênios Estado; Receitas Correntes; Receita Patrimonial; Valores Mobiliários; Remuneração de Depósitos Bancários - Principal; Juros e Correções Monetárias; Remuneração de Depósitos Bancários; ; Juros e Correções Monetárias; Remuneração de Depósitos Bancários; Não se aplica; Rec. de Remun. Dep. Banc/Vinculados - Convênios Estado; Arrecadações; SECRETARIA DE ADMINISTRAÇÃO E FINANÇAS; SECRETARIA DE ADMINISTRAÇÃO E FINANÇAS; SECRETARIA DE ADMINISTRAÇÃO E FINANÇAS; R$ 0,00; R$ 0,00; R$ 0,00; R$ 0,00; R$ 9.876,86; R$ 100.420,47; R$ 0,00; 0.0
 13210101010502; Rec. de Remun. Dep. Banc/Vinculados - Convênios Estado; Receitas Correntes; Receita Patrimonial; Valores Mobiliários; Remuneração de Depósitos Bancários - Principal; Juros e Correções Monetárias; Remuneração de Depósitos Bancários; ; Juros e Correções Monetárias; Remuneração de Depósitos Bancários; Não se aplica; Rec. de Remun. Dep. Banc/Vinculados - Convênios Estado; Arrecadações; SECRETARIA DE ADMINISTRAÇÃO E FINANÇAS; SECRETARIA DE ADMINISTRAÇÃO E FINANÇAS; SECRETARIA DE ADMINISTRAÇÃO E FINANÇAS; R$ 0,00; R$ 0,00; R$ 0,00; R$ 0,00; R$ 7.610,33; R$ 108.030,80; R$ 0,00; 0.0
 13210101010502; Rec. de Remun. Dep. Banc/Vinculados - Convênios Estado; Receitas Correntes; Receita Patrimonial; Valores Mobiliários; Remuneração de Depósitos Bancários - Principal; Juros e Correções Monetárias; Remuneração de Depósitos Bancários; ; Juros e Correções Monetárias; Remuneração de Depósitos Bancários; Não se aplica; Rec. de Remun. Dep. Banc/Vinculados - Convênios Estado; Arrecadações; SECRETARIA DE ADMINISTRAÇÃO E FINANÇAS; SECRETARIA DE ADMINISTRAÇÃO E FINANÇAS; SECRETARIA DE ADMINISTRAÇÃO E FINANÇAS; R$ 0,00; R$ 0,00; R$ 0,00; R$ 0,00; R$ 7.003,12; R$ 115.033,92; R$ 0,00; 0.0
 13210101010502; Rec. de Remun. Dep. Banc/Vinculados - Convênios Estado; Receitas Correntes; Receita Patrimonial; Valores Mobiliários; Remuneração de Depósitos Bancários - Principal; Juros e Correções Monetárias; Remuneração de Depósitos Bancários; ; Juros e Correções Monetárias; Remuneração de Depósitos Bancários; Não se aplica; Rec. de Remun. Dep. Banc/Vinculados - Convênios Estado; Arrecadações; SECRETARIA DE ADMINISTRAÇÃO E FINANÇAS; SECRETARIA DE ADMINISTRAÇÃO E FINANÇAS; SECRETARIA DE ADMINISTRAÇÃO E FINANÇAS; R$ 0,00; R$ 0,00; R$ 0,00; R$ 0,00; R$ 4.573,35; R$ 119.607,27; R$ 0,00; 0.0
 13210101010502; Rec. de Remun. Dep. Banc/Vinculados - Convênios Estado; Receitas Correntes; Receita Patrimonial; Valores Mobiliários; Remuneração de Depósitos Bancários - Principal; Juros e Correções Monetárias; Remuneração de Depósitos Bancários; ; Juros e Correções Monetárias; Remuneração de Depósitos Bancários; Não se aplica; Rec. de Remun. Dep. Banc/Vinculados - Convênios Estado; Arrecadações; SECRETARIA DE ADMINISTRAÇÃO E FINANÇAS; SECRETARIA DE ADMINISTRAÇÃO E FINANÇAS; SECRETARIA DE ADMINISTRAÇÃO E FINANÇAS; R$ 0,00; R$ 0,00; R$ 0,00; R$ 0,00; R$ 7.348,91; R$ 126.956,18; R$ 0,00; 0.0
 13210101019919; Remun. Dep. Banc. Transf. União Sec. Prot. e Defesa Civil - Restabelecimento; Receitas Correntes; Receita Patrimonial; Valores Mobiliários; Remuneração de Depósitos Bancários - Principal; Juros e Correções Monetárias; Remuneração de Depósitos Bancários; ; Juros e Correções Monetárias; Remuneração de Depósitos Bancários; Não se aplica; Remun. Dep. Banc. Transf. União Sec. Prot. e Defesa Civil - Restabelecimento; Arrecadações; SECRETARIA DE ADMINISTRAÇÃO E FINANÇAS; SECRETARIA DE ADMINISTRAÇÃO E FINANÇAS; SECRETARIA DE ADMINISTRAÇÃO E FINANÇAS; R$ 0,00; R$ 0,00; R$ 0,00; R$ 0,00; R$ 2.432,16; R$ 2.432,16; R$ 0,00; 0.0
 13210101019919; Remun. Dep. Banc. Transf. União Sec. Prot. e Defesa Civil - Restabelecimento; Receitas Correntes; Receita Patrimonial; Valores Mobiliários; Remuneração de Depósitos Bancários - Principal; Juros e Correções Monetárias; Remuneração de Depósitos Bancários; ; Juros e Correções Monetárias; Remuneração de Depósitos Bancários; Não se aplica; Remun. Dep. Banc. Transf. União Sec. Prot. e Defesa Civil - Restabelecimento; Arrecadações; SECRETARIA DE ADMINISTRAÇÃO E FINANÇAS; SECRETARIA DE ADMINISTRAÇÃO E FINANÇAS; SECRETARIA DE ADMINISTRAÇÃO E FINANÇAS; R$ 0,00; R$ 0,00; R$ 0,00; R$ 0,00; R$ 1.540,96; R$ 3.973,12; R$ 0,00; 0.0
 13210101019919; Remun. Dep. Banc. Transf. União Sec. Prot. e Defesa Civil - Restabelecimento; Receitas Correntes; Receita Patrimonial; Valores Mobiliários; Remuneração de Depósitos Bancários - Principal; Juros e Correções Monetárias; Remuneração de Depósitos Bancários; ; Juros e Correções Monetárias; Remuneração de Depósitos Bancários; Não se aplica; Remun. Dep. Banc. Transf. União Sec. Prot. e Defesa Civil - Restabelecimento; Arrecadações; SECRETARIA DE ADMINISTRAÇÃO E FINANÇAS; SECRETARIA DE ADMINISTRAÇÃO E FINANÇAS; SECRETARIA DE ADMINISTRAÇÃO E FINANÇAS; R$ 0,00; R$ 0,00; R$ 0,00; R$ 0,00; R$ 2.824,42; R$ 6.797,54; R$ 0,00; 0.0
 13210101019919; Remun. Dep. Banc. Transf. União Sec. Prot. e Defesa Civil - Restabelecimento; Receitas Correntes; Receita Patrimonial; Valores Mobiliários; Remuneração de Depósitos Bancários - Principal; Juros e Correções Monetárias; Remuneração de Depósitos Bancários; ; Juros e Correções Monetárias; Remuneração de Depósitos Bancários; Não se aplica; Remun. Dep. Banc. Transf. União Sec. Prot. e Defesa Civil - Restabelecimento; Arrecadações; SECRETARIA DE ADMINISTRAÇÃO E FINANÇAS; SECRETARIA DE ADMINISTRAÇÃO E FINANÇAS; SECRETARIA DE ADMINISTRAÇÃO E FINANÇAS; R$ 0,00; R$ 0,00; R$ 0,00; R$ 0,00; R$ 3.362,31; R$ 10.159,85; R$ 0,00; 0.0
 13210101019919; Remun. Dep. Banc. Transf. União Sec. Prot. e Defesa Civil - Restabelecimento; Receitas Correntes; Receita Patrimonial; Valores Mobiliários; Remuneração de Depósitos Bancários - Principal; Juros e Correções Monetárias; Remuneração de Depósitos Bancários; ; Juros e Correções Monetárias; Remuneração de Depósitos Bancários; Não se aplica; Remun. Dep. Banc. Transf. União Sec. Prot. e Defesa Civil - Restabelecimento; Arrecadações; SECRETARIA DE ADMINISTRAÇÃO E FINANÇAS; SECRETARIA DE ADMINISTRAÇÃO E FINANÇAS; SECRETARIA DE ADMINISTRAÇÃO E FINANÇAS; R$ 0,00; R$ 0,00; R$ 0,00; R$ 0,00; R$ 2.614,59; R$ 12.774,44; R$ 0,00; 0.0
 13210101019919; Remun. Dep. Banc. Transf. União Sec. Prot. e Defesa Civil - Restabelecimento; Receitas Correntes; Receita Patrimonial; Valores Mobiliários; Remuneração de Depósitos Bancários - Principal; Juros e Correções Monetárias; Remuneração de Depósitos Bancários; ; Juros e Correções Monetárias; Remuneração de Depósitos Bancários; Não se aplica; Remun. Dep. Banc. Transf. União Sec. Prot. e Defesa Civil - Restabelecimento; Arrecadações; SECRETARIA DE ADMINISTRAÇÃO E FINANÇAS; SECRETARIA DE ADMINISTRAÇÃO E FINANÇAS; SECRETARIA DE ADMINISTRAÇÃO E FINANÇAS; R$ 0,00; R$ 0,00; R$ 0,00; R$ 0,00; R$ 765,08; R$ 13.539,52; R$ 0,00; 0.0
 13210101019919; Remun. Dep. Banc. Transf. União Sec. Prot. e Defesa Civil - Restabelecimento; Receitas Correntes; Receita Patrimonial; Valores Mobiliários; Remuneração de Depósitos Bancários - Principal; Juros e Correções Monetárias; Remuneração de Depósitos Bancários; ; Juros e Correções Monetárias; Remuneração de Depósitos Bancários; Não se aplica; Remun. Dep. Banc. Transf. União Sec. Prot. e Defesa Civil - Restabelecimento; Arrecadações; SECRETARIA DE ADMINISTRAÇÃO E FINANÇAS; SECRETARIA DE ADMINISTRAÇÃO E FINANÇAS; SECRETARIA DE ADMINISTRAÇÃO E FINANÇAS; R$ 0,00; R$ 0,00; R$ 0,00; R$ 0,00; R$ 3.777,98; R$ 17.317,50; R$ 0,00; 0.0
 13210101019919; Remun. Dep. Banc. Transf. União Sec. Prot. e Defesa Civil - Restabelecimento; Receitas Correntes; Receita Patrimonial; Valores Mobiliários; Remuneração de Depósitos Bancários - Principal; Juros e Correções Monetárias; Remuneração de Depósitos Bancários; ; Juros e Correções Monetárias; Remuneração de Depósitos Bancários; Não se aplica; Remun. Dep. Banc. Transf. União Sec. Prot. e Defesa Civil - Restabelecimento; Arrecadações; SECRETARIA DE ADMINISTRAÇÃO E FINANÇAS; SECRETARIA DE ADMINISTRAÇÃO E FINANÇAS; SECRETARIA DE ADMINISTRAÇÃO E FINANÇAS; R$ 0,00; R$ 0,00; R$ 0,00; R$ 0,00; R$ 1.710,57; R$ 19.028,07; R$ 0,00; 0.0
 13210101019919; Remun. Dep. Banc. Transf. União Sec. Prot. e Defesa Civil - Restabelecimento; Receitas Correntes; Receita Patrimonial; Valores Mobiliários; Remuneração de Depósitos Bancários - Principal; Juros e Correções Monetárias; Remuneração de Depósitos Bancários; ; Juros e Correções Monetárias; Remuneração de Depósitos Bancários; Não se aplica; Remun. Dep. Banc. Transf. União Sec. Prot. e Defesa Civil - Restabelecimento; Arrecadações; SECRETARIA DE ADMINISTRAÇÃO E FINANÇAS; SECRETARIA DE ADMINISTRAÇÃO E FINANÇAS; SECRETARIA DE ADMINISTRAÇÃO E FINANÇAS; R$ 0,00; R$ 0,00; R$ 0,00; R$ 0,00; R$ 852,31; R$ 19.880,38; R$ 0,00; 0.0
 13210101019919; Remun. Dep. Banc. Transf. União Sec. Prot. e Defesa Civil - Restabelecimento; Receitas Correntes; Receita Patrimonial; Valores Mobiliários; Remuneração de Depósitos Bancários - Principal; Juros e Correções Monetárias; Remuneração de Depósitos Bancários; ; Juros e Correções Monetárias; Remuneração de Depósitos Bancários; Não se aplica; Remun. Dep. Banc. Transf. União Sec. Prot. e Defesa Civil - Restabelecimento; Arrecadações; SECRETARIA DE ADMINISTRAÇÃO E FINANÇAS; SECRETARIA DE ADMINISTRAÇÃO E FINANÇAS; SECRETARIA DE ADMINISTRAÇÃO E FINANÇAS; R$ 0,00; R$ 0,00; R$ 0,00; R$ 0,00; R$ 628,82; R$ 20.509,20; R$ 0,00; 0.0
 13210101019919; Remun. Dep. Banc. Transf. União Sec. Prot. e Defesa Civil - Restabelecimento; Receitas Correntes; Receita Patrimonial; Valores Mobiliários; Remuneração de Depósitos Bancários - Principal; Juros e Correções Monetárias; Remuneração de Depósitos Bancários; ; Juros e Correções Monetárias; Remuneração de Depósitos Bancários; Não se aplica; Remun. Dep. Banc. Transf. União Sec. Prot. e Defesa Civil - Restabelecimento; Arrecadações; SECRETARIA DE ADMINISTRAÇÃO E FINANÇAS; SECRETARIA DE ADMINISTRAÇÃO E FINANÇAS; SECRETARIA DE ADMINISTRAÇÃO E FINANÇAS; R$ 0,00; R$ 0,00; R$ 0,00; R$ 0,00; R$ 533,61; R$ 21.042,81; R$ 0,00; 0.0
 13210101019919; Remun. Dep. Banc. Transf. União Sec. Prot. e Defesa Civil - Restabelecimento; Receitas Correntes; Receita Patrimonial; Valores Mobiliários; Remuneração de Depósitos Bancários - Principal; Juros e Correções Monetárias; Remuneração de Depósitos Bancários; ; Juros e Correções Monetárias; Remuneração de Depósitos Bancários; Não se aplica; Remun. Dep. Banc. Transf. União Sec. Prot. e Defesa Civil - Restabelecimento; Arrecadações; SECRETARIA DE ADMINISTRAÇÃO E FINANÇAS; SECRETARIA DE ADMINISTRAÇÃO E FINANÇAS; SECRETARIA DE ADMINISTRAÇÃO E FINANÇAS; R$ 0,00; R$ 0,00; R$ 0,00; R$ 0,00; R$ -1.422,76; R$ 19.620,05; R$ 0,00; 0.0
 11220101010000; TPS - Taxa de Limpeza Púlbica; Receitas Correntes; Impostos, Taxas e Contribuições de Melhoria; Taxas; Taxas pela Prestação de Serviços em Geral - Principal; Taxas pela Prestação de Serviços; Taxas pela Prestação de Serviços; ; Taxas pela Prestação de Serviços; Taxas pela Prestação de Serviços; Não se aplica; TPS - Taxa de Limpeza Púlbica; Arrecadações; SECRETARIA DE ADMINISTRAÇÃO E FINANÇAS; SECRETARIA DE ADMINISTRAÇÃO E FINANÇAS; SECRETARIA DE ADMINISTRAÇÃO E FINANÇAS; R$ 0,00; R$ 0,00; R$ 0,00; R$ 0,00; R$ 2.524,82; R$ 412.554,57; R$ 0,00; 0.0
 11220102000000; Taxas pela Prestação de Serviços em Geral - Multas e Juros de Mora; Receitas Correntes; Impostos, Taxas e Contribuições de Melhoria; Taxas; Taxas pela Prestação de Serviços em Geral - Multas e Juros de Mora; Taxas pela Prestação de Serviços; Taxas pela Prestação de Serviços; ; Taxas pela Prestação de Serviços; Taxas pela Prestação de Serviços; Não se aplica; Taxas pela Prestação de Serviços em Geral - Multas e Juros de Mora; Arrecadações; SECRETARIA DE ADMINISTRAÇÃO E FINANÇAS; SECRETARIA DE ADMINISTRAÇÃO E FINANÇAS; SECRETARIA DE ADMINISTRAÇÃO E FINANÇAS; R$ 0,00; R$ 0,00; R$ 0,00; R$ 0,00; R$ 1.680,32; R$ 7.941,30; R$ 0,00; 0.0
 11145112000000; Imposto sobre Serviços de Qualquer Natureza - ISSQN - Multas e Juros de Mora; Receitas Correntes; Impostos, Taxas e Contribuições de Melhoria; Impostos; Imposto sobre Serviços de Qualquer Natureza - ISSQN - Multas e Juros de Mora; Impostos sobre Produção, Circulação e Serviços; Impostos sobre Serviços; Imposto sobre Serviços de Qualquer Natureza - ISSQN; Impostos sobre Produção, Circulação e Serviços; Impostos sobre Serviços; Imposto sobre Serviços de Qualquer Natureza - ISSQN; Imposto sobre Serviços de Qualquer Natureza - ISSQN - Multas e Juros de Mora; Arrecadações; SECRETARIA DE ADMINISTRAÇÃO E FINANÇAS; SECRETARIA DE ADMINISTRAÇÃO E FINANÇAS; SECRETARIA DE ADMINISTRAÇÃO E FINANÇAS; R$ 0,00; R$ 0,00; R$ 0,00; R$ 0,00; R$ 2.454,39; R$ 9.243,32; R$ 0,00; 0.0
 17515001000000; Transferências de Recursos do Fundo de Manutenção e Desenvolvimento da Educação Básica e de Valorização dos Profissionais da Educação – FUNDEB - Princ; Receitas Correntes; Transferências Correntes; Transferências de Outras Instituições Públicas; Transferências de Recursos do Fundo de Manutenção e Desenvolvimento da Educação Básica e de Valorização dos Profissionais da Educação – FUNDEB - Princ; Transferências de Recursos do Fundo de Manutenção e Desenvolvimento da Educação Básica e de Valorização dos Profissionais da Educação - FUNDEB; Transferências de Recursos do Fundo de Manutenção e Desenvolvimento da Educação Básica e de Valorização dos Profissionais da Educação – FUNDEB; ; Transferências de Recursos do Fundo de Manutenção e Desenvolvimento da Educação Básica e de Valorização dos Profissionais da Educação - FUNDEB; Transferências de Recursos do Fundo de Manutenção e Desenvolvimento da Educação Básica e de Valorização dos Profissionais da Educação – FUNDEB; Não se aplica; Transferências de Recursos do Fundo de Manutenção e Desenvolvimento da Educação Básica e de Valorização dos Profissionais da Educação – FUNDEB - Princ; Arrecadações; SECRETARIA DE EDUCAÇÃO; DIRETORIA DE ENSINO; SECRETARIA DE EDUCAÇÃO; R$ 0,00; R$ 0,00; R$ 0,00; R$ 0,00; R$ 1.502.312,79; R$ 13.683.165,05; R$ 0,00; 0.0
 11220101010000; TPS - Taxa de Limpeza Púlbica; Receitas Correntes; Impostos, Taxas e Contribuições de Melhoria; Taxas; Taxas pela Prestação de Serviços em Geral - Principal; Taxas pela Prestação de Serviços; Taxas pela Prestação de Serviços; ; Taxas pela Prestação de Serviços; Taxas pela Prestação de Serviços; Não se aplica; TPS - Taxa de Limpeza Púlbica; Arrecadações; SECRETARIA DE ADMINISTRAÇÃO E FINANÇAS; SECRETARIA DE ADMINISTRAÇÃO E FINANÇAS; SECRETARIA DE ADMINISTRAÇÃO E FINANÇAS; R$ 0,00; R$ 0,00; R$ 0,00; R$ 0,00; R$ 1.818,33; R$ 418.540,81; R$ 0,00; 0.0
 17515001000000; Transferências de Recursos do Fundo de Manutenção e Desenvolvimento da Educação Básica e de Valorização dos Profissionais da Educação – FUNDEB - Princ; Receitas Correntes; Transferências Correntes; Transferências de Outras Instituições Públicas; Transferências de Recursos do Fundo de Manutenção e Desenvolvimento da Educação Básica e de Valorização dos Profissionais da Educação – FUNDEB - Princ; Transferências de Recursos do Fundo de Manutenção e Desenvolvimento da Educação Básica e de Valorização dos Profissionais da Educação - FUNDEB; Transferências de Recursos do Fundo de Manutenção e Desenvolvimento da Educação Básica e de Valorização dos Profissionais da Educação – FUNDEB; ; Transferências de Recursos do Fundo de Manutenção e Desenvolvimento da Educação Básica e de Valorização dos Profissionais da Educação - FUNDEB; Transferências de Recursos do Fundo de Manutenção e Desenvolvimento da Educação Básica e de Valorização dos Profissionais da Educação – FUNDEB; Não se aplica; Transferências de Recursos do Fundo de Manutenção e Desenvolvimento da Educação Básica e de Valorização dos Profissionais da Educação – FUNDEB - Princ; Arrecadações; SECRETARIA DE EDUCAÇÃO; DIRETORIA DE ENSINO; SECRETARIA DE EDUCAÇÃO; R$ 0,00; R$ 0,00; R$ 0,00; R$ 0,00; R$ 1.497.799,76; R$ 15.180.964,81; R$ 0,00; 0.0
 11145112000000; Imposto sobre Serviços de Qualquer Natureza - ISSQN - Multas e Juros de Mora; Receitas Correntes; Impostos, Taxas e Contribuições de Melhoria; Impostos; Imposto sobre Serviços de Qualquer Natureza - ISSQN - Multas e Juros de Mora; Impostos sobre Produção, Circulação e Serviços; Impostos sobre Serviços; Imposto sobre Serviços de Qualquer Natureza - ISSQN; Impostos sobre Produção, Circulação e Serviços; Impostos sobre Serviços; Imposto sobre Serviços de Qualquer Natureza - ISSQN; Imposto sobre Serviços de Qualquer Natureza - ISSQN - Multas e Juros de Mora; Arrecadações; SECRETARIA DE ADMINISTRAÇÃO E FINANÇAS; SECRETARIA DE ADMINISTRAÇÃO E FINANÇAS; SECRETARIA DE ADMINISTRAÇÃO E FINANÇAS; R$ 0,00; R$ 0,00; R$ 0,00; R$ 0,00; R$ 2.361,48; R$ 17.362,76; R$ 0,00; 0.0
 11220102000000; Taxas pela Prestação de Serviços em Geral - Multas e Juros de Mora; Receitas Correntes; Impostos, Taxas e Contribuições de Melhoria; Taxas; Taxas pela Prestação de Serviços em Geral - Multas e Juros de Mora; Taxas pela Prestação de Serviços; Taxas pela Prestação de Serviços; ; Taxas pela Prestação de Serviços; Taxas pela Prestação de Serviços; Não se aplica; Taxas pela Prestação de Serviços em Geral - Multas e Juros de Mora; Arrecadações; SECRETARIA DE ADMINISTRAÇÃO E FINANÇAS; SECRETARIA DE ADMINISTRAÇÃO E FINANÇAS; SECRETARIA DE ADMINISTRAÇÃO E FINANÇAS; R$ 0,00; R$ 0,00; R$ 0,00; R$ 0,00; R$ 1.460,59; R$ 12.069,25; R$ 0,00; 0.0
 11220101010000; TPS - Taxa de Limpeza Púlbica; Receitas Correntes; Impostos, Taxas e Contribuições de Melhoria; Taxas; Taxas pela Prestação de Serviços em Geral - Principal; Taxas pela Prestação de Serviços; Taxas pela Prestação de Serviços; ; Taxas pela Prestação de Serviços; Taxas pela Prestação de Serviços; Não se aplica; TPS - Taxa de Limpeza Púlbica; Arrecadações; SECRETARIA DE ADMINISTRAÇÃO E FINANÇAS; SECRETARIA DE ADMINISTRAÇÃO E FINANÇAS; SECRETARIA DE ADMINISTRAÇÃO E FINANÇAS; R$ 0,00; R$ 0,00; R$ 0,00; R$ 0,00; R$ 2.088,82; R$ 420.629,63; R$ 0,00; 0.0
 11220102000000; Taxas pela Prestação de Serviços em Geral - Multas e Juros de Mora; Receitas Correntes; Impostos, Taxas e Contribuições de Melhoria; Taxas; Taxas pela Prestação de Serviços em Geral - Multas e Juros de Mora; Taxas pela Prestação de Serviços; Taxas pela Prestação de Serviços; ; Taxas pela Prestação de Serviços; Taxas pela Prestação de Serviços; Não se aplica; Taxas pela Prestação de Serviços em Geral - Multas e Juros de Mora; Arrecadações; SECRETARIA DE ADMINISTRAÇÃO E FINANÇAS; SECRETARIA DE ADMINISTRAÇÃO E FINANÇAS; SECRETARIA DE ADMINISTRAÇÃO E FINANÇAS; R$ 0,00; R$ 0,00; R$ 0,00; R$ 0,00; R$ 1.113,59; R$ 13.182,84; R$ 0,00; 0.0
 17515001000000; Transferências de Recursos do Fundo de Manutenção e Desenvolvimento da Educação Básica e de Valorização dos Profissionais da Educação – FUNDEB - Princ; Receitas Correntes; Transferências Correntes; Transferências de Outras Instituições Públicas; Transferências de Recursos do Fundo de Manutenção e Desenvolvimento da Educação Básica e de Valorização dos Profissionais da Educação – FUNDEB - Princ; Transferências de Recursos do Fundo de Manutenção e Desenvolvimento da Educação Básica e de Valorização dos Profissionais da Educação - FUNDEB; Transferências de Recursos do Fundo de Manutenção e Desenvolvimento da Educação Básica e de Valorização dos Profissionais da Educação – FUNDEB; ; Transferências de Recursos do Fundo de Manutenção e Desenvolvimento da Educação Básica e de Valorização dos Profissionais da Educação - FUNDEB; Transferências de Recursos do Fundo de Manutenção e Desenvolvimento da Educação Básica e de Valorização dos Profissionais da Educação – FUNDEB; Não se aplica; Transferências de Recursos do Fundo de Manutenção e Desenvolvimento da Educação Básica e de Valorização dos Profissionais da Educação – FUNDEB - Princ; Arrecadações; SECRETARIA DE EDUCAÇÃO; DIRETORIA DE ENSINO; SECRETARIA DE EDUCAÇÃO; R$ 0,00; R$ 0,00; R$ 0,00; R$ 0,00; R$ 1.556.408,83; R$ 16.737.373,64; R$ 0,00; 0.0
 11145112000000; Imposto sobre Serviços de Qualquer Natureza - ISSQN - Multas e Juros de Mora; Receitas Correntes; Impostos, Taxas e Contribuições de Melhoria; Impostos; Imposto sobre Serviços de Qualquer Natureza - ISSQN - Multas e Juros de Mora; Impostos sobre Produção, Circulação e Serviços; Impostos sobre Serviços; Imposto sobre Serviços de Qualquer Natureza - ISSQN; Impostos sobre Produção, Circulação e Serviços; Impostos sobre Serviços; Imposto sobre Serviços de Qualquer Natureza - ISSQN; Imposto sobre Serviços de Qualquer Natureza - ISSQN - Multas e Juros de Mora; Arrecadações; SECRETARIA DE ADMINISTRAÇÃO E FINANÇAS; SECRETARIA DE ADMINISTRAÇÃO E FINANÇAS; SECRETARIA DE ADMINISTRAÇÃO E FINANÇAS; R$ 0,00; R$ 0,00; R$ 0,00; R$ 0,00; R$ 2.679,79; R$ 20.042,55; R$ 0,00; 0.0
 11145112000000; Imposto sobre Serviços de Qualquer Natureza - ISSQN - Multas e Juros de Mora; Receitas Correntes; Impostos, Taxas e Contribuições de Melhoria; Impostos; Imposto sobre Serviços de Qualquer Natureza - ISSQN - Multas e Juros de Mora; Impostos sobre Produção, Circulação e Serviços; Impostos sobre Serviços; Imposto sobre Serviços de Qualquer Natureza - ISSQN; Impostos sobre Produção, Circulação e Serviços; Impostos sobre Serviços; Imposto sobre Serviços de Qualquer Natureza - ISSQN; Imposto sobre Serviços de Qualquer Natureza - ISSQN - Multas e Juros de Mora; Arrecadações; SECRETARIA DE ADMINISTRAÇÃO E FINANÇAS; SECRETARIA DE ADMINISTRAÇÃO E FINANÇAS; SECRETARIA DE ADMINISTRAÇÃO E FINANÇAS; R$ 0,00; R$ 0,00; R$ 0,00; R$ 0,00; R$ 1.424,77; R$ 21.467,32; R$ 0,00; 0.0
 17515001000000; Transferências de Recursos do Fundo de Manutenção e Desenvolvimento da Educação Básica e de Valorização dos Profissionais da Educação – FUNDEB - Princ; Receitas Correntes; Transferências Correntes; Transferências de Outras Instituições Públicas; Transferências de Recursos do Fundo de Manutenção e Desenvolvimento da Educação Básica e de Valorização dos Profissionais da Educação – FUNDEB - Princ; Transferências de Recursos do Fundo de Manutenção e Desenvolvimento da Educação Básica e de Valorização dos Profissionais da Educação - FUNDEB; Transferências de Recursos do Fundo de Manutenção e Desenvolvimento da Educação Básica e de Valorização dos Profissionais da Educação – FUNDEB; ; Transferências de Recursos do Fundo de Manutenção e Desenvolvimento da Educação Básica e de Valorização dos Profissionais da Educação - FUNDEB; Transferências de Recursos do Fundo de Manutenção e Desenvolvimento da Educação Básica e de Valorização dos Profissionais da Educação – FUNDEB; Não se aplica; Transferências de Recursos do Fundo de Manutenção e Desenvolvimento da Educação Básica e de Valorização dos Profissionais da Educação – FUNDEB - Princ; Arrecadações; SECRETARIA DE EDUCAÇÃO; DIRETORIA DE ENSINO; SECRETARIA DE EDUCAÇÃO; R$ 0,00; R$ 0,00; R$ 0,00; R$ 0,00; R$ 1.654.538,30; R$ 18.391.911,94; R$ 0,00; 0.0
 11220102000000; Taxas pela Prestação de Serviços em Geral - Multas e Juros de Mora; Receitas Correntes; Impostos, Taxas e Contribuições de Melhoria; Taxas; Taxas pela Prestação de Serviços em Geral - Multas e Juros de Mora; Taxas pela Prestação de Serviços; Taxas pela Prestação de Serviços; ; Taxas pela Prestação de Serviços; Taxas pela Prestação de Serviços; Não se aplica; Taxas pela Prestação de Serviços em Geral - Multas e Juros de Mora; Arrecadações; SECRETARIA DE ADMINISTRAÇÃO E FINANÇAS; SECRETARIA DE ADMINISTRAÇÃO E FINANÇAS; SECRETARIA DE ADMINISTRAÇÃO E FINANÇAS; R$ 0,00; R$ 0,00; R$ 0,00; R$ 0,00; R$ 1.774,53; R$ 14.957,37; R$ 0,00; 0.0
 11220101010000; TPS - Taxa de Limpeza Púlbica; Receitas Correntes; Impostos, Taxas e Contribuições de Melhoria; Taxas; Taxas pela Prestação de Serviços em Geral - Principal; Taxas pela Prestação de Serviços; Taxas pela Prestação de Serviços; ; Taxas pela Prestação de Serviços; Taxas pela Prestação de Serviços; Não se aplica; TPS - Taxa de Limpeza Púlbica; Arrecadações; SECRETARIA DE ADMINISTRAÇÃO E FINANÇAS; SECRETARIA DE ADMINISTRAÇÃO E FINANÇAS; SECRETARIA DE ADMINISTRAÇÃO E FINANÇAS; R$ 0,00; R$ 0,00; R$ 0,00; R$ 0,00; R$ 1.933,74; R$ 422.563,37; R$ 0,00; 0.0
 11125002000000; Imposto sobre a Propriedade Predial e Territorial Urbana - Multas e Juros de Mora; Receitas Correntes; Impostos, Taxas e Contribuições de Melhoria; Impostos; Imposto sobre a Propriedade Predial e Territorial Urbana - Multas e Juros de Mora; Impostos sobre o Patrimônio; Imposto sobre a Propriedade Predial e Territorial Urbana; ; Impostos sobre o Patrimônio; Imposto sobre a Propriedade Predial e Territorial Urbana; Não se aplica; Imposto sobre a Propriedade Predial e Territorial Urbana - Multas e Juros de Mora; Arrecadações; SECRETARIA DE ADMINISTRAÇÃO E FINANÇAS; SECRETARIA DE ADMINISTRAÇÃO E FINANÇAS; SECRETARIA DE ADMINISTRAÇÃO E FINANÇAS; R$ 88.370,00; R$ 88.370,00; R$ 0,00; R$ 0,00; R$ 3.846,56; R$ 3.846,56; R$ 88.370,00; 4.35
 11210102000000; Taxas de Inspeção, Contr. e Fisc. - Multas e Juros; Receitas Correntes; Impostos, Taxas e Contribuições de Melhoria; Taxas; Taxas de Inspeção, Contr. e Fisc. - Multas e Juros; Taxas pelo Exercício do Poder de Polícia; Taxas de Inspeção, Controle e Fiscalização; ; Taxas pelo Exercício do Poder de Polícia; Taxas de Inspeção, Controle e Fiscalização; Não se aplica; Taxas de Inspeção, Contr. e Fisc. - Multas e Juros; Arrecadações; SECRETARIA DE ADMINISTRAÇÃO E FINANÇAS; SECRETARIA DE ADMINISTRAÇÃO E FINANÇAS; SECRETARIA DE ADMINISTRAÇÃO E FINANÇAS; R$ 4.680,00; R$ 4.680,00; R$ 0,00; R$ 0,00; R$ 3.875,87; R$ 3.875,87; R$ 4.680,00; 82.82
 11210102000000; Taxas de Inspeção, Contr. e Fisc. - Multas e Juros; Receitas Correntes; Impostos, Taxas e Contribuições de Melhoria; Taxas; Taxas de Inspeção, Contr. e Fisc. - Multas e Juros; Taxas pelo Exercício do Poder de Polícia; Taxas de Inspeção, Controle e Fiscalização; ; Taxas pelo Exercício do Poder de Polícia; Taxas de Inspeção, Controle e Fiscalização; Não se aplica; Taxas de Inspeção, Contr. e Fisc. - Multas e Juros; Arrecadações; SECRETARIA DE ADMINISTRAÇÃO E FINANÇAS; SECRETARIA DE ADMINISTRAÇÃO E FINANÇAS; SECRETARIA DE ADMINISTRAÇÃO E FINANÇAS; R$ 0,00; R$ 0,00; R$ 0,00; R$ 0,00; R$ 225,49; R$ 4.101,36; R$ 0,00; 0.0
 11125002000000; Imposto sobre a Propriedade Predial e Territorial Urbana - Multas e Juros de Mora; Receitas Correntes; Impostos, Taxas e Contribuições de Melhoria; Impostos; Imposto sobre a Propriedade Predial e Territorial Urbana - Multas e Juros de Mora; Impostos sobre o Patrimônio; Imposto sobre a Propriedade Predial e Territorial Urbana; ; Impostos sobre o Patrimônio; Imposto sobre a Propriedade Predial e Territorial Urbana; Não se aplica; Imposto sobre a Propriedade Predial e Territorial Urbana - Multas e Juros de Mora; Arrecadações; SECRETARIA DE ADMINISTRAÇÃO E FINANÇAS; SECRETARIA DE ADMINISTRAÇÃO E FINANÇAS; SECRETARIA DE ADMINISTRAÇÃO E FINANÇAS; R$ 0,00; R$ 0,00; R$ 0,00; R$ 0,00; R$ 479,43; R$ 4.325,99; R$ 0,00; 0.0
 11210102000000; Taxas de Inspeção, Contr. e Fisc. - Multas e Juros; Receitas Correntes; Impostos, Taxas e Contribuições de Melhoria; Taxas; Taxas de Inspeção, Contr. e Fisc. - Multas e Juros; Taxas pelo Exercício do Poder de Polícia; Taxas de Inspeção, Controle e Fiscalização; ; Taxas pelo Exercício do Poder de Polícia; Taxas de Inspeção, Controle e Fiscalização; Não se aplica; Taxas de Inspeção, Contr. e Fisc. - Multas e Juros; Arrecadações; SECRETARIA DE ADMINISTRAÇÃO E FINANÇAS; SECRETARIA DE ADMINISTRAÇÃO E FINANÇAS; SECRETARIA DE ADMINISTRAÇÃO E FINANÇAS; R$ 0,00; R$ 0,00; R$ 0,00; R$ 0,00; R$ 904,52; R$ 6.796,37; R$ 0,00; 0.0
 11125002000000; Imposto sobre a Propriedade Predial e Territorial Urbana - Multas e Juros de Mora; Receitas Correntes; Impostos, Taxas e Contribuições de Melhoria; Impostos; Imposto sobre a Propriedade Predial e Territorial Urbana - Multas e Juros de Mora; Impostos sobre o Patrimônio; Imposto sobre a Propriedade Predial e Territorial Urbana; ; Impostos sobre o Patrimônio; Imposto sobre a Propriedade Predial e Territorial Urbana; Não se aplica; Imposto sobre a Propriedade Predial e Territorial Urbana - Multas e Juros de Mora; Arrecadações; SECRETARIA DE ADMINISTRAÇÃO E FINANÇAS; SECRETARIA DE ADMINISTRAÇÃO E FINANÇAS; SECRETARIA DE ADMINISTRAÇÃO E FINANÇAS; R$ 0,00; R$ 0,00; R$ 0,00; R$ 0,00; R$ 4.650,12; R$ 15.367,53; R$ 0,00; 0.0
 11125002000000; Imposto sobre a Propriedade Predial e Territorial Urbana - Multas e Juros de Mora; Receitas Correntes; Impostos, Taxas e Contribuições de Melhoria; Impostos; Imposto sobre a Propriedade Predial e Territorial Urbana - Multas e Juros de Mora; Impostos sobre o Patrimônio; Imposto sobre a Propriedade Predial e Territorial Urbana; ; Impostos sobre o Patrimônio; Imposto sobre a Propriedade Predial e Territorial Urbana; Não se aplica; Imposto sobre a Propriedade Predial e Territorial Urbana - Multas e Juros de Mora; Arrecadações; SECRETARIA DE ADMINISTRAÇÃO E FINANÇAS; SECRETARIA DE ADMINISTRAÇÃO E FINANÇAS; SECRETARIA DE ADMINISTRAÇÃO E FINANÇAS; R$ 0,00; R$ 0,00; R$ 0,00; R$ 0,00; R$ 6.718,65; R$ 22.086,18; R$ 0,00; 0.0
 11210102000000; Taxas de Inspeção, Contr. e Fisc. - Multas e Juros; Receitas Correntes; Impostos, Taxas e Contribuições de Melhoria; Taxas; Taxas de Inspeção, Contr. e Fisc. - Multas e Juros; Taxas pelo Exercício do Poder de Polícia; Taxas de Inspeção, Controle e Fiscalização; ; Taxas pelo Exercício do Poder de Polícia; Taxas de Inspeção, Controle e Fiscalização; Não se aplica; Taxas de Inspeção, Contr. e Fisc. - Multas e Juros; Arrecadações; SECRETARIA DE ADMINISTRAÇÃO E FINANÇAS; SECRETARIA DE ADMINISTRAÇÃO E FINANÇAS; SECRETARIA DE ADMINISTRAÇÃO E FINANÇAS; R$ 0,00; R$ 0,00; R$ 0,00; R$ 0,00; R$ 1.469,90; R$ 8.266,27; R$ 0,00; 0.0
 11210102000000; Taxas de Inspeção, Contr. e Fisc. - Multas e Juros; Receitas Correntes; Impostos, Taxas e Contribuições de Melhoria; Taxas; Taxas de Inspeção, Contr. e Fisc. - Multas e Juros; Taxas pelo Exercício do Poder de Polícia; Taxas de Inspeção, Controle e Fiscalização; ; Taxas pelo Exercício do Poder de Polícia; Taxas de Inspeção, Controle e Fiscalização; Não se aplica; Taxas de Inspeção, Contr. e Fisc. - Multas e Juros; Arrecadações; SECRETARIA DE ADMINISTRAÇÃO E FINANÇAS; SECRETARIA DE ADMINISTRAÇÃO E FINANÇAS; SECRETARIA DE ADMINISTRAÇÃO E FINANÇAS; R$ 0,00; R$ 0,00; R$ 0,00; R$ 0,00; R$ 2.724,54; R$ 10.990,81; R$ 0,00; 0.0
 11125002000000; Imposto sobre a Propriedade Predial e Territorial Urbana - Multas e Juros de Mora; Receitas Correntes; Impostos, Taxas e Contribuições de Melhoria; Impostos; Imposto sobre a Propriedade Predial e Territorial Urbana - Multas e Juros de Mora; Impostos sobre o Patrimônio; Imposto sobre a Propriedade Predial e Territorial Urbana; ; Impostos sobre o Patrimônio; Imposto sobre a Propriedade Predial e Territorial Urbana; Não se aplica; Imposto sobre a Propriedade Predial e Territorial Urbana - Multas e Juros de Mora; Arrecadações; SECRETARIA DE ADMINISTRAÇÃO E FINANÇAS; SECRETARIA DE ADMINISTRAÇÃO E FINANÇAS; SECRETARIA DE ADMINISTRAÇÃO E FINANÇAS; R$ 0,00; R$ 0,00; R$ 0,00; R$ 0,00; R$ 6.551,28; R$ 28.637,46; R$ 0,00; 0.0
 11125002000000; Imposto sobre a Propriedade Predial e Territorial Urbana - Multas e Juros de Mora; Receitas Correntes; Impostos, Taxas e Contribuições de Melhoria; Impostos; Imposto sobre a Propriedade Predial e Territorial Urbana - Multas e Juros de Mora; Impostos sobre o Patrimônio; Imposto sobre a Propriedade Predial e Territorial Urbana; ; Impostos sobre o Patrimônio; Imposto sobre a Propriedade Predial e Territorial Urbana; Não se aplica; Imposto sobre a Propriedade Predial e Territorial Urbana - Multas e Juros de Mora; Arrecadações; SECRETARIA DE ADMINISTRAÇÃO E FINANÇAS; SECRETARIA DE ADMINISTRAÇÃO E FINANÇAS; SECRETARIA DE ADMINISTRAÇÃO E FINANÇAS; R$ 0,00; R$ 0,00; R$ 0,00; R$ 0,00; R$ 1.053,21; R$ 5.379,20; R$ 0,00; 0.0
 11210102000000; Taxas de Inspeção, Contr. e Fisc. - Multas e Juros; Receitas Correntes; Impostos, Taxas e Contribuições de Melhoria; Taxas; Taxas de Inspeção, Contr. e Fisc. - Multas e Juros; Taxas pelo Exercício do Poder de Polícia; Taxas de Inspeção, Controle e Fiscalização; ; Taxas pelo Exercício do Poder de Polícia; Taxas de Inspeção, Controle e Fiscalização; Não se aplica; Taxas de Inspeção, Contr. e Fisc. - Multas e Juros; Arrecadações; SECRETARIA DE ADMINISTRAÇÃO E FINANÇAS; SECRETARIA DE ADMINISTRAÇÃO E FINANÇAS; SECRETARIA DE ADMINISTRAÇÃO E FINANÇAS; R$ 0,00; R$ 0,00; R$ 0,00; R$ 0,00; R$ 997,97; R$ 5.099,33; R$ 0,00; 0.0
 11125002000000; Imposto sobre a Propriedade Predial e Territorial Urbana - Multas e Juros de Mora; Receitas Correntes; Impostos, Taxas e Contribuições de Melhoria; Impostos; Imposto sobre a Propriedade Predial e Territorial Urbana - Multas e Juros de Mora; Impostos sobre o Patrimônio; Imposto sobre a Propriedade Predial e Territorial Urbana; ; Impostos sobre o Patrimônio; Imposto sobre a Propriedade Predial e Territorial Urbana; Não se aplica; Imposto sobre a Propriedade Predial e Territorial Urbana - Multas e Juros de Mora; Arrecadações; SECRETARIA DE ADMINISTRAÇÃO E FINANÇAS; SECRETARIA DE ADMINISTRAÇÃO E FINANÇAS; SECRETARIA DE ADMINISTRAÇÃO E FINANÇAS; R$ 0,00; R$ 0,00; R$ 0,00; R$ 0,00; R$ 5.338,21; R$ 10.717,41; R$ 0,00; 0.0
 11210102000000; Taxas de Inspeção, Contr. e Fisc. - Multas e Juros; Receitas Correntes; Impostos, Taxas e Contribuições de Melhoria; Taxas; Taxas de Inspeção, Contr. e Fisc. - Multas e Juros; Taxas pelo Exercício do Poder de Polícia; Taxas de Inspeção, Controle e Fiscalização; ; Taxas pelo Exercício do Poder de Polícia; Taxas de Inspeção, Controle e Fiscalização; Não se aplica; Taxas de Inspeção, Contr. e Fisc. - Multas e Juros; Arrecadações; SECRETARIA DE ADMINISTRAÇÃO E FINANÇAS; SECRETARIA DE ADMINISTRAÇÃO E FINANÇAS; SECRETARIA DE ADMINISTRAÇÃO E FINANÇAS; R$ 0,00; R$ 0,00; R$ 0,00; R$ 0,00; R$ 792,52; R$ 5.891,85; R$ 0,00; 0.0
 17515001000000; Transferências de Recursos do Fundo de Manutenção e Desenvolvimento da Educação Básica e de Valorização dos Profissionais da Educação – FUNDEB - Princ; Receitas Correntes; Transferências Correntes; Transferências de Outras Instituições Públicas; Transferências de Recursos do Fundo de Manutenção e Desenvolvimento da Educação Básica e de Valorização dos Profissionais da Educação – FUNDEB - Princ; Transferências de Recursos do Fundo de Manutenção e Desenvolvimento da Educação Básica e de Valorização dos Profissionais da Educação - FUNDEB; Transferências de Recursos do Fundo de Manutenção e Desenvolvimento da Educação Básica e de Valorização dos Profissionais da Educação – FUNDEB; ; Transferências de Recursos do Fundo de Manutenção e Desenvolvimento da Educação Básica e de Valorização dos Profissionais da Educação - FUNDEB; Transferências de Recursos do Fundo de Manutenção e Desenvolvimento da Educação Básica e de Valorização dos Profissionais da Educação – FUNDEB; Não se aplica; Transferências de Recursos do Fundo de Manutenção e Desenvolvimento da Educação Básica e de Valorização dos Profissionais da Educação – FUNDEB - Princ; Arrecadações; SECRETARIA DE EDUCAÇÃO; DIRETORIA DE ENSINO; SECRETARIA DE EDUCAÇÃO; R$ 17.589.426,00; R$ 17.589.426,00; R$ 0,00; R$ 0,00; R$ 1.570.564,23; R$ 1.570.564,23; R$ 17.589.426,00; 8.93
 11220102000000; Taxas pela Prestação de Serviços em Geral - Multas e Juros de Mora; Receitas Correntes; Impostos, Taxas e Contribuições de Melhoria; Taxas; Taxas pela Prestação de Serviços em Geral - Multas e Juros de Mora; Taxas pela Prestação de Serviços; Taxas pela Prestação de Serviços; ; Taxas pela Prestação de Serviços; Taxas pela Prestação de Serviços; Não se aplica; Taxas pela Prestação de Serviços em Geral - Multas e Juros de Mora; Arrecadações; SECRETARIA DE ADMINISTRAÇÃO E FINANÇAS; SECRETARIA DE ADMINISTRAÇÃO E FINANÇAS; SECRETARIA DE ADMINISTRAÇÃO E FINANÇAS; R$ 48.979,00; R$ 48.979,00; R$ 0,00; R$ 0,00; R$ 479,73; R$ 479,73; R$ 48.979,00; 0.98
 11145112000000; Imposto sobre Serviços de Qualquer Natureza - ISSQN - Multas e Juros de Mora; Receitas Correntes; Impostos, Taxas e Contribuições de Melhoria; Impostos; Imposto sobre Serviços de Qualquer Natureza - ISSQN - Multas e Juros de Mora; Impostos sobre Produção, Circulação e Serviços; Impostos sobre Serviços; Imposto sobre Serviços de Qualquer Natureza - ISSQN; Impostos sobre Produção, Circulação e Serviços; Impostos sobre Serviços; Imposto sobre Serviços de Qualquer Natureza - ISSQN; Imposto sobre Serviços de Qualquer Natureza - ISSQN - Multas e Juros de Mora; Arrecadações; SECRETARIA DE ADMINISTRAÇÃO E FINANÇAS; SECRETARIA DE ADMINISTRAÇÃO E FINANÇAS; SECRETARIA DE ADMINISTRAÇÃO E FINANÇAS; R$ 34.073,00; R$ 34.073,00; R$ 0,00; R$ 0,00; R$ 960,09; R$ 960,09; R$ 34.073,00; 2.82
 11220101010000; TPS - Taxa de Limpeza Púlbica; Receitas Correntes; Impostos, Taxas e Contribuições de Melhoria; Taxas; Taxas pela Prestação de Serviços em Geral - Principal; Taxas pela Prestação de Serviços; Taxas pela Prestação de Serviços; ; Taxas pela Prestação de Serviços; Taxas pela Prestação de Serviços; Não se aplica; TPS - Taxa de Limpeza Púlbica; Arrecadações; SECRETARIA DE ADMINISTRAÇÃO E FINANÇAS; SECRETARIA DE ADMINISTRAÇÃO E FINANÇAS; SECRETARIA DE ADMINISTRAÇÃO E FINANÇAS; R$ 837.154,00; R$ 837.154,00; R$ 0,00; R$ 0,00; R$ 238.637,18; R$ 238.637,18; R$ 837.154,00; 28.51
 11145112000000; Imposto sobre Serviços de Qualquer Natureza - ISSQN - Multas e Juros de Mora; Receitas Correntes; Impostos, Taxas e Contribuições de Melhoria; Impostos; Imposto sobre Serviços de Qualquer Natureza - ISSQN - Multas e Juros de Mora; Impostos sobre Produção, Circulação e Serviços; Impostos sobre Serviços; Imposto sobre Serviços de Qualquer Natureza - ISSQN; Impostos sobre Produção, Circulação e Serviços; Impostos sobre Serviços; Imposto sobre Serviços de Qualquer Natureza - ISSQN; Imposto sobre Serviços de Qualquer Natureza - ISSQN - Multas e Juros de Mora; Arrecadações; SECRETARIA DE ADMINISTRAÇÃO E FINANÇAS; SECRETARIA DE ADMINISTRAÇÃO E FINANÇAS; SECRETARIA DE ADMINISTRAÇÃO E FINANÇAS; R$ 0,00; R$ 0,00; R$ 0,00; R$ 0,00; R$ 1.177,23; R$ 2.137,32; R$ 0,00; 0.0
 11220101010000; TPS - Taxa de Limpeza Púlbica; Receitas Correntes; Impostos, Taxas e Contribuições de Melhoria; Taxas; Taxas pela Prestação de Serviços em Geral - Principal; Taxas pela Prestação de Serviços; Taxas pela Prestação de Serviços; ; Taxas pela Prestação de Serviços; Taxas pela Prestação de Serviços; Não se aplica; TPS - Taxa de Limpeza Púlbica; Arrecadações; SECRETARIA DE ADMINISTRAÇÃO E FINANÇAS; SECRETARIA DE ADMINISTRAÇÃO E FINANÇAS; SECRETARIA DE ADMINISTRAÇÃO E FINANÇAS; R$ 0,00; R$ 0,00; R$ 0,00; R$ 0,00; R$ 141.439,81; R$ 380.076,99; R$ 0,00; 0.0
 11220102000000; Taxas pela Prestação de Serviços em Geral - Multas e Juros de Mora; Receitas Correntes; Impostos, Taxas e Contribuições de Melhoria; Taxas; Taxas pela Prestação de Serviços em Geral - Multas e Juros de Mora; Taxas pela Prestação de Serviços; Taxas pela Prestação de Serviços; ; Taxas pela Prestação de Serviços; Taxas pela Prestação de Serviços; Não se aplica; Taxas pela Prestação de Serviços em Geral - Multas e Juros de Mora; Arrecadações; SECRETARIA DE ADMINISTRAÇÃO E FINANÇAS; SECRETARIA DE ADMINISTRAÇÃO E FINANÇAS; SECRETARIA DE ADMINISTRAÇÃO E FINANÇAS; R$ 0,00; R$ 0,00; R$ 0,00; R$ 0,00; R$ 864,42; R$ 1.344,15; R$ 0,00; 0.0
 17515001000000; Transferências de Recursos do Fundo de Manutenção e Desenvolvimento da Educação Básica e de Valorização dos Profissionais da Educação – FUNDEB - Princ; Receitas Correntes; Transferências Correntes; Transferências de Outras Instituições Públicas; Transferências de Recursos do Fundo de Manutenção e Desenvolvimento da Educação Básica e de Valorização dos Profissionais da Educação – FUNDEB - Princ; Transferências de Recursos do Fundo de Manutenção e Desenvolvimento da Educação Básica e de Valorização dos Profissionais da Educação - FUNDEB; Transferências de Recursos do Fundo de Manutenção e Desenvolvimento da Educação Básica e de Valorização dos Profissionais da Educação – FUNDEB; ; Transferências de Recursos do Fundo de Manutenção e Desenvolvimento da Educação Básica e de Valorização dos Profissionais da Educação - FUNDEB; Transferências de Recursos do Fundo de Manutenção e Desenvolvimento da Educação Básica e de Valorização dos Profissionais da Educação – FUNDEB; Não se aplica; Transferências de Recursos do Fundo de Manutenção e Desenvolvimento da Educação Básica e de Valorização dos Profissionais da Educação – FUNDEB - Princ; Arrecadações; SECRETARIA DE EDUCAÇÃO; DIRETORIA DE ENSINO; SECRETARIA DE EDUCAÇÃO; R$ 0,00; R$ 0,00; R$ 0,00; R$ 0,00; R$ 1.564.571,71; R$ 3.135.135,94; R$ 0,00; 0.0
 11220101010000; TPS - Taxa de Limpeza Púlbica; Receitas Correntes; Impostos, Taxas e Contribuições de Melhoria; Taxas; Taxas pela Prestação de Serviços em Geral - Principal; Taxas pela Prestação de Serviços; Taxas pela Prestação de Serviços; ; Taxas pela Prestação de Serviços; Taxas pela Prestação de Serviços; Não se aplica; TPS - Taxa de Limpeza Púlbica; Arrecadações; SECRETARIA DE ADMINISTRAÇÃO E FINANÇAS; SECRETARIA DE ADMINISTRAÇÃO E FINANÇAS; SECRETARIA DE ADMINISTRAÇÃO E FINANÇAS; R$ 0,00; R$ 0,00; R$ 0,00; R$ 0,00; R$ 18.817,76; R$ 398.894,75; R$ 0,00; 0.0
 11145112000000; Imposto sobre Serviços de Qualquer Natureza - ISSQN - Multas e Juros de Mora; Receitas Correntes; Impostos, Taxas e Contribuições de Melhoria; Impostos; Imposto sobre Serviços de Qualquer Natureza - ISSQN - Multas e Juros de Mora; Impostos sobre Produção, Circulação e Serviços; Impostos sobre Serviços; Imposto sobre Serviços de Qualquer Natureza - ISSQN; Impostos sobre Produção, Circulação e Serviços; Impostos sobre Serviços; Imposto sobre Serviços de Qualquer Natureza - ISSQN; Imposto sobre Serviços de Qualquer Natureza - ISSQN - Multas e Juros de Mora; Arrecadações; SECRETARIA DE ADMINISTRAÇÃO E FINANÇAS; SECRETARIA DE ADMINISTRAÇÃO E FINANÇAS; SECRETARIA DE ADMINISTRAÇÃO E FINANÇAS; R$ 0,00; R$ 0,00; R$ 0,00; R$ 0,00; R$ 1.080,64; R$ 3.217,96; R$ 0,00; 0.0
 11220102000000; Taxas pela Prestação de Serviços em Geral - Multas e Juros de Mora; Receitas Correntes; Impostos, Taxas e Contribuições de Melhoria; Taxas; Taxas pela Prestação de Serviços em Geral - Multas e Juros de Mora; Taxas pela Prestação de Serviços; Taxas pela Prestação de Serviços; ; Taxas pela Prestação de Serviços; Taxas pela Prestação de Serviços; Não se aplica; Taxas pela Prestação de Serviços em Geral - Multas e Juros de Mora; Arrecadações; SECRETARIA DE ADMINISTRAÇÃO E FINANÇAS; SECRETARIA DE ADMINISTRAÇÃO E FINANÇAS; SECRETARIA DE ADMINISTRAÇÃO E FINANÇAS; R$ 0,00; R$ 0,00; R$ 0,00; R$ 0,00; R$ 820,32; R$ 2.164,47; R$ 0,00; 0.0
 17515001000000; Transferências de Recursos do Fundo de Manutenção e Desenvolvimento da Educação Básica e de Valorização dos Profissionais da Educação – FUNDEB - Princ; Receitas Correntes; Transferências Correntes; Transferências de Outras Instituições Públicas; Transferências de Recursos do Fundo de Manutenção e Desenvolvimento da Educação Básica e de Valorização dos Profissionais da Educação – FUNDEB - Princ; Transferências de Recursos do Fundo de Manutenção e Desenvolvimento da Educação Básica e de Valorização dos Profissionais da Educação - FUNDEB; Transferências de Recursos do Fundo de Manutenção e Desenvolvimento da Educação Básica e de Valorização dos Profissionais da Educação – FUNDEB; ; Transferências de Recursos do Fundo de Manutenção e Desenvolvimento da Educação Básica e de Valorização dos Profissionais da Educação - FUNDEB; Transferências de Recursos do Fundo de Manutenção e Desenvolvimento da Educação Básica e de Valorização dos Profissionais da Educação – FUNDEB; Não se aplica; Transferências de Recursos do Fundo de Manutenção e Desenvolvimento da Educação Básica e de Valorização dos Profissionais da Educação – FUNDEB - Princ; Arrecadações; SECRETARIA DE EDUCAÇÃO; DIRETORIA DE ENSINO; SECRETARIA DE EDUCAÇÃO; R$ 0,00; R$ 0,00; R$ 0,00; R$ 0,00; R$ 1.433.623,28; R$ 4.568.759,22; R$ 0,00; 0.0
 11220101010000; TPS - Taxa de Limpeza Púlbica; Receitas Correntes; Impostos, Taxas e Contribuições de Melhoria; Taxas; Taxas pela Prestação de Serviços em Geral - Principal; Taxas pela Prestação de Serviços; Taxas pela Prestação de Serviços; ; Taxas pela Prestação de Serviços; Taxas pela Prestação de Serviços; Não se aplica; TPS - Taxa de Limpeza Púlbica; Arrecadações; SECRETARIA DE ADMINISTRAÇÃO E FINANÇAS; SECRETARIA DE ADMINISTRAÇÃO E FINANÇAS; SECRETARIA DE ADMINISTRAÇÃO E FINANÇAS; R$ 0,00; R$ 0,00; R$ 0,00; R$ 0,00; R$ 5.725,54; R$ 404.620,29; R$ 0,00; 0.0
 11220102000000; Taxas pela Prestação de Serviços em Geral - Multas e Juros de Mora; Receitas Correntes; Impostos, Taxas e Contribuições de Melhoria; Taxas; Taxas pela Prestação de Serviços em Geral - Multas e Juros de Mora; Taxas pela Prestação de Serviços; Taxas pela Prestação de Serviços; ; Taxas pela Prestação de Serviços; Taxas pela Prestação de Serviços; Não se aplica; Taxas pela Prestação de Serviços em Geral - Multas e Juros de Mora; Arrecadações; SECRETARIA DE ADMINISTRAÇÃO E FINANÇAS; SECRETARIA DE ADMINISTRAÇÃO E FINANÇAS; SECRETARIA DE ADMINISTRAÇÃO E FINANÇAS; R$ 0,00; R$ 0,00; R$ 0,00; R$ 0,00; R$ 1.314,90; R$ 3.479,37; R$ 0,00; 0.0
 17515001000000; Transferências de Recursos do Fundo de Manutenção e Desenvolvimento da Educação Básica e de Valorização dos Profissionais da Educação – FUNDEB - Princ; Receitas Correntes; Transferências Correntes; Transferências de Outras Instituições Públicas; Transferências de Recursos do Fundo de Manutenção e Desenvolvimento da Educação Básica e de Valorização dos Profissionais da Educação – FUNDEB - Princ; Transferências de Recursos do Fundo de Manutenção e Desenvolvimento da Educação Básica e de Valorização dos Profissionais da Educação - FUNDEB; Transferências de Recursos do Fundo de Manutenção e Desenvolvimento da Educação Básica e de Valorização dos Profissionais da Educação – FUNDEB; ; Transferências de Recursos do Fundo de Manutenção e Desenvolvimento da Educação Básica e de Valorização dos Profissionais da Educação - FUNDEB; Transferências de Recursos do Fundo de Manutenção e Desenvolvimento da Educação Básica e de Valorização dos Profissionais da Educação – FUNDEB; Não se aplica; Transferências de Recursos do Fundo de Manutenção e Desenvolvimento da Educação Básica e de Valorização dos Profissionais da Educação – FUNDEB - Princ; Arrecadações; SECRETARIA DE EDUCAÇÃO; DIRETORIA DE ENSINO; SECRETARIA DE EDUCAÇÃO; R$ 0,00; R$ 0,00; R$ 0,00; R$ 0,00; R$ 1.557.566,56; R$ 6.126.325,78; R$ 0,00; 0.0
 11145112000000; Imposto sobre Serviços de Qualquer Natureza - ISSQN - Multas e Juros de Mora; Receitas Correntes; Impostos, Taxas e Contribuições de Melhoria; Impostos; Imposto sobre Serviços de Qualquer Natureza - ISSQN - Multas e Juros de Mora; Impostos sobre Produção, Circulação e Serviços; Impostos sobre Serviços; Imposto sobre Serviços de Qualquer Natureza - ISSQN; Impostos sobre Produção, Circulação e Serviços; Impostos sobre Serviços; Imposto sobre Serviços de Qualquer Natureza - ISSQN; Imposto sobre Serviços de Qualquer Natureza - ISSQN - Multas e Juros de Mora; Arrecadações; SECRETARIA DE ADMINISTRAÇÃO E FINANÇAS; SECRETARIA DE ADMINISTRAÇÃO E FINANÇAS; SECRETARIA DE ADMINISTRAÇÃO E FINANÇAS; R$ 0,00; R$ 0,00; R$ 0,00; R$ 0,00; R$ 1.623,47; R$ 4.841,43; R$ 0,00; 0.0
 17515001000000; Transferências de Recursos do Fundo de Manutenção e Desenvolvimento da Educação Básica e de Valorização dos Profissionais da Educação – FUNDEB - Princ; Receitas Correntes; Transferências Correntes; Transferências de Outras Instituições Públicas; Transferências de Recursos do Fundo de Manutenção e Desenvolvimento da Educação Básica e de Valorização dos Profissionais da Educação – FUNDEB - Princ; Transferências de Recursos do Fundo de Manutenção e Desenvolvimento da Educação Básica e de Valorização dos Profissionais da Educação - FUNDEB; Transferências de Recursos do Fundo de Manutenção e Desenvolvimento da Educação Básica e de Valorização dos Profissionais da Educação – FUNDEB; ; Transferências de Recursos do Fundo de Manutenção e Desenvolvimento da Educação Básica e de Valorização dos Profissionais da Educação - FUNDEB; Transferências de Recursos do Fundo de Manutenção e Desenvolvimento da Educação Básica e de Valorização dos Profissionais da Educação – FUNDEB; Não se aplica; Transferências de Recursos do Fundo de Manutenção e Desenvolvimento da Educação Básica e de Valorização dos Profissionais da Educação – FUNDEB - Princ; Arrecadações; SECRETARIA DE EDUCAÇÃO; DIRETORIA DE ENSINO; SECRETARIA DE EDUCAÇÃO; R$ 0,00; R$ 0,00; R$ 0,00; R$ 0,00; R$ 1.503.009,31; R$ 7.629.335,09; R$ 0,00; 0.0
 11220102000000; Taxas pela Prestação de Serviços em Geral - Multas e Juros de Mora; Receitas Correntes; Impostos, Taxas e Contribuições de Melhoria; Taxas; Taxas pela Prestação de Serviços em Geral - Multas e Juros de Mora; Taxas pela Prestação de Serviços; Taxas pela Prestação de Serviços; ; Taxas pela Prestação de Serviços; Taxas pela Prestação de Serviços; Não se aplica; Taxas pela Prestação de Serviços em Geral - Multas e Juros de Mora; Arrecadações; SECRETARIA DE ADMINISTRAÇÃO E FINANÇAS; SECRETARIA DE ADMINISTRAÇÃO E FINANÇAS; SECRETARIA DE ADMINISTRAÇÃO E FINANÇAS; R$ 0,00; R$ 0,00; R$ 0,00; R$ 0,00; R$ 1.072,45; R$ 4.551,82; R$ 0,00; 0.0
 11145112000000; Imposto sobre Serviços de Qualquer Natureza - ISSQN - Multas e Juros de Mora; Receitas Correntes; Impostos, Taxas e Contribuições de Melhoria; Impostos; Imposto sobre Serviços de Qualquer Natureza - ISSQN - Multas e Juros de Mora; Impostos sobre Produção, Circulação e Serviços; Impostos sobre Serviços; Imposto sobre Serviços de Qualquer Natureza - ISSQN; Impostos sobre Produção, Circulação e Serviços; Impostos sobre Serviços; Imposto sobre Serviços de Qualquer Natureza - ISSQN; Imposto sobre Serviços de Qualquer Natureza - ISSQN - Multas e Juros de Mora; Arrecadações; SECRETARIA DE ADMINISTRAÇÃO E FINANÇAS; SECRETARIA DE ADMINISTRAÇÃO E FINANÇAS; SECRETARIA DE ADMINISTRAÇÃO E FINANÇAS; R$ 0,00; R$ 0,00; R$ 0,00; R$ 0,00; R$ 947,78; R$ 5.789,21; R$ 0,00; 0.0
 11220101010000; TPS - Taxa de Limpeza Púlbica; Receitas Correntes; Impostos, Taxas e Contribuições de Melhoria; Taxas; Taxas pela Prestação de Serviços em Geral - Principal; Taxas pela Prestação de Serviços; Taxas pela Prestação de Serviços; ; Taxas pela Prestação de Serviços; Taxas pela Prestação de Serviços; Não se aplica; TPS - Taxa de Limpeza Púlbica; Arrecadações; SECRETARIA DE ADMINISTRAÇÃO E FINANÇAS; SECRETARIA DE ADMINISTRAÇÃO E FINANÇAS; SECRETARIA DE ADMINISTRAÇÃO E FINANÇAS; R$ 0,00; R$ 0,00; R$ 0,00; R$ 0,00; R$ 3.074,80; R$ 407.695,09; R$ 0,00; 0.0
 11220102000000; Taxas pela Prestação de Serviços em Geral - Multas e Juros de Mora; Receitas Correntes; Impostos, Taxas e Contribuições de Melhoria; Taxas; Taxas pela Prestação de Serviços em Geral - Multas e Juros de Mora; Taxas pela Prestação de Serviços; Taxas pela Prestação de Serviços; ; Taxas pela Prestação de Serviços; Taxas pela Prestação de Serviços; Não se aplica; Taxas pela Prestação de Serviços em Geral - Multas e Juros de Mora; Arrecadações; SECRETARIA DE ADMINISTRAÇÃO E FINANÇAS; SECRETARIA DE ADMINISTRAÇÃO E FINANÇAS; SECRETARIA DE ADMINISTRAÇÃO E FINANÇAS; R$ 0,00; R$ 0,00; R$ 0,00; R$ 0,00; R$ 1.709,16; R$ 6.260,98; R$ 0,00; 0.0
 17515001000000; Transferências de Recursos do Fundo de Manutenção e Desenvolvimento da Educação Básica e de Valorização dos Profissionais da Educação – FUNDEB - Princ; Receitas Correntes; Transferências Correntes; Transferências de Outras Instituições Públicas; Transferências de Recursos do Fundo de Manutenção e Desenvolvimento da Educação Básica e de Valorização dos Profissionais da Educação – FUNDEB - Princ; Transferências de Recursos do Fundo de Manutenção e Desenvolvimento da Educação Básica e de Valorização dos Profissionais da Educação - FUNDEB; Transferências de Recursos do Fundo de Manutenção e Desenvolvimento da Educação Básica e de Valorização dos Profissionais da Educação – FUNDEB; ; Transferências de Recursos do Fundo de Manutenção e Desenvolvimento da Educação Básica e de Valorização dos Profissionais da Educação - FUNDEB; Transferências de Recursos do Fundo de Manutenção e Desenvolvimento da Educação Básica e de Valorização dos Profissionais da Educação – FUNDEB; Não se aplica; Transferências de Recursos do Fundo de Manutenção e Desenvolvimento da Educação Básica e de Valorização dos Profissionais da Educação – FUNDEB - Princ; Arrecadações; SECRETARIA DE EDUCAÇÃO; DIRETORIA DE ENSINO; SECRETARIA DE EDUCAÇÃO; R$ 0,00; R$ 0,00; R$ 0,00; R$ 0,00; R$ 1.577.485,36; R$ 9.206.820,45; R$ 0,00; 0.0
 11145112000000; Imposto sobre Serviços de Qualquer Natureza - ISSQN - Multas e Juros de Mora; Receitas Correntes; Impostos, Taxas e Contribuições de Melhoria; Impostos; Imposto sobre Serviços de Qualquer Natureza - ISSQN - Multas e Juros de Mora; Impostos sobre Produção, Circulação e Serviços; Impostos sobre Serviços; Imposto sobre Serviços de Qualquer Natureza - ISSQN; Impostos sobre Produção, Circulação e Serviços; Impostos sobre Serviços; Imposto sobre Serviços de Qualquer Natureza - ISSQN; Imposto sobre Serviços de Qualquer Natureza - ISSQN - Multas e Juros de Mora; Arrecadações; SECRETARIA DE ADMINISTRAÇÃO E FINANÇAS; SECRETARIA DE ADMINISTRAÇÃO E FINANÇAS; SECRETARIA DE ADMINISTRAÇÃO E FINANÇAS; R$ 0,00; R$ 0,00; R$ 0,00; R$ 0,00; R$ 999,72; R$ 6.788,93; R$ 0,00; 0.0
 11220101010000; TPS - Taxa de Limpeza Púlbica; Receitas Correntes; Impostos, Taxas e Contribuições de Melhoria; Taxas; Taxas pela Prestação de Serviços em Geral - Principal; Taxas pela Prestação de Serviços; Taxas pela Prestação de Serviços; ; Taxas pela Prestação de Serviços; Taxas pela Prestação de Serviços; Não se aplica; TPS - Taxa de Limpeza Púlbica; Arrecadações; SECRETARIA DE ADMINISTRAÇÃO E FINANÇAS; SECRETARIA DE ADMINISTRAÇÃO E FINANÇAS; SECRETARIA DE ADMINISTRAÇÃO E FINANÇAS; R$ 0,00; R$ 0,00; R$ 0,00; R$ 0,00; R$ 2.334,66; R$ 410.029,75; R$ 0,00; 0.0
 17515001000000; Transferências de Recursos do Fundo de Manutenção e Desenvolvimento da Educação Básica e de Valorização dos Profissionais da Educação – FUNDEB - Princ; Receitas Correntes; Transferências Correntes; Transferências de Outras Instituições Públicas; Transferências de Recursos do Fundo de Manutenção e Desenvolvimento da Educação Básica e de Valorização dos Profissionais da Educação – FUNDEB - Princ; Transferências de Recursos do Fundo de Manutenção e Desenvolvimento da Educação Básica e de Valorização dos Profissionais da Educação - FUNDEB; Transferências de Recursos do Fundo de Manutenção e Desenvolvimento da Educação Básica e de Valorização dos Profissionais da Educação – FUNDEB; ; Transferências de Recursos do Fundo de Manutenção e Desenvolvimento da Educação Básica e de Valorização dos Profissionais da Educação - FUNDEB; Transferências de Recursos do Fundo de Manutenção e Desenvolvimento da Educação Básica e de Valorização dos Profissionais da Educação – FUNDEB; Não se aplica; Transferências de Recursos do Fundo de Manutenção e Desenvolvimento da Educação Básica e de Valorização dos Profissionais da Educação – FUNDEB - Princ; Arrecadações; SECRETARIA DE EDUCAÇÃO; DIRETORIA DE ENSINO; SECRETARIA DE EDUCAÇÃO; R$ 0,00; R$ 0,00; R$ 0,00; R$ 0,00; R$ 1.460.545,10; R$ 10.667.365,55; R$ 0,00; 0.0
 11145112000000; Imposto sobre Serviços de Qualquer Natureza - ISSQN - Multas e Juros de Mora; Receitas Correntes; Impostos, Taxas e Contribuições de Melhoria; Impostos; Imposto sobre Serviços de Qualquer Natureza - ISSQN - Multas e Juros de Mora; Impostos sobre Produção, Circulação e Serviços; Impostos sobre Serviços; Imposto sobre Serviços de Qualquer Natureza - ISSQN; Impostos sobre Produção, Circulação e Serviços; Impostos sobre Serviços; Imposto sobre Serviços de Qualquer Natureza - ISSQN; Imposto sobre Serviços de Qualquer Natureza - ISSQN - Multas e Juros de Mora; Arrecadações; SECRETARIA DE ADMINISTRAÇÃO E FINANÇAS; SECRETARIA DE ADMINISTRAÇÃO E FINANÇAS; SECRETARIA DE ADMINISTRAÇÃO E FINANÇAS; R$ 0,00; R$ 0,00; R$ 0,00; R$ 0,00; R$ 2.972,89; R$ 12.216,21; R$ 0,00; 0.0
 11220101010000; TPS - Taxa de Limpeza Púlbica; Receitas Correntes; Impostos, Taxas e Contribuições de Melhoria; Taxas; Taxas pela Prestação de Serviços em Geral - Principal; Taxas pela Prestação de Serviços; Taxas pela Prestação de Serviços; ; Taxas pela Prestação de Serviços; Taxas pela Prestação de Serviços; Não se aplica; TPS - Taxa de Limpeza Púlbica; Arrecadações; SECRETARIA DE ADMINISTRAÇÃO E FINANÇAS; SECRETARIA DE ADMINISTRAÇÃO E FINANÇAS; SECRETARIA DE ADMINISTRAÇÃO E FINANÇAS; R$ 0,00; R$ 0,00; R$ 0,00; R$ 0,00; R$ 2.102,68; R$ 414.657,25; R$ 0,00; 0.0
 11220102000000; Taxas pela Prestação de Serviços em Geral - Multas e Juros de Mora; Receitas Correntes; Impostos, Taxas e Contribuições de Melhoria; Taxas; Taxas pela Prestação de Serviços em Geral - Multas e Juros de Mora; Taxas pela Prestação de Serviços; Taxas pela Prestação de Serviços; ; Taxas pela Prestação de Serviços; Taxas pela Prestação de Serviços; Não se aplica; Taxas pela Prestação de Serviços em Geral - Multas e Juros de Mora; Arrecadações; SECRETARIA DE ADMINISTRAÇÃO E FINANÇAS; SECRETARIA DE ADMINISTRAÇÃO E FINANÇAS; SECRETARIA DE ADMINISTRAÇÃO E FINANÇAS; R$ 0,00; R$ 0,00; R$ 0,00; R$ 0,00; R$ 1.468,77; R$ 9.410,07; R$ 0,00; 0.0
 17515001000000; Transferências de Recursos do Fundo de Manutenção e Desenvolvimento da Educação Básica e de Valorização dos Profissionais da Educação – FUNDEB - Princ; Receitas Correntes; Transferências Correntes; Transferências de Outras Instituições Públicas; Transferências de Recursos do Fundo de Manutenção e Desenvolvimento da Educação Básica e de Valorização dos Profissionais da Educação – FUNDEB - Princ; Transferências de Recursos do Fundo de Manutenção e Desenvolvimento da Educação Básica e de Valorização dos Profissionais da Educação - FUNDEB; Transferências de Recursos do Fundo de Manutenção e Desenvolvimento da Educação Básica e de Valorização dos Profissionais da Educação – FUNDEB; ; Transferências de Recursos do Fundo de Manutenção e Desenvolvimento da Educação Básica e de Valorização dos Profissionais da Educação - FUNDEB; Transferências de Recursos do Fundo de Manutenção e Desenvolvimento da Educação Básica e de Valorização dos Profissionais da Educação – FUNDEB; Não se aplica; Transferências de Recursos do Fundo de Manutenção e Desenvolvimento da Educação Básica e de Valorização dos Profissionais da Educação – FUNDEB - Princ; Arrecadações; SECRETARIA DE EDUCAÇÃO; DIRETORIA DE ENSINO; SECRETARIA DE EDUCAÇÃO; R$ 0,00; R$ 0,00; R$ 0,00; R$ 0,00; R$ 1.513.486,71; R$ 12.180.852,26; R$ 0,00; 0.0
 11145112000000; Imposto sobre Serviços de Qualquer Natureza - ISSQN - Multas e Juros de Mora; Receitas Correntes; Impostos, Taxas e Contribuições de Melhoria; Impostos; Imposto sobre Serviços de Qualquer Natureza - ISSQN - Multas e Juros de Mora; Impostos sobre Produção, Circulação e Serviços; Impostos sobre Serviços; Imposto sobre Serviços de Qualquer Natureza - ISSQN; Impostos sobre Produção, Circulação e Serviços; Impostos sobre Serviços; Imposto sobre Serviços de Qualquer Natureza - ISSQN; Imposto sobre Serviços de Qualquer Natureza - ISSQN - Multas e Juros de Mora; Arrecadações; SECRETARIA DE ADMINISTRAÇÃO E FINANÇAS; SECRETARIA DE ADMINISTRAÇÃO E FINANÇAS; SECRETARIA DE ADMINISTRAÇÃO E FINANÇAS; R$ 0,00; R$ 0,00; R$ 0,00; R$ 0,00; R$ 2.785,07; R$ 15.001,28; R$ 0,00; 0.0
 11220102000000; Taxas pela Prestação de Serviços em Geral - Multas e Juros de Mora; Receitas Correntes; Impostos, Taxas e Contribuições de Melhoria; Taxas; Taxas pela Prestação de Serviços em Geral - Multas e Juros de Mora; Taxas pela Prestação de Serviços; Taxas pela Prestação de Serviços; ; Taxas pela Prestação de Serviços; Taxas pela Prestação de Serviços; Não se aplica; Taxas pela Prestação de Serviços em Geral - Multas e Juros de Mora; Arrecadações; SECRETARIA DE ADMINISTRAÇÃO E FINANÇAS; SECRETARIA DE ADMINISTRAÇÃO E FINANÇAS; SECRETARIA DE ADMINISTRAÇÃO E FINANÇAS; R$ 0,00; R$ 0,00; R$ 0,00; R$ 0,00; R$ 1.198,59; R$ 10.608,66; R$ 0,00; 0.0
 11220101010000; TPS - Taxa de Limpeza Púlbica; Receitas Correntes; Impostos, Taxas e Contribuições de Melhoria; Taxas; Taxas pela Prestação de Serviços em Geral - Principal; Taxas pela Prestação de Serviços; Taxas pela Prestação de Serviços; ; Taxas pela Prestação de Serviços; Taxas pela Prestação de Serviços; Não se aplica; TPS - Taxa de Limpeza Púlbica; Arrecadações; SECRETARIA DE ADMINISTRAÇÃO E FINANÇAS; SECRETARIA DE ADMINISTRAÇÃO E FINANÇAS; SECRETARIA DE ADMINISTRAÇÃO E FINANÇAS; R$ 0,00; R$ 0,00; R$ 0,00; R$ 0,00; R$ 2.065,23; R$ 416.722,48; R$ 0,00; 0.0
 11210102000000; Taxas de Inspeção, Contr. e Fisc. - Multas e Juros; Receitas Correntes; Impostos, Taxas e Contribuições de Melhoria; Taxas; Taxas de Inspeção, Contr. e Fisc. - Multas e Juros; Taxas pelo Exercício do Poder de Polícia; Taxas de Inspeção, Controle e Fiscalização; ; Taxas pelo Exercício do Poder de Polícia; Taxas de Inspeção, Controle e Fiscalização; Não se aplica; Taxas de Inspeção, Contr. e Fisc. - Multas e Juros; Arrecadações; SECRETARIA DE ADMINISTRAÇÃO E FINANÇAS; SECRETARIA DE ADMINISTRAÇÃO E FINANÇAS; SECRETARIA DE ADMINISTRAÇÃO E FINANÇAS; R$ 0,00; R$ 0,00; R$ 0,00; R$ 0,00; R$ 1.307,71; R$ 12.298,52; R$ 0,00; 0.0
 11125002000000; Imposto sobre a Propriedade Predial e Territorial Urbana - Multas e Juros de Mora; Receitas Correntes; Impostos, Taxas e Contribuições de Melhoria; Impostos; Imposto sobre a Propriedade Predial e Territorial Urbana - Multas e Juros de Mora; Impostos sobre o Patrimônio; Imposto sobre a Propriedade Predial e Territorial Urbana; ; Impostos sobre o Patrimônio; Imposto sobre a Propriedade Predial e Territorial Urbana; Não se aplica; Imposto sobre a Propriedade Predial e Territorial Urbana - Multas e Juros de Mora; Arrecadações; SECRETARIA DE ADMINISTRAÇÃO E FINANÇAS; SECRETARIA DE ADMINISTRAÇÃO E FINANÇAS; SECRETARIA DE ADMINISTRAÇÃO E FINANÇAS; R$ 0,00; R$ 0,00; R$ 0,00; R$ 0,00; R$ 7.539,41; R$ 36.176,87; R$ 0,00; 0.0
 11210102000000; Taxas de Inspeção, Contr. e Fisc. - Multas e Juros; Receitas Correntes; Impostos, Taxas e Contribuições de Melhoria; Taxas; Taxas de Inspeção, Contr. e Fisc. - Multas e Juros; Taxas pelo Exercício do Poder de Polícia; Taxas de Inspeção, Controle e Fiscalização; ; Taxas pelo Exercício do Poder de Polícia; Taxas de Inspeção, Controle e Fiscalização; Não se aplica; Taxas de Inspeção, Contr. e Fisc. - Multas e Juros; Arrecadações; SECRETARIA DE ADMINISTRAÇÃO E FINANÇAS; SECRETARIA DE ADMINISTRAÇÃO E FINANÇAS; SECRETARIA DE ADMINISTRAÇÃO E FINANÇAS; R$ 0,00; R$ 0,00; R$ 0,00; R$ 0,00; R$ 894,03; R$ 13.192,55; R$ 0,00; 0.0
 11125002000000; Imposto sobre a Propriedade Predial e Territorial Urbana - Multas e Juros de Mora; Receitas Correntes; Impostos, Taxas e Contribuições de Melhoria; Impostos; Imposto sobre a Propriedade Predial e Territorial Urbana - Multas e Juros de Mora; Impostos sobre o Patrimônio; Imposto sobre a Propriedade Predial e Territorial Urbana; ; Impostos sobre o Patrimônio; Imposto sobre a Propriedade Predial e Territorial Urbana; Não se aplica; Imposto sobre a Propriedade Predial e Territorial Urbana - Multas e Juros de Mora; Arrecadações; SECRETARIA DE ADMINISTRAÇÃO E FINANÇAS; SECRETARIA DE ADMINISTRAÇÃO E FINANÇAS; SECRETARIA DE ADMINISTRAÇÃO E FINANÇAS; R$ 0,00; R$ 0,00; R$ 0,00; R$ 0,00; R$ 7.109,52; R$ 43.286,39; R$ 0,00; 0.0
 11125002000000; Imposto sobre a Propriedade Predial e Territorial Urbana - Multas e Juros de Mora; Receitas Correntes; Impostos, Taxas e Contribuições de Melhoria; Impostos; Imposto sobre a Propriedade Predial e Territorial Urbana - Multas e Juros de Mora; Impostos sobre o Patrimônio; Imposto sobre a Propriedade Predial e Territorial Urbana; ; Impostos sobre o Patrimônio; Imposto sobre a Propriedade Predial e Territorial Urbana; Não se aplica; Imposto sobre a Propriedade Predial e Territorial Urbana - Multas e Juros de Mora; Arrecadações; SECRETARIA DE ADMINISTRAÇÃO E FINANÇAS; SECRETARIA DE ADMINISTRAÇÃO E FINANÇAS; SECRETARIA DE ADMINISTRAÇÃO E FINANÇAS; R$ 0,00; R$ 0,00; R$ 0,00; R$ 0,00; R$ 5.877,62; R$ 49.164,01; R$ 0,00; 0.0
 11210102000000; Taxas de Inspeção, Contr. e Fisc. - Multas e Juros; Receitas Correntes; Impostos, Taxas e Contribuições de Melhoria; Taxas; Taxas de Inspeção, Contr. e Fisc. - Multas e Juros; Taxas pelo Exercício do Poder de Polícia; Taxas de Inspeção, Controle e Fiscalização; ; Taxas pelo Exercício do Poder de Polícia; Taxas de Inspeção, Controle e Fiscalização; Não se aplica; Taxas de Inspeção, Contr. e Fisc. - Multas e Juros; Arrecadações; SECRETARIA DE ADMINISTRAÇÃO E FINANÇAS; SECRETARIA DE ADMINISTRAÇÃO E FINANÇAS; SECRETARIA DE ADMINISTRAÇÃO E FINANÇAS; R$ 0,00; R$ 0,00; R$ 0,00; R$ 0,00; R$ 509,40; R$ 13.701,95; R$ 0,00; 0.0
 11210102000000; Taxas de Inspeção, Contr. e Fisc. - Multas e Juros; Receitas Correntes; Impostos, Taxas e Contribuições de Melhoria; Taxas; Taxas de Inspeção, Contr. e Fisc. - Multas e Juros; Taxas pelo Exercício do Poder de Polícia; Taxas de Inspeção, Controle e Fiscalização; ; Taxas pelo Exercício do Poder de Polícia; Taxas de Inspeção, Controle e Fiscalização; Não se aplica; Taxas de Inspeção, Contr. e Fisc. - Multas e Juros; Arrecadações; SECRETARIA DE ADMINISTRAÇÃO E FINANÇAS; SECRETARIA DE ADMINISTRAÇÃO E FINANÇAS; SECRETARIA DE ADMINISTRAÇÃO E FINANÇAS; R$ 0,00; R$ 0,00; R$ 0,00; R$ 0,00; R$ 2.195,37; R$ 15.897,32; R$ 0,00; 0.0
 11125002000000; Imposto sobre a Propriedade Predial e Territorial Urbana - Multas e Juros de Mora; Receitas Correntes; Impostos, Taxas e Contribuições de Melhoria; Impostos; Imposto sobre a Propriedade Predial e Territorial Urbana - Multas e Juros de Mora; Impostos sobre o Patrimônio; Imposto sobre a Propriedade Predial e Territorial Urbana; ; Impostos sobre o Patrimônio; Imposto sobre a Propriedade Predial e Territorial Urbana; Não se aplica; Imposto sobre a Propriedade Predial e Territorial Urbana - Multas e Juros de Mora; Arrecadações; SECRETARIA DE ADMINISTRAÇÃO E FINANÇAS; SECRETARIA DE ADMINISTRAÇÃO E FINANÇAS; SECRETARIA DE ADMINISTRAÇÃO E FINANÇAS; R$ 0,00; R$ 0,00; R$ 0,00; R$ 0,00; R$ 6.933,16; R$ 56.097,17; R$ 0,00; 0.0
 11125002000000; Imposto sobre a Propriedade Predial e Territorial Urbana - Multas e Juros de Mora; Receitas Correntes; Impostos, Taxas e Contribuições de Melhoria; Impostos; Imposto sobre a Propriedade Predial e Territorial Urbana - Multas e Juros de Mora; Impostos sobre o Patrimônio; Imposto sobre a Propriedade Predial e Territorial Urbana; ; Impostos sobre o Patrimônio; Imposto sobre a Propriedade Predial e Territorial Urbana; Não se aplica; Imposto sobre a Propriedade Predial e Territorial Urbana - Multas e Juros de Mora; Arrecadações; SECRETARIA DE ADMINISTRAÇÃO E FINANÇAS; SECRETARIA DE ADMINISTRAÇÃO E FINANÇAS; SECRETARIA DE ADMINISTRAÇÃO E FINANÇAS; R$ 0,00; R$ 0,00; R$ 0,00; R$ 0,00; R$ 8.259,04; R$ 64.356,21; R$ 0,00; 0.0
 11210102000000; Taxas de Inspeção, Contr. e Fisc. - Multas e Juros; Receitas Correntes; Impostos, Taxas e Contribuições de Melhoria; Taxas; Taxas de Inspeção, Contr. e Fisc. - Multas e Juros; Taxas pelo Exercício do Poder de Polícia; Taxas de Inspeção, Controle e Fiscalização; ; Taxas pelo Exercício do Poder de Polícia; Taxas de Inspeção, Controle e Fiscalização; Não se aplica; Taxas de Inspeção, Contr. e Fisc. - Multas e Juros; Arrecadações; SECRETARIA DE ADMINISTRAÇÃO E FINANÇAS; SECRETARIA DE ADMINISTRAÇÃO E FINANÇAS; SECRETARIA DE ADMINISTRAÇÃO E FINANÇAS; R$ 0,00; R$ 0,00; R$ 0,00; R$ 0,00; R$ 2.772,98; R$ 18.670,30; R$ 0,00; 0.0
 19991221000000; Ônus de Sucumbência - Principal; Receitas Correntes; Outras Receitas Correntes; Demais Receitas Correntes; Ônus de Sucumbência - Principal; Outras Receitas Correntes; Encargos Legais pela Inscrição em Dívida Ativa e Receitas de Ônus de Sucumbência; Ônus de Sucumbência; Outras Receitas Correntes; Encargos Legais pela Inscrição em Dívida Ativa e Receitas de Ônus de Sucumbência; Ônus de Sucumbência; Ônus de Sucumbência - Principal; Arrecadações; SECRETARIA DE ADMINISTRAÇÃO E FINANÇAS; SECRETARIA DE ADMINISTRAÇÃO E FINANÇAS; SECRETARIA DE ADMINISTRAÇÃO E FINANÇAS; R$ 60.822,00; R$ 60.822,00; R$ 0,00; R$ 0,00; R$ 13.018,06; R$ 13.018,06; R$ 60.822,00; 21.4
 11220104010000; Taxas de Coleta de Lixo - Dívida Ativa - Multas e Juros de Mora da Dívida Ativa; Receitas Correntes; Impostos, Taxas e Contribuições de Melhoria; Taxas; Taxas pela Prestação de Serviços em Geral - Dívida Ativa - Multas e Juros de Mora da Dívida Ativa; Taxas pela Prestação de Serviços; Taxas pela Prestação de Serviços; ; Taxas pela Prestação de Serviços; Taxas pela Prestação de Serviços; Não se aplica; Taxas de Coleta de Lixo - Dívida Ativa - Multas e Juros de Mora da Dívida Ativa; Arrecadações; SECRETARIA DE OBRAS E SERVIÇOS URBANOS; SERVIÇO AUTONOMO DE AGUA E ESGOTO - SAMAE; SECRETARIA DE OBRAS E SERVIÇOS URBANOS; R$ 0,00; R$ 0,00; R$ 0,00; R$ 0,00; R$ 9.075,69; R$ 9.075,69; R$ 0,00; 0.0
 11220103000000; Taxas pela Prestação de Serviços em Geral - Dívida Ativa; Receitas Correntes; Impostos, Taxas e Contribuições de Melhoria; Taxas; Taxas pela Prestação de Serviços em Geral - Dívida Ativa; Taxas pela Prestação de Serviços; Taxas pela Prestação de Serviços; ; Taxas pela Prestação de Serviços; Taxas pela Prestação de Serviços; Não se aplica; Taxas pela Prestação de Serviços em Geral - Dívida Ativa; Arrecadações; SECRETARIA DE ADMINISTRAÇÃO E FINANÇAS; SECRETARIA DE ADMINISTRAÇÃO E FINANÇAS; SECRETARIA DE ADMINISTRAÇÃO E FINANÇAS; R$ 452.029,00; R$ 452.029,00; R$ 0,00; R$ 0,00; R$ 33.771,57; R$ 33.771,57; R$ 452.029,00; 7.47
 11220102010000; Taxa de Coleta de Lixo - Multas e Juros; Receitas Correntes; Impostos, Taxas e Contribuições de Melhoria; Taxas; Taxas pela Prestação de Serviços em Geral - Multas e Juros de Mora; Taxas pela Prestação de Serviços; Taxas pela Prestação de Serviços; ; Taxas pela Prestação de Serviços; Taxas pela Prestação de Serviços; Não se aplica; Taxa de Coleta de Lixo - Multas e Juros; Arrecadações; SECRETARIA DE OBRAS E SERVIÇOS URBANOS; SERVIÇO AUTONOMO DE AGUA E ESGOTO - SAMAE; SECRETARIA DE OBRAS E SERVIÇOS URBANOS; R$ 0,00; R$ 0,00; R$ 0,00; R$ 0,00; R$ 1.382,67; R$ 1.382,67; R$ 0,00; 0.0
 11125004000000; Imposto sobre a Propriedade Predial e Territorial Urbana - Dívida Ativa - Multas e Juros de Mora da Dívida Ativa; Receitas Correntes; Impostos, Taxas e Contribuições de Melhoria; Impostos; Imposto sobre a Propriedade Predial e Territorial Urbana - Dívida Ativa - Multas e Juros de Mora da Dívida Ativa; Impostos sobre o Patrimônio; Imposto sobre a Propriedade Predial e Territorial Urbana; ; Impostos sobre o Patrimônio; Imposto sobre a Propriedade Predial e Territorial Urbana; Não se aplica; Imposto sobre a Propriedade Predial e Territorial Urbana - Dívida Ativa - Multas e Juros de Mora da Dívida Ativa; Arrecadações; SECRETARIA DE ADMINISTRAÇÃO E FINANÇAS; SECRETARIA DE ADMINISTRAÇÃO E FINANÇAS; SECRETARIA DE ADMINISTRAÇÃO E FINANÇAS; R$ 499.748,00; R$ 499.748,00; R$ 0,00; R$ 0,00; R$ 19.952,13; R$ 19.952,13; R$ 499.748,00; 3.99
 11220103010000; Taxa de Coleta de Lixo - Dívida Ativa; Receitas Correntes; Impostos, Taxas e Contribuições de Melhoria; Taxas; Taxas pela Prestação de Serviços em Geral - Dívida Ativa; Taxas pela Prestação de Serviços; Taxas pela Prestação de Serviços; ; Taxas pela Prestação de Serviços; Taxas pela Prestação de Serviços; Não se aplica; Taxa de Coleta de Lixo - Dívida Ativa; Arrecadações; SECRETARIA DE OBRAS E SERVIÇOS URBANOS; SERVIÇO AUTONOMO DE AGUA E ESGOTO - SAMAE; SECRETARIA DE OBRAS E SERVIÇOS URBANOS; R$ 0,00; R$ 0,00; R$ 0,00; R$ 0,00; R$ 38.856,35; R$ 38.856,35; R$ 0,00; 0.0
 11125301000000; Imposto sobre Transmissão Inter Vivos de Bens Imóveis e de Direitos Reais sobre Imóveis - Principal - Rec Ordinario; Receitas Correntes; Impostos, Taxas e Contribuições de Melhoria; Impostos; Imposto sobre Transmissão Inter Vivos de Bens Imóveis e de Direitos Reais sobre Imóveis - Principal - Rec Ordinario; Impostos sobre o Patrimônio; Imposto sobre Transmissão Inter Vivos de Bens Imóveis e de Direitos Reais sobre Imóveis - Principal - Rec Ordinario; ; Impostos sobre o Patrimônio; Imposto sobre Transmissão Inter Vivos de Bens Imóveis e de Direitos Reais sobre Imóveis - Principal - Rec Ordinario; Não se aplica; Imposto sobre Transmissão Inter Vivos de Bens Imóveis e de Direitos Reais sobre Imóveis - Principal - Rec Ordinario; Arrecadações; SECRETARIA DE ADMINISTRAÇÃO E FINANÇAS; SECRETARIA DE ADMINISTRAÇÃO E FINANÇAS; SECRETARIA DE ADMINISTRAÇÃO E FINANÇAS; R$ 3.900.432,00; R$ 3.900.432,00; R$ 0,00; R$ 0,00; R$ 398.990,76; R$ 398.990,76; R$ 3.900.432,00; 10.23
 11220104000000; Taxas pela Prestação de Serviços em Geral - Dívida Ativa - Multas e Juros de Mora da Dívida Ativa; Receitas Correntes; Impostos, Taxas e Contribuições de Melhoria; Taxas; Taxas pela Prestação de Serviços em Geral - Dívida Ativa - Multas e Juros de Mora da Dívida Ativa; Taxas pela Prestação de Serviços; Taxas pela Prestação de Serviços; ; Taxas pela Prestação de Serviços; Taxas pela Prestação de Serviços; Não se aplica; Taxas pela Prestação de Serviços em Geral - Dívida Ativa - Multas e Juros de Mora da Dívida Ativa; Arrecadações; SECRETARIA DE ADMINISTRAÇÃO E FINANÇAS; SECRETARIA DE ADMINISTRAÇÃO E FINANÇAS; SECRETARIA DE ADMINISTRAÇÃO E FINANÇAS; R$ 64.235,00; R$ 64.235,00; R$ 0,00; R$ 0,00; R$ 3.628,95; R$ 3.628,95; R$ 64.235,00; 5.65
 11220102010000; Taxa de Coleta de Lixo - Multas e Juros; Receitas Correntes; Impostos, Taxas e Contribuições de Melhoria; Taxas; Taxas pela Prestação de Serviços em Geral - Multas e Juros de Mora; Taxas pela Prestação de Serviços; Taxas pela Prestação de Serviços; ; Taxas pela Prestação de Serviços; Taxas pela Prestação de Serviços; Não se aplica; Taxa de Coleta de Lixo - Multas e Juros; Arrecadações; SECRETARIA DE OBRAS E SERVIÇOS URBANOS; SERVIÇO AUTONOMO DE AGUA E ESGOTO - SAMAE; SECRETARIA DE OBRAS E SERVIÇOS URBANOS; R$ 0,00; R$ 0,00; R$ 0,00; R$ 0,00; R$ 255,08; R$ 1.637,75; R$ 0,00; 0.0
 11125004000000; Imposto sobre a Propriedade Predial e Territorial Urbana - Dívida Ativa - Multas e Juros de Mora da Dívida Ativa; Receitas Correntes; Impostos, Taxas e Contribuições de Melhoria; Impostos; Imposto sobre a Propriedade Predial e Territorial Urbana - Dívida Ativa - Multas e Juros de Mora da Dívida Ativa; Impostos sobre o Patrimônio; Imposto sobre a Propriedade Predial e Territorial Urbana; ; Impostos sobre o Patrimônio; Imposto sobre a Propriedade Predial e Territorial Urbana; Não se aplica; Imposto sobre a Propriedade Predial e Territorial Urbana - Dívida Ativa - Multas e Juros de Mora da Dívida Ativa; Arrecadações; SECRETARIA DE ADMINISTRAÇÃO E FINANÇAS; SECRETARIA DE ADMINISTRAÇÃO E FINANÇAS; SECRETARIA DE ADMINISTRAÇÃO E FINANÇAS; R$ 0,00; R$ 0,00; R$ 0,00; R$ 0,00; R$ 37.881,23; R$ 57.833,36; R$ 0,00; 0.0
 19991221000000; Ônus de Sucumbência - Principal; Receitas Correntes; Outras Receitas Correntes; Demais Receitas Correntes; Ônus de Sucumbência - Principal; Outras Receitas Correntes; Encargos Legais pela Inscrição em Dívida Ativa e Receitas de Ônus de Sucumbência; Ônus de Sucumbência; Outras Receitas Correntes; Encargos Legais pela Inscrição em Dívida Ativa e Receitas de Ônus de Sucumbência; Ônus de Sucumbência; Ônus de Sucumbência - Principal; Arrecadações; SECRETARIA DE ADMINISTRAÇÃO E FINANÇAS; SECRETARIA DE ADMINISTRAÇÃO E FINANÇAS; SECRETARIA DE ADMINISTRAÇÃO E FINANÇAS; R$ 0,00; R$ 0,00; R$ 0,00; R$ 0,00; R$ 24.478,41; R$ 37.496,47; R$ 0,00; 0.0
 11220103010000; Taxa de Coleta de Lixo - Dívida Ativa; Receitas Correntes; Impostos, Taxas e Contribuições de Melhoria; Taxas; Taxas pela Prestação de Serviços em Geral - Dívida Ativa; Taxas pela Prestação de Serviços; Taxas pela Prestação de Serviços; ; Taxas pela Prestação de Serviços; Taxas pela Prestação de Serviços; Não se aplica; Taxa de Coleta de Lixo - Dívida Ativa; Arrecadações; SECRETARIA DE OBRAS E SERVIÇOS URBANOS; SERVIÇO AUTONOMO DE AGUA E ESGOTO - SAMAE; SECRETARIA DE OBRAS E SERVIÇOS URBANOS; R$ 0,00; R$ 0,00; R$ 0,00; R$ 0,00; R$ 3.132,48; R$ 41.988,83; R$ 0,00; 0.0
 11220104000000; Taxas pela Prestação de Serviços em Geral - Dívida Ativa - Multas e Juros de Mora da Dívida Ativa; Receitas Correntes; Impostos, Taxas e Contribuições de Melhoria; Taxas; Taxas pela Prestação de Serviços em Geral - Dívida Ativa - Multas e Juros de Mora da Dívida Ativa; Taxas pela Prestação de Serviços; Taxas pela Prestação de Serviços; ; Taxas pela Prestação de Serviços; Taxas pela Prestação de Serviços; Não se aplica; Taxas pela Prestação de Serviços em Geral - Dívida Ativa - Multas e Juros de Mora da Dívida Ativa; Arrecadações; SECRETARIA DE ADMINISTRAÇÃO E FINANÇAS; SECRETARIA DE ADMINISTRAÇÃO E FINANÇAS; SECRETARIA DE ADMINISTRAÇÃO E FINANÇAS; R$ 0,00; R$ 0,00; R$ 0,00; R$ 0,00; R$ 19.104,45; R$ 22.733,40; R$ 0,00; 0.0
 11125301000000; Imposto sobre Transmissão Inter Vivos de Bens Imóveis e de Direitos Reais sobre Imóveis - Principal - Rec Ordinario; Receitas Correntes; Impostos, Taxas e Contribuições de Melhoria; Impostos; Imposto sobre Transmissão Inter Vivos de Bens Imóveis e de Direitos Reais sobre Imóveis - Principal - Rec Ordinario; Impostos sobre o Patrimônio; Imposto sobre Transmissão Inter Vivos de Bens Imóveis e de Direitos Reais sobre Imóveis - Principal - Rec Ordinario; ; Impostos sobre o Patrimônio; Imposto sobre Transmissão Inter Vivos de Bens Imóveis e de Direitos Reais sobre Imóveis - Principal - Rec Ordinario; Não se aplica; Imposto sobre Transmissão Inter Vivos de Bens Imóveis e de Direitos Reais sobre Imóveis - Principal - Rec Ordinario; Arrecadações; SECRETARIA DE ADMINISTRAÇÃO E FINANÇAS; SECRETARIA DE ADMINISTRAÇÃO E FINANÇAS; SECRETARIA DE ADMINISTRAÇÃO E FINANÇAS; R$ 0,00; R$ 0,00; R$ 0,00; R$ 0,00; R$ 380.741,84; R$ 779.732,60; R$ 0,00; 0.0
 11220103000000; Taxas pela Prestação de Serviços em Geral - Dívida Ativa; Receitas Correntes; Impostos, Taxas e Contribuições de Melhoria; Taxas; Taxas pela Prestação de Serviços em Geral - Dívida Ativa; Taxas pela Prestação de Serviços; Taxas pela Prestação de Serviços; ; Taxas pela Prestação de Serviços; Taxas pela Prestação de Serviços; Não se aplica; Taxas pela Prestação de Serviços em Geral - Dívida Ativa; Arrecadações; SECRETARIA DE ADMINISTRAÇÃO E FINANÇAS; SECRETARIA DE ADMINISTRAÇÃO E FINANÇAS; SECRETARIA DE ADMINISTRAÇÃO E FINANÇAS; R$ 0,00; R$ 0,00; R$ 0,00; R$ 0,00; R$ 87.837,26; R$ 121.608,83; R$ 0,00; 0.0
 11220104010000; Taxas de Coleta de Lixo - Dívida Ativa - Multas e Juros de Mora da Dívida Ativa; Receitas Correntes; Impostos, Taxas e Contribuições de Melhoria; Taxas; Taxas pela Prestação de Serviços em Geral - Dívida Ativa - Multas e Juros de Mora da Dívida Ativa; Taxas pela Prestação de Serviços; Taxas pela Prestação de Serviços; ; Taxas pela Prestação de Serviços; Taxas pela Prestação de Serviços; Não se aplica; Taxas de Coleta de Lixo - Dívida Ativa - Multas e Juros de Mora da Dívida Ativa; Arrecadações; SECRETARIA DE OBRAS E SERVIÇOS URBANOS; SERVIÇO AUTONOMO DE AGUA E ESGOTO - SAMAE; SECRETARIA DE OBRAS E SERVIÇOS URBANOS; R$ 0,00; R$ 0,00; R$ 0,00; R$ 0,00; R$ 632,60; R$ 9.708,29; R$ 0,00; 0.0
 11220104010000; Taxas de Coleta de Lixo - Dívida Ativa - Multas e Juros de Mora da Dívida Ativa; Receitas Correntes; Impostos, Taxas e Contribuições de Melhoria; Taxas; Taxas pela Prestação de Serviços em Geral - Dívida Ativa - Multas e Juros de Mora da Dívida Ativa; Taxas pela Prestação de Serviços; Taxas pela Prestação de Serviços; ; Taxas pela Prestação de Serviços; Taxas pela Prestação de Serviços; Não se aplica; Taxas de Coleta de Lixo - Dívida Ativa - Multas e Juros de Mora da Dívida Ativa; Arrecadações; SECRETARIA DE OBRAS E SERVIÇOS URBANOS; SERVIÇO AUTONOMO DE AGUA E ESGOTO - SAMAE; SECRETARIA DE OBRAS E SERVIÇOS URBANOS; R$ 0,00; R$ 0,00; R$ 0,00; R$ 0,00; R$ 3.004,45; R$ 12.712,74; R$ 0,00; 0.0
 11220103010000; Taxa de Coleta de Lixo - Dívida Ativa; Receitas Correntes; Impostos, Taxas e Contribuições de Melhoria; Taxas; Taxas pela Prestação de Serviços em Geral - Dívida Ativa; Taxas pela Prestação de Serviços; Taxas pela Prestação de Serviços; ; Taxas pela Prestação de Serviços; Taxas pela Prestação de Serviços; Não se aplica; Taxa de Coleta de Lixo - Dívida Ativa; Arrecadações; SECRETARIA DE OBRAS E SERVIÇOS URBANOS; SERVIÇO AUTONOMO DE AGUA E ESGOTO - SAMAE; SECRETARIA DE OBRAS E SERVIÇOS URBANOS; R$ 0,00; R$ 0,00; R$ 0,00; R$ 0,00; R$ 7.907,68; R$ 49.896,51; R$ 0,00; 0.0
 19991221000000; Ônus de Sucumbência - Principal; Receitas Correntes; Outras Receitas Correntes; Demais Receitas Correntes; Ônus de Sucumbência - Principal; Outras Receitas Correntes; Encargos Legais pela Inscrição em Dívida Ativa e Receitas de Ônus de Sucumbência; Ônus de Sucumbência; Outras Receitas Correntes; Encargos Legais pela Inscrição em Dívida Ativa e Receitas de Ônus de Sucumbência; Ônus de Sucumbência; Ônus de Sucumbência - Principal; Arrecadações; SECRETARIA DE ADMINISTRAÇÃO E FINANÇAS; SECRETARIA DE ADMINISTRAÇÃO E FINANÇAS; SECRETARIA DE ADMINISTRAÇÃO E FINANÇAS; R$ 0,00; R$ 0,00; R$ 0,00; R$ 0,00; R$ 19.610,74; R$ 57.107,21; R$ 0,00; 0.0
 11125301000000; Imposto sobre Transmissão Inter Vivos de Bens Imóveis e de Direitos Reais sobre Imóveis - Principal - Rec Ordinario; Receitas Correntes; Impostos, Taxas e Contribuições de Melhoria; Impostos; Imposto sobre Transmissão Inter Vivos de Bens Imóveis e de Direitos Reais sobre Imóveis - Principal - Rec Ordinario; Impostos sobre o Patrimônio; Imposto sobre Transmissão Inter Vivos de Bens Imóveis e de Direitos Reais sobre Imóveis - Principal - Rec Ordinario; ; Impostos sobre o Patrimônio; Imposto sobre Transmissão Inter Vivos de Bens Imóveis e de Direitos Reais sobre Imóveis - Principal - Rec Ordinario; Não se aplica; Imposto sobre Transmissão Inter Vivos de Bens Imóveis e de Direitos Reais sobre Imóveis - Principal - Rec Ordinario; Arrecadações; SECRETARIA DE ADMINISTRAÇÃO E FINANÇAS; SECRETARIA DE ADMINISTRAÇÃO E FINANÇAS; SECRETARIA DE ADMINISTRAÇÃO E FINANÇAS; R$ 0,00; R$ 0,00; R$ 0,00; R$ 0,00; R$ 389.085,25; R$ 1.168.817,85; R$ 0,00; 0.0
 11220104000000; Taxas pela Prestação de Serviços em Geral - Dívida Ativa - Multas e Juros de Mora da Dívida Ativa; Receitas Correntes; Impostos, Taxas e Contribuições de Melhoria; Taxas; Taxas pela Prestação de Serviços em Geral - Dívida Ativa - Multas e Juros de Mora da Dívida Ativa; Taxas pela Prestação de Serviços; Taxas pela Prestação de Serviços; ; Taxas pela Prestação de Serviços; Taxas pela Prestação de Serviços; Não se aplica; Taxas pela Prestação de Serviços em Geral - Dívida Ativa - Multas e Juros de Mora da Dívida Ativa; Arrecadações; SECRETARIA DE ADMINISTRAÇÃO E FINANÇAS; SECRETARIA DE ADMINISTRAÇÃO E FINANÇAS; SECRETARIA DE ADMINISTRAÇÃO E FINANÇAS; R$ 0,00; R$ 0,00; R$ 0,00; R$ 0,00; R$ 5.719,61; R$ 28.453,01; R$ 0,00; 0.0
 11125004000000; Imposto sobre a Propriedade Predial e Territorial Urbana - Dívida Ativa - Multas e Juros de Mora da Dívida Ativa; Receitas Correntes; Impostos, Taxas e Contribuições de Melhoria; Impostos; Imposto sobre a Propriedade Predial e Territorial Urbana - Dívida Ativa - Multas e Juros de Mora da Dívida Ativa; Impostos sobre o Patrimônio; Imposto sobre a Propriedade Predial e Territorial Urbana; ; Impostos sobre o Patrimônio; Imposto sobre a Propriedade Predial e Territorial Urbana; Não se aplica; Imposto sobre a Propriedade Predial e Territorial Urbana - Dívida Ativa - Multas e Juros de Mora da Dívida Ativa; Arrecadações; SECRETARIA DE ADMINISTRAÇÃO E FINANÇAS; SECRETARIA DE ADMINISTRAÇÃO E FINANÇAS; SECRETARIA DE ADMINISTRAÇÃO E FINANÇAS; R$ 0,00; R$ 0,00; R$ 0,00; R$ 0,00; R$ 34.177,36; R$ 92.010,72; R$ 0,00; 0.0
 11220102010000; Taxa de Coleta de Lixo - Multas e Juros; Receitas Correntes; Impostos, Taxas e Contribuições de Melhoria; Taxas; Taxas pela Prestação de Serviços em Geral - Multas e Juros de Mora; Taxas pela Prestação de Serviços; Taxas pela Prestação de Serviços; ; Taxas pela Prestação de Serviços; Taxas pela Prestação de Serviços; Não se aplica; Taxa de Coleta de Lixo - Multas e Juros; Arrecadações; SECRETARIA DE OBRAS E SERVIÇOS URBANOS; SERVIÇO AUTONOMO DE AGUA E ESGOTO - SAMAE; SECRETARIA DE OBRAS E SERVIÇOS URBANOS; R$ 0,00; R$ 0,00; R$ 0,00; R$ 0,00; R$ 1.577,63; R$ 3.215,38; R$ 0,00; 0.0
 11220103000000; Taxas pela Prestação de Serviços em Geral - Dívida Ativa; Receitas Correntes; Impostos, Taxas e Contribuições de Melhoria; Taxas; Taxas pela Prestação de Serviços em Geral - Dívida Ativa; Taxas pela Prestação de Serviços; Taxas pela Prestação de Serviços; ; Taxas pela Prestação de Serviços; Taxas pela Prestação de Serviços; Não se aplica; Taxas pela Prestação de Serviços em Geral - Dívida Ativa; Arrecadações; SECRETARIA DE ADMINISTRAÇÃO E FINANÇAS; SECRETARIA DE ADMINISTRAÇÃO E FINANÇAS; SECRETARIA DE ADMINISTRAÇÃO E FINANÇAS; R$ 0,00; R$ 0,00; R$ 0,00; R$ 0,00; R$ 35.498,43; R$ 157.107,26; R$ 0,00; 0.0
 11220103010000; Taxa de Coleta de Lixo - Dívida Ativa; Receitas Correntes; Impostos, Taxas e Contribuições de Melhoria; Taxas; Taxas pela Prestação de Serviços em Geral - Dívida Ativa; Taxas pela Prestação de Serviços; Taxas pela Prestação de Serviços; ; Taxas pela Prestação de Serviços; Taxas pela Prestação de Serviços; Não se aplica; Taxa de Coleta de Lixo - Dívida Ativa; Arrecadações; SECRETARIA DE OBRAS E SERVIÇOS URBANOS; SERVIÇO AUTONOMO DE AGUA E ESGOTO - SAMAE; SECRETARIA DE OBRAS E SERVIÇOS URBANOS; R$ 0,00; R$ 0,00; R$ 0,00; R$ 0,00; R$ 15.116,19; R$ 65.012,70; R$ 0,00; 0.0
 11220103000000; Taxas pela Prestação de Serviços em Geral - Dívida Ativa; Receitas Correntes; Impostos, Taxas e Contribuições de Melhoria; Taxas; Taxas pela Prestação de Serviços em Geral - Dívida Ativa; Taxas pela Prestação de Serviços; Taxas pela Prestação de Serviços; ; Taxas pela Prestação de Serviços; Taxas pela Prestação de Serviços; Não se aplica; Taxas pela Prestação de Serviços em Geral - Dívida Ativa; Arrecadações; SECRETARIA DE ADMINISTRAÇÃO E FINANÇAS; SECRETARIA DE ADMINISTRAÇÃO E FINANÇAS; SECRETARIA DE ADMINISTRAÇÃO E FINANÇAS; R$ 0,00; R$ 0,00; R$ 0,00; R$ 0,00; R$ 11.881,61; R$ 168.988,87; R$ 0,00; 0.0
 11220102010000; Taxa de Coleta de Lixo - Multas e Juros; Receitas Correntes; Impostos, Taxas e Contribuições de Melhoria; Taxas; Taxas pela Prestação de Serviços em Geral - Multas e Juros de Mora; Taxas pela Prestação de Serviços; Taxas pela Prestação de Serviços; ; Taxas pela Prestação de Serviços; Taxas pela Prestação de Serviços; Não se aplica; Taxa de Coleta de Lixo - Multas e Juros; Arrecadações; SECRETARIA DE OBRAS E SERVIÇOS URBANOS; SERVIÇO AUTONOMO DE AGUA E ESGOTO - SAMAE; SECRETARIA DE OBRAS E SERVIÇOS URBANOS; R$ 0,00; R$ 0,00; R$ 0,00; R$ 0,00; R$ 1.780,06; R$ 4.995,44; R$ 0,00; 0.0
 11220104010000; Taxas de Coleta de Lixo - Dívida Ativa - Multas e Juros de Mora da Dívida Ativa; Receitas Correntes; Impostos, Taxas e Contribuições de Melhoria; Taxas; Taxas pela Prestação de Serviços em Geral - Dívida Ativa - Multas e Juros de Mora da Dívida Ativa; Taxas pela Prestação de Serviços; Taxas pela Prestação de Serviços; ; Taxas pela Prestação de Serviços; Taxas pela Prestação de Serviços; Não se aplica; Taxas de Coleta de Lixo - Dívida Ativa - Multas e Juros de Mora da Dívida Ativa; Arrecadações; SECRETARIA DE OBRAS E SERVIÇOS URBANOS; SERVIÇO AUTONOMO DE AGUA E ESGOTO - SAMAE; SECRETARIA DE OBRAS E SERVIÇOS URBANOS; R$ 0,00; R$ 0,00; R$ 0,00; R$ 0,00; R$ 4.963,05; R$ 17.675,79; R$ 0,00; 0.0
 19991221000000; Ônus de Sucumbência - Principal; Receitas Correntes; Outras Receitas Correntes; Demais Receitas Correntes; Ônus de Sucumbência - Principal; Outras Receitas Correntes; Encargos Legais pela Inscrição em Dívida Ativa e Receitas de Ônus de Sucumbência; Ônus de Sucumbência; Outras Receitas Correntes; Encargos Legais pela Inscrição em Dívida Ativa e Receitas de Ônus de Sucumbência; Ônus de Sucumbência; Ônus de Sucumbência - Principal; Arrecadações; SECRETARIA DE ADMINISTRAÇÃO E FINANÇAS; SECRETARIA DE ADMINISTRAÇÃO E FINANÇAS; SECRETARIA DE ADMINISTRAÇÃO E FINANÇAS; R$ 0,00; R$ 0,00; R$ 0,00; R$ 0,00; R$ 9.913,67; R$ 67.020,88; R$ 0,00; 0.0
 11125301000000; Imposto sobre Transmissão Inter Vivos de Bens Imóveis e de Direitos Reais sobre Imóveis - Principal - Rec Ordinario; Receitas Correntes; Impostos, Taxas e Contribuições de Melhoria; Impostos; Imposto sobre Transmissão Inter Vivos de Bens Imóveis e de Direitos Reais sobre Imóveis - Principal - Rec Ordinario; Impostos sobre o Patrimônio; Imposto sobre Transmissão Inter Vivos de Bens Imóveis e de Direitos Reais sobre Imóveis - Principal - Rec Ordinario; ; Impostos sobre o Patrimônio; Imposto sobre Transmissão Inter Vivos de Bens Imóveis e de Direitos Reais sobre Imóveis - Principal - Rec Ordinario; Não se aplica; Imposto sobre Transmissão Inter Vivos de Bens Imóveis e de Direitos Reais sobre Imóveis - Principal - Rec Ordinario; Arrecadações; SECRETARIA DE ADMINISTRAÇÃO E FINANÇAS; SECRETARIA DE ADMINISTRAÇÃO E FINANÇAS; SECRETARIA DE ADMINISTRAÇÃO E FINANÇAS; R$ 0,00; R$ 0,00; R$ 0,00; R$ 0,00; R$ 377.443,38; R$ 1.546.261,23; R$ 0,00; 0.0
 11125004000000; Imposto sobre a Propriedade Predial e Territorial Urbana - Dívida Ativa - Multas e Juros de Mora da Dívida Ativa; Receitas Correntes; Impostos, Taxas e Contribuições de Melhoria; Impostos; Imposto sobre a Propriedade Predial e Territorial Urbana - Dívida Ativa - Multas e Juros de Mora da Dívida Ativa; Impostos sobre o Patrimônio; Imposto sobre a Propriedade Predial e Territorial Urbana; ; Impostos sobre o Patrimônio; Imposto sobre a Propriedade Predial e Territorial Urbana; Não se aplica; Imposto sobre a Propriedade Predial e Territorial Urbana - Dívida Ativa - Multas e Juros de Mora da Dívida Ativa; Arrecadações; SECRETARIA DE ADMINISTRAÇÃO E FINANÇAS; SECRETARIA DE ADMINISTRAÇÃO E FINANÇAS; SECRETARIA DE ADMINISTRAÇÃO E FINANÇAS; R$ 0,00; R$ 0,00; R$ 0,00; R$ 0,00; R$ 38.231,59; R$ 130.242,31; R$ 0,00; 0.0
 11220104000000; Taxas pela Prestação de Serviços em Geral - Dívida Ativa - Multas e Juros de Mora da Dívida Ativa; Receitas Correntes; Impostos, Taxas e Contribuições de Melhoria; Taxas; Taxas pela Prestação de Serviços em Geral - Dívida Ativa - Multas e Juros de Mora da Dívida Ativa; Taxas pela Prestação de Serviços; Taxas pela Prestação de Serviços; ; Taxas pela Prestação de Serviços; Taxas pela Prestação de Serviços; Não se aplica; Taxas pela Prestação de Serviços em Geral - Dívida Ativa - Multas e Juros de Mora da Dívida Ativa; Arrecadações; SECRETARIA DE ADMINISTRAÇÃO E FINANÇAS; SECRETARIA DE ADMINISTRAÇÃO E FINANÇAS; SECRETARIA DE ADMINISTRAÇÃO E FINANÇAS; R$ 0,00; R$ 0,00; R$ 0,00; R$ 0,00; R$ 4.915,67; R$ 33.368,68; R$ 0,00; 0.0
 11220103010000; Taxa de Coleta de Lixo - Dívida Ativa; Receitas Correntes; Impostos, Taxas e Contribuições de Melhoria; Taxas; Taxas pela Prestação de Serviços em Geral - Dívida Ativa; Taxas pela Prestação de Serviços; Taxas pela Prestação de Serviços; ; Taxas pela Prestação de Serviços; Taxas pela Prestação de Serviços; Não se aplica; Taxa de Coleta de Lixo - Dívida Ativa; Arrecadações; SECRETARIA DE OBRAS E SERVIÇOS URBANOS; SERVIÇO AUTONOMO DE AGUA E ESGOTO - SAMAE; SECRETARIA DE OBRAS E SERVIÇOS URBANOS; R$ 0,00; R$ 0,00; R$ 0,00; R$ 0,00; R$ 16.683,00; R$ 81.695,70; R$ 0,00; 0.0
 11125301000000; Imposto sobre Transmissão Inter Vivos de Bens Imóveis e de Direitos Reais sobre Imóveis - Principal - Rec Ordinario; Receitas Correntes; Impostos, Taxas e Contribuições de Melhoria; Impostos; Imposto sobre Transmissão Inter Vivos de Bens Imóveis e de Direitos Reais sobre Imóveis - Principal - Rec Ordinario; Impostos sobre o Patrimônio; Imposto sobre Transmissão Inter Vivos de Bens Imóveis e de Direitos Reais sobre Imóveis - Principal - Rec Ordinario; ; Impostos sobre o Patrimônio; Imposto sobre Transmissão Inter Vivos de Bens Imóveis e de Direitos Reais sobre Imóveis - Principal - Rec Ordinario; Não se aplica; Imposto sobre Transmissão Inter Vivos de Bens Imóveis e de Direitos Reais sobre Imóveis - Principal - Rec Ordinario; Arrecadações; SECRETARIA DE ADMINISTRAÇÃO E FINANÇAS; SECRETARIA DE ADMINISTRAÇÃO E FINANÇAS; SECRETARIA DE ADMINISTRAÇÃO E FINANÇAS; R$ 0,00; R$ 0,00; R$ 0,00; R$ 0,00; R$ 308.797,03; R$ 1.855.058,26; R$ 0,00; 0.0
 19991221000000; Ônus de Sucumbência - Principal; Receitas Correntes; Outras Receitas Correntes; Demais Receitas Correntes; Ônus de Sucumbência - Principal; Outras Receitas Correntes; Encargos Legais pela Inscrição em Dívida Ativa e Receitas de Ônus de Sucumbência; Ônus de Sucumbência; Outras Receitas Correntes; Encargos Legais pela Inscrição em Dívida Ativa e Receitas de Ônus de Sucumbência; Ônus de Sucumbência; Ônus de Sucumbência - Principal; Arrecadações; SECRETARIA DE ADMINISTRAÇÃO E FINANÇAS; SECRETARIA DE ADMINISTRAÇÃO E FINANÇAS; SECRETARIA DE ADMINISTRAÇÃO E FINANÇAS; R$ 0,00; R$ 0,00; R$ 0,00; R$ 0,00; R$ 14.176,30; R$ 81.197,18; R$ 0,00; 0.0
 11220104010000; Taxas de Coleta de Lixo - Dívida Ativa - Multas e Juros de Mora da Dívida Ativa; Receitas Correntes; Impostos, Taxas e Contribuições de Melhoria; Taxas; Taxas pela Prestação de Serviços em Geral - Dívida Ativa - Multas e Juros de Mora da Dívida Ativa; Taxas pela Prestação de Serviços; Taxas pela Prestação de Serviços; ; Taxas pela Prestação de Serviços; Taxas pela Prestação de Serviços; Não se aplica; Taxas de Coleta de Lixo - Dívida Ativa - Multas e Juros de Mora da Dívida Ativa; Arrecadações; SECRETARIA DE OBRAS E SERVIÇOS URBANOS; SERVIÇO AUTONOMO DE AGUA E ESGOTO - SAMAE; SECRETARIA DE OBRAS E SERVIÇOS URBANOS; R$ 0,00; R$ 0,00; R$ 0,00; R$ 0,00; R$ 8.239,75; R$ 25.915,54; R$ 0,00; 0.0
 11220103000000; Taxas pela Prestação de Serviços em Geral - Dívida Ativa; Receitas Correntes; Impostos, Taxas e Contribuições de Melhoria; Taxas; Taxas pela Prestação de Serviços em Geral - Dívida Ativa; Taxas pela Prestação de Serviços; Taxas pela Prestação de Serviços; ; Taxas pela Prestação de Serviços; Taxas pela Prestação de Serviços; Não se aplica; Taxas pela Prestação de Serviços em Geral - Dívida Ativa; Arrecadações; SECRETARIA DE ADMINISTRAÇÃO E FINANÇAS; SECRETARIA DE ADMINISTRAÇÃO E FINANÇAS; SECRETARIA DE ADMINISTRAÇÃO E FINANÇAS; R$ 0,00; R$ 0,00; R$ 0,00; R$ 0,00; R$ 10.505,85; R$ 179.494,72; R$ 0,00; 0.0
 11125004000000; Imposto sobre a Propriedade Predial e Territorial Urbana - Dívida Ativa - Multas e Juros de Mora da Dívida Ativa; Receitas Correntes; Impostos, Taxas e Contribuições de Melhoria; Impostos; Imposto sobre a Propriedade Predial e Territorial Urbana - Dívida Ativa - Multas e Juros de Mora da Dívida Ativa; Impostos sobre o Patrimônio; Imposto sobre a Propriedade Predial e Territorial Urbana; ; Impostos sobre o Patrimônio; Imposto sobre a Propriedade Predial e Territorial Urbana; Não se aplica; Imposto sobre a Propriedade Predial e Territorial Urbana - Dívida Ativa - Multas e Juros de Mora da Dívida Ativa; Arrecadações; SECRETARIA DE ADMINISTRAÇÃO E FINANÇAS; SECRETARIA DE ADMINISTRAÇÃO E FINANÇAS; SECRETARIA DE ADMINISTRAÇÃO E FINANÇAS; R$ 0,00; R$ 0,00; R$ 0,00; R$ 0,00; R$ 45.622,85; R$ 175.865,16; R$ 0,00; 0.0
 11220102010000; Taxa de Coleta de Lixo - Multas e Juros; Receitas Correntes; Impostos, Taxas e Contribuições de Melhoria; Taxas; Taxas pela Prestação de Serviços em Geral - Multas e Juros de Mora; Taxas pela Prestação de Serviços; Taxas pela Prestação de Serviços; ; Taxas pela Prestação de Serviços; Taxas pela Prestação de Serviços; Não se aplica; Taxa de Coleta de Lixo - Multas e Juros; Arrecadações; SECRETARIA DE OBRAS E SERVIÇOS URBANOS; SERVIÇO AUTONOMO DE AGUA E ESGOTO - SAMAE; SECRETARIA DE OBRAS E SERVIÇOS URBANOS; R$ 0,00; R$ 0,00; R$ 0,00; R$ 0,00; R$ 1.880,34; R$ 6.875,78; R$ 0,00; 0.0
 11220104000000; Taxas pela Prestação de Serviços em Geral - Dívida Ativa - Multas e Juros de Mora da Dívida Ativa; Receitas Correntes; Impostos, Taxas e Contribuições de Melhoria; Taxas; Taxas pela Prestação de Serviços em Geral - Dívida Ativa - Multas e Juros de Mora da Dívida Ativa; Taxas pela Prestação de Serviços; Taxas pela Prestação de Serviços; ; Taxas pela Prestação de Serviços; Taxas pela Prestação de Serviços; Não se aplica; Taxas pela Prestação de Serviços em Geral - Dívida Ativa - Multas e Juros de Mora da Dívida Ativa; Arrecadações; SECRETARIA DE ADMINISTRAÇÃO E FINANÇAS; SECRETARIA DE ADMINISTRAÇÃO E FINANÇAS; SECRETARIA DE ADMINISTRAÇÃO E FINANÇAS; R$ 0,00; R$ 0,00; R$ 0,00; R$ 0,00; R$ 3.931,66; R$ 37.300,34; R$ 0,00; 0.0
 11220103010000; Taxa de Coleta de Lixo - Dívida Ativa; Receitas Correntes; Impostos, Taxas e Contribuições de Melhoria; Taxas; Taxas pela Prestação de Serviços em Geral - Dívida Ativa; Taxas pela Prestação de Serviços; Taxas pela Prestação de Serviços; ; Taxas pela Prestação de Serviços; Taxas pela Prestação de Serviços; Não se aplica; Taxa de Coleta de Lixo - Dívida Ativa; Arrecadações; SECRETARIA DE OBRAS E SERVIÇOS URBANOS; SERVIÇO AUTONOMO DE AGUA E ESGOTO - SAMAE; SECRETARIA DE OBRAS E SERVIÇOS URBANOS; R$ 0,00; R$ 0,00; R$ 0,00; R$ 0,00; R$ 12.520,08; R$ 94.215,78; R$ 0,00; 0.0
 11220102010000; Taxa de Coleta de Lixo - Multas e Juros; Receitas Correntes; Impostos, Taxas e Contribuições de Melhoria; Taxas; Taxas pela Prestação de Serviços em Geral - Multas e Juros de Mora; Taxas pela Prestação de Serviços; Taxas pela Prestação de Serviços; ; Taxas pela Prestação de Serviços; Taxas pela Prestação de Serviços; Não se aplica; Taxa de Coleta de Lixo - Multas e Juros; Arrecadações; SECRETARIA DE OBRAS E SERVIÇOS URBANOS; SERVIÇO AUTONOMO DE AGUA E ESGOTO - SAMAE; SECRETARIA DE OBRAS E SERVIÇOS URBANOS; R$ 0,00; R$ 0,00; R$ 0,00; R$ 0,00; R$ 2.118,10; R$ 8.993,88; R$ 0,00; 0.0
 11220103000000; Taxas pela Prestação de Serviços em Geral - Dívida Ativa; Receitas Correntes; Impostos, Taxas e Contribuições de Melhoria; Taxas; Taxas pela Prestação de Serviços em Geral - Dívida Ativa; Taxas pela Prestação de Serviços; Taxas pela Prestação de Serviços; ; Taxas pela Prestação de Serviços; Taxas pela Prestação de Serviços; Não se aplica; Taxas pela Prestação de Serviços em Geral - Dívida Ativa; Arrecadações; SECRETARIA DE ADMINISTRAÇÃO E FINANÇAS; SECRETARIA DE ADMINISTRAÇÃO E FINANÇAS; SECRETARIA DE ADMINISTRAÇÃO E FINANÇAS; R$ 0,00; R$ 0,00; R$ 0,00; R$ 0,00; R$ 14.326,63; R$ 193.821,35; R$ 0,00; 0.0
 19991221000000; Ônus de Sucumbência - Principal; Receitas Correntes; Outras Receitas Correntes; Demais Receitas Correntes; Ônus de Sucumbência - Principal; Outras Receitas Correntes; Encargos Legais pela Inscrição em Dívida Ativa e Receitas de Ônus de Sucumbência; Ônus de Sucumbência; Outras Receitas Correntes; Encargos Legais pela Inscrição em Dívida Ativa e Receitas de Ônus de Sucumbência; Ônus de Sucumbência; Ônus de Sucumbência - Principal; Arrecadações; SECRETARIA DE ADMINISTRAÇÃO E FINANÇAS; SECRETARIA DE ADMINISTRAÇÃO E FINANÇAS; SECRETARIA DE ADMINISTRAÇÃO E FINANÇAS; R$ 0,00; R$ 0,00; R$ 0,00; R$ 0,00; R$ 10.773,70; R$ 91.970,88; R$ 0,00; 0.0
 11220104010000; Taxas de Coleta de Lixo - Dívida Ativa - Multas e Juros de Mora da Dívida Ativa; Receitas Correntes; Impostos, Taxas e Contribuições de Melhoria; Taxas; Taxas pela Prestação de Serviços em Geral - Dívida Ativa - Multas e Juros de Mora da Dívida Ativa; Taxas pela Prestação de Serviços; Taxas pela Prestação de Serviços; ; Taxas pela Prestação de Serviços; Taxas pela Prestação de Serviços; Não se aplica; Taxas de Coleta de Lixo - Dívida Ativa - Multas e Juros de Mora da Dívida Ativa; Arrecadações; SECRETARIA DE OBRAS E SERVIÇOS URBANOS; SERVIÇO AUTONOMO DE AGUA E ESGOTO - SAMAE; SECRETARIA DE OBRAS E SERVIÇOS URBANOS; R$ 0,00; R$ 0,00; R$ 0,00; R$ 0,00; R$ 6.906,28; R$ 32.821,82; R$ 0,00; 0.0
 11220104000000; Taxas pela Prestação de Serviços em Geral - Dívida Ativa - Multas e Juros de Mora da Dívida Ativa; Receitas Correntes; Impostos, Taxas e Contribuições de Melhoria; Taxas; Taxas pela Prestação de Serviços em Geral - Dívida Ativa - Multas e Juros de Mora da Dívida Ativa; Taxas pela Prestação de Serviços; Taxas pela Prestação de Serviços; ; Taxas pela Prestação de Serviços; Taxas pela Prestação de Serviços; Não se aplica; Taxas pela Prestação de Serviços em Geral - Dívida Ativa - Multas e Juros de Mora da Dívida Ativa; Arrecadações; SECRETARIA DE ADMINISTRAÇÃO E FINANÇAS; SECRETARIA DE ADMINISTRAÇÃO E FINANÇAS; SECRETARIA DE ADMINISTRAÇÃO E FINANÇAS; R$ 0,00; R$ 0,00; R$ 0,00; R$ 0,00; R$ 7.561,80; R$ 44.862,14; R$ 0,00; 0.0
 11125301000000; Imposto sobre Transmissão Inter Vivos de Bens Imóveis e de Direitos Reais sobre Imóveis - Principal - Rec Ordinario; Receitas Correntes; Impostos, Taxas e Contribuições de Melhoria; Impostos; Imposto sobre Transmissão Inter Vivos de Bens Imóveis e de Direitos Reais sobre Imóveis - Principal - Rec Ordinario; Impostos sobre o Patrimônio; Imposto sobre Transmissão Inter Vivos de Bens Imóveis e de Direitos Reais sobre Imóveis - Principal - Rec Ordinario; ; Impostos sobre o Patrimônio; Imposto sobre Transmissão Inter Vivos de Bens Imóveis e de Direitos Reais sobre Imóveis - Principal - Rec Ordinario; Não se aplica; Imposto sobre Transmissão Inter Vivos de Bens Imóveis e de Direitos Reais sobre Imóveis - Principal - Rec Ordinario; Arrecadações; SECRETARIA DE ADMINISTRAÇÃO E FINANÇAS; SECRETARIA DE ADMINISTRAÇÃO E FINANÇAS; SECRETARIA DE ADMINISTRAÇÃO E FINANÇAS; R$ 0,00; R$ 0,00; R$ 0,00; R$ 0,00; R$ 259.970,41; R$ 2.115.028,67; R$ 0,00; 0.0
 11125004000000; Imposto sobre a Propriedade Predial e Territorial Urbana - Dívida Ativa - Multas e Juros de Mora da Dívida Ativa; Receitas Correntes; Impostos, Taxas e Contribuições de Melhoria; Impostos; Imposto sobre a Propriedade Predial e Territorial Urbana - Dívida Ativa - Multas e Juros de Mora da Dívida Ativa; Impostos sobre o Patrimônio; Imposto sobre a Propriedade Predial e Territorial Urbana; ; Impostos sobre o Patrimônio; Imposto sobre a Propriedade Predial e Territorial Urbana; Não se aplica; Imposto sobre a Propriedade Predial e Territorial Urbana - Dívida Ativa - Multas e Juros de Mora da Dívida Ativa; Arrecadações; SECRETARIA DE ADMINISTRAÇÃO E FINANÇAS; SECRETARIA DE ADMINISTRAÇÃO E FINANÇAS; SECRETARIA DE ADMINISTRAÇÃO E FINANÇAS; R$ 0,00; R$ 0,00; R$ 0,00; R$ 0,00; R$ 43.396,07; R$ 219.261,23; R$ 0,00; 0.0
 11125301000000; Imposto sobre Transmissão Inter Vivos de Bens Imóveis e de Direitos Reais sobre Imóveis - Principal - Rec Ordinario; Receitas Correntes; Impostos, Taxas e Contribuições de Melhoria; Impostos; Imposto sobre Transmissão Inter Vivos de Bens Imóveis e de Direitos Reais sobre Imóveis - Principal - Rec Ordinario; Impostos sobre o Patrimônio; Imposto sobre Transmissão Inter Vivos de Bens Imóveis e de Direitos Reais sobre Imóveis - Principal - Rec Ordinario; ; Impostos sobre o Patrimônio; Imposto sobre Transmissão Inter Vivos de Bens Imóveis e de Direitos Reais sobre Imóveis - Principal - Rec Ordinario; Não se aplica; Imposto sobre Transmissão Inter Vivos de Bens Imóveis e de Direitos Reais sobre Imóveis - Principal - Rec Ordinario; Arrecadações; SECRETARIA DE ADMINISTRAÇÃO E FINANÇAS; SECRETARIA DE ADMINISTRAÇÃO E FINANÇAS; SECRETARIA DE ADMINISTRAÇÃO E FINANÇAS; R$ 0,00; R$ 0,00; R$ 0,00; R$ 0,00; R$ 430.092,41; R$ 2.545.121,08; R$ 0,00; 0.0
 11220102010000; Taxa de Coleta de Lixo - Multas e Juros; Receitas Correntes; Impostos, Taxas e Contribuições de Melhoria; Taxas; Taxas pela Prestação de Serviços em Geral - Multas e Juros de Mora; Taxas pela Prestação de Serviços; Taxas pela Prestação de Serviços; ; Taxas pela Prestação de Serviços; Taxas pela Prestação de Serviços; Não se aplica; Taxa de Coleta de Lixo - Multas e Juros; Arrecadações; SECRETARIA DE OBRAS E SERVIÇOS URBANOS; SERVIÇO AUTONOMO DE AGUA E ESGOTO - SAMAE; SECRETARIA DE OBRAS E SERVIÇOS URBANOS; R$ 0,00; R$ 0,00; R$ 0,00; R$ 0,00; R$ 1.876,53; R$ 10.870,41; R$ 0,00; 0.0
 11220104000000; Taxas pela Prestação de Serviços em Geral - Dívida Ativa - Multas e Juros de Mora da Dívida Ativa; Receitas Correntes; Impostos, Taxas e Contribuições de Melhoria; Taxas; Taxas pela Prestação de Serviços em Geral - Dívida Ativa - Multas e Juros de Mora da Dívida Ativa; Taxas pela Prestação de Serviços; Taxas pela Prestação de Serviços; ; Taxas pela Prestação de Serviços; Taxas pela Prestação de Serviços; Não se aplica; Taxas pela Prestação de Serviços em Geral - Dívida Ativa - Multas e Juros de Mora da Dívida Ativa; Arrecadações; SECRETARIA DE ADMINISTRAÇÃO E FINANÇAS; SECRETARIA DE ADMINISTRAÇÃO E FINANÇAS; SECRETARIA DE ADMINISTRAÇÃO E FINANÇAS; R$ 0,00; R$ 0,00; R$ 0,00; R$ 0,00; R$ 4.247,09; R$ 49.109,23; R$ 0,00; 0.0
 11125004000000; Imposto sobre a Propriedade Predial e Territorial Urbana - Dívida Ativa - Multas e Juros de Mora da Dívida Ativa; Receitas Correntes; Impostos, Taxas e Contribuições de Melhoria; Impostos; Imposto sobre a Propriedade Predial e Territorial Urbana - Dívida Ativa - Multas e Juros de Mora da Dívida Ativa; Impostos sobre o Patrimônio; Imposto sobre a Propriedade Predial e Territorial Urbana; ; Impostos sobre o Patrimônio; Imposto sobre a Propriedade Predial e Territorial Urbana; Não se aplica; Imposto sobre a Propriedade Predial e Territorial Urbana - Dívida Ativa - Multas e Juros de Mora da Dívida Ativa; Arrecadações; SECRETARIA DE ADMINISTRAÇÃO E FINANÇAS; SECRETARIA DE ADMINISTRAÇÃO E FINANÇAS; SECRETARIA DE ADMINISTRAÇÃO E FINANÇAS; R$ 0,00; R$ 0,00; R$ 0,00; R$ 0,00; R$ 33.014,31; R$ 252.275,54; R$ 0,00; 0.0
 11220103010000; Taxa de Coleta de Lixo - Dívida Ativa; Receitas Correntes; Impostos, Taxas e Contribuições de Melhoria; Taxas; Taxas pela Prestação de Serviços em Geral - Dívida Ativa; Taxas pela Prestação de Serviços; Taxas pela Prestação de Serviços; ; Taxas pela Prestação de Serviços; Taxas pela Prestação de Serviços; Não se aplica; Taxa de Coleta de Lixo - Dívida Ativa; Arrecadações; SECRETARIA DE OBRAS E SERVIÇOS URBANOS; SERVIÇO AUTONOMO DE AGUA E ESGOTO - SAMAE; SECRETARIA DE OBRAS E SERVIÇOS URBANOS; R$ 0,00; R$ 0,00; R$ 0,00; R$ 0,00; R$ 14.640,11; R$ 108.855,89; R$ 0,00; 0.0
 11220104010000; Taxas de Coleta de Lixo - Dívida Ativa - Multas e Juros de Mora da Dívida Ativa; Receitas Correntes; Impostos, Taxas e Contribuições de Melhoria; Taxas; Taxas pela Prestação de Serviços em Geral - Dívida Ativa - Multas e Juros de Mora da Dívida Ativa; Taxas pela Prestação de Serviços; Taxas pela Prestação de Serviços; ; Taxas pela Prestação de Serviços; Taxas pela Prestação de Serviços; Não se aplica; Taxas de Coleta de Lixo - Dívida Ativa - Multas e Juros de Mora da Dívida Ativa; Arrecadações; SECRETARIA DE OBRAS E SERVIÇOS URBANOS; SERVIÇO AUTONOMO DE AGUA E ESGOTO - SAMAE; SECRETARIA DE OBRAS E SERVIÇOS URBANOS; R$ 0,00; R$ 0,00; R$ 0,00; R$ 0,00; R$ 6.611,12; R$ 39.432,94; R$ 0,00; 0.0
 19991221000000; Ônus de Sucumbência - Principal; Receitas Correntes; Outras Receitas Correntes; Demais Receitas Correntes; Ônus de Sucumbência - Principal; Outras Receitas Correntes; Encargos Legais pela Inscrição em Dívida Ativa e Receitas de Ônus de Sucumbência; Ônus de Sucumbência; Outras Receitas Correntes; Encargos Legais pela Inscrição em Dívida Ativa e Receitas de Ônus de Sucumbência; Ônus de Sucumbência; Ônus de Sucumbência - Principal; Arrecadações; SECRETARIA DE ADMINISTRAÇÃO E FINANÇAS; SECRETARIA DE ADMINISTRAÇÃO E FINANÇAS; SECRETARIA DE ADMINISTRAÇÃO E FINANÇAS; R$ 0,00; R$ 0,00; R$ 0,00; R$ 0,00; R$ 11.003,93; R$ 102.974,81; R$ 0,00; 0.0
 11220103000000; Taxas pela Prestação de Serviços em Geral - Dívida Ativa; Receitas Correntes; Impostos, Taxas e Contribuições de Melhoria; Taxas; Taxas pela Prestação de Serviços em Geral - Dívida Ativa; Taxas pela Prestação de Serviços; Taxas pela Prestação de Serviços; ; Taxas pela Prestação de Serviços; Taxas pela Prestação de Serviços; Não se aplica; Taxas pela Prestação de Serviços em Geral - Dívida Ativa; Arrecadações; SECRETARIA DE ADMINISTRAÇÃO E FINANÇAS; SECRETARIA DE ADMINISTRAÇÃO E FINANÇAS; SECRETARIA DE ADMINISTRAÇÃO E FINANÇAS; R$ 0,00; R$ 0,00; R$ 0,00; R$ 0,00; R$ 7.919,19; R$ 201.740,54; R$ 0,00; 0.0
 11125301000000; Imposto sobre Transmissão Inter Vivos de Bens Imóveis e de Direitos Reais sobre Imóveis - Principal - Rec Ordinario; Receitas Correntes; Impostos, Taxas e Contribuições de Melhoria; Impostos; Imposto sobre Transmissão Inter Vivos de Bens Imóveis e de Direitos Reais sobre Imóveis - Principal - Rec Ordinario; Impostos sobre o Patrimônio; Imposto sobre Transmissão Inter Vivos de Bens Imóveis e de Direitos Reais sobre Imóveis - Principal - Rec Ordinario; ; Impostos sobre o Patrimônio; Imposto sobre Transmissão Inter Vivos de Bens Imóveis e de Direitos Reais sobre Imóveis - Principal - Rec Ordinario; Não se aplica; Imposto sobre Transmissão Inter Vivos de Bens Imóveis e de Direitos Reais sobre Imóveis - Principal - Rec Ordinario; Arrecadações; SECRETARIA DE ADMINISTRAÇÃO E FINANÇAS; SECRETARIA DE ADMINISTRAÇÃO E FINANÇAS; SECRETARIA DE ADMINISTRAÇÃO E FINANÇAS; R$ 0,00; R$ 0,00; R$ 0,00; R$ 0,00; R$ 342.627,06; R$ 2.887.748,14; R$ 0,00; 0.0
 11220103010000; Taxa de Coleta de Lixo - Dívida Ativa; Receitas Correntes; Impostos, Taxas e Contribuições de Melhoria; Taxas; Taxas pela Prestação de Serviços em Geral - Dívida Ativa; Taxas pela Prestação de Serviços; Taxas pela Prestação de Serviços; ; Taxas pela Prestação de Serviços; Taxas pela Prestação de Serviços; Não se aplica; Taxa de Coleta de Lixo - Dívida Ativa; Arrecadações; SECRETARIA DE OBRAS E SERVIÇOS URBANOS; SERVIÇO AUTONOMO DE AGUA E ESGOTO - SAMAE; SECRETARIA DE OBRAS E SERVIÇOS URBANOS; R$ 0,00; R$ 0,00; R$ 0,00; R$ 0,00; R$ 14.373,86; R$ 123.229,75; R$ 0,00; 0.0
 19991221000000; Ônus de Sucumbência - Principal; Receitas Correntes; Outras Receitas Correntes; Demais Receitas Correntes; Ônus de Sucumbência - Principal; Outras Receitas Correntes; Encargos Legais pela Inscrição em Dívida Ativa e Receitas de Ônus de Sucumbência; Ônus de Sucumbência; Outras Receitas Correntes; Encargos Legais pela Inscrição em Dívida Ativa e Receitas de Ônus de Sucumbência; Ônus de Sucumbência; Ônus de Sucumbência - Principal; Arrecadações; SECRETARIA DE ADMINISTRAÇÃO E FINANÇAS; SECRETARIA DE ADMINISTRAÇÃO E FINANÇAS; SECRETARIA DE ADMINISTRAÇÃO E FINANÇAS; R$ 0,00; R$ 0,00; R$ 0,00; R$ 0,00; R$ 10.549,24; R$ 113.524,05; R$ 0,00; 0.0
 11220104010000; Taxas de Coleta de Lixo - Dívida Ativa - Multas e Juros de Mora da Dívida Ativa; Receitas Correntes; Impostos, Taxas e Contribuições de Melhoria; Taxas; Taxas pela Prestação de Serviços em Geral - Dívida Ativa - Multas e Juros de Mora da Dívida Ativa; Taxas pela Prestação de Serviços; Taxas pela Prestação de Serviços; ; Taxas pela Prestação de Serviços; Taxas pela Prestação de Serviços; Não se aplica; Taxas de Coleta de Lixo - Dívida Ativa - Multas e Juros de Mora da Dívida Ativa; Arrecadações; SECRETARIA DE OBRAS E SERVIÇOS URBANOS; SERVIÇO AUTONOMO DE AGUA E ESGOTO - SAMAE; SECRETARIA DE OBRAS E SERVIÇOS URBANOS; R$ 0,00; R$ 0,00; R$ 0,00; R$ 0,00; R$ 6.843,16; R$ 46.276,10; R$ 0,00; 0.0
 11220103000000; Taxas pela Prestação de Serviços em Geral - Dívida Ativa; Receitas Correntes; Impostos, Taxas e Contribuições de Melhoria; Taxas; Taxas pela Prestação de Serviços em Geral - Dívida Ativa; Taxas pela Prestação de Serviços; Taxas pela Prestação de Serviços; ; Taxas pela Prestação de Serviços; Taxas pela Prestação de Serviços; Não se aplica; Taxas pela Prestação de Serviços em Geral - Dívida Ativa; Arrecadações; SECRETARIA DE ADMINISTRAÇÃO E FINANÇAS; SECRETARIA DE ADMINISTRAÇÃO E FINANÇAS; SECRETARIA DE ADMINISTRAÇÃO E FINANÇAS; R$ 0,00; R$ 0,00; R$ 0,00; R$ 0,00; R$ 10.997,29; R$ 212.737,83; R$ 0,00; 0.0
 11125004000000; Imposto sobre a Propriedade Predial e Territorial Urbana - Dívida Ativa - Multas e Juros de Mora da Dívida Ativa; Receitas Correntes; Impostos, Taxas e Contribuições de Melhoria; Impostos; Imposto sobre a Propriedade Predial e Territorial Urbana - Dívida Ativa - Multas e Juros de Mora da Dívida Ativa; Impostos sobre o Patrimônio; Imposto sobre a Propriedade Predial e Territorial Urbana; ; Impostos sobre o Patrimônio; Imposto sobre a Propriedade Predial e Territorial Urbana; Não se aplica; Imposto sobre a Propriedade Predial e Territorial Urbana - Dívida Ativa - Multas e Juros de Mora da Dívida Ativa; Arrecadações; SECRETARIA DE ADMINISTRAÇÃO E FINANÇAS; SECRETARIA DE ADMINISTRAÇÃO E FINANÇAS; SECRETARIA DE ADMINISTRAÇÃO E FINANÇAS; R$ 0,00; R$ 0,00; R$ 0,00; R$ 0,00; R$ 43.738,38; R$ 296.013,92; R$ 0,00; 0.0
 11220104000000; Taxas pela Prestação de Serviços em Geral - Dívida Ativa - Multas e Juros de Mora da Dívida Ativa; Receitas Correntes; Impostos, Taxas e Contribuições de Melhoria; Taxas; Taxas pela Prestação de Serviços em Geral - Dívida Ativa - Multas e Juros de Mora da Dívida Ativa; Taxas pela Prestação de Serviços; Taxas pela Prestação de Serviços; ; Taxas pela Prestação de Serviços; Taxas pela Prestação de Serviços; Não se aplica; Taxas pela Prestação de Serviços em Geral - Dívida Ativa - Multas e Juros de Mora da Dívida Ativa; Arrecadações; SECRETARIA DE ADMINISTRAÇÃO E FINANÇAS; SECRETARIA DE ADMINISTRAÇÃO E FINANÇAS; SECRETARIA DE ADMINISTRAÇÃO E FINANÇAS; R$ 0,00; R$ 0,00; R$ 0,00; R$ 0,00; R$ 5.128,48; R$ 54.237,71; R$ 0,00; 0.0
 11220102010000; Taxa de Coleta de Lixo - Multas e Juros; Receitas Correntes; Impostos, Taxas e Contribuições de Melhoria; Taxas; Taxas pela Prestação de Serviços em Geral - Multas e Juros de Mora; Taxas pela Prestação de Serviços; Taxas pela Prestação de Serviços; ; Taxas pela Prestação de Serviços; Taxas pela Prestação de Serviços; Não se aplica; Taxa de Coleta de Lixo - Multas e Juros; Arrecadações; SECRETARIA DE OBRAS E SERVIÇOS URBANOS; SERVIÇO AUTONOMO DE AGUA E ESGOTO - SAMAE; SECRETARIA DE OBRAS E SERVIÇOS URBANOS; R$ 0,00; R$ 0,00; R$ 0,00; R$ 0,00; R$ 1.919,46; R$ 12.789,87; R$ 0,00; 0.0
 11220104010000; Taxas de Coleta de Lixo - Dívida Ativa - Multas e Juros de Mora da Dívida Ativa; Receitas Correntes; Impostos, Taxas e Contribuições de Melhoria; Taxas; Taxas pela Prestação de Serviços em Geral - Dívida Ativa - Multas e Juros de Mora da Dívida Ativa; Taxas pela Prestação de Serviços; Taxas pela Prestação de Serviços; ; Taxas pela Prestação de Serviços; Taxas pela Prestação de Serviços; Não se aplica; Taxas de Coleta de Lixo - Dívida Ativa - Multas e Juros de Mora da Dívida Ativa; Arrecadações; SECRETARIA DE OBRAS E SERVIÇOS URBANOS; SERVIÇO AUTONOMO DE AGUA E ESGOTO - SAMAE; SECRETARIA DE OBRAS E SERVIÇOS URBANOS; R$ 0,00; R$ 0,00; R$ 0,00; R$ 0,00; R$ 5.956,92; R$ 52.233,02; R$ 0,00; 0.0
 11125004000000; Imposto sobre a Propriedade Predial e Territorial Urbana - Dívida Ativa - Multas e Juros de Mora da Dívida Ativa; Receitas Correntes; Impostos, Taxas e Contribuições de Melhoria; Impostos; Imposto sobre a Propriedade Predial e Territorial Urbana - Dívida Ativa - Multas e Juros de Mora da Dívida Ativa; Impostos sobre o Patrimônio; Imposto sobre a Propriedade Predial e Territorial Urbana; ; Impostos sobre o Patrimônio; Imposto sobre a Propriedade Predial e Territorial Urbana; Não se aplica; Imposto sobre a Propriedade Predial e Territorial Urbana - Dívida Ativa - Multas e Juros de Mora da Dívida Ativa; Arrecadações; SECRETARIA DE ADMINISTRAÇÃO E FINANÇAS; SECRETARIA DE ADMINISTRAÇÃO E FINANÇAS; SECRETARIA DE ADMINISTRAÇÃO E FINANÇAS; R$ 0,00; R$ 0,00; R$ 0,00; R$ 0,00; R$ 30.799,45; R$ 326.813,37; R$ 0,00; 0.0
 11125301000000; Imposto sobre Transmissão Inter Vivos de Bens Imóveis e de Direitos Reais sobre Imóveis - Principal - Rec Ordinario; Receitas Correntes; Impostos, Taxas e Contribuições de Melhoria; Impostos; Imposto sobre Transmissão Inter Vivos de Bens Imóveis e de Direitos Reais sobre Imóveis - Principal - Rec Ordinario; Impostos sobre o Patrimônio; Imposto sobre Transmissão Inter Vivos de Bens Imóveis e de Direitos Reais sobre Imóveis - Principal - Rec Ordinario; ; Impostos sobre o Patrimônio; Imposto sobre Transmissão Inter Vivos de Bens Imóveis e de Direitos Reais sobre Imóveis - Principal - Rec Ordinario; Não se aplica; Imposto sobre Transmissão Inter Vivos de Bens Imóveis e de Direitos Reais sobre Imóveis - Principal - Rec Ordinario; Arrecadações; SECRETARIA DE ADMINISTRAÇÃO E FINANÇAS; SECRETARIA DE ADMINISTRAÇÃO E FINANÇAS; SECRETARIA DE ADMINISTRAÇÃO E FINANÇAS; R$ 0,00; R$ 0,00; R$ 0,00; R$ 0,00; R$ 376.321,55; R$ 3.264.069,69; R$ 0,00; 0.0
 11220103000000; Taxas pela Prestação de Serviços em Geral - Dívida Ativa; Receitas Correntes; Impostos, Taxas e Contribuições de Melhoria; Taxas; Taxas pela Prestação de Serviços em Geral - Dívida Ativa; Taxas pela Prestação de Serviços; Taxas pela Prestação de Serviços; ; Taxas pela Prestação de Serviços; Taxas pela Prestação de Serviços; Não se aplica; Taxas pela Prestação de Serviços em Geral - Dívida Ativa; Arrecadações; SECRETARIA DE ADMINISTRAÇÃO E FINANÇAS; SECRETARIA DE ADMINISTRAÇÃO E FINANÇAS; SECRETARIA DE ADMINISTRAÇÃO E FINANÇAS; R$ 0,00; R$ 0,00; R$ 0,00; R$ 0,00; R$ 8.864,03; R$ 221.601,86; R$ 0,00; 0.0
 11220104000000; Taxas pela Prestação de Serviços em Geral - Dívida Ativa - Multas e Juros de Mora da Dívida Ativa; Receitas Correntes; Impostos, Taxas e Contribuições de Melhoria; Taxas; Taxas pela Prestação de Serviços em Geral - Dívida Ativa - Multas e Juros de Mora da Dívida Ativa; Taxas pela Prestação de Serviços; Taxas pela Prestação de Serviços; ; Taxas pela Prestação de Serviços; Taxas pela Prestação de Serviços; Não se aplica; Taxas pela Prestação de Serviços em Geral - Dívida Ativa - Multas e Juros de Mora da Dívida Ativa; Arrecadações; SECRETARIA DE ADMINISTRAÇÃO E FINANÇAS; SECRETARIA DE ADMINISTRAÇÃO E FINANÇAS; SECRETARIA DE ADMINISTRAÇÃO E FINANÇAS; R$ 0,00; R$ 0,00; R$ 0,00; R$ 0,00; R$ 5.091,38; R$ 59.329,09; R$ 0,00; 0.0
 19991221000000; Ônus de Sucumbência - Principal; Receitas Correntes; Outras Receitas Correntes; Demais Receitas Correntes; Ônus de Sucumbência - Principal; Outras Receitas Correntes; Encargos Legais pela Inscrição em Dívida Ativa e Receitas de Ônus de Sucumbência; Ônus de Sucumbência; Outras Receitas Correntes; Encargos Legais pela Inscrição em Dívida Ativa e Receitas de Ônus de Sucumbência; Ônus de Sucumbência; Ônus de Sucumbência - Principal; Arrecadações; SECRETARIA DE ADMINISTRAÇÃO E FINANÇAS; SECRETARIA DE ADMINISTRAÇÃO E FINANÇAS; SECRETARIA DE ADMINISTRAÇÃO E FINANÇAS; R$ 0,00; R$ 0,00; R$ 0,00; R$ 0,00; R$ 8.103,29; R$ 121.627,34; R$ 0,00; 0.0
 11220103010000; Taxa de Coleta de Lixo - Dívida Ativa; Receitas Correntes; Impostos, Taxas e Contribuições de Melhoria; Taxas; Taxas pela Prestação de Serviços em Geral - Dívida Ativa; Taxas pela Prestação de Serviços; Taxas pela Prestação de Serviços; ; Taxas pela Prestação de Serviços; Taxas pela Prestação de Serviços; Não se aplica; Taxa de Coleta de Lixo - Dívida Ativa; Arrecadações; SECRETARIA DE OBRAS E SERVIÇOS URBANOS; SERVIÇO AUTONOMO DE AGUA E ESGOTO - SAMAE; SECRETARIA DE OBRAS E SERVIÇOS URBANOS; R$ 0,00; R$ 0,00; R$ 0,00; R$ 0,00; R$ 10.788,69; R$ 134.018,44; R$ 0,00; 0.0
 11220102010000; Taxa de Coleta de Lixo - Multas e Juros; Receitas Correntes; Impostos, Taxas e Contribuições de Melhoria; Taxas; Taxas pela Prestação de Serviços em Geral - Multas e Juros de Mora; Taxas pela Prestação de Serviços; Taxas pela Prestação de Serviços; ; Taxas pela Prestação de Serviços; Taxas pela Prestação de Serviços; Não se aplica; Taxa de Coleta de Lixo - Multas e Juros; Arrecadações; SECRETARIA DE OBRAS E SERVIÇOS URBANOS; SERVIÇO AUTONOMO DE AGUA E ESGOTO - SAMAE; SECRETARIA DE OBRAS E SERVIÇOS URBANOS; R$ 0,00; R$ 0,00; R$ 0,00; R$ 0,00; R$ 1.646,61; R$ 14.436,48; R$ 0,00; 0.0
 11125301000000; Imposto sobre Transmissão Inter Vivos de Bens Imóveis e de Direitos Reais sobre Imóveis - Principal - Rec Ordinario; Receitas Correntes; Impostos, Taxas e Contribuições de Melhoria; Impostos; Imposto sobre Transmissão Inter Vivos de Bens Imóveis e de Direitos Reais sobre Imóveis - Principal - Rec Ordinario; Impostos sobre o Patrimônio; Imposto sobre Transmissão Inter Vivos de Bens Imóveis e de Direitos Reais sobre Imóveis - Principal - Rec Ordinario; ; Impostos sobre o Patrimônio; Imposto sobre Transmissão Inter Vivos de Bens Imóveis e de Direitos Reais sobre Imóveis - Principal - Rec Ordinario; Não se aplica; Imposto sobre Transmissão Inter Vivos de Bens Imóveis e de Direitos Reais sobre Imóveis - Principal - Rec Ordinario; Arrecadações; SECRETARIA DE ADMINISTRAÇÃO E FINANÇAS; SECRETARIA DE ADMINISTRAÇÃO E FINANÇAS; SECRETARIA DE ADMINISTRAÇÃO E FINANÇAS; R$ 0,00; R$ 0,00; R$ 0,00; R$ 0,00; R$ 358.799,50; R$ 3.622.869,19; R$ 0,00; 0.0
 11220103010000; Taxa de Coleta de Lixo - Dívida Ativa; Receitas Correntes; Impostos, Taxas e Contribuições de Melhoria; Taxas; Taxas pela Prestação de Serviços em Geral - Dívida Ativa; Taxas pela Prestação de Serviços; Taxas pela Prestação de Serviços; ; Taxas pela Prestação de Serviços; Taxas pela Prestação de Serviços; Não se aplica; Taxa de Coleta de Lixo - Dívida Ativa; Arrecadações; SECRETARIA DE OBRAS E SERVIÇOS URBANOS; SERVIÇO AUTONOMO DE AGUA E ESGOTO - SAMAE; SECRETARIA DE OBRAS E SERVIÇOS URBANOS; R$ 0,00; R$ 0,00; R$ 0,00; R$ 0,00; R$ 13.048,10; R$ 147.066,54; R$ 0,00; 0.0
 11125004000000; Imposto sobre a Propriedade Predial e Territorial Urbana - Dívida Ativa - Multas e Juros de Mora da Dívida Ativa; Receitas Correntes; Impostos, Taxas e Contribuições de Melhoria; Impostos; Imposto sobre a Propriedade Predial e Territorial Urbana - Dívida Ativa - Multas e Juros de Mora da Dívida Ativa; Impostos sobre o Patrimônio; Imposto sobre a Propriedade Predial e Territorial Urbana; ; Impostos sobre o Patrimônio; Imposto sobre a Propriedade Predial e Territorial Urbana; Não se aplica; Imposto sobre a Propriedade Predial e Territorial Urbana - Dívida Ativa - Multas e Juros de Mora da Dívida Ativa; Arrecadações; SECRETARIA DE ADMINISTRAÇÃO E FINANÇAS; SECRETARIA DE ADMINISTRAÇÃO E FINANÇAS; SECRETARIA DE ADMINISTRAÇÃO E FINANÇAS; R$ 0,00; R$ 0,00; R$ 0,00; R$ 0,00; R$ 37.522,93; R$ 364.336,30; R$ 0,00; 0.0
 11220104010000; Taxas de Coleta de Lixo - Dívida Ativa - Multas e Juros de Mora da Dívida Ativa; Receitas Correntes; Impostos, Taxas e Contribuições de Melhoria; Taxas; Taxas pela Prestação de Serviços em Geral - Dívida Ativa - Multas e Juros de Mora da Dívida Ativa; Taxas pela Prestação de Serviços; Taxas pela Prestação de Serviços; ; Taxas pela Prestação de Serviços; Taxas pela Prestação de Serviços; Não se aplica; Taxas de Coleta de Lixo - Dívida Ativa - Multas e Juros de Mora da Dívida Ativa; Arrecadações; SECRETARIA DE OBRAS E SERVIÇOS URBANOS; SERVIÇO AUTONOMO DE AGUA E ESGOTO - SAMAE; SECRETARIA DE OBRAS E SERVIÇOS URBANOS; R$ 0,00; R$ 0,00; R$ 0,00; R$ 0,00; R$ 4.648,57; R$ 56.881,59; R$ 0,00; 0.0
 11220102010000; Taxa de Coleta de Lixo - Multas e Juros; Receitas Correntes; Impostos, Taxas e Contribuições de Melhoria; Taxas; Taxas pela Prestação de Serviços em Geral - Multas e Juros de Mora; Taxas pela Prestação de Serviços; Taxas pela Prestação de Serviços; ; Taxas pela Prestação de Serviços; Taxas pela Prestação de Serviços; Não se aplica; Taxa de Coleta de Lixo - Multas e Juros; Arrecadações; SECRETARIA DE OBRAS E SERVIÇOS URBANOS; SERVIÇO AUTONOMO DE AGUA E ESGOTO - SAMAE; SECRETARIA DE OBRAS E SERVIÇOS URBANOS; R$ 0,00; R$ 0,00; R$ 0,00; R$ 0,00; R$ 1.753,27; R$ 16.189,75; R$ 0,00; 0.0
 19991221000000; Ônus de Sucumbência - Principal; Receitas Correntes; Outras Receitas Correntes; Demais Receitas Correntes; Ônus de Sucumbência - Principal; Outras Receitas Correntes; Encargos Legais pela Inscrição em Dívida Ativa e Receitas de Ônus de Sucumbência; Ônus de Sucumbência; Outras Receitas Correntes; Encargos Legais pela Inscrição em Dívida Ativa e Receitas de Ônus de Sucumbência; Ônus de Sucumbência; Ônus de Sucumbência - Principal; Arrecadações; SECRETARIA DE ADMINISTRAÇÃO E FINANÇAS; SECRETARIA DE ADMINISTRAÇÃO E FINANÇAS; SECRETARIA DE ADMINISTRAÇÃO E FINANÇAS; R$ 0,00; R$ 0,00; R$ 0,00; R$ 0,00; R$ 8.263,72; R$ 129.891,06; R$ 0,00; 0.0
 11220104000000; Taxas pela Prestação de Serviços em Geral - Dívida Ativa - Multas e Juros de Mora da Dívida Ativa; Receitas Correntes; Impostos, Taxas e Contribuições de Melhoria; Taxas; Taxas pela Prestação de Serviços em Geral - Dívida Ativa - Multas e Juros de Mora da Dívida Ativa; Taxas pela Prestação de Serviços; Taxas pela Prestação de Serviços; ; Taxas pela Prestação de Serviços; Taxas pela Prestação de Serviços; Não se aplica; Taxas pela Prestação de Serviços em Geral - Dívida Ativa - Multas e Juros de Mora da Dívida Ativa; Arrecadações; SECRETARIA DE ADMINISTRAÇÃO E FINANÇAS; SECRETARIA DE ADMINISTRAÇÃO E FINANÇAS; SECRETARIA DE ADMINISTRAÇÃO E FINANÇAS; R$ 0,00; R$ 0,00; R$ 0,00; R$ 0,00; R$ 8.310,24; R$ 67.639,33; R$ 0,00; 0.0
 11220103000000; Taxas pela Prestação de Serviços em Geral - Dívida Ativa; Receitas Correntes; Impostos, Taxas e Contribuições de Melhoria; Taxas; Taxas pela Prestação de Serviços em Geral - Dívida Ativa; Taxas pela Prestação de Serviços; Taxas pela Prestação de Serviços; ; Taxas pela Prestação de Serviços; Taxas pela Prestação de Serviços; Não se aplica; Taxas pela Prestação de Serviços em Geral - Dívida Ativa; Arrecadações; SECRETARIA DE ADMINISTRAÇÃO E FINANÇAS; SECRETARIA DE ADMINISTRAÇÃO E FINANÇAS; SECRETARIA DE ADMINISTRAÇÃO E FINANÇAS; R$ 0,00; R$ 0,00; R$ 0,00; R$ 0,00; R$ 10.501,57; R$ 232.103,43; R$ 0,00; 0.0
 11220104000000; Taxas pela Prestação de Serviços em Geral - Dívida Ativa - Multas e Juros de Mora da Dívida Ativa; Receitas Correntes; Impostos, Taxas e Contribuições de Melhoria; Taxas; Taxas pela Prestação de Serviços em Geral - Dívida Ativa - Multas e Juros de Mora da Dívida Ativa; Taxas pela Prestação de Serviços; Taxas pela Prestação de Serviços; ; Taxas pela Prestação de Serviços; Taxas pela Prestação de Serviços; Não se aplica; Taxas pela Prestação de Serviços em Geral - Dívida Ativa - Multas e Juros de Mora da Dívida Ativa; Arrecadações; SECRETARIA DE ADMINISTRAÇÃO E FINANÇAS; SECRETARIA DE ADMINISTRAÇÃO E FINANÇAS; SECRETARIA DE ADMINISTRAÇÃO E FINANÇAS; R$ 0,00; R$ 0,00; R$ 0,00; R$ 0,00; R$ 4.887,13; R$ 72.526,46; R$ 0,00; 0.0
 19991221000000; Ônus de Sucumbência - Principal; Receitas Correntes; Outras Receitas Correntes; Demais Receitas Correntes; Ônus de Sucumbência - Principal; Outras Receitas Correntes; Encargos Legais pela Inscrição em Dívida Ativa e Receitas de Ônus de Sucumbência; Ônus de Sucumbência; Outras Receitas Correntes; Encargos Legais pela Inscrição em Dívida Ativa e Receitas de Ônus de Sucumbência; Ônus de Sucumbência; Ônus de Sucumbência - Principal; Arrecadações; SECRETARIA DE ADMINISTRAÇÃO E FINANÇAS; SECRETARIA DE ADMINISTRAÇÃO E FINANÇAS; SECRETARIA DE ADMINISTRAÇÃO E FINANÇAS; R$ 0,00; R$ 0,00; R$ 0,00; R$ 0,00; R$ 6.628,25; R$ 136.519,31; R$ 0,00; 0.0
 11125301000000; Imposto sobre Transmissão Inter Vivos de Bens Imóveis e de Direitos Reais sobre Imóveis - Principal - Rec Ordinario; Receitas Correntes; Impostos, Taxas e Contribuições de Melhoria; Impostos; Imposto sobre Transmissão Inter Vivos de Bens Imóveis e de Direitos Reais sobre Imóveis - Principal - Rec Ordinario; Impostos sobre o Patrimônio; Imposto sobre Transmissão Inter Vivos de Bens Imóveis e de Direitos Reais sobre Imóveis - Principal - Rec Ordinario; ; Impostos sobre o Patrimônio; Imposto sobre Transmissão Inter Vivos de Bens Imóveis e de Direitos Reais sobre Imóveis - Principal - Rec Ordinario; Não se aplica; Imposto sobre Transmissão Inter Vivos de Bens Imóveis e de Direitos Reais sobre Imóveis - Principal - Rec Ordinario; Arrecadações; SECRETARIA DE ADMINISTRAÇÃO E FINANÇAS; SECRETARIA DE ADMINISTRAÇÃO E FINANÇAS; SECRETARIA DE ADMINISTRAÇÃO E FINANÇAS; R$ 0,00; R$ 0,00; R$ 0,00; R$ 0,00; R$ 410.099,29; R$ 4.032.968,48; R$ 0,00; 0.0
 11125004000000; Imposto sobre a Propriedade Predial e Territorial Urbana - Dívida Ativa - Multas e Juros de Mora da Dívida Ativa; Receitas Correntes; Impostos, Taxas e Contribuições de Melhoria; Impostos; Imposto sobre a Propriedade Predial e Territorial Urbana - Dívida Ativa - Multas e Juros de Mora da Dívida Ativa; Impostos sobre o Patrimônio; Imposto sobre a Propriedade Predial e Territorial Urbana; ; Impostos sobre o Patrimônio; Imposto sobre a Propriedade Predial e Territorial Urbana; Não se aplica; Imposto sobre a Propriedade Predial e Territorial Urbana - Dívida Ativa - Multas e Juros de Mora da Dívida Ativa; Arrecadações; SECRETARIA DE ADMINISTRAÇÃO E FINANÇAS; SECRETARIA DE ADMINISTRAÇÃO E FINANÇAS; SECRETARIA DE ADMINISTRAÇÃO E FINANÇAS; R$ 0,00; R$ 0,00; R$ 0,00; R$ 0,00; R$ 36.154,87; R$ 400.491,17; R$ 0,00; 0.0
 11220103010000; Taxa de Coleta de Lixo - Dívida Ativa; Receitas Correntes; Impostos, Taxas e Contribuições de Melhoria; Taxas; Taxas pela Prestação de Serviços em Geral - Dívida Ativa; Taxas pela Prestação de Serviços; Taxas pela Prestação de Serviços; ; Taxas pela Prestação de Serviços; Taxas pela Prestação de Serviços; Não se aplica; Taxa de Coleta de Lixo - Dívida Ativa; Arrecadações; SECRETARIA DE OBRAS E SERVIÇOS URBANOS; SERVIÇO AUTONOMO DE AGUA E ESGOTO - SAMAE; SECRETARIA DE OBRAS E SERVIÇOS URBANOS; R$ 0,00; R$ 0,00; R$ 0,00; R$ 0,00; R$ 9.870,68; R$ 156.937,22; R$ 0,00; 0.0
 11220102010000; Taxa de Coleta de Lixo - Multas e Juros; Receitas Correntes; Impostos, Taxas e Contribuições de Melhoria; Taxas; Taxas pela Prestação de Serviços em Geral - Multas e Juros de Mora; Taxas pela Prestação de Serviços; Taxas pela Prestação de Serviços; ; Taxas pela Prestação de Serviços; Taxas pela Prestação de Serviços; Não se aplica; Taxa de Coleta de Lixo - Multas e Juros; Arrecadações; SECRETARIA DE OBRAS E SERVIÇOS URBANOS; SERVIÇO AUTONOMO DE AGUA E ESGOTO - SAMAE; SECRETARIA DE OBRAS E SERVIÇOS URBANOS; R$ 0,00; R$ 0,00; R$ 0,00; R$ 0,00; R$ 1.657,00; R$ 17.846,75; R$ 0,00; 0.0
 11220103000000; Taxas pela Prestação de Serviços em Geral - Dívida Ativa; Receitas Correntes; Impostos, Taxas e Contribuições de Melhoria; Taxas; Taxas pela Prestação de Serviços em Geral - Dívida Ativa; Taxas pela Prestação de Serviços; Taxas pela Prestação de Serviços; ; Taxas pela Prestação de Serviços; Taxas pela Prestação de Serviços; Não se aplica; Taxas pela Prestação de Serviços em Geral - Dívida Ativa; Arrecadações; SECRETARIA DE ADMINISTRAÇÃO E FINANÇAS; SECRETARIA DE ADMINISTRAÇÃO E FINANÇAS; SECRETARIA DE ADMINISTRAÇÃO E FINANÇAS; R$ 0,00; R$ 0,00; R$ 0,00; R$ 0,00; R$ 7.868,65; R$ 239.972,08; R$ 0,00; 0.0
 11220104010000; Taxas de Coleta de Lixo - Dívida Ativa - Multas e Juros de Mora da Dívida Ativa; Receitas Correntes; Impostos, Taxas e Contribuições de Melhoria; Taxas; Taxas pela Prestação de Serviços em Geral - Dívida Ativa - Multas e Juros de Mora da Dívida Ativa; Taxas pela Prestação de Serviços; Taxas pela Prestação de Serviços; ; Taxas pela Prestação de Serviços; Taxas pela Prestação de Serviços; Não se aplica; Taxas de Coleta de Lixo - Dívida Ativa - Multas e Juros de Mora da Dívida Ativa; Arrecadações; SECRETARIA DE OBRAS E SERVIÇOS URBANOS; SERVIÇO AUTONOMO DE AGUA E ESGOTO - SAMAE; SECRETARIA DE OBRAS E SERVIÇOS URBANOS; R$ 0,00; R$ 0,00; R$ 0,00; R$ 0,00; R$ 4.464,65; R$ 61.346,24; R$ 0,00; 0.0
 11220103010000; Taxa de Coleta de Lixo - Dívida Ativa; Receitas Correntes; Impostos, Taxas e Contribuições de Melhoria; Taxas; Taxas pela Prestação de Serviços em Geral - Dívida Ativa; Taxas pela Prestação de Serviços; Taxas pela Prestação de Serviços; ; Taxas pela Prestação de Serviços; Taxas pela Prestação de Serviços; Não se aplica; Taxa de Coleta de Lixo - Dívida Ativa; Arrecadações; SECRETARIA DE OBRAS E SERVIÇOS URBANOS; SERVIÇO AUTONOMO DE AGUA E ESGOTO - SAMAE; SECRETARIA DE OBRAS E SERVIÇOS URBANOS; R$ 0,00; R$ 0,00; R$ 0,00; R$ 0,00; R$ 11.865,80; R$ 168.803,02; R$ 0,00; 0.0
 11125301000000; Imposto sobre Transmissão Inter Vivos de Bens Imóveis e de Direitos Reais sobre Imóveis - Principal - Rec Ordinario; Receitas Correntes; Impostos, Taxas e Contribuições de Melhoria; Impostos; Imposto sobre Transmissão Inter Vivos de Bens Imóveis e de Direitos Reais sobre Imóveis - Principal - Rec Ordinario; Impostos sobre o Patrimônio; Imposto sobre Transmissão Inter Vivos de Bens Imóveis e de Direitos Reais sobre Imóveis - Principal - Rec Ordinario; ; Impostos sobre o Patrimônio; Imposto sobre Transmissão Inter Vivos de Bens Imóveis e de Direitos Reais sobre Imóveis - Principal - Rec Ordinario; Não se aplica; Imposto sobre Transmissão Inter Vivos de Bens Imóveis e de Direitos Reais sobre Imóveis - Principal - Rec Ordinario; Arrecadações; SECRETARIA DE ADMINISTRAÇÃO E FINANÇAS; SECRETARIA DE ADMINISTRAÇÃO E FINANÇAS; SECRETARIA DE ADMINISTRAÇÃO E FINANÇAS; R$ 0,00; R$ 0,00; R$ 0,00; R$ 0,00; R$ 400.007,84; R$ 4.432.976,32; R$ 0,00; 0.0
 11220102010000; Taxa de Coleta de Lixo - Multas e Juros; Receitas Correntes; Impostos, Taxas e Contribuições de Melhoria; Taxas; Taxas pela Prestação de Serviços em Geral - Multas e Juros de Mora; Taxas pela Prestação de Serviços; Taxas pela Prestação de Serviços; ; Taxas pela Prestação de Serviços; Taxas pela Prestação de Serviços; Não se aplica; Taxa de Coleta de Lixo - Multas e Juros; Arrecadações; SECRETARIA DE OBRAS E SERVIÇOS URBANOS; SERVIÇO AUTONOMO DE AGUA E ESGOTO - SAMAE; SECRETARIA DE OBRAS E SERVIÇOS URBANOS; R$ 0,00; R$ 0,00; R$ 0,00; R$ 0,00; R$ 2.589,81; R$ 20.436,56; R$ 0,00; 0.0
 11125004000000; Imposto sobre a Propriedade Predial e Territorial Urbana - Dívida Ativa - Multas e Juros de Mora da Dívida Ativa; Receitas Correntes; Impostos, Taxas e Contribuições de Melhoria; Impostos; Imposto sobre a Propriedade Predial e Territorial Urbana - Dívida Ativa - Multas e Juros de Mora da Dívida Ativa; Impostos sobre o Patrimônio; Imposto sobre a Propriedade Predial e Territorial Urbana; ; Impostos sobre o Patrimônio; Imposto sobre a Propriedade Predial e Territorial Urbana; Não se aplica; Imposto sobre a Propriedade Predial e Territorial Urbana - Dívida Ativa - Multas e Juros de Mora da Dívida Ativa; Arrecadações; SECRETARIA DE ADMINISTRAÇÃO E FINANÇAS; SECRETARIA DE ADMINISTRAÇÃO E FINANÇAS; SECRETARIA DE ADMINISTRAÇÃO E FINANÇAS; R$ 0,00; R$ 0,00; R$ 0,00; R$ 0,00; R$ 38.013,03; R$ 438.504,20; R$ 0,00; 0.0
 11220104000000; Taxas pela Prestação de Serviços em Geral - Dívida Ativa - Multas e Juros de Mora da Dívida Ativa; Receitas Correntes; Impostos, Taxas e Contribuições de Melhoria; Taxas; Taxas pela Prestação de Serviços em Geral - Dívida Ativa - Multas e Juros de Mora da Dívida Ativa; Taxas pela Prestação de Serviços; Taxas pela Prestação de Serviços; ; Taxas pela Prestação de Serviços; Taxas pela Prestação de Serviços; Não se aplica; Taxas pela Prestação de Serviços em Geral - Dívida Ativa - Multas e Juros de Mora da Dívida Ativa; Arrecadações; SECRETARIA DE ADMINISTRAÇÃO E FINANÇAS; SECRETARIA DE ADMINISTRAÇÃO E FINANÇAS; SECRETARIA DE ADMINISTRAÇÃO E FINANÇAS; R$ 0,00; R$ 0,00; R$ 0,00; R$ 0,00; R$ 4.647,59; R$ 77.174,05; R$ 0,00; 0.0
 11220104010000; Taxas de Coleta de Lixo - Dívida Ativa - Multas e Juros de Mora da Dívida Ativa; Receitas Correntes; Impostos, Taxas e Contribuições de Melhoria; Taxas; Taxas pela Prestação de Serviços em Geral - Dívida Ativa - Multas e Juros de Mora da Dívida Ativa; Taxas pela Prestação de Serviços; Taxas pela Prestação de Serviços; ; Taxas pela Prestação de Serviços; Taxas pela Prestação de Serviços; Não se aplica; Taxas de Coleta de Lixo - Dívida Ativa - Multas e Juros de Mora da Dívida Ativa; Arrecadações; SECRETARIA DE OBRAS E SERVIÇOS URBANOS; SERVIÇO AUTONOMO DE AGUA E ESGOTO - SAMAE; SECRETARIA DE OBRAS E SERVIÇOS URBANOS; R$ 0,00; R$ 0,00; R$ 0,00; R$ 0,00; R$ 5.913,12; R$ 67.259,36; R$ 0,00; 0.0
 19991221000000; Ônus de Sucumbência - Principal; Receitas Correntes; Outras Receitas Correntes; Demais Receitas Correntes; Ônus de Sucumbência - Principal; Outras Receitas Correntes; Encargos Legais pela Inscrição em Dívida Ativa e Receitas de Ônus de Sucumbência; Ônus de Sucumbência; Outras Receitas Correntes; Encargos Legais pela Inscrição em Dívida Ativa e Receitas de Ônus de Sucumbência; Ônus de Sucumbência; Ônus de Sucumbência - Principal; Arrecadações; SECRETARIA DE ADMINISTRAÇÃO E FINANÇAS; SECRETARIA DE ADMINISTRAÇÃO E FINANÇAS; SECRETARIA DE ADMINISTRAÇÃO E FINANÇAS; R$ 0,00; R$ 0,00; R$ 0,00; R$ 0,00; R$ 7.536,99; R$ 144.056,30; R$ 0,00; 0.0
 11220103000000; Taxas pela Prestação de Serviços em Geral - Dívida Ativa; Receitas Correntes; Impostos, Taxas e Contribuições de Melhoria; Taxas; Taxas pela Prestação de Serviços em Geral - Dívida Ativa; Taxas pela Prestação de Serviços; Taxas pela Prestação de Serviços; ; Taxas pela Prestação de Serviços; Taxas pela Prestação de Serviços; Não se aplica; Taxas pela Prestação de Serviços em Geral - Dívida Ativa; Arrecadações; SECRETARIA DE ADMINISTRAÇÃO E FINANÇAS; SECRETARIA DE ADMINISTRAÇÃO E FINANÇAS; SECRETARIA DE ADMINISTRAÇÃO E FINANÇAS; R$ 0,00; R$ 0,00; R$ 0,00; R$ 0,00; R$ 8.242,29; R$ 248.214,37; R$ 0,00; 0.0
 13210101019917; Rec. de Remun. Dep. Banc. Vinculados-  Lei Paulo Gustavo; Receitas Correntes; Receita Patrimonial; Valores Mobiliários; Remuneração de Depósitos Bancários - Principal; Juros e Correções Monetárias; Remuneração de Depósitos Bancários; ; Juros e Correções Monetárias; Remuneração de Depósitos Bancários; Não se aplica; Rec. de Remun. Dep. Banc. Vinculados-  Lei Paulo Gustavo; Arrecadações; SECRETARIA DE CULTURA; DIRETORIA DE CULTURA; SECRETARIA DE CULTURA; R$ 0,00; R$ 0,00; R$ 0,00; R$ 0,00; R$ 883,01; R$ 883,01; R$ 0,00; 0.0
 13210101019917; Rec. de Remun. Dep. Banc. Vinculados-  Lei Paulo Gustavo; Receitas Correntes; Receita Patrimonial; Valores Mobiliários; Remuneração de Depósitos Bancários - Principal; Juros e Correções Monetárias; Remuneração de Depósitos Bancários; ; Juros e Correções Monetárias; Remuneração de Depósitos Bancários; Não se aplica; Rec. de Remun. Dep. Banc. Vinculados-  Lei Paulo Gustavo; Arrecadações; SECRETARIA DE CULTURA; DIRETORIA DE CULTURA; SECRETARIA DE CULTURA; R$ 0,00; R$ 0,00; R$ 0,00; R$ 0,00; R$ 731,22; R$ 1.614,23; R$ 0,00; 0.0
 13210101019917; Rec. de Remun. Dep. Banc. Vinculados-  Lei Paulo Gustavo; Receitas Correntes; Receita Patrimonial; Valores Mobiliários; Remuneração de Depósitos Bancários - Principal; Juros e Correções Monetárias; Remuneração de Depósitos Bancários; ; Juros e Correções Monetárias; Remuneração de Depósitos Bancários; Não se aplica; Rec. de Remun. Dep. Banc. Vinculados-  Lei Paulo Gustavo; Arrecadações; SECRETARIA DE CULTURA; DIRETORIA DE CULTURA; SECRETARIA DE CULTURA; R$ 0,00; R$ 0,00; R$ 0,00; R$ 0,00; R$ 482,31; R$ 2.096,54; R$ 0,00; 0.0
 13210101019917; Rec. de Remun. Dep. Banc. Vinculados-  Lei Paulo Gustavo; Receitas Correntes; Receita Patrimonial; Valores Mobiliários; Remuneração de Depósitos Bancários - Principal; Juros e Correções Monetárias; Remuneração de Depósitos Bancários; ; Juros e Correções Monetárias; Remuneração de Depósitos Bancários; Não se aplica; Rec. de Remun. Dep. Banc. Vinculados-  Lei Paulo Gustavo; Arrecadações; SECRETARIA DE CULTURA; DIRETORIA DE CULTURA; SECRETARIA DE CULTURA; R$ 0,00; R$ 0,00; R$ 0,00; R$ 0,00; R$ 281,32; R$ 2.377,86; R$ 0,00; 0.0
 13210101019917; Rec. de Remun. Dep. Banc. Vinculados-  Lei Paulo Gustavo; Receitas Correntes; Receita Patrimonial; Valores Mobiliários; Remuneração de Depósitos Bancários - Principal; Juros e Correções Monetárias; Remuneração de Depósitos Bancários; ; Juros e Correções Monetárias; Remuneração de Depósitos Bancários; Não se aplica; Rec. de Remun. Dep. Banc. Vinculados-  Lei Paulo Gustavo; Arrecadações; SECRETARIA DE CULTURA; DIRETORIA DE CULTURA; SECRETARIA DE CULTURA; R$ 0,00; R$ 0,00; R$ 0,00; R$ 0,00; R$ 264,19; R$ 2.642,05; R$ 0,00; 0.0
 13210101019917; Rec. de Remun. Dep. Banc. Vinculados-  Lei Paulo Gustavo; Receitas Correntes; Receita Patrimonial; Valores Mobiliários; Remuneração de Depósitos Bancários - Principal; Juros e Correções Monetárias; Remuneração de Depósitos Bancários; ; Juros e Correções Monetárias; Remuneração de Depósitos Bancários; Não se aplica; Rec. de Remun. Dep. Banc. Vinculados-  Lei Paulo Gustavo; Arrecadações; SECRETARIA DE CULTURA; DIRETORIA DE CULTURA; SECRETARIA DE CULTURA; R$ 0,00; R$ 0,00; R$ 0,00; R$ 0,00; R$ 3.731,11; R$ 6.373,16; R$ 0,00; 0.0
 13210101019917; Rec. de Remun. Dep. Banc. Vinculados-  Lei Paulo Gustavo; Receitas Correntes; Receita Patrimonial; Valores Mobiliários; Remuneração de Depósitos Bancários - Principal; Juros e Correções Monetárias; Remuneração de Depósitos Bancários; ; Juros e Correções Monetárias; Remuneração de Depósitos Bancários; Não se aplica; Rec. de Remun. Dep. Banc. Vinculados-  Lei Paulo Gustavo; Arrecadações; SECRETARIA DE CULTURA; DIRETORIA DE CULTURA; SECRETARIA DE CULTURA; R$ 0,00; R$ 0,00; R$ 0,00; R$ 0,00; R$ -3.202,73; R$ 3.170,43; R$ 0,00; 0.0
 13210101019917; Rec. de Remun. Dep. Banc. Vinculados-  Lei Paulo Gustavo; Receitas Correntes; Receita Patrimonial; Valores Mobiliários; Remuneração de Depósitos Bancários - Principal; Juros e Correções Monetárias; Remuneração de Depósitos Bancários; ; Juros e Correções Monetárias; Remuneração de Depósitos Bancários; Não se aplica; Rec. de Remun. Dep. Banc. Vinculados-  Lei Paulo Gustavo; Arrecadações; SECRETARIA DE CULTURA; DIRETORIA DE CULTURA; SECRETARIA DE CULTURA; R$ 0,00; R$ 0,00; R$ 0,00; R$ 0,00; R$ 269,55; R$ 3.439,98; R$ 0,00; 0.0
 13210101019917; Rec. de Remun. Dep. Banc. Vinculados-  Lei Paulo Gustavo; Receitas Correntes; Receita Patrimonial; Valores Mobiliários; Remuneração de Depósitos Bancários - Principal; Juros e Correções Monetárias; Remuneração de Depósitos Bancários; ; Juros e Correções Monetárias; Remuneração de Depósitos Bancários; Não se aplica; Rec. de Remun. Dep. Banc. Vinculados-  Lei Paulo Gustavo; Arrecadações; SECRETARIA DE CULTURA; DIRETORIA DE CULTURA; SECRETARIA DE CULTURA; R$ 0,00; R$ 0,00; R$ 0,00; R$ 0,00; R$ 173,41; R$ 3.613,39; R$ 0,00; 0.0
 13210101019917; Rec. de Remun. Dep. Banc. Vinculados-  Lei Paulo Gustavo; Receitas Correntes; Receita Patrimonial; Valores Mobiliários; Remuneração de Depósitos Bancários - Principal; Juros e Correções Monetárias; Remuneração de Depósitos Bancários; ; Juros e Correções Monetárias; Remuneração de Depósitos Bancários; Não se aplica; Rec. de Remun. Dep. Banc. Vinculados-  Lei Paulo Gustavo; Arrecadações; SECRETARIA DE CULTURA; DIRETORIA DE CULTURA; SECRETARIA DE CULTURA; R$ 0,00; R$ 0,00; R$ 0,00; R$ 0,00; R$ 36,03; R$ 3.649,42; R$ 0,00; 0.0
 13210101019917; Rec. de Remun. Dep. Banc. Vinculados-  Lei Paulo Gustavo; Receitas Correntes; Receita Patrimonial; Valores Mobiliários; Remuneração de Depósitos Bancários - Principal; Juros e Correções Monetárias; Remuneração de Depósitos Bancários; ; Juros e Correções Monetárias; Remuneração de Depósitos Bancários; Não se aplica; Rec. de Remun. Dep. Banc. Vinculados-  Lei Paulo Gustavo; Arrecadações; SECRETARIA DE CULTURA; DIRETORIA DE CULTURA; SECRETARIA DE CULTURA; R$ 0,00; R$ 0,00; R$ 0,00; R$ 0,00; R$ 10,64; R$ 3.660,06; R$ 0,00; 0.0
 13210101019917; Rec. de Remun. Dep. Banc. Vinculados-  Lei Paulo Gustavo; Receitas Correntes; Receita Patrimonial; Valores Mobiliários; Remuneração de Depósitos Bancários - Principal; Juros e Correções Monetárias; Remuneração de Depósitos Bancários; ; Juros e Correções Monetárias; Remuneração de Depósitos Bancários; Não se aplica; Rec. de Remun. Dep. Banc. Vinculados-  Lei Paulo Gustavo; Arrecadações; SECRETARIA DE CULTURA; DIRETORIA DE CULTURA; SECRETARIA DE CULTURA; R$ 0,00; R$ 0,00; R$ 0,00; R$ 0,00; R$ 12,27; R$ 3.672,33; R$ 0,00; 0.0
 17145001000000; Transferências do Salário-Educação - Principal; Receitas Correntes; Transferências Correntes; Transferências da União e de suas Entidades; Transferências do Salário-Educação - Principal; Transferências de Recursos do Fundo Nacional do Desenvolvimento da Educação – FNDE? ; Transferências do Salário-Educação; ; Transferências de Recursos do Fundo Nacional do Desenvolvimento da Educação – FNDE? ; Transferências do Salário-Educação; Não se aplica; Transferências do Salário-Educação - Principal; Arrecadações; SECRETARIA DE EDUCAÇÃO; DIRETORIA DE ENSINO; SECRETARIA DE EDUCAÇÃO; R$ 1.634.331,00; R$ 1.634.331,00; R$ 0,00; R$ 0,00; R$ 191.236,95; R$ 191.236,95; R$ 1.634.331,00; 11.7
 13210101010203; Rec. de Remun. Dep. Banc/Vinculados- Rec. do FNDE/SAL. EDUC.; Receitas Correntes; Receita Patrimonial; Valores Mobiliários; Remuneração de Depósitos Bancários - Principal; Juros e Correções Monetárias; Remuneração de Depósitos Bancários; ; Juros e Correções Monetárias; Remuneração de Depósitos Bancários; Não se aplica; Rec. de Remun. Dep. Banc/Vinculados- Rec. do FNDE/SAL. EDUC.; Arrecadações; SECRETARIA DE EDUCAÇÃO; DIRETORIA DE ENSINO; SECRETARIA DE EDUCAÇÃO; R$ 0,00; R$ 0,00; R$ 0,00; R$ 0,00; R$ 1.433,38; R$ 1.433,38; R$ 0,00; 0.0
 13210101010203; Rec. de Remun. Dep. Banc/Vinculados- Rec. do FNDE/SAL. EDUC.; Receitas Correntes; Receita Patrimonial; Valores Mobiliários; Remuneração de Depósitos Bancários - Principal; Juros e Correções Monetárias; Remuneração de Depósitos Bancários; ; Juros e Correções Monetárias; Remuneração de Depósitos Bancários; Não se aplica; Rec. de Remun. Dep. Banc/Vinculados- Rec. do FNDE/SAL. EDUC.; Arrecadações; SECRETARIA DE EDUCAÇÃO; DIRETORIA DE ENSINO; SECRETARIA DE EDUCAÇÃO; R$ 0,00; R$ 0,00; R$ 0,00; R$ 0,00; R$ 1.724,23; R$ 3.157,61; R$ 0,00; 0.0
 17145001000000; Transferências do Salário-Educação - Principal; Receitas Correntes; Transferências Correntes; Transferências da União e de suas Entidades; Transferências do Salário-Educação - Principal; Transferências de Recursos do Fundo Nacional do Desenvolvimento da Educação – FNDE? ; Transferências do Salário-Educação; ; Transferências de Recursos do Fundo Nacional do Desenvolvimento da Educação – FNDE? ; Transferências do Salário-Educação; Não se aplica; Transferências do Salário-Educação - Principal; Arrecadações; SECRETARIA DE EDUCAÇÃO; DIRETORIA DE ENSINO; SECRETARIA DE EDUCAÇÃO; R$ 0,00; R$ 0,00; R$ 0,00; R$ 0,00; R$ 91.351,28; R$ 282.588,23; R$ 0,00; 0.0
 17145001000000; Transferências do Salário-Educação - Principal; Receitas Correntes; Transferências Correntes; Transferências da União e de suas Entidades; Transferências do Salário-Educação - Principal; Transferências de Recursos do Fundo Nacional do Desenvolvimento da Educação – FNDE? ; Transferências do Salário-Educação; ; Transferências de Recursos do Fundo Nacional do Desenvolvimento da Educação – FNDE? ; Transferências do Salário-Educação; Não se aplica; Transferências do Salário-Educação - Principal; Arrecadações; SECRETARIA DE EDUCAÇÃO; DIRETORIA DE ENSINO; SECRETARIA DE EDUCAÇÃO; R$ 0,00; R$ 0,00; R$ 0,00; R$ 0,00; R$ 86.726,94; R$ 369.315,17; R$ 0,00; 0.0
 13210101010203; Rec. de Remun. Dep. Banc/Vinculados- Rec. do FNDE/SAL. EDUC.; Receitas Correntes; Receita Patrimonial; Valores Mobiliários; Remuneração de Depósitos Bancários - Principal; Juros e Correções Monetárias; Remuneração de Depósitos Bancários; ; Juros e Correções Monetárias; Remuneração de Depósitos Bancários; Não se aplica; Rec. de Remun. Dep. Banc/Vinculados- Rec. do FNDE/SAL. EDUC.; Arrecadações; SECRETARIA DE EDUCAÇÃO; DIRETORIA DE ENSINO; SECRETARIA DE EDUCAÇÃO; R$ 0,00; R$ 0,00; R$ 0,00; R$ 0,00; R$ 1.980,44; R$ 5.138,05; R$ 0,00; 0.0
 17145001000000; Transferências do Salário-Educação - Principal; Receitas Correntes; Transferências Correntes; Transferências da União e de suas Entidades; Transferências do Salário-Educação - Principal; Transferências de Recursos do Fundo Nacional do Desenvolvimento da Educação – FNDE? ; Transferências do Salário-Educação; ; Transferências de Recursos do Fundo Nacional do Desenvolvimento da Educação – FNDE? ; Transferências do Salário-Educação; Não se aplica; Transferências do Salário-Educação - Principal; Arrecadações; SECRETARIA DE EDUCAÇÃO; DIRETORIA DE ENSINO; SECRETARIA DE EDUCAÇÃO; R$ 0,00; R$ 0,00; R$ 0,00; R$ 0,00; R$ 86.942,09; R$ 456.257,26; R$ 0,00; 0.0
 13210101010203; Rec. de Remun. Dep. Banc/Vinculados- Rec. do FNDE/SAL. EDUC.; Receitas Correntes; Receita Patrimonial; Valores Mobiliários; Remuneração de Depósitos Bancários - Principal; Juros e Correções Monetárias; Remuneração de Depósitos Bancários; ; Juros e Correções Monetárias; Remuneração de Depósitos Bancários; Não se aplica; Rec. de Remun. Dep. Banc/Vinculados- Rec. do FNDE/SAL. EDUC.; Arrecadações; SECRETARIA DE EDUCAÇÃO; DIRETORIA DE ENSINO; SECRETARIA DE EDUCAÇÃO; R$ 0,00; R$ 0,00; R$ 0,00; R$ 0,00; R$ 1.971,37; R$ 7.109,42; R$ 0,00; 0.0
 17145001000000; Transferências do Salário-Educação - Principal; Receitas Correntes; Transferências Correntes; Transferências da União e de suas Entidades; Transferências do Salário-Educação - Principal; Transferências de Recursos do Fundo Nacional do Desenvolvimento da Educação – FNDE? ; Transferências do Salário-Educação; ; Transferências de Recursos do Fundo Nacional do Desenvolvimento da Educação – FNDE? ; Transferências do Salário-Educação; Não se aplica; Transferências do Salário-Educação - Principal; Arrecadações; SECRETARIA DE EDUCAÇÃO; DIRETORIA DE ENSINO; SECRETARIA DE EDUCAÇÃO; R$ 0,00; R$ 0,00; R$ 0,00; R$ 0,00; R$ 89.608,09; R$ 545.865,35; R$ 0,00; 0.0
 13210101010203; Rec. de Remun. Dep. Banc/Vinculados- Rec. do FNDE/SAL. EDUC.; Receitas Correntes; Receita Patrimonial; Valores Mobiliários; Remuneração de Depósitos Bancários - Principal; Juros e Correções Monetárias; Remuneração de Depósitos Bancários; ; Juros e Correções Monetárias; Remuneração de Depósitos Bancários; Não se aplica; Rec. de Remun. Dep. Banc/Vinculados- Rec. do FNDE/SAL. EDUC.; Arrecadações; SECRETARIA DE EDUCAÇÃO; DIRETORIA DE ENSINO; SECRETARIA DE EDUCAÇÃO; R$ 0,00; R$ 0,00; R$ 0,00; R$ 0,00; R$ 1.302,36; R$ 8.411,78; R$ 0,00; 0.0
 13210101010203; Rec. de Remun. Dep. Banc/Vinculados- Rec. do FNDE/SAL. EDUC.; Receitas Correntes; Receita Patrimonial; Valores Mobiliários; Remuneração de Depósitos Bancários - Principal; Juros e Correções Monetárias; Remuneração de Depósitos Bancários; ; Juros e Correções Monetárias; Remuneração de Depósitos Bancários; Não se aplica; Rec. de Remun. Dep. Banc/Vinculados- Rec. do FNDE/SAL. EDUC.; Arrecadações; SECRETARIA DE EDUCAÇÃO; DIRETORIA DE ENSINO; SECRETARIA DE EDUCAÇÃO; R$ 0,00; R$ 0,00; R$ 0,00; R$ 0,00; R$ 1.362,61; R$ 9.774,39; R$ 0,00; 0.0
 17145001000000; Transferências do Salário-Educação - Principal; Receitas Correntes; Transferências Correntes; Transferências da União e de suas Entidades; Transferências do Salário-Educação - Principal; Transferências de Recursos do Fundo Nacional do Desenvolvimento da Educação – FNDE? ; Transferências do Salário-Educação; ; Transferências de Recursos do Fundo Nacional do Desenvolvimento da Educação – FNDE? ; Transferências do Salário-Educação; Não se aplica; Transferências do Salário-Educação - Principal; Arrecadações; SECRETARIA DE EDUCAÇÃO; DIRETORIA DE ENSINO; SECRETARIA DE EDUCAÇÃO; R$ 0,00; R$ 0,00; R$ 0,00; R$ 0,00; R$ 84.743,08; R$ 630.608,43; R$ 0,00; 0.0
 13210101010203; Rec. de Remun. Dep. Banc/Vinculados- Rec. do FNDE/SAL. EDUC.; Receitas Correntes; Receita Patrimonial; Valores Mobiliários; Remuneração de Depósitos Bancários - Principal; Juros e Correções Monetárias; Remuneração de Depósitos Bancários; ; Juros e Correções Monetárias; Remuneração de Depósitos Bancários; Não se aplica; Rec. de Remun. Dep. Banc/Vinculados- Rec. do FNDE/SAL. EDUC.; Arrecadações; SECRETARIA DE EDUCAÇÃO; DIRETORIA DE ENSINO; SECRETARIA DE EDUCAÇÃO; R$ 0,00; R$ 0,00; R$ 0,00; R$ 0,00; R$ 778,61; R$ 10.553,00; R$ 0,00; 0.0
 17145001000000; Transferências do Salário-Educação - Principal; Receitas Correntes; Transferências Correntes; Transferências da União e de suas Entidades; Transferências do Salário-Educação - Principal; Transferências de Recursos do Fundo Nacional do Desenvolvimento da Educação – FNDE? ; Transferências do Salário-Educação; ; Transferências de Recursos do Fundo Nacional do Desenvolvimento da Educação – FNDE? ; Transferências do Salário-Educação; Não se aplica; Transferências do Salário-Educação - Principal; Arrecadações; SECRETARIA DE EDUCAÇÃO; DIRETORIA DE ENSINO; SECRETARIA DE EDUCAÇÃO; R$ 0,00; R$ 0,00; R$ 0,00; R$ 0,00; R$ 90.770,88; R$ 721.379,31; R$ 0,00; 0.0
 13210101010203; Rec. de Remun. Dep. Banc/Vinculados- Rec. do FNDE/SAL. EDUC.; Receitas Correntes; Receita Patrimonial; Valores Mobiliários; Remuneração de Depósitos Bancários - Principal; Juros e Correções Monetárias; Remuneração de Depósitos Bancários; ; Juros e Correções Monetárias; Remuneração de Depósitos Bancários; Não se aplica; Rec. de Remun. Dep. Banc/Vinculados- Rec. do FNDE/SAL. EDUC.; Arrecadações; SECRETARIA DE EDUCAÇÃO; DIRETORIA DE ENSINO; SECRETARIA DE EDUCAÇÃO; R$ 0,00; R$ 0,00; R$ 0,00; R$ 0,00; R$ 1.010,72; R$ 11.563,72; R$ 0,00; 0.0
 17145001000000; Transferências do Salário-Educação - Principal; Receitas Correntes; Transferências Correntes; Transferências da União e de suas Entidades; Transferências do Salário-Educação - Principal; Transferências de Recursos do Fundo Nacional do Desenvolvimento da Educação – FNDE? ; Transferências do Salário-Educação; ; Transferências de Recursos do Fundo Nacional do Desenvolvimento da Educação – FNDE? ; Transferências do Salário-Educação; Não se aplica; Transferências do Salário-Educação - Principal; Arrecadações; SECRETARIA DE EDUCAÇÃO; DIRETORIA DE ENSINO; SECRETARIA DE EDUCAÇÃO; R$ 0,00; R$ 0,00; R$ 0,00; R$ 0,00; R$ 91.517,13; R$ 812.896,44; R$ 0,00; 0.0
 17145001000000; Transferências do Salário-Educação - Principal; Receitas Correntes; Transferências Correntes; Transferências da União e de suas Entidades; Transferências do Salário-Educação - Principal; Transferências de Recursos do Fundo Nacional do Desenvolvimento da Educação – FNDE? ; Transferências do Salário-Educação; ; Transferências de Recursos do Fundo Nacional do Desenvolvimento da Educação – FNDE? ; Transferências do Salário-Educação; Não se aplica; Transferências do Salário-Educação - Principal; Arrecadações; SECRETARIA DE EDUCAÇÃO; DIRETORIA DE ENSINO; SECRETARIA DE EDUCAÇÃO; R$ 0,00; R$ 0,00; R$ 0,00; R$ 0,00; R$ 99.809,56; R$ 912.706,00; R$ 0,00; 0.0
 13210101010203; Rec. de Remun. Dep. Banc/Vinculados- Rec. do FNDE/SAL. EDUC.; Receitas Correntes; Receita Patrimonial; Valores Mobiliários; Remuneração de Depósitos Bancários - Principal; Juros e Correções Monetárias; Remuneração de Depósitos Bancários; ; Juros e Correções Monetárias; Remuneração de Depósitos Bancários; Não se aplica; Rec. de Remun. Dep. Banc/Vinculados- Rec. do FNDE/SAL. EDUC.; Arrecadações; SECRETARIA DE EDUCAÇÃO; DIRETORIA DE ENSINO; SECRETARIA DE EDUCAÇÃO; R$ 0,00; R$ 0,00; R$ 0,00; R$ 0,00; R$ 323,66; R$ 11.887,38; R$ 0,00; 0.0
 17145001000000; Transferências do Salário-Educação - Principal; Receitas Correntes; Transferências Correntes; Transferências da União e de suas Entidades; Transferências do Salário-Educação - Principal; Transferências de Recursos do Fundo Nacional do Desenvolvimento da Educação – FNDE? ; Transferências do Salário-Educação; ; Transferências de Recursos do Fundo Nacional do Desenvolvimento da Educação – FNDE? ; Transferências do Salário-Educação; Não se aplica; Transferências do Salário-Educação - Principal; Arrecadações; SECRETARIA DE EDUCAÇÃO; DIRETORIA DE ENSINO; SECRETARIA DE EDUCAÇÃO; R$ 0,00; R$ 0,00; R$ 0,00; R$ 0,00; R$ 87.457,57; R$ 1.000.163,57; R$ 0,00; 0.0
 13210101010203; Rec. de Remun. Dep. Banc/Vinculados- Rec. do FNDE/SAL. EDUC.; Receitas Correntes; Receita Patrimonial; Valores Mobiliários; Remuneração de Depósitos Bancários - Principal; Juros e Correções Monetárias; Remuneração de Depósitos Bancários; ; Juros e Correções Monetárias; Remuneração de Depósitos Bancários; Não se aplica; Rec. de Remun. Dep. Banc/Vinculados- Rec. do FNDE/SAL. EDUC.; Arrecadações; SECRETARIA DE EDUCAÇÃO; DIRETORIA DE ENSINO; SECRETARIA DE EDUCAÇÃO; R$ 0,00; R$ 0,00; R$ 0,00; R$ 0,00; R$ 335,85; R$ 12.223,23; R$ 0,00; 0.0
 13210101010203; Rec. de Remun. Dep. Banc/Vinculados- Rec. do FNDE/SAL. EDUC.; Receitas Correntes; Receita Patrimonial; Valores Mobiliários; Remuneração de Depósitos Bancários - Principal; Juros e Correções Monetárias; Remuneração de Depósitos Bancários; ; Juros e Correções Monetárias; Remuneração de Depósitos Bancários; Não se aplica; Rec. de Remun. Dep. Banc/Vinculados- Rec. do FNDE/SAL. EDUC.; Arrecadações; SECRETARIA DE EDUCAÇÃO; DIRETORIA DE ENSINO; SECRETARIA DE EDUCAÇÃO; R$ 0,00; R$ 0,00; R$ 0,00; R$ 0,00; R$ 170,51; R$ 12.393,74; R$ 0,00; 0.0
 17145001000000; Transferências do Salário-Educação - Principal; Receitas Correntes; Transferências Correntes; Transferências da União e de suas Entidades; Transferências do Salário-Educação - Principal; Transferências de Recursos do Fundo Nacional do Desenvolvimento da Educação – FNDE? ; Transferências do Salário-Educação; ; Transferências de Recursos do Fundo Nacional do Desenvolvimento da Educação – FNDE? ; Transferências do Salário-Educação; Não se aplica; Transferências do Salário-Educação - Principal; Arrecadações; SECRETARIA DE EDUCAÇÃO; DIRETORIA DE ENSINO; SECRETARIA DE EDUCAÇÃO; R$ 0,00; R$ 0,00; R$ 0,00; R$ 0,00; R$ 91.565,54; R$ 1.091.729,11; R$ 0,00; 0.0
 13210101010203; Rec. de Remun. Dep. Banc/Vinculados- Rec. do FNDE/SAL. EDUC.; Receitas Correntes; Receita Patrimonial; Valores Mobiliários; Remuneração de Depósitos Bancários - Principal; Juros e Correções Monetárias; Remuneração de Depósitos Bancários; ; Juros e Correções Monetárias; Remuneração de Depósitos Bancários; Não se aplica; Rec. de Remun. Dep. Banc/Vinculados- Rec. do FNDE/SAL. EDUC.; Arrecadações; SECRETARIA DE EDUCAÇÃO; DIRETORIA DE ENSINO; SECRETARIA DE EDUCAÇÃO; R$ 0,00; R$ 0,00; R$ 0,00; R$ 0,00; R$ 465,80; R$ 12.859,54; R$ 0,00; 0.0
 17145001000000; Transferências do Salário-Educação - Principal; Receitas Correntes; Transferências Correntes; Transferências da União e de suas Entidades; Transferências do Salário-Educação - Principal; Transferências de Recursos do Fundo Nacional do Desenvolvimento da Educação – FNDE? ; Transferências do Salário-Educação; ; Transferências de Recursos do Fundo Nacional do Desenvolvimento da Educação – FNDE? ; Transferências do Salário-Educação; Não se aplica; Transferências do Salário-Educação - Principal; Arrecadações; SECRETARIA DE EDUCAÇÃO; DIRETORIA DE ENSINO; SECRETARIA DE EDUCAÇÃO; R$ 0,00; R$ 0,00; R$ 0,00; R$ 0,00; R$ 96.027,33; R$ 1.187.756,44; R$ 0,00; 0.0
 13210101019916; Rec. de Remun. Dep. Banc. Vinculados- Imp. Federal; Receitas Correntes; Receita Patrimonial; Valores Mobiliários; Remuneração de Depósitos Bancários - Principal; Juros e Correções Monetárias; Remuneração de Depósitos Bancários; ; Juros e Correções Monetárias; Remuneração de Depósitos Bancários; Não se aplica; Rec. de Remun. Dep. Banc. Vinculados- Imp. Federal; Arrecadações; SECRETARIA DE ADMINISTRAÇÃO E FINANÇAS; SECRETARIA DE ADMINISTRAÇÃO E FINANÇAS; SECRETARIA DE ADMINISTRAÇÃO E FINANÇAS; R$ 0,00; R$ 0,00; R$ 0,00; R$ 0,00; R$ 22.300,31; R$ 22.300,31; R$ 0,00; 0.0
 13210101019908; Rec.de Remun. Dep. Banc. Vinculados - Rec.CFEM; Receitas Correntes; Receita Patrimonial; Valores Mobiliários; Remuneração de Depósitos Bancários - Principal; Juros e Correções Monetárias; Remuneração de Depósitos Bancários; ; Juros e Correções Monetárias; Remuneração de Depósitos Bancários; Não se aplica; Rec.de Remun. Dep. Banc. Vinculados - Rec.CFEM; Arrecadações; SECRETARIA DE OBRAS E SERVIÇOS URBANOS; DIRETORIA DE OBRAS; SECRETARIA DE OBRAS E SERVIÇOS URBANOS; R$ 0,00; R$ 0,00; R$ 0,00; R$ 0,00; R$ 163,32; R$ 163,32; R$ 0,00; 0.0
 13210101019908; Rec.de Remun. Dep. Banc. Vinculados - Rec.CFEM; Receitas Correntes; Receita Patrimonial; Valores Mobiliários; Remuneração de Depósitos Bancários - Principal; Juros e Correções Monetárias; Remuneração de Depósitos Bancários; ; Juros e Correções Monetárias; Remuneração de Depósitos Bancários; Não se aplica; Rec.de Remun. Dep. Banc. Vinculados - Rec.CFEM; Arrecadações; SECRETARIA DE OBRAS E SERVIÇOS URBANOS; DIRETORIA DE OBRAS; SECRETARIA DE OBRAS E SERVIÇOS URBANOS; R$ 0,00; R$ 0,00; R$ 0,00; R$ 0,00; R$ 155,53; R$ 318,85; R$ 0,00; 0.0
 13210101019916; Rec. de Remun. Dep. Banc. Vinculados- Imp. Federal; Receitas Correntes; Receita Patrimonial; Valores Mobiliários; Remuneração de Depósitos Bancários - Principal; Juros e Correções Monetárias; Remuneração de Depósitos Bancários; ; Juros e Correções Monetárias; Remuneração de Depósitos Bancários; Não se aplica; Rec. de Remun. Dep. Banc. Vinculados- Imp. Federal; Arrecadações; SECRETARIA DE ADMINISTRAÇÃO E FINANÇAS; SECRETARIA DE ADMINISTRAÇÃO E FINANÇAS; SECRETARIA DE ADMINISTRAÇÃO E FINANÇAS; R$ 0,00; R$ 0,00; R$ 0,00; R$ 0,00; R$ 15.304,84; R$ 37.605,15; R$ 0,00; 0.0
 13210101019908; Rec.de Remun. Dep. Banc. Vinculados - Rec.CFEM; Receitas Correntes; Receita Patrimonial; Valores Mobiliários; Remuneração de Depósitos Bancários - Principal; Juros e Correções Monetárias; Remuneração de Depósitos Bancários; ; Juros e Correções Monetárias; Remuneração de Depósitos Bancários; Não se aplica; Rec.de Remun. Dep. Banc. Vinculados - Rec.CFEM; Arrecadações; SECRETARIA DE OBRAS E SERVIÇOS URBANOS; DIRETORIA DE OBRAS; SECRETARIA DE OBRAS E SERVIÇOS URBANOS; R$ 0,00; R$ 0,00; R$ 0,00; R$ 0,00; R$ 187,73; R$ 506,58; R$ 0,00; 0.0
 13210101019916; Rec. de Remun. Dep. Banc. Vinculados- Imp. Federal; Receitas Correntes; Receita Patrimonial; Valores Mobiliários; Remuneração de Depósitos Bancários - Principal; Juros e Correções Monetárias; Remuneração de Depósitos Bancários; ; Juros e Correções Monetárias; Remuneração de Depósitos Bancários; Não se aplica; Rec. de Remun. Dep. Banc. Vinculados- Imp. Federal; Arrecadações; SECRETARIA DE ADMINISTRAÇÃO E FINANÇAS; SECRETARIA DE ADMINISTRAÇÃO E FINANÇAS; SECRETARIA DE ADMINISTRAÇÃO E FINANÇAS; R$ 0,00; R$ 0,00; R$ 0,00; R$ 0,00; R$ 13.762,18; R$ 51.367,33; R$ 0,00; 0.0
 13210101019908; Rec.de Remun. Dep. Banc. Vinculados - Rec.CFEM; Receitas Correntes; Receita Patrimonial; Valores Mobiliários; Remuneração de Depósitos Bancários - Principal; Juros e Correções Monetárias; Remuneração de Depósitos Bancários; ; Juros e Correções Monetárias; Remuneração de Depósitos Bancários; Não se aplica; Rec.de Remun. Dep. Banc. Vinculados - Rec.CFEM; Arrecadações; SECRETARIA DE OBRAS E SERVIÇOS URBANOS; DIRETORIA DE OBRAS; SECRETARIA DE OBRAS E SERVIÇOS URBANOS; R$ 0,00; R$ 0,00; R$ 0,00; R$ 0,00; R$ 206,32; R$ 712,90; R$ 0,00; 0.0
 13210101019916; Rec. de Remun. Dep. Banc. Vinculados- Imp. Federal; Receitas Correntes; Receita Patrimonial; Valores Mobiliários; Remuneração de Depósitos Bancários - Principal; Juros e Correções Monetárias; Remuneração de Depósitos Bancários; ; Juros e Correções Monetárias; Remuneração de Depósitos Bancários; Não se aplica; Rec. de Remun. Dep. Banc. Vinculados- Imp. Federal; Arrecadações; SECRETARIA DE ADMINISTRAÇÃO E FINANÇAS; SECRETARIA DE ADMINISTRAÇÃO E FINANÇAS; SECRETARIA DE ADMINISTRAÇÃO E FINANÇAS; R$ 0,00; R$ 0,00; R$ 0,00; R$ 0,00; R$ 8.712,85; R$ 60.080,18; R$ 0,00; 0.0
 13210101019916; Rec. de Remun. Dep. Banc. Vinculados- Imp. Federal; Receitas Correntes; Receita Patrimonial; Valores Mobiliários; Remuneração de Depósitos Bancários - Principal; Juros e Correções Monetárias; Remuneração de Depósitos Bancários; ; Juros e Correções Monetárias; Remuneração de Depósitos Bancários; Não se aplica; Rec. de Remun. Dep. Banc. Vinculados- Imp. Federal; Arrecadações; SECRETARIA DE ADMINISTRAÇÃO E FINANÇAS; SECRETARIA DE ADMINISTRAÇÃO E FINANÇAS; SECRETARIA DE ADMINISTRAÇÃO E FINANÇAS; R$ 0,00; R$ 0,00; R$ 0,00; R$ 0,00; R$ 5.083,46; R$ 65.163,64; R$ 0,00; 0.0
 13210101019908; Rec.de Remun. Dep. Banc. Vinculados - Rec.CFEM; Receitas Correntes; Receita Patrimonial; Valores Mobiliários; Remuneração de Depósitos Bancários - Principal; Juros e Correções Monetárias; Remuneração de Depósitos Bancários; ; Juros e Correções Monetárias; Remuneração de Depósitos Bancários; Não se aplica; Rec.de Remun. Dep. Banc. Vinculados - Rec.CFEM; Arrecadações; SECRETARIA DE OBRAS E SERVIÇOS URBANOS; DIRETORIA DE OBRAS; SECRETARIA DE OBRAS E SERVIÇOS URBANOS; R$ 0,00; R$ 0,00; R$ 0,00; R$ 0,00; R$ 209,98; R$ 922,88; R$ 0,00; 0.0
 13210101019908; Rec.de Remun. Dep. Banc. Vinculados - Rec.CFEM; Receitas Correntes; Receita Patrimonial; Valores Mobiliários; Remuneração de Depósitos Bancários - Principal; Juros e Correções Monetárias; Remuneração de Depósitos Bancários; ; Juros e Correções Monetárias; Remuneração de Depósitos Bancários; Não se aplica; Rec.de Remun. Dep. Banc. Vinculados - Rec.CFEM; Arrecadações; SECRETARIA DE OBRAS E SERVIÇOS URBANOS; DIRETORIA DE OBRAS; SECRETARIA DE OBRAS E SERVIÇOS URBANOS; R$ 0,00; R$ 0,00; R$ 0,00; R$ 0,00; R$ 670,24; R$ 1.593,12; R$ 0,00; 0.0
 13210101010410; Remun. Dep. Banc. Transf. do Estado Cof. Alta Complexidade; Receitas Correntes; Receita Patrimonial; Valores Mobiliários; Remuneração de Depósitos Bancários - Principal; Juros e Correções Monetárias; Remuneração de Depósitos Bancários; ; Juros e Correções Monetárias; Remuneração de Depósitos Bancários; Não se aplica; Remun. Dep. Banc. Transf. do Estado Cof. Alta Complexidade; Arrecadações; SECRETARIA DE DESENVOLVIMENTO SOCIAL E HABITAÇÃO; FUNDO MUNICIPAL DE ASSISTENCIA SOCIAL; SECRETARIA DE DESENVOLVIMENTO SOCIAL E HABITAÇÃO; R$ 0,00; R$ 0,00; R$ 0,00; R$ 0,00; R$ 211,47; R$ 282,20; R$ 0,00; 0.0
 13210101019916; Rec. de Remun. Dep. Banc. Vinculados- Imp. Federal; Receitas Correntes; Receita Patrimonial; Valores Mobiliários; Remuneração de Depósitos Bancários - Principal; Juros e Correções Monetárias; Remuneração de Depósitos Bancários; ; Juros e Correções Monetárias; Remuneração de Depósitos Bancários; Não se aplica; Rec. de Remun. Dep. Banc. Vinculados- Imp. Federal; Arrecadações; SECRETARIA DE ADMINISTRAÇÃO E FINANÇAS; SECRETARIA DE ADMINISTRAÇÃO E FINANÇAS; SECRETARIA DE ADMINISTRAÇÃO E FINANÇAS; R$ 0,00; R$ 0,00; R$ 0,00; R$ 0,00; R$ 8.592,38; R$ 156.237,73; R$ 0,00; 0.0
 13210101019908; Rec.de Remun. Dep. Banc. Vinculados - Rec.CFEM; Receitas Correntes; Receita Patrimonial; Valores Mobiliários; Remuneração de Depósitos Bancários - Principal; Juros e Correções Monetárias; Remuneração de Depósitos Bancários; ; Juros e Correções Monetárias; Remuneração de Depósitos Bancários; Não se aplica; Rec.de Remun. Dep. Banc. Vinculados - Rec.CFEM; Arrecadações; SECRETARIA DE OBRAS E SERVIÇOS URBANOS; DIRETORIA DE OBRAS; SECRETARIA DE OBRAS E SERVIÇOS URBANOS; R$ 0,00; R$ 0,00; R$ 0,00; R$ 0,00; R$ 97,92; R$ 1.784,34; R$ 0,00; 0.0
 13210101019908; Rec.de Remun. Dep. Banc. Vinculados - Rec.CFEM; Receitas Correntes; Receita Patrimonial; Valores Mobiliários; Remuneração de Depósitos Bancários - Principal; Juros e Correções Monetárias; Remuneração de Depósitos Bancários; ; Juros e Correções Monetárias; Remuneração de Depósitos Bancários; Não se aplica; Rec.de Remun. Dep. Banc. Vinculados - Rec.CFEM; Arrecadações; SECRETARIA DE OBRAS E SERVIÇOS URBANOS; DIRETORIA DE OBRAS; SECRETARIA DE OBRAS E SERVIÇOS URBANOS; R$ 0,00; R$ 0,00; R$ 0,00; R$ 0,00; R$ 165,32; R$ 1.949,66; R$ 0,00; 0.0
 13210101010504; Remun Dep Banc Vinculados-Convênios da União Programas de Assistência Social; Receitas Correntes; Receita Patrimonial; Valores Mobiliários; Remuneração de Depósitos Bancários - Principal; Juros e Correções Monetárias; Remuneração de Depósitos Bancários; ; Juros e Correções Monetárias; Remuneração de Depósitos Bancários; Não se aplica; Remun Dep Banc Vinculados-Convênios da União Programas de Assistência Social; Arrecadações; SECRETARIA DE DESENVOLVIMENTO SOCIAL E HABITAÇÃO; FUNDO MUNICIPAL DE ASSISTENCIA SOCIAL; SECRETARIA DE DESENVOLVIMENTO SOCIAL E HABITAÇÃO; R$ 0,00; R$ 0,00; R$ 0,00; R$ 0,00; R$ 298,27; R$ 3.731,77; R$ 0,00; 0.0
 13210101010410; Remun. Dep. Banc. Transf. do Estado Cof. Alta Complexidade; Receitas Correntes; Receita Patrimonial; Valores Mobiliários; Remuneração de Depósitos Bancários - Principal; Juros e Correções Monetárias; Remuneração de Depósitos Bancários; ; Juros e Correções Monetárias; Remuneração de Depósitos Bancários; Não se aplica; Remun. Dep. Banc. Transf. do Estado Cof. Alta Complexidade; Arrecadações; SECRETARIA DE DESENVOLVIMENTO SOCIAL E HABITAÇÃO; FUNDO MUNICIPAL DE ASSISTENCIA SOCIAL; SECRETARIA DE DESENVOLVIMENTO SOCIAL E HABITAÇÃO; R$ 0,00; R$ 0,00; R$ 0,00; R$ 0,00; R$ 56,72; R$ 338,92; R$ 0,00; 0.0
 13210101010408; Remun. Dep. Banc. Transf. do Estado Cof. Media Complexidade; Receitas Correntes; Receita Patrimonial; Valores Mobiliários; Remuneração de Depósitos Bancários - Principal; Juros e Correções Monetárias; Remuneração de Depósitos Bancários; ; Juros e Correções Monetárias; Remuneração de Depósitos Bancários; Não se aplica; Remun. Dep. Banc. Transf. do Estado Cof. Media Complexidade; Arrecadações; SECRETARIA DE DESENVOLVIMENTO SOCIAL E HABITAÇÃO; FUNDO MUNICIPAL DE ASSISTENCIA SOCIAL; SECRETARIA DE DESENVOLVIMENTO SOCIAL E HABITAÇÃO; R$ 0,00; R$ 0,00; R$ 0,00; R$ 0,00; R$ 58,62; R$ 122,08; R$ 0,00; 0.0
 13210101019916; Rec. de Remun. Dep. Banc. Vinculados- Imp. Federal; Receitas Correntes; Receita Patrimonial; Valores Mobiliários; Remuneração de Depósitos Bancários - Principal; Juros e Correções Monetárias; Remuneração de Depósitos Bancários; ; Juros e Correções Monetárias; Remuneração de Depósitos Bancários; Não se aplica; Rec. de Remun. Dep. Banc. Vinculados- Imp. Federal; Arrecadações; SECRETARIA DE ADMINISTRAÇÃO E FINANÇAS; SECRETARIA DE ADMINISTRAÇÃO E FINANÇAS; SECRETARIA DE ADMINISTRAÇÃO E FINANÇAS; R$ 0,00; R$ 0,00; R$ 0,00; R$ 0,00; R$ 9.182,10; R$ 165.419,83; R$ 0,00; 0.0
 13210101010504; Remun Dep Banc Vinculados-Convênios da União Programas de Assistência Social; Receitas Correntes; Receita Patrimonial; Valores Mobiliários; Remuneração de Depósitos Bancários - Principal; Juros e Correções Monetárias; Remuneração de Depósitos Bancários; ; Juros e Correções Monetárias; Remuneração de Depósitos Bancários; Não se aplica; Remun Dep Banc Vinculados-Convênios da União Programas de Assistência Social; Arrecadações; SECRETARIA DE DESENVOLVIMENTO SOCIAL E HABITAÇÃO; FUNDO MUNICIPAL DE ASSISTENCIA SOCIAL; SECRETARIA DE DESENVOLVIMENTO SOCIAL E HABITAÇÃO; R$ 0,00; R$ 0,00; R$ 0,00; R$ 0,00; R$ 1.432,63; R$ 1.432,63; R$ 0,00; 0.0
 13210101019908; Rec.de Remun. Dep. Banc. Vinculados - Rec.CFEM; Receitas Correntes; Receita Patrimonial; Valores Mobiliários; Remuneração de Depósitos Bancários - Principal; Juros e Correções Monetárias; Remuneração de Depósitos Bancários; ; Juros e Correções Monetárias; Remuneração de Depósitos Bancários; Não se aplica; Rec.de Remun. Dep. Banc. Vinculados - Rec.CFEM; Arrecadações; SECRETARIA DE OBRAS E SERVIÇOS URBANOS; DIRETORIA DE OBRAS; SECRETARIA DE OBRAS E SERVIÇOS URBANOS; R$ 0,00; R$ 0,00; R$ 0,00; R$ 0,00; R$ -284,88; R$ 1.308,24; R$ 0,00; 0.0
 13210101019916; Rec. de Remun. Dep. Banc. Vinculados- Imp. Federal; Receitas Correntes; Receita Patrimonial; Valores Mobiliários; Remuneração de Depósitos Bancários - Principal; Juros e Correções Monetárias; Remuneração de Depósitos Bancários; ; Juros e Correções Monetárias; Remuneração de Depósitos Bancários; Não se aplica; Rec. de Remun. Dep. Banc. Vinculados- Imp. Federal; Arrecadações; SECRETARIA DE ADMINISTRAÇÃO E FINANÇAS; SECRETARIA DE ADMINISTRAÇÃO E FINANÇAS; SECRETARIA DE ADMINISTRAÇÃO E FINANÇAS; R$ 0,00; R$ 0,00; R$ 0,00; R$ 0,00; R$ 22.296,29; R$ 87.459,93; R$ 0,00; 0.0
 13210101010504; Remun Dep Banc Vinculados-Convênios da União Programas de Assistência Social; Receitas Correntes; Receita Patrimonial; Valores Mobiliários; Remuneração de Depósitos Bancários - Principal; Juros e Correções Monetárias; Remuneração de Depósitos Bancários; ; Juros e Correções Monetárias; Remuneração de Depósitos Bancários; Não se aplica; Remun Dep Banc Vinculados-Convênios da União Programas de Assistência Social; Arrecadações; SECRETARIA DE DESENVOLVIMENTO SOCIAL E HABITAÇÃO; FUNDO MUNICIPAL DE ASSISTENCIA SOCIAL; SECRETARIA DE DESENVOLVIMENTO SOCIAL E HABITAÇÃO; R$ 0,00; R$ 0,00; R$ 0,00; R$ 0,00; R$ 651,10; R$ 2.083,73; R$ 0,00; 0.0
 13210101019916; Rec. de Remun. Dep. Banc. Vinculados- Imp. Federal; Receitas Correntes; Receita Patrimonial; Valores Mobiliários; Remuneração de Depósitos Bancários - Principal; Juros e Correções Monetárias; Remuneração de Depósitos Bancários; ; Juros e Correções Monetárias; Remuneração de Depósitos Bancários; Não se aplica; Rec. de Remun. Dep. Banc. Vinculados- Imp. Federal; Arrecadações; SECRETARIA DE ADMINISTRAÇÃO E FINANÇAS; SECRETARIA DE ADMINISTRAÇÃO E FINANÇAS; SECRETARIA DE ADMINISTRAÇÃO E FINANÇAS; R$ 0,00; R$ 0,00; R$ 0,00; R$ 0,00; R$ 22.526,90; R$ 109.986,83; R$ 0,00; 0.0
 13210101019908; Rec.de Remun. Dep. Banc. Vinculados - Rec.CFEM; Receitas Correntes; Receita Patrimonial; Valores Mobiliários; Remuneração de Depósitos Bancários - Principal; Juros e Correções Monetárias; Remuneração de Depósitos Bancários; ; Juros e Correções Monetárias; Remuneração de Depósitos Bancários; Não se aplica; Rec.de Remun. Dep. Banc. Vinculados - Rec.CFEM; Arrecadações; SECRETARIA DE OBRAS E SERVIÇOS URBANOS; DIRETORIA DE OBRAS; SECRETARIA DE OBRAS E SERVIÇOS URBANOS; R$ 0,00; R$ 0,00; R$ 0,00; R$ 0,00; R$ 184,50; R$ 1.492,74; R$ 0,00; 0.0
 13210101019908; Rec.de Remun. Dep. Banc. Vinculados - Rec.CFEM; Receitas Correntes; Receita Patrimonial; Valores Mobiliários; Remuneração de Depósitos Bancários - Principal; Juros e Correções Monetárias; Remuneração de Depósitos Bancários; ; Juros e Correções Monetárias; Remuneração de Depósitos Bancários; Não se aplica; Rec.de Remun. Dep. Banc. Vinculados - Rec.CFEM; Arrecadações; SECRETARIA DE OBRAS E SERVIÇOS URBANOS; DIRETORIA DE OBRAS; SECRETARIA DE OBRAS E SERVIÇOS URBANOS; R$ 0,00; R$ 0,00; R$ 0,00; R$ 0,00; R$ 87,18; R$ 1.579,92; R$ 0,00; 0.0
 13210101010504; Remun Dep Banc Vinculados-Convênios da União Programas de Assistência Social; Receitas Correntes; Receita Patrimonial; Valores Mobiliários; Remuneração de Depósitos Bancários - Principal; Juros e Correções Monetárias; Remuneração de Depósitos Bancários; ; Juros e Correções Monetárias; Remuneração de Depósitos Bancários; Não se aplica; Remun Dep Banc Vinculados-Convênios da União Programas de Assistência Social; Arrecadações; SECRETARIA DE DESENVOLVIMENTO SOCIAL E HABITAÇÃO; FUNDO MUNICIPAL DE ASSISTENCIA SOCIAL; SECRETARIA DE DESENVOLVIMENTO SOCIAL E HABITAÇÃO; R$ 0,00; R$ 0,00; R$ 0,00; R$ 0,00; R$ 622,66; R$ 2.706,39; R$ 0,00; 0.0
 13210101019916; Rec. de Remun. Dep. Banc. Vinculados- Imp. Federal; Receitas Correntes; Receita Patrimonial; Valores Mobiliários; Remuneração de Depósitos Bancários - Principal; Juros e Correções Monetárias; Remuneração de Depósitos Bancários; ; Juros e Correções Monetárias; Remuneração de Depósitos Bancários; Não se aplica; Rec. de Remun. Dep. Banc. Vinculados- Imp. Federal; Arrecadações; SECRETARIA DE ADMINISTRAÇÃO E FINANÇAS; SECRETARIA DE ADMINISTRAÇÃO E FINANÇAS; SECRETARIA DE ADMINISTRAÇÃO E FINANÇAS; R$ 0,00; R$ 0,00; R$ 0,00; R$ 0,00; R$ 19.913,28; R$ 129.900,11; R$ 0,00; 0.0
 13210101019916; Rec. de Remun. Dep. Banc. Vinculados- Imp. Federal; Receitas Correntes; Receita Patrimonial; Valores Mobiliários; Remuneração de Depósitos Bancários - Principal; Juros e Correções Monetárias; Remuneração de Depósitos Bancários; ; Juros e Correções Monetárias; Remuneração de Depósitos Bancários; Não se aplica; Rec. de Remun. Dep. Banc. Vinculados- Imp. Federal; Arrecadações; SECRETARIA DE ADMINISTRAÇÃO E FINANÇAS; SECRETARIA DE ADMINISTRAÇÃO E FINANÇAS; SECRETARIA DE ADMINISTRAÇÃO E FINANÇAS; R$ 0,00; R$ 0,00; R$ 0,00; R$ 0,00; R$ 17.745,24; R$ 147.645,35; R$ 0,00; 0.0
 13210101010410; Remun. Dep. Banc. Transf. do Estado Cof. Alta Complexidade; Receitas Correntes; Receita Patrimonial; Valores Mobiliários; Remuneração de Depósitos Bancários - Principal; Juros e Correções Monetárias; Remuneração de Depósitos Bancários; ; Juros e Correções Monetárias; Remuneração de Depósitos Bancários; Não se aplica; Remun. Dep. Banc. Transf. do Estado Cof. Alta Complexidade; Arrecadações; SECRETARIA DE DESENVOLVIMENTO SOCIAL E HABITAÇÃO; FUNDO MUNICIPAL DE ASSISTENCIA SOCIAL; SECRETARIA DE DESENVOLVIMENTO SOCIAL E HABITAÇÃO; R$ 0,00; R$ 0,00; R$ 0,00; R$ 0,00; R$ 70,73; R$ 70,73; R$ 0,00; 0.0
 13210101010504; Remun Dep Banc Vinculados-Convênios da União Programas de Assistência Social; Receitas Correntes; Receita Patrimonial; Valores Mobiliários; Remuneração de Depósitos Bancários - Principal; Juros e Correções Monetárias; Remuneração de Depósitos Bancários; ; Juros e Correções Monetárias; Remuneração de Depósitos Bancários; Não se aplica; Remun Dep Banc Vinculados-Convênios da União Programas de Assistência Social; Arrecadações; SECRETARIA DE DESENVOLVIMENTO SOCIAL E HABITAÇÃO; FUNDO MUNICIPAL DE ASSISTENCIA SOCIAL; SECRETARIA DE DESENVOLVIMENTO SOCIAL E HABITAÇÃO; R$ 0,00; R$ 0,00; R$ 0,00; R$ 0,00; R$ 455,54; R$ 3.161,93; R$ 0,00; 0.0
 13210101010408; Remun. Dep. Banc. Transf. do Estado Cof. Media Complexidade; Receitas Correntes; Receita Patrimonial; Valores Mobiliários; Remuneração de Depósitos Bancários - Principal; Juros e Correções Monetárias; Remuneração de Depósitos Bancários; ; Juros e Correções Monetárias; Remuneração de Depósitos Bancários; Não se aplica; Remun. Dep. Banc. Transf. do Estado Cof. Media Complexidade; Arrecadações; SECRETARIA DE DESENVOLVIMENTO SOCIAL E HABITAÇÃO; FUNDO MUNICIPAL DE ASSISTENCIA SOCIAL; SECRETARIA DE DESENVOLVIMENTO SOCIAL E HABITAÇÃO; R$ 0,00; R$ 0,00; R$ 0,00; R$ 0,00; R$ 12,70; R$ 12,70; R$ 0,00; 0.0
 13210101019908; Rec.de Remun. Dep. Banc. Vinculados - Rec.CFEM; Receitas Correntes; Receita Patrimonial; Valores Mobiliários; Remuneração de Depósitos Bancários - Principal; Juros e Correções Monetárias; Remuneração de Depósitos Bancários; ; Juros e Correções Monetárias; Remuneração de Depósitos Bancários; Não se aplica; Rec.de Remun. Dep. Banc. Vinculados - Rec.CFEM; Arrecadações; SECRETARIA DE OBRAS E SERVIÇOS URBANOS; DIRETORIA DE OBRAS; SECRETARIA DE OBRAS E SERVIÇOS URBANOS; R$ 0,00; R$ 0,00; R$ 0,00; R$ 0,00; R$ 106,50; R$ 1.686,42; R$ 0,00; 0.0
 13210101010408; Remun. Dep. Banc. Transf. do Estado Cof. Media Complexidade; Receitas Correntes; Receita Patrimonial; Valores Mobiliários; Remuneração de Depósitos Bancários - Principal; Juros e Correções Monetárias; Remuneração de Depósitos Bancários; ; Juros e Correções Monetárias; Remuneração de Depósitos Bancários; Não se aplica; Remun. Dep. Banc. Transf. do Estado Cof. Media Complexidade; Arrecadações; SECRETARIA DE DESENVOLVIMENTO SOCIAL E HABITAÇÃO; FUNDO MUNICIPAL DE ASSISTENCIA SOCIAL; SECRETARIA DE DESENVOLVIMENTO SOCIAL E HABITAÇÃO; R$ 0,00; R$ 0,00; R$ 0,00; R$ 0,00; R$ 50,76; R$ 63,46; R$ 0,00; 0.0
 13210101010504; Remun Dep Banc Vinculados-Convênios da União Programas de Assistência Social; Receitas Correntes; Receita Patrimonial; Valores Mobiliários; Remuneração de Depósitos Bancários - Principal; Juros e Correções Monetárias; Remuneração de Depósitos Bancários; ; Juros e Correções Monetárias; Remuneração de Depósitos Bancários; Não se aplica; Remun Dep Banc Vinculados-Convênios da União Programas de Assistência Social; Arrecadações; SECRETARIA DE DESENVOLVIMENTO SOCIAL E HABITAÇÃO; FUNDO MUNICIPAL DE ASSISTENCIA SOCIAL; SECRETARIA DE DESENVOLVIMENTO SOCIAL E HABITAÇÃO; R$ 0,00; R$ 0,00; R$ 0,00; R$ 0,00; R$ 271,57; R$ 3.433,50; R$ 0,00; 0.0
 13210101010403; Rec. de Remun. Dep. Banc/Vinculados - FMAS/FNAS - IGD SUAS; Receitas Correntes; Receita Patrimonial; Valores Mobiliários; Remuneração de Depósitos Bancários - Principal; Juros e Correções Monetárias; Remuneração de Depósitos Bancários; ; Juros e Correções Monetárias; Remuneração de Depósitos Bancários; Não se aplica; Rec. de Remun. Dep. Banc/Vinculados - FMAS/FNAS - IGD SUAS; Arrecadações; SECRETARIA DE DESENVOLVIMENTO SOCIAL E HABITAÇÃO; FUNDO MUNICIPAL DE ASSISTENCIA SOCIAL; SECRETARIA DE DESENVOLVIMENTO SOCIAL E HABITAÇÃO; R$ 0,00; R$ 0,00; R$ 0,00; R$ 0,00; R$ 94,10; R$ 94,10; R$ 0,00; 0.0
 13210101010402; Rec. de Remun. Dep. Banc/Vinculados -  FMAS/FNAS - IGDBF; Receitas Correntes; Receita Patrimonial; Valores Mobiliários; Remuneração de Depósitos Bancários - Principal; Juros e Correções Monetárias; Remuneração de Depósitos Bancários; ; Juros e Correções Monetárias; Remuneração de Depósitos Bancários; Não se aplica; Rec. de Remun. Dep. Banc/Vinculados -  FMAS/FNAS - IGDBF; Arrecadações; SECRETARIA DE DESENVOLVIMENTO SOCIAL E HABITAÇÃO; FUNDO MUNICIPAL DE ASSISTENCIA SOCIAL; SECRETARIA DE DESENVOLVIMENTO SOCIAL E HABITAÇÃO; R$ 0,00; R$ 0,00; R$ 0,00; R$ 0,00; R$ 447,40; R$ 447,40; R$ 0,00; 0.0
 17195801000000; Transferência Obrigatória Decorrente da Lei Complementar nº 176/2020 - Principal; Receitas Correntes; Transferências Correntes; Transferências da União e de suas Entidades; Transferência Obrigatória Decorrente da Lei Complementar nº 176/2020 - Principal; Outras Transferências de Recursos da União e de suas Entidades; Transferência Obrigatória Decorrente da Lei Complementar nº 176/2020; ; Outras Transferências de Recursos da União e de suas Entidades; Transferência Obrigatória Decorrente da Lei Complementar nº 176/2020; Não se aplica; Transferência Obrigatória Decorrente da Lei Complementar nº 176/2020 - Principal; Arrecadações; SECRETARIA DE ADMINISTRAÇÃO E FINANÇAS; SECRETARIA DE ADMINISTRAÇÃO E FINANÇAS; SECRETARIA DE ADMINISTRAÇÃO E FINANÇAS; R$ 17.174,00; R$ 17.174,00; R$ 0,00; R$ 0,00; R$ 1.750,20; R$ 1.750,20; R$ 17.174,00; 10.19
 13210101010405; Rec. de Remun. Dep. Banc/Vinculados-  FMAS/FNAS- ACESSUAS; Receitas Correntes; Receita Patrimonial; Valores Mobiliários; Remuneração de Depósitos Bancários - Principal; Juros e Correções Monetárias; Remuneração de Depósitos Bancários; ; Juros e Correções Monetárias; Remuneração de Depósitos Bancários; Não se aplica; Rec. de Remun. Dep. Banc/Vinculados-  FMAS/FNAS- ACESSUAS; Arrecadações; SECRETARIA DE DESENVOLVIMENTO SOCIAL E HABITAÇÃO; FUNDO MUNICIPAL DE ASSISTENCIA SOCIAL; SECRETARIA DE DESENVOLVIMENTO SOCIAL E HABITAÇÃO; R$ 0,00; R$ 0,00; R$ 0,00; R$ 0,00; R$ 0,25; R$ 0,25; R$ 0,00; 0.0
 17165001010100; Proteção e Atend. integral a Familia- PAIF; Receitas Correntes; Transferências Correntes; Transferências da União e de suas Entidades; Transferências de Recursos do Fundo Nacional de Assistência Social – FNAS - Principal; Transferências de Recursos do Fundo Nacional de Assistência Social – FNAS ; Transferências de Recursos do Fundo Nacional de Assistência Social – FNAS; ; Transferências de Recursos do Fundo Nacional de Assistência Social – FNAS ; Transferências de Recursos do Fundo Nacional de Assistência Social – FNAS; Não se aplica; Proteção e Atend. integral a Familia- PAIF; Arrecadações; SECRETARIA DE DESENVOLVIMENTO SOCIAL E HABITAÇÃO; SECRETARIA DE DESENVOLVIMENTO SOCIAL E HABITAÇÃO; SECRETARIA DE DESENVOLVIMENTO SOCIAL E HABITAÇÃO; R$ 0,00; R$ 0,00; R$ 0,00; R$ 0,00; R$ 4.800,00; R$ 4.800,00; R$ 0,00; 0.0
 13210101010403; Rec. de Remun. Dep. Banc/Vinculados - FMAS/FNAS - IGD SUAS; Receitas Correntes; Receita Patrimonial; Valores Mobiliários; Remuneração de Depósitos Bancários - Principal; Juros e Correções Monetárias; Remuneração de Depósitos Bancários; ; Juros e Correções Monetárias; Remuneração de Depósitos Bancários; Não se aplica; Rec. de Remun. Dep. Banc/Vinculados - FMAS/FNAS - IGD SUAS; Arrecadações; SECRETARIA DE DESENVOLVIMENTO SOCIAL E HABITAÇÃO; FUNDO MUNICIPAL DE ASSISTENCIA SOCIAL; SECRETARIA DE DESENVOLVIMENTO SOCIAL E HABITAÇÃO; R$ 0,00; R$ 0,00; R$ 0,00; R$ 0,00; R$ 77,84; R$ 171,94; R$ 0,00; 0.0
 13210101010405; Rec. de Remun. Dep. Banc/Vinculados-  FMAS/FNAS- ACESSUAS; Receitas Correntes; Receita Patrimonial; Valores Mobiliários; Remuneração de Depósitos Bancários - Principal; Juros e Correções Monetárias; Remuneração de Depósitos Bancários; ; Juros e Correções Monetárias; Remuneração de Depósitos Bancários; Não se aplica; Rec. de Remun. Dep. Banc/Vinculados-  FMAS/FNAS- ACESSUAS; Arrecadações; SECRETARIA DE DESENVOLVIMENTO SOCIAL E HABITAÇÃO; FUNDO MUNICIPAL DE ASSISTENCIA SOCIAL; SECRETARIA DE DESENVOLVIMENTO SOCIAL E HABITAÇÃO; R$ 0,00; R$ 0,00; R$ 0,00; R$ 0,00; R$ 0,21; R$ 0,46; R$ 0,00; 0.0
 17165001040100; Indice de Gestão Descentralizada IGD-PBF; Receitas Correntes; Transferências Correntes; Transferências da União e de suas Entidades; Transferências de Recursos do Fundo Nacional de Assistência Social – FNAS - Principal; Transferências de Recursos do Fundo Nacional de Assistência Social – FNAS ; Transferências de Recursos do Fundo Nacional de Assistência Social – FNAS; ; Transferências de Recursos do Fundo Nacional de Assistência Social – FNAS ; Transferências de Recursos do Fundo Nacional de Assistência Social – FNAS; Não se aplica; Indice de Gestão Descentralizada IGD-PBF; Arrecadações; SECRETARIA DE DESENVOLVIMENTO SOCIAL E HABITAÇÃO; SECRETARIA DE DESENVOLVIMENTO SOCIAL E HABITAÇÃO; SECRETARIA DE DESENVOLVIMENTO SOCIAL E HABITAÇÃO; R$ 0,00; R$ 0,00; R$ 0,00; R$ 0,00; R$ 3.200,00; R$ 3.200,00; R$ 0,00; 0.0
 17195801000000; Transferência Obrigatória Decorrente da Lei Complementar nº 176/2020 - Principal; Receitas Correntes; Transferências Correntes; Transferências da União e de suas Entidades; Transferência Obrigatória Decorrente da Lei Complementar nº 176/2020 - Principal; Outras Transferências de Recursos da União e de suas Entidades; Transferência Obrigatória Decorrente da Lei Complementar nº 176/2020; ; Outras Transferências de Recursos da União e de suas Entidades; Transferência Obrigatória Decorrente da Lei Complementar nº 176/2020; Não se aplica; Transferência Obrigatória Decorrente da Lei Complementar nº 176/2020 - Principal; Arrecadações; SECRETARIA DE ADMINISTRAÇÃO E FINANÇAS; SECRETARIA DE ADMINISTRAÇÃO E FINANÇAS; SECRETARIA DE ADMINISTRAÇÃO E FINANÇAS; R$ 0,00; R$ 0,00; R$ 0,00; R$ 0,00; R$ 1.750,20; R$ 3.500,40; R$ 0,00; 0.0
 13210101010402; Rec. de Remun. Dep. Banc/Vinculados -  FMAS/FNAS - IGDBF; Receitas Correntes; Receita Patrimonial; Valores Mobiliários; Remuneração de Depósitos Bancários - Principal; Juros e Correções Monetárias; Remuneração de Depósitos Bancários; ; Juros e Correções Monetárias; Remuneração de Depósitos Bancários; Não se aplica; Rec. de Remun. Dep. Banc/Vinculados -  FMAS/FNAS - IGDBF; Arrecadações; SECRETARIA DE DESENVOLVIMENTO SOCIAL E HABITAÇÃO; FUNDO MUNICIPAL DE ASSISTENCIA SOCIAL; SECRETARIA DE DESENVOLVIMENTO SOCIAL E HABITAÇÃO; R$ 0,00; R$ 0,00; R$ 0,00; R$ 0,00; R$ 382,74; R$ 830,14; R$ 0,00; 0.0
 17165001010200; Serviço de Conviv. e Fortalec. de Vinc -SCFV; Receitas Correntes; Transferências Correntes; Transferências da União e de suas Entidades; Transferências de Recursos do Fundo Nacional de Assistência Social – FNAS - Principal; Transferências de Recursos do Fundo Nacional de Assistência Social – FNAS ; Transferências de Recursos do Fundo Nacional de Assistência Social – FNAS; ; Transferências de Recursos do Fundo Nacional de Assistência Social – FNAS ; Transferências de Recursos do Fundo Nacional de Assistência Social – FNAS; Não se aplica; Serviço de Conviv. e Fortalec. de Vinc -SCFV; Arrecadações; SECRETARIA DE DESENVOLVIMENTO SOCIAL E HABITAÇÃO; SECRETARIA DE DESENVOLVIMENTO SOCIAL E HABITAÇÃO; SECRETARIA DE DESENVOLVIMENTO SOCIAL E HABITAÇÃO; R$ 0,00; R$ 0,00; R$ 0,00; R$ 0,00; R$ 6.900,00; R$ 6.900,00; R$ 0,00; 0.0
 13210101010402; Rec. de Remun. Dep. Banc/Vinculados -  FMAS/FNAS - IGDBF; Receitas Correntes; Receita Patrimonial; Valores Mobiliários; Remuneração de Depósitos Bancários - Principal; Juros e Correções Monetárias; Remuneração de Depósitos Bancários; ; Juros e Correções Monetárias; Remuneração de Depósitos Bancários; Não se aplica; Rec. de Remun. Dep. Banc/Vinculados -  FMAS/FNAS - IGDBF; Arrecadações; SECRETARIA DE DESENVOLVIMENTO SOCIAL E HABITAÇÃO; FUNDO MUNICIPAL DE ASSISTENCIA SOCIAL; SECRETARIA DE DESENVOLVIMENTO SOCIAL E HABITAÇÃO; R$ 0,00; R$ 0,00; R$ 0,00; R$ 0,00; R$ 425,77; R$ 1.255,91; R$ 0,00; 0.0
 13210101010405; Rec. de Remun. Dep. Banc/Vinculados-  FMAS/FNAS- ACESSUAS; Receitas Correntes; Receita Patrimonial; Valores Mobiliários; Remuneração de Depósitos Bancários - Principal; Juros e Correções Monetárias; Remuneração de Depósitos Bancários; ; Juros e Correções Monetárias; Remuneração de Depósitos Bancários; Não se aplica; Rec. de Remun. Dep. Banc/Vinculados-  FMAS/FNAS- ACESSUAS; Arrecadações; SECRETARIA DE DESENVOLVIMENTO SOCIAL E HABITAÇÃO; FUNDO MUNICIPAL DE ASSISTENCIA SOCIAL; SECRETARIA DE DESENVOLVIMENTO SOCIAL E HABITAÇÃO; R$ 0,00; R$ 0,00; R$ 0,00; R$ 0,00; R$ 0,22; R$ 0,68; R$ 0,00; 0.0
 17165001040100; Indice de Gestão Descentralizada IGD-PBF; Receitas Correntes; Transferências Correntes; Transferências da União e de suas Entidades; Transferências de Recursos do Fundo Nacional de Assistência Social – FNAS - Principal; Transferências de Recursos do Fundo Nacional de Assistência Social – FNAS ; Transferências de Recursos do Fundo Nacional de Assistência Social – FNAS; ; Transferências de Recursos do Fundo Nacional de Assistência Social – FNAS ; Transferências de Recursos do Fundo Nacional de Assistência Social – FNAS; Não se aplica; Indice de Gestão Descentralizada IGD-PBF; Arrecadações; SECRETARIA DE DESENVOLVIMENTO SOCIAL E HABITAÇÃO; SECRETARIA DE DESENVOLVIMENTO SOCIAL E HABITAÇÃO; SECRETARIA DE DESENVOLVIMENTO SOCIAL E HABITAÇÃO; R$ 0,00; R$ 0,00; R$ 0,00; R$ 0,00; R$ 6.400,00; R$ 9.600,00; R$ 0,00; 0.0
 13210101010403; Rec. de Remun. Dep. Banc/Vinculados - FMAS/FNAS - IGD SUAS; Receitas Correntes; Receita Patrimonial; Valores Mobiliários; Remuneração de Depósitos Bancários - Principal; Juros e Correções Monetárias; Remuneração de Depósitos Bancários; ; Juros e Correções Monetárias; Remuneração de Depósitos Bancários; Não se aplica; Rec. de Remun. Dep. Banc/Vinculados - FMAS/FNAS - IGD SUAS; Arrecadações; SECRETARIA DE DESENVOLVIMENTO SOCIAL E HABITAÇÃO; FUNDO MUNICIPAL DE ASSISTENCIA SOCIAL; SECRETARIA DE DESENVOLVIMENTO SOCIAL E HABITAÇÃO; R$ 0,00; R$ 0,00; R$ 0,00; R$ 0,00; R$ 80,68; R$ 252,62; R$ 0,00; 0.0
 17195801000000; Transferência Obrigatória Decorrente da Lei Complementar nº 176/2020 - Principal; Receitas Correntes; Transferências Correntes; Transferências da União e de suas Entidades; Transferência Obrigatória Decorrente da Lei Complementar nº 176/2020 - Principal; Outras Transferências de Recursos da União e de suas Entidades; Transferência Obrigatória Decorrente da Lei Complementar nº 176/2020; ; Outras Transferências de Recursos da União e de suas Entidades; Transferência Obrigatória Decorrente da Lei Complementar nº 176/2020; Não se aplica; Transferência Obrigatória Decorrente da Lei Complementar nº 176/2020 - Principal; Arrecadações; SECRETARIA DE ADMINISTRAÇÃO E FINANÇAS; SECRETARIA DE ADMINISTRAÇÃO E FINANÇAS; SECRETARIA DE ADMINISTRAÇÃO E FINANÇAS; R$ 0,00; R$ 0,00; R$ 0,00; R$ 0,00; R$ 1.750,20; R$ 5.250,60; R$ 0,00; 0.0
 17165001010100; Proteção e Atend. integral a Familia- PAIF; Receitas Correntes; Transferências Correntes; Transferências da União e de suas Entidades; Transferências de Recursos do Fundo Nacional de Assistência Social – FNAS - Principal; Transferências de Recursos do Fundo Nacional de Assistência Social – FNAS ; Transferências de Recursos do Fundo Nacional de Assistência Social – FNAS; ; Transferências de Recursos do Fundo Nacional de Assistência Social – FNAS ; Transferências de Recursos do Fundo Nacional de Assistência Social – FNAS; Não se aplica; Proteção e Atend. integral a Familia- PAIF; Arrecadações; SECRETARIA DE DESENVOLVIMENTO SOCIAL E HABITAÇÃO; SECRETARIA DE DESENVOLVIMENTO SOCIAL E HABITAÇÃO; SECRETARIA DE DESENVOLVIMENTO SOCIAL E HABITAÇÃO; R$ 0,00; R$ 0,00; R$ 0,00; R$ 0,00; R$ 4.800,00; R$ 9.600,00; R$ 0,00; 0.0
 17165001010200; Serviço de Conviv. e Fortalec. de Vinc -SCFV; Receitas Correntes; Transferências Correntes; Transferências da União e de suas Entidades; Transferências de Recursos do Fundo Nacional de Assistência Social – FNAS - Principal; Transferências de Recursos do Fundo Nacional de Assistência Social – FNAS ; Transferências de Recursos do Fundo Nacional de Assistência Social – FNAS; ; Transferências de Recursos do Fundo Nacional de Assistência Social – FNAS ; Transferências de Recursos do Fundo Nacional de Assistência Social – FNAS; Não se aplica; Serviço de Conviv. e Fortalec. de Vinc -SCFV; Arrecadações; SECRETARIA DE DESENVOLVIMENTO SOCIAL E HABITAÇÃO; SECRETARIA DE DESENVOLVIMENTO SOCIAL E HABITAÇÃO; SECRETARIA DE DESENVOLVIMENTO SOCIAL E HABITAÇÃO; R$ 0,00; R$ 0,00; R$ 0,00; R$ 0,00; R$ 6.900,00; R$ 13.800,00; R$ 0,00; 0.0
 17195801000000; Transferência Obrigatória Decorrente da Lei Complementar nº 176/2020 - Principal; Receitas Correntes; Transferências Correntes; Transferências da União e de suas Entidades; Transferência Obrigatória Decorrente da Lei Complementar nº 176/2020 - Principal; Outras Transferências de Recursos da União e de suas Entidades; Transferência Obrigatória Decorrente da Lei Complementar nº 176/2020; ; Outras Transferências de Recursos da União e de suas Entidades; Transferência Obrigatória Decorrente da Lei Complementar nº 176/2020; Não se aplica; Transferência Obrigatória Decorrente da Lei Complementar nº 176/2020 - Principal; Arrecadações; SECRETARIA DE ADMINISTRAÇÃO E FINANÇAS; SECRETARIA DE ADMINISTRAÇÃO E FINANÇAS; SECRETARIA DE ADMINISTRAÇÃO E FINANÇAS; R$ 0,00; R$ 0,00; R$ 0,00; R$ 0,00; R$ 1.750,20; R$ 7.000,80; R$ 0,00; 0.0
 13210101010402; Rec. de Remun. Dep. Banc/Vinculados -  FMAS/FNAS - IGDBF; Receitas Correntes; Receita Patrimonial; Valores Mobiliários; Remuneração de Depósitos Bancários - Principal; Juros e Correções Monetárias; Remuneração de Depósitos Bancários; ; Juros e Correções Monetárias; Remuneração de Depósitos Bancários; Não se aplica; Rec. de Remun. Dep. Banc/Vinculados -  FMAS/FNAS - IGDBF; Arrecadações; SECRETARIA DE DESENVOLVIMENTO SOCIAL E HABITAÇÃO; FUNDO MUNICIPAL DE ASSISTENCIA SOCIAL; SECRETARIA DE DESENVOLVIMENTO SOCIAL E HABITAÇÃO; R$ 0,00; R$ 0,00; R$ 0,00; R$ 0,00; R$ 472,16; R$ 1.728,07; R$ 0,00; 0.0
 13210101010403; Rec. de Remun. Dep. Banc/Vinculados - FMAS/FNAS - IGD SUAS; Receitas Correntes; Receita Patrimonial; Valores Mobiliários; Remuneração de Depósitos Bancários - Principal; Juros e Correções Monetárias; Remuneração de Depósitos Bancários; ; Juros e Correções Monetárias; Remuneração de Depósitos Bancários; Não se aplica; Rec. de Remun. Dep. Banc/Vinculados - FMAS/FNAS - IGD SUAS; Arrecadações; SECRETARIA DE DESENVOLVIMENTO SOCIAL E HABITAÇÃO; FUNDO MUNICIPAL DE ASSISTENCIA SOCIAL; SECRETARIA DE DESENVOLVIMENTO SOCIAL E HABITAÇÃO; R$ 0,00; R$ 0,00; R$ 0,00; R$ 0,00; R$ 85,75; R$ 338,37; R$ 0,00; 0.0
 17165001010200; Serviço de Conviv. e Fortalec. de Vinc -SCFV; Receitas Correntes; Transferências Correntes; Transferências da União e de suas Entidades; Transferências de Recursos do Fundo Nacional de Assistência Social – FNAS - Principal; Transferências de Recursos do Fundo Nacional de Assistência Social – FNAS ; Transferências de Recursos do Fundo Nacional de Assistência Social – FNAS; ; Transferências de Recursos do Fundo Nacional de Assistência Social – FNAS ; Transferências de Recursos do Fundo Nacional de Assistência Social – FNAS; Não se aplica; Serviço de Conviv. e Fortalec. de Vinc -SCFV; Arrecadações; SECRETARIA DE DESENVOLVIMENTO SOCIAL E HABITAÇÃO; SECRETARIA DE DESENVOLVIMENTO SOCIAL E HABITAÇÃO; SECRETARIA DE DESENVOLVIMENTO SOCIAL E HABITAÇÃO; R$ 0,00; R$ 0,00; R$ 0,00; R$ 0,00; R$ 6.900,00; R$ 20.700,00; R$ 0,00; 0.0
 17165001040100; Indice de Gestão Descentralizada IGD-PBF; Receitas Correntes; Transferências Correntes; Transferências da União e de suas Entidades; Transferências de Recursos do Fundo Nacional de Assistência Social – FNAS - Principal; Transferências de Recursos do Fundo Nacional de Assistência Social – FNAS ; Transferências de Recursos do Fundo Nacional de Assistência Social – FNAS; ; Transferências de Recursos do Fundo Nacional de Assistência Social – FNAS ; Transferências de Recursos do Fundo Nacional de Assistência Social – FNAS; Não se aplica; Indice de Gestão Descentralizada IGD-PBF; Arrecadações; SECRETARIA DE DESENVOLVIMENTO SOCIAL E HABITAÇÃO; SECRETARIA DE DESENVOLVIMENTO SOCIAL E HABITAÇÃO; SECRETARIA DE DESENVOLVIMENTO SOCIAL E HABITAÇÃO; R$ 0,00; R$ 0,00; R$ 0,00; R$ 0,00; R$ 3.200,00; R$ 12.800,00; R$ 0,00; 0.0
 13210101010405; Rec. de Remun. Dep. Banc/Vinculados-  FMAS/FNAS- ACESSUAS; Receitas Correntes; Receita Patrimonial; Valores Mobiliários; Remuneração de Depósitos Bancários - Principal; Juros e Correções Monetárias; Remuneração de Depósitos Bancários; ; Juros e Correções Monetárias; Remuneração de Depósitos Bancários; Não se aplica; Rec. de Remun. Dep. Banc/Vinculados-  FMAS/FNAS- ACESSUAS; Arrecadações; SECRETARIA DE DESENVOLVIMENTO SOCIAL E HABITAÇÃO; FUNDO MUNICIPAL DE ASSISTENCIA SOCIAL; SECRETARIA DE DESENVOLVIMENTO SOCIAL E HABITAÇÃO; R$ 0,00; R$ 0,00; R$ 0,00; R$ 0,00; R$ 0,23; R$ 0,91; R$ 0,00; 0.0
 17165001010100; Proteção e Atend. integral a Familia- PAIF; Receitas Correntes; Transferências Correntes; Transferências da União e de suas Entidades; Transferências de Recursos do Fundo Nacional de Assistência Social – FNAS - Principal; Transferências de Recursos do Fundo Nacional de Assistência Social – FNAS ; Transferências de Recursos do Fundo Nacional de Assistência Social – FNAS; ; Transferências de Recursos do Fundo Nacional de Assistência Social – FNAS ; Transferências de Recursos do Fundo Nacional de Assistência Social – FNAS; Não se aplica; Proteção e Atend. integral a Familia- PAIF; Arrecadações; SECRETARIA DE DESENVOLVIMENTO SOCIAL E HABITAÇÃO; SECRETARIA DE DESENVOLVIMENTO SOCIAL E HABITAÇÃO; SECRETARIA DE DESENVOLVIMENTO SOCIAL E HABITAÇÃO; R$ 0,00; R$ 0,00; R$ 0,00; R$ 0,00; R$ 4.800,00; R$ 14.400,00; R$ 0,00; 0.0
 17165001010100; Proteção e Atend. integral a Familia- PAIF; Receitas Correntes; Transferências Correntes; Transferências da União e de suas Entidades; Transferências de Recursos do Fundo Nacional de Assistência Social – FNAS - Principal; Transferências de Recursos do Fundo Nacional de Assistência Social – FNAS ; Transferências de Recursos do Fundo Nacional de Assistência Social – FNAS; ; Transferências de Recursos do Fundo Nacional de Assistência Social – FNAS ; Transferências de Recursos do Fundo Nacional de Assistência Social – FNAS; Não se aplica; Proteção e Atend. integral a Familia- PAIF; Arrecadações; SECRETARIA DE DESENVOLVIMENTO SOCIAL E HABITAÇÃO; SECRETARIA DE DESENVOLVIMENTO SOCIAL E HABITAÇÃO; SECRETARIA DE DESENVOLVIMENTO SOCIAL E HABITAÇÃO; R$ 0,00; R$ 0,00; R$ 0,00; R$ 0,00; R$ 4.800,00; R$ 19.200,00; R$ 0,00; 0.0
 13210101010402; Rec. de Remun. Dep. Banc/Vinculados -  FMAS/FNAS - IGDBF; Receitas Correntes; Receita Patrimonial; Valores Mobiliários; Remuneração de Depósitos Bancários - Principal; Juros e Correções Monetárias; Remuneração de Depósitos Bancários; ; Juros e Correções Monetárias; Remuneração de Depósitos Bancários; Não se aplica; Rec. de Remun. Dep. Banc/Vinculados -  FMAS/FNAS - IGDBF; Arrecadações; SECRETARIA DE DESENVOLVIMENTO SOCIAL E HABITAÇÃO; FUNDO MUNICIPAL DE ASSISTENCIA SOCIAL; SECRETARIA DE DESENVOLVIMENTO SOCIAL E HABITAÇÃO; R$ 0,00; R$ 0,00; R$ 0,00; R$ 0,00; R$ 466,19; R$ 2.194,26; R$ 0,00; 0.0
 17195801000000; Transferência Obrigatória Decorrente da Lei Complementar nº 176/2020 - Principal; Receitas Correntes; Transferências Correntes; Transferências da União e de suas Entidades; Transferência Obrigatória Decorrente da Lei Complementar nº 176/2020 - Principal; Outras Transferências de Recursos da União e de suas Entidades; Transferência Obrigatória Decorrente da Lei Complementar nº 176/2020; ; Outras Transferências de Recursos da União e de suas Entidades; Transferência Obrigatória Decorrente da Lei Complementar nº 176/2020; Não se aplica; Transferência Obrigatória Decorrente da Lei Complementar nº 176/2020 - Principal; Arrecadações; SECRETARIA DE ADMINISTRAÇÃO E FINANÇAS; SECRETARIA DE ADMINISTRAÇÃO E FINANÇAS; SECRETARIA DE ADMINISTRAÇÃO E FINANÇAS; R$ 0,00; R$ 0,00; R$ 0,00; R$ 0,00; R$ 1.750,20; R$ 8.751,00; R$ 0,00; 0.0
 17165001040100; Indice de Gestão Descentralizada IGD-PBF; Receitas Correntes; Transferências Correntes; Transferências da União e de suas Entidades; Transferências de Recursos do Fundo Nacional de Assistência Social – FNAS - Principal; Transferências de Recursos do Fundo Nacional de Assistência Social – FNAS ; Transferências de Recursos do Fundo Nacional de Assistência Social – FNAS; ; Transferências de Recursos do Fundo Nacional de Assistência Social – FNAS ; Transferências de Recursos do Fundo Nacional de Assistência Social – FNAS; Não se aplica; Indice de Gestão Descentralizada IGD-PBF; Arrecadações; SECRETARIA DE DESENVOLVIMENTO SOCIAL E HABITAÇÃO; SECRETARIA DE DESENVOLVIMENTO SOCIAL E HABITAÇÃO; SECRETARIA DE DESENVOLVIMENTO SOCIAL E HABITAÇÃO; R$ 0,00; R$ 0,00; R$ 0,00; R$ 0,00; R$ 3.200,00; R$ 16.000,00; R$ 0,00; 0.0
 13210101010405; Rec. de Remun. Dep. Banc/Vinculados-  FMAS/FNAS- ACESSUAS; Receitas Correntes; Receita Patrimonial; Valores Mobiliários; Remuneração de Depósitos Bancários - Principal; Juros e Correções Monetárias; Remuneração de Depósitos Bancários; ; Juros e Correções Monetárias; Remuneração de Depósitos Bancários; Não se aplica; Rec. de Remun. Dep. Banc/Vinculados-  FMAS/FNAS- ACESSUAS; Arrecadações; SECRETARIA DE DESENVOLVIMENTO SOCIAL E HABITAÇÃO; FUNDO MUNICIPAL DE ASSISTENCIA SOCIAL; SECRETARIA DE DESENVOLVIMENTO SOCIAL E HABITAÇÃO; R$ 0,00; R$ 0,00; R$ 0,00; R$ 0,00; R$ 0,22; R$ 1,13; R$ 0,00; 0.0
 13210101010403; Rec. de Remun. Dep. Banc/Vinculados - FMAS/FNAS - IGD SUAS; Receitas Correntes; Receita Patrimonial; Valores Mobiliários; Remuneração de Depósitos Bancários - Principal; Juros e Correções Monetárias; Remuneração de Depósitos Bancários; ; Juros e Correções Monetárias; Remuneração de Depósitos Bancários; Não se aplica; Rec. de Remun. Dep. Banc/Vinculados - FMAS/FNAS - IGD SUAS; Arrecadações; SECRETARIA DE DESENVOLVIMENTO SOCIAL E HABITAÇÃO; FUNDO MUNICIPAL DE ASSISTENCIA SOCIAL; SECRETARIA DE DESENVOLVIMENTO SOCIAL E HABITAÇÃO; R$ 0,00; R$ 0,00; R$ 0,00; R$ 0,00; R$ 80,19; R$ 418,56; R$ 0,00; 0.0
 17165001010200; Serviço de Conviv. e Fortalec. de Vinc -SCFV; Receitas Correntes; Transferências Correntes; Transferências da União e de suas Entidades; Transferências de Recursos do Fundo Nacional de Assistência Social – FNAS - Principal; Transferências de Recursos do Fundo Nacional de Assistência Social – FNAS ; Transferências de Recursos do Fundo Nacional de Assistência Social – FNAS; ; Transferências de Recursos do Fundo Nacional de Assistência Social – FNAS ; Transferências de Recursos do Fundo Nacional de Assistência Social – FNAS; Não se aplica; Serviço de Conviv. e Fortalec. de Vinc -SCFV; Arrecadações; SECRETARIA DE DESENVOLVIMENTO SOCIAL E HABITAÇÃO; SECRETARIA DE DESENVOLVIMENTO SOCIAL E HABITAÇÃO; SECRETARIA DE DESENVOLVIMENTO SOCIAL E HABITAÇÃO; R$ 0,00; R$ 0,00; R$ 0,00; R$ 0,00; R$ 6.900,00; R$ 27.600,00; R$ 0,00; 0.0
 17195801000000; Transferência Obrigatória Decorrente da Lei Complementar nº 176/2020 - Principal; Receitas Correntes; Transferências Correntes; Transferências da União e de suas Entidades; Transferência Obrigatória Decorrente da Lei Complementar nº 176/2020 - Principal; Outras Transferências de Recursos da União e de suas Entidades; Transferência Obrigatória Decorrente da Lei Complementar nº 176/2020; ; Outras Transferências de Recursos da União e de suas Entidades; Transferência Obrigatória Decorrente da Lei Complementar nº 176/2020; Não se aplica; Transferência Obrigatória Decorrente da Lei Complementar nº 176/2020 - Principal; Arrecadações; SECRETARIA DE ADMINISTRAÇÃO E FINANÇAS; SECRETARIA DE ADMINISTRAÇÃO E FINANÇAS; SECRETARIA DE ADMINISTRAÇÃO E FINANÇAS; R$ 0,00; R$ 0,00; R$ 0,00; R$ 0,00; R$ 1.750,20; R$ 10.501,20; R$ 0,00; 0.0
 17165001040100; Indice de Gestão Descentralizada IGD-PBF; Receitas Correntes; Transferências Correntes; Transferências da União e de suas Entidades; Transferências de Recursos do Fundo Nacional de Assistência Social – FNAS - Principal; Transferências de Recursos do Fundo Nacional de Assistência Social – FNAS ; Transferências de Recursos do Fundo Nacional de Assistência Social – FNAS; ; Transferências de Recursos do Fundo Nacional de Assistência Social – FNAS ; Transferências de Recursos do Fundo Nacional de Assistência Social – FNAS; Não se aplica; Indice de Gestão Descentralizada IGD-PBF; Arrecadações; SECRETARIA DE DESENVOLVIMENTO SOCIAL E HABITAÇÃO; SECRETARIA DE DESENVOLVIMENTO SOCIAL E HABITAÇÃO; SECRETARIA DE DESENVOLVIMENTO SOCIAL E HABITAÇÃO; R$ 0,00; R$ 0,00; R$ 0,00; R$ 0,00; R$ 3.200,00; R$ 19.200,00; R$ 0,00; 0.0
 13210101010402; Rec. de Remun. Dep. Banc/Vinculados -  FMAS/FNAS - IGDBF; Receitas Correntes; Receita Patrimonial; Valores Mobiliários; Remuneração de Depósitos Bancários - Principal; Juros e Correções Monetárias; Remuneração de Depósitos Bancários; ; Juros e Correções Monetárias; Remuneração de Depósitos Bancários; Não se aplica; Rec. de Remun. Dep. Banc/Vinculados -  FMAS/FNAS - IGDBF; Arrecadações; SECRETARIA DE DESENVOLVIMENTO SOCIAL E HABITAÇÃO; FUNDO MUNICIPAL DE ASSISTENCIA SOCIAL; SECRETARIA DE DESENVOLVIMENTO SOCIAL E HABITAÇÃO; R$ 0,00; R$ 0,00; R$ 0,00; R$ 0,00; R$ 373,36; R$ 2.567,62; R$ 0,00; 0.0
 17195801000000; Transferência Obrigatória Decorrente da Lei Complementar nº 176/2020 - Principal; Receitas Correntes; Transferências Correntes; Transferências da União e de suas Entidades; Transferência Obrigatória Decorrente da Lei Complementar nº 176/2020 - Principal; Outras Transferências de Recursos da União e de suas Entidades; Transferência Obrigatória Decorrente da Lei Complementar nº 176/2020; ; Outras Transferências de Recursos da União e de suas Entidades; Transferência Obrigatória Decorrente da Lei Complementar nº 176/2020; Não se aplica; Transferência Obrigatória Decorrente da Lei Complementar nº 176/2020 - Principal; Arrecadações; SECRETARIA DE ADMINISTRAÇÃO E FINANÇAS; SECRETARIA DE ADMINISTRAÇÃO E FINANÇAS; SECRETARIA DE ADMINISTRAÇÃO E FINANÇAS; R$ 0,00; R$ 0,00; R$ 0,00; R$ 0,00; R$ 1.750,20; R$ 12.251,40; R$ 0,00; 0.0
 17165001010100; Proteção e Atend. integral a Familia- PAIF; Receitas Correntes; Transferências Correntes; Transferências da União e de suas Entidades; Transferências de Recursos do Fundo Nacional de Assistência Social – FNAS - Principal; Transferências de Recursos do Fundo Nacional de Assistência Social – FNAS ; Transferências de Recursos do Fundo Nacional de Assistência Social – FNAS; ; Transferências de Recursos do Fundo Nacional de Assistência Social – FNAS ; Transferências de Recursos do Fundo Nacional de Assistência Social – FNAS; Não se aplica; Proteção e Atend. integral a Familia- PAIF; Arrecadações; SECRETARIA DE DESENVOLVIMENTO SOCIAL E HABITAÇÃO; SECRETARIA DE DESENVOLVIMENTO SOCIAL E HABITAÇÃO; SECRETARIA DE DESENVOLVIMENTO SOCIAL E HABITAÇÃO; R$ 0,00; R$ 0,00; R$ 0,00; R$ 0,00; R$ 4.800,00; R$ 24.000,00; R$ 0,00; 0.0
 17165001010200; Serviço de Conviv. e Fortalec. de Vinc -SCFV; Receitas Correntes; Transferências Correntes; Transferências da União e de suas Entidades; Transferências de Recursos do Fundo Nacional de Assistência Social – FNAS - Principal; Transferências de Recursos do Fundo Nacional de Assistência Social – FNAS ; Transferências de Recursos do Fundo Nacional de Assistência Social – FNAS; ; Transferências de Recursos do Fundo Nacional de Assistência Social – FNAS ; Transferências de Recursos do Fundo Nacional de Assistência Social – FNAS; Não se aplica; Serviço de Conviv. e Fortalec. de Vinc -SCFV; Arrecadações; SECRETARIA DE DESENVOLVIMENTO SOCIAL E HABITAÇÃO; SECRETARIA DE DESENVOLVIMENTO SOCIAL E HABITAÇÃO; SECRETARIA DE DESENVOLVIMENTO SOCIAL E HABITAÇÃO; R$ 0,00; R$ 0,00; R$ 0,00; R$ 0,00; R$ 6.900,00; R$ 34.500,00; R$ 0,00; 0.0
 13210101010403; Rec. de Remun. Dep. Banc/Vinculados - FMAS/FNAS - IGD SUAS; Receitas Correntes; Receita Patrimonial; Valores Mobiliários; Remuneração de Depósitos Bancários - Principal; Juros e Correções Monetárias; Remuneração de Depósitos Bancários; ; Juros e Correções Monetárias; Remuneração de Depósitos Bancários; Não se aplica; Rec. de Remun. Dep. Banc/Vinculados - FMAS/FNAS - IGD SUAS; Arrecadações; SECRETARIA DE DESENVOLVIMENTO SOCIAL E HABITAÇÃO; FUNDO MUNICIPAL DE ASSISTENCIA SOCIAL; SECRETARIA DE DESENVOLVIMENTO SOCIAL E HABITAÇÃO; R$ 0,00; R$ 0,00; R$ 0,00; R$ 0,00; R$ 163,57; R$ 582,13; R$ 0,00; 0.0
 13210101010405; Rec. de Remun. Dep. Banc/Vinculados-  FMAS/FNAS- ACESSUAS; Receitas Correntes; Receita Patrimonial; Valores Mobiliários; Remuneração de Depósitos Bancários - Principal; Juros e Correções Monetárias; Remuneração de Depósitos Bancários; ; Juros e Correções Monetárias; Remuneração de Depósitos Bancários; Não se aplica; Rec. de Remun. Dep. Banc/Vinculados-  FMAS/FNAS- ACESSUAS; Arrecadações; SECRETARIA DE DESENVOLVIMENTO SOCIAL E HABITAÇÃO; FUNDO MUNICIPAL DE ASSISTENCIA SOCIAL; SECRETARIA DE DESENVOLVIMENTO SOCIAL E HABITAÇÃO; R$ 0,00; R$ 0,00; R$ 0,00; R$ 0,00; R$ 0,45; R$ 1,58; R$ 0,00; 0.0
 17165001040100; Indice de Gestão Descentralizada IGD-PBF; Receitas Correntes; Transferências Correntes; Transferências da União e de suas Entidades; Transferências de Recursos do Fundo Nacional de Assistência Social – FNAS - Principal; Transferências de Recursos do Fundo Nacional de Assistência Social – FNAS ; Transferências de Recursos do Fundo Nacional de Assistência Social – FNAS; ; Transferências de Recursos do Fundo Nacional de Assistência Social – FNAS ; Transferências de Recursos do Fundo Nacional de Assistência Social – FNAS; Não se aplica; Indice de Gestão Descentralizada IGD-PBF; Arrecadações; SECRETARIA DE DESENVOLVIMENTO SOCIAL E HABITAÇÃO; SECRETARIA DE DESENVOLVIMENTO SOCIAL E HABITAÇÃO; SECRETARIA DE DESENVOLVIMENTO SOCIAL E HABITAÇÃO; R$ 0,00; R$ 0,00; R$ 0,00; R$ 0,00; R$ 3.200,00; R$ 22.400,00; R$ 0,00; 0.0
 13210101010402; Rec. de Remun. Dep. Banc/Vinculados -  FMAS/FNAS - IGDBF; Receitas Correntes; Receita Patrimonial; Valores Mobiliários; Remuneração de Depósitos Bancários - Principal; Juros e Correções Monetárias; Remuneração de Depósitos Bancários; ; Juros e Correções Monetárias; Remuneração de Depósitos Bancários; Não se aplica; Rec. de Remun. Dep. Banc/Vinculados -  FMAS/FNAS - IGDBF; Arrecadações; SECRETARIA DE DESENVOLVIMENTO SOCIAL E HABITAÇÃO; FUNDO MUNICIPAL DE ASSISTENCIA SOCIAL; SECRETARIA DE DESENVOLVIMENTO SOCIAL E HABITAÇÃO; R$ 0,00; R$ 0,00; R$ 0,00; R$ 0,00; R$ 647,02; R$ 3.214,64; R$ 0,00; 0.0
 17165001010100; Proteção e Atend. integral a Familia- PAIF; Receitas Correntes; Transferências Correntes; Transferências da União e de suas Entidades; Transferências de Recursos do Fundo Nacional de Assistência Social – FNAS - Principal; Transferências de Recursos do Fundo Nacional de Assistência Social – FNAS ; Transferências de Recursos do Fundo Nacional de Assistência Social – FNAS; ; Transferências de Recursos do Fundo Nacional de Assistência Social – FNAS ; Transferências de Recursos do Fundo Nacional de Assistência Social – FNAS; Não se aplica; Proteção e Atend. integral a Familia- PAIF; Arrecadações; SECRETARIA DE DESENVOLVIMENTO SOCIAL E HABITAÇÃO; SECRETARIA DE DESENVOLVIMENTO SOCIAL E HABITAÇÃO; SECRETARIA DE DESENVOLVIMENTO SOCIAL E HABITAÇÃO; R$ 0,00; R$ 0,00; R$ 0,00; R$ 0,00; R$ 9.600,00; R$ 33.600,00; R$ 0,00; 0.0
 17165001040100; Indice de Gestão Descentralizada IGD-PBF; Receitas Correntes; Transferências Correntes; Transferências da União e de suas Entidades; Transferências de Recursos do Fundo Nacional de Assistência Social – FNAS - Principal; Transferências de Recursos do Fundo Nacional de Assistência Social – FNAS ; Transferências de Recursos do Fundo Nacional de Assistência Social – FNAS; ; Transferências de Recursos do Fundo Nacional de Assistência Social – FNAS ; Transferências de Recursos do Fundo Nacional de Assistência Social – FNAS; Não se aplica; Indice de Gestão Descentralizada IGD-PBF; Arrecadações; SECRETARIA DE DESENVOLVIMENTO SOCIAL E HABITAÇÃO; SECRETARIA DE DESENVOLVIMENTO SOCIAL E HABITAÇÃO; SECRETARIA DE DESENVOLVIMENTO SOCIAL E HABITAÇÃO; R$ 0,00; R$ 0,00; R$ 0,00; R$ 0,00; R$ 3.200,00; R$ 25.600,00; R$ 0,00; 0.0
 13210101010405; Rec. de Remun. Dep. Banc/Vinculados-  FMAS/FNAS- ACESSUAS; Receitas Correntes; Receita Patrimonial; Valores Mobiliários; Remuneração de Depósitos Bancários - Principal; Juros e Correções Monetárias; Remuneração de Depósitos Bancários; ; Juros e Correções Monetárias; Remuneração de Depósitos Bancários; Não se aplica; Rec. de Remun. Dep. Banc/Vinculados-  FMAS/FNAS- ACESSUAS; Arrecadações; SECRETARIA DE DESENVOLVIMENTO SOCIAL E HABITAÇÃO; FUNDO MUNICIPAL DE ASSISTENCIA SOCIAL; SECRETARIA DE DESENVOLVIMENTO SOCIAL E HABITAÇÃO; R$ 0,00; R$ 0,00; R$ 0,00; R$ 0,00; R$ 0,23; R$ 1,81; R$ 0,00; 0.0
 17165001010200; Serviço de Conviv. e Fortalec. de Vinc -SCFV; Receitas Correntes; Transferências Correntes; Transferências da União e de suas Entidades; Transferências de Recursos do Fundo Nacional de Assistência Social – FNAS - Principal; Transferências de Recursos do Fundo Nacional de Assistência Social – FNAS ; Transferências de Recursos do Fundo Nacional de Assistência Social – FNAS; ; Transferências de Recursos do Fundo Nacional de Assistência Social – FNAS ; Transferências de Recursos do Fundo Nacional de Assistência Social – FNAS; Não se aplica; Serviço de Conviv. e Fortalec. de Vinc -SCFV; Arrecadações; SECRETARIA DE DESENVOLVIMENTO SOCIAL E HABITAÇÃO; SECRETARIA DE DESENVOLVIMENTO SOCIAL E HABITAÇÃO; SECRETARIA DE DESENVOLVIMENTO SOCIAL E HABITAÇÃO; R$ 0,00; R$ 0,00; R$ 0,00; R$ 0,00; R$ 13.800,00; R$ 48.300,00; R$ 0,00; 0.0
 13210101010403; Rec. de Remun. Dep. Banc/Vinculados - FMAS/FNAS - IGD SUAS; Receitas Correntes; Receita Patrimonial; Valores Mobiliários; Remuneração de Depósitos Bancários - Principal; Juros e Correções Monetárias; Remuneração de Depósitos Bancários; ; Juros e Correções Monetárias; Remuneração de Depósitos Bancários; Não se aplica; Rec. de Remun. Dep. Banc/Vinculados - FMAS/FNAS - IGD SUAS; Arrecadações; SECRETARIA DE DESENVOLVIMENTO SOCIAL E HABITAÇÃO; FUNDO MUNICIPAL DE ASSISTENCIA SOCIAL; SECRETARIA DE DESENVOLVIMENTO SOCIAL E HABITAÇÃO; R$ 0,00; R$ 0,00; R$ 0,00; R$ 0,00; R$ 84,74; R$ 666,87; R$ 0,00; 0.0
 13210101010402; Rec. de Remun. Dep. Banc/Vinculados -  FMAS/FNAS - IGDBF; Receitas Correntes; Receita Patrimonial; Valores Mobiliários; Remuneração de Depósitos Bancários - Principal; Juros e Correções Monetárias; Remuneração de Depósitos Bancários; ; Juros e Correções Monetárias; Remuneração de Depósitos Bancários; Não se aplica; Rec. de Remun. Dep. Banc/Vinculados -  FMAS/FNAS - IGDBF; Arrecadações; SECRETARIA DE DESENVOLVIMENTO SOCIAL E HABITAÇÃO; FUNDO MUNICIPAL DE ASSISTENCIA SOCIAL; SECRETARIA DE DESENVOLVIMENTO SOCIAL E HABITAÇÃO; R$ 0,00; R$ 0,00; R$ 0,00; R$ 0,00; R$ 555,08; R$ 3.769,72; R$ 0,00; 0.0
 17195801000000; Transferência Obrigatória Decorrente da Lei Complementar nº 176/2020 - Principal; Receitas Correntes; Transferências Correntes; Transferências da União e de suas Entidades; Transferência Obrigatória Decorrente da Lei Complementar nº 176/2020 - Principal; Outras Transferências de Recursos da União e de suas Entidades; Transferência Obrigatória Decorrente da Lei Complementar nº 176/2020; ; Outras Transferências de Recursos da União e de suas Entidades; Transferência Obrigatória Decorrente da Lei Complementar nº 176/2020; Não se aplica; Transferência Obrigatória Decorrente da Lei Complementar nº 176/2020 - Principal; Arrecadações; SECRETARIA DE ADMINISTRAÇÃO E FINANÇAS; SECRETARIA DE ADMINISTRAÇÃO E FINANÇAS; SECRETARIA DE ADMINISTRAÇÃO E FINANÇAS; R$ 0,00; R$ 0,00; R$ 0,00; R$ 0,00; R$ 1.750,20; R$ 14.001,60; R$ 0,00; 0.0
 17165001040100; Indice de Gestão Descentralizada IGD-PBF; Receitas Correntes; Transferências Correntes; Transferências da União e de suas Entidades; Transferências de Recursos do Fundo Nacional de Assistência Social – FNAS - Principal; Transferências de Recursos do Fundo Nacional de Assistência Social – FNAS ; Transferências de Recursos do Fundo Nacional de Assistência Social – FNAS; ; Transferências de Recursos do Fundo Nacional de Assistência Social – FNAS ; Transferências de Recursos do Fundo Nacional de Assistência Social – FNAS; Não se aplica; Indice de Gestão Descentralizada IGD-PBF; Arrecadações; SECRETARIA DE DESENVOLVIMENTO SOCIAL E HABITAÇÃO; SECRETARIA DE DESENVOLVIMENTO SOCIAL E HABITAÇÃO; SECRETARIA DE DESENVOLVIMENTO SOCIAL E HABITAÇÃO; R$ 0,00; R$ 0,00; R$ 0,00; R$ 0,00; R$ 3.200,00; R$ 28.800,00; R$ 0,00; 0.0
 13210101010402; Rec. de Remun. Dep. Banc/Vinculados -  FMAS/FNAS - IGDBF; Receitas Correntes; Receita Patrimonial; Valores Mobiliários; Remuneração de Depósitos Bancários - Principal; Juros e Correções Monetárias; Remuneração de Depósitos Bancários; ; Juros e Correções Monetárias; Remuneração de Depósitos Bancários; Não se aplica; Rec. de Remun. Dep. Banc/Vinculados -  FMAS/FNAS - IGDBF; Arrecadações; SECRETARIA DE DESENVOLVIMENTO SOCIAL E HABITAÇÃO; FUNDO MUNICIPAL DE ASSISTENCIA SOCIAL; SECRETARIA DE DESENVOLVIMENTO SOCIAL E HABITAÇÃO; R$ 0,00; R$ 0,00; R$ 0,00; R$ 0,00; R$ 557,95; R$ 4.327,67; R$ 0,00; 0.0
 13210101010405; Rec. de Remun. Dep. Banc/Vinculados-  FMAS/FNAS- ACESSUAS; Receitas Correntes; Receita Patrimonial; Valores Mobiliários; Remuneração de Depósitos Bancários - Principal; Juros e Correções Monetárias; Remuneração de Depósitos Bancários; ; Juros e Correções Monetárias; Remuneração de Depósitos Bancários; Não se aplica; Rec. de Remun. Dep. Banc/Vinculados-  FMAS/FNAS- ACESSUAS; Arrecadações; SECRETARIA DE DESENVOLVIMENTO SOCIAL E HABITAÇÃO; FUNDO MUNICIPAL DE ASSISTENCIA SOCIAL; SECRETARIA DE DESENVOLVIMENTO SOCIAL E HABITAÇÃO; R$ 0,00; R$ 0,00; R$ 0,00; R$ 0,00; R$ 0,22; R$ 2,03; R$ 0,00; 0.0
 17195801000000; Transferência Obrigatória Decorrente da Lei Complementar nº 176/2020 - Principal; Receitas Correntes; Transferências Correntes; Transferências da União e de suas Entidades; Transferência Obrigatória Decorrente da Lei Complementar nº 176/2020 - Principal; Outras Transferências de Recursos da União e de suas Entidades; Transferência Obrigatória Decorrente da Lei Complementar nº 176/2020; ; Outras Transferências de Recursos da União e de suas Entidades; Transferência Obrigatória Decorrente da Lei Complementar nº 176/2020; Não se aplica; Transferência Obrigatória Decorrente da Lei Complementar nº 176/2020 - Principal; Arrecadações; SECRETARIA DE ADMINISTRAÇÃO E FINANÇAS; SECRETARIA DE ADMINISTRAÇÃO E FINANÇAS; SECRETARIA DE ADMINISTRAÇÃO E FINANÇAS; R$ 0,00; R$ 0,00; R$ 0,00; R$ 0,00; R$ 1.750,20; R$ 15.751,80; R$ 0,00; 0.0
 13210101010403; Rec. de Remun. Dep. Banc/Vinculados - FMAS/FNAS - IGD SUAS; Receitas Correntes; Receita Patrimonial; Valores Mobiliários; Remuneração de Depósitos Bancários - Principal; Juros e Correções Monetárias; Remuneração de Depósitos Bancários; ; Juros e Correções Monetárias; Remuneração de Depósitos Bancários; Não se aplica; Rec. de Remun. Dep. Banc/Vinculados - FMAS/FNAS - IGD SUAS; Arrecadações; SECRETARIA DE DESENVOLVIMENTO SOCIAL E HABITAÇÃO; FUNDO MUNICIPAL DE ASSISTENCIA SOCIAL; SECRETARIA DE DESENVOLVIMENTO SOCIAL E HABITAÇÃO; R$ 0,00; R$ 0,00; R$ 0,00; R$ 0,00; R$ 82,25; R$ 749,12; R$ 0,00; 0.0
 17165001010200; Serviço de Conviv. e Fortalec. de Vinc -SCFV; Receitas Correntes; Transferências Correntes; Transferências da União e de suas Entidades; Transferências de Recursos do Fundo Nacional de Assistência Social – FNAS - Principal; Transferências de Recursos do Fundo Nacional de Assistência Social – FNAS ; Transferências de Recursos do Fundo Nacional de Assistência Social – FNAS; ; Transferências de Recursos do Fundo Nacional de Assistência Social – FNAS ; Transferências de Recursos do Fundo Nacional de Assistência Social – FNAS; Não se aplica; Serviço de Conviv. e Fortalec. de Vinc -SCFV; Arrecadações; SECRETARIA DE DESENVOLVIMENTO SOCIAL E HABITAÇÃO; SECRETARIA DE DESENVOLVIMENTO SOCIAL E HABITAÇÃO; SECRETARIA DE DESENVOLVIMENTO SOCIAL E HABITAÇÃO; R$ 0,00; R$ 0,00; R$ 0,00; R$ 0,00; R$ 6.900,00; R$ 55.200,00; R$ 0,00; 0.0
 17195801000000; Transferência Obrigatória Decorrente da Lei Complementar nº 176/2020 - Principal; Receitas Correntes; Transferências Correntes; Transferências da União e de suas Entidades; Transferência Obrigatória Decorrente da Lei Complementar nº 176/2020 - Principal; Outras Transferências de Recursos da União e de suas Entidades; Transferência Obrigatória Decorrente da Lei Complementar nº 176/2020; ; Outras Transferências de Recursos da União e de suas Entidades; Transferência Obrigatória Decorrente da Lei Complementar nº 176/2020; Não se aplica; Transferência Obrigatória Decorrente da Lei Complementar nº 176/2020 - Principal; Arrecadações; SECRETARIA DE ADMINISTRAÇÃO E FINANÇAS; SECRETARIA DE ADMINISTRAÇÃO E FINANÇAS; SECRETARIA DE ADMINISTRAÇÃO E FINANÇAS; R$ 0,00; R$ 0,00; R$ 0,00; R$ 0,00; R$ 1.750,20; R$ 17.502,00; R$ 0,00; 0.0
 17165001010100; Proteção e Atend. integral a Familia- PAIF; Receitas Correntes; Transferências Correntes; Transferências da União e de suas Entidades; Transferências de Recursos do Fundo Nacional de Assistência Social – FNAS - Principal; Transferências de Recursos do Fundo Nacional de Assistência Social – FNAS ; Transferências de Recursos do Fundo Nacional de Assistência Social – FNAS; ; Transferências de Recursos do Fundo Nacional de Assistência Social – FNAS ; Transferências de Recursos do Fundo Nacional de Assistência Social – FNAS; Não se aplica; Proteção e Atend. integral a Familia- PAIF; Arrecadações; SECRETARIA DE DESENVOLVIMENTO SOCIAL E HABITAÇÃO; SECRETARIA DE DESENVOLVIMENTO SOCIAL E HABITAÇÃO; SECRETARIA DE DESENVOLVIMENTO SOCIAL E HABITAÇÃO; R$ 0,00; R$ 0,00; R$ 0,00; R$ 0,00; R$ 4.800,00; R$ 38.400,00; R$ 0,00; 0.0
 13210101010402; Rec. de Remun. Dep. Banc/Vinculados -  FMAS/FNAS - IGDBF; Receitas Correntes; Receita Patrimonial; Valores Mobiliários; Remuneração de Depósitos Bancários - Principal; Juros e Correções Monetárias; Remuneração de Depósitos Bancários; ; Juros e Correções Monetárias; Remuneração de Depósitos Bancários; Não se aplica; Rec. de Remun. Dep. Banc/Vinculados -  FMAS/FNAS - IGDBF; Arrecadações; SECRETARIA DE DESENVOLVIMENTO SOCIAL E HABITAÇÃO; FUNDO MUNICIPAL DE ASSISTENCIA SOCIAL; SECRETARIA DE DESENVOLVIMENTO SOCIAL E HABITAÇÃO; R$ 0,00; R$ 0,00; R$ 0,00; R$ 0,00; R$ 621,59; R$ 4.949,26; R$ 0,00; 0.0
 13210101010403; Rec. de Remun. Dep. Banc/Vinculados - FMAS/FNAS - IGD SUAS; Receitas Correntes; Receita Patrimonial; Valores Mobiliários; Remuneração de Depósitos Bancários - Principal; Juros e Correções Monetárias; Remuneração de Depósitos Bancários; ; Juros e Correções Monetárias; Remuneração de Depósitos Bancários; Não se aplica; Rec. de Remun. Dep. Banc/Vinculados - FMAS/FNAS - IGD SUAS; Arrecadações; SECRETARIA DE DESENVOLVIMENTO SOCIAL E HABITAÇÃO; FUNDO MUNICIPAL DE ASSISTENCIA SOCIAL; SECRETARIA DE DESENVOLVIMENTO SOCIAL E HABITAÇÃO; R$ 0,00; R$ 0,00; R$ 0,00; R$ 0,00; R$ 92,16; R$ 841,28; R$ 0,00; 0.0
 17165001040100; Indice de Gestão Descentralizada IGD-PBF; Receitas Correntes; Transferências Correntes; Transferências da União e de suas Entidades; Transferências de Recursos do Fundo Nacional de Assistência Social – FNAS - Principal; Transferências de Recursos do Fundo Nacional de Assistência Social – FNAS ; Transferências de Recursos do Fundo Nacional de Assistência Social – FNAS; ; Transferências de Recursos do Fundo Nacional de Assistência Social – FNAS ; Transferências de Recursos do Fundo Nacional de Assistência Social – FNAS; Não se aplica; Indice de Gestão Descentralizada IGD-PBF; Arrecadações; SECRETARIA DE DESENVOLVIMENTO SOCIAL E HABITAÇÃO; SECRETARIA DE DESENVOLVIMENTO SOCIAL E HABITAÇÃO; SECRETARIA DE DESENVOLVIMENTO SOCIAL E HABITAÇÃO; R$ 0,00; R$ 0,00; R$ 0,00; R$ 0,00; R$ 3.347,44; R$ 32.147,44; R$ 0,00; 0.0
 13210101010405; Rec. de Remun. Dep. Banc/Vinculados-  FMAS/FNAS- ACESSUAS; Receitas Correntes; Receita Patrimonial; Valores Mobiliários; Remuneração de Depósitos Bancários - Principal; Juros e Correções Monetárias; Remuneração de Depósitos Bancários; ; Juros e Correções Monetárias; Remuneração de Depósitos Bancários; Não se aplica; Rec. de Remun. Dep. Banc/Vinculados-  FMAS/FNAS- ACESSUAS; Arrecadações; SECRETARIA DE DESENVOLVIMENTO SOCIAL E HABITAÇÃO; FUNDO MUNICIPAL DE ASSISTENCIA SOCIAL; SECRETARIA DE DESENVOLVIMENTO SOCIAL E HABITAÇÃO; R$ 0,00; R$ 0,00; R$ 0,00; R$ 0,00; R$ 0,25; R$ 2,28; R$ 0,00; 0.0
 17165001040100; Indice de Gestão Descentralizada IGD-PBF; Receitas Correntes; Transferências Correntes; Transferências da União e de suas Entidades; Transferências de Recursos do Fundo Nacional de Assistência Social – FNAS - Principal; Transferências de Recursos do Fundo Nacional de Assistência Social – FNAS ; Transferências de Recursos do Fundo Nacional de Assistência Social – FNAS; ; Transferências de Recursos do Fundo Nacional de Assistência Social – FNAS ; Transferências de Recursos do Fundo Nacional de Assistência Social – FNAS; Não se aplica; Indice de Gestão Descentralizada IGD-PBF; Arrecadações; SECRETARIA DE DESENVOLVIMENTO SOCIAL E HABITAÇÃO; SECRETARIA DE DESENVOLVIMENTO SOCIAL E HABITAÇÃO; SECRETARIA DE DESENVOLVIMENTO SOCIAL E HABITAÇÃO; R$ 0,00; R$ 0,00; R$ 0,00; R$ 0,00; R$ 3.310,59; R$ 35.458,03; R$ 0,00; 0.0
 13210101010405; Rec. de Remun. Dep. Banc/Vinculados-  FMAS/FNAS- ACESSUAS; Receitas Correntes; Receita Patrimonial; Valores Mobiliários; Remuneração de Depósitos Bancários - Principal; Juros e Correções Monetárias; Remuneração de Depósitos Bancários; ; Juros e Correções Monetárias; Remuneração de Depósitos Bancários; Não se aplica; Rec. de Remun. Dep. Banc/Vinculados-  FMAS/FNAS- ACESSUAS; Arrecadações; SECRETARIA DE DESENVOLVIMENTO SOCIAL E HABITAÇÃO; FUNDO MUNICIPAL DE ASSISTENCIA SOCIAL; SECRETARIA DE DESENVOLVIMENTO SOCIAL E HABITAÇÃO; R$ 0,00; R$ 0,00; R$ 0,00; R$ 0,00; R$ 0,22; R$ 2,50; R$ 0,00; 0.0
 13210101010403; Rec. de Remun. Dep. Banc/Vinculados - FMAS/FNAS - IGD SUAS; Receitas Correntes; Receita Patrimonial; Valores Mobiliários; Remuneração de Depósitos Bancários - Principal; Juros e Correções Monetárias; Remuneração de Depósitos Bancários; ; Juros e Correções Monetárias; Remuneração de Depósitos Bancários; Não se aplica; Rec. de Remun. Dep. Banc/Vinculados - FMAS/FNAS - IGD SUAS; Arrecadações; SECRETARIA DE DESENVOLVIMENTO SOCIAL E HABITAÇÃO; FUNDO MUNICIPAL DE ASSISTENCIA SOCIAL; SECRETARIA DE DESENVOLVIMENTO SOCIAL E HABITAÇÃO; R$ 0,00; R$ 0,00; R$ 0,00; R$ 0,00; R$ 80,02; R$ 921,30; R$ 0,00; 0.0
 17195801000000; Transferência Obrigatória Decorrente da Lei Complementar nº 176/2020 - Principal; Receitas Correntes; Transferências Correntes; Transferências da União e de suas Entidades; Transferência Obrigatória Decorrente da Lei Complementar nº 176/2020 - Principal; Outras Transferências de Recursos da União e de suas Entidades; Transferência Obrigatória Decorrente da Lei Complementar nº 176/2020; ; Outras Transferências de Recursos da União e de suas Entidades; Transferência Obrigatória Decorrente da Lei Complementar nº 176/2020; Não se aplica; Transferência Obrigatória Decorrente da Lei Complementar nº 176/2020 - Principal; Arrecadações; SECRETARIA DE ADMINISTRAÇÃO E FINANÇAS; SECRETARIA DE ADMINISTRAÇÃO E FINANÇAS; SECRETARIA DE ADMINISTRAÇÃO E FINANÇAS; R$ 0,00; R$ 0,00; R$ 0,00; R$ 0,00; R$ 1.750,20; R$ 19.252,20; R$ 0,00; 0.0
 13210101010402; Rec. de Remun. Dep. Banc/Vinculados -  FMAS/FNAS - IGDBF; Receitas Correntes; Receita Patrimonial; Valores Mobiliários; Remuneração de Depósitos Bancários - Principal; Juros e Correções Monetárias; Remuneração de Depósitos Bancários; ; Juros e Correções Monetárias; Remuneração de Depósitos Bancários; Não se aplica; Rec. de Remun. Dep. Banc/Vinculados -  FMAS/FNAS - IGDBF; Arrecadações; SECRETARIA DE DESENVOLVIMENTO SOCIAL E HABITAÇÃO; FUNDO MUNICIPAL DE ASSISTENCIA SOCIAL; SECRETARIA DE DESENVOLVIMENTO SOCIAL E HABITAÇÃO; R$ 0,00; R$ 0,00; R$ 0,00; R$ 0,00; R$ 515,84; R$ 5.465,10; R$ 0,00; 0.0
 17195801000000; Transferência Obrigatória Decorrente da Lei Complementar nº 176/2020 - Principal; Receitas Correntes; Transferências Correntes; Transferências da União e de suas Entidades; Transferência Obrigatória Decorrente da Lei Complementar nº 176/2020 - Principal; Outras Transferências de Recursos da União e de suas Entidades; Transferência Obrigatória Decorrente da Lei Complementar nº 176/2020; ; Outras Transferências de Recursos da União e de suas Entidades; Transferência Obrigatória Decorrente da Lei Complementar nº 176/2020; Não se aplica; Transferência Obrigatória Decorrente da Lei Complementar nº 176/2020 - Principal; Arrecadações; SECRETARIA DE ADMINISTRAÇÃO E FINANÇAS; SECRETARIA DE ADMINISTRAÇÃO E FINANÇAS; SECRETARIA DE ADMINISTRAÇÃO E FINANÇAS; R$ 0,00; R$ 0,00; R$ 0,00; R$ 0,00; R$ 1.750,20; R$ 21.002,40; R$ 0,00; 0.0
 17165001040100; Indice de Gestão Descentralizada IGD-PBF; Receitas Correntes; Transferências Correntes; Transferências da União e de suas Entidades; Transferências de Recursos do Fundo Nacional de Assistência Social – FNAS - Principal; Transferências de Recursos do Fundo Nacional de Assistência Social – FNAS ; Transferências de Recursos do Fundo Nacional de Assistência Social – FNAS; ; Transferências de Recursos do Fundo Nacional de Assistência Social – FNAS ; Transferências de Recursos do Fundo Nacional de Assistência Social – FNAS; Não se aplica; Indice de Gestão Descentralizada IGD-PBF; Arrecadações; SECRETARIA DE DESENVOLVIMENTO SOCIAL E HABITAÇÃO; SECRETARIA DE DESENVOLVIMENTO SOCIAL E HABITAÇÃO; SECRETARIA DE DESENVOLVIMENTO SOCIAL E HABITAÇÃO; R$ 0,00; R$ 0,00; R$ 0,00; R$ 0,00; R$ 3.200,00; R$ 38.658,03; R$ 0,00; 0.0
 13210101010402; Rec. de Remun. Dep. Banc/Vinculados -  FMAS/FNAS - IGDBF; Receitas Correntes; Receita Patrimonial; Valores Mobiliários; Remuneração de Depósitos Bancários - Principal; Juros e Correções Monetárias; Remuneração de Depósitos Bancários; ; Juros e Correções Monetárias; Remuneração de Depósitos Bancários; Não se aplica; Rec. de Remun. Dep. Banc/Vinculados -  FMAS/FNAS - IGDBF; Arrecadações; SECRETARIA DE DESENVOLVIMENTO SOCIAL E HABITAÇÃO; FUNDO MUNICIPAL DE ASSISTENCIA SOCIAL; SECRETARIA DE DESENVOLVIMENTO SOCIAL E HABITAÇÃO; R$ 0,00; R$ 0,00; R$ 0,00; R$ 0,00; R$ 538,37; R$ 6.003,47; R$ 0,00; 0.0
 13210101010405; Rec. de Remun. Dep. Banc/Vinculados-  FMAS/FNAS- ACESSUAS; Receitas Correntes; Receita Patrimonial; Valores Mobiliários; Remuneração de Depósitos Bancários - Principal; Juros e Correções Monetárias; Remuneração de Depósitos Bancários; ; Juros e Correções Monetárias; Remuneração de Depósitos Bancários; Não se aplica; Rec. de Remun. Dep. Banc/Vinculados-  FMAS/FNAS- ACESSUAS; Arrecadações; SECRETARIA DE DESENVOLVIMENTO SOCIAL E HABITAÇÃO; FUNDO MUNICIPAL DE ASSISTENCIA SOCIAL; SECRETARIA DE DESENVOLVIMENTO SOCIAL E HABITAÇÃO; R$ 0,00; R$ 0,00; R$ 0,00; R$ 0,00; R$ 0,26; R$ 2,76; R$ 0,00; 0.0
 17165001010100; Proteção e Atend. integral a Familia- PAIF; Receitas Correntes; Transferências Correntes; Transferências da União e de suas Entidades; Transferências de Recursos do Fundo Nacional de Assistência Social – FNAS - Principal; Transferências de Recursos do Fundo Nacional de Assistência Social – FNAS ; Transferências de Recursos do Fundo Nacional de Assistência Social – FNAS; ; Transferências de Recursos do Fundo Nacional de Assistência Social – FNAS ; Transferências de Recursos do Fundo Nacional de Assistência Social – FNAS; Não se aplica; Proteção e Atend. integral a Familia- PAIF; Arrecadações; SECRETARIA DE DESENVOLVIMENTO SOCIAL E HABITAÇÃO; SECRETARIA DE DESENVOLVIMENTO SOCIAL E HABITAÇÃO; SECRETARIA DE DESENVOLVIMENTO SOCIAL E HABITAÇÃO; R$ 0,00; R$ 0,00; R$ 0,00; R$ 0,00; R$ 10.638,03; R$ 49.038,03; R$ 0,00; 0.0
 13210101010403; Rec. de Remun. Dep. Banc/Vinculados - FMAS/FNAS - IGD SUAS; Receitas Correntes; Receita Patrimonial; Valores Mobiliários; Remuneração de Depósitos Bancários - Principal; Juros e Correções Monetárias; Remuneração de Depósitos Bancários; ; Juros e Correções Monetárias; Remuneração de Depósitos Bancários; Não se aplica; Rec. de Remun. Dep. Banc/Vinculados - FMAS/FNAS - IGD SUAS; Arrecadações; SECRETARIA DE DESENVOLVIMENTO SOCIAL E HABITAÇÃO; FUNDO MUNICIPAL DE ASSISTENCIA SOCIAL; SECRETARIA DE DESENVOLVIMENTO SOCIAL E HABITAÇÃO; R$ 0,00; R$ 0,00; R$ 0,00; R$ 0,00; R$ 92,40; R$ 1.013,70; R$ 0,00; 0.0
 17165001010200; Serviço de Conviv. e Fortalec. de Vinc -SCFV; Receitas Correntes; Transferências Correntes; Transferências da União e de suas Entidades; Transferências de Recursos do Fundo Nacional de Assistência Social – FNAS - Principal; Transferências de Recursos do Fundo Nacional de Assistência Social – FNAS ; Transferências de Recursos do Fundo Nacional de Assistência Social – FNAS; ; Transferências de Recursos do Fundo Nacional de Assistência Social – FNAS ; Transferências de Recursos do Fundo Nacional de Assistência Social – FNAS; Não se aplica; Serviço de Conviv. e Fortalec. de Vinc -SCFV; Arrecadações; SECRETARIA DE DESENVOLVIMENTO SOCIAL E HABITAÇÃO; SECRETARIA DE DESENVOLVIMENTO SOCIAL E HABITAÇÃO; SECRETARIA DE DESENVOLVIMENTO SOCIAL E HABITAÇÃO; R$ 0,00; R$ 0,00; R$ 0,00; R$ 0,00; R$ 15.292,17; R$ 70.492,17; R$ 0,00; 0.0
 13210101019911; Remun  Dep Banc  Vinculados- imp. Generica; Receitas Correntes; Receita Patrimonial; Valores Mobiliários; Remuneração de Depósitos Bancários - Principal; Juros e Correções Monetárias; Remuneração de Depósitos Bancários; ; Juros e Correções Monetárias; Remuneração de Depósitos Bancários; Não se aplica; Remun  Dep Banc  Vinculados- imp. Generica; Arrecadações; SECRETARIA DE ADMINISTRAÇÃO E FINANÇAS; SECRETARIA DE ADMINISTRAÇÃO E FINANÇAS; SECRETARIA DE ADMINISTRAÇÃO E FINANÇAS; R$ 0,00; R$ 0,00; R$ 0,00; R$ 0,00; R$ 2.152,68; R$ 2.152,68; R$ 0,00; 0.0
 13210101010205; Remun. Dep. Banc.vinculados - MDE/PDDE; Receitas Correntes; Receita Patrimonial; Valores Mobiliários; Remuneração de Depósitos Bancários - Principal; Juros e Correções Monetárias; Remuneração de Depósitos Bancários; ; Juros e Correções Monetárias; Remuneração de Depósitos Bancários; Não se aplica; Remun. Dep. Banc.vinculados - MDE/PDDE; Arrecadações; SECRETARIA DE EDUCAÇÃO; DIRETORIA DE ENSINO; SECRETARIA DE EDUCAÇÃO; R$ 0,00; R$ 0,00; R$ 0,00; R$ 0,00; R$ 15,43; R$ 15,43; R$ 0,00; 0.0
 13210101019914; Remun Dep Banc Vinculados- Covid Acolhimento; Receitas Correntes; Receita Patrimonial; Valores Mobiliários; Remuneração de Depósitos Bancários - Principal; Juros e Correções Monetárias; Remuneração de Depósitos Bancários; ; Juros e Correções Monetárias; Remuneração de Depósitos Bancários; Não se aplica; Remun Dep Banc Vinculados- Covid Acolhimento; Arrecadações; SECRETARIA DE ADMINISTRAÇÃO E FINANÇAS; SECRETARIA DE ADMINISTRAÇÃO E FINANÇAS; SECRETARIA DE ADMINISTRAÇÃO E FINANÇAS; R$ 0,00; R$ 0,00; R$ 0,00; R$ 0,00; R$ 1,19; R$ 1,19; R$ 0,00; 0.0
 13210101019907; Rec.de Remun. Dep. Banc. Vinculados - Rec. FEP; Receitas Correntes; Receita Patrimonial; Valores Mobiliários; Remuneração de Depósitos Bancários - Principal; Juros e Correções Monetárias; Remuneração de Depósitos Bancários; ; Juros e Correções Monetárias; Remuneração de Depósitos Bancários; Não se aplica; Rec.de Remun. Dep. Banc. Vinculados - Rec. FEP; Arrecadações; SECRETARIA DE OBRAS E SERVIÇOS URBANOS; DIRETORIA DE OBRAS; SECRETARIA DE OBRAS E SERVIÇOS URBANOS; R$ 0,00; R$ 0,00; R$ 0,00; R$ 0,00; R$ 406,33; R$ 406,33; R$ 0,00; 0.0
 13210101019913; Remun Dep Banc Vinculados- covid EPI; Receitas Correntes; Receita Patrimonial; Valores Mobiliários; Remuneração de Depósitos Bancários - Principal; Juros e Correções Monetárias; Remuneração de Depósitos Bancários; ; Juros e Correções Monetárias; Remuneração de Depósitos Bancários; Não se aplica; Remun Dep Banc Vinculados- covid EPI; Arrecadações; SECRETARIA DE ADMINISTRAÇÃO E FINANÇAS; SECRETARIA DE ADMINISTRAÇÃO E FINANÇAS; SECRETARIA DE ADMINISTRAÇÃO E FINANÇAS; R$ 0,00; R$ 0,00; R$ 0,00; R$ 0,00; R$ 2,17; R$ 2,17; R$ 0,00; 0.0
 13210101019902; Rec.de Remun. Dep. Banc. Vinculados - Rec. COSIP; Receitas Correntes; Receita Patrimonial; Valores Mobiliários; Remuneração de Depósitos Bancários - Principal; Juros e Correções Monetárias; Remuneração de Depósitos Bancários; ; Juros e Correções Monetárias; Remuneração de Depósitos Bancários; Não se aplica; Rec.de Remun. Dep. Banc. Vinculados - Rec. COSIP; Arrecadações; SECRETARIA DE OBRAS E SERVIÇOS URBANOS; SERVIÇO AUTONOMO DE AGUA E ESGOTO - SAMAE; SECRETARIA DE OBRAS E SERVIÇOS URBANOS; R$ 0,00; R$ 0,00; R$ 0,00; R$ 0,00; R$ 14.580,04; R$ 14.580,04; R$ 0,00; 0.0
 13210101010201; Rec. de Remun. Dep. Banc/Vinculados- Recursos do FNDE/PNAE; Receitas Correntes; Receita Patrimonial; Valores Mobiliários; Remuneração de Depósitos Bancários - Principal; Juros e Correções Monetárias; Remuneração de Depósitos Bancários; ; Juros e Correções Monetárias; Remuneração de Depósitos Bancários; Não se aplica; Rec. de Remun. Dep. Banc/Vinculados- Recursos do FNDE/PNAE; Arrecadações; SECRETARIA DE EDUCAÇÃO; DIRETORIA DE ENSINO; SECRETARIA DE EDUCAÇÃO; R$ 0,00; R$ 0,00; R$ 0,00; R$ 0,00; R$ 282,06; R$ 282,06; R$ 0,00; 0.0
 13210101019912; Remun  Dep Banc  Vinculados- Imp. Educação; Receitas Correntes; Receita Patrimonial; Valores Mobiliários; Remuneração de Depósitos Bancários - Principal; Juros e Correções Monetárias; Remuneração de Depósitos Bancários; ; Juros e Correções Monetárias; Remuneração de Depósitos Bancários; Não se aplica; Remun  Dep Banc  Vinculados- Imp. Educação; Arrecadações; SECRETARIA DE EDUCAÇÃO; DIRETORIA DE ENSINO; SECRETARIA DE EDUCAÇÃO; R$ 0,00; R$ 0,00; R$ 0,00; R$ 0,00; R$ 2.163,49; R$ 2.163,49; R$ 0,00; 0.0
 13210101019910; Remun  Dep Banc  Vinculados- Alien. de Bens; Receitas Correntes; Receita Patrimonial; Valores Mobiliários; Remuneração de Depósitos Bancários - Principal; Juros e Correções Monetárias; Remuneração de Depósitos Bancários; ; Juros e Correções Monetárias; Remuneração de Depósitos Bancários; Não se aplica; Remun  Dep Banc  Vinculados- Alien. de Bens; Arrecadações; SECRETARIA DE ADMINISTRAÇÃO E FINANÇAS; SECRETARIA DE ADMINISTRAÇÃO E FINANÇAS; SECRETARIA DE ADMINISTRAÇÃO E FINANÇAS; R$ 0,00; R$ 0,00; R$ 0,00; R$ 0,00; R$ 1.320,93; R$ 1.320,93; R$ 0,00; 0.0
 13210101019901; Rec. de Remun. Dep. Banc./Vinc. - Rec. CIDE; Receitas Correntes; Receita Patrimonial; Valores Mobiliários; Remuneração de Depósitos Bancários - Principal; Juros e Correções Monetárias; Remuneração de Depósitos Bancários; ; Juros e Correções Monetárias; Remuneração de Depósitos Bancários; Não se aplica; Rec. de Remun. Dep. Banc./Vinc. - Rec. CIDE; Arrecadações; SECRETARIA DE OBRAS E SERVIÇOS URBANOS; DIRETORIA DE OBRAS; SECRETARIA DE OBRAS E SERVIÇOS URBANOS; R$ 0,00; R$ 0,00; R$ 0,00; R$ 0,00; R$ 121,91; R$ 121,91; R$ 0,00; 0.0
 13210101019907; Rec.de Remun. Dep. Banc. Vinculados - Rec. FEP; Receitas Correntes; Receita Patrimonial; Valores Mobiliários; Remuneração de Depósitos Bancários - Principal; Juros e Correções Monetárias; Remuneração de Depósitos Bancários; ; Juros e Correções Monetárias; Remuneração de Depósitos Bancários; Não se aplica; Rec.de Remun. Dep. Banc. Vinculados - Rec. FEP; Arrecadações; SECRETARIA DE OBRAS E SERVIÇOS URBANOS; DIRETORIA DE OBRAS; SECRETARIA DE OBRAS E SERVIÇOS URBANOS; R$ 0,00; R$ 0,00; R$ 0,00; R$ 0,00; R$ 460,22; R$ 866,55; R$ 0,00; 0.0
 13210101019901; Rec. de Remun. Dep. Banc./Vinc. - Rec. CIDE; Receitas Correntes; Receita Patrimonial; Valores Mobiliários; Remuneração de Depósitos Bancários - Principal; Juros e Correções Monetárias; Remuneração de Depósitos Bancários; ; Juros e Correções Monetárias; Remuneração de Depósitos Bancários; Não se aplica; Rec. de Remun. Dep. Banc./Vinc. - Rec. CIDE; Arrecadações; SECRETARIA DE OBRAS E SERVIÇOS URBANOS; DIRETORIA DE OBRAS; SECRETARIA DE OBRAS E SERVIÇOS URBANOS; R$ 0,00; R$ 0,00; R$ 0,00; R$ 0,00; R$ 107,13; R$ 229,04; R$ 0,00; 0.0
 13210101019911; Remun  Dep Banc  Vinculados- imp. Generica; Receitas Correntes; Receita Patrimonial; Valores Mobiliários; Remuneração de Depósitos Bancários - Principal; Juros e Correções Monetárias; Remuneração de Depósitos Bancários; ; Juros e Correções Monetárias; Remuneração de Depósitos Bancários; Não se aplica; Remun  Dep Banc  Vinculados- imp. Generica; Arrecadações; SECRETARIA DE ADMINISTRAÇÃO E FINANÇAS; SECRETARIA DE ADMINISTRAÇÃO E FINANÇAS; SECRETARIA DE ADMINISTRAÇÃO E FINANÇAS; R$ 0,00; R$ 0,00; R$ 0,00; R$ 0,00; R$ 1.497,26; R$ 3.649,94; R$ 0,00; 0.0
 13210101010205; Remun. Dep. Banc.vinculados - MDE/PDDE; Receitas Correntes; Receita Patrimonial; Valores Mobiliários; Remuneração de Depósitos Bancários - Principal; Juros e Correções Monetárias; Remuneração de Depósitos Bancários; ; Juros e Correções Monetárias; Remuneração de Depósitos Bancários; Não se aplica; Remun. Dep. Banc.vinculados - MDE/PDDE; Arrecadações; SECRETARIA DE EDUCAÇÃO; DIRETORIA DE ENSINO; SECRETARIA DE EDUCAÇÃO; R$ 0,00; R$ 0,00; R$ 0,00; R$ 0,00; R$ 12,77; R$ 28,20; R$ 0,00; 0.0
 13210101019902; Rec.de Remun. Dep. Banc. Vinculados - Rec. COSIP; Receitas Correntes; Receita Patrimonial; Valores Mobiliários; Remuneração de Depósitos Bancários - Principal; Juros e Correções Monetárias; Remuneração de Depósitos Bancários; ; Juros e Correções Monetárias; Remuneração de Depósitos Bancários; Não se aplica; Rec.de Remun. Dep. Banc. Vinculados - Rec. COSIP; Arrecadações; SECRETARIA DE OBRAS E SERVIÇOS URBANOS; SERVIÇO AUTONOMO DE AGUA E ESGOTO - SAMAE; SECRETARIA DE OBRAS E SERVIÇOS URBANOS; R$ 0,00; R$ 0,00; R$ 0,00; R$ 0,00; R$ 12.784,91; R$ 27.364,95; R$ 0,00; 0.0
 13210101019910; Remun  Dep Banc  Vinculados- Alien. de Bens; Receitas Correntes; Receita Patrimonial; Valores Mobiliários; Remuneração de Depósitos Bancários - Principal; Juros e Correções Monetárias; Remuneração de Depósitos Bancários; ; Juros e Correções Monetárias; Remuneração de Depósitos Bancários; Não se aplica; Remun  Dep Banc  Vinculados- Alien. de Bens; Arrecadações; SECRETARIA DE ADMINISTRAÇÃO E FINANÇAS; SECRETARIA DE ADMINISTRAÇÃO E FINANÇAS; SECRETARIA DE ADMINISTRAÇÃO E FINANÇAS; R$ 0,00; R$ 0,00; R$ 0,00; R$ 0,00; R$ 1.371,43; R$ 2.692,36; R$ 0,00; 0.0
 13210101019914; Remun Dep Banc Vinculados- Covid Acolhimento; Receitas Correntes; Receita Patrimonial; Valores Mobiliários; Remuneração de Depósitos Bancários - Principal; Juros e Correções Monetárias; Remuneração de Depósitos Bancários; ; Juros e Correções Monetárias; Remuneração de Depósitos Bancários; Não se aplica; Remun Dep Banc Vinculados- Covid Acolhimento; Arrecadações; SECRETARIA DE ADMINISTRAÇÃO E FINANÇAS; SECRETARIA DE ADMINISTRAÇÃO E FINANÇAS; SECRETARIA DE ADMINISTRAÇÃO E FINANÇAS; R$ 0,00; R$ 0,00; R$ 0,00; R$ 0,00; R$ 0,99; R$ 2,18; R$ 0,00; 0.0
 13210101010201; Rec. de Remun. Dep. Banc/Vinculados- Recursos do FNDE/PNAE; Receitas Correntes; Receita Patrimonial; Valores Mobiliários; Remuneração de Depósitos Bancários - Principal; Juros e Correções Monetárias; Remuneração de Depósitos Bancários; ; Juros e Correções Monetárias; Remuneração de Depósitos Bancários; Não se aplica; Rec. de Remun. Dep. Banc/Vinculados- Recursos do FNDE/PNAE; Arrecadações; SECRETARIA DE EDUCAÇÃO; DIRETORIA DE ENSINO; SECRETARIA DE EDUCAÇÃO; R$ 0,00; R$ 0,00; R$ 0,00; R$ 0,00; R$ 233,41; R$ 515,47; R$ 0,00; 0.0
 13210101019913; Remun Dep Banc Vinculados- covid EPI; Receitas Correntes; Receita Patrimonial; Valores Mobiliários; Remuneração de Depósitos Bancários - Principal; Juros e Correções Monetárias; Remuneração de Depósitos Bancários; ; Juros e Correções Monetárias; Remuneração de Depósitos Bancários; Não se aplica; Remun Dep Banc Vinculados- covid EPI; Arrecadações; SECRETARIA DE ADMINISTRAÇÃO E FINANÇAS; SECRETARIA DE ADMINISTRAÇÃO E FINANÇAS; SECRETARIA DE ADMINISTRAÇÃO E FINANÇAS; R$ 0,00; R$ 0,00; R$ 0,00; R$ 0,00; R$ 1,82; R$ 3,99; R$ 0,00; 0.0
 13210101019912; Remun  Dep Banc  Vinculados- Imp. Educação; Receitas Correntes; Receita Patrimonial; Valores Mobiliários; Remuneração de Depósitos Bancários - Principal; Juros e Correções Monetárias; Remuneração de Depósitos Bancários; ; Juros e Correções Monetárias; Remuneração de Depósitos Bancários; Não se aplica; Remun  Dep Banc  Vinculados- Imp. Educação; Arrecadações; SECRETARIA DE EDUCAÇÃO; DIRETORIA DE ENSINO; SECRETARIA DE EDUCAÇÃO; R$ 0,00; R$ 0,00; R$ 0,00; R$ 0,00; R$ 1.740,09; R$ 3.903,58; R$ 0,00; 0.0
 13210101019913; Remun Dep Banc Vinculados- covid EPI; Receitas Correntes; Receita Patrimonial; Valores Mobiliários; Remuneração de Depósitos Bancários - Principal; Juros e Correções Monetárias; Remuneração de Depósitos Bancários; ; Juros e Correções Monetárias; Remuneração de Depósitos Bancários; Não se aplica; Remun Dep Banc Vinculados- covid EPI; Arrecadações; SECRETARIA DE ADMINISTRAÇÃO E FINANÇAS; SECRETARIA DE ADMINISTRAÇÃO E FINANÇAS; SECRETARIA DE ADMINISTRAÇÃO E FINANÇAS; R$ 0,00; R$ 0,00; R$ 0,00; R$ 0,00; R$ 1,88; R$ 5,87; R$ 0,00; 0.0
 13210101010205; Remun. Dep. Banc.vinculados - MDE/PDDE; Receitas Correntes; Receita Patrimonial; Valores Mobiliários; Remuneração de Depósitos Bancários - Principal; Juros e Correções Monetárias; Remuneração de Depósitos Bancários; ; Juros e Correções Monetárias; Remuneração de Depósitos Bancários; Não se aplica; Remun. Dep. Banc.vinculados - MDE/PDDE; Arrecadações; SECRETARIA DE EDUCAÇÃO; DIRETORIA DE ENSINO; SECRETARIA DE EDUCAÇÃO; R$ 0,00; R$ 0,00; R$ 0,00; R$ 0,00; R$ 13,24; R$ 41,44; R$ 0,00; 0.0
 13210101019907; Rec.de Remun. Dep. Banc. Vinculados - Rec. FEP; Receitas Correntes; Receita Patrimonial; Valores Mobiliários; Remuneração de Depósitos Bancários - Principal; Juros e Correções Monetárias; Remuneração de Depósitos Bancários; ; Juros e Correções Monetárias; Remuneração de Depósitos Bancários; Não se aplica; Rec.de Remun. Dep. Banc. Vinculados - Rec. FEP; Arrecadações; SECRETARIA DE OBRAS E SERVIÇOS URBANOS; DIRETORIA DE OBRAS; SECRETARIA DE OBRAS E SERVIÇOS URBANOS; R$ 0,00; R$ 0,00; R$ 0,00; R$ 0,00; R$ 185,82; R$ 1.052,37; R$ 0,00; 0.0
 13210101019910; Remun  Dep Banc  Vinculados- Alien. de Bens; Receitas Correntes; Receita Patrimonial; Valores Mobiliários; Remuneração de Depósitos Bancários - Principal; Juros e Correções Monetárias; Remuneração de Depósitos Bancários; ; Juros e Correções Monetárias; Remuneração de Depósitos Bancários; Não se aplica; Remun  Dep Banc  Vinculados- Alien. de Bens; Arrecadações; SECRETARIA DE ADMINISTRAÇÃO E FINANÇAS; SECRETARIA DE ADMINISTRAÇÃO E FINANÇAS; SECRETARIA DE ADMINISTRAÇÃO E FINANÇAS; R$ 0,00; R$ 0,00; R$ 0,00; R$ 0,00; R$ 2.095,50; R$ 4.787,86; R$ 0,00; 0.0
 13210101019912; Remun  Dep Banc  Vinculados- Imp. Educação; Receitas Correntes; Receita Patrimonial; Valores Mobiliários; Remuneração de Depósitos Bancários - Principal; Juros e Correções Monetárias; Remuneração de Depósitos Bancários; ; Juros e Correções Monetárias; Remuneração de Depósitos Bancários; Não se aplica; Remun  Dep Banc  Vinculados- Imp. Educação; Arrecadações; SECRETARIA DE EDUCAÇÃO; DIRETORIA DE ENSINO; SECRETARIA DE EDUCAÇÃO; R$ 0,00; R$ 0,00; R$ 0,00; R$ 0,00; R$ 1.803,37; R$ 5.706,95; R$ 0,00; 0.0
 13210101019902; Rec.de Remun. Dep. Banc. Vinculados - Rec. COSIP; Receitas Correntes; Receita Patrimonial; Valores Mobiliários; Remuneração de Depósitos Bancários - Principal; Juros e Correções Monetárias; Remuneração de Depósitos Bancários; ; Juros e Correções Monetárias; Remuneração de Depósitos Bancários; Não se aplica; Rec.de Remun. Dep. Banc. Vinculados - Rec. COSIP; Arrecadações; SECRETARIA DE OBRAS E SERVIÇOS URBANOS; SERVIÇO AUTONOMO DE AGUA E ESGOTO - SAMAE; SECRETARIA DE OBRAS E SERVIÇOS URBANOS; R$ 0,00; R$ 0,00; R$ 0,00; R$ 0,00; R$ 13.947,85; R$ 41.312,80; R$ 0,00; 0.0
 13210101019901; Rec. de Remun. Dep. Banc./Vinc. - Rec. CIDE; Receitas Correntes; Receita Patrimonial; Valores Mobiliários; Remuneração de Depósitos Bancários - Principal; Juros e Correções Monetárias; Remuneração de Depósitos Bancários; ; Juros e Correções Monetárias; Remuneração de Depósitos Bancários; Não se aplica; Rec. de Remun. Dep. Banc./Vinc. - Rec. CIDE; Arrecadações; SECRETARIA DE OBRAS E SERVIÇOS URBANOS; DIRETORIA DE OBRAS; SECRETARIA DE OBRAS E SERVIÇOS URBANOS; R$ 0,00; R$ 0,00; R$ 0,00; R$ 0,00; R$ 111,02; R$ 340,06; R$ 0,00; 0.0
 13210101019914; Remun Dep Banc Vinculados- Covid Acolhimento; Receitas Correntes; Receita Patrimonial; Valores Mobiliários; Remuneração de Depósitos Bancários - Principal; Juros e Correções Monetárias; Remuneração de Depósitos Bancários; ; Juros e Correções Monetárias; Remuneração de Depósitos Bancários; Não se aplica; Remun Dep Banc Vinculados- Covid Acolhimento; Arrecadações; SECRETARIA DE ADMINISTRAÇÃO E FINANÇAS; SECRETARIA DE ADMINISTRAÇÃO E FINANÇAS; SECRETARIA DE ADMINISTRAÇÃO E FINANÇAS; R$ 0,00; R$ 0,00; R$ 0,00; R$ 0,00; R$ 1,03; R$ 3,21; R$ 0,00; 0.0
 13210101019911; Remun  Dep Banc  Vinculados- imp. Generica; Receitas Correntes; Receita Patrimonial; Valores Mobiliários; Remuneração de Depósitos Bancários - Principal; Juros e Correções Monetárias; Remuneração de Depósitos Bancários; ; Juros e Correções Monetárias; Remuneração de Depósitos Bancários; Não se aplica; Remun  Dep Banc  Vinculados- imp. Generica; Arrecadações; SECRETARIA DE ADMINISTRAÇÃO E FINANÇAS; SECRETARIA DE ADMINISTRAÇÃO E FINANÇAS; SECRETARIA DE ADMINISTRAÇÃO E FINANÇAS; R$ 0,00; R$ 0,00; R$ 0,00; R$ 0,00; R$ 1.719,61; R$ 5.369,55; R$ 0,00; 0.0
 13210101010205; Remun. Dep. Banc.vinculados - MDE/PDDE; Receitas Correntes; Receita Patrimonial; Valores Mobiliários; Remuneração de Depósitos Bancários - Principal; Juros e Correções Monetárias; Remuneração de Depósitos Bancários; ; Juros e Correções Monetárias; Remuneração de Depósitos Bancários; Não se aplica; Remun. Dep. Banc.vinculados - MDE/PDDE; Arrecadações; SECRETARIA DE EDUCAÇÃO; DIRETORIA DE ENSINO; SECRETARIA DE EDUCAÇÃO; R$ 0,00; R$ 0,00; R$ 0,00; R$ 0,00; R$ 14,08; R$ 55,52; R$ 0,00; 0.0
 13210101019912; Remun  Dep Banc  Vinculados- Imp. Educação; Receitas Correntes; Receita Patrimonial; Valores Mobiliários; Remuneração de Depósitos Bancários - Principal; Juros e Correções Monetárias; Remuneração de Depósitos Bancários; ; Juros e Correções Monetárias; Remuneração de Depósitos Bancários; Não se aplica; Remun  Dep Banc  Vinculados- Imp. Educação; Arrecadações; SECRETARIA DE EDUCAÇÃO; DIRETORIA DE ENSINO; SECRETARIA DE EDUCAÇÃO; R$ 0,00; R$ 0,00; R$ 0,00; R$ 0,00; R$ 2.633,89; R$ 8.340,84; R$ 0,00; 0.0
 13210101019910; Remun  Dep Banc  Vinculados- Alien. de Bens; Receitas Correntes; Receita Patrimonial; Valores Mobiliários; Remuneração de Depósitos Bancários - Principal; Juros e Correções Monetárias; Remuneração de Depósitos Bancários; ; Juros e Correções Monetárias; Remuneração de Depósitos Bancários; Não se aplica; Remun  Dep Banc  Vinculados- Alien. de Bens; Arrecadações; SECRETARIA DE ADMINISTRAÇÃO E FINANÇAS; SECRETARIA DE ADMINISTRAÇÃO E FINANÇAS; SECRETARIA DE ADMINISTRAÇÃO E FINANÇAS; R$ 0,00; R$ 0,00; R$ 0,00; R$ 0,00; R$ 2.495,70; R$ 7.283,56; R$ 0,00; 0.0
 13210101019914; Remun Dep Banc Vinculados- Covid Acolhimento; Receitas Correntes; Receita Patrimonial; Valores Mobiliários; Remuneração de Depósitos Bancários - Principal; Juros e Correções Monetárias; Remuneração de Depósitos Bancários; ; Juros e Correções Monetárias; Remuneração de Depósitos Bancários; Não se aplica; Remun Dep Banc Vinculados- Covid Acolhimento; Arrecadações; SECRETARIA DE ADMINISTRAÇÃO E FINANÇAS; SECRETARIA DE ADMINISTRAÇÃO E FINANÇAS; SECRETARIA DE ADMINISTRAÇÃO E FINANÇAS; R$ 0,00; R$ 0,00; R$ 0,00; R$ 0,00; R$ 1,10; R$ 4,31; R$ 0,00; 0.0
 13210101019913; Remun Dep Banc Vinculados- covid EPI; Receitas Correntes; Receita Patrimonial; Valores Mobiliários; Remuneração de Depósitos Bancários - Principal; Juros e Correções Monetárias; Remuneração de Depósitos Bancários; ; Juros e Correções Monetárias; Remuneração de Depósitos Bancários; Não se aplica; Remun Dep Banc Vinculados- covid EPI; Arrecadações; SECRETARIA DE ADMINISTRAÇÃO E FINANÇAS; SECRETARIA DE ADMINISTRAÇÃO E FINANÇAS; SECRETARIA DE ADMINISTRAÇÃO E FINANÇAS; R$ 0,00; R$ 0,00; R$ 0,00; R$ 0,00; R$ 2,01; R$ 7,88; R$ 0,00; 0.0
 13210101019901; Rec. de Remun. Dep. Banc./Vinc. - Rec. CIDE; Receitas Correntes; Receita Patrimonial; Valores Mobiliários; Remuneração de Depósitos Bancários - Principal; Juros e Correções Monetárias; Remuneração de Depósitos Bancários; ; Juros e Correções Monetárias; Remuneração de Depósitos Bancários; Não se aplica; Rec. de Remun. Dep. Banc./Vinc. - Rec. CIDE; Arrecadações; SECRETARIA DE OBRAS E SERVIÇOS URBANOS; DIRETORIA DE OBRAS; SECRETARIA DE OBRAS E SERVIÇOS URBANOS; R$ 0,00; R$ 0,00; R$ 0,00; R$ 0,00; R$ 138,47; R$ 478,53; R$ 0,00; 0.0
 13210101019911; Remun  Dep Banc  Vinculados- imp. Generica; Receitas Correntes; Receita Patrimonial; Valores Mobiliários; Remuneração de Depósitos Bancários - Principal; Juros e Correções Monetárias; Remuneração de Depósitos Bancários; ; Juros e Correções Monetárias; Remuneração de Depósitos Bancários; Não se aplica; Remun  Dep Banc  Vinculados- imp. Generica; Arrecadações; SECRETARIA DE ADMINISTRAÇÃO E FINANÇAS; SECRETARIA DE ADMINISTRAÇÃO E FINANÇAS; SECRETARIA DE ADMINISTRAÇÃO E FINANÇAS; R$ 0,00; R$ 0,00; R$ 0,00; R$ 0,00; R$ 9.854,00; R$ 15.223,55; R$ 0,00; 0.0
 13210101019907; Rec.de Remun. Dep. Banc. Vinculados - Rec. FEP; Receitas Correntes; Receita Patrimonial; Valores Mobiliários; Remuneração de Depósitos Bancários - Principal; Juros e Correções Monetárias; Remuneração de Depósitos Bancários; ; Juros e Correções Monetárias; Remuneração de Depósitos Bancários; Não se aplica; Rec.de Remun. Dep. Banc. Vinculados - Rec. FEP; Arrecadações; SECRETARIA DE OBRAS E SERVIÇOS URBANOS; DIRETORIA DE OBRAS; SECRETARIA DE OBRAS E SERVIÇOS URBANOS; R$ 0,00; R$ 0,00; R$ 0,00; R$ 0,00; R$ 197,94; R$ 1.250,31; R$ 0,00; 0.0
 13210101019902; Rec.de Remun. Dep. Banc. Vinculados - Rec. COSIP; Receitas Correntes; Receita Patrimonial; Valores Mobiliários; Remuneração de Depósitos Bancários - Principal; Juros e Correções Monetárias; Remuneração de Depósitos Bancários; ; Juros e Correções Monetárias; Remuneração de Depósitos Bancários; Não se aplica; Rec.de Remun. Dep. Banc. Vinculados - Rec. COSIP; Arrecadações; SECRETARIA DE OBRAS E SERVIÇOS URBANOS; SERVIÇO AUTONOMO DE AGUA E ESGOTO - SAMAE; SECRETARIA DE OBRAS E SERVIÇOS URBANOS; R$ 0,00; R$ 0,00; R$ 0,00; R$ 0,00; R$ 15.742,49; R$ 57.055,29; R$ 0,00; 0.0
 13210101019914; Remun Dep Banc Vinculados- Covid Acolhimento; Receitas Correntes; Receita Patrimonial; Valores Mobiliários; Remuneração de Depósitos Bancários - Principal; Juros e Correções Monetárias; Remuneração de Depósitos Bancários; ; Juros e Correções Monetárias; Remuneração de Depósitos Bancários; Não se aplica; Remun Dep Banc Vinculados- Covid Acolhimento; Arrecadações; SECRETARIA DE ADMINISTRAÇÃO E FINANÇAS; SECRETARIA DE ADMINISTRAÇÃO E FINANÇAS; SECRETARIA DE ADMINISTRAÇÃO E FINANÇAS; R$ 0,00; R$ 0,00; R$ 0,00; R$ 0,00; R$ 1,04; R$ 5,35; R$ 0,00; 0.0
 13210101019902; Rec.de Remun. Dep. Banc. Vinculados - Rec. COSIP; Receitas Correntes; Receita Patrimonial; Valores Mobiliários; Remuneração de Depósitos Bancários - Principal; Juros e Correções Monetárias; Remuneração de Depósitos Bancários; ; Juros e Correções Monetárias; Remuneração de Depósitos Bancários; Não se aplica; Rec.de Remun. Dep. Banc. Vinculados - Rec. COSIP; Arrecadações; SECRETARIA DE OBRAS E SERVIÇOS URBANOS; SERVIÇO AUTONOMO DE AGUA E ESGOTO - SAMAE; SECRETARIA DE OBRAS E SERVIÇOS URBANOS; R$ 0,00; R$ 0,00; R$ 0,00; R$ 0,00; R$ 15.598,10; R$ 72.653,39; R$ 0,00; 0.0
 13210101019911; Remun  Dep Banc  Vinculados- imp. Generica; Receitas Correntes; Receita Patrimonial; Valores Mobiliários; Remuneração de Depósitos Bancários - Principal; Juros e Correções Monetárias; Remuneração de Depósitos Bancários; ; Juros e Correções Monetárias; Remuneração de Depósitos Bancários; Não se aplica; Remun  Dep Banc  Vinculados- imp. Generica; Arrecadações; SECRETARIA DE ADMINISTRAÇÃO E FINANÇAS; SECRETARIA DE ADMINISTRAÇÃO E FINANÇAS; SECRETARIA DE ADMINISTRAÇÃO E FINANÇAS; R$ 0,00; R$ 0,00; R$ 0,00; R$ 0,00; R$ 4.519,93; R$ 19.743,48; R$ 0,00; 0.0
 13210101019913; Remun Dep Banc Vinculados- covid EPI; Receitas Correntes; Receita Patrimonial; Valores Mobiliários; Remuneração de Depósitos Bancários - Principal; Juros e Correções Monetárias; Remuneração de Depósitos Bancários; ; Juros e Correções Monetárias; Remuneração de Depósitos Bancários; Não se aplica; Remun Dep Banc Vinculados- covid EPI; Arrecadações; SECRETARIA DE ADMINISTRAÇÃO E FINANÇAS; SECRETARIA DE ADMINISTRAÇÃO E FINANÇAS; SECRETARIA DE ADMINISTRAÇÃO E FINANÇAS; R$ 0,00; R$ 0,00; R$ 0,00; R$ 0,00; R$ 1,90; R$ 9,78; R$ 0,00; 0.0
 13210101019910; Remun  Dep Banc  Vinculados- Alien. de Bens; Receitas Correntes; Receita Patrimonial; Valores Mobiliários; Remuneração de Depósitos Bancários - Principal; Juros e Correções Monetárias; Remuneração de Depósitos Bancários; ; Juros e Correções Monetárias; Remuneração de Depósitos Bancários; Não se aplica; Remun  Dep Banc  Vinculados- Alien. de Bens; Arrecadações; SECRETARIA DE ADMINISTRAÇÃO E FINANÇAS; SECRETARIA DE ADMINISTRAÇÃO E FINANÇAS; SECRETARIA DE ADMINISTRAÇÃO E FINANÇAS; R$ 0,00; R$ 0,00; R$ 0,00; R$ 0,00; R$ 3.620,06; R$ 10.903,62; R$ 0,00; 0.0
 13210101010205; Remun. Dep. Banc.vinculados - MDE/PDDE; Receitas Correntes; Receita Patrimonial; Valores Mobiliários; Remuneração de Depósitos Bancários - Principal; Juros e Correções Monetárias; Remuneração de Depósitos Bancários; ; Juros e Correções Monetárias; Remuneração de Depósitos Bancários; Não se aplica; Remun. Dep. Banc.vinculados - MDE/PDDE; Arrecadações; SECRETARIA DE EDUCAÇÃO; DIRETORIA DE ENSINO; SECRETARIA DE EDUCAÇÃO; R$ 0,00; R$ 0,00; R$ 0,00; R$ 0,00; R$ 13,21; R$ 68,73; R$ 0,00; 0.0
 13210101019901; Rec. de Remun. Dep. Banc./Vinc. - Rec. CIDE; Receitas Correntes; Receita Patrimonial; Valores Mobiliários; Remuneração de Depósitos Bancários - Principal; Juros e Correções Monetárias; Remuneração de Depósitos Bancários; ; Juros e Correções Monetárias; Remuneração de Depósitos Bancários; Não se aplica; Rec. de Remun. Dep. Banc./Vinc. - Rec. CIDE; Arrecadações; SECRETARIA DE OBRAS E SERVIÇOS URBANOS; DIRETORIA DE OBRAS; SECRETARIA DE OBRAS E SERVIÇOS URBANOS; R$ 0,00; R$ 0,00; R$ 0,00; R$ 0,00; R$ 140,99; R$ 619,52; R$ 0,00; 0.0
 13210101019907; Rec.de Remun. Dep. Banc. Vinculados - Rec. FEP; Receitas Correntes; Receita Patrimonial; Valores Mobiliários; Remuneração de Depósitos Bancários - Principal; Juros e Correções Monetárias; Remuneração de Depósitos Bancários; ; Juros e Correções Monetárias; Remuneração de Depósitos Bancários; Não se aplica; Rec.de Remun. Dep. Banc. Vinculados - Rec. FEP; Arrecadações; SECRETARIA DE OBRAS E SERVIÇOS URBANOS; DIRETORIA DE OBRAS; SECRETARIA DE OBRAS E SERVIÇOS URBANOS; R$ 0,00; R$ 0,00; R$ 0,00; R$ 0,00; R$ 46,92; R$ 1.297,23; R$ 0,00; 0.0
 13210101019912; Remun  Dep Banc  Vinculados- Imp. Educação; Receitas Correntes; Receita Patrimonial; Valores Mobiliários; Remuneração de Depósitos Bancários - Principal; Juros e Correções Monetárias; Remuneração de Depósitos Bancários; ; Juros e Correções Monetárias; Remuneração de Depósitos Bancários; Não se aplica; Remun  Dep Banc  Vinculados- Imp. Educação; Arrecadações; SECRETARIA DE EDUCAÇÃO; DIRETORIA DE ENSINO; SECRETARIA DE EDUCAÇÃO; R$ 0,00; R$ 0,00; R$ 0,00; R$ 0,00; R$ 4.270,05; R$ 12.610,89; R$ 0,00; 0.0
 13210101019915; Remun Dep Banc Vinculados- Lei Aldir Blanc; Receitas Correntes; Receita Patrimonial; Valores Mobiliários; Remuneração de Depósitos Bancários - Principal; Juros e Correções Monetárias; Remuneração de Depósitos Bancários; ; Juros e Correções Monetárias; Remuneração de Depósitos Bancários; Não se aplica; Remun Dep Banc Vinculados- Lei Aldir Blanc; Arrecadações; SECRETARIA DE CULTURA; DIRETORIA DE CULTURA; SECRETARIA DE CULTURA; R$ 0,00; R$ 0,00; R$ 0,00; R$ 0,00; R$ 2.276,90; R$ 2.276,90; R$ 0,00; 0.0
 13210101019912; Remun  Dep Banc  Vinculados- Imp. Educação; Receitas Correntes; Receita Patrimonial; Valores Mobiliários; Remuneração de Depósitos Bancários - Principal; Juros e Correções Monetárias; Remuneração de Depósitos Bancários; ; Juros e Correções Monetárias; Remuneração de Depósitos Bancários; Não se aplica; Remun  Dep Banc  Vinculados- Imp. Educação; Arrecadações; SECRETARIA DE EDUCAÇÃO; DIRETORIA DE ENSINO; SECRETARIA DE EDUCAÇÃO; R$ 0,00; R$ 0,00; R$ 0,00; R$ 0,00; R$ 4.058,55; R$ 16.669,44; R$ 0,00; 0.0
 13210101019910; Remun  Dep Banc  Vinculados- Alien. de Bens; Receitas Correntes; Receita Patrimonial; Valores Mobiliários; Remuneração de Depósitos Bancários - Principal; Juros e Correções Monetárias; Remuneração de Depósitos Bancários; ; Juros e Correções Monetárias; Remuneração de Depósitos Bancários; Não se aplica; Remun  Dep Banc  Vinculados- Alien. de Bens; Arrecadações; SECRETARIA DE ADMINISTRAÇÃO E FINANÇAS; SECRETARIA DE ADMINISTRAÇÃO E FINANÇAS; SECRETARIA DE ADMINISTRAÇÃO E FINANÇAS; R$ 0,00; R$ 0,00; R$ 0,00; R$ 0,00; R$ 12.654,00; R$ 23.557,62; R$ 0,00; 0.0
 13210101019902; Rec.de Remun. Dep. Banc. Vinculados - Rec. COSIP; Receitas Correntes; Receita Patrimonial; Valores Mobiliários; Remuneração de Depósitos Bancários - Principal; Juros e Correções Monetárias; Remuneração de Depósitos Bancários; ; Juros e Correções Monetárias; Remuneração de Depósitos Bancários; Não se aplica; Rec.de Remun. Dep. Banc. Vinculados - Rec. COSIP; Arrecadações; SECRETARIA DE OBRAS E SERVIÇOS URBANOS; SERVIÇO AUTONOMO DE AGUA E ESGOTO - SAMAE; SECRETARIA DE OBRAS E SERVIÇOS URBANOS; R$ 0,00; R$ 0,00; R$ 0,00; R$ 0,00; R$ 15.693,06; R$ 88.346,45; R$ 0,00; 0.0
 13210101019911; Remun  Dep Banc  Vinculados- imp. Generica; Receitas Correntes; Receita Patrimonial; Valores Mobiliários; Remuneração de Depósitos Bancários - Principal; Juros e Correções Monetárias; Remuneração de Depósitos Bancários; ; Juros e Correções Monetárias; Remuneração de Depósitos Bancários; Não se aplica; Remun  Dep Banc  Vinculados- imp. Generica; Arrecadações; SECRETARIA DE ADMINISTRAÇÃO E FINANÇAS; SECRETARIA DE ADMINISTRAÇÃO E FINANÇAS; SECRETARIA DE ADMINISTRAÇÃO E FINANÇAS; R$ 0,00; R$ 0,00; R$ 0,00; R$ 0,00; R$ 6.389,56; R$ 26.133,04; R$ 0,00; 0.0
 13210101019907; Rec.de Remun. Dep. Banc. Vinculados - Rec. FEP; Receitas Correntes; Receita Patrimonial; Valores Mobiliários; Remuneração de Depósitos Bancários - Principal; Juros e Correções Monetárias; Remuneração de Depósitos Bancários; ; Juros e Correções Monetárias; Remuneração de Depósitos Bancários; Não se aplica; Rec.de Remun. Dep. Banc. Vinculados - Rec. FEP; Arrecadações; SECRETARIA DE OBRAS E SERVIÇOS URBANOS; DIRETORIA DE OBRAS; SECRETARIA DE OBRAS E SERVIÇOS URBANOS; R$ 0,00; R$ 0,00; R$ 0,00; R$ 0,00; R$ 213,78; R$ 1.511,01; R$ 0,00; 0.0
 13210101010201; Rec. de Remun. Dep. Banc/Vinculados- Recursos do FNDE/PNAE; Receitas Correntes; Receita Patrimonial; Valores Mobiliários; Remuneração de Depósitos Bancários - Principal; Juros e Correções Monetárias; Remuneração de Depósitos Bancários; ; Juros e Correções Monetárias; Remuneração de Depósitos Bancários; Não se aplica; Rec. de Remun. Dep. Banc/Vinculados- Recursos do FNDE/PNAE; Arrecadações; SECRETARIA DE EDUCAÇÃO; DIRETORIA DE ENSINO; SECRETARIA DE EDUCAÇÃO; R$ 0,00; R$ 0,00; R$ 0,00; R$ 0,00; R$ 3.623,09; R$ 4.138,56; R$ 0,00; 0.0
 13210101019907; Rec.de Remun. Dep. Banc. Vinculados - Rec. FEP; Receitas Correntes; Receita Patrimonial; Valores Mobiliários; Remuneração de Depósitos Bancários - Principal; Juros e Correções Monetárias; Remuneração de Depósitos Bancários; ; Juros e Correções Monetárias; Remuneração de Depósitos Bancários; Não se aplica; Rec.de Remun. Dep. Banc. Vinculados - Rec. FEP; Arrecadações; SECRETARIA DE OBRAS E SERVIÇOS URBANOS; DIRETORIA DE OBRAS; SECRETARIA DE OBRAS E SERVIÇOS URBANOS; R$ 0,00; R$ 0,00; R$ 0,00; R$ 0,00; R$ 199,12; R$ 1.710,13; R$ 0,00; 0.0
 13210101019915; Remun Dep Banc Vinculados- Lei Aldir Blanc; Receitas Correntes; Receita Patrimonial; Valores Mobiliários; Remuneração de Depósitos Bancários - Principal; Juros e Correções Monetárias; Remuneração de Depósitos Bancários; ; Juros e Correções Monetárias; Remuneração de Depósitos Bancários; Não se aplica; Remun Dep Banc Vinculados- Lei Aldir Blanc; Arrecadações; SECRETARIA DE CULTURA; DIRETORIA DE CULTURA; SECRETARIA DE CULTURA; R$ 0,00; R$ 0,00; R$ 0,00; R$ 0,00; R$ 843,60; R$ 4.751,50; R$ 0,00; 0.0
 13210101019907; Rec.de Remun. Dep. Banc. Vinculados - Rec. FEP; Receitas Correntes; Receita Patrimonial; Valores Mobiliários; Remuneração de Depósitos Bancários - Principal; Juros e Correções Monetárias; Remuneração de Depósitos Bancários; ; Juros e Correções Monetárias; Remuneração de Depósitos Bancários; Não se aplica; Rec.de Remun. Dep. Banc. Vinculados - Rec. FEP; Arrecadações; SECRETARIA DE OBRAS E SERVIÇOS URBANOS; DIRETORIA DE OBRAS; SECRETARIA DE OBRAS E SERVIÇOS URBANOS; R$ 0,00; R$ 0,00; R$ 0,00; R$ 0,00; R$ 116,10; R$ 1.826,23; R$ 0,00; 0.0
 13210101019912; Remun  Dep Banc  Vinculados- Imp. Educação; Receitas Correntes; Receita Patrimonial; Valores Mobiliários; Remuneração de Depósitos Bancários - Principal; Juros e Correções Monetárias; Remuneração de Depósitos Bancários; ; Juros e Correções Monetárias; Remuneração de Depósitos Bancários; Não se aplica; Remun  Dep Banc  Vinculados- Imp. Educação; Arrecadações; SECRETARIA DE EDUCAÇÃO; DIRETORIA DE ENSINO; SECRETARIA DE EDUCAÇÃO; R$ 0,00; R$ 0,00; R$ 0,00; R$ 0,00; R$ 4.485,99; R$ 25.808,57; R$ 0,00; 0.0
 13210101010205; Remun. Dep. Banc.vinculados - MDE/PDDE; Receitas Correntes; Receita Patrimonial; Valores Mobiliários; Remuneração de Depósitos Bancários - Principal; Juros e Correções Monetárias; Remuneração de Depósitos Bancários; ; Juros e Correções Monetárias; Remuneração de Depósitos Bancários; Não se aplica; Remun. Dep. Banc.vinculados - MDE/PDDE; Arrecadações; SECRETARIA DE EDUCAÇÃO; DIRETORIA DE ENSINO; SECRETARIA DE EDUCAÇÃO; R$ 0,00; R$ 0,00; R$ 0,00; R$ 0,00; R$ 2,17; R$ 96,40; R$ 0,00; 0.0
 13210101019913; Remun Dep Banc Vinculados- covid EPI; Receitas Correntes; Receita Patrimonial; Valores Mobiliários; Remuneração de Depósitos Bancários - Principal; Juros e Correções Monetárias; Remuneração de Depósitos Bancários; ; Juros e Correções Monetárias; Remuneração de Depósitos Bancários; Não se aplica; Remun Dep Banc Vinculados- covid EPI; Arrecadações; SECRETARIA DE ADMINISTRAÇÃO E FINANÇAS; SECRETARIA DE ADMINISTRAÇÃO E FINANÇAS; SECRETARIA DE ADMINISTRAÇÃO E FINANÇAS; R$ 0,00; R$ 0,00; R$ 0,00; R$ 0,00; R$ 1,95; R$ 17,64; R$ 0,00; 0.0
 13210101010201; Rec. de Remun. Dep. Banc/Vinculados- Recursos do FNDE/PNAE; Receitas Correntes; Receita Patrimonial; Valores Mobiliários; Remuneração de Depósitos Bancários - Principal; Juros e Correções Monetárias; Remuneração de Depósitos Bancários; ; Juros e Correções Monetárias; Remuneração de Depósitos Bancários; Não se aplica; Rec. de Remun. Dep. Banc/Vinculados- Recursos do FNDE/PNAE; Arrecadações; SECRETARIA DE EDUCAÇÃO; DIRETORIA DE ENSINO; SECRETARIA DE EDUCAÇÃO; R$ 0,00; R$ 0,00; R$ 0,00; R$ 0,00; R$ 749,54; R$ 5.824,22; R$ 0,00; 0.0
 13210101019902; Rec.de Remun. Dep. Banc. Vinculados - Rec. COSIP; Receitas Correntes; Receita Patrimonial; Valores Mobiliários; Remuneração de Depósitos Bancários - Principal; Juros e Correções Monetárias; Remuneração de Depósitos Bancários; ; Juros e Correções Monetárias; Remuneração de Depósitos Bancários; Não se aplica; Rec.de Remun. Dep. Banc. Vinculados - Rec. COSIP; Arrecadações; SECRETARIA DE OBRAS E SERVIÇOS URBANOS; SERVIÇO AUTONOMO DE AGUA E ESGOTO - SAMAE; SECRETARIA DE OBRAS E SERVIÇOS URBANOS; R$ 0,00; R$ 0,00; R$ 0,00; R$ 0,00; R$ 17.696,63; R$ 144.275,60; R$ 0,00; 0.0
 13210101019914; Remun Dep Banc Vinculados- Covid Acolhimento; Receitas Correntes; Receita Patrimonial; Valores Mobiliários; Remuneração de Depósitos Bancários - Principal; Juros e Correções Monetárias; Remuneração de Depósitos Bancários; ; Juros e Correções Monetárias; Remuneração de Depósitos Bancários; Não se aplica; Remun Dep Banc Vinculados- Covid Acolhimento; Arrecadações; SECRETARIA DE ADMINISTRAÇÃO E FINANÇAS; SECRETARIA DE ADMINISTRAÇÃO E FINANÇAS; SECRETARIA DE ADMINISTRAÇÃO E FINANÇAS; R$ 0,00; R$ 0,00; R$ 0,00; R$ 0,00; R$ 1,07; R$ 9,65; R$ 0,00; 0.0
 13210101019915; Remun Dep Banc Vinculados- Lei Aldir Blanc; Receitas Correntes; Receita Patrimonial; Valores Mobiliários; Remuneração de Depósitos Bancários - Principal; Juros e Correções Monetárias; Remuneração de Depósitos Bancários; ; Juros e Correções Monetárias; Remuneração de Depósitos Bancários; Não se aplica; Remun Dep Banc Vinculados- Lei Aldir Blanc; Arrecadações; SECRETARIA DE CULTURA; DIRETORIA DE CULTURA; SECRETARIA DE CULTURA; R$ 0,00; R$ 0,00; R$ 0,00; R$ 0,00; R$ 814,21; R$ 5.565,71; R$ 0,00; 0.0
 13210101019911; Remun  Dep Banc  Vinculados- imp. Generica; Receitas Correntes; Receita Patrimonial; Valores Mobiliários; Remuneração de Depósitos Bancários - Principal; Juros e Correções Monetárias; Remuneração de Depósitos Bancários; ; Juros e Correções Monetárias; Remuneração de Depósitos Bancários; Não se aplica; Remun  Dep Banc  Vinculados- imp. Generica; Arrecadações; SECRETARIA DE ADMINISTRAÇÃO E FINANÇAS; SECRETARIA DE ADMINISTRAÇÃO E FINANÇAS; SECRETARIA DE ADMINISTRAÇÃO E FINANÇAS; R$ 0,00; R$ 0,00; R$ 0,00; R$ 0,00; R$ 22.073,51; R$ 139.231,66; R$ 0,00; 0.0
 13210101010205; Remun. Dep. Banc.vinculados - MDE/PDDE; Receitas Correntes; Receita Patrimonial; Valores Mobiliários; Remuneração de Depósitos Bancários - Principal; Juros e Correções Monetárias; Remuneração de Depósitos Bancários; ; Juros e Correções Monetárias; Remuneração de Depósitos Bancários; Não se aplica; Remun. Dep. Banc.vinculados - MDE/PDDE; Arrecadações; SECRETARIA DE EDUCAÇÃO; DIRETORIA DE ENSINO; SECRETARIA DE EDUCAÇÃO; R$ 0,00; R$ 0,00; R$ 0,00; R$ 0,00; R$ 2,09; R$ 98,49; R$ 0,00; 0.0
 13210101019912; Remun  Dep Banc  Vinculados- Imp. Educação; Receitas Correntes; Receita Patrimonial; Valores Mobiliários; Remuneração de Depósitos Bancários - Principal; Juros e Correções Monetárias; Remuneração de Depósitos Bancários; ; Juros e Correções Monetárias; Remuneração de Depósitos Bancários; Não se aplica; Remun  Dep Banc  Vinculados- Imp. Educação; Arrecadações; SECRETARIA DE EDUCAÇÃO; DIRETORIA DE ENSINO; SECRETARIA DE EDUCAÇÃO; R$ 0,00; R$ 0,00; R$ 0,00; R$ 0,00; R$ 4.272,93; R$ 30.081,50; R$ 0,00; 0.0
 13210101019901; Rec. de Remun. Dep. Banc./Vinc. - Rec. CIDE; Receitas Correntes; Receita Patrimonial; Valores Mobiliários; Remuneração de Depósitos Bancários - Principal; Juros e Correções Monetárias; Remuneração de Depósitos Bancários; ; Juros e Correções Monetárias; Remuneração de Depósitos Bancários; Não se aplica; Rec. de Remun. Dep. Banc./Vinc. - Rec. CIDE; Arrecadações; SECRETARIA DE OBRAS E SERVIÇOS URBANOS; DIRETORIA DE OBRAS; SECRETARIA DE OBRAS E SERVIÇOS URBANOS; R$ 0,00; R$ 0,00; R$ 0,00; R$ 0,00; R$ 93,89; R$ 1.179,03; R$ 0,00; 0.0
 13210101019907; Rec.de Remun. Dep. Banc. Vinculados - Rec. FEP; Receitas Correntes; Receita Patrimonial; Valores Mobiliários; Remuneração de Depósitos Bancários - Principal; Juros e Correções Monetárias; Remuneração de Depósitos Bancários; ; Juros e Correções Monetárias; Remuneração de Depósitos Bancários; Não se aplica; Rec.de Remun. Dep. Banc. Vinculados - Rec. FEP; Arrecadações; SECRETARIA DE OBRAS E SERVIÇOS URBANOS; DIRETORIA DE OBRAS; SECRETARIA DE OBRAS E SERVIÇOS URBANOS; R$ 0,00; R$ 0,00; R$ 0,00; R$ 0,00; R$ 180,78; R$ 2.007,01; R$ 0,00; 0.0
 13210101019910; Remun  Dep Banc  Vinculados- Alien. de Bens; Receitas Correntes; Receita Patrimonial; Valores Mobiliários; Remuneração de Depósitos Bancários - Principal; Juros e Correções Monetárias; Remuneração de Depósitos Bancários; ; Juros e Correções Monetárias; Remuneração de Depósitos Bancários; Não se aplica; Remun  Dep Banc  Vinculados- Alien. de Bens; Arrecadações; SECRETARIA DE ADMINISTRAÇÃO E FINANÇAS; SECRETARIA DE ADMINISTRAÇÃO E FINANÇAS; SECRETARIA DE ADMINISTRAÇÃO E FINANÇAS; R$ 0,00; R$ 0,00; R$ 0,00; R$ 0,00; R$ 7.541,52; R$ 36.861,79; R$ 0,00; 0.0
 13210101019912; Remun  Dep Banc  Vinculados- Imp. Educação; Receitas Correntes; Receita Patrimonial; Valores Mobiliários; Remuneração de Depósitos Bancários - Principal; Juros e Correções Monetárias; Remuneração de Depósitos Bancários; ; Juros e Correções Monetárias; Remuneração de Depósitos Bancários; Não se aplica; Remun  Dep Banc  Vinculados- Imp. Educação; Arrecadações; SECRETARIA DE EDUCAÇÃO; DIRETORIA DE ENSINO; SECRETARIA DE EDUCAÇÃO; R$ 0,00; R$ 0,00; R$ 0,00; R$ 0,00; R$ 4.798,75; R$ 34.880,25; R$ 0,00; 0.0
 13210101010205; Remun. Dep. Banc.vinculados - MDE/PDDE; Receitas Correntes; Receita Patrimonial; Valores Mobiliários; Remuneração de Depósitos Bancários - Principal; Juros e Correções Monetárias; Remuneração de Depósitos Bancários; ; Juros e Correções Monetárias; Remuneração de Depósitos Bancários; Não se aplica; Remun. Dep. Banc.vinculados - MDE/PDDE; Arrecadações; SECRETARIA DE EDUCAÇÃO; DIRETORIA DE ENSINO; SECRETARIA DE EDUCAÇÃO; R$ 0,00; R$ 0,00; R$ 0,00; R$ 0,00; R$ 2,37; R$ 100,86; R$ 0,00; 0.0
 13210101019915; Remun Dep Banc Vinculados- Lei Aldir Blanc; Receitas Correntes; Receita Patrimonial; Valores Mobiliários; Remuneração de Depósitos Bancários - Principal; Juros e Correções Monetárias; Remuneração de Depósitos Bancários; ; Juros e Correções Monetárias; Remuneração de Depósitos Bancários; Não se aplica; Remun Dep Banc Vinculados- Lei Aldir Blanc; Arrecadações; SECRETARIA DE CULTURA; DIRETORIA DE CULTURA; SECRETARIA DE CULTURA; R$ 0,00; R$ 0,00; R$ 0,00; R$ 0,00; R$ 919,02; R$ 6.484,73; R$ 0,00; 0.0
 13210101019910; Remun  Dep Banc  Vinculados- Alien. de Bens; Receitas Correntes; Receita Patrimonial; Valores Mobiliários; Remuneração de Depósitos Bancários - Principal; Juros e Correções Monetárias; Remuneração de Depósitos Bancários; ; Juros e Correções Monetárias; Remuneração de Depósitos Bancários; Não se aplica; Remun  Dep Banc  Vinculados- Alien. de Bens; Arrecadações; SECRETARIA DE ADMINISTRAÇÃO E FINANÇAS; SECRETARIA DE ADMINISTRAÇÃO E FINANÇAS; SECRETARIA DE ADMINISTRAÇÃO E FINANÇAS; R$ 0,00; R$ 0,00; R$ 0,00; R$ 0,00; R$ 7.179,91; R$ 44.041,70; R$ 0,00; 0.0
 13210101019907; Rec.de Remun. Dep. Banc. Vinculados - Rec. FEP; Receitas Correntes; Receita Patrimonial; Valores Mobiliários; Remuneração de Depósitos Bancários - Principal; Juros e Correções Monetárias; Remuneração de Depósitos Bancários; ; Juros e Correções Monetárias; Remuneração de Depósitos Bancários; Não se aplica; Rec.de Remun. Dep. Banc. Vinculados - Rec. FEP; Arrecadações; SECRETARIA DE OBRAS E SERVIÇOS URBANOS; DIRETORIA DE OBRAS; SECRETARIA DE OBRAS E SERVIÇOS URBANOS; R$ 0,00; R$ 0,00; R$ 0,00; R$ 0,00; R$ 49,08; R$ 2.056,09; R$ 0,00; 0.0
 13210101019901; Rec. de Remun. Dep. Banc./Vinc. - Rec. CIDE; Receitas Correntes; Receita Patrimonial; Valores Mobiliários; Remuneração de Depósitos Bancários - Principal; Juros e Correções Monetárias; Remuneração de Depósitos Bancários; ; Juros e Correções Monetárias; Remuneração de Depósitos Bancários; Não se aplica; Rec. de Remun. Dep. Banc./Vinc. - Rec. CIDE; Arrecadações; SECRETARIA DE OBRAS E SERVIÇOS URBANOS; DIRETORIA DE OBRAS; SECRETARIA DE OBRAS E SERVIÇOS URBANOS; R$ 0,00; R$ 0,00; R$ 0,00; R$ 0,00; R$ 57,57; R$ 1.236,60; R$ 0,00; 0.0
 13210101019914; Remun Dep Banc Vinculados- Covid Acolhimento; Receitas Correntes; Receita Patrimonial; Valores Mobiliários; Remuneração de Depósitos Bancários - Principal; Juros e Correções Monetárias; Remuneração de Depósitos Bancários; ; Juros e Correções Monetárias; Remuneração de Depósitos Bancários; Não se aplica; Remun Dep Banc Vinculados- Covid Acolhimento; Arrecadações; SECRETARIA DE ADMINISTRAÇÃO E FINANÇAS; SECRETARIA DE ADMINISTRAÇÃO E FINANÇAS; SECRETARIA DE ADMINISTRAÇÃO E FINANÇAS; R$ 0,00; R$ 0,00; R$ 0,00; R$ 0,00; R$ 1,20; R$ 10,85; R$ 0,00; 0.0
 13210101019913; Remun Dep Banc Vinculados- covid EPI; Receitas Correntes; Receita Patrimonial; Valores Mobiliários; Remuneração de Depósitos Bancários - Principal; Juros e Correções Monetárias; Remuneração de Depósitos Bancários; ; Juros e Correções Monetárias; Remuneração de Depósitos Bancários; Não se aplica; Remun Dep Banc Vinculados- covid EPI; Arrecadações; SECRETARIA DE ADMINISTRAÇÃO E FINANÇAS; SECRETARIA DE ADMINISTRAÇÃO E FINANÇAS; SECRETARIA DE ADMINISTRAÇÃO E FINANÇAS; R$ 0,00; R$ 0,00; R$ 0,00; R$ 0,00; R$ 2,19; R$ 19,83; R$ 0,00; 0.0
 13210101010201; Rec. de Remun. Dep. Banc/Vinculados- Recursos do FNDE/PNAE; Receitas Correntes; Receita Patrimonial; Valores Mobiliários; Remuneração de Depósitos Bancários - Principal; Juros e Correções Monetárias; Remuneração de Depósitos Bancários; ; Juros e Correções Monetárias; Remuneração de Depósitos Bancários; Não se aplica; Rec. de Remun. Dep. Banc/Vinculados- Recursos do FNDE/PNAE; Arrecadações; SECRETARIA DE EDUCAÇÃO; DIRETORIA DE ENSINO; SECRETARIA DE EDUCAÇÃO; R$ 0,00; R$ 0,00; R$ 0,00; R$ 0,00; R$ 496,91; R$ 6.321,13; R$ 0,00; 0.0
 13210101019902; Rec.de Remun. Dep. Banc. Vinculados - Rec. COSIP; Receitas Correntes; Receita Patrimonial; Valores Mobiliários; Remuneração de Depósitos Bancários - Principal; Juros e Correções Monetárias; Remuneração de Depósitos Bancários; ; Juros e Correções Monetárias; Remuneração de Depósitos Bancários; Não se aplica; Rec.de Remun. Dep. Banc. Vinculados - Rec. COSIP; Arrecadações; SECRETARIA DE OBRAS E SERVIÇOS URBANOS; SERVIÇO AUTONOMO DE AGUA E ESGOTO - SAMAE; SECRETARIA DE OBRAS E SERVIÇOS URBANOS; R$ 0,00; R$ 0,00; R$ 0,00; R$ 0,00; R$ 20.265,28; R$ 164.540,88; R$ 0,00; 0.0
 13210101019911; Remun  Dep Banc  Vinculados- imp. Generica; Receitas Correntes; Receita Patrimonial; Valores Mobiliários; Remuneração de Depósitos Bancários - Principal; Juros e Correções Monetárias; Remuneração de Depósitos Bancários; ; Juros e Correções Monetárias; Remuneração de Depósitos Bancários; Não se aplica; Remun  Dep Banc  Vinculados- imp. Generica; Arrecadações; SECRETARIA DE ADMINISTRAÇÃO E FINANÇAS; SECRETARIA DE ADMINISTRAÇÃO E FINANÇAS; SECRETARIA DE ADMINISTRAÇÃO E FINANÇAS; R$ 0,00; R$ 0,00; R$ 0,00; R$ 0,00; R$ 22.462,86; R$ 161.694,52; R$ 0,00; 0.0
 13210101019902; Rec.de Remun. Dep. Banc. Vinculados - Rec. COSIP; Receitas Correntes; Receita Patrimonial; Valores Mobiliários; Remuneração de Depósitos Bancários - Principal; Juros e Correções Monetárias; Remuneração de Depósitos Bancários; ; Juros e Correções Monetárias; Remuneração de Depósitos Bancários; Não se aplica; Rec.de Remun. Dep. Banc. Vinculados - Rec. COSIP; Arrecadações; SECRETARIA DE OBRAS E SERVIÇOS URBANOS; SERVIÇO AUTONOMO DE AGUA E ESGOTO - SAMAE; SECRETARIA DE OBRAS E SERVIÇOS URBANOS; R$ 0,00; R$ 0,00; R$ 0,00; R$ 0,00; R$ 18.199,07; R$ 182.739,95; R$ 0,00; 0.0
 13210101019907; Rec.de Remun. Dep. Banc. Vinculados - Rec. FEP; Receitas Correntes; Receita Patrimonial; Valores Mobiliários; Remuneração de Depósitos Bancários - Principal; Juros e Correções Monetárias; Remuneração de Depósitos Bancários; ; Juros e Correções Monetárias; Remuneração de Depósitos Bancários; Não se aplica; Rec.de Remun. Dep. Banc. Vinculados - Rec. FEP; Arrecadações; SECRETARIA DE OBRAS E SERVIÇOS URBANOS; DIRETORIA DE OBRAS; SECRETARIA DE OBRAS E SERVIÇOS URBANOS; R$ 0,00; R$ 0,00; R$ 0,00; R$ 0,00; R$ 96,44; R$ 2.152,53; R$ 0,00; 0.0
 13210101010205; Remun. Dep. Banc.vinculados - MDE/PDDE; Receitas Correntes; Receita Patrimonial; Valores Mobiliários; Remuneração de Depósitos Bancários - Principal; Juros e Correções Monetárias; Remuneração de Depósitos Bancários; ; Juros e Correções Monetárias; Remuneração de Depósitos Bancários; Não se aplica; Remun. Dep. Banc.vinculados - MDE/PDDE; Arrecadações; SECRETARIA DE EDUCAÇÃO; DIRETORIA DE ENSINO; SECRETARIA DE EDUCAÇÃO; R$ 0,00; R$ 0,00; R$ 0,00; R$ 0,00; R$ 2,05; R$ 102,91; R$ 0,00; 0.0
 13210101019915; Remun Dep Banc Vinculados- Lei Aldir Blanc; Receitas Correntes; Receita Patrimonial; Valores Mobiliários; Remuneração de Depósitos Bancários - Principal; Juros e Correções Monetárias; Remuneração de Depósitos Bancários; ; Juros e Correções Monetárias; Remuneração de Depósitos Bancários; Não se aplica; Remun Dep Banc Vinculados- Lei Aldir Blanc; Arrecadações; SECRETARIA DE CULTURA; DIRETORIA DE CULTURA; SECRETARIA DE CULTURA; R$ 0,00; R$ 0,00; R$ 0,00; R$ 0,00; R$ 798,02; R$ 7.282,75; R$ 0,00; 0.0
 13210101019911; Remun  Dep Banc  Vinculados- imp. Generica; Receitas Correntes; Receita Patrimonial; Valores Mobiliários; Remuneração de Depósitos Bancários - Principal; Juros e Correções Monetárias; Remuneração de Depósitos Bancários; ; Juros e Correções Monetárias; Remuneração de Depósitos Bancários; Não se aplica; Remun  Dep Banc  Vinculados- imp. Generica; Arrecadações; SECRETARIA DE ADMINISTRAÇÃO E FINANÇAS; SECRETARIA DE ADMINISTRAÇÃO E FINANÇAS; SECRETARIA DE ADMINISTRAÇÃO E FINANÇAS; R$ 0,00; R$ 0,00; R$ 0,00; R$ 0,00; R$ 19.376,03; R$ 181.070,55; R$ 0,00; 0.0
 13210101019901; Rec. de Remun. Dep. Banc./Vinc. - Rec. CIDE; Receitas Correntes; Receita Patrimonial; Valores Mobiliários; Remuneração de Depósitos Bancários - Principal; Juros e Correções Monetárias; Remuneração de Depósitos Bancários; ; Juros e Correções Monetárias; Remuneração de Depósitos Bancários; Não se aplica; Rec. de Remun. Dep. Banc./Vinc. - Rec. CIDE; Arrecadações; SECRETARIA DE OBRAS E SERVIÇOS URBANOS; DIRETORIA DE OBRAS; SECRETARIA DE OBRAS E SERVIÇOS URBANOS; R$ 0,00; R$ 0,00; R$ 0,00; R$ 0,00; R$ 36,15; R$ 1.272,75; R$ 0,00; 0.0
 13210101019910; Remun  Dep Banc  Vinculados- Alien. de Bens; Receitas Correntes; Receita Patrimonial; Valores Mobiliários; Remuneração de Depósitos Bancários - Principal; Juros e Correções Monetárias; Remuneração de Depósitos Bancários; ; Juros e Correções Monetárias; Remuneração de Depósitos Bancários; Não se aplica; Remun  Dep Banc  Vinculados- Alien. de Bens; Arrecadações; SECRETARIA DE ADMINISTRAÇÃO E FINANÇAS; SECRETARIA DE ADMINISTRAÇÃO E FINANÇAS; SECRETARIA DE ADMINISTRAÇÃO E FINANÇAS; R$ 0,00; R$ 0,00; R$ 0,00; R$ 0,00; R$ 4.861,99; R$ 48.903,69; R$ 0,00; 0.0
 13210101019912; Remun  Dep Banc  Vinculados- Imp. Educação; Receitas Correntes; Receita Patrimonial; Valores Mobiliários; Remuneração de Depósitos Bancários - Principal; Juros e Correções Monetárias; Remuneração de Depósitos Bancários; ; Juros e Correções Monetárias; Remuneração de Depósitos Bancários; Não se aplica; Remun  Dep Banc  Vinculados- Imp. Educação; Arrecadações; SECRETARIA DE EDUCAÇÃO; DIRETORIA DE ENSINO; SECRETARIA DE EDUCAÇÃO; R$ 0,00; R$ 0,00; R$ 0,00; R$ 0,00; R$ 5.221,76; R$ 40.102,01; R$ 0,00; 0.0
 13210101019913; Remun Dep Banc Vinculados- covid EPI; Receitas Correntes; Receita Patrimonial; Valores Mobiliários; Remuneração de Depósitos Bancários - Principal; Juros e Correções Monetárias; Remuneração de Depósitos Bancários; ; Juros e Correções Monetárias; Remuneração de Depósitos Bancários; Não se aplica; Remun Dep Banc Vinculados- covid EPI; Arrecadações; SECRETARIA DE ADMINISTRAÇÃO E FINANÇAS; SECRETARIA DE ADMINISTRAÇÃO E FINANÇAS; SECRETARIA DE ADMINISTRAÇÃO E FINANÇAS; R$ 0,00; R$ 0,00; R$ 0,00; R$ 0,00; R$ 1,90; R$ 21,73; R$ 0,00; 0.0
 13210101019914; Remun Dep Banc Vinculados- Covid Acolhimento; Receitas Correntes; Receita Patrimonial; Valores Mobiliários; Remuneração de Depósitos Bancários - Principal; Juros e Correções Monetárias; Remuneração de Depósitos Bancários; ; Juros e Correções Monetárias; Remuneração de Depósitos Bancários; Não se aplica; Remun Dep Banc Vinculados- Covid Acolhimento; Arrecadações; SECRETARIA DE ADMINISTRAÇÃO E FINANÇAS; SECRETARIA DE ADMINISTRAÇÃO E FINANÇAS; SECRETARIA DE ADMINISTRAÇÃO E FINANÇAS; R$ 0,00; R$ 0,00; R$ 0,00; R$ 0,00; R$ 1,03; R$ 11,88; R$ 0,00; 0.0
 13210101019901; Rec. de Remun. Dep. Banc./Vinc. - Rec. CIDE; Receitas Correntes; Receita Patrimonial; Valores Mobiliários; Remuneração de Depósitos Bancários - Principal; Juros e Correções Monetárias; Remuneração de Depósitos Bancários; ; Juros e Correções Monetárias; Remuneração de Depósitos Bancários; Não se aplica; Rec. de Remun. Dep. Banc./Vinc. - Rec. CIDE; Arrecadações; SECRETARIA DE OBRAS E SERVIÇOS URBANOS; DIRETORIA DE OBRAS; SECRETARIA DE OBRAS E SERVIÇOS URBANOS; R$ 0,00; R$ 0,00; R$ 0,00; R$ 0,00; R$ 309,82; R$ 929,34; R$ 0,00; 0.0
 13210101019914; Remun Dep Banc Vinculados- Covid Acolhimento; Receitas Correntes; Receita Patrimonial; Valores Mobiliários; Remuneração de Depósitos Bancários - Principal; Juros e Correções Monetárias; Remuneração de Depósitos Bancários; ; Juros e Correções Monetárias; Remuneração de Depósitos Bancários; Não se aplica; Remun Dep Banc Vinculados- Covid Acolhimento; Arrecadações; SECRETARIA DE ADMINISTRAÇÃO E FINANÇAS; SECRETARIA DE ADMINISTRAÇÃO E FINANÇAS; SECRETARIA DE ADMINISTRAÇÃO E FINANÇAS; R$ 0,00; R$ 0,00; R$ 0,00; R$ 0,00; R$ 2,13; R$ 7,48; R$ 0,00; 0.0
 13210101019902; Rec.de Remun. Dep. Banc. Vinculados - Rec. COSIP; Receitas Correntes; Receita Patrimonial; Valores Mobiliários; Remuneração de Depósitos Bancários - Principal; Juros e Correções Monetárias; Remuneração de Depósitos Bancários; ; Juros e Correções Monetárias; Remuneração de Depósitos Bancários; Não se aplica; Rec.de Remun. Dep. Banc. Vinculados - Rec. COSIP; Arrecadações; SECRETARIA DE OBRAS E SERVIÇOS URBANOS; SERVIÇO AUTONOMO DE AGUA E ESGOTO - SAMAE; SECRETARIA DE OBRAS E SERVIÇOS URBANOS; R$ 0,00; R$ 0,00; R$ 0,00; R$ 0,00; R$ 19.485,89; R$ 107.832,34; R$ 0,00; 0.0
 13210101019912; Remun  Dep Banc  Vinculados- Imp. Educação; Receitas Correntes; Receita Patrimonial; Valores Mobiliários; Remuneração de Depósitos Bancários - Principal; Juros e Correções Monetárias; Remuneração de Depósitos Bancários; ; Juros e Correções Monetárias; Remuneração de Depósitos Bancários; Não se aplica; Remun  Dep Banc  Vinculados- Imp. Educação; Arrecadações; SECRETARIA DE EDUCAÇÃO; DIRETORIA DE ENSINO; SECRETARIA DE EDUCAÇÃO; R$ 0,00; R$ 0,00; R$ 0,00; R$ 0,00; R$ 4.653,14; R$ 21.322,58; R$ 0,00; 0.0
 13210101019913; Remun Dep Banc Vinculados- covid EPI; Receitas Correntes; Receita Patrimonial; Valores Mobiliários; Remuneração de Depósitos Bancários - Principal; Juros e Correções Monetárias; Remuneração de Depósitos Bancários; ; Juros e Correções Monetárias; Remuneração de Depósitos Bancários; Não se aplica; Remun Dep Banc Vinculados- covid EPI; Arrecadações; SECRETARIA DE ADMINISTRAÇÃO E FINANÇAS; SECRETARIA DE ADMINISTRAÇÃO E FINANÇAS; SECRETARIA DE ADMINISTRAÇÃO E FINANÇAS; R$ 0,00; R$ 0,00; R$ 0,00; R$ 0,00; R$ 3,89; R$ 13,67; R$ 0,00; 0.0
 13210101019911; Remun  Dep Banc  Vinculados- imp. Generica; Receitas Correntes; Receita Patrimonial; Valores Mobiliários; Remuneração de Depósitos Bancários - Principal; Juros e Correções Monetárias; Remuneração de Depósitos Bancários; ; Juros e Correções Monetárias; Remuneração de Depósitos Bancários; Não se aplica; Remun  Dep Banc  Vinculados- imp. Generica; Arrecadações; SECRETARIA DE ADMINISTRAÇÃO E FINANÇAS; SECRETARIA DE ADMINISTRAÇÃO E FINANÇAS; SECRETARIA DE ADMINISTRAÇÃO E FINANÇAS; R$ 0,00; R$ 0,00; R$ 0,00; R$ 0,00; R$ 62.433,93; R$ 88.566,97; R$ 0,00; 0.0
 13210101019915; Remun Dep Banc Vinculados- Lei Aldir Blanc; Receitas Correntes; Receita Patrimonial; Valores Mobiliários; Remuneração de Depósitos Bancários - Principal; Juros e Correções Monetárias; Remuneração de Depósitos Bancários; ; Juros e Correções Monetárias; Remuneração de Depósitos Bancários; Não se aplica; Remun Dep Banc Vinculados- Lei Aldir Blanc; Arrecadações; SECRETARIA DE CULTURA; DIRETORIA DE CULTURA; SECRETARIA DE CULTURA; R$ 0,00; R$ 0,00; R$ 0,00; R$ 0,00; R$ 1.631,00; R$ 3.907,90; R$ 0,00; 0.0
 13210101019910; Remun  Dep Banc  Vinculados- Alien. de Bens; Receitas Correntes; Receita Patrimonial; Valores Mobiliários; Remuneração de Depósitos Bancários - Principal; Juros e Correções Monetárias; Remuneração de Depósitos Bancários; ; Juros e Correções Monetárias; Remuneração de Depósitos Bancários; Não se aplica; Remun  Dep Banc  Vinculados- Alien. de Bens; Arrecadações; SECRETARIA DE ADMINISTRAÇÃO E FINANÇAS; SECRETARIA DE ADMINISTRAÇÃO E FINANÇAS; SECRETARIA DE ADMINISTRAÇÃO E FINANÇAS; R$ 0,00; R$ 0,00; R$ 0,00; R$ 0,00; R$ -1.361,09; R$ 22.196,53; R$ 0,00; 0.0
 13210101010205; Remun. Dep. Banc.vinculados - MDE/PDDE; Receitas Correntes; Receita Patrimonial; Valores Mobiliários; Remuneração de Depósitos Bancários - Principal; Juros e Correções Monetárias; Remuneração de Depósitos Bancários; ; Juros e Correções Monetárias; Remuneração de Depósitos Bancários; Não se aplica; Remun. Dep. Banc.vinculados - MDE/PDDE; Arrecadações; SECRETARIA DE EDUCAÇÃO; DIRETORIA DE ENSINO; SECRETARIA DE EDUCAÇÃO; R$ 0,00; R$ 0,00; R$ 0,00; R$ 0,00; R$ 25,50; R$ 94,23; R$ 0,00; 0.0
 13210101019911; Remun  Dep Banc  Vinculados- imp. Generica; Receitas Correntes; Receita Patrimonial; Valores Mobiliários; Remuneração de Depósitos Bancários - Principal; Juros e Correções Monetárias; Remuneração de Depósitos Bancários; ; Juros e Correções Monetárias; Remuneração de Depósitos Bancários; Não se aplica; Remun  Dep Banc  Vinculados- imp. Generica; Arrecadações; SECRETARIA DE ADMINISTRAÇÃO E FINANÇAS; SECRETARIA DE ADMINISTRAÇÃO E FINANÇAS; SECRETARIA DE ADMINISTRAÇÃO E FINANÇAS; R$ 0,00; R$ 0,00; R$ 0,00; R$ 0,00; R$ 28.591,18; R$ 117.158,15; R$ 0,00; 0.0
 13210101019910; Remun  Dep Banc  Vinculados- Alien. de Bens; Receitas Correntes; Receita Patrimonial; Valores Mobiliários; Remuneração de Depósitos Bancários - Principal; Juros e Correções Monetárias; Remuneração de Depósitos Bancários; ; Juros e Correções Monetárias; Remuneração de Depósitos Bancários; Não se aplica; Remun  Dep Banc  Vinculados- Alien. de Bens; Arrecadações; SECRETARIA DE ADMINISTRAÇÃO E FINANÇAS; SECRETARIA DE ADMINISTRAÇÃO E FINANÇAS; SECRETARIA DE ADMINISTRAÇÃO E FINANÇAS; R$ 0,00; R$ 0,00; R$ 0,00; R$ 0,00; R$ 7.123,74; R$ 29.320,27; R$ 0,00; 0.0
 13210101019901; Rec. de Remun. Dep. Banc./Vinc. - Rec. CIDE; Receitas Correntes; Receita Patrimonial; Valores Mobiliários; Remuneração de Depósitos Bancários - Principal; Juros e Correções Monetárias; Remuneração de Depósitos Bancários; ; Juros e Correções Monetárias; Remuneração de Depósitos Bancários; Não se aplica; Rec. de Remun. Dep. Banc./Vinc. - Rec. CIDE; Arrecadações; SECRETARIA DE OBRAS E SERVIÇOS URBANOS; DIRETORIA DE OBRAS; SECRETARIA DE OBRAS E SERVIÇOS URBANOS; R$ 0,00; R$ 0,00; R$ 0,00; R$ 0,00; R$ 155,80; R$ 1.085,14; R$ 0,00; 0.0
 13210101010201; Rec. de Remun. Dep. Banc/Vinculados- Recursos do FNDE/PNAE; Receitas Correntes; Receita Patrimonial; Valores Mobiliários; Remuneração de Depósitos Bancários - Principal; Juros e Correções Monetárias; Remuneração de Depósitos Bancários; ; Juros e Correções Monetárias; Remuneração de Depósitos Bancários; Não se aplica; Rec. de Remun. Dep. Banc/Vinculados- Recursos do FNDE/PNAE; Arrecadações; SECRETARIA DE EDUCAÇÃO; DIRETORIA DE ENSINO; SECRETARIA DE EDUCAÇÃO; R$ 0,00; R$ 0,00; R$ 0,00; R$ 0,00; R$ 936,12; R$ 5.074,68; R$ 0,00; 0.0
 13210101019913; Remun Dep Banc Vinculados- covid EPI; Receitas Correntes; Receita Patrimonial; Valores Mobiliários; Remuneração de Depósitos Bancários - Principal; Juros e Correções Monetárias; Remuneração de Depósitos Bancários; ; Juros e Correções Monetárias; Remuneração de Depósitos Bancários; Não se aplica; Remun Dep Banc Vinculados- covid EPI; Arrecadações; SECRETARIA DE ADMINISTRAÇÃO E FINANÇAS; SECRETARIA DE ADMINISTRAÇÃO E FINANÇAS; SECRETARIA DE ADMINISTRAÇÃO E FINANÇAS; R$ 0,00; R$ 0,00; R$ 0,00; R$ 0,00; R$ 2,02; R$ 15,69; R$ 0,00; 0.0
 13210101019914; Remun Dep Banc Vinculados- Covid Acolhimento; Receitas Correntes; Receita Patrimonial; Valores Mobiliários; Remuneração de Depósitos Bancários - Principal; Juros e Correções Monetárias; Remuneração de Depósitos Bancários; ; Juros e Correções Monetárias; Remuneração de Depósitos Bancários; Não se aplica; Remun Dep Banc Vinculados- Covid Acolhimento; Arrecadações; SECRETARIA DE ADMINISTRAÇÃO E FINANÇAS; SECRETARIA DE ADMINISTRAÇÃO E FINANÇAS; SECRETARIA DE ADMINISTRAÇÃO E FINANÇAS; R$ 0,00; R$ 0,00; R$ 0,00; R$ 0,00; R$ 1,10; R$ 8,58; R$ 0,00; 0.0
 13210101019902; Rec.de Remun. Dep. Banc. Vinculados - Rec. COSIP; Receitas Correntes; Receita Patrimonial; Valores Mobiliários; Remuneração de Depósitos Bancários - Principal; Juros e Correções Monetárias; Remuneração de Depósitos Bancários; ; Juros e Correções Monetárias; Remuneração de Depósitos Bancários; Não se aplica; Rec.de Remun. Dep. Banc. Vinculados - Rec. COSIP; Arrecadações; SECRETARIA DE OBRAS E SERVIÇOS URBANOS; SERVIÇO AUTONOMO DE AGUA E ESGOTO - SAMAE; SECRETARIA DE OBRAS E SERVIÇOS URBANOS; R$ 0,00; R$ 0,00; R$ 0,00; R$ 0,00; R$ 18.746,63; R$ 126.578,97; R$ 0,00; 0.0
 13210101010201; Rec. de Remun. Dep. Banc/Vinculados- Recursos do FNDE/PNAE; Receitas Correntes; Receita Patrimonial; Valores Mobiliários; Remuneração de Depósitos Bancários - Principal; Juros e Correções Monetárias; Remuneração de Depósitos Bancários; ; Juros e Correções Monetárias; Remuneração de Depósitos Bancários; Não se aplica; Rec. de Remun. Dep. Banc/Vinculados- Recursos do FNDE/PNAE; Arrecadações; SECRETARIA DE EDUCAÇÃO; DIRETORIA DE ENSINO; SECRETARIA DE EDUCAÇÃO; R$ 0,00; R$ 0,00; R$ 0,00; R$ 0,00; R$ 247,06; R$ 6.568,19; R$ 0,00; 0.0
 13210101019901; Rec. de Remun. Dep. Banc./Vinc. - Rec. CIDE; Receitas Correntes; Receita Patrimonial; Valores Mobiliários; Remuneração de Depósitos Bancários - Principal; Juros e Correções Monetárias; Remuneração de Depósitos Bancários; ; Juros e Correções Monetárias; Remuneração de Depósitos Bancários; Não se aplica; Rec. de Remun. Dep. Banc./Vinc. - Rec. CIDE; Arrecadações; SECRETARIA DE OBRAS E SERVIÇOS URBANOS; DIRETORIA DE OBRAS; SECRETARIA DE OBRAS E SERVIÇOS URBANOS; R$ 0,00; R$ 0,00; R$ 0,00; R$ 0,00; R$ 41,75; R$ 1.314,50; R$ 0,00; 0.0
 13210101019914; Remun Dep Banc Vinculados- Covid Acolhimento; Receitas Correntes; Receita Patrimonial; Valores Mobiliários; Remuneração de Depósitos Bancários - Principal; Juros e Correções Monetárias; Remuneração de Depósitos Bancários; ; Juros e Correções Monetárias; Remuneração de Depósitos Bancários; Não se aplica; Remun Dep Banc Vinculados- Covid Acolhimento; Arrecadações; SECRETARIA DE ADMINISTRAÇÃO E FINANÇAS; SECRETARIA DE ADMINISTRAÇÃO E FINANÇAS; SECRETARIA DE ADMINISTRAÇÃO E FINANÇAS; R$ 0,00; R$ 0,00; R$ 0,00; R$ 0,00; R$ 1,24; R$ 13,12; R$ 0,00; 0.0
 13210101019911; Remun  Dep Banc  Vinculados- imp. Generica; Receitas Correntes; Receita Patrimonial; Valores Mobiliários; Remuneração de Depósitos Bancários - Principal; Juros e Correções Monetárias; Remuneração de Depósitos Bancários; ; Juros e Correções Monetárias; Remuneração de Depósitos Bancários; Não se aplica; Remun  Dep Banc  Vinculados- imp. Generica; Arrecadações; SECRETARIA DE ADMINISTRAÇÃO E FINANÇAS; SECRETARIA DE ADMINISTRAÇÃO E FINANÇAS; SECRETARIA DE ADMINISTRAÇÃO E FINANÇAS; R$ 0,00; R$ 0,00; R$ 0,00; R$ 0,00; R$ 19.611,27; R$ 200.681,82; R$ 0,00; 0.0
 13210101019907; Rec.de Remun. Dep. Banc. Vinculados - Rec. FEP; Receitas Correntes; Receita Patrimonial; Valores Mobiliários; Remuneração de Depósitos Bancários - Principal; Juros e Correções Monetárias; Remuneração de Depósitos Bancários; ; Juros e Correções Monetárias; Remuneração de Depósitos Bancários; Não se aplica; Rec.de Remun. Dep. Banc. Vinculados - Rec. FEP; Arrecadações; SECRETARIA DE OBRAS E SERVIÇOS URBANOS; DIRETORIA DE OBRAS; SECRETARIA DE OBRAS E SERVIÇOS URBANOS; R$ 0,00; R$ 0,00; R$ 0,00; R$ 0,00; R$ 153,28; R$ 2.305,81; R$ 0,00; 0.0
 13210101019913; Remun Dep Banc Vinculados- covid EPI; Receitas Correntes; Receita Patrimonial; Valores Mobiliários; Remuneração de Depósitos Bancários - Principal; Juros e Correções Monetárias; Remuneração de Depósitos Bancários; ; Juros e Correções Monetárias; Remuneração de Depósitos Bancários; Não se aplica; Remun Dep Banc Vinculados- covid EPI; Arrecadações; SECRETARIA DE ADMINISTRAÇÃO E FINANÇAS; SECRETARIA DE ADMINISTRAÇÃO E FINANÇAS; SECRETARIA DE ADMINISTRAÇÃO E FINANÇAS; R$ 0,00; R$ 0,00; R$ 0,00; R$ 0,00; R$ 2,25; R$ 23,98; R$ 0,00; 0.0
 13210101019910; Remun  Dep Banc  Vinculados- Alien. de Bens; Receitas Correntes; Receita Patrimonial; Valores Mobiliários; Remuneração de Depósitos Bancários - Principal; Juros e Correções Monetárias; Remuneração de Depósitos Bancários; ; Juros e Correções Monetárias; Remuneração de Depósitos Bancários; Não se aplica; Remun  Dep Banc  Vinculados- Alien. de Bens; Arrecadações; SECRETARIA DE ADMINISTRAÇÃO E FINANÇAS; SECRETARIA DE ADMINISTRAÇÃO E FINANÇAS; SECRETARIA DE ADMINISTRAÇÃO E FINANÇAS; R$ 0,00; R$ 0,00; R$ 0,00; R$ 0,00; R$ 6.281,15; R$ 55.184,84; R$ 0,00; 0.0
 13210101010205; Remun. Dep. Banc.vinculados - MDE/PDDE; Receitas Correntes; Receita Patrimonial; Valores Mobiliários; Remuneração de Depósitos Bancários - Principal; Juros e Correções Monetárias; Remuneração de Depósitos Bancários; ; Juros e Correções Monetárias; Remuneração de Depósitos Bancários; Não se aplica; Remun. Dep. Banc.vinculados - MDE/PDDE; Arrecadações; SECRETARIA DE EDUCAÇÃO; DIRETORIA DE ENSINO; SECRETARIA DE EDUCAÇÃO; R$ 0,00; R$ 0,00; R$ 0,00; R$ 0,00; R$ 2,36; R$ 105,27; R$ 0,00; 0.0
 13210101019912; Remun  Dep Banc  Vinculados- Imp. Educação; Receitas Correntes; Receita Patrimonial; Valores Mobiliários; Remuneração de Depósitos Bancários - Principal; Juros e Correções Monetárias; Remuneração de Depósitos Bancários; ; Juros e Correções Monetárias; Remuneração de Depósitos Bancários; Não se aplica; Remun  Dep Banc  Vinculados- Imp. Educação; Arrecadações; SECRETARIA DE EDUCAÇÃO; DIRETORIA DE ENSINO; SECRETARIA DE EDUCAÇÃO; R$ 0,00; R$ 0,00; R$ 0,00; R$ 0,00; R$ 4.102,85; R$ 44.204,86; R$ 0,00; 0.0
 13210101019902; Rec.de Remun. Dep. Banc. Vinculados - Rec. COSIP; Receitas Correntes; Receita Patrimonial; Valores Mobiliários; Remuneração de Depósitos Bancários - Principal; Juros e Correções Monetárias; Remuneração de Depósitos Bancários; ; Juros e Correções Monetárias; Remuneração de Depósitos Bancários; Não se aplica; Rec.de Remun. Dep. Banc. Vinculados - Rec. COSIP; Arrecadações; SECRETARIA DE OBRAS E SERVIÇOS URBANOS; SERVIÇO AUTONOMO DE AGUA E ESGOTO - SAMAE; SECRETARIA DE OBRAS E SERVIÇOS URBANOS; R$ 0,00; R$ 0,00; R$ 0,00; R$ 0,00; R$ 19.923,97; R$ 202.663,92; R$ 0,00; 0.0
 13210101010201; Rec. de Remun. Dep. Banc/Vinculados- Recursos do FNDE/PNAE; Receitas Correntes; Receita Patrimonial; Valores Mobiliários; Remuneração de Depósitos Bancários - Principal; Juros e Correções Monetárias; Remuneração de Depósitos Bancários; ; Juros e Correções Monetárias; Remuneração de Depósitos Bancários; Não se aplica; Rec. de Remun. Dep. Banc/Vinculados- Recursos do FNDE/PNAE; Arrecadações; SECRETARIA DE EDUCAÇÃO; DIRETORIA DE ENSINO; SECRETARIA DE EDUCAÇÃO; R$ 0,00; R$ 0,00; R$ 0,00; R$ 0,00; R$ 154,55; R$ 6.722,74; R$ 0,00; 0.0
 13210101019915; Remun Dep Banc Vinculados- Lei Aldir Blanc; Receitas Correntes; Receita Patrimonial; Valores Mobiliários; Remuneração de Depósitos Bancários - Principal; Juros e Correções Monetárias; Remuneração de Depósitos Bancários; ; Juros e Correções Monetárias; Remuneração de Depósitos Bancários; Não se aplica; Remun Dep Banc Vinculados- Lei Aldir Blanc; Arrecadações; SECRETARIA DE CULTURA; DIRETORIA DE CULTURA; SECRETARIA DE CULTURA; R$ 0,00; R$ 0,00; R$ 0,00; R$ 0,00; R$ 906,91; R$ 8.189,66; R$ 0,00; 0.0
 13210101010204; Rec. de Remun. Dep. Banc/Vinculados Rec. FNDE/B. Carinhoso; Receitas Correntes; Receita Patrimonial; Valores Mobiliários; Remuneração de Depósitos Bancários - Principal; Juros e Correções Monetárias; Remuneração de Depósitos Bancários; ; Juros e Correções Monetárias; Remuneração de Depósitos Bancários; Não se aplica; Rec. de Remun. Dep. Banc/Vinculados Rec. FNDE/B. Carinhoso; Arrecadações; SECRETARIA DE EDUCAÇÃO; DIRETORIA DE ENSINO; SECRETARIA DE EDUCAÇÃO; R$ 0,00; R$ 0,00; R$ 0,00; R$ 0,00; R$ 0,26; R$ 0,26; R$ 0,00; 0.0
 13210101010404; Rec. de Remun. Dep. Banc/Vinculados-  FMAS - FEAS Assist. Básica; Receitas Correntes; Receita Patrimonial; Valores Mobiliários; Remuneração de Depósitos Bancários - Principal; Juros e Correções Monetárias; Remuneração de Depósitos Bancários; ; Juros e Correções Monetárias; Remuneração de Depósitos Bancários; Não se aplica; Rec. de Remun. Dep. Banc/Vinculados-  FMAS - FEAS Assist. Básica; Arrecadações; SECRETARIA DE DESENVOLVIMENTO SOCIAL E HABITAÇÃO; FUNDO MUNICIPAL DE ASSISTENCIA SOCIAL; SECRETARIA DE DESENVOLVIMENTO SOCIAL E HABITAÇÃO; R$ 0,00; R$ 0,00; R$ 0,00; R$ 0,00; R$ 294,46; R$ 294,46; R$ 0,00; 0.0
 13210101010407; Rec. de Remun. Dep. Banc/Vinculados-  FMAS/FNAS- FEAS BENF. EVENTUAIS; Receitas Correntes; Receita Patrimonial; Valores Mobiliários; Remuneração de Depósitos Bancários - Principal; Juros e Correções Monetárias; Remuneração de Depósitos Bancários; ; Juros e Correções Monetárias; Remuneração de Depósitos Bancários; Não se aplica; Rec. de Remun. Dep. Banc/Vinculados-  FMAS/FNAS- FEAS BENF. EVENTUAIS; Arrecadações; SECRETARIA DE DESENVOLVIMENTO SOCIAL E HABITAÇÃO; FUNDO MUNICIPAL DE ASSISTENCIA SOCIAL; SECRETARIA DE DESENVOLVIMENTO SOCIAL E HABITAÇÃO; R$ 0,00; R$ 0,00; R$ 0,00; R$ 0,00; R$ 77,49; R$ 77,49; R$ 0,00; 0.0
 13210101019904; Rec.de Remun. Dep. Banc. Vinculados - Conv. Transito Pref.; Receitas Correntes; Receita Patrimonial; Valores Mobiliários; Remuneração de Depósitos Bancários - Principal; Juros e Correções Monetárias; Remuneração de Depósitos Bancários; ; Juros e Correções Monetárias; Remuneração de Depósitos Bancários; Não se aplica; Rec.de Remun. Dep. Banc. Vinculados - Conv. Transito Pref.; Arrecadações; SECRETARIA DE ADMINISTRAÇÃO E FINANÇAS; SECRETARIA DE ADMINISTRAÇÃO E FINANÇAS; SECRETARIA DE ADMINISTRAÇÃO E FINANÇAS; R$ 0,00; R$ 0,00; R$ 0,00; R$ 0,00; R$ 598,74; R$ 598,74; R$ 0,00; 0.0
 13210101010204; Rec. de Remun. Dep. Banc/Vinculados Rec. FNDE/B. Carinhoso; Receitas Correntes; Receita Patrimonial; Valores Mobiliários; Remuneração de Depósitos Bancários - Principal; Juros e Correções Monetárias; Remuneração de Depósitos Bancários; ; Juros e Correções Monetárias; Remuneração de Depósitos Bancários; Não se aplica; Rec. de Remun. Dep. Banc/Vinculados Rec. FNDE/B. Carinhoso; Arrecadações; SECRETARIA DE EDUCAÇÃO; DIRETORIA DE ENSINO; SECRETARIA DE EDUCAÇÃO; R$ 0,00; R$ 0,00; R$ 0,00; R$ 0,00; R$ 0,23; R$ 1,87; R$ 0,00; 0.0
 13210101019904; Rec.de Remun. Dep. Banc. Vinculados - Conv. Transito Pref.; Receitas Correntes; Receita Patrimonial; Valores Mobiliários; Remuneração de Depósitos Bancários - Principal; Juros e Correções Monetárias; Remuneração de Depósitos Bancários; ; Juros e Correções Monetárias; Remuneração de Depósitos Bancários; Não se aplica; Rec.de Remun. Dep. Banc. Vinculados - Conv. Transito Pref.; Arrecadações; SECRETARIA DE ADMINISTRAÇÃO E FINANÇAS; SECRETARIA DE ADMINISTRAÇÃO E FINANÇAS; SECRETARIA DE ADMINISTRAÇÃO E FINANÇAS; R$ 0,00; R$ 0,00; R$ 0,00; R$ 0,00; R$ 408,74; R$ 3.954,49; R$ 0,00; 0.0
 13210101010404; Rec. de Remun. Dep. Banc/Vinculados-  FMAS - FEAS Assist. Básica; Receitas Correntes; Receita Patrimonial; Valores Mobiliários; Remuneração de Depósitos Bancários - Principal; Juros e Correções Monetárias; Remuneração de Depósitos Bancários; ; Juros e Correções Monetárias; Remuneração de Depósitos Bancários; Não se aplica; Rec. de Remun. Dep. Banc/Vinculados-  FMAS - FEAS Assist. Básica; Arrecadações; SECRETARIA DE DESENVOLVIMENTO SOCIAL E HABITAÇÃO; FUNDO MUNICIPAL DE ASSISTENCIA SOCIAL; SECRETARIA DE DESENVOLVIMENTO SOCIAL E HABITAÇÃO; R$ 0,00; R$ 0,00; R$ 0,00; R$ 0,00; R$ 309,47; R$ 1.607,38; R$ 0,00; 0.0
 13210101010404; Rec. de Remun. Dep. Banc/Vinculados-  FMAS - FEAS Assist. Básica; Receitas Correntes; Receita Patrimonial; Valores Mobiliários; Remuneração de Depósitos Bancários - Principal; Juros e Correções Monetárias; Remuneração de Depósitos Bancários; ; Juros e Correções Monetárias; Remuneração de Depósitos Bancários; Não se aplica; Rec. de Remun. Dep. Banc/Vinculados-  FMAS - FEAS Assist. Básica; Arrecadações; SECRETARIA DE DESENVOLVIMENTO SOCIAL E HABITAÇÃO; FUNDO MUNICIPAL DE ASSISTENCIA SOCIAL; SECRETARIA DE DESENVOLVIMENTO SOCIAL E HABITAÇÃO; R$ 0,00; R$ 0,00; R$ 0,00; R$ 0,00; R$ 298,69; R$ 1.906,07; R$ 0,00; 0.0
 13210101010204; Rec. de Remun. Dep. Banc/Vinculados Rec. FNDE/B. Carinhoso; Receitas Correntes; Receita Patrimonial; Valores Mobiliários; Remuneração de Depósitos Bancários - Principal; Juros e Correções Monetárias; Remuneração de Depósitos Bancários; ; Juros e Correções Monetárias; Remuneração de Depósitos Bancários; Não se aplica; Rec. de Remun. Dep. Banc/Vinculados Rec. FNDE/B. Carinhoso; Arrecadações; SECRETARIA DE EDUCAÇÃO; DIRETORIA DE ENSINO; SECRETARIA DE EDUCAÇÃO; R$ 0,00; R$ 0,00; R$ 0,00; R$ 0,00; R$ 0,23; R$ 2,10; R$ 0,00; 0.0
 13210101019904; Rec.de Remun. Dep. Banc. Vinculados - Conv. Transito Pref.; Receitas Correntes; Receita Patrimonial; Valores Mobiliários; Remuneração de Depósitos Bancários - Principal; Juros e Correções Monetárias; Remuneração de Depósitos Bancários; ; Juros e Correções Monetárias; Remuneração de Depósitos Bancários; Não se aplica; Rec.de Remun. Dep. Banc. Vinculados - Conv. Transito Pref.; Arrecadações; SECRETARIA DE ADMINISTRAÇÃO E FINANÇAS; SECRETARIA DE ADMINISTRAÇÃO E FINANÇAS; SECRETARIA DE ADMINISTRAÇÃO E FINANÇAS; R$ 0,00; R$ 0,00; R$ 0,00; R$ 0,00; R$ 456,36; R$ 4.410,85; R$ 0,00; 0.0
 13210101010407; Rec. de Remun. Dep. Banc/Vinculados-  FMAS/FNAS- FEAS BENF. EVENTUAIS; Receitas Correntes; Receita Patrimonial; Valores Mobiliários; Remuneração de Depósitos Bancários - Principal; Juros e Correções Monetárias; Remuneração de Depósitos Bancários; ; Juros e Correções Monetárias; Remuneração de Depósitos Bancários; Não se aplica; Rec. de Remun. Dep. Banc/Vinculados-  FMAS/FNAS- FEAS BENF. EVENTUAIS; Arrecadações; SECRETARIA DE DESENVOLVIMENTO SOCIAL E HABITAÇÃO; FUNDO MUNICIPAL DE ASSISTENCIA SOCIAL; SECRETARIA DE DESENVOLVIMENTO SOCIAL E HABITAÇÃO; R$ 0,00; R$ 0,00; R$ 0,00; R$ 0,00; R$ 19,74; R$ 638,67; R$ 0,00; 0.0
 13210101019904; Rec.de Remun. Dep. Banc. Vinculados - Conv. Transito Pref.; Receitas Correntes; Receita Patrimonial; Valores Mobiliários; Remuneração de Depósitos Bancários - Principal; Juros e Correções Monetárias; Remuneração de Depósitos Bancários; ; Juros e Correções Monetárias; Remuneração de Depósitos Bancários; Não se aplica; Rec.de Remun. Dep. Banc. Vinculados - Conv. Transito Pref.; Arrecadações; SECRETARIA DE ADMINISTRAÇÃO E FINANÇAS; SECRETARIA DE ADMINISTRAÇÃO E FINANÇAS; SECRETARIA DE ADMINISTRAÇÃO E FINANÇAS; R$ 0,00; R$ 0,00; R$ 0,00; R$ 0,00; R$ 316,93; R$ 4.727,78; R$ 0,00; 0.0
 13210101010404; Rec. de Remun. Dep. Banc/Vinculados-  FMAS - FEAS Assist. Básica; Receitas Correntes; Receita Patrimonial; Valores Mobiliários; Remuneração de Depósitos Bancários - Principal; Juros e Correções Monetárias; Remuneração de Depósitos Bancários; ; Juros e Correções Monetárias; Remuneração de Depósitos Bancários; Não se aplica; Rec. de Remun. Dep. Banc/Vinculados-  FMAS - FEAS Assist. Básica; Arrecadações; SECRETARIA DE DESENVOLVIMENTO SOCIAL E HABITAÇÃO; FUNDO MUNICIPAL DE ASSISTENCIA SOCIAL; SECRETARIA DE DESENVOLVIMENTO SOCIAL E HABITAÇÃO; R$ 0,00; R$ 0,00; R$ 0,00; R$ 0,00; R$ 443,63; R$ 2.349,70; R$ 0,00; 0.0
 13210101010204; Rec. de Remun. Dep. Banc/Vinculados Rec. FNDE/B. Carinhoso; Receitas Correntes; Receita Patrimonial; Valores Mobiliários; Remuneração de Depósitos Bancários - Principal; Juros e Correções Monetárias; Remuneração de Depósitos Bancários; ; Juros e Correções Monetárias; Remuneração de Depósitos Bancários; Não se aplica; Rec. de Remun. Dep. Banc/Vinculados Rec. FNDE/B. Carinhoso; Arrecadações; SECRETARIA DE EDUCAÇÃO; DIRETORIA DE ENSINO; SECRETARIA DE EDUCAÇÃO; R$ 0,00; R$ 0,00; R$ 0,00; R$ 0,00; R$ 0,27; R$ 2,37; R$ 0,00; 0.0
 13210101010407; Rec. de Remun. Dep. Banc/Vinculados-  FMAS/FNAS- FEAS BENF. EVENTUAIS; Receitas Correntes; Receita Patrimonial; Valores Mobiliários; Remuneração de Depósitos Bancários - Principal; Juros e Correções Monetárias; Remuneração de Depósitos Bancários; ; Juros e Correções Monetárias; Remuneração de Depósitos Bancários; Não se aplica; Rec. de Remun. Dep. Banc/Vinculados-  FMAS/FNAS- FEAS BENF. EVENTUAIS; Arrecadações; SECRETARIA DE DESENVOLVIMENTO SOCIAL E HABITAÇÃO; FUNDO MUNICIPAL DE ASSISTENCIA SOCIAL; SECRETARIA DE DESENVOLVIMENTO SOCIAL E HABITAÇÃO; R$ 0,00; R$ 0,00; R$ 0,00; R$ 0,00; R$ 103,13; R$ 741,80; R$ 0,00; 0.0
 13210101010404; Rec. de Remun. Dep. Banc/Vinculados-  FMAS - FEAS Assist. Básica; Receitas Correntes; Receita Patrimonial; Valores Mobiliários; Remuneração de Depósitos Bancários - Principal; Juros e Correções Monetárias; Remuneração de Depósitos Bancários; ; Juros e Correções Monetárias; Remuneração de Depósitos Bancários; Não se aplica; Rec. de Remun. Dep. Banc/Vinculados-  FMAS - FEAS Assist. Básica; Arrecadações; SECRETARIA DE DESENVOLVIMENTO SOCIAL E HABITAÇÃO; FUNDO MUNICIPAL DE ASSISTENCIA SOCIAL; SECRETARIA DE DESENVOLVIMENTO SOCIAL E HABITAÇÃO; R$ 0,00; R$ 0,00; R$ 0,00; R$ 0,00; R$ 344,98; R$ 2.694,68; R$ 0,00; 0.0
 13210101019904; Rec.de Remun. Dep. Banc. Vinculados - Conv. Transito Pref.; Receitas Correntes; Receita Patrimonial; Valores Mobiliários; Remuneração de Depósitos Bancários - Principal; Juros e Correções Monetárias; Remuneração de Depósitos Bancários; ; Juros e Correções Monetárias; Remuneração de Depósitos Bancários; Não se aplica; Rec.de Remun. Dep. Banc. Vinculados - Conv. Transito Pref.; Arrecadações; SECRETARIA DE ADMINISTRAÇÃO E FINANÇAS; SECRETARIA DE ADMINISTRAÇÃO E FINANÇAS; SECRETARIA DE ADMINISTRAÇÃO E FINANÇAS; R$ 0,00; R$ 0,00; R$ 0,00; R$ 0,00; R$ 93,67; R$ 4.821,45; R$ 0,00; 0.0
 13210101010204; Rec. de Remun. Dep. Banc/Vinculados Rec. FNDE/B. Carinhoso; Receitas Correntes; Receita Patrimonial; Valores Mobiliários; Remuneração de Depósitos Bancários - Principal; Juros e Correções Monetárias; Remuneração de Depósitos Bancários; ; Juros e Correções Monetárias; Remuneração de Depósitos Bancários; Não se aplica; Rec. de Remun. Dep. Banc/Vinculados Rec. FNDE/B. Carinhoso; Arrecadações; SECRETARIA DE EDUCAÇÃO; DIRETORIA DE ENSINO; SECRETARIA DE EDUCAÇÃO; R$ 0,00; R$ 0,00; R$ 0,00; R$ 0,00; R$ 0,22; R$ 2,59; R$ 0,00; 0.0
 13210101010407; Rec. de Remun. Dep. Banc/Vinculados-  FMAS/FNAS- FEAS BENF. EVENTUAIS; Receitas Correntes; Receita Patrimonial; Valores Mobiliários; Remuneração de Depósitos Bancários - Principal; Juros e Correções Monetárias; Remuneração de Depósitos Bancários; ; Juros e Correções Monetárias; Remuneração de Depósitos Bancários; Não se aplica; Rec. de Remun. Dep. Banc/Vinculados-  FMAS/FNAS- FEAS BENF. EVENTUAIS; Arrecadações; SECRETARIA DE DESENVOLVIMENTO SOCIAL E HABITAÇÃO; FUNDO MUNICIPAL DE ASSISTENCIA SOCIAL; SECRETARIA DE DESENVOLVIMENTO SOCIAL E HABITAÇÃO; R$ 0,00; R$ 0,00; R$ 0,00; R$ 0,00; R$ 44,67; R$ 786,47; R$ 0,00; 0.0
 13210101010404; Rec. de Remun. Dep. Banc/Vinculados-  FMAS - FEAS Assist. Básica; Receitas Correntes; Receita Patrimonial; Valores Mobiliários; Remuneração de Depósitos Bancários - Principal; Juros e Correções Monetárias; Remuneração de Depósitos Bancários; ; Juros e Correções Monetárias; Remuneração de Depósitos Bancários; Não se aplica; Rec. de Remun. Dep. Banc/Vinculados-  FMAS - FEAS Assist. Básica; Arrecadações; SECRETARIA DE DESENVOLVIMENTO SOCIAL E HABITAÇÃO; FUNDO MUNICIPAL DE ASSISTENCIA SOCIAL; SECRETARIA DE DESENVOLVIMENTO SOCIAL E HABITAÇÃO; R$ 0,00; R$ 0,00; R$ 0,00; R$ 0,00; R$ 250,08; R$ 2.944,76; R$ 0,00; 0.0
 13210101010204; Rec. de Remun. Dep. Banc/Vinculados Rec. FNDE/B. Carinhoso; Receitas Correntes; Receita Patrimonial; Valores Mobiliários; Remuneração de Depósitos Bancários - Principal; Juros e Correções Monetárias; Remuneração de Depósitos Bancários; ; Juros e Correções Monetárias; Remuneração de Depósitos Bancários; Não se aplica; Rec. de Remun. Dep. Banc/Vinculados Rec. FNDE/B. Carinhoso; Arrecadações; SECRETARIA DE EDUCAÇÃO; DIRETORIA DE ENSINO; SECRETARIA DE EDUCAÇÃO; R$ 0,00; R$ 0,00; R$ 0,00; R$ 0,00; R$ 0,26; R$ 2,85; R$ 0,00; 0.0
 13210101010407; Rec. de Remun. Dep. Banc/Vinculados-  FMAS/FNAS- FEAS BENF. EVENTUAIS; Receitas Correntes; Receita Patrimonial; Valores Mobiliários; Remuneração de Depósitos Bancários - Principal; Juros e Correções Monetárias; Remuneração de Depósitos Bancários; ; Juros e Correções Monetárias; Remuneração de Depósitos Bancários; Não se aplica; Rec. de Remun. Dep. Banc/Vinculados-  FMAS/FNAS- FEAS BENF. EVENTUAIS; Arrecadações; SECRETARIA DE DESENVOLVIMENTO SOCIAL E HABITAÇÃO; FUNDO MUNICIPAL DE ASSISTENCIA SOCIAL; SECRETARIA DE DESENVOLVIMENTO SOCIAL E HABITAÇÃO; R$ 0,00; R$ 0,00; R$ 0,00; R$ 0,00; R$ 24,26; R$ 810,73; R$ 0,00; 0.0
 13210101019904; Rec.de Remun. Dep. Banc. Vinculados - Conv. Transito Pref.; Receitas Correntes; Receita Patrimonial; Valores Mobiliários; Remuneração de Depósitos Bancários - Principal; Juros e Correções Monetárias; Remuneração de Depósitos Bancários; ; Juros e Correções Monetárias; Remuneração de Depósitos Bancários; Não se aplica; Rec.de Remun. Dep. Banc. Vinculados - Conv. Transito Pref.; Arrecadações; SECRETARIA DE ADMINISTRAÇÃO E FINANÇAS; SECRETARIA DE ADMINISTRAÇÃO E FINANÇAS; SECRETARIA DE ADMINISTRAÇÃO E FINANÇAS; R$ 0,00; R$ 0,00; R$ 0,00; R$ 0,00; R$ 42,76; R$ 4.864,21; R$ 0,00; 0.0
 13210101010407; Rec. de Remun. Dep. Banc/Vinculados-  FMAS/FNAS- FEAS BENF. EVENTUAIS; Receitas Correntes; Receita Patrimonial; Valores Mobiliários; Remuneração de Depósitos Bancários - Principal; Juros e Correções Monetárias; Remuneração de Depósitos Bancários; ; Juros e Correções Monetárias; Remuneração de Depósitos Bancários; Não se aplica; Rec. de Remun. Dep. Banc/Vinculados-  FMAS/FNAS- FEAS BENF. EVENTUAIS; Arrecadações; SECRETARIA DE DESENVOLVIMENTO SOCIAL E HABITAÇÃO; FUNDO MUNICIPAL DE ASSISTENCIA SOCIAL; SECRETARIA DE DESENVOLVIMENTO SOCIAL E HABITAÇÃO; R$ 0,00; R$ 0,00; R$ 0,00; R$ 0,00; R$ 63,39; R$ 140,88; R$ 0,00; 0.0
 13210101010404; Rec. de Remun. Dep. Banc/Vinculados-  FMAS - FEAS Assist. Básica; Receitas Correntes; Receita Patrimonial; Valores Mobiliários; Remuneração de Depósitos Bancários - Principal; Juros e Correções Monetárias; Remuneração de Depósitos Bancários; ; Juros e Correções Monetárias; Remuneração de Depósitos Bancários; Não se aplica; Rec. de Remun. Dep. Banc/Vinculados-  FMAS - FEAS Assist. Básica; Arrecadações; SECRETARIA DE DESENVOLVIMENTO SOCIAL E HABITAÇÃO; FUNDO MUNICIPAL DE ASSISTENCIA SOCIAL; SECRETARIA DE DESENVOLVIMENTO SOCIAL E HABITAÇÃO; R$ 0,00; R$ 0,00; R$ 0,00; R$ 0,00; R$ 161,20; R$ 455,66; R$ 0,00; 0.0
 13210101019904; Rec.de Remun. Dep. Banc. Vinculados - Conv. Transito Pref.; Receitas Correntes; Receita Patrimonial; Valores Mobiliários; Remuneração de Depósitos Bancários - Principal; Juros e Correções Monetárias; Remuneração de Depósitos Bancários; ; Juros e Correções Monetárias; Remuneração de Depósitos Bancários; Não se aplica; Rec.de Remun. Dep. Banc. Vinculados - Conv. Transito Pref.; Arrecadações; SECRETARIA DE ADMINISTRAÇÃO E FINANÇAS; SECRETARIA DE ADMINISTRAÇÃO E FINANÇAS; SECRETARIA DE ADMINISTRAÇÃO E FINANÇAS; R$ 0,00; R$ 0,00; R$ 0,00; R$ 0,00; R$ 495,81; R$ 1.094,55; R$ 0,00; 0.0
 13210101010204; Rec. de Remun. Dep. Banc/Vinculados Rec. FNDE/B. Carinhoso; Receitas Correntes; Receita Patrimonial; Valores Mobiliários; Remuneração de Depósitos Bancários - Principal; Juros e Correções Monetárias; Remuneração de Depósitos Bancários; ; Juros e Correções Monetárias; Remuneração de Depósitos Bancários; Não se aplica; Rec. de Remun. Dep. Banc/Vinculados Rec. FNDE/B. Carinhoso; Arrecadações; SECRETARIA DE EDUCAÇÃO; DIRETORIA DE ENSINO; SECRETARIA DE EDUCAÇÃO; R$ 0,00; R$ 0,00; R$ 0,00; R$ 0,00; R$ 0,22; R$ 0,48; R$ 0,00; 0.0
 13210101010204; Rec. de Remun. Dep. Banc/Vinculados Rec. FNDE/B. Carinhoso; Receitas Correntes; Receita Patrimonial; Valores Mobiliários; Remuneração de Depósitos Bancários - Principal; Juros e Correções Monetárias; Remuneração de Depósitos Bancários; ; Juros e Correções Monetárias; Remuneração de Depósitos Bancários; Não se aplica; Rec. de Remun. Dep. Banc/Vinculados Rec. FNDE/B. Carinhoso; Arrecadações; SECRETARIA DE EDUCAÇÃO; DIRETORIA DE ENSINO; SECRETARIA DE EDUCAÇÃO; R$ 0,00; R$ 0,00; R$ 0,00; R$ 0,00; R$ 0,23; R$ 0,71; R$ 0,00; 0.0
 13210101010407; Rec. de Remun. Dep. Banc/Vinculados-  FMAS/FNAS- FEAS BENF. EVENTUAIS; Receitas Correntes; Receita Patrimonial; Valores Mobiliários; Remuneração de Depósitos Bancários - Principal; Juros e Correções Monetárias; Remuneração de Depósitos Bancários; ; Juros e Correções Monetárias; Remuneração de Depósitos Bancários; Não se aplica; Rec. de Remun. Dep. Banc/Vinculados-  FMAS/FNAS- FEAS BENF. EVENTUAIS; Arrecadações; SECRETARIA DE DESENVOLVIMENTO SOCIAL E HABITAÇÃO; FUNDO MUNICIPAL DE ASSISTENCIA SOCIAL; SECRETARIA DE DESENVOLVIMENTO SOCIAL E HABITAÇÃO; R$ 0,00; R$ 0,00; R$ 0,00; R$ 0,00; R$ 63,97; R$ 204,85; R$ 0,00; 0.0
 13210101010404; Rec. de Remun. Dep. Banc/Vinculados-  FMAS - FEAS Assist. Básica; Receitas Correntes; Receita Patrimonial; Valores Mobiliários; Remuneração de Depósitos Bancários - Principal; Juros e Correções Monetárias; Remuneração de Depósitos Bancários; ; Juros e Correções Monetárias; Remuneração de Depósitos Bancários; Não se aplica; Rec. de Remun. Dep. Banc/Vinculados-  FMAS - FEAS Assist. Básica; Arrecadações; SECRETARIA DE DESENVOLVIMENTO SOCIAL E HABITAÇÃO; FUNDO MUNICIPAL DE ASSISTENCIA SOCIAL; SECRETARIA DE DESENVOLVIMENTO SOCIAL E HABITAÇÃO; R$ 0,00; R$ 0,00; R$ 0,00; R$ 0,00; R$ 140,50; R$ 596,16; R$ 0,00; 0.0
 13210101019904; Rec.de Remun. Dep. Banc. Vinculados - Conv. Transito Pref.; Receitas Correntes; Receita Patrimonial; Valores Mobiliários; Remuneração de Depósitos Bancários - Principal; Juros e Correções Monetárias; Remuneração de Depósitos Bancários; ; Juros e Correções Monetárias; Remuneração de Depósitos Bancários; Não se aplica; Rec.de Remun. Dep. Banc. Vinculados - Conv. Transito Pref.; Arrecadações; SECRETARIA DE ADMINISTRAÇÃO E FINANÇAS; SECRETARIA DE ADMINISTRAÇÃO E FINANÇAS; SECRETARIA DE ADMINISTRAÇÃO E FINANÇAS; R$ 0,00; R$ 0,00; R$ 0,00; R$ 0,00; R$ 702,22; R$ 1.796,77; R$ 0,00; 0.0
 13210101010404; Rec. de Remun. Dep. Banc/Vinculados-  FMAS - FEAS Assist. Básica; Receitas Correntes; Receita Patrimonial; Valores Mobiliários; Remuneração de Depósitos Bancários - Principal; Juros e Correções Monetárias; Remuneração de Depósitos Bancários; ; Juros e Correções Monetárias; Remuneração de Depósitos Bancários; Não se aplica; Rec. de Remun. Dep. Banc/Vinculados-  FMAS - FEAS Assist. Básica; Arrecadações; SECRETARIA DE DESENVOLVIMENTO SOCIAL E HABITAÇÃO; FUNDO MUNICIPAL DE ASSISTENCIA SOCIAL; SECRETARIA DE DESENVOLVIMENTO SOCIAL E HABITAÇÃO; R$ 0,00; R$ 0,00; R$ 0,00; R$ 0,00; R$ 149,33; R$ 745,49; R$ 0,00; 0.0
 13210101010407; Rec. de Remun. Dep. Banc/Vinculados-  FMAS/FNAS- FEAS BENF. EVENTUAIS; Receitas Correntes; Receita Patrimonial; Valores Mobiliários; Remuneração de Depósitos Bancários - Principal; Juros e Correções Monetárias; Remuneração de Depósitos Bancários; ; Juros e Correções Monetárias; Remuneração de Depósitos Bancários; Não se aplica; Rec. de Remun. Dep. Banc/Vinculados-  FMAS/FNAS- FEAS BENF. EVENTUAIS; Arrecadações; SECRETARIA DE DESENVOLVIMENTO SOCIAL E HABITAÇÃO; FUNDO MUNICIPAL DE ASSISTENCIA SOCIAL; SECRETARIA DE DESENVOLVIMENTO SOCIAL E HABITAÇÃO; R$ 0,00; R$ 0,00; R$ 0,00; R$ 0,00; R$ 67,98; R$ 272,83; R$ 0,00; 0.0
 13210101010204; Rec. de Remun. Dep. Banc/Vinculados Rec. FNDE/B. Carinhoso; Receitas Correntes; Receita Patrimonial; Valores Mobiliários; Remuneração de Depósitos Bancários - Principal; Juros e Correções Monetárias; Remuneração de Depósitos Bancários; ; Juros e Correções Monetárias; Remuneração de Depósitos Bancários; Não se aplica; Rec. de Remun. Dep. Banc/Vinculados Rec. FNDE/B. Carinhoso; Arrecadações; SECRETARIA DE EDUCAÇÃO; DIRETORIA DE ENSINO; SECRETARIA DE EDUCAÇÃO; R$ 0,00; R$ 0,00; R$ 0,00; R$ 0,00; R$ 0,24; R$ 0,95; R$ 0,00; 0.0
 13210101019904; Rec.de Remun. Dep. Banc. Vinculados - Conv. Transito Pref.; Receitas Correntes; Receita Patrimonial; Valores Mobiliários; Remuneração de Depósitos Bancários - Principal; Juros e Correções Monetárias; Remuneração de Depósitos Bancários; ; Juros e Correções Monetárias; Remuneração de Depósitos Bancários; Não se aplica; Rec.de Remun. Dep. Banc. Vinculados - Conv. Transito Pref.; Arrecadações; SECRETARIA DE ADMINISTRAÇÃO E FINANÇAS; SECRETARIA DE ADMINISTRAÇÃO E FINANÇAS; SECRETARIA DE ADMINISTRAÇÃO E FINANÇAS; R$ 0,00; R$ 0,00; R$ 0,00; R$ 0,00; R$ 772,91; R$ 2.569,68; R$ 0,00; 0.0
 13210101010404; Rec. de Remun. Dep. Banc/Vinculados-  FMAS - FEAS Assist. Básica; Receitas Correntes; Receita Patrimonial; Valores Mobiliários; Remuneração de Depósitos Bancários - Principal; Juros e Correções Monetárias; Remuneração de Depósitos Bancários; ; Juros e Correções Monetárias; Remuneração de Depósitos Bancários; Não se aplica; Rec. de Remun. Dep. Banc/Vinculados-  FMAS - FEAS Assist. Básica; Arrecadações; SECRETARIA DE DESENVOLVIMENTO SOCIAL E HABITAÇÃO; FUNDO MUNICIPAL DE ASSISTENCIA SOCIAL; SECRETARIA DE DESENVOLVIMENTO SOCIAL E HABITAÇÃO; R$ 0,00; R$ 0,00; R$ 0,00; R$ 0,00; R$ 140,24; R$ 885,73; R$ 0,00; 0.0
 13210101010204; Rec. de Remun. Dep. Banc/Vinculados Rec. FNDE/B. Carinhoso; Receitas Correntes; Receita Patrimonial; Valores Mobiliários; Remuneração de Depósitos Bancários - Principal; Juros e Correções Monetárias; Remuneração de Depósitos Bancários; ; Juros e Correções Monetárias; Remuneração de Depósitos Bancários; Não se aplica; Rec. de Remun. Dep. Banc/Vinculados Rec. FNDE/B. Carinhoso; Arrecadações; SECRETARIA DE EDUCAÇÃO; DIRETORIA DE ENSINO; SECRETARIA DE EDUCAÇÃO; R$ 0,00; R$ 0,00; R$ 0,00; R$ 0,00; R$ 0,22; R$ 1,17; R$ 0,00; 0.0
 13210101019904; Rec.de Remun. Dep. Banc. Vinculados - Conv. Transito Pref.; Receitas Correntes; Receita Patrimonial; Valores Mobiliários; Remuneração de Depósitos Bancários - Principal; Juros e Correções Monetárias; Remuneração de Depósitos Bancários; ; Juros e Correções Monetárias; Remuneração de Depósitos Bancários; Não se aplica; Rec.de Remun. Dep. Banc. Vinculados - Conv. Transito Pref.; Arrecadações; SECRETARIA DE ADMINISTRAÇÃO E FINANÇAS; SECRETARIA DE ADMINISTRAÇÃO E FINANÇAS; SECRETARIA DE ADMINISTRAÇÃO E FINANÇAS; R$ 0,00; R$ 0,00; R$ 0,00; R$ 0,00; R$ 503,89; R$ 3.073,57; R$ 0,00; 0.0
 13210101010407; Rec. de Remun. Dep. Banc/Vinculados-  FMAS/FNAS- FEAS BENF. EVENTUAIS; Receitas Correntes; Receita Patrimonial; Valores Mobiliários; Remuneração de Depósitos Bancários - Principal; Juros e Correções Monetárias; Remuneração de Depósitos Bancários; ; Juros e Correções Monetárias; Remuneração de Depósitos Bancários; Não se aplica; Rec. de Remun. Dep. Banc/Vinculados-  FMAS/FNAS- FEAS BENF. EVENTUAIS; Arrecadações; SECRETARIA DE DESENVOLVIMENTO SOCIAL E HABITAÇÃO; FUNDO MUNICIPAL DE ASSISTENCIA SOCIAL; SECRETARIA DE DESENVOLVIMENTO SOCIAL E HABITAÇÃO; R$ 0,00; R$ 0,00; R$ 0,00; R$ 0,00; R$ 62,68; R$ 335,51; R$ 0,00; 0.0
 13210101010204; Rec. de Remun. Dep. Banc/Vinculados Rec. FNDE/B. Carinhoso; Receitas Correntes; Receita Patrimonial; Valores Mobiliários; Remuneração de Depósitos Bancários - Principal; Juros e Correções Monetárias; Remuneração de Depósitos Bancários; ; Juros e Correções Monetárias; Remuneração de Depósitos Bancários; Não se aplica; Rec. de Remun. Dep. Banc/Vinculados Rec. FNDE/B. Carinhoso; Arrecadações; SECRETARIA DE EDUCAÇÃO; DIRETORIA DE ENSINO; SECRETARIA DE EDUCAÇÃO; R$ 0,00; R$ 0,00; R$ 0,00; R$ 0,00; R$ 0,22; R$ 1,39; R$ 0,00; 0.0
 13210101010407; Rec. de Remun. Dep. Banc/Vinculados-  FMAS/FNAS- FEAS BENF. EVENTUAIS; Receitas Correntes; Receita Patrimonial; Valores Mobiliários; Remuneração de Depósitos Bancários - Principal; Juros e Correções Monetárias; Remuneração de Depósitos Bancários; ; Juros e Correções Monetárias; Remuneração de Depósitos Bancários; Não se aplica; Rec. de Remun. Dep. Banc/Vinculados-  FMAS/FNAS- FEAS BENF. EVENTUAIS; Arrecadações; SECRETARIA DE DESENVOLVIMENTO SOCIAL E HABITAÇÃO; FUNDO MUNICIPAL DE ASSISTENCIA SOCIAL; SECRETARIA DE DESENVOLVIMENTO SOCIAL E HABITAÇÃO; R$ 0,00; R$ 0,00; R$ 0,00; R$ 0,00; R$ 82,09; R$ 417,60; R$ 0,00; 0.0
 13210101019904; Rec.de Remun. Dep. Banc. Vinculados - Conv. Transito Pref.; Receitas Correntes; Receita Patrimonial; Valores Mobiliários; Remuneração de Depósitos Bancários - Principal; Juros e Correções Monetárias; Remuneração de Depósitos Bancários; ; Juros e Correções Monetárias; Remuneração de Depósitos Bancários; Não se aplica; Rec.de Remun. Dep. Banc. Vinculados - Conv. Transito Pref.; Arrecadações; SECRETARIA DE ADMINISTRAÇÃO E FINANÇAS; SECRETARIA DE ADMINISTRAÇÃO E FINANÇAS; SECRETARIA DE ADMINISTRAÇÃO E FINANÇAS; R$ 0,00; R$ 0,00; R$ 0,00; R$ 0,00; R$ 336,42; R$ 3.409,99; R$ 0,00; 0.0
 13210101010404; Rec. de Remun. Dep. Banc/Vinculados-  FMAS - FEAS Assist. Básica; Receitas Correntes; Receita Patrimonial; Valores Mobiliários; Remuneração de Depósitos Bancários - Principal; Juros e Correções Monetárias; Remuneração de Depósitos Bancários; ; Juros e Correções Monetárias; Remuneração de Depósitos Bancários; Não se aplica; Rec. de Remun. Dep. Banc/Vinculados-  FMAS - FEAS Assist. Básica; Arrecadações; SECRETARIA DE DESENVOLVIMENTO SOCIAL E HABITAÇÃO; FUNDO MUNICIPAL DE ASSISTENCIA SOCIAL; SECRETARIA DE DESENVOLVIMENTO SOCIAL E HABITAÇÃO; R$ 0,00; R$ 0,00; R$ 0,00; R$ 0,00; R$ 161,68; R$ 1.047,41; R$ 0,00; 0.0
 13210101010407; Rec. de Remun. Dep. Banc/Vinculados-  FMAS/FNAS- FEAS BENF. EVENTUAIS; Receitas Correntes; Receita Patrimonial; Valores Mobiliários; Remuneração de Depósitos Bancários - Principal; Juros e Correções Monetárias; Remuneração de Depósitos Bancários; ; Juros e Correções Monetárias; Remuneração de Depósitos Bancários; Não se aplica; Rec. de Remun. Dep. Banc/Vinculados-  FMAS/FNAS- FEAS BENF. EVENTUAIS; Arrecadações; SECRETARIA DE DESENVOLVIMENTO SOCIAL E HABITAÇÃO; FUNDO MUNICIPAL DE ASSISTENCIA SOCIAL; SECRETARIA DE DESENVOLVIMENTO SOCIAL E HABITAÇÃO; R$ 0,00; R$ 0,00; R$ 0,00; R$ 0,00; R$ 114,81; R$ 532,41; R$ 0,00; 0.0
 13210101010204; Rec. de Remun. Dep. Banc/Vinculados Rec. FNDE/B. Carinhoso; Receitas Correntes; Receita Patrimonial; Valores Mobiliários; Remuneração de Depósitos Bancários - Principal; Juros e Correções Monetárias; Remuneração de Depósitos Bancários; ; Juros e Correções Monetárias; Remuneração de Depósitos Bancários; Não se aplica; Rec. de Remun. Dep. Banc/Vinculados Rec. FNDE/B. Carinhoso; Arrecadações; SECRETARIA DE EDUCAÇÃO; DIRETORIA DE ENSINO; SECRETARIA DE EDUCAÇÃO; R$ 0,00; R$ 0,00; R$ 0,00; R$ 0,00; R$ 0,25; R$ 1,64; R$ 0,00; 0.0
 13210101010404; Rec. de Remun. Dep. Banc/Vinculados-  FMAS - FEAS Assist. Básica; Receitas Correntes; Receita Patrimonial; Valores Mobiliários; Remuneração de Depósitos Bancários - Principal; Juros e Correções Monetárias; Remuneração de Depósitos Bancários; ; Juros e Correções Monetárias; Remuneração de Depósitos Bancários; Não se aplica; Rec. de Remun. Dep. Banc/Vinculados-  FMAS - FEAS Assist. Básica; Arrecadações; SECRETARIA DE DESENVOLVIMENTO SOCIAL E HABITAÇÃO; FUNDO MUNICIPAL DE ASSISTENCIA SOCIAL; SECRETARIA DE DESENVOLVIMENTO SOCIAL E HABITAÇÃO; R$ 0,00; R$ 0,00; R$ 0,00; R$ 0,00; R$ 250,50; R$ 1.297,91; R$ 0,00; 0.0
 13210101019904; Rec.de Remun. Dep. Banc. Vinculados - Conv. Transito Pref.; Receitas Correntes; Receita Patrimonial; Valores Mobiliários; Remuneração de Depósitos Bancários - Principal; Juros e Correções Monetárias; Remuneração de Depósitos Bancários; ; Juros e Correções Monetárias; Remuneração de Depósitos Bancários; Não se aplica; Rec.de Remun. Dep. Banc. Vinculados - Conv. Transito Pref.; Arrecadações; SECRETARIA DE ADMINISTRAÇÃO E FINANÇAS; SECRETARIA DE ADMINISTRAÇÃO E FINANÇAS; SECRETARIA DE ADMINISTRAÇÃO E FINANÇAS; R$ 0,00; R$ 0,00; R$ 0,00; R$ 0,00; R$ 135,76; R$ 3.545,75; R$ 0,00; 0.0
 13210101010407; Rec. de Remun. Dep. Banc/Vinculados-  FMAS/FNAS- FEAS BENF. EVENTUAIS; Receitas Correntes; Receita Patrimonial; Valores Mobiliários; Remuneração de Depósitos Bancários - Principal; Juros e Correções Monetárias; Remuneração de Depósitos Bancários; ; Juros e Correções Monetárias; Remuneração de Depósitos Bancários; Não se aplica; Rec. de Remun. Dep. Banc/Vinculados-  FMAS/FNAS- FEAS BENF. EVENTUAIS; Arrecadações; SECRETARIA DE DESENVOLVIMENTO SOCIAL E HABITAÇÃO; FUNDO MUNICIPAL DE ASSISTENCIA SOCIAL; SECRETARIA DE DESENVOLVIMENTO SOCIAL E HABITAÇÃO; R$ 0,00; R$ 0,00; R$ 0,00; R$ 0,00; R$ 86,52; R$ 618,93; R$ 0,00; 0.0
 13210101019903; Rec.de Remun. Dep. Banc. Vinculados - Rec. Tx. corpo de bombeiros; Receitas Correntes; Receita Patrimonial; Valores Mobiliários; Remuneração de Depósitos Bancários - Principal; Juros e Correções Monetárias; Remuneração de Depósitos Bancários; ; Juros e Correções Monetárias; Remuneração de Depósitos Bancários; Não se aplica; Rec.de Remun. Dep. Banc. Vinculados - Rec. Tx. corpo de bombeiros; Arrecadações; SECRETARIA DE ADMINISTRAÇÃO E FINANÇAS; SECRETARIA DE ADMINISTRAÇÃO E FINANÇAS; SECRETARIA DE ADMINISTRAÇÃO E FINANÇAS; R$ 0,00; R$ 0,00; R$ 0,00; R$ 0,00; R$ 340,64; R$ 340,64; R$ 0,00; 0.0
 13210101010100; Rec. de Remun. Deop. Banc/Vinculados- Fundeb; Receitas Correntes; Receita Patrimonial; Valores Mobiliários; Remuneração de Depósitos Bancários - Principal; Juros e Correções Monetárias; Remuneração de Depósitos Bancários; ; Juros e Correções Monetárias; Remuneração de Depósitos Bancários; Não se aplica; Rec. de Remun. Deop. Banc/Vinculados- Fundeb; Arrecadações; SECRETARIA DE EDUCAÇÃO; DIRETORIA DE ENSINO; SECRETARIA DE EDUCAÇÃO; R$ 0,00; R$ 0,00; R$ 0,00; R$ 0,00; R$ 6.285,88; R$ 6.285,88; R$ 0,00; 0.0
 13210101010100; Rec. de Remun. Deop. Banc/Vinculados- Fundeb; Receitas Correntes; Receita Patrimonial; Valores Mobiliários; Remuneração de Depósitos Bancários - Principal; Juros e Correções Monetárias; Remuneração de Depósitos Bancários; ; Juros e Correções Monetárias; Remuneração de Depósitos Bancários; Não se aplica; Rec. de Remun. Deop. Banc/Vinculados- Fundeb; Arrecadações; SECRETARIA DE EDUCAÇÃO; DIRETORIA DE ENSINO; SECRETARIA DE EDUCAÇÃO; R$ 0,00; R$ 0,00; R$ 0,00; R$ 0,00; R$ 8.672,56; R$ 14.958,44; R$ 0,00; 0.0
 13210101019903; Rec.de Remun. Dep. Banc. Vinculados - Rec. Tx. corpo de bombeiros; Receitas Correntes; Receita Patrimonial; Valores Mobiliários; Remuneração de Depósitos Bancários - Principal; Juros e Correções Monetárias; Remuneração de Depósitos Bancários; ; Juros e Correções Monetárias; Remuneração de Depósitos Bancários; Não se aplica; Rec.de Remun. Dep. Banc. Vinculados - Rec. Tx. corpo de bombeiros; Arrecadações; SECRETARIA DE ADMINISTRAÇÃO E FINANÇAS; SECRETARIA DE ADMINISTRAÇÃO E FINANÇAS; SECRETARIA DE ADMINISTRAÇÃO E FINANÇAS; R$ 0,00; R$ 0,00; R$ 0,00; R$ 0,00; R$ 317,42; R$ 658,06; R$ 0,00; 0.0
 13210101010100; Rec. de Remun. Deop. Banc/Vinculados- Fundeb; Receitas Correntes; Receita Patrimonial; Valores Mobiliários; Remuneração de Depósitos Bancários - Principal; Juros e Correções Monetárias; Remuneração de Depósitos Bancários; ; Juros e Correções Monetárias; Remuneração de Depósitos Bancários; Não se aplica; Rec. de Remun. Deop. Banc/Vinculados- Fundeb; Arrecadações; SECRETARIA DE EDUCAÇÃO; DIRETORIA DE ENSINO; SECRETARIA DE EDUCAÇÃO; R$ 0,00; R$ 0,00; R$ 0,00; R$ 0,00; R$ 11.179,82; R$ 26.138,26; R$ 0,00; 0.0
 13210101019903; Rec.de Remun. Dep. Banc. Vinculados - Rec. Tx. corpo de bombeiros; Receitas Correntes; Receita Patrimonial; Valores Mobiliários; Remuneração de Depósitos Bancários - Principal; Juros e Correções Monetárias; Remuneração de Depósitos Bancários; ; Juros e Correções Monetárias; Remuneração de Depósitos Bancários; Não se aplica; Rec.de Remun. Dep. Banc. Vinculados - Rec. Tx. corpo de bombeiros; Arrecadações; SECRETARIA DE ADMINISTRAÇÃO E FINANÇAS; SECRETARIA DE ADMINISTRAÇÃO E FINANÇAS; SECRETARIA DE ADMINISTRAÇÃO E FINANÇAS; R$ 0,00; R$ 0,00; R$ 0,00; R$ 0,00; R$ 289,13; R$ 947,19; R$ 0,00; 0.0
 13210101010100; Rec. de Remun. Deop. Banc/Vinculados- Fundeb; Receitas Correntes; Receita Patrimonial; Valores Mobiliários; Remuneração de Depósitos Bancários - Principal; Juros e Correções Monetárias; Remuneração de Depósitos Bancários; ; Juros e Correções Monetárias; Remuneração de Depósitos Bancários; Não se aplica; Rec. de Remun. Deop. Banc/Vinculados- Fundeb; Arrecadações; SECRETARIA DE EDUCAÇÃO; DIRETORIA DE ENSINO; SECRETARIA DE EDUCAÇÃO; R$ 0,00; R$ 0,00; R$ 0,00; R$ 0,00; R$ 13.370,01; R$ 39.508,27; R$ 0,00; 0.0
 13210101019903; Rec.de Remun. Dep. Banc. Vinculados - Rec. Tx. corpo de bombeiros; Receitas Correntes; Receita Patrimonial; Valores Mobiliários; Remuneração de Depósitos Bancários - Principal; Juros e Correções Monetárias; Remuneração de Depósitos Bancários; ; Juros e Correções Monetárias; Remuneração de Depósitos Bancários; Não se aplica; Rec.de Remun. Dep. Banc. Vinculados - Rec. Tx. corpo de bombeiros; Arrecadações; SECRETARIA DE ADMINISTRAÇÃO E FINANÇAS; SECRETARIA DE ADMINISTRAÇÃO E FINANÇAS; SECRETARIA DE ADMINISTRAÇÃO E FINANÇAS; R$ 0,00; R$ 0,00; R$ 0,00; R$ 0,00; R$ 308,34; R$ 1.255,53; R$ 0,00; 0.0
 13210101019903; Rec.de Remun. Dep. Banc. Vinculados - Rec. Tx. corpo de bombeiros; Receitas Correntes; Receita Patrimonial; Valores Mobiliários; Remuneração de Depósitos Bancários - Principal; Juros e Correções Monetárias; Remuneração de Depósitos Bancários; ; Juros e Correções Monetárias; Remuneração de Depósitos Bancários; Não se aplica; Rec.de Remun. Dep. Banc. Vinculados - Rec. Tx. corpo de bombeiros; Arrecadações; SECRETARIA DE ADMINISTRAÇÃO E FINANÇAS; SECRETARIA DE ADMINISTRAÇÃO E FINANÇAS; SECRETARIA DE ADMINISTRAÇÃO E FINANÇAS; R$ 0,00; R$ 0,00; R$ 0,00; R$ 0,00; R$ 319,07; R$ 1.574,60; R$ 0,00; 0.0
 13210101010100; Rec. de Remun. Deop. Banc/Vinculados- Fundeb; Receitas Correntes; Receita Patrimonial; Valores Mobiliários; Remuneração de Depósitos Bancários - Principal; Juros e Correções Monetárias; Remuneração de Depósitos Bancários; ; Juros e Correções Monetárias; Remuneração de Depósitos Bancários; Não se aplica; Rec. de Remun. Deop. Banc/Vinculados- Fundeb; Arrecadações; SECRETARIA DE EDUCAÇÃO; DIRETORIA DE ENSINO; SECRETARIA DE EDUCAÇÃO; R$ 0,00; R$ 0,00; R$ 0,00; R$ 0,00; R$ 13.588,73; R$ 53.097,00; R$ 0,00; 0.0
 13210101019903; Rec.de Remun. Dep. Banc. Vinculados - Rec. Tx. corpo de bombeiros; Receitas Correntes; Receita Patrimonial; Valores Mobiliários; Remuneração de Depósitos Bancários - Principal; Juros e Correções Monetárias; Remuneração de Depósitos Bancários; ; Juros e Correções Monetárias; Remuneração de Depósitos Bancários; Não se aplica; Rec.de Remun. Dep. Banc. Vinculados - Rec. Tx. corpo de bombeiros; Arrecadações; SECRETARIA DE ADMINISTRAÇÃO E FINANÇAS; SECRETARIA DE ADMINISTRAÇÃO E FINANÇAS; SECRETARIA DE ADMINISTRAÇÃO E FINANÇAS; R$ 0,00; R$ 0,00; R$ 0,00; R$ 0,00; R$ 309,62; R$ 1.884,22; R$ 0,00; 0.0
 13210101019903; Rec.de Remun. Dep. Banc. Vinculados - Rec. Tx. corpo de bombeiros; Receitas Correntes; Receita Patrimonial; Valores Mobiliários; Remuneração de Depósitos Bancários - Principal; Juros e Correções Monetárias; Remuneração de Depósitos Bancários; ; Juros e Correções Monetárias; Remuneração de Depósitos Bancários; Não se aplica; Rec.de Remun. Dep. Banc. Vinculados - Rec. Tx. corpo de bombeiros; Arrecadações; SECRETARIA DE ADMINISTRAÇÃO E FINANÇAS; SECRETARIA DE ADMINISTRAÇÃO E FINANÇAS; SECRETARIA DE ADMINISTRAÇÃO E FINANÇAS; R$ 0,00; R$ 0,00; R$ 0,00; R$ 0,00; R$ 373,23; R$ 2.257,45; R$ 0,00; 0.0
 13210101010100; Rec. de Remun. Deop. Banc/Vinculados- Fundeb; Receitas Correntes; Receita Patrimonial; Valores Mobiliários; Remuneração de Depósitos Bancários - Principal; Juros e Correções Monetárias; Remuneração de Depósitos Bancários; ; Juros e Correções Monetárias; Remuneração de Depósitos Bancários; Não se aplica; Rec. de Remun. Deop. Banc/Vinculados- Fundeb; Arrecadações; SECRETARIA DE EDUCAÇÃO; DIRETORIA DE ENSINO; SECRETARIA DE EDUCAÇÃO; R$ 0,00; R$ 0,00; R$ 0,00; R$ 0,00; R$ 23.821,96; R$ 76.918,96; R$ 0,00; 0.0
 13210101010100; Rec. de Remun. Deop. Banc/Vinculados- Fundeb; Receitas Correntes; Receita Patrimonial; Valores Mobiliários; Remuneração de Depósitos Bancários - Principal; Juros e Correções Monetárias; Remuneração de Depósitos Bancários; ; Juros e Correções Monetárias; Remuneração de Depósitos Bancários; Não se aplica; Rec. de Remun. Deop. Banc/Vinculados- Fundeb; Arrecadações; SECRETARIA DE EDUCAÇÃO; DIRETORIA DE ENSINO; SECRETARIA DE EDUCAÇÃO; R$ 0,00; R$ 0,00; R$ 0,00; R$ 0,00; R$ 8.714,67; R$ 85.633,63; R$ 0,00; 0.0
 13210101019903; Rec.de Remun. Dep. Banc. Vinculados - Rec. Tx. corpo de bombeiros; Receitas Correntes; Receita Patrimonial; Valores Mobiliários; Remuneração de Depósitos Bancários - Principal; Juros e Correções Monetárias; Remuneração de Depósitos Bancários; ; Juros e Correções Monetárias; Remuneração de Depósitos Bancários; Não se aplica; Rec.de Remun. Dep. Banc. Vinculados - Rec. Tx. corpo de bombeiros; Arrecadações; SECRETARIA DE ADMINISTRAÇÃO E FINANÇAS; SECRETARIA DE ADMINISTRAÇÃO E FINANÇAS; SECRETARIA DE ADMINISTRAÇÃO E FINANÇAS; R$ 0,00; R$ 0,00; R$ 0,00; R$ 0,00; R$ 355,79; R$ 2.613,24; R$ 0,00; 0.0
 13210101019903; Rec.de Remun. Dep. Banc. Vinculados - Rec. Tx. corpo de bombeiros; Receitas Correntes; Receita Patrimonial; Valores Mobiliários; Remuneração de Depósitos Bancários - Principal; Juros e Correções Monetárias; Remuneração de Depósitos Bancários; ; Juros e Correções Monetárias; Remuneração de Depósitos Bancários; Não se aplica; Rec.de Remun. Dep. Banc. Vinculados - Rec. Tx. corpo de bombeiros; Arrecadações; SECRETARIA DE ADMINISTRAÇÃO E FINANÇAS; SECRETARIA DE ADMINISTRAÇÃO E FINANÇAS; SECRETARIA DE ADMINISTRAÇÃO E FINANÇAS; R$ 0,00; R$ 0,00; R$ 0,00; R$ 0,00; R$ 323,18; R$ 2.936,42; R$ 0,00; 0.0
 13210101010100; Rec. de Remun. Deop. Banc/Vinculados- Fundeb; Receitas Correntes; Receita Patrimonial; Valores Mobiliários; Remuneração de Depósitos Bancários - Principal; Juros e Correções Monetárias; Remuneração de Depósitos Bancários; ; Juros e Correções Monetárias; Remuneração de Depósitos Bancários; Não se aplica; Rec. de Remun. Deop. Banc/Vinculados- Fundeb; Arrecadações; SECRETARIA DE EDUCAÇÃO; DIRETORIA DE ENSINO; SECRETARIA DE EDUCAÇÃO; R$ 0,00; R$ 0,00; R$ 0,00; R$ 0,00; R$ 7.077,77; R$ 92.711,40; R$ 0,00; 0.0
 13210101019903; Rec.de Remun. Dep. Banc. Vinculados - Rec. Tx. corpo de bombeiros; Receitas Correntes; Receita Patrimonial; Valores Mobiliários; Remuneração de Depósitos Bancários - Principal; Juros e Correções Monetárias; Remuneração de Depósitos Bancários; ; Juros e Correções Monetárias; Remuneração de Depósitos Bancários; Não se aplica; Rec.de Remun. Dep. Banc. Vinculados - Rec. Tx. corpo de bombeiros; Arrecadações; SECRETARIA DE ADMINISTRAÇÃO E FINANÇAS; SECRETARIA DE ADMINISTRAÇÃO E FINANÇAS; SECRETARIA DE ADMINISTRAÇÃO E FINANÇAS; R$ 0,00; R$ 0,00; R$ 0,00; R$ 0,00; R$ 407,48; R$ 3.343,90; R$ 0,00; 0.0
 13210101010100; Rec. de Remun. Deop. Banc/Vinculados- Fundeb; Receitas Correntes; Receita Patrimonial; Valores Mobiliários; Remuneração de Depósitos Bancários - Principal; Juros e Correções Monetárias; Remuneração de Depósitos Bancários; ; Juros e Correções Monetárias; Remuneração de Depósitos Bancários; Não se aplica; Rec. de Remun. Deop. Banc/Vinculados- Fundeb; Arrecadações; SECRETARIA DE EDUCAÇÃO; DIRETORIA DE ENSINO; SECRETARIA DE EDUCAÇÃO; R$ 0,00; R$ 0,00; R$ 0,00; R$ 0,00; R$ 6.010,42; R$ 98.721,82; R$ 0,00; 0.0
 13210101019903; Rec.de Remun. Dep. Banc. Vinculados - Rec. Tx. corpo de bombeiros; Receitas Correntes; Receita Patrimonial; Valores Mobiliários; Remuneração de Depósitos Bancários - Principal; Juros e Correções Monetárias; Remuneração de Depósitos Bancários; ; Juros e Correções Monetárias; Remuneração de Depósitos Bancários; Não se aplica; Rec.de Remun. Dep. Banc. Vinculados - Rec. Tx. corpo de bombeiros; Arrecadações; SECRETARIA DE ADMINISTRAÇÃO E FINANÇAS; SECRETARIA DE ADMINISTRAÇÃO E FINANÇAS; SECRETARIA DE ADMINISTRAÇÃO E FINANÇAS; R$ 0,00; R$ 0,00; R$ 0,00; R$ 0,00; R$ 377,06; R$ 3.720,96; R$ 0,00; 0.0
 13210101010100; Rec. de Remun. Deop. Banc/Vinculados- Fundeb; Receitas Correntes; Receita Patrimonial; Valores Mobiliários; Remuneração de Depósitos Bancários - Principal; Juros e Correções Monetárias; Remuneração de Depósitos Bancários; ; Juros e Correções Monetárias; Remuneração de Depósitos Bancários; Não se aplica; Rec. de Remun. Deop. Banc/Vinculados- Fundeb; Arrecadações; SECRETARIA DE EDUCAÇÃO; DIRETORIA DE ENSINO; SECRETARIA DE EDUCAÇÃO; R$ 0,00; R$ 0,00; R$ 0,00; R$ 0,00; R$ 5.585,72; R$ 104.307,54; R$ 0,00; 0.0
 13210101019903; Rec.de Remun. Dep. Banc. Vinculados - Rec. Tx. corpo de bombeiros; Receitas Correntes; Receita Patrimonial; Valores Mobiliários; Remuneração de Depósitos Bancários - Principal; Juros e Correções Monetárias; Remuneração de Depósitos Bancários; ; Juros e Correções Monetárias; Remuneração de Depósitos Bancários; Não se aplica; Rec.de Remun. Dep. Banc. Vinculados - Rec. Tx. corpo de bombeiros; Arrecadações; SECRETARIA DE ADMINISTRAÇÃO E FINANÇAS; SECRETARIA DE ADMINISTRAÇÃO E FINANÇAS; SECRETARIA DE ADMINISTRAÇÃO E FINANÇAS; R$ 0,00; R$ 0,00; R$ 0,00; R$ 0,00; R$ 316,65; R$ 4.037,61; R$ 0,00; 0.0
 13210101010100; Rec. de Remun. Deop. Banc/Vinculados- Fundeb; Receitas Correntes; Receita Patrimonial; Valores Mobiliários; Remuneração de Depósitos Bancários - Principal; Juros e Correções Monetárias; Remuneração de Depósitos Bancários; ; Juros e Correções Monetárias; Remuneração de Depósitos Bancários; Não se aplica; Rec. de Remun. Deop. Banc/Vinculados- Fundeb; Arrecadações; SECRETARIA DE EDUCAÇÃO; DIRETORIA DE ENSINO; SECRETARIA DE EDUCAÇÃO; R$ 0,00; R$ 0,00; R$ 0,00; R$ 0,00; R$ 5.389,38; R$ 109.696,92; R$ 0,00; 0.0
 17115121000000; Cota-Parte do Fundo de Participação do Municípios – Cotas Extraordinárias - Principal; Receitas Correntes; Transferências Correntes; Transferências da União e de suas Entidades; Cota-Parte do Fundo de Participação do Municípios – Cotas Extraordinárias - Principal; Transferências Decorrentes de Participação na Receita da União; Cota-Parte do Fundo de Participação dos Municípios - FPM; Cota-Parte do Fundo de Participação do Municípios – Cotas Extraordinárias; Transferências Decorrentes de Participação na Receita da União; Cota-Parte do Fundo de Participação dos Municípios - FPM; Cota-Parte do Fundo de Participação do Municípios – Cotas Extraordinárias; Cota-Parte do Fundo de Participação do Municípios – Cotas Extraordinárias - Principal; Arrecadações; SECRETARIA DE ADMINISTRAÇÃO E FINANÇAS; SECRETARIA DE ADMINISTRAÇÃO E FINANÇAS; SECRETARIA DE ADMINISTRAÇÃO E FINANÇAS; R$ 1.781.697,00; R$ 1.781.697,00; R$ 0,00; R$ 0,00; R$ 0,00; R$ 0,00; R$ 1.781.697,00; 0.0
 17115121000000; Cota-Parte do Fundo de Participação do Municípios – Cotas Extraordinárias - Principal; Receitas Correntes; Transferências Correntes; Transferências da União e de suas Entidades; Cota-Parte do Fundo de Participação do Municípios – Cotas Extraordinárias - Principal; Transferências Decorrentes de Participação na Receita da União; Cota-Parte do Fundo de Participação dos Municípios - FPM; Cota-Parte do Fundo de Participação do Municípios – Cotas Extraordinárias; Transferências Decorrentes de Participação na Receita da União; Cota-Parte do Fundo de Participação dos Municípios - FPM; Cota-Parte do Fundo de Participação do Municípios – Cotas Extraordinárias; Cota-Parte do Fundo de Participação do Municípios – Cotas Extraordinárias - Principal; Arrecadações; SECRETARIA DE ADMINISTRAÇÃO E FINANÇAS; SECRETARIA DE ADMINISTRAÇÃO E FINANÇAS; SECRETARIA DE ADMINISTRAÇÃO E FINANÇAS; R$ 0,00; R$ 0,00; R$ 0,00; R$ 0,00; R$ 946.287,71; R$ 946.287,71; R$ 0,00; 0.0
 17115121000000; Cota-Parte do Fundo de Participação do Municípios – Cotas Extraordinárias - Principal; Receitas Correntes; Transferências Correntes; Transferências da União e de suas Entidades; Cota-Parte do Fundo de Participação do Municípios – Cotas Extraordinárias - Principal; Transferências Decorrentes de Participação na Receita da União; Cota-Parte do Fundo de Participação dos Municípios - FPM; Cota-Parte do Fundo de Participação do Municípios – Cotas Extraordinárias; Transferências Decorrentes de Participação na Receita da União; Cota-Parte do Fundo de Participação dos Municípios - FPM; Cota-Parte do Fundo de Participação do Municípios – Cotas Extraordinárias; Cota-Parte do Fundo de Participação do Municípios – Cotas Extraordinárias - Principal; Arrecadações; SECRETARIA DE ADMINISTRAÇÃO E FINANÇAS; SECRETARIA DE ADMINISTRAÇÃO E FINANÇAS; SECRETARIA DE ADMINISTRAÇÃO E FINANÇAS; R$ 0,00; R$ 0,00; R$ 0,00; R$ 0,00; R$ 413.011,79; R$ 1.359.299,50; R$ 0,00; 0.0
 17115121000000; Cota-Parte do Fundo de Participação do Municípios – Cotas Extraordinárias - Principal; Receitas Correntes; Transferências Correntes; Transferências da União e de suas Entidades; Cota-Parte do Fundo de Participação do Municípios – Cotas Extraordinárias - Principal; Transferências Decorrentes de Participação na Receita da União; Cota-Parte do Fundo de Participação dos Municípios - FPM; Cota-Parte do Fundo de Participação do Municípios – Cotas Extraordinárias; Transferências Decorrentes de Participação na Receita da União; Cota-Parte do Fundo de Participação dos Municípios - FPM; Cota-Parte do Fundo de Participação do Municípios – Cotas Extraordinárias; Cota-Parte do Fundo de Participação do Municípios – Cotas Extraordinárias - Principal; Arrecadações; SECRETARIA DE ADMINISTRAÇÃO E FINANÇAS; SECRETARIA DE ADMINISTRAÇÃO E FINANÇAS; SECRETARIA DE ADMINISTRAÇÃO E FINANÇAS; R$ 0,00; R$ 0,00; R$ 0,00; R$ 0,00; R$ 1.007.651,66; R$ 2.366.951,16; R$ 0,00; 0.0
 17115111000000; Cota-Parte do Fundo de Participação dos Municípios - Cota Mensal - Principal; Receitas Correntes; Transferências Correntes; Transferências da União e de suas Entidades; Cota-Parte do Fundo de Participação dos Municípios - Cota Mensal - Principal; Transferências Decorrentes de Participação na Receita da União; Cota-Parte do Fundo de Participação dos Municípios - FPM; Cota-Parte do Fundo de Participação dos Municípios - Cota Mensal; Transferências Decorrentes de Participação na Receita da União; Cota-Parte do Fundo de Participação dos Municípios - FPM; Cota-Parte do Fundo de Participação dos Municípios - Cota Mensal; Cota-Parte do Fundo de Participação dos Municípios - Cota Mensal - Principal; Arrecadações; SECRETARIA DE ADMINISTRAÇÃO E FINANÇAS; SECRETARIA DE ADMINISTRAÇÃO E FINANÇAS; SECRETARIA DE ADMINISTRAÇÃO E FINANÇAS; R$ 20.140.090,00; R$ 20.140.090,00; R$ 4.028.018,00; R$ 0,00; R$ 1.564.887,08; R$ 1.564.887,08; R$ 16.112.072,00; 7.28
 17115111000000; Cota-Parte do Fundo de Participação dos Municípios - Cota Mensal - Principal; Receitas Correntes; Transferências Correntes; Transferências da União e de suas Entidades; Cota-Parte do Fundo de Participação dos Municípios - Cota Mensal - Principal; Transferências Decorrentes de Participação na Receita da União; Cota-Parte do Fundo de Participação dos Municípios - FPM; Cota-Parte do Fundo de Participação dos Municípios - Cota Mensal; Transferências Decorrentes de Participação na Receita da União; Cota-Parte do Fundo de Participação dos Municípios - FPM; Cota-Parte do Fundo de Participação dos Municípios - Cota Mensal; Cota-Parte do Fundo de Participação dos Municípios - Cota Mensal - Principal; Arrecadações; SECRETARIA DE ADMINISTRAÇÃO E FINANÇAS; SECRETARIA DE ADMINISTRAÇÃO E FINANÇAS; SECRETARIA DE ADMINISTRAÇÃO E FINANÇAS; R$ 0,00; R$ 0,00; R$ 0,00; R$ 0,00; R$ 2.127.856,75; R$ 3.692.743,83; R$ 0,00; 0.0
 17115111000000; Cota-Parte do Fundo de Participação dos Municípios - Cota Mensal - Principal; Receitas Correntes; Transferências Correntes; Transferências da União e de suas Entidades; Cota-Parte do Fundo de Participação dos Municípios - Cota Mensal - Principal; Transferências Decorrentes de Participação na Receita da União; Cota-Parte do Fundo de Participação dos Municípios - FPM; Cota-Parte do Fundo de Participação dos Municípios - Cota Mensal; Transferências Decorrentes de Participação na Receita da União; Cota-Parte do Fundo de Participação dos Municípios - FPM; Cota-Parte do Fundo de Participação dos Municípios - Cota Mensal; Cota-Parte do Fundo de Participação dos Municípios - Cota Mensal - Principal; Arrecadações; SECRETARIA DE ADMINISTRAÇÃO E FINANÇAS; SECRETARIA DE ADMINISTRAÇÃO E FINANÇAS; SECRETARIA DE ADMINISTRAÇÃO E FINANÇAS; R$ 0,00; R$ 0,00; R$ 0,00; R$ 0,00; R$ 1.326.601,98; R$ 5.019.345,81; R$ 0,00; 0.0
 17115111000000; Cota-Parte do Fundo de Participação dos Municípios - Cota Mensal - Principal; Receitas Correntes; Transferências Correntes; Transferências da União e de suas Entidades; Cota-Parte do Fundo de Participação dos Municípios - Cota Mensal - Principal; Transferências Decorrentes de Participação na Receita da União; Cota-Parte do Fundo de Participação dos Municípios - FPM; Cota-Parte do Fundo de Participação dos Municípios - Cota Mensal; Transferências Decorrentes de Participação na Receita da União; Cota-Parte do Fundo de Participação dos Municípios - FPM; Cota-Parte do Fundo de Participação dos Municípios - Cota Mensal; Cota-Parte do Fundo de Participação dos Municípios - Cota Mensal - Principal; Arrecadações; SECRETARIA DE ADMINISTRAÇÃO E FINANÇAS; SECRETARIA DE ADMINISTRAÇÃO E FINANÇAS; SECRETARIA DE ADMINISTRAÇÃO E FINANÇAS; R$ 0,00; R$ 0,00; R$ 0,00; R$ 0,00; R$ 1.391.411,51; R$ 6.410.757,32; R$ 0,00; 0.0
 17115111000000; Cota-Parte do Fundo de Participação dos Municípios - Cota Mensal - Principal; Receitas Correntes; Transferências Correntes; Transferências da União e de suas Entidades; Cota-Parte do Fundo de Participação dos Municípios - Cota Mensal - Principal; Transferências Decorrentes de Participação na Receita da União; Cota-Parte do Fundo de Participação dos Municípios - FPM; Cota-Parte do Fundo de Participação dos Municípios - Cota Mensal; Transferências Decorrentes de Participação na Receita da União; Cota-Parte do Fundo de Participação dos Municípios - FPM; Cota-Parte do Fundo de Participação dos Municípios - Cota Mensal; Cota-Parte do Fundo de Participação dos Municípios - Cota Mensal - Principal; Arrecadações; SECRETARIA DE ADMINISTRAÇÃO E FINANÇAS; SECRETARIA DE ADMINISTRAÇÃO E FINANÇAS; SECRETARIA DE ADMINISTRAÇÃO E FINANÇAS; R$ 0,00; R$ 0,00; R$ 0,00; R$ 0,00; R$ 1.618.729,91; R$ 8.029.487,23; R$ 0,00; 0.0
 17115111000000; Cota-Parte do Fundo de Participação dos Municípios - Cota Mensal - Principal; Receitas Correntes; Transferências Correntes; Transferências da União e de suas Entidades; Cota-Parte do Fundo de Participação dos Municípios - Cota Mensal - Principal; Transferências Decorrentes de Participação na Receita da União; Cota-Parte do Fundo de Participação dos Municípios - FPM; Cota-Parte do Fundo de Participação dos Municípios - Cota Mensal; Transferências Decorrentes de Participação na Receita da União; Cota-Parte do Fundo de Participação dos Municípios - FPM; Cota-Parte do Fundo de Participação dos Municípios - Cota Mensal; Cota-Parte do Fundo de Participação dos Municípios - Cota Mensal - Principal; Arrecadações; SECRETARIA DE ADMINISTRAÇÃO E FINANÇAS; SECRETARIA DE ADMINISTRAÇÃO E FINANÇAS; SECRETARIA DE ADMINISTRAÇÃO E FINANÇAS; R$ 0,00; R$ 0,00; R$ 0,00; R$ 0,00; R$ 1.738.246,01; R$ 9.767.733,24; R$ 0,00; 0.0
 17115111000000; Cota-Parte do Fundo de Participação dos Municípios - Cota Mensal - Principal; Receitas Correntes; Transferências Correntes; Transferências da União e de suas Entidades; Cota-Parte do Fundo de Participação dos Municípios - Cota Mensal - Principal; Transferências Decorrentes de Participação na Receita da União; Cota-Parte do Fundo de Participação dos Municípios - FPM; Cota-Parte do Fundo de Participação dos Municípios - Cota Mensal; Transferências Decorrentes de Participação na Receita da União; Cota-Parte do Fundo de Participação dos Municípios - FPM; Cota-Parte do Fundo de Participação dos Municípios - Cota Mensal; Cota-Parte do Fundo de Participação dos Municípios - Cota Mensal - Principal; Arrecadações; SECRETARIA DE ADMINISTRAÇÃO E FINANÇAS; SECRETARIA DE ADMINISTRAÇÃO E FINANÇAS; SECRETARIA DE ADMINISTRAÇÃO E FINANÇAS; R$ 0,00; R$ 0,00; R$ 0,00; R$ 0,00; R$ 1.126.507,34; R$ 10.894.240,58; R$ 0,00; 0.0
 17115111000000; Cota-Parte do Fundo de Participação dos Municípios - Cota Mensal - Principal; Receitas Correntes; Transferências Correntes; Transferências da União e de suas Entidades; Cota-Parte do Fundo de Participação dos Municípios - Cota Mensal - Principal; Transferências Decorrentes de Participação na Receita da União; Cota-Parte do Fundo de Participação dos Municípios - FPM; Cota-Parte do Fundo de Participação dos Municípios - Cota Mensal; Transferências Decorrentes de Participação na Receita da União; Cota-Parte do Fundo de Participação dos Municípios - FPM; Cota-Parte do Fundo de Participação dos Municípios - Cota Mensal; Cota-Parte do Fundo de Participação dos Municípios - Cota Mensal - Principal; Arrecadações; SECRETARIA DE ADMINISTRAÇÃO E FINANÇAS; SECRETARIA DE ADMINISTRAÇÃO E FINANÇAS; SECRETARIA DE ADMINISTRAÇÃO E FINANÇAS; R$ 0,00; R$ 0,00; R$ 0,00; R$ 0,00; R$ 1.473.440,28; R$ 12.367.680,86; R$ 0,00; 0.0
 17115111000000; Cota-Parte do Fundo de Participação dos Municípios - Cota Mensal - Principal; Receitas Correntes; Transferências Correntes; Transferências da União e de suas Entidades; Cota-Parte do Fundo de Participação dos Municípios - Cota Mensal - Principal; Transferências Decorrentes de Participação na Receita da União; Cota-Parte do Fundo de Participação dos Municípios - FPM; Cota-Parte do Fundo de Participação dos Municípios - Cota Mensal; Transferências Decorrentes de Participação na Receita da União; Cota-Parte do Fundo de Participação dos Municípios - FPM; Cota-Parte do Fundo de Participação dos Municípios - Cota Mensal; Cota-Parte do Fundo de Participação dos Municípios - Cota Mensal - Principal; Arrecadações; SECRETARIA DE ADMINISTRAÇÃO E FINANÇAS; SECRETARIA DE ADMINISTRAÇÃO E FINANÇAS; SECRETARIA DE ADMINISTRAÇÃO E FINANÇAS; R$ 0,00; R$ 0,00; R$ 0,00; R$ 0,00; R$ 1.203.972,39; R$ 13.571.653,25; R$ 0,00; 0.0
 17115111000000; Cota-Parte do Fundo de Participação dos Municípios - Cota Mensal - Principal; Receitas Correntes; Transferências Correntes; Transferências da União e de suas Entidades; Cota-Parte do Fundo de Participação dos Municípios - Cota Mensal - Principal; Transferências Decorrentes de Participação na Receita da União; Cota-Parte do Fundo de Participação dos Municípios - FPM; Cota-Parte do Fundo de Participação dos Municípios - Cota Mensal; Transferências Decorrentes de Participação na Receita da União; Cota-Parte do Fundo de Participação dos Municípios - FPM; Cota-Parte do Fundo de Participação dos Municípios - Cota Mensal; Cota-Parte do Fundo de Participação dos Municípios - Cota Mensal - Principal; Arrecadações; SECRETARIA DE ADMINISTRAÇÃO E FINANÇAS; SECRETARIA DE ADMINISTRAÇÃO E FINANÇAS; SECRETARIA DE ADMINISTRAÇÃO E FINANÇAS; R$ 0,00; R$ 0,00; R$ 0,00; R$ 0,00; R$ 1.283.486,48; R$ 14.855.139,73; R$ 0,00; 0.0
 17115111000000; Cota-Parte do Fundo de Participação dos Municípios - Cota Mensal - Principal; Receitas Correntes; Transferências Correntes; Transferências da União e de suas Entidades; Cota-Parte do Fundo de Participação dos Municípios - Cota Mensal - Principal; Transferências Decorrentes de Participação na Receita da União; Cota-Parte do Fundo de Participação dos Municípios - FPM; Cota-Parte do Fundo de Participação dos Municípios - Cota Mensal; Transferências Decorrentes de Participação na Receita da União; Cota-Parte do Fundo de Participação dos Municípios - FPM; Cota-Parte do Fundo de Participação dos Municípios - Cota Mensal; Cota-Parte do Fundo de Participação dos Municípios - Cota Mensal - Principal; Arrecadações; SECRETARIA DE ADMINISTRAÇÃO E FINANÇAS; SECRETARIA DE ADMINISTRAÇÃO E FINANÇAS; SECRETARIA DE ADMINISTRAÇÃO E FINANÇAS; R$ 0,00; R$ 0,00; R$ 0,00; R$ 0,00; R$ 1.642.921,26; R$ 16.498.060,99; R$ 0,00; 0.0
 17115111000000; Cota-Parte do Fundo de Participação dos Municípios - Cota Mensal - Principal; Receitas Correntes; Transferências Correntes; Transferências da União e de suas Entidades; Cota-Parte do Fundo de Participação dos Municípios - Cota Mensal - Principal; Transferências Decorrentes de Participação na Receita da União; Cota-Parte do Fundo de Participação dos Municípios - FPM; Cota-Parte do Fundo de Participação dos Municípios - Cota Mensal; Transferências Decorrentes de Participação na Receita da União; Cota-Parte do Fundo de Participação dos Municípios - FPM; Cota-Parte do Fundo de Participação dos Municípios - Cota Mensal; Cota-Parte do Fundo de Participação dos Municípios - Cota Mensal - Principal; Arrecadações; SECRETARIA DE ADMINISTRAÇÃO E FINANÇAS; SECRETARIA DE ADMINISTRAÇÃO E FINANÇAS; SECRETARIA DE ADMINISTRAÇÃO E FINANÇAS; R$ 0,00; R$ 0,00; R$ 0,00; R$ 0,00; R$ 1.844.127,60; R$ 18.342.188,59; R$ 0,00; 0.0
 11210101030000; TPP - Tx Corpo de Bombeiros; Receitas Correntes; Impostos, Taxas e Contribuições de Melhoria; Taxas; Taxas de Inspeção; Taxas pelo Exercício do Poder de Polícia; Taxas de Inspeção, Controle e Fiscalização; ; Taxas pelo Exercício do Poder de Polícia; Taxas de Inspeção, Controle e Fiscalização; Não se aplica; TPP - Tx Corpo de Bombeiros; Arrecadações; SECRETARIA DE ADMINISTRAÇÃO E FINANÇAS; SECRETARIA DE ADMINISTRAÇÃO E FINANÇAS; SECRETARIA DE ADMINISTRAÇÃO E FINANÇAS; R$ 85.288,00; R$ 85.288,00; R$ 0,00; R$ 0,00; R$ 16.329,90; R$ 16.329,90; R$ 85.288,00; 19.15
 11210101030000; TPP - Tx Corpo de Bombeiros; Receitas Correntes; Impostos, Taxas e Contribuições de Melhoria; Taxas; Taxas de Inspeção; Taxas pelo Exercício do Poder de Polícia; Taxas de Inspeção, Controle e Fiscalização; ; Taxas pelo Exercício do Poder de Polícia; Taxas de Inspeção, Controle e Fiscalização; Não se aplica; TPP - Tx Corpo de Bombeiros; Arrecadações; SECRETARIA DE ADMINISTRAÇÃO E FINANÇAS; SECRETARIA DE ADMINISTRAÇÃO E FINANÇAS; SECRETARIA DE ADMINISTRAÇÃO E FINANÇAS; R$ 0,00; R$ 0,00; R$ 0,00; R$ 0,00; R$ 7.464,08; R$ 23.793,98; R$ 0,00; 0.0
 11210101030000; TPP - Tx Corpo de Bombeiros; Receitas Correntes; Impostos, Taxas e Contribuições de Melhoria; Taxas; Taxas de Inspeção; Taxas pelo Exercício do Poder de Polícia; Taxas de Inspeção, Controle e Fiscalização; ; Taxas pelo Exercício do Poder de Polícia; Taxas de Inspeção, Controle e Fiscalização; Não se aplica; TPP - Tx Corpo de Bombeiros; Arrecadações; SECRETARIA DE ADMINISTRAÇÃO E FINANÇAS; SECRETARIA DE ADMINISTRAÇÃO E FINANÇAS; SECRETARIA DE ADMINISTRAÇÃO E FINANÇAS; R$ 0,00; R$ 0,00; R$ 0,00; R$ 0,00; R$ 5.429,36; R$ 29.223,34; R$ 0,00; 0.0
 11210101030000; TPP - Tx Corpo de Bombeiros; Receitas Correntes; Impostos, Taxas e Contribuições de Melhoria; Taxas; Taxas de Inspeção; Taxas pelo Exercício do Poder de Polícia; Taxas de Inspeção, Controle e Fiscalização; ; Taxas pelo Exercício do Poder de Polícia; Taxas de Inspeção, Controle e Fiscalização; Não se aplica; TPP - Tx Corpo de Bombeiros; Arrecadações; SECRETARIA DE ADMINISTRAÇÃO E FINANÇAS; SECRETARIA DE ADMINISTRAÇÃO E FINANÇAS; SECRETARIA DE ADMINISTRAÇÃO E FINANÇAS; R$ 0,00; R$ 0,00; R$ 0,00; R$ 0,00; R$ 9.753,83; R$ 38.977,17; R$ 0,00; 0.0
 11210101030000; TPP - Tx Corpo de Bombeiros; Receitas Correntes; Impostos, Taxas e Contribuições de Melhoria; Taxas; Taxas de Inspeção; Taxas pelo Exercício do Poder de Polícia; Taxas de Inspeção, Controle e Fiscalização; ; Taxas pelo Exercício do Poder de Polícia; Taxas de Inspeção, Controle e Fiscalização; Não se aplica; TPP - Tx Corpo de Bombeiros; Arrecadações; SECRETARIA DE ADMINISTRAÇÃO E FINANÇAS; SECRETARIA DE ADMINISTRAÇÃO E FINANÇAS; SECRETARIA DE ADMINISTRAÇÃO E FINANÇAS; R$ 0,00; R$ 0,00; R$ 0,00; R$ 0,00; R$ 7.091,53; R$ 46.068,70; R$ 0,00; 0.0
 11210101030000; TPP - Tx Corpo de Bombeiros; Receitas Correntes; Impostos, Taxas e Contribuições de Melhoria; Taxas; Taxas de Inspeção; Taxas pelo Exercício do Poder de Polícia; Taxas de Inspeção, Controle e Fiscalização; ; Taxas pelo Exercício do Poder de Polícia; Taxas de Inspeção, Controle e Fiscalização; Não se aplica; TPP - Tx Corpo de Bombeiros; Arrecadações; SECRETARIA DE ADMINISTRAÇÃO E FINANÇAS; SECRETARIA DE ADMINISTRAÇÃO E FINANÇAS; SECRETARIA DE ADMINISTRAÇÃO E FINANÇAS; R$ 0,00; R$ 0,00; R$ 0,00; R$ 0,00; R$ 8.355,59; R$ 54.424,29; R$ 0,00; 0.0
 11210101030000; TPP - Tx Corpo de Bombeiros; Receitas Correntes; Impostos, Taxas e Contribuições de Melhoria; Taxas; Taxas de Inspeção; Taxas pelo Exercício do Poder de Polícia; Taxas de Inspeção, Controle e Fiscalização; ; Taxas pelo Exercício do Poder de Polícia; Taxas de Inspeção, Controle e Fiscalização; Não se aplica; TPP - Tx Corpo de Bombeiros; Arrecadações; SECRETARIA DE ADMINISTRAÇÃO E FINANÇAS; SECRETARIA DE ADMINISTRAÇÃO E FINANÇAS; SECRETARIA DE ADMINISTRAÇÃO E FINANÇAS; R$ 0,00; R$ 0,00; R$ 0,00; R$ 0,00; R$ 5.821,25; R$ 60.245,54; R$ 0,00; 0.0
 11210101030000; TPP - Tx Corpo de Bombeiros; Receitas Correntes; Impostos, Taxas e Contribuições de Melhoria; Taxas; Taxas de Inspeção; Taxas pelo Exercício do Poder de Polícia; Taxas de Inspeção, Controle e Fiscalização; ; Taxas pelo Exercício do Poder de Polícia; Taxas de Inspeção, Controle e Fiscalização; Não se aplica; TPP - Tx Corpo de Bombeiros; Arrecadações; SECRETARIA DE ADMINISTRAÇÃO E FINANÇAS; SECRETARIA DE ADMINISTRAÇÃO E FINANÇAS; SECRETARIA DE ADMINISTRAÇÃO E FINANÇAS; R$ 0,00; R$ 0,00; R$ 0,00; R$ 0,00; R$ 7.417,68; R$ 67.663,22; R$ 0,00; 0.0
 11210101030000; TPP - Tx Corpo de Bombeiros; Receitas Correntes; Impostos, Taxas e Contribuições de Melhoria; Taxas; Taxas de Inspeção; Taxas pelo Exercício do Poder de Polícia; Taxas de Inspeção, Controle e Fiscalização; ; Taxas pelo Exercício do Poder de Polícia; Taxas de Inspeção, Controle e Fiscalização; Não se aplica; TPP - Tx Corpo de Bombeiros; Arrecadações; SECRETARIA DE ADMINISTRAÇÃO E FINANÇAS; SECRETARIA DE ADMINISTRAÇÃO E FINANÇAS; SECRETARIA DE ADMINISTRAÇÃO E FINANÇAS; R$ 0,00; R$ 0,00; R$ 0,00; R$ 0,00; R$ 7.610,33; R$ 75.273,55; R$ 0,00; 0.0
 11210101030000; TPP - Tx Corpo de Bombeiros; Receitas Correntes; Impostos, Taxas e Contribuições de Melhoria; Taxas; Taxas de Inspeção; Taxas pelo Exercício do Poder de Polícia; Taxas de Inspeção, Controle e Fiscalização; ; Taxas pelo Exercício do Poder de Polícia; Taxas de Inspeção, Controle e Fiscalização; Não se aplica; TPP - Tx Corpo de Bombeiros; Arrecadações; SECRETARIA DE ADMINISTRAÇÃO E FINANÇAS; SECRETARIA DE ADMINISTRAÇÃO E FINANÇAS; SECRETARIA DE ADMINISTRAÇÃO E FINANÇAS; R$ 0,00; R$ 0,00; R$ 0,00; R$ 0,00; R$ 8.879,46; R$ 84.153,01; R$ 0,00; 0.0
 11210101030000; TPP - Tx Corpo de Bombeiros; Receitas Correntes; Impostos, Taxas e Contribuições de Melhoria; Taxas; Taxas de Inspeção; Taxas pelo Exercício do Poder de Polícia; Taxas de Inspeção, Controle e Fiscalização; ; Taxas pelo Exercício do Poder de Polícia; Taxas de Inspeção, Controle e Fiscalização; Não se aplica; TPP - Tx Corpo de Bombeiros; Arrecadações; SECRETARIA DE ADMINISTRAÇÃO E FINANÇAS; SECRETARIA DE ADMINISTRAÇÃO E FINANÇAS; SECRETARIA DE ADMINISTRAÇÃO E FINANÇAS; R$ 0,00; R$ 0,00; R$ 0,00; R$ 0,00; R$ 6.866,49; R$ 91.019,50; R$ 0,00; 0.0
 11210101030000; TPP - Tx Corpo de Bombeiros; Receitas Correntes; Impostos, Taxas e Contribuições de Melhoria; Taxas; Taxas de Inspeção; Taxas pelo Exercício do Poder de Polícia; Taxas de Inspeção, Controle e Fiscalização; ; Taxas pelo Exercício do Poder de Polícia; Taxas de Inspeção, Controle e Fiscalização; Não se aplica; TPP - Tx Corpo de Bombeiros; Arrecadações; SECRETARIA DE ADMINISTRAÇÃO E FINANÇAS; SECRETARIA DE ADMINISTRAÇÃO E FINANÇAS; SECRETARIA DE ADMINISTRAÇÃO E FINANÇAS; R$ 0,00; R$ 0,00; R$ 0,00; R$ 0,00; R$ 10.081,45; R$ 101.100,95; R$ 0,00; 0.0
 11220106010000; Taxa de Coleta de Lixo - Juros de Mora; Receitas Correntes; Impostos, Taxas e Contribuições de Melhoria; Taxas; Taxas pela Prestação de Serviços em Geral - Juros de Mora; Taxas pela Prestação de Serviços; Taxas pela Prestação de Serviços; ; Taxas pela Prestação de Serviços; Taxas pela Prestação de Serviços; Não se aplica; Taxa de Coleta de Lixo - Juros de Mora; Arrecadações; SECRETARIA DE OBRAS E SERVIÇOS URBANOS; SERVIÇO AUTONOMO DE AGUA E ESGOTO - SAMAE; SECRETARIA DE OBRAS E SERVIÇOS URBANOS; R$ 0,00; R$ 0,00; R$ 0,00; R$ 0,00; R$ 1.059,28; R$ 1.059,28; R$ 0,00; 0.0
 11220107010000; Taxa de Coleta de Lixo - Dívida Ativa - Multas da Dívida Ativa; Receitas Correntes; Impostos, Taxas e Contribuições de Melhoria; Taxas; Taxas pela Prestação de Serviços em Geral - Dívida Ativa - Multas da Dívida Ativa; Taxas pela Prestação de Serviços; Taxas pela Prestação de Serviços; ; Taxas pela Prestação de Serviços; Taxas pela Prestação de Serviços; Não se aplica; Taxa de Coleta de Lixo - Dívida Ativa - Multas da Dívida Ativa; Arrecadações; SECRETARIA DE OBRAS E SERVIÇOS URBANOS; SERVIÇO AUTONOMO DE AGUA E ESGOTO - SAMAE; SECRETARIA DE OBRAS E SERVIÇOS URBANOS; R$ 0,00; R$ 0,00; R$ 0,00; R$ 0,00; R$ 2.084,94; R$ 2.084,94; R$ 0,00; 0.0
 11220108010000; Taxa de Coleta de Lixo - Juros de Mora da Dívida Ativa; Receitas Correntes; Impostos, Taxas e Contribuições de Melhoria; Taxas; Taxas pela Prestação de Serviços em Geral - Juros de Mora da Dívida Ativa; Taxas pela Prestação de Serviços; Taxas pela Prestação de Serviços; ; Taxas pela Prestação de Serviços; Taxas pela Prestação de Serviços; Não se aplica; Taxa de Coleta de Lixo - Juros de Mora da Dívida Ativa; Arrecadações; SECRETARIA DE OBRAS E SERVIÇOS URBANOS; SERVIÇO AUTONOMO DE AGUA E ESGOTO - SAMAE; SECRETARIA DE OBRAS E SERVIÇOS URBANOS; R$ 0,00; R$ 0,00; R$ 0,00; R$ 0,00; R$ 3.820,17; R$ 3.820,17; R$ 0,00; 0.0
 17155201000000; Transferências de Recursos de Complementaçao da União ao Fundeb - VAAR - Principal; Receitas Correntes; Transferências Correntes; Transferências da União e de suas Entidades; Transferências de Recursos de Complementaçao da União ao Fundeb - VAAR - Principal; Transferências de Recursos de Complementação da União ao Fundo de Manutenção e Desenvolvimento da Educação Básica e de Valorização dos Profissionais d; Transferências de Recursos de Complementaçao da União ao Fundeb - VAAR; ; Transferências de Recursos de Complementação da União ao Fundo de Manutenção e Desenvolvimento da Educação Básica e de Valorização dos Profissionais d; Transferências de Recursos de Complementaçao da União ao Fundeb - VAAR; Não se aplica; Transferências de Recursos de Complementaçao da União ao Fundeb - VAAR - Principal; Arrecadações; SECRETARIA DE ADMINISTRAÇÃO E FINANÇAS; SECRETARIA DE ADMINISTRAÇÃO E FINANÇAS; SECRETARIA DE ADMINISTRAÇÃO E FINANÇAS; R$ 169.863,00; R$ 169.863,00; R$ 0,00; R$ 0,00; R$ 52.569,43; R$ 52.569,43; R$ 169.863,00; 30.95
 17155201000000; Transferências de Recursos de Complementaçao da União ao Fundeb - VAAR - Principal; Receitas Correntes; Transferências Correntes; Transferências da União e de suas Entidades; Transferências de Recursos de Complementaçao da União ao Fundeb - VAAR - Principal; Transferências de Recursos de Complementação da União ao Fundo de Manutenção e Desenvolvimento da Educação Básica e de Valorização dos Profissionais d; Transferências de Recursos de Complementaçao da União ao Fundeb - VAAR; ; Transferências de Recursos de Complementação da União ao Fundo de Manutenção e Desenvolvimento da Educação Básica e de Valorização dos Profissionais d; Transferências de Recursos de Complementaçao da União ao Fundeb - VAAR; Não se aplica; Transferências de Recursos de Complementaçao da União ao Fundeb - VAAR - Principal; Arrecadações; SECRETARIA DE ADMINISTRAÇÃO E FINANÇAS; SECRETARIA DE ADMINISTRAÇÃO E FINANÇAS; SECRETARIA DE ADMINISTRAÇÃO E FINANÇAS; R$ 0,00; R$ 0,00; R$ 0,00; R$ 0,00; R$ 4.817,09; R$ 57.386,52; R$ 0,00; 0.0
 11210102010000; Taxa de Licenciamento Ambiental Municipal - TLAM- Multas e Juros; Receitas Correntes; Impostos, Taxas e Contribuições de Melhoria; Taxas; Taxas de Inspeção, Contr. e Fisc. - Multas e Juros; Taxas pelo Exercício do Poder de Polícia; Taxas de Inspeção, Controle e Fiscalização; ; Taxas pelo Exercício do Poder de Polícia; Taxas de Inspeção, Controle e Fiscalização; Não se aplica; Taxa de Licenciamento Ambiental Municipal - TLAM- Multas e Juros; Arrecadações; SECRETARIA DE MEIO AMBIENTE E DESENV. ECONÔMICO; DIRETORIA DE MEIO AMBIENTE; SECRETARIA DE MEIO AMBIENTE E DESENV. ECONÔMICO; R$ 0,00; R$ 0,00; R$ 0,00; R$ 0,00; R$ 7,99; R$ 7,99; R$ 0,00; 0.0
 11210102010000; Taxa de Licenciamento Ambiental Municipal - TLAM- Multas e Juros; Receitas Correntes; Impostos, Taxas e Contribuições de Melhoria; Taxas; Taxas de Inspeção, Contr. e Fisc. - Multas e Juros; Taxas pelo Exercício do Poder de Polícia; Taxas de Inspeção, Controle e Fiscalização; ; Taxas pelo Exercício do Poder de Polícia; Taxas de Inspeção, Controle e Fiscalização; Não se aplica; Taxa de Licenciamento Ambiental Municipal - TLAM- Multas e Juros; Arrecadações; SECRETARIA DE MEIO AMBIENTE E DESENV. ECONÔMICO; DIRETORIA DE MEIO AMBIENTE; SECRETARIA DE MEIO AMBIENTE E DESENV. ECONÔMICO; R$ 0,00; R$ 0,00; R$ 0,00; R$ 0,00; R$ 13,71; R$ 21,70; R$ 0,00; 0.0
 17599901000000; Demais Transferências de Outras Instituições Públicas - Principal; Receitas Correntes; Transferências Correntes; Transferências de Outras Instituições Públicas; Demais Transferências de Outras Instituições Públicas - Principal; Demais Transferências de Outras Instituições Públicas; Demais Transferências de Outras Instituições Públicas; ; Demais Transferências de Outras Instituições Públicas; Demais Transferências de Outras Instituições Públicas; Não se aplica; Demais Transferências de Outras Instituições Públicas - Principal; Arrecadações; SECRETARIA DE ADMINISTRAÇÃO E FINANÇAS; SECRETARIA DE ADMINISTRAÇÃO E FINANÇAS; SECRETARIA DE ADMINISTRAÇÃO E FINANÇAS; R$ 0,00; R$ 0,00; R$ 0,00; R$ 0,00; R$ 183,30; R$ 183,30; R$ 0,00; 0.0
 17599901000000; Demais Transferências de Outras Instituições Públicas - Principal; Receitas Correntes; Transferências Correntes; Transferências de Outras Instituições Públicas; Demais Transferências de Outras Instituições Públicas - Principal; Demais Transferências de Outras Instituições Públicas; Demais Transferências de Outras Instituições Públicas; ; Demais Transferências de Outras Instituições Públicas; Demais Transferências de Outras Instituições Públicas; Não se aplica; Demais Transferências de Outras Instituições Públicas - Principal; Arrecadações; SECRETARIA DE ADMINISTRAÇÃO E FINANÇAS; SECRETARIA DE ADMINISTRAÇÃO E FINANÇAS; SECRETARIA DE ADMINISTRAÇÃO E FINANÇAS; R$ 0,00; R$ 0,00; R$ 0,00; R$ 0,00; R$ 546,86; R$ 730,16; R$ 0,00; 0.0
 17599901000000; Demais Transferências de Outras Instituições Públicas - Principal; Receitas Correntes; Transferências Correntes; Transferências de Outras Instituições Públicas; Demais Transferências de Outras Instituições Públicas - Principal; Demais Transferências de Outras Instituições Públicas; Demais Transferências de Outras Instituições Públicas; ; Demais Transferências de Outras Instituições Públicas; Demais Transferências de Outras Instituições Públicas; Não se aplica; Demais Transferências de Outras Instituições Públicas - Principal; Arrecadações; SECRETARIA DE ADMINISTRAÇÃO E FINANÇAS; SECRETARIA DE ADMINISTRAÇÃO E FINANÇAS; SECRETARIA DE ADMINISTRAÇÃO E FINANÇAS; R$ 0,00; R$ 0,00; R$ 0,00; R$ 0,00; R$ 3.804,45; R$ 4.534,61; R$ 0,00; 0.0
 17145301000000; Transferências referentes ao Programa Nacional de Apoio ao Transporte do Escolar – PNATE - Principal; Receitas Correntes; Transferências Correntes; Transferências da União e de suas Entidades; Transferências referentes ao Programa Nacional de Apoio ao Transporte do Escolar – PNATE - Principal; Transferências de Recursos do Fundo Nacional do Desenvolvimento da Educação – FNDE? ; Transferências referentes ao Programa Nacional de Apoio ao Transporte do Escolar – PNATE; ; Transferências de Recursos do Fundo Nacional do Desenvolvimento da Educação – FNDE? ; Transferências referentes ao Programa Nacional de Apoio ao Transporte do Escolar – PNATE; Não se aplica; Transferências referentes ao Programa Nacional de Apoio ao Transporte do Escolar – PNATE - Principal; Arrecadações; SECRETARIA DE EDUCAÇÃO; DIRETORIA DE ENSINO; SECRETARIA DE EDUCAÇÃO; R$ 41.288,00; R$ 41.288,00; R$ 0,00; R$ 0,00; R$ 0,00; R$ 0,00; R$ 41.288,00; 0.0
 17145301000000; Transferências referentes ao Programa Nacional de Apoio ao Transporte do Escolar – PNATE - Principal; Receitas Correntes; Transferências Correntes; Transferências da União e de suas Entidades; Transferências referentes ao Programa Nacional de Apoio ao Transporte do Escolar – PNATE - Principal; Transferências de Recursos do Fundo Nacional do Desenvolvimento da Educação – FNDE? ; Transferências referentes ao Programa Nacional de Apoio ao Transporte do Escolar – PNATE; ; Transferências de Recursos do Fundo Nacional do Desenvolvimento da Educação – FNDE? ; Transferências referentes ao Programa Nacional de Apoio ao Transporte do Escolar – PNATE; Não se aplica; Transferências referentes ao Programa Nacional de Apoio ao Transporte do Escolar – PNATE - Principal; Arrecadações; SECRETARIA DE EDUCAÇÃO; DIRETORIA DE ENSINO; SECRETARIA DE EDUCAÇÃO; R$ 0,00; R$ 0,00; R$ 0,00; R$ 0,00; R$ 21.055,37; R$ 21.055,37; R$ 0,00; 0.0
 17145301000000; Transferências referentes ao Programa Nacional de Apoio ao Transporte do Escolar – PNATE - Principal; Receitas Correntes; Transferências Correntes; Transferências da União e de suas Entidades; Transferências referentes ao Programa Nacional de Apoio ao Transporte do Escolar – PNATE - Principal; Transferências de Recursos do Fundo Nacional do Desenvolvimento da Educação – FNDE? ; Transferências referentes ao Programa Nacional de Apoio ao Transporte do Escolar – PNATE; ; Transferências de Recursos do Fundo Nacional do Desenvolvimento da Educação – FNDE? ; Transferências referentes ao Programa Nacional de Apoio ao Transporte do Escolar – PNATE; Não se aplica; Transferências referentes ao Programa Nacional de Apoio ao Transporte do Escolar – PNATE - Principal; Arrecadações; SECRETARIA DE EDUCAÇÃO; DIRETORIA DE ENSINO; SECRETARIA DE EDUCAÇÃO; R$ 0,00; R$ 0,00; R$ 0,00; R$ 0,00; R$ 21.055,37; R$ 42.110,74; R$ 0,00; 0.0
 24195111000000; Transferência Especial da União; Receitas de Capital; Transferências de Capital; Transferências da União e de suas Entidades; Transferência Especial da União; Outras Transferências de Recursos da União e de suas Entidades; Transferência Especial da União; Transferência Especial da União; Outras Transferências de Recursos da União e de suas Entidades; Transferência Especial da União; Transferência Especial da União; Transferência Especial da União; Arrecadações; SECRETARIA DE ADMINISTRAÇÃO E FINANÇAS; SECRETARIA DE ADMINISTRAÇÃO E FINANÇAS; SECRETARIA DE ADMINISTRAÇÃO E FINANÇAS; R$ 0,00; R$ 0,00; R$ 0,00; R$ 0,00; R$ 3.432.000,00; R$ 3.432.000,00; R$ 0,00; 0.0
 17175201000000; Transferências de Convênios da União Destinadas a Programas de Assistência Social - Principal; Receitas Correntes; Transferências Correntes; Transferências da União e de suas Entidades; Transferências de Convênios da União Destinadas a Programas de Assistência Social - Principal; Transferências de Convênios da União e de Suas Entidades; Transferências de Convênios da União Destinadas a Programas de Assistência Social; ; Transferências de Convênios da União e de Suas Entidades; Transferências de Convênios da União Destinadas a Programas de Assistência Social; Não se aplica; Transferências de Convênios da União Destinadas a Programas de Assistência Social - Principal; Arrecadações; SECRETARIA DE DESENVOLVIMENTO SOCIAL E HABITAÇÃO; SECRETARIA DE DESENVOLVIMENTO SOCIAL E HABITAÇÃO; SECRETARIA DE DESENVOLVIMENTO SOCIAL E HABITAÇÃO; R$ 0,00; R$ 0,00; R$ 0,00; R$ 0,00; R$ 100.000,00; R$ 100.000,00; R$ 0,00; 0.0
 24195101010000; Transferência Especial da União; Receitas de Capital; Transferências de Capital; Transferências da União e de suas Entidades; Transferência Especial da União; Outras Transferências de Recursos da União e de suas Entidades; Transferência Especial da União; ; Outras Transferências de Recursos da União e de suas Entidades; Transferência Especial da União; Não se aplica; Transferência Especial da União; Arrecadações; SECRETARIA DE ADMINISTRAÇÃO E FINANÇAS; SECRETARIA DE ADMINISTRAÇÃO E FINANÇAS; SECRETARIA DE ADMINISTRAÇÃO E FINANÇAS; R$ 0,00; R$ 0,00; R$ 0,00; R$ 0,00; R$ 3.532.000,00; R$ 3.532.000,00; R$ 0,00; 0.0
 17295101040000; Transf. do Estado Cof. Alta Complexidade; Receitas Correntes; Transferências Correntes; Transferências dos Estados e do Distrito Federal e de suas Entidades; Transferências de Estados destinadas à Assistência Social - Principal; Outras Transferências dos Estados e Distrito Federal; Transferências de Estados destinadas à Assistência Social; ; Outras Transferências dos Estados e Distrito Federal; Transferências de Estados destinadas à Assistência Social; Não se aplica; Transf. do Estado Cof. Alta Complexidade; Arrecadações; SECRETARIA DE DESENVOLVIMENTO SOCIAL E HABITAÇÃO; FUNDO MUNICIPAL DE ASSISTENCIA SOCIAL; SECRETARIA DE DESENVOLVIMENTO SOCIAL E HABITAÇÃO; R$ 0,00; R$ 0,00; R$ 0,00; R$ 0,00; R$ 9.849,67; R$ 29.549,01; R$ 0,00; 0.0
 17295101040000; Transf. do Estado Cof. Alta Complexidade; Receitas Correntes; Transferências Correntes; Transferências dos Estados e do Distrito Federal e de suas Entidades; Transferências de Estados destinadas à Assistência Social - Principal; Outras Transferências dos Estados e Distrito Federal; Transferências de Estados destinadas à Assistência Social; ; Outras Transferências dos Estados e Distrito Federal; Transferências de Estados destinadas à Assistência Social; Não se aplica; Transf. do Estado Cof. Alta Complexidade; Arrecadações; SECRETARIA DE DESENVOLVIMENTO SOCIAL E HABITAÇÃO; FUNDO MUNICIPAL DE ASSISTENCIA SOCIAL; SECRETARIA DE DESENVOLVIMENTO SOCIAL E HABITAÇÃO; R$ 0,00; R$ 0,00; R$ 0,00; R$ 0,00; R$ 9.849,67; R$ 9.849,67; R$ 0,00; 0.0
 17295101040000; Transf. do Estado Cof. Alta Complexidade; Receitas Correntes; Transferências Correntes; Transferências dos Estados e do Distrito Federal e de suas Entidades; Transferências de Estados destinadas à Assistência Social - Principal; Outras Transferências dos Estados e Distrito Federal; Transferências de Estados destinadas à Assistência Social; ; Outras Transferências dos Estados e Distrito Federal; Transferências de Estados destinadas à Assistência Social; Não se aplica; Transf. do Estado Cof. Alta Complexidade; Arrecadações; SECRETARIA DE DESENVOLVIMENTO SOCIAL E HABITAÇÃO; FUNDO MUNICIPAL DE ASSISTENCIA SOCIAL; SECRETARIA DE DESENVOLVIMENTO SOCIAL E HABITAÇÃO; R$ 0,00; R$ 0,00; R$ 0,00; R$ 0,00; R$ 9.849,67; R$ 19.699,34; R$ 0,00; 0.0
 17295101030000; Transf. do Estado Cof. Gestão; Receitas Correntes; Transferências Correntes; Transferências dos Estados e do Distrito Federal e de suas Entidades; Transferências de Estados destinadas à Assistência Social - Principal; Outras Transferências dos Estados e Distrito Federal; Transferências de Estados destinadas à Assistência Social; ; Outras Transferências dos Estados e Distrito Federal; Transferências de Estados destinadas à Assistência Social; Não se aplica; Transf. do Estado Cof. Gestão; Arrecadações; SECRETARIA DE DESENVOLVIMENTO SOCIAL E HABITAÇÃO; FUNDO MUNICIPAL DE ASSISTENCIA SOCIAL; SECRETARIA DE DESENVOLVIMENTO SOCIAL E HABITAÇÃO; R$ 0,00; R$ 0,00; R$ 0,00; R$ 0,00; R$ 835,43; R$ 835,43; R$ 0,00; 0.0
 17295101030000; Transf. do Estado Cof. Gestão; Receitas Correntes; Transferências Correntes; Transferências dos Estados e do Distrito Federal e de suas Entidades; Transferências de Estados destinadas à Assistência Social - Principal; Outras Transferências dos Estados e Distrito Federal; Transferências de Estados destinadas à Assistência Social; ; Outras Transferências dos Estados e Distrito Federal; Transferências de Estados destinadas à Assistência Social; Não se aplica; Transf. do Estado Cof. Gestão; Arrecadações; SECRETARIA DE DESENVOLVIMENTO SOCIAL E HABITAÇÃO; FUNDO MUNICIPAL DE ASSISTENCIA SOCIAL; SECRETARIA DE DESENVOLVIMENTO SOCIAL E HABITAÇÃO; R$ 0,00; R$ 0,00; R$ 0,00; R$ 0,00; R$ 835,43; R$ 1.670,86; R$ 0,00; 0.0
 17295101030000; Transf. do Estado Cof. Gestão; Receitas Correntes; Transferências Correntes; Transferências dos Estados e do Distrito Federal e de suas Entidades; Transferências de Estados destinadas à Assistência Social - Principal; Outras Transferências dos Estados e Distrito Federal; Transferências de Estados destinadas à Assistência Social; ; Outras Transferências dos Estados e Distrito Federal; Transferências de Estados destinadas à Assistência Social; Não se aplica; Transf. do Estado Cof. Gestão; Arrecadações; SECRETARIA DE DESENVOLVIMENTO SOCIAL E HABITAÇÃO; FUNDO MUNICIPAL DE ASSISTENCIA SOCIAL; SECRETARIA DE DESENVOLVIMENTO SOCIAL E HABITAÇÃO; R$ 0,00; R$ 0,00; R$ 0,00; R$ 0,00; R$ 835,43; R$ 2.506,29; R$ 0,00; 0.0
 17145201000000; Transferências referentes ao Programa Nacional de Alimentação Escolar – PNAE - Principal; Receitas Correntes; Transferências Correntes; Transferências da União e de suas Entidades; Transferências referentes ao Programa Nacional de Alimentação Escolar – PNAE - Principal; Transferências de Recursos do Fundo Nacional do Desenvolvimento da Educação – FNDE? ; Transferências referentes ao Programa Nacional de Alimentação Escolar – PNAE; ; Transferências de Recursos do Fundo Nacional do Desenvolvimento da Educação – FNDE? ; Transferências referentes ao Programa Nacional de Alimentação Escolar – PNAE; Não se aplica; Transferências referentes ao Programa Nacional de Alimentação Escolar – PNAE - Principal; Arrecadações; SECRETARIA DE EDUCAÇÃO; DIRETORIA DE ENSINO; SECRETARIA DE EDUCAÇÃO; R$ 346.898,00; R$ 346.898,00; R$ 0,00; R$ 0,00; R$ 0,00; R$ 0,00; R$ 346.898,00; 0.0
 17145201000000; Transferências referentes ao Programa Nacional de Alimentação Escolar – PNAE - Principal; Receitas Correntes; Transferências Correntes; Transferências da União e de suas Entidades; Transferências referentes ao Programa Nacional de Alimentação Escolar – PNAE - Principal; Transferências de Recursos do Fundo Nacional do Desenvolvimento da Educação – FNDE? ; Transferências referentes ao Programa Nacional de Alimentação Escolar – PNAE; ; Transferências de Recursos do Fundo Nacional do Desenvolvimento da Educação – FNDE? ; Transferências referentes ao Programa Nacional de Alimentação Escolar – PNAE; Não se aplica; Transferências referentes ao Programa Nacional de Alimentação Escolar – PNAE - Principal; Arrecadações; SECRETARIA DE EDUCAÇÃO; DIRETORIA DE ENSINO; SECRETARIA DE EDUCAÇÃO; R$ 0,00; R$ 0,00; R$ 0,00; R$ 0,00; R$ 62.981,60; R$ 62.981,60; R$ 0,00; 0.0
 17145201000000; Transferências referentes ao Programa Nacional de Alimentação Escolar – PNAE - Principal; Receitas Correntes; Transferências Correntes; Transferências da União e de suas Entidades; Transferências referentes ao Programa Nacional de Alimentação Escolar – PNAE - Principal; Transferências de Recursos do Fundo Nacional do Desenvolvimento da Educação – FNDE? ; Transferências referentes ao Programa Nacional de Alimentação Escolar – PNAE; ; Transferências de Recursos do Fundo Nacional do Desenvolvimento da Educação – FNDE? ; Transferências referentes ao Programa Nacional de Alimentação Escolar – PNAE; Não se aplica; Transferências referentes ao Programa Nacional de Alimentação Escolar – PNAE - Principal; Arrecadações; SECRETARIA DE EDUCAÇÃO; DIRETORIA DE ENSINO; SECRETARIA DE EDUCAÇÃO; R$ 0,00; R$ 0,00; R$ 0,00; R$ 0,00; R$ 30.865,20; R$ 93.846,80; R$ 0,00; 0.0
 17145201000000; Transferências referentes ao Programa Nacional de Alimentação Escolar – PNAE - Principal; Receitas Correntes; Transferências Correntes; Transferências da União e de suas Entidades; Transferências referentes ao Programa Nacional de Alimentação Escolar – PNAE - Principal; Transferências de Recursos do Fundo Nacional do Desenvolvimento da Educação – FNDE? ; Transferências referentes ao Programa Nacional de Alimentação Escolar – PNAE; ; Transferências de Recursos do Fundo Nacional do Desenvolvimento da Educação – FNDE? ; Transferências referentes ao Programa Nacional de Alimentação Escolar – PNAE; Não se aplica; Transferências referentes ao Programa Nacional de Alimentação Escolar – PNAE - Principal; Arrecadações; SECRETARIA DE EDUCAÇÃO; DIRETORIA DE ENSINO; SECRETARIA DE EDUCAÇÃO; R$ 0,00; R$ 0,00; R$ 0,00; R$ 0,00; R$ 31.191,60; R$ 125.038,40; R$ 0,00; 0.0
 17145201000000; Transferências referentes ao Programa Nacional de Alimentação Escolar – PNAE - Principal; Receitas Correntes; Transferências Correntes; Transferências da União e de suas Entidades; Transferências referentes ao Programa Nacional de Alimentação Escolar – PNAE - Principal; Transferências de Recursos do Fundo Nacional do Desenvolvimento da Educação – FNDE? ; Transferências referentes ao Programa Nacional de Alimentação Escolar – PNAE; ; Transferências de Recursos do Fundo Nacional do Desenvolvimento da Educação – FNDE? ; Transferências referentes ao Programa Nacional de Alimentação Escolar – PNAE; Não se aplica; Transferências referentes ao Programa Nacional de Alimentação Escolar – PNAE - Principal; Arrecadações; SECRETARIA DE EDUCAÇÃO; DIRETORIA DE ENSINO; SECRETARIA DE EDUCAÇÃO; R$ 0,00; R$ 0,00; R$ 0,00; R$ 0,00; R$ 31.259,60; R$ 156.298,00; R$ 0,00; 0.0
 17145201000000; Transferências referentes ao Programa Nacional de Alimentação Escolar – PNAE - Principal; Receitas Correntes; Transferências Correntes; Transferências da União e de suas Entidades; Transferências referentes ao Programa Nacional de Alimentação Escolar – PNAE - Principal; Transferências de Recursos do Fundo Nacional do Desenvolvimento da Educação – FNDE? ; Transferências referentes ao Programa Nacional de Alimentação Escolar – PNAE; ; Transferências de Recursos do Fundo Nacional do Desenvolvimento da Educação – FNDE? ; Transferências referentes ao Programa Nacional de Alimentação Escolar – PNAE; Não se aplica; Transferências referentes ao Programa Nacional de Alimentação Escolar – PNAE - Principal; Arrecadações; SECRETARIA DE EDUCAÇÃO; DIRETORIA DE ENSINO; SECRETARIA DE EDUCAÇÃO; R$ 0,00; R$ 0,00; R$ 0,00; R$ 0,00; R$ 31.259,60; R$ 187.557,60; R$ 0,00; 0.0
 17145201000000; Transferências referentes ao Programa Nacional de Alimentação Escolar – PNAE - Principal; Receitas Correntes; Transferências Correntes; Transferências da União e de suas Entidades; Transferências referentes ao Programa Nacional de Alimentação Escolar – PNAE - Principal; Transferências de Recursos do Fundo Nacional do Desenvolvimento da Educação – FNDE? ; Transferências referentes ao Programa Nacional de Alimentação Escolar – PNAE; ; Transferências de Recursos do Fundo Nacional do Desenvolvimento da Educação – FNDE? ; Transferências referentes ao Programa Nacional de Alimentação Escolar – PNAE; Não se aplica; Transferências referentes ao Programa Nacional de Alimentação Escolar – PNAE - Principal; Arrecadações; SECRETARIA DE EDUCAÇÃO; DIRETORIA DE ENSINO; SECRETARIA DE EDUCAÇÃO; R$ 0,00; R$ 0,00; R$ 0,00; R$ 0,00; R$ 31.259,60; R$ 218.817,20; R$ 0,00; 0.0
 17145201000000; Transferências referentes ao Programa Nacional de Alimentação Escolar – PNAE - Principal; Receitas Correntes; Transferências Correntes; Transferências da União e de suas Entidades; Transferências referentes ao Programa Nacional de Alimentação Escolar – PNAE - Principal; Transferências de Recursos do Fundo Nacional do Desenvolvimento da Educação – FNDE? ; Transferências referentes ao Programa Nacional de Alimentação Escolar – PNAE; ; Transferências de Recursos do Fundo Nacional do Desenvolvimento da Educação – FNDE? ; Transferências referentes ao Programa Nacional de Alimentação Escolar – PNAE; Não se aplica; Transferências referentes ao Programa Nacional de Alimentação Escolar – PNAE - Principal; Arrecadações; SECRETARIA DE EDUCAÇÃO; DIRETORIA DE ENSINO; SECRETARIA DE EDUCAÇÃO; R$ 0,00; R$ 0,00; R$ 0,00; R$ 0,00; R$ 93.778,80; R$ 312.596,00; R$ 0,00; 0.0
 19999921000000; Outras Receitas No Arrecadadas e No Projetadas pela RFB - Primrias - Principal; Receitas Correntes; Outras Receitas Correntes; Demais Receitas Correntes; Outras Receitas No Arrecadadas e No Projetadas pela RFB - Primrias - Principal; Outras Receitas Correntes; Outras Receitas; Outras Receitas No Arrecadadas e No Projetadas pela RFB - Primrias; Outras Receitas Correntes; Outras Receitas; Outras Receitas No Arrecadadas e No Projetadas pela RFB - Primrias; Outras Receitas No Arrecadadas e No Projetadas pela RFB - Primrias - Principal; Arrecadaes; SECRETARIA DE ADMINISTRAO E FINANAS; SECRETARIA DE ADMINISTRAO E FINANAS; SECRETARIA DE ADMINISTRAO E FINANAS; R$ 446.182,00; R$ 446.182,00; R$ 0,00; R$ 0,00; R$ 8.865,31; R$ 8.865,31; R$ 446.182,00; 1.99
 19999921000000; Outras Receitas No Arrecadadas e No Projetadas pela RFB - Primrias - Principal; Receitas Correntes; Outras Receitas Correntes; Demais Receitas Correntes; Outras Receitas No Arrecadadas e No Projetadas pela RFB - Primrias - Principal; Outras Receitas Correntes; Outras Receitas; Outras Receitas No Arrecadadas e No Projetadas pela RFB - Primrias; Outras Receitas Correntes; Outras Receitas; Outras Receitas No Arrecadadas e No Projetadas pela RFB - Primrias; Outras Receitas No Arrecadadas e No Projetadas pela RFB - Primrias - Principal; Arrecadaes; SECRETARIA DE ADMINISTRAO E FINANAS; SECRETARIA DE ADMINISTRAO E FINANAS; SECRETARIA DE ADMINISTRAO E FINANAS; R$ 0,00; R$ 0,00; R$ 0,00; R$ 0,00; R$ 7.489,08; R$ 16.354,39; R$ 0,00; 0.0
 19999921000000; Outras Receitas No Arrecadadas e No Projetadas pela RFB - Primrias - Principal; Receitas Correntes; Outras Receitas Correntes; Demais Receitas Correntes; Outras Receitas No Arrecadadas e No Projetadas pela RFB - Primrias - Principal; Outras Receitas Correntes; Outras Receitas; Outras Receitas No Arrecadadas e No Projetadas pela RFB - Primrias; Outras Receitas Correntes; Outras Receitas; Outras Receitas No Arrecadadas e No Projetadas pela RFB - Primrias; Outras Receitas No Arrecadadas e No Projetadas pela RFB - Primrias - Principal; Arrecadaes; SECRETARIA DE ADMINISTRAO E FINANAS; SECRETARIA DE ADMINISTRAO E FINANAS; SECRETARIA DE ADMINISTRAO E FINANAS; R$ 0,00; R$ 0,00; R$ 0,00; R$ 0,00; R$ 6.311,42; R$ 22.665,81; R$ 0,00; 0.0
 19999921000000; Outras Receitas No Arrecadadas e No Projetadas pela RFB - Primrias - Principal; Receitas Correntes; Outras Receitas Correntes; Demais Receitas Correntes; Outras Receitas No Arrecadadas e No Projetadas pela RFB - Primrias - Principal; Outras Receitas Correntes; Outras Receitas; Outras Receitas No Arrecadadas e No Projetadas pela RFB - Primrias; Outras Receitas Correntes; Outras Receitas; Outras Receitas No Arrecadadas e No Projetadas pela RFB - Primrias; Outras Receitas No Arrecadadas e No Projetadas pela RFB - Primrias - Principal; Arrecadaes; SECRETARIA DE ADMINISTRAO E FINANAS; SECRETARIA DE ADMINISTRAO E FINANAS; SECRETARIA DE ADMINISTRAO E FINANAS; R$ 0,00; R$ 0,00; R$ 0,00; R$ 0,00; R$ 9.224,95; R$ 31.890,76; R$ 0,00; 0.0
 19999921000000; Outras Receitas No Arrecadadas e No Projetadas pela RFB - Primrias - Principal; Receitas Correntes; Outras Receitas Correntes; Demais Receitas Correntes; Outras Receitas No Arrecadadas e No Projetadas pela RFB - Primrias - Principal; Outras Receitas Correntes; Outras Receitas; Outras Receitas No Arrecadadas e No Projetadas pela RFB - Primrias; Outras Receitas Correntes; Outras Receitas; Outras Receitas No Arrecadadas e No Projetadas pela RFB - Primrias; Outras Receitas No Arrecadadas e No Projetadas pela RFB - Primrias - Principal; Arrecadaes; SECRETARIA DE ADMINISTRAO E FINANAS; SECRETARIA DE ADMINISTRAO E FINANAS; SECRETARIA DE ADMINISTRAO E FINANAS; R$ 0,00; R$ 0,00; R$ 0,00; R$ 0,00; R$ 5.624,74; R$ 37.515,50; R$ 0,00; 0.0
 19999921000000; Outras Receitas No Arrecadadas e No Projetadas pela RFB - Primrias - Principal; Receitas Correntes; Outras Receitas Correntes; Demais Receitas Correntes; Outras Receitas No Arrecadadas e No Projetadas pela RFB - Primrias - Principal; Outras Receitas Correntes; Outras Receitas; Outras Receitas No Arrecadadas e No Projetadas pela RFB - Primrias; Outras Receitas Correntes; Outras Receitas; Outras Receitas No Arrecadadas e No Projetadas pela RFB - Primrias; Outras Receitas No Arrecadadas e No Projetadas pela RFB - Primrias - Principal; Arrecadaes; SECRETARIA DE ADMINISTRAO E FINANAS; SECRETARIA DE ADMINISTRAO E FINANAS; SECRETARIA DE ADMINISTRAO E FINANAS; R$ 0,00; R$ 0,00; R$ 0,00; R$ 0,00; R$ 6.547,86; R$ 44.063,36; R$ 0,00; 0.0
 19999921000000; Outras Receitas No Arrecadadas e No Projetadas pela RFB - Primrias - Principal; Receitas Correntes; Outras Receitas Correntes; Demais Receitas Correntes; Outras Receitas No Arrecadadas e No Projetadas pela RFB - Primrias - Principal; Outras Receitas Correntes; Outras Receitas; Outras Receitas No Arrecadadas e No Projetadas pela RFB - Primrias; Outras Receitas Correntes; Outras Receitas; Outras Receitas No Arrecadadas e No Projetadas pela RFB - Primrias; Outras Receitas No Arrecadadas e No Projetadas pela RFB - Primrias - Principal; Arrecadaes; SECRETARIA DE ADMINISTRAO E FINANAS; SECRETARIA DE ADMINISTRAO E FINANAS; SECRETARIA DE ADMINISTRAO E FINANAS; R$ 0,00; R$ 0,00; R$ 0,00; R$ 0,00; R$ 6.153,60; R$ 50.216,96; R$ 0,00; 0.0
 19999921000000; Outras Receitas No Arrecadadas e No Projetadas pela RFB - Primrias - Principal; Receitas Correntes; Outras Receitas Correntes; Demais Receitas Correntes; Outras Receitas No Arrecadadas e No Projetadas pela RFB - Primrias - Principal; Outras Receitas Correntes; Outras Receitas; Outras Receitas No Arrecadadas e No Projetadas pela RFB - Primrias; Outras Receitas Correntes; Outras Receitas; Outras Receitas No Arrecadadas e No Projetadas pela RFB - Primrias; Outras Receitas No Arrecadadas e No Projetadas pela RFB - Primrias - Principal; Arrecadaes; SECRETARIA DE ADMINISTRAO E FINANAS; SECRETARIA DE ADMINISTRAO E FINANAS; SECRETARIA DE ADMINISTRAO E FINANAS; R$ 0,00; R$ 0,00; R$ 0,00; R$ 0,00; R$ 7.584,85; R$ 57.801,81; R$ 0,00; 0.0
 19999921000000; Outras Receitas No Arrecadadas e No Projetadas pela RFB - Primrias - Principal; Receitas Correntes; Outras Receitas Correntes; Demais Receitas Correntes; Outras Receitas No Arrecadadas e No Projetadas pela RFB - Primrias - Principal; Outras Receitas Correntes; Outras Receitas; Outras Receitas No Arrecadadas e No Projetadas pela RFB - Primrias; Outras Receitas Correntes; Outras Receitas; Outras Receitas No Arrecadadas e No Projetadas pela RFB - Primrias; Outras Receitas No Arrecadadas e No Projetadas pela RFB - Primrias - Principal; Arrecadaes; SECRETARIA DE ADMINISTRAO E FINANAS; SECRETARIA DE ADMINISTRAO E FINANAS; SECRETARIA DE ADMINISTRAO E FINANAS; R$ 0,00; R$ 0,00; R$ 0,00; R$ 0,00; R$ 8.482,29; R$ 66.284,10; R$ 0,00; 0.0
 19999921000000; Outras Receitas No Arrecadadas e No Projetadas pela RFB - Primrias - Principal; Receitas Correntes; Outras Receitas Correntes; Demais Receitas Correntes; Outras Receitas No Arrecadadas e No Projetadas pela RFB - Primrias - Principal; Outras Receitas Correntes; Outras Receitas; Outras Receitas No Arrecadadas e No Projetadas pela RFB - Primrias; Outras Receitas Correntes; Outras Receitas; Outras Receitas No Arrecadadas e No Projetadas pela RFB - Primrias; Outras Receitas No Arrecadadas e No Projetadas pela RFB - Primrias - Principal; Arrecadaes; SECRETARIA DE ADMINISTRAO E FINANAS; SECRETARIA DE ADMINISTRAO E FINANAS; SECRETARIA DE ADMINISTRAO E FINANAS; R$ 0,00; R$ 0,00; R$ 0,00; R$ 0,00; R$ 9.524,62; R$ 75.808,72; R$ 0,00; 0.0
 19999921000000; Outras Receitas No Arrecadadas e No Projetadas pela RFB - Primrias - Principal; Receitas Correntes; Outras Receitas Correntes; Demais Receitas Correntes; Outras Receitas No Arrecadadas e No Projetadas pela RFB - Primrias - Principal; Outras Receitas Correntes; Outras Receitas; Outras Receitas No Arrecadadas e No Projetadas pela RFB - Primrias; Outras Receitas Correntes; Outras Receitas; Outras Receitas No Arrecadadas e No Projetadas pela RFB - Primrias; Outras Receitas No Arrecadadas e No Projetadas pela RFB - Primrias - Principal; Arrecadaes; SECRETARIA DE ADMINISTRAO E FINANAS; SECRETARIA DE ADMINISTRAO E FINANAS; SECRETARIA DE ADMINISTRAO E FINANAS; R$ 0,00; R$ 0,00; R$ 0,00; R$ 0,00; R$ 10.341,98; R$ 86.150,70; R$ 0,00; 0.0
 19999921000000; Outras Receitas No Arrecadadas e No Projetadas pela RFB - Primrias - Principal; Receitas Correntes; Outras Receitas Correntes; Demais Receitas Correntes; Outras Receitas No Arrecadadas e No Projetadas pela RFB - Primrias - Principal; Outras Receitas Correntes; Outras Receitas; Outras Receitas No Arrecadadas e No Projetadas pela RFB - Primrias; Outras Receitas Correntes; Outras Receitas; Outras Receitas No Arrecadadas e No Projetadas pela RFB - Primrias; Outras Receitas No Arrecadadas e No Projetadas pela RFB - Primrias - Principal; Arrecadaes; SECRETARIA DE ADMINISTRAO E FINANAS; SECRETARIA DE ADMINISTRAO E FINANAS; SECRETARIA DE ADMINISTRAO E FINANAS; R$ 0,00; R$ 0,00; R$ 0,00; R$ 0,00; R$ 11.568,99; R$ 97.719,69; R$ 0,00; 0.0
 13210101019920; Remun Dep Banc Vinculados- Imp. TEV.; Receitas Correntes; Receita Patrimonial; Valores Mobiliários; Remuneração de Depósitos Bancários - Principal; Juros e Correções Monetárias; Remuneração de Depósitos Bancários; ; Juros e Correções Monetárias; Remuneração de Depósitos Bancários; Não se aplica; Remun Dep Banc Vinculados- Imp. TEV.; Arrecadações; SECRETARIA DE ADMINISTRAÇÃO E FINANÇAS; SECRETARIA DE ADMINISTRAÇÃO E FINANÇAS; SECRETARIA DE ADMINISTRAÇÃO E FINANÇAS; R$ 0,00; R$ 0,00; R$ 0,00; R$ 0,00; R$ 177,14; R$ 177,14; R$ 0,00; 0.0
 13210101019920; Remun Dep Banc Vinculados- Imp. TEV.; Receitas Correntes; Receita Patrimonial; Valores Mobiliários; Remuneração de Depósitos Bancários - Principal; Juros e Correções Monetárias; Remuneração de Depósitos Bancários; ; Juros e Correções Monetárias; Remuneração de Depósitos Bancários; Não se aplica; Remun Dep Banc Vinculados- Imp. TEV.; Arrecadações; SECRETARIA DE ADMINISTRAÇÃO E FINANÇAS; SECRETARIA DE ADMINISTRAÇÃO E FINANÇAS; SECRETARIA DE ADMINISTRAÇÃO E FINANÇAS; R$ 0,00; R$ 0,00; R$ 0,00; R$ 0,00; R$ 146,68; R$ 323,82; R$ 0,00; 0.0
 13210101019920; Remun Dep Banc Vinculados- Imp. TEV.; Receitas Correntes; Receita Patrimonial; Valores Mobiliários; Remuneração de Depósitos Bancários - Principal; Juros e Correções Monetárias; Remuneração de Depósitos Bancários; ; Juros e Correções Monetárias; Remuneração de Depósitos Bancários; Não se aplica; Remun Dep Banc Vinculados- Imp. TEV.; Arrecadações; SECRETARIA DE ADMINISTRAÇÃO E FINANÇAS; SECRETARIA DE ADMINISTRAÇÃO E FINANÇAS; SECRETARIA DE ADMINISTRAÇÃO E FINANÇAS; R$ 0,00; R$ 0,00; R$ 0,00; R$ 0,00; R$ 64,71; R$ 388,53; R$ 0,00; 0.0
 13210101019920; Remun Dep Banc Vinculados- Imp. TEV.; Receitas Correntes; Receita Patrimonial; Valores Mobiliários; Remuneração de Depósitos Bancários - Principal; Juros e Correções Monetárias; Remuneração de Depósitos Bancários; ; Juros e Correções Monetárias; Remuneração de Depósitos Bancários; Não se aplica; Remun Dep Banc Vinculados- Imp. TEV.; Arrecadações; SECRETARIA DE ADMINISTRAÇÃO E FINANÇAS; SECRETARIA DE ADMINISTRAÇÃO E FINANÇAS; SECRETARIA DE ADMINISTRAÇÃO E FINANÇAS; R$ 0,00; R$ 0,00; R$ 0,00; R$ 0,00; R$ 0,00; R$ 388,53; R$ 0,00; 0.0
 13210101020000; Remuneração de Depósitos Bancários - Não Vinculados; Receitas Correntes; Receita Patrimonial; Valores Mobiliários; Remuneração de Depósitos Bancários - Principal; Juros e Correções Monetárias; Remuneração de Depósitos Bancários; ; Juros e Correções Monetárias; Remuneração de Depósitos Bancários; Não se aplica; Remuneração de Depósitos Bancários - Não Vinculados; Arrecadações; SECRETARIA DE ADMINISTRAÇÃO E FINANÇAS; SECRETARIA DE ADMINISTRAÇÃO E FINANÇAS; SECRETARIA DE ADMINISTRAÇÃO E FINANÇAS; R$ 190.185,00; R$ 190.185,00; R$ 0,00; R$ 0,00; R$ 49.268,45; R$ 49.268,45; R$ 190.185,00; 25.91
 13210101020000; Remuneração de Depósitos Bancários - Não Vinculados; Receitas Correntes; Receita Patrimonial; Valores Mobiliários; Remuneração de Depósitos Bancários - Principal; Juros e Correções Monetárias; Remuneração de Depósitos Bancários; ; Juros e Correções Monetárias; Remuneração de Depósitos Bancários; Não se aplica; Remuneração de Depósitos Bancários - Não Vinculados; Arrecadações; SECRETARIA DE ADMINISTRAÇÃO E FINANÇAS; SECRETARIA DE ADMINISTRAÇÃO E FINANÇAS; SECRETARIA DE ADMINISTRAÇÃO E FINANÇAS; R$ 0,00; R$ 0,00; R$ 0,00; R$ 0,00; R$ 50.562,93; R$ 99.831,38; R$ 0,00; 0.0
 13210101020000; Remuneração de Depósitos Bancários - Não Vinculados; Receitas Correntes; Receita Patrimonial; Valores Mobiliários; Remuneração de Depósitos Bancários - Principal; Juros e Correções Monetárias; Remuneração de Depósitos Bancários; ; Juros e Correções Monetárias; Remuneração de Depósitos Bancários; Não se aplica; Remuneração de Depósitos Bancários - Não Vinculados; Arrecadações; SECRETARIA DE ADMINISTRAÇÃO E FINANÇAS; SECRETARIA DE ADMINISTRAÇÃO E FINANÇAS; SECRETARIA DE ADMINISTRAÇÃO E FINANÇAS; R$ 0,00; R$ 0,00; R$ 0,00; R$ 0,00; R$ 50.674,15; R$ 150.505,53; R$ 0,00; 0.0
 13210101020000; Remuneração de Depósitos Bancários - Não Vinculados; Receitas Correntes; Receita Patrimonial; Valores Mobiliários; Remuneração de Depósitos Bancários - Principal; Juros e Correções Monetárias; Remuneração de Depósitos Bancários; ; Juros e Correções Monetárias; Remuneração de Depósitos Bancários; Não se aplica; Remuneração de Depósitos Bancários - Não Vinculados; Arrecadações; SECRETARIA DE ADMINISTRAÇÃO E FINANÇAS; SECRETARIA DE ADMINISTRAÇÃO E FINANÇAS; SECRETARIA DE ADMINISTRAÇÃO E FINANÇAS; R$ 0,00; R$ 0,00; R$ 0,00; R$ 0,00; R$ 46.606,32; R$ 197.111,85; R$ 0,00; 0.0
 13210101020000; Remuneração de Depósitos Bancários - Não Vinculados; Receitas Correntes; Receita Patrimonial; Valores Mobiliários; Remuneração de Depósitos Bancários - Principal; Juros e Correções Monetárias; Remuneração de Depósitos Bancários; ; Juros e Correções Monetárias; Remuneração de Depósitos Bancários; Não se aplica; Remuneração de Depósitos Bancários - Não Vinculados; Arrecadações; SECRETARIA DE ADMINISTRAÇÃO E FINANÇAS; SECRETARIA DE ADMINISTRAÇÃO E FINANÇAS; SECRETARIA DE ADMINISTRAÇÃO E FINANÇAS; R$ 0,00; R$ 0,00; R$ 0,00; R$ 0,00; R$ 34.138,52; R$ 231.250,37; R$ 0,00; 0.0
 13210101020000; Remuneração de Depósitos Bancários - Não Vinculados; Receitas Correntes; Receita Patrimonial; Valores Mobiliários; Remuneração de Depósitos Bancários - Principal; Juros e Correções Monetárias; Remuneração de Depósitos Bancários; ; Juros e Correções Monetárias; Remuneração de Depósitos Bancários; Não se aplica; Remuneração de Depósitos Bancários - Não Vinculados; Arrecadações; SECRETARIA DE ADMINISTRAÇÃO E FINANÇAS; SECRETARIA DE ADMINISTRAÇÃO E FINANÇAS; SECRETARIA DE ADMINISTRAÇÃO E FINANÇAS; R$ 0,00; R$ 0,00; R$ 0,00; R$ 0,00; R$ 45.572,96; R$ 276.823,33; R$ 0,00; 0.0
 13210101020000; Remuneração de Depósitos Bancários - Não Vinculados; Receitas Correntes; Receita Patrimonial; Valores Mobiliários; Remuneração de Depósitos Bancários - Principal; Juros e Correções Monetárias; Remuneração de Depósitos Bancários; ; Juros e Correções Monetárias; Remuneração de Depósitos Bancários; Não se aplica; Remuneração de Depósitos Bancários - Não Vinculados; Arrecadações; SECRETARIA DE ADMINISTRAÇÃO E FINANÇAS; SECRETARIA DE ADMINISTRAÇÃO E FINANÇAS; SECRETARIA DE ADMINISTRAÇÃO E FINANÇAS; R$ 0,00; R$ 0,00; R$ 0,00; R$ 0,00; R$ -19.910,47; R$ 256.912,86; R$ 0,00; 0.0
 13210101020000; Remuneração de Depósitos Bancários - Não Vinculados; Receitas Correntes; Receita Patrimonial; Valores Mobiliários; Remuneração de Depósitos Bancários - Principal; Juros e Correções Monetárias; Remuneração de Depósitos Bancários; ; Juros e Correções Monetárias; Remuneração de Depósitos Bancários; Não se aplica; Remuneração de Depósitos Bancários - Não Vinculados; Arrecadações; SECRETARIA DE ADMINISTRAÇÃO E FINANÇAS; SECRETARIA DE ADMINISTRAÇÃO E FINANÇAS; SECRETARIA DE ADMINISTRAÇÃO E FINANÇAS; R$ 0,00; R$ 0,00; R$ 0,00; R$ 0,00; R$ 15.908,26; R$ 272.821,12; R$ 0,00; 0.0
 13210101020000; Remuneração de Depósitos Bancários - Não Vinculados; Receitas Correntes; Receita Patrimonial; Valores Mobiliários; Remuneração de Depósitos Bancários - Principal; Juros e Correções Monetárias; Remuneração de Depósitos Bancários; ; Juros e Correções Monetárias; Remuneração de Depósitos Bancários; Não se aplica; Remuneração de Depósitos Bancários - Não Vinculados; Arrecadações; SECRETARIA DE ADMINISTRAÇÃO E FINANÇAS; SECRETARIA DE ADMINISTRAÇÃO E FINANÇAS; SECRETARIA DE ADMINISTRAÇÃO E FINANÇAS; R$ 0,00; R$ 0,00; R$ 0,00; R$ 0,00; R$ 11.584,77; R$ 284.405,89; R$ 0,00; 0.0
 13210101020000; Remuneração de Depósitos Bancários - Não Vinculados; Receitas Correntes; Receita Patrimonial; Valores Mobiliários; Remuneração de Depósitos Bancários - Principal; Juros e Correções Monetárias; Remuneração de Depósitos Bancários; ; Juros e Correções Monetárias; Remuneração de Depósitos Bancários; Não se aplica; Remuneração de Depósitos Bancários - Não Vinculados; Arrecadações; SECRETARIA DE ADMINISTRAÇÃO E FINANÇAS; SECRETARIA DE ADMINISTRAÇÃO E FINANÇAS; SECRETARIA DE ADMINISTRAÇÃO E FINANÇAS; R$ 0,00; R$ 0,00; R$ 0,00; R$ 0,00; R$ 12.810,60; R$ 297.216,49; R$ 0,00; 0.0
 13210101020000; Remuneração de Depósitos Bancários - Não Vinculados; Receitas Correntes; Receita Patrimonial; Valores Mobiliários; Remuneração de Depósitos Bancários - Principal; Juros e Correções Monetárias; Remuneração de Depósitos Bancários; ; Juros e Correções Monetárias; Remuneração de Depósitos Bancários; Não se aplica; Remuneração de Depósitos Bancários - Não Vinculados; Arrecadações; SECRETARIA DE ADMINISTRAÇÃO E FINANÇAS; SECRETARIA DE ADMINISTRAÇÃO E FINANÇAS; SECRETARIA DE ADMINISTRAÇÃO E FINANÇAS; R$ 0,00; R$ 0,00; R$ 0,00; R$ 0,00; R$ 16.214,75; R$ 313.431,24; R$ 0,00; 0.0
 13210101020000; Remuneração de Depósitos Bancários - Não Vinculados; Receitas Correntes; Receita Patrimonial; Valores Mobiliários; Remuneração de Depósitos Bancários - Principal; Juros e Correções Monetárias; Remuneração de Depósitos Bancários; ; Juros e Correções Monetárias; Remuneração de Depósitos Bancários; Não se aplica; Remuneração de Depósitos Bancários - Não Vinculados; Arrecadações; SECRETARIA DE ADMINISTRAÇÃO E FINANÇAS; SECRETARIA DE ADMINISTRAÇÃO E FINANÇAS; SECRETARIA DE ADMINISTRAÇÃO E FINANÇAS; R$ 0,00; R$ 0,00; R$ 0,00; R$ 0,00; R$ 17.821,47; R$ 331.252,71; R$ 0,00; 0.0
 19110101010000; Multas de Trânsito; Receitas Correntes; Outras Receitas Correntes; Multas Administrativas, Contratuais e Judiciais; Multas Previstas em Legislação Específica - Principal; Multas Administrativas; Multas Previstas em Legislação Específica; ; Multas Administrativas; Multas Previstas em Legislação Específica; Não se aplica; Multas de Trânsito; Arrecadações; SECRETARIA DE ADMINISTRAÇÃO E FINANÇAS; SECRETARIA DE ADMINISTRAÇÃO E FINANÇAS; SECRETARIA DE ADMINISTRAÇÃO E FINANÇAS; R$ 614.520,00; R$ 614.520,00; R$ 0,00; R$ 0,00; R$ 0,00; R$ 0,00; R$ 614.520,00; 0.0
 13210101019905; Rec.de Remun. Dep. Banc. Vinculados - Conv. Transito Civil; Receitas Correntes; Receita Patrimonial; Valores Mobiliários; Remuneração de Depósitos Bancários - Principal; Juros e Correções Monetárias; Remuneração de Depósitos Bancários; ; Juros e Correções Monetárias; Remuneração de Depósitos Bancários; Não se aplica; Rec.de Remun. Dep. Banc. Vinculados - Conv. Transito Civil; Arrecadações; SECRETARIA DE ADMINISTRAÇÃO E FINANÇAS; SECRETARIA DE ADMINISTRAÇÃO E FINANÇAS; SECRETARIA DE ADMINISTRAÇÃO E FINANÇAS; R$ 0,00; R$ 0,00; R$ 0,00; R$ 0,00; R$ 2.639,32; R$ 2.639,32; R$ 0,00; 0.0
 13210101019905; Rec.de Remun. Dep. Banc. Vinculados - Conv. Transito Civil; Receitas Correntes; Receita Patrimonial; Valores Mobiliários; Remuneração de Depósitos Bancários - Principal; Juros e Correções Monetárias; Remuneração de Depósitos Bancários; ; Juros e Correções Monetárias; Remuneração de Depósitos Bancários; Não se aplica; Rec.de Remun. Dep. Banc. Vinculados - Conv. Transito Civil; Arrecadações; SECRETARIA DE ADMINISTRAÇÃO E FINANÇAS; SECRETARIA DE ADMINISTRAÇÃO E FINANÇAS; SECRETARIA DE ADMINISTRAÇÃO E FINANÇAS; R$ 0,00; R$ 0,00; R$ 0,00; R$ 0,00; R$ 2.027,15; R$ 4.666,47; R$ 0,00; 0.0
 19110101010000; Multas de Trânsito; Receitas Correntes; Outras Receitas Correntes; Multas Administrativas, Contratuais e Judiciais; Multas Previstas em Legislação Específica - Principal; Multas Administrativas; Multas Previstas em Legislação Específica; ; Multas Administrativas; Multas Previstas em Legislação Específica; Não se aplica; Multas de Trânsito; Arrecadações; SECRETARIA DE ADMINISTRAÇÃO E FINANÇAS; SECRETARIA DE ADMINISTRAÇÃO E FINANÇAS; SECRETARIA DE ADMINISTRAÇÃO E FINANÇAS; R$ 0,00; R$ 0,00; R$ 0,00; R$ 0,00; R$ 144.955,30; R$ 144.955,30; R$ 0,00; 0.0
 13210101019905; Rec.de Remun. Dep. Banc. Vinculados - Conv. Transito Civil; Receitas Correntes; Receita Patrimonial; Valores Mobiliários; Remuneração de Depósitos Bancários - Principal; Juros e Correções Monetárias; Remuneração de Depósitos Bancários; ; Juros e Correções Monetárias; Remuneração de Depósitos Bancários; Não se aplica; Rec.de Remun. Dep. Banc. Vinculados - Conv. Transito Civil; Arrecadações; SECRETARIA DE ADMINISTRAÇÃO E FINANÇAS; SECRETARIA DE ADMINISTRAÇÃO E FINANÇAS; SECRETARIA DE ADMINISTRAÇÃO E FINANÇAS; R$ 0,00; R$ 0,00; R$ 0,00; R$ 0,00; R$ 2.162,76; R$ 6.829,23; R$ 0,00; 0.0
 13210101019905; Rec.de Remun. Dep. Banc. Vinculados - Conv. Transito Civil; Receitas Correntes; Receita Patrimonial; Valores Mobiliários; Remuneração de Depósitos Bancários - Principal; Juros e Correções Monetárias; Remuneração de Depósitos Bancários; ; Juros e Correções Monetárias; Remuneração de Depósitos Bancários; Não se aplica; Rec.de Remun. Dep. Banc. Vinculados - Conv. Transito Civil; Arrecadações; SECRETARIA DE ADMINISTRAÇÃO E FINANÇAS; SECRETARIA DE ADMINISTRAÇÃO E FINANÇAS; SECRETARIA DE ADMINISTRAÇÃO E FINANÇAS; R$ 0,00; R$ 0,00; R$ 0,00; R$ 0,00; R$ 2.241,36; R$ 9.070,59; R$ 0,00; 0.0
 19110101010000; Multas de Trânsito; Receitas Correntes; Outras Receitas Correntes; Multas Administrativas, Contratuais e Judiciais; Multas Previstas em Legislação Específica - Principal; Multas Administrativas; Multas Previstas em Legislação Específica; ; Multas Administrativas; Multas Previstas em Legislação Específica; Não se aplica; Multas de Trânsito; Arrecadações; SECRETARIA DE ADMINISTRAÇÃO E FINANÇAS; SECRETARIA DE ADMINISTRAÇÃO E FINANÇAS; SECRETARIA DE ADMINISTRAÇÃO E FINANÇAS; R$ 0,00; R$ 0,00; R$ 0,00; R$ 0,00; R$ 95.405,82; R$ 240.361,12; R$ 0,00; 0.0
 13210101019905; Rec.de Remun. Dep. Banc. Vinculados - Conv. Transito Civil; Receitas Correntes; Receita Patrimonial; Valores Mobiliários; Remuneração de Depósitos Bancários - Principal; Juros e Correções Monetárias; Remuneração de Depósitos Bancários; ; Juros e Correções Monetárias; Remuneração de Depósitos Bancários; Não se aplica; Rec.de Remun. Dep. Banc. Vinculados - Conv. Transito Civil; Arrecadações; SECRETARIA DE ADMINISTRAÇÃO E FINANÇAS; SECRETARIA DE ADMINISTRAÇÃO E FINANÇAS; SECRETARIA DE ADMINISTRAÇÃO E FINANÇAS; R$ 0,00; R$ 0,00; R$ 0,00; R$ 0,00; R$ 2.088,34; R$ 11.158,93; R$ 0,00; 0.0
 19110101010000; Multas de Trânsito; Receitas Correntes; Outras Receitas Correntes; Multas Administrativas, Contratuais e Judiciais; Multas Previstas em Legislação Específica - Principal; Multas Administrativas; Multas Previstas em Legislação Específica; ; Multas Administrativas; Multas Previstas em Legislação Específica; Não se aplica; Multas de Trânsito; Arrecadações; SECRETARIA DE ADMINISTRAÇÃO E FINANÇAS; SECRETARIA DE ADMINISTRAÇÃO E FINANÇAS; SECRETARIA DE ADMINISTRAÇÃO E FINANÇAS; R$ 0,00; R$ 0,00; R$ 0,00; R$ 0,00; R$ 54.943,82; R$ 295.304,94; R$ 0,00; 0.0
 13210101019905; Rec.de Remun. Dep. Banc. Vinculados - Conv. Transito Civil; Receitas Correntes; Receita Patrimonial; Valores Mobiliários; Remuneração de Depósitos Bancários - Principal; Juros e Correções Monetárias; Remuneração de Depósitos Bancários; ; Juros e Correções Monetárias; Remuneração de Depósitos Bancários; Não se aplica; Rec.de Remun. Dep. Banc. Vinculados - Conv. Transito Civil; Arrecadações; SECRETARIA DE ADMINISTRAÇÃO E FINANÇAS; SECRETARIA DE ADMINISTRAÇÃO E FINANÇAS; SECRETARIA DE ADMINISTRAÇÃO E FINANÇAS; R$ 0,00; R$ 0,00; R$ 0,00; R$ 0,00; R$ 1.905,46; R$ 13.064,39; R$ 0,00; 0.0
 19110101010000; Multas de Trânsito; Receitas Correntes; Outras Receitas Correntes; Multas Administrativas, Contratuais e Judiciais; Multas Previstas em Legislação Específica - Principal; Multas Administrativas; Multas Previstas em Legislação Específica; ; Multas Administrativas; Multas Previstas em Legislação Específica; Não se aplica; Multas de Trânsito; Arrecadações; SECRETARIA DE ADMINISTRAÇÃO E FINANÇAS; SECRETARIA DE ADMINISTRAÇÃO E FINANÇAS; SECRETARIA DE ADMINISTRAÇÃO E FINANÇAS; R$ 0,00; R$ 0,00; R$ 0,00; R$ 0,00; R$ 135.621,23; R$ 430.926,17; R$ 0,00; 0.0
 13210101019905; Rec.de Remun. Dep. Banc. Vinculados - Conv. Transito Civil; Receitas Correntes; Receita Patrimonial; Valores Mobiliários; Remuneração de Depósitos Bancários - Principal; Juros e Correções Monetárias; Remuneração de Depósitos Bancários; ; Juros e Correções Monetárias; Remuneração de Depósitos Bancários; Não se aplica; Rec.de Remun. Dep. Banc. Vinculados - Conv. Transito Civil; Arrecadações; SECRETARIA DE ADMINISTRAÇÃO E FINANÇAS; SECRETARIA DE ADMINISTRAÇÃO E FINANÇAS; SECRETARIA DE ADMINISTRAÇÃO E FINANÇAS; R$ 0,00; R$ 0,00; R$ 0,00; R$ 0,00; R$ 2.198,32; R$ 15.262,71; R$ 0,00; 0.0
 19110101010000; Multas de Trânsito; Receitas Correntes; Outras Receitas Correntes; Multas Administrativas, Contratuais e Judiciais; Multas Previstas em Legislação Específica - Principal; Multas Administrativas; Multas Previstas em Legislação Específica; ; Multas Administrativas; Multas Previstas em Legislação Específica; Não se aplica; Multas de Trânsito; Arrecadações; SECRETARIA DE ADMINISTRAÇÃO E FINANÇAS; SECRETARIA DE ADMINISTRAÇÃO E FINANÇAS; SECRETARIA DE ADMINISTRAÇÃO E FINANÇAS; R$ 0,00; R$ 0,00; R$ 0,00; R$ 0,00; R$ 78.517,37; R$ 509.443,54; R$ 0,00; 0.0
 13210101019905; Rec.de Remun. Dep. Banc. Vinculados - Conv. Transito Civil; Receitas Correntes; Receita Patrimonial; Valores Mobiliários; Remuneração de Depósitos Bancários - Principal; Juros e Correções Monetárias; Remuneração de Depósitos Bancários; ; Juros e Correções Monetárias; Remuneração de Depósitos Bancários; Não se aplica; Rec.de Remun. Dep. Banc. Vinculados - Conv. Transito Civil; Arrecadações; SECRETARIA DE ADMINISTRAÇÃO E FINANÇAS; SECRETARIA DE ADMINISTRAÇÃO E FINANÇAS; SECRETARIA DE ADMINISTRAÇÃO E FINANÇAS; R$ 0,00; R$ 0,00; R$ 0,00; R$ 0,00; R$ 2.305,63; R$ 17.568,34; R$ 0,00; 0.0
 19110101010000; Multas de Trânsito; Receitas Correntes; Outras Receitas Correntes; Multas Administrativas, Contratuais e Judiciais; Multas Previstas em Legislação Específica - Principal; Multas Administrativas; Multas Previstas em Legislação Específica; ; Multas Administrativas; Multas Previstas em Legislação Específica; Não se aplica; Multas de Trânsito; Arrecadações; SECRETARIA DE ADMINISTRAÇÃO E FINANÇAS; SECRETARIA DE ADMINISTRAÇÃO E FINANÇAS; SECRETARIA DE ADMINISTRAÇÃO E FINANÇAS; R$ 0,00; R$ 0,00; R$ 0,00; R$ 0,00; R$ 59.543,67; R$ 568.987,21; R$ 0,00; 0.0
 13210101019905; Rec.de Remun. Dep. Banc. Vinculados - Conv. Transito Civil; Receitas Correntes; Receita Patrimonial; Valores Mobiliários; Remuneração de Depósitos Bancários - Principal; Juros e Correções Monetárias; Remuneração de Depósitos Bancários; ; Juros e Correções Monetárias; Remuneração de Depósitos Bancários; Não se aplica; Rec.de Remun. Dep. Banc. Vinculados - Conv. Transito Civil; Arrecadações; SECRETARIA DE ADMINISTRAÇÃO E FINANÇAS; SECRETARIA DE ADMINISTRAÇÃO E FINANÇAS; SECRETARIA DE ADMINISTRAÇÃO E FINANÇAS; R$ 0,00; R$ 0,00; R$ 0,00; R$ 0,00; R$ 5.410,04; R$ 22.978,38; R$ 0,00; 0.0
 19110101010000; Multas de Trânsito; Receitas Correntes; Outras Receitas Correntes; Multas Administrativas, Contratuais e Judiciais; Multas Previstas em Legislação Específica - Principal; Multas Administrativas; Multas Previstas em Legislação Específica; ; Multas Administrativas; Multas Previstas em Legislação Específica; Não se aplica; Multas de Trânsito; Arrecadações; SECRETARIA DE ADMINISTRAÇÃO E FINANÇAS; SECRETARIA DE ADMINISTRAÇÃO E FINANÇAS; SECRETARIA DE ADMINISTRAÇÃO E FINANÇAS; R$ 0,00; R$ 0,00; R$ 0,00; R$ 0,00; R$ 51.277,76; R$ 620.264,97; R$ 0,00; 0.0
 13210101019905; Rec.de Remun. Dep. Banc. Vinculados - Conv. Transito Civil; Receitas Correntes; Receita Patrimonial; Valores Mobiliários; Remuneração de Depósitos Bancários - Principal; Juros e Correções Monetárias; Remuneração de Depósitos Bancários; ; Juros e Correções Monetárias; Remuneração de Depósitos Bancários; Não se aplica; Rec.de Remun. Dep. Banc. Vinculados - Conv. Transito Civil; Arrecadações; SECRETARIA DE ADMINISTRAÇÃO E FINANÇAS; SECRETARIA DE ADMINISTRAÇÃO E FINANÇAS; SECRETARIA DE ADMINISTRAÇÃO E FINANÇAS; R$ 0,00; R$ 0,00; R$ 0,00; R$ 0,00; R$ 6.145,76; R$ 29.124,14; R$ 0,00; 0.0
 19110101010000; Multas de Trânsito; Receitas Correntes; Outras Receitas Correntes; Multas Administrativas, Contratuais e Judiciais; Multas Previstas em Legislação Específica - Principal; Multas Administrativas; Multas Previstas em Legislação Específica; ; Multas Administrativas; Multas Previstas em Legislação Específica; Não se aplica; Multas de Trânsito; Arrecadações; SECRETARIA DE ADMINISTRAÇÃO E FINANÇAS; SECRETARIA DE ADMINISTRAÇÃO E FINANÇAS; SECRETARIA DE ADMINISTRAÇÃO E FINANÇAS; R$ 0,00; R$ 0,00; R$ 0,00; R$ 0,00; R$ 43.170,01; R$ 663.434,98; R$ 0,00; 0.0
 13210101019905; Rec.de Remun. Dep. Banc. Vinculados - Conv. Transito Civil; Receitas Correntes; Receita Patrimonial; Valores Mobiliários; Remuneração de Depósitos Bancários - Principal; Juros e Correções Monetárias; Remuneração de Depósitos Bancários; ; Juros e Correções Monetárias; Remuneração de Depósitos Bancários; Não se aplica; Rec.de Remun. Dep. Banc. Vinculados - Conv. Transito Civil; Arrecadações; SECRETARIA DE ADMINISTRAÇÃO E FINANÇAS; SECRETARIA DE ADMINISTRAÇÃO E FINANÇAS; SECRETARIA DE ADMINISTRAÇÃO E FINANÇAS; R$ 0,00; R$ 0,00; R$ 0,00; R$ 0,00; R$ 5.497,26; R$ 34.621,40; R$ 0,00; 0.0
 13210101019905; Rec.de Remun. Dep. Banc. Vinculados - Conv. Transito Civil; Receitas Correntes; Receita Patrimonial; Valores Mobiliários; Remuneração de Depósitos Bancários - Principal; Juros e Correções Monetárias; Remuneração de Depósitos Bancários; ; Juros e Correções Monetárias; Remuneração de Depósitos Bancários; Não se aplica; Rec.de Remun. Dep. Banc. Vinculados - Conv. Transito Civil; Arrecadações; SECRETARIA DE ADMINISTRAÇÃO E FINANÇAS; SECRETARIA DE ADMINISTRAÇÃO E FINANÇAS; SECRETARIA DE ADMINISTRAÇÃO E FINANÇAS; R$ 0,00; R$ 0,00; R$ 0,00; R$ 0,00; R$ -6.945,07; R$ 27.676,33; R$ 0,00; 0.0
 19110101010000; Multas de Trânsito; Receitas Correntes; Outras Receitas Correntes; Multas Administrativas, Contratuais e Judiciais; Multas Previstas em Legislação Específica - Principal; Multas Administrativas; Multas Previstas em Legislação Específica; ; Multas Administrativas; Multas Previstas em Legislação Específica; Não se aplica; Multas de Trânsito; Arrecadações; SECRETARIA DE ADMINISTRAÇÃO E FINANÇAS; SECRETARIA DE ADMINISTRAÇÃO E FINANÇAS; SECRETARIA DE ADMINISTRAÇÃO E FINANÇAS; R$ 0,00; R$ 0,00; R$ 0,00; R$ 0,00; R$ 67.870,21; R$ 731.305,19; R$ 0,00; 0.0
 13210101019906; Rec.de Remun. Dep. Banc. Vinculados - Conv.transito Militar; Receitas Correntes; Receita Patrimonial; Valores Mobiliários; Remuneração de Depósitos Bancários - Principal; Juros e Correções Monetárias; Remuneração de Depósitos Bancários; ; Juros e Correções Monetárias; Remuneração de Depósitos Bancários; Não se aplica; Rec.de Remun. Dep. Banc. Vinculados - Conv.transito Militar; Arrecadações; SECRETARIA DE ADMINISTRAÇÃO E FINANÇAS; SECRETARIA DE ADMINISTRAÇÃO E FINANÇAS; SECRETARIA DE ADMINISTRAÇÃO E FINANÇAS; R$ 0,00; R$ 0,00; R$ 0,00; R$ 0,00; R$ 3.310,00; R$ 3.310,00; R$ 0,00; 0.0
 13210101019906; Rec.de Remun. Dep. Banc. Vinculados - Conv.transito Militar; Receitas Correntes; Receita Patrimonial; Valores Mobiliários; Remuneração de Depósitos Bancários - Principal; Juros e Correções Monetárias; Remuneração de Depósitos Bancários; ; Juros e Correções Monetárias; Remuneração de Depósitos Bancários; Não se aplica; Rec.de Remun. Dep. Banc. Vinculados - Conv.transito Militar; Arrecadações; SECRETARIA DE ADMINISTRAÇÃO E FINANÇAS; SECRETARIA DE ADMINISTRAÇÃO E FINANÇAS; SECRETARIA DE ADMINISTRAÇÃO E FINANÇAS; R$ 0,00; R$ 0,00; R$ 0,00; R$ 0,00; R$ 2.615,52; R$ 5.925,52; R$ 0,00; 0.0
 13210101019906; Rec.de Remun. Dep. Banc. Vinculados - Conv.transito Militar; Receitas Correntes; Receita Patrimonial; Valores Mobiliários; Remuneração de Depósitos Bancários - Principal; Juros e Correções Monetárias; Remuneração de Depósitos Bancários; ; Juros e Correções Monetárias; Remuneração de Depósitos Bancários; Não se aplica; Rec.de Remun. Dep. Banc. Vinculados - Conv.transito Militar; Arrecadações; SECRETARIA DE ADMINISTRAÇÃO E FINANÇAS; SECRETARIA DE ADMINISTRAÇÃO E FINANÇAS; SECRETARIA DE ADMINISTRAÇÃO E FINANÇAS; R$ 0,00; R$ 0,00; R$ 0,00; R$ 0,00; R$ 2.795,24; R$ 8.720,76; R$ 0,00; 0.0
 13210101019906; Rec.de Remun. Dep. Banc. Vinculados - Conv.transito Militar; Receitas Correntes; Receita Patrimonial; Valores Mobiliários; Remuneração de Depósitos Bancários - Principal; Juros e Correções Monetárias; Remuneração de Depósitos Bancários; ; Juros e Correções Monetárias; Remuneração de Depósitos Bancários; Não se aplica; Rec.de Remun. Dep. Banc. Vinculados - Conv.transito Militar; Arrecadações; SECRETARIA DE ADMINISTRAÇÃO E FINANÇAS; SECRETARIA DE ADMINISTRAÇÃO E FINANÇAS; SECRETARIA DE ADMINISTRAÇÃO E FINANÇAS; R$ 0,00; R$ 0,00; R$ 0,00; R$ 0,00; R$ 2.963,41; R$ 11.684,17; R$ 0,00; 0.0
 13210101019906; Rec.de Remun. Dep. Banc. Vinculados - Conv.transito Militar; Receitas Correntes; Receita Patrimonial; Valores Mobiliários; Remuneração de Depósitos Bancários - Principal; Juros e Correções Monetárias; Remuneração de Depósitos Bancários; ; Juros e Correções Monetárias; Remuneração de Depósitos Bancários; Não se aplica; Rec.de Remun. Dep. Banc. Vinculados - Conv.transito Militar; Arrecadações; SECRETARIA DE ADMINISTRAÇÃO E FINANÇAS; SECRETARIA DE ADMINISTRAÇÃO E FINANÇAS; SECRETARIA DE ADMINISTRAÇÃO E FINANÇAS; R$ 0,00; R$ 0,00; R$ 0,00; R$ 0,00; R$ 2.895,48; R$ 14.579,65; R$ 0,00; 0.0
 13210101019906; Rec.de Remun. Dep. Banc. Vinculados - Conv.transito Militar; Receitas Correntes; Receita Patrimonial; Valores Mobiliários; Remuneração de Depósitos Bancários - Principal; Juros e Correções Monetárias; Remuneração de Depósitos Bancários; ; Juros e Correções Monetárias; Remuneração de Depósitos Bancários; Não se aplica; Rec.de Remun. Dep. Banc. Vinculados - Conv.transito Militar; Arrecadações; SECRETARIA DE ADMINISTRAÇÃO E FINANÇAS; SECRETARIA DE ADMINISTRAÇÃO E FINANÇAS; SECRETARIA DE ADMINISTRAÇÃO E FINANÇAS; R$ 0,00; R$ 0,00; R$ 0,00; R$ 0,00; R$ 2.740,04; R$ 17.319,69; R$ 0,00; 0.0
 13210101019906; Rec.de Remun. Dep. Banc. Vinculados - Conv.transito Militar; Receitas Correntes; Receita Patrimonial; Valores Mobiliários; Remuneração de Depósitos Bancários - Principal; Juros e Correções Monetárias; Remuneração de Depósitos Bancários; ; Juros e Correções Monetárias; Remuneração de Depósitos Bancários; Não se aplica; Rec.de Remun. Dep. Banc. Vinculados - Conv.transito Militar; Arrecadações; SECRETARIA DE ADMINISTRAÇÃO E FINANÇAS; SECRETARIA DE ADMINISTRAÇÃO E FINANÇAS; SECRETARIA DE ADMINISTRAÇÃO E FINANÇAS; R$ 0,00; R$ 0,00; R$ 0,00; R$ 0,00; R$ 3.182,73; R$ 20.502,42; R$ 0,00; 0.0
 13210101019906; Rec.de Remun. Dep. Banc. Vinculados - Conv.transito Militar; Receitas Correntes; Receita Patrimonial; Valores Mobiliários; Remuneração de Depósitos Bancários - Principal; Juros e Correções Monetárias; Remuneração de Depósitos Bancários; ; Juros e Correções Monetárias; Remuneração de Depósitos Bancários; Não se aplica; Rec.de Remun. Dep. Banc. Vinculados - Conv.transito Militar; Arrecadações; SECRETARIA DE ADMINISTRAÇÃO E FINANÇAS; SECRETARIA DE ADMINISTRAÇÃO E FINANÇAS; SECRETARIA DE ADMINISTRAÇÃO E FINANÇAS; R$ 0,00; R$ 0,00; R$ 0,00; R$ 0,00; R$ 3.276,04; R$ 23.778,46; R$ 0,00; 0.0
 13210101019906; Rec.de Remun. Dep. Banc. Vinculados - Conv.transito Militar; Receitas Correntes; Receita Patrimonial; Valores Mobiliários; Remuneração de Depósitos Bancários - Principal; Juros e Correções Monetárias; Remuneração de Depósitos Bancários; ; Juros e Correções Monetárias; Remuneração de Depósitos Bancários; Não se aplica; Rec.de Remun. Dep. Banc. Vinculados - Conv.transito Militar; Arrecadações; SECRETARIA DE ADMINISTRAÇÃO E FINANÇAS; SECRETARIA DE ADMINISTRAÇÃO E FINANÇAS; SECRETARIA DE ADMINISTRAÇÃO E FINANÇAS; R$ 0,00; R$ 0,00; R$ 0,00; R$ 0,00; R$ 13.369,95; R$ 37.148,41; R$ 0,00; 0.0
 13210101010401; Rec. de Remun. Dep. Banc/Vinculados-  FMAS/FNAS - PBV-SCFV; Receitas Correntes; Receita Patrimonial; Valores Mobiliários; Remuneração de Depósitos Bancários - Principal; Juros e Correções Monetárias; Remuneração de Depósitos Bancários; ; Juros e Correções Monetárias; Remuneração de Depósitos Bancários; Não se aplica; Rec. de Remun. Dep. Banc/Vinculados-  FMAS/FNAS - PBV-SCFV; Arrecadações; SECRETARIA DE DESENVOLVIMENTO SOCIAL E HABITAÇÃO; FUNDO MUNICIPAL DE ASSISTENCIA SOCIAL; SECRETARIA DE DESENVOLVIMENTO SOCIAL E HABITAÇÃO; R$ 0,00; R$ 0,00; R$ 0,00; R$ 0,00; R$ 575,89; R$ 575,89; R$ 0,00; 0.0
 13210101010401; Rec. de Remun. Dep. Banc/Vinculados-  FMAS/FNAS - PBV-SCFV; Receitas Correntes; Receita Patrimonial; Valores Mobiliários; Remuneração de Depósitos Bancários - Principal; Juros e Correções Monetárias; Remuneração de Depósitos Bancários; ; Juros e Correções Monetárias; Remuneração de Depósitos Bancários; Não se aplica; Rec. de Remun. Dep. Banc/Vinculados-  FMAS/FNAS - PBV-SCFV; Arrecadações; SECRETARIA DE DESENVOLVIMENTO SOCIAL E HABITAÇÃO; FUNDO MUNICIPAL DE ASSISTENCIA SOCIAL; SECRETARIA DE DESENVOLVIMENTO SOCIAL E HABITAÇÃO; R$ 0,00; R$ 0,00; R$ 0,00; R$ 0,00; R$ 404,51; R$ 980,40; R$ 0,00; 0.0
 13210101010401; Rec. de Remun. Dep. Banc/Vinculados-  FMAS/FNAS - PBV-SCFV; Receitas Correntes; Receita Patrimonial; Valores Mobiliários; Remuneração de Depósitos Bancários - Principal; Juros e Correções Monetárias; Remuneração de Depósitos Bancários; ; Juros e Correções Monetárias; Remuneração de Depósitos Bancários; Não se aplica; Rec. de Remun. Dep. Banc/Vinculados-  FMAS/FNAS - PBV-SCFV; Arrecadações; SECRETARIA DE DESENVOLVIMENTO SOCIAL E HABITAÇÃO; FUNDO MUNICIPAL DE ASSISTENCIA SOCIAL; SECRETARIA DE DESENVOLVIMENTO SOCIAL E HABITAÇÃO; R$ 0,00; R$ 0,00; R$ 0,00; R$ 0,00; R$ 467,43; R$ 1.447,83; R$ 0,00; 0.0
 13210101010401; Rec. de Remun. Dep. Banc/Vinculados-  FMAS/FNAS - PBV-SCFV; Receitas Correntes; Receita Patrimonial; Valores Mobiliários; Remuneração de Depósitos Bancários - Principal; Juros e Correções Monetárias; Remuneração de Depósitos Bancários; ; Juros e Correções Monetárias; Remuneração de Depósitos Bancários; Não se aplica; Rec. de Remun. Dep. Banc/Vinculados-  FMAS/FNAS - PBV-SCFV; Arrecadações; SECRETARIA DE DESENVOLVIMENTO SOCIAL E HABITAÇÃO; FUNDO MUNICIPAL DE ASSISTENCIA SOCIAL; SECRETARIA DE DESENVOLVIMENTO SOCIAL E HABITAÇÃO; R$ 0,00; R$ 0,00; R$ 0,00; R$ 0,00; R$ 486,86; R$ 1.934,69; R$ 0,00; 0.0
 13210101010401; Rec. de Remun. Dep. Banc/Vinculados-  FMAS/FNAS - PBV-SCFV; Receitas Correntes; Receita Patrimonial; Valores Mobiliários; Remuneração de Depósitos Bancários - Principal; Juros e Correções Monetárias; Remuneração de Depósitos Bancários; ; Juros e Correções Monetárias; Remuneração de Depósitos Bancários; Não se aplica; Rec. de Remun. Dep. Banc/Vinculados-  FMAS/FNAS - PBV-SCFV; Arrecadações; SECRETARIA DE DESENVOLVIMENTO SOCIAL E HABITAÇÃO; FUNDO MUNICIPAL DE ASSISTENCIA SOCIAL; SECRETARIA DE DESENVOLVIMENTO SOCIAL E HABITAÇÃO; R$ 0,00; R$ 0,00; R$ 0,00; R$ 0,00; R$ 448,10; R$ 2.382,79; R$ 0,00; 0.0
 13210101010401; Rec. de Remun. Dep. Banc/Vinculados-  FMAS/FNAS - PBV-SCFV; Receitas Correntes; Receita Patrimonial; Valores Mobiliários; Remuneração de Depósitos Bancários - Principal; Juros e Correções Monetárias; Remuneração de Depósitos Bancários; ; Juros e Correções Monetárias; Remuneração de Depósitos Bancários; Não se aplica; Rec. de Remun. Dep. Banc/Vinculados-  FMAS/FNAS - PBV-SCFV; Arrecadações; SECRETARIA DE DESENVOLVIMENTO SOCIAL E HABITAÇÃO; FUNDO MUNICIPAL DE ASSISTENCIA SOCIAL; SECRETARIA DE DESENVOLVIMENTO SOCIAL E HABITAÇÃO; R$ 0,00; R$ 0,00; R$ 0,00; R$ 0,00; R$ 807,19; R$ 3.189,98; R$ 0,00; 0.0
 13210101010401; Rec. de Remun. Dep. Banc/Vinculados-  FMAS/FNAS - PBV-SCFV; Receitas Correntes; Receita Patrimonial; Valores Mobiliários; Remuneração de Depósitos Bancários - Principal; Juros e Correções Monetárias; Remuneração de Depósitos Bancários; ; Juros e Correções Monetárias; Remuneração de Depósitos Bancários; Não se aplica; Rec. de Remun. Dep. Banc/Vinculados-  FMAS/FNAS - PBV-SCFV; Arrecadações; SECRETARIA DE DESENVOLVIMENTO SOCIAL E HABITAÇÃO; FUNDO MUNICIPAL DE ASSISTENCIA SOCIAL; SECRETARIA DE DESENVOLVIMENTO SOCIAL E HABITAÇÃO; R$ 0,00; R$ 0,00; R$ 0,00; R$ 0,00; R$ 369,08; R$ 3.559,06; R$ 0,00; 0.0
 13210101010401; Rec. de Remun. Dep. Banc/Vinculados-  FMAS/FNAS - PBV-SCFV; Receitas Correntes; Receita Patrimonial; Valores Mobiliários; Remuneração de Depósitos Bancários - Principal; Juros e Correções Monetárias; Remuneração de Depósitos Bancários; ; Juros e Correções Monetárias; Remuneração de Depósitos Bancários; Não se aplica; Rec. de Remun. Dep. Banc/Vinculados-  FMAS/FNAS - PBV-SCFV; Arrecadações; SECRETARIA DE DESENVOLVIMENTO SOCIAL E HABITAÇÃO; FUNDO MUNICIPAL DE ASSISTENCIA SOCIAL; SECRETARIA DE DESENVOLVIMENTO SOCIAL E HABITAÇÃO; R$ 0,00; R$ 0,00; R$ 0,00; R$ 0,00; R$ 276,29; R$ 3.835,35; R$ 0,00; 0.0
 13210101010401; Rec. de Remun. Dep. Banc/Vinculados-  FMAS/FNAS - PBV-SCFV; Receitas Correntes; Receita Patrimonial; Valores Mobiliários; Remuneração de Depósitos Bancários - Principal; Juros e Correções Monetárias; Remuneração de Depósitos Bancários; ; Juros e Correções Monetárias; Remuneração de Depósitos Bancários; Não se aplica; Rec. de Remun. Dep. Banc/Vinculados-  FMAS/FNAS - PBV-SCFV; Arrecadações; SECRETARIA DE DESENVOLVIMENTO SOCIAL E HABITAÇÃO; FUNDO MUNICIPAL DE ASSISTENCIA SOCIAL; SECRETARIA DE DESENVOLVIMENTO SOCIAL E HABITAÇÃO; R$ 0,00; R$ 0,00; R$ 0,00; R$ 0,00; R$ 184,86; R$ 4.020,21; R$ 0,00; 0.0
 13210101010401; Rec. de Remun. Dep. Banc/Vinculados-  FMAS/FNAS - PBV-SCFV; Receitas Correntes; Receita Patrimonial; Valores Mobiliários; Remuneração de Depósitos Bancários - Principal; Juros e Correções Monetárias; Remuneração de Depósitos Bancários; ; Juros e Correções Monetárias; Remuneração de Depósitos Bancários; Não se aplica; Rec. de Remun. Dep. Banc/Vinculados-  FMAS/FNAS - PBV-SCFV; Arrecadações; SECRETARIA DE DESENVOLVIMENTO SOCIAL E HABITAÇÃO; FUNDO MUNICIPAL DE ASSISTENCIA SOCIAL; SECRETARIA DE DESENVOLVIMENTO SOCIAL E HABITAÇÃO; R$ 0,00; R$ 0,00; R$ 0,00; R$ 0,00; R$ 128,87; R$ 4.149,08; R$ 0,00; 0.0
 13210101010401; Rec. de Remun. Dep. Banc/Vinculados-  FMAS/FNAS - PBV-SCFV; Receitas Correntes; Receita Patrimonial; Valores Mobiliários; Remuneração de Depósitos Bancários - Principal; Juros e Correções Monetárias; Remuneração de Depósitos Bancários; ; Juros e Correções Monetárias; Remuneração de Depósitos Bancários; Não se aplica; Rec. de Remun. Dep. Banc/Vinculados-  FMAS/FNAS - PBV-SCFV; Arrecadações; SECRETARIA DE DESENVOLVIMENTO SOCIAL E HABITAÇÃO; FUNDO MUNICIPAL DE ASSISTENCIA SOCIAL; SECRETARIA DE DESENVOLVIMENTO SOCIAL E HABITAÇÃO; R$ 0,00; R$ 0,00; R$ 0,00; R$ 0,00; R$ 1.983,99; R$ 6.133,07; R$ 0,00; 0.0
 11220101020000; Taxa de Coleta de lixo; Receitas Correntes; Impostos, Taxas e Contribuies de Melhoria; Taxas; Taxas pela Prestao de Servios em Geral - Principal; Taxas pela Prestao de Servios; Taxas pela Prestao de Servios; ; Taxas pela Prestao de Servios; Taxas pela Prestao de Servios; No se aplica; Taxa de Coleta de lixo; Arrecadaes; SECRETARIA DE ADMINISTRAO E FINANAS; SECRETARIA DE ADMINISTRAO E FINANAS; SECRETARIA DE ADMINISTRAO E FINANAS; R$ 1.881.352,00; R$ 1.881.352,00; R$ 0,00; R$ 0,00; R$ 761.377,18; R$ 761.377,18; R$ 1.881.352,00; 40.47
 11210101050000; TPP - Tx de Licena Ambiental; Receitas Correntes; Impostos, Taxas e Contribuies de Melhoria; Taxas; Taxas de Inspeo; Taxas pelo Exerccio do Poder de Polcia; Taxas de Inspeo, Controle e Fiscalizao; ; Taxas pelo Exerccio do Poder de Polcia; Taxas de Inspeo, Controle e Fiscalizao; No se aplica; TPP - Tx de Licena Ambiental; Arrecadaes; SECRETARIA DE MEIO AMBIENTE E DESENV. ECONMICO; DIRETORIA DE MEIO AMBIENTE; SECRETARIA DE MEIO AMBIENTE E DESENV. ECONMICO; R$ 0,00; R$ 0,00; R$ 0,00; R$ 0,00; R$ 4.800,00; R$ 4.800,00; R$ 0,00; 0.0
 11220101990000; TPS - Taxa de Prestao de Servios - Outras; Receitas Correntes; Impostos, Taxas e Contribuies de Melhoria; Taxas; Taxas pela Prestao de Servios em Geral - Principal; Taxas pela Prestao de Servios; Taxas pela Prestao de Servios; ; Taxas pela Prestao de Servios; Taxas pela Prestao de Servios; No se aplica; TPS - Taxa de Prestao de Servios - Outras; Arrecadaes; SECRETARIA DE ADMINISTRAO E FINANAS; SECRETARIA DE ADMINISTRAO E FINANAS; SECRETARIA DE ADMINISTRAO E FINANAS; R$ 25.647,00; R$ 25.647,00; R$ 0,00; R$ 0,00; R$ 2.918,49; R$ 2.918,49; R$ 25.647,00; 11.38
 11210101990000; TPP - Tx Outras; Receitas Correntes; Impostos, Taxas e Contribuies de Melhoria; Taxas; Taxas de Inspeo; Taxas pelo Exerccio do Poder de Polcia; Taxas de Inspeo, Controle e Fiscalizao; ; Taxas pelo Exerccio do Poder de Polcia; Taxas de Inspeo, Controle e Fiscalizao; No se aplica; TPP - Tx Outras; Arrecadaes; SECRETARIA DE ADMINISTRAO E FINANAS; SECRETARIA DE ADMINISTRAO E FINANAS; SECRETARIA DE ADMINISTRAO E FINANAS; R$ 252.595,00; R$ 252.595,00; R$ 0,00; R$ 0,00; R$ 87.885,09; R$ 87.885,09; R$ 252.595,00; 34.79
 11210101990000; TPP - Tx Outras; Receitas Correntes; Impostos, Taxas e Contribuies de Melhoria; Taxas; Taxas de Inspeo; Taxas pelo Exerccio do Poder de Polcia; Taxas de Inspeo, Controle e Fiscalizao; ; Taxas pelo Exerccio do Poder de Polcia; Taxas de Inspeo, Controle e Fiscalizao; No se aplica; TPP - Tx Outras; Arrecadaes; SECRETARIA DE ADMINISTRAO E FINANAS; SECRETARIA DE ADMINISTRAO E FINANAS; SECRETARIA DE ADMINISTRAO E FINANAS; R$ 0,00; R$ 0,00; R$ 0,00; R$ 0,00; R$ 382.748,96; R$ 470.634,05; R$ 0,00; 0.0
 11220101020000; Taxa de Coleta de lixo; Receitas Correntes; Impostos, Taxas e Contribuies de Melhoria; Taxas; Taxas pela Prestao de Servios em Geral - Principal; Taxas pela Prestao de Servios; Taxas pela Prestao de Servios; ; Taxas pela Prestao de Servios; Taxas pela Prestao de Servios; No se aplica; Taxa de Coleta de lixo; Arrecadaes; SECRETARIA DE ADMINISTRAO E FINANAS; SECRETARIA DE ADMINISTRAO E FINANAS; SECRETARIA DE ADMINISTRAO E FINANAS; R$ 0,00; R$ 0,00; R$ 0,00; R$ 0,00; R$ 544.839,81; R$ 1.306.216,99; R$ 0,00; 0.0
 11220101990000; TPS - Taxa de Prestao de Servios - Outras; Receitas Correntes; Impostos, Taxas e Contribuies de Melhoria; Taxas; Taxas pela Prestao de Servios em Geral - Principal; Taxas pela Prestao de Servios; Taxas pela Prestao de Servios; ; Taxas pela Prestao de Servios; Taxas pela Prestao de Servios; No se aplica; TPS - Taxa de Prestao de Servios - Outras; Arrecadaes; SECRETARIA DE ADMINISTRAO E FINANAS; SECRETARIA DE ADMINISTRAO E FINANAS; SECRETARIA DE ADMINISTRAO E FINANAS; R$ 0,00; R$ 0,00; R$ 0,00; R$ 0,00; R$ 3.356,16; R$ 6.274,65; R$ 0,00; 0.0
 11210101050000; TPP - Tx de Licena Ambiental; Receitas Correntes; Impostos, Taxas e Contribuies de Melhoria; Taxas; Taxas de Inspeo; Taxas pelo Exerccio do Poder de Polcia; Taxas de Inspeo, Controle e Fiscalizao; ; Taxas pelo Exerccio do Poder de Polcia; Taxas de Inspeo, Controle e Fiscalizao; No se aplica; TPP - Tx de Licena Ambiental; Arrecadaes; SECRETARIA DE MEIO AMBIENTE E DESENV. ECONMICO; DIRETORIA DE MEIO AMBIENTE; SECRETARIA DE MEIO AMBIENTE E DESENV. ECONMICO; R$ 0,00; R$ 0,00; R$ 0,00; R$ 0,00; R$ 439,00; R$ 5.239,00; R$ 0,00; 0.0
 11220101020000; Taxa de Coleta de lixo; Receitas Correntes; Impostos, Taxas e Contribuies de Melhoria; Taxas; Taxas pela Prestao de Servios em Geral - Principal; Taxas pela Prestao de Servios; Taxas pela Prestao de Servios; ; Taxas pela Prestao de Servios; Taxas pela Prestao de Servios; No se aplica; Taxa de Coleta de lixo; Arrecadaes; SECRETARIA DE ADMINISTRAO E FINANAS; SECRETARIA DE ADMINISTRAO E FINANAS; SECRETARIA DE ADMINISTRAO E FINANAS; R$ 0,00; R$ 0,00; R$ 0,00; R$ 0,00; R$ 208.753,11; R$ 1.514.970,10; R$ 0,00; 0.0
 11220101990000; TPS - Taxa de Prestao de Servios - Outras; Receitas Correntes; Impostos, Taxas e Contribuies de Melhoria; Taxas; Taxas pela Prestao de Servios em Geral - Principal; Taxas pela Prestao de Servios; Taxas pela Prestao de Servios; ; Taxas pela Prestao de Servios; Taxas pela Prestao de Servios; No se aplica; TPS - Taxa de Prestao de Servios - Outras; Arrecadaes; SECRETARIA DE ADMINISTRAO E FINANAS; SECRETARIA DE ADMINISTRAO E FINANAS; SECRETARIA DE ADMINISTRAO E FINANAS; R$ 0,00; R$ 0,00; R$ 0,00; R$ 0,00; R$ 3.824,91; R$ 10.099,56; R$ 0,00; 0.0
 11210101990000; TPP - Tx Outras; Receitas Correntes; Impostos, Taxas e Contribuies de Melhoria; Taxas; Taxas de Inspeo; Taxas pelo Exerccio do Poder de Polcia; Taxas de Inspeo, Controle e Fiscalizao; ; Taxas pelo Exerccio do Poder de Polcia; Taxas de Inspeo, Controle e Fiscalizao; No se aplica; TPP - Tx Outras; Arrecadaes; SECRETARIA DE ADMINISTRAO E FINANAS; SECRETARIA DE ADMINISTRAO E FINANAS; SECRETARIA DE ADMINISTRAO E FINANAS; R$ 0,00; R$ 0,00; R$ 0,00; R$ 0,00; R$ 15.890,37; R$ 486.524,42; R$ 0,00; 0.0
 11210101050000; TPP - Tx de Licena Ambiental; Receitas Correntes; Impostos, Taxas e Contribuies de Melhoria; Taxas; Taxas de Inspeo; Taxas pelo Exerccio do Poder de Polcia; Taxas de Inspeo, Controle e Fiscalizao; ; Taxas pelo Exerccio do Poder de Polcia; Taxas de Inspeo, Controle e Fiscalizao; No se aplica; TPP - Tx de Licena Ambiental; Arrecadaes; SECRETARIA DE MEIO AMBIENTE E DESENV. ECONMICO; DIRETORIA DE MEIO AMBIENTE; SECRETARIA DE MEIO AMBIENTE E DESENV. ECONMICO; R$ 0,00; R$ 0,00; R$ 0,00; R$ 0,00; R$ 157,01; R$ 5.396,01; R$ 0,00; 0.0
 11220101020000; Taxa de Coleta de lixo; Receitas Correntes; Impostos, Taxas e Contribuies de Melhoria; Taxas; Taxas pela Prestao de Servios em Geral - Principal; Taxas pela Prestao de Servios; Taxas pela Prestao de Servios; ; Taxas pela Prestao de Servios; Taxas pela Prestao de Servios; No se aplica; Taxa de Coleta de lixo; Arrecadaes; SECRETARIA DE ADMINISTRAO E FINANAS; SECRETARIA DE ADMINISTRAO E FINANAS; SECRETARIA DE ADMINISTRAO E FINANAS; R$ 0,00; R$ 0,00; R$ 0,00; R$ 0,00; R$ 107.048,32; R$ 1.622.018,42; R$ 0,00; 0.0
 11210101990000; TPP - Tx Outras; Receitas Correntes; Impostos, Taxas e Contribuies de Melhoria; Taxas; Taxas de Inspeo; Taxas pelo Exerccio do Poder de Polcia; Taxas de Inspeo, Controle e Fiscalizao; ; Taxas pelo Exerccio do Poder de Polcia; Taxas de Inspeo, Controle e Fiscalizao; No se aplica; TPP - Tx Outras; Arrecadaes; SECRETARIA DE ADMINISTRAO E FINANAS; SECRETARIA DE ADMINISTRAO E FINANAS; SECRETARIA DE ADMINISTRAO E FINANAS; R$ 0,00; R$ 0,00; R$ 0,00; R$ 0,00; R$ 16.287,29; R$ 502.811,71; R$ 0,00; 0.0
 11220101990000; TPS - Taxa de Prestao de Servios - Outras; Receitas Correntes; Impostos, Taxas e Contribuies de Melhoria; Taxas; Taxas pela Prestao de Servios em Geral - Principal; Taxas pela Prestao de Servios; Taxas pela Prestao de Servios; ; Taxas pela Prestao de Servios; Taxas pela Prestao de Servios; No se aplica; TPS - Taxa de Prestao de Servios - Outras; Arrecadaes; SECRETARIA DE ADMINISTRAO E FINANAS; SECRETARIA DE ADMINISTRAO E FINANAS; SECRETARIA DE ADMINISTRAO E FINANAS; R$ 0,00; R$ 0,00; R$ 0,00; R$ 0,00; R$ 3.809,25; R$ 13.908,81; R$ 0,00; 0.0
 11210101050000; TPP - Tx de Licena Ambiental; Receitas Correntes; Impostos, Taxas e Contribuies de Melhoria; Taxas; Taxas de Inspeo; Taxas pelo Exerccio do Poder de Polcia; Taxas de Inspeo, Controle e Fiscalizao; ; Taxas pelo Exerccio do Poder de Polcia; Taxas de Inspeo, Controle e Fiscalizao; No se aplica; TPP - Tx de Licena Ambiental; Arrecadaes; SECRETARIA DE MEIO AMBIENTE E DESENV. ECONMICO; DIRETORIA DE MEIO AMBIENTE; SECRETARIA DE MEIO AMBIENTE E DESENV. ECONMICO; R$ 0,00; R$ 0,00; R$ 0,00; R$ 0,00; R$ 1.665,00; R$ 7.061,01; R$ 0,00; 0.0
 11210101990000; TPP - Tx Outras; Receitas Correntes; Impostos, Taxas e Contribuies de Melhoria; Taxas; Taxas de Inspeo; Taxas pelo Exerccio do Poder de Polcia; Taxas de Inspeo, Controle e Fiscalizao; ; Taxas pelo Exerccio do Poder de Polcia; Taxas de Inspeo, Controle e Fiscalizao; No se aplica; TPP - Tx Outras; Arrecadaes; SECRETARIA DE ADMINISTRAO E FINANAS; SECRETARIA DE ADMINISTRAO E FINANAS; SECRETARIA DE ADMINISTRAO E FINANAS; R$ 0,00; R$ 0,00; R$ 0,00; R$ 0,00; R$ 12.497,92; R$ 515.309,63; R$ 0,00; 0.0
 11220101990000; TPS - Taxa de Prestao de Servios - Outras; Receitas Correntes; Impostos, Taxas e Contribuies de Melhoria; Taxas; Taxas pela Prestao de Servios em Geral - Principal; Taxas pela Prestao de Servios; Taxas pela Prestao de Servios; ; Taxas pela Prestao de Servios; Taxas pela Prestao de Servios; No se aplica; TPS - Taxa de Prestao de Servios - Outras; Arrecadaes; SECRETARIA DE ADMINISTRAO E FINANAS; SECRETARIA DE ADMINISTRAO E FINANAS; SECRETARIA DE ADMINISTRAO E FINANAS; R$ 0,00; R$ 0,00; R$ 0,00; R$ 0,00; R$ 2.939,45; R$ 16.848,26; R$ 0,00; 0.0
 11210101050000; TPP - Tx de Licena Ambiental; Receitas Correntes; Impostos, Taxas e Contribuies de Melhoria; Taxas; Taxas de Inspeo; Taxas pelo Exerccio do Poder de Polcia; Taxas de Inspeo, Controle e Fiscalizao; ; Taxas pelo Exerccio do Poder de Polcia; Taxas de Inspeo, Controle e Fiscalizao; No se aplica; TPP - Tx de Licena Ambiental; Arrecadaes; SECRETARIA DE MEIO AMBIENTE E DESENV. ECONMICO; DIRETORIA DE MEIO AMBIENTE; SECRETARIA DE MEIO AMBIENTE E DESENV. ECONMICO; R$ 0,00; R$ 0,00; R$ 0,00; R$ 0,00; R$ 440,00; R$ 7.501,01; R$ 0,00; 0.0
 11220101020000; Taxa de Coleta de lixo; Receitas Correntes; Impostos, Taxas e Contribuies de Melhoria; Taxas; Taxas pela Prestao de Servios em Geral - Principal; Taxas pela Prestao de Servios; Taxas pela Prestao de Servios; ; Taxas pela Prestao de Servios; Taxas pela Prestao de Servios; No se aplica; Taxa de Coleta de lixo; Arrecadaes; SECRETARIA DE ADMINISTRAO E FINANAS; SECRETARIA DE ADMINISTRAO E FINANAS; SECRETARIA DE ADMINISTRAO E FINANAS; R$ 0,00; R$ 0,00; R$ 0,00; R$ 0,00; R$ 94.101,79; R$ 1.716.120,21; R$ 0,00; 0.0
 11210101050000; TPP - Tx de Licena Ambiental; Receitas Correntes; Impostos, Taxas e Contribuies de Melhoria; Taxas; Taxas de Inspeo; Taxas pelo Exerccio do Poder de Polcia; Taxas de Inspeo, Controle e Fiscalizao; ; Taxas pelo Exerccio do Poder de Polcia; Taxas de Inspeo, Controle e Fiscalizao; No se aplica; TPP - Tx de Licena Ambiental; Arrecadaes; SECRETARIA DE MEIO AMBIENTE E DESENV. ECONMICO; DIRETORIA DE MEIO AMBIENTE; SECRETARIA DE MEIO AMBIENTE E DESENV. ECONMICO; R$ 0,00; R$ 0,00; R$ 0,00; R$ 0,00; R$ 275,00; R$ 7.776,01; R$ 0,00; 0.0
 11210101990000; TPP - Tx Outras; Receitas Correntes; Impostos, Taxas e Contribuies de Melhoria; Taxas; Taxas de Inspeo; Taxas pelo Exerccio do Poder de Polcia; Taxas de Inspeo, Controle e Fiscalizao; ; Taxas pelo Exerccio do Poder de Polcia; Taxas de Inspeo, Controle e Fiscalizao; No se aplica; TPP - Tx Outras; Arrecadaes; SECRETARIA DE ADMINISTRAO E FINANAS; SECRETARIA DE ADMINISTRAO E FINANAS; SECRETARIA DE ADMINISTRAO E FINANAS; R$ 0,00; R$ 0,00; R$ 0,00; R$ 0,00; R$ 14.278,94; R$ 529.588,57; R$ 0,00; 0.0
 11220101020000; Taxa de Coleta de lixo; Receitas Correntes; Impostos, Taxas e Contribuies de Melhoria; Taxas; Taxas pela Prestao de Servios em Geral - Principal; Taxas pela Prestao de Servios; Taxas pela Prestao de Servios; ; Taxas pela Prestao de Servios; Taxas pela Prestao de Servios; No se aplica; Taxa de Coleta de lixo; Arrecadaes; SECRETARIA DE ADMINISTRAO E FINANAS; SECRETARIA DE ADMINISTRAO E FINANAS; SECRETARIA DE ADMINISTRAO E FINANAS; R$ 0,00; R$ 0,00; R$ 0,00; R$ 0,00; R$ 67.009,35; R$ 1.783.129,56; R$ 0,00; 0.0
 11220101990000; TPS - Taxa de Prestao de Servios - Outras; Receitas Correntes; Impostos, Taxas e Contribuies de Melhoria; Taxas; Taxas pela Prestao de Servios em Geral - Principal; Taxas pela Prestao de Servios; Taxas pela Prestao de Servios; ; Taxas pela Prestao de Servios; Taxas pela Prestao de Servios; No se aplica; TPS - Taxa de Prestao de Servios - Outras; Arrecadaes; SECRETARIA DE ADMINISTRAO E FINANAS; SECRETARIA DE ADMINISTRAO E FINANAS; SECRETARIA DE ADMINISTRAO E FINANAS; R$ 0,00; R$ 0,00; R$ 0,00; R$ 0,00; R$ 3.045,11; R$ 19.893,37; R$ 0,00; 0.0
 11220101020000; Taxa de Coleta de lixo; Receitas Correntes; Impostos, Taxas e Contribuies de Melhoria; Taxas; Taxas pela Prestao de Servios em Geral - Principal; Taxas pela Prestao de Servios; Taxas pela Prestao de Servios; ; Taxas pela Prestao de Servios; Taxas pela Prestao de Servios; No se aplica; Taxa de Coleta de lixo; Arrecadaes; SECRETARIA DE ADMINISTRAO E FINANAS; SECRETARIA DE ADMINISTRAO E FINANAS; SECRETARIA DE ADMINISTRAO E FINANAS; R$ 0,00; R$ 0,00; R$ 0,00; R$ 0,00; R$ 27.491,45; R$ 1.810.621,01; R$ 0,00; 0.0
 11210101050000; TPP - Tx de Licena Ambiental; Receitas Correntes; Impostos, Taxas e Contribuies de Melhoria; Taxas; Taxas de Inspeo; Taxas pelo Exerccio do Poder de Polcia; Taxas de Inspeo, Controle e Fiscalizao; ; Taxas pelo Exerccio do Poder de Polcia; Taxas de Inspeo, Controle e Fiscalizao; No se aplica; TPP - Tx de Licena Ambiental; Arrecadaes; SECRETARIA DE MEIO AMBIENTE E DESENV. ECONMICO; DIRETORIA DE MEIO AMBIENTE; SECRETARIA DE MEIO AMBIENTE E DESENV. ECONMICO; R$ 0,00; R$ 0,00; R$ 0,00; R$ 0,00; R$ 512,29; R$ 8.288,30; R$ 0,00; 0.0
 11210101990000; TPP - Tx Outras; Receitas Correntes; Impostos, Taxas e Contribuies de Melhoria; Taxas; Taxas de Inspeo; Taxas pelo Exerccio do Poder de Polcia; Taxas de Inspeo, Controle e Fiscalizao; ; Taxas pelo Exerccio do Poder de Polcia; Taxas de Inspeo, Controle e Fiscalizao; No se aplica; TPP - Tx Outras; Arrecadaes; SECRETARIA DE ADMINISTRAO E FINANAS; SECRETARIA DE ADMINISTRAO E FINANAS; SECRETARIA DE ADMINISTRAO E FINANAS; R$ 0,00; R$ 0,00; R$ 0,00; R$ 0,00; R$ 12.566,43; R$ 542.155,00; R$ 0,00; 0.0
 11220101990000; TPS - Taxa de Prestao de Servios - Outras; Receitas Correntes; Impostos, Taxas e Contribuies de Melhoria; Taxas; Taxas pela Prestao de Servios em Geral - Principal; Taxas pela Prestao de Servios; Taxas pela Prestao de Servios; ; Taxas pela Prestao de Servios; Taxas pela Prestao de Servios; No se aplica; TPS - Taxa de Prestao de Servios - Outras; Arrecadaes; SECRETARIA DE ADMINISTRAO E FINANAS; SECRETARIA DE ADMINISTRAO E FINANAS; SECRETARIA DE ADMINISTRAO E FINANAS; R$ 0,00; R$ 0,00; R$ 0,00; R$ 0,00; R$ 3.436,30; R$ 23.329,67; R$ 0,00; 0.0
 11220101990000; TPS - Taxa de Prestao de Servios - Outras; Receitas Correntes; Impostos, Taxas e Contribuies de Melhoria; Taxas; Taxas pela Prestao de Servios em Geral - Principal; Taxas pela Prestao de Servios; Taxas pela Prestao de Servios; ; Taxas pela Prestao de Servios; Taxas pela Prestao de Servios; No se aplica; TPS - Taxa de Prestao de Servios - Outras; Arrecadaes; SECRETARIA DE ADMINISTRAO E FINANAS; SECRETARIA DE ADMINISTRAO E FINANAS; SECRETARIA DE ADMINISTRAO E FINANAS; R$ 0,00; R$ 0,00; R$ 0,00; R$ 0,00; R$ 3.512,49; R$ 26.842,16; R$ 0,00; 0.0
 11220101020000; Taxa de Coleta de lixo; Receitas Correntes; Impostos, Taxas e Contribuies de Melhoria; Taxas; Taxas pela Prestao de Servios em Geral - Principal; Taxas pela Prestao de Servios; Taxas pela Prestao de Servios; ; Taxas pela Prestao de Servios; Taxas pela Prestao de Servios; No se aplica; Taxa de Coleta de lixo; Arrecadaes; SECRETARIA DE ADMINISTRAO E FINANAS; SECRETARIA DE ADMINISTRAO E FINANAS; SECRETARIA DE ADMINISTRAO E FINANAS; R$ 0,00; R$ 0,00; R$ 0,00; R$ 0,00; R$ 17.521,43; R$ 1.828.142,44; R$ 0,00; 0.0
 11210101990000; TPP - Tx Outras; Receitas Correntes; Impostos, Taxas e Contribuies de Melhoria; Taxas; Taxas de Inspeo; Taxas pelo Exerccio do Poder de Polcia; Taxas de Inspeo, Controle e Fiscalizao; ; Taxas pelo Exerccio do Poder de Polcia; Taxas de Inspeo, Controle e Fiscalizao; No se aplica; TPP - Tx Outras; Arrecadaes; SECRETARIA DE ADMINISTRAO E FINANAS; SECRETARIA DE ADMINISTRAO E FINANAS; SECRETARIA DE ADMINISTRAO E FINANAS; R$ 0,00; R$ 0,00; R$ 0,00; R$ 0,00; R$ 20.713,83; R$ 562.868,83; R$ 0,00; 0.0
 11210101050000; TPP - Tx de Licena Ambiental; Receitas Correntes; Impostos, Taxas e Contribuies de Melhoria; Taxas; Taxas de Inspeo; Taxas pelo Exerccio do Poder de Polcia; Taxas de Inspeo, Controle e Fiscalizao; ; Taxas pelo Exerccio do Poder de Polcia; Taxas de Inspeo, Controle e Fiscalizao; No se aplica; TPP - Tx de Licena Ambiental; Arrecadaes; SECRETARIA DE MEIO AMBIENTE E DESENV. ECONMICO; DIRETORIA DE MEIO AMBIENTE; SECRETARIA DE MEIO AMBIENTE E DESENV. ECONMICO; R$ 0,00; R$ 0,00; R$ 0,00; R$ 0,00; R$ 581,00; R$ 8.869,30; R$ 0,00; 0.0
 11220101020000; Taxa de Coleta de lixo; Receitas Correntes; Impostos, Taxas e Contribuies de Melhoria; Taxas; Taxas pela Prestao de Servios em Geral - Principal; Taxas pela Prestao de Servios; Taxas pela Prestao de Servios; ; Taxas pela Prestao de Servios; Taxas pela Prestao de Servios; No se aplica; Taxa de Coleta de lixo; Arrecadaes; SECRETARIA DE ADMINISTRAO E FINANAS; SECRETARIA DE ADMINISTRAO E FINANAS; SECRETARIA DE ADMINISTRAO E FINANAS; R$ 0,00; R$ 0,00; R$ 0,00; R$ 0,00; R$ 10.622,53; R$ 1.838.764,97; R$ 0,00; 0.0
 11210101990000; TPP - Tx Outras; Receitas Correntes; Impostos, Taxas e Contribuies de Melhoria; Taxas; Taxas de Inspeo; Taxas pelo Exerccio do Poder de Polcia; Taxas de Inspeo, Controle e Fiscalizao; ; Taxas pelo Exerccio do Poder de Polcia; Taxas de Inspeo, Controle e Fiscalizao; No se aplica; TPP - Tx Outras; Arrecadaes; SECRETARIA DE ADMINISTRAO E FINANAS; SECRETARIA DE ADMINISTRAO E FINANAS; SECRETARIA DE ADMINISTRAO E FINANAS; R$ 0,00; R$ 0,00; R$ 0,00; R$ 0,00; R$ 10.102,56; R$ 572.971,39; R$ 0,00; 0.0
 11210101050000; TPP - Tx de Licena Ambiental; Receitas Correntes; Impostos, Taxas e Contribuies de Melhoria; Taxas; Taxas de Inspeo; Taxas pelo Exerccio do Poder de Polcia; Taxas de Inspeo, Controle e Fiscalizao; ; Taxas pelo Exerccio do Poder de Polcia; Taxas de Inspeo, Controle e Fiscalizao; No se aplica; TPP - Tx de Licena Ambiental; Arrecadaes; SECRETARIA DE MEIO AMBIENTE E DESENV. ECONMICO; DIRETORIA DE MEIO AMBIENTE; SECRETARIA DE MEIO AMBIENTE E DESENV. ECONMICO; R$ 0,00; R$ 0,00; R$ 0,00; R$ 0,00; R$ 911,00; R$ 9.780,30; R$ 0,00; 0.0
 11220101990000; TPS - Taxa de Prestao de Servios - Outras; Receitas Correntes; Impostos, Taxas e Contribuies de Melhoria; Taxas; Taxas pela Prestao de Servios em Geral - Principal; Taxas pela Prestao de Servios; Taxas pela Prestao de Servios; ; Taxas pela Prestao de Servios; Taxas pela Prestao de Servios; No se aplica; TPS - Taxa de Prestao de Servios - Outras; Arrecadaes; SECRETARIA DE ADMINISTRAO E FINANAS; SECRETARIA DE ADMINISTRAO E FINANAS; SECRETARIA DE ADMINISTRAO E FINANAS; R$ 0,00; R$ 0,00; R$ 0,00; R$ 0,00; R$ 2.554,20; R$ 29.396,36; R$ 0,00; 0.0
 11210101990000; TPP - Tx Outras; Receitas Correntes; Impostos, Taxas e Contribuies de Melhoria; Taxas; Taxas de Inspeo; Taxas pelo Exerccio do Poder de Polcia; Taxas de Inspeo, Controle e Fiscalizao; ; Taxas pelo Exerccio do Poder de Polcia; Taxas de Inspeo, Controle e Fiscalizao; No se aplica; TPP - Tx Outras; Arrecadaes; SECRETARIA DE ADMINISTRAO E FINANAS; SECRETARIA DE ADMINISTRAO E FINANAS; SECRETARIA DE ADMINISTRAO E FINANAS; R$ 0,00; R$ 0,00; R$ 0,00; R$ 0,00; R$ 14.382,32; R$ 587.353,71; R$ 0,00; 0.0
 11220101020000; Taxa de Coleta de lixo; Receitas Correntes; Impostos, Taxas e Contribuies de Melhoria; Taxas; Taxas pela Prestao de Servios em Geral - Principal; Taxas pela Prestao de Servios; Taxas pela Prestao de Servios; ; Taxas pela Prestao de Servios; Taxas pela Prestao de Servios; No se aplica; Taxa de Coleta de lixo; Arrecadaes; SECRETARIA DE ADMINISTRAO E FINANAS; SECRETARIA DE ADMINISTRAO E FINANAS; SECRETARIA DE ADMINISTRAO E FINANAS; R$ 0,00; R$ 0,00; R$ 0,00; R$ 0,00; R$ 12.296,02; R$ 1.851.060,99; R$ 0,00; 0.0
 11220101990000; TPS - Taxa de Prestao de Servios - Outras; Receitas Correntes; Impostos, Taxas e Contribuies de Melhoria; Taxas; Taxas pela Prestao de Servios em Geral - Principal; Taxas pela Prestao de Servios; Taxas pela Prestao de Servios; ; Taxas pela Prestao de Servios; Taxas pela Prestao de Servios; No se aplica; TPS - Taxa de Prestao de Servios - Outras; Arrecadaes; SECRETARIA DE ADMINISTRAO E FINANAS; SECRETARIA DE ADMINISTRAO E FINANAS; SECRETARIA DE ADMINISTRAO E FINANAS; R$ 0,00; R$ 0,00; R$ 0,00; R$ 0,00; R$ 2.985,71; R$ 32.382,07; R$ 0,00; 0.0
 11210101050000; TPP - Tx de Licena Ambiental; Receitas Correntes; Impostos, Taxas e Contribuies de Melhoria; Taxas; Taxas de Inspeo; Taxas pelo Exerccio do Poder de Polcia; Taxas de Inspeo, Controle e Fiscalizao; ; Taxas pelo Exerccio do Poder de Polcia; Taxas de Inspeo, Controle e Fiscalizao; No se aplica; TPP - Tx de Licena Ambiental; Arrecadaes; SECRETARIA DE MEIO AMBIENTE E DESENV. ECONMICO; DIRETORIA DE MEIO AMBIENTE; SECRETARIA DE MEIO AMBIENTE E DESENV. ECONMICO; R$ 0,00; R$ 0,00; R$ 0,00; R$ 0,00; R$ 623,00; R$ 10.403,30; R$ 0,00; 0.0
 11210101990000; TPP - Tx Outras; Receitas Correntes; Impostos, Taxas e Contribuies de Melhoria; Taxas; Taxas de Inspeo; Taxas pelo Exerccio do Poder de Polcia; Taxas de Inspeo, Controle e Fiscalizao; ; Taxas pelo Exerccio do Poder de Polcia; Taxas de Inspeo, Controle e Fiscalizao; No se aplica; TPP - Tx Outras; Arrecadaes; SECRETARIA DE ADMINISTRAO E FINANAS; SECRETARIA DE ADMINISTRAO E FINANAS; SECRETARIA DE ADMINISTRAO E FINANAS; R$ 0,00; R$ 0,00; R$ 0,00; R$ 0,00; R$ 24.495,19; R$ 611.848,90; R$ 0,00; 0.0
 11220101020000; Taxa de Coleta de lixo; Receitas Correntes; Impostos, Taxas e Contribuies de Melhoria; Taxas; Taxas pela Prestao de Servios em Geral - Principal; Taxas pela Prestao de Servios; Taxas pela Prestao de Servios; ; Taxas pela Prestao de Servios; Taxas pela Prestao de Servios; No se aplica; Taxa de Coleta de lixo; Arrecadaes; SECRETARIA DE ADMINISTRAO E FINANAS; SECRETARIA DE ADMINISTRAO E FINANAS; SECRETARIA DE ADMINISTRAO E FINANAS; R$ 0,00; R$ 0,00; R$ 0,00; R$ 0,00; R$ 8.157,27; R$ 1.859.218,26; R$ 0,00; 0.0
 11210101050000; TPP - Tx de Licena Ambiental; Receitas Correntes; Impostos, Taxas e Contribuies de Melhoria; Taxas; Taxas de Inspeo; Taxas pelo Exerccio do Poder de Polcia; Taxas de Inspeo, Controle e Fiscalizao; ; Taxas pelo Exerccio do Poder de Polcia; Taxas de Inspeo, Controle e Fiscalizao; No se aplica; TPP - Tx de Licena Ambiental; Arrecadaes; SECRETARIA DE MEIO AMBIENTE E DESENV. ECONMICO; DIRETORIA DE MEIO AMBIENTE; SECRETARIA DE MEIO AMBIENTE E DESENV. ECONMICO; R$ 0,00; R$ 0,00; R$ 0,00; R$ 0,00; R$ 1.279,00; R$ 11.682,30; R$ 0,00; 0.0
 11220101990000; TPS - Taxa de Prestao de Servios - Outras; Receitas Correntes; Impostos, Taxas e Contribuies de Melhoria; Taxas; Taxas pela Prestao de Servios em Geral - Principal; Taxas pela Prestao de Servios; Taxas pela Prestao de Servios; ; Taxas pela Prestao de Servios; Taxas pela Prestao de Servios; No se aplica; TPS - Taxa de Prestao de Servios - Outras; Arrecadaes; SECRETARIA DE ADMINISTRAO E FINANAS; SECRETARIA DE ADMINISTRAO E FINANAS; SECRETARIA DE ADMINISTRAO E FINANAS; R$ 0,00; R$ 0,00; R$ 0,00; R$ 0,00; R$ 4.385,70; R$ 36.767,77; R$ 0,00; 0.0
 11210101050000; TPP - Tx de Licena Ambiental; Receitas Correntes; Impostos, Taxas e Contribuies de Melhoria; Taxas; Taxas de Inspeo; Taxas pelo Exerccio do Poder de Polcia; Taxas de Inspeo, Controle e Fiscalizao; ; Taxas pelo Exerccio do Poder de Polcia; Taxas de Inspeo, Controle e Fiscalizao; No se aplica; TPP - Tx de Licena Ambiental; Arrecadaes; SECRETARIA DE MEIO AMBIENTE E DESENV. ECONMICO; DIRETORIA DE MEIO AMBIENTE; SECRETARIA DE MEIO AMBIENTE E DESENV. ECONMICO; R$ 0,00; R$ 0,00; R$ 0,00; R$ 235,00; R$ 614,00; R$ 12.296,30; R$ 0,00; 0.0
 11220101990000; TPS - Taxa de Prestao de Servios - Outras; Receitas Correntes; Impostos, Taxas e Contribuies de Melhoria; Taxas; Taxas pela Prestao de Servios em Geral - Principal; Taxas pela Prestao de Servios; Taxas pela Prestao de Servios; ; Taxas pela Prestao de Servios; Taxas pela Prestao de Servios; No se aplica; TPS - Taxa de Prestao de Servios - Outras; Arrecadaes; SECRETARIA DE ADMINISTRAO E FINANAS; SECRETARIA DE ADMINISTRAO E FINANAS; SECRETARIA DE ADMINISTRAO E FINANAS; R$ 0,00; R$ 0,00; R$ 0,00; R$ 16.246,74; R$ 3.209,11; R$ 39.976,88; R$ 0,00; 0.0
 11210101990000; TPP - Tx Outras; Receitas Correntes; Impostos, Taxas e Contribuies de Melhoria; Taxas; Taxas de Inspeo; Taxas pelo Exerccio do Poder de Polcia; Taxas de Inspeo, Controle e Fiscalizao; ; Taxas pelo Exerccio do Poder de Polcia; Taxas de Inspeo, Controle e Fiscalizao; No se aplica; TPP - Tx Outras; Arrecadaes; SECRETARIA DE ADMINISTRAO E FINANAS; SECRETARIA DE ADMINISTRAO E FINANAS; SECRETARIA DE ADMINISTRAO E FINANAS; R$ 0,00; R$ 0,00; R$ 0,00; R$ 35.582,50; R$ 19.446,98; R$ 631.295,88; R$ 0,00; 0.0
 11220101020000; Taxa de Coleta de lixo; Receitas Correntes; Impostos, Taxas e Contribuies de Melhoria; Taxas; Taxas pela Prestao de Servios em Geral - Principal; Taxas pela Prestao de Servios; Taxas pela Prestao de Servios; ; Taxas pela Prestao de Servios; Taxas pela Prestao de Servios; No se aplica; Taxa de Coleta de lixo; Arrecadaes; SECRETARIA DE ADMINISTRAO E FINANAS; SECRETARIA DE ADMINISTRAO E FINANAS; SECRETARIA DE ADMINISTRAO E FINANAS; R$ 0,00; R$ 0,00; R$ 0,00; R$ 921.098,37; R$ 13.838,81; R$ 1.873.057,07; R$ 0,00; 0.0
 17199901070000; Outras Transf. de Recursos da União - Aldir Blanc de Fomento à Cultura - Lei nº 14.399/2022; Receitas Correntes; Transferências Correntes; Transferências da União e de suas Entidades; Outras Transferências de Recursos da União e de suas Entidades - Principal; Outras Transferências de Recursos da União e de suas Entidades; Outras Transferências de Recursos da União e de suas Entidades; ; Outras Transferências de Recursos da União e de suas Entidades; Outras Transferências de Recursos da União e de suas Entidades; Não se aplica; Outras Transf. de Recursos da União - Aldir Blanc de Fomento à Cultura - Lei nº 14.399/2022; Arrecadações; SECRETARIA DE CULTURA; FUNDO MUNICIPAL DE CULTURA; SECRETARIA DE CULTURA; R$ 0,00; R$ 0,00; R$ 0,00; R$ 0,00; R$ 127.512,60; R$ 127.512,60; R$ 0,00; 0.0
 13210101019916; Rec. de Remun. Dep. Banc. Vinculados- Imp. Federal; Receitas Correntes; Receita Patrimonial; Valores Mobiliários; Remuneração de Depósitos Bancários - Principal; Juros e Correções Monetárias; Remuneração de Depósitos Bancários; ; Juros e Correções Monetárias; Remuneração de Depósitos Bancários; Não se aplica; Rec. de Remun. Dep. Banc. Vinculados- Imp. Federal; Arrecadações; SECRETARIA DE ADMINISTRAÇÃO E FINANÇAS; SECRETARIA DE ADMINISTRAÇÃO E FINANÇAS; SECRETARIA DE ADMINISTRAÇÃO E FINANÇAS; R$ 0,00; R$ 0,00; R$ 0,00; R$ 0,00; R$ 214,00; R$ 65.377,64; R$ 0,00; 0.0
 11210104010000; Taxa de Licenciamento Ambiental Municipal - DA - Multas e Juros; Receitas Correntes; Impostos, Taxas e Contribuições de Melhoria; Taxas; Taxas de Inspeção, Contr. e Fisc. - DA - Multas e Juros; Taxas pelo Exercício do Poder de Polícia; Taxas de Inspeção, Controle e Fiscalização; ; Taxas pelo Exercício do Poder de Polícia; Taxas de Inspeção, Controle e Fiscalização; Não se aplica; Taxa de Licenciamento Ambiental Municipal - DA - Multas e Juros; Arrecadações; SECRETARIA DE MEIO AMBIENTE E DESENV. ECONÔMICO; DIRETORIA DE MEIO AMBIENTE; SECRETARIA DE MEIO AMBIENTE E DESENV. ECONÔMICO; R$ 0,00; R$ 0,00; R$ 0,00; R$ 0,00; R$ 58,29; R$ 58,29; R$ 0,00; 0.0
 11210103010000; Taxa de Licenciamento Ambiental Municipal - TLAM- Dívida Ativa; Receitas Correntes; Impostos, Taxas e Contribuições de Melhoria; Taxas; Taxas de Inspeção, Contr. e Fisc. - Dívida Ativa; Taxas pelo Exercício do Poder de Polícia; Taxas de Inspeção, Controle e Fiscalização; ; Taxas pelo Exercício do Poder de Polícia; Taxas de Inspeção, Controle e Fiscalização; Não se aplica; Taxa de Licenciamento Ambiental Municipal - TLAM- Dívida Ativa; Arrecadações; SECRETARIA DE MEIO AMBIENTE E DESENV. ECONÔMICO; DIRETORIA DE MEIO AMBIENTE; SECRETARIA DE MEIO AMBIENTE E DESENV. ECONÔMICO; R$ 0,00; R$ 0,00; R$ 0,00; R$ 0,00; R$ 647,71; R$ 647,71; R$ 0,00; 0.0
 11210104000000; Taxas de Inspeção, Contr. e Fisc. - DA - Multas e Juros; Receitas Correntes; Impostos, Taxas e Contribuições de Melhoria; Taxas; Taxas de Inspeção, Contr. e Fisc. - DA - Multas e Juros; Taxas pelo Exercício do Poder de Polícia; Taxas de Inspeção, Controle e Fiscalização; ; Taxas pelo Exercício do Poder de Polícia; Taxas de Inspeção, Controle e Fiscalização; Não se aplica; Taxas de Inspeção, Contr. e Fisc. - DA - Multas e Juros; Arrecadações; SECRETARIA DE ADMINISTRAÇÃO E FINANÇAS; SECRETARIA DE ADMINISTRAÇÃO E FINANÇAS; SECRETARIA DE ADMINISTRAÇÃO E FINANÇAS; R$ 882,00; R$ 882,00; R$ 0,00; R$ 0,00; R$ 503,14; R$ 503,14; R$ 882,00; 57.05
 11210104000000; Taxas de Inspeção, Contr. e Fisc. - DA - Multas e Juros; Receitas Correntes; Impostos, Taxas e Contribuições de Melhoria; Taxas; Taxas de Inspeção, Contr. e Fisc. - DA - Multas e Juros; Taxas pelo Exercício do Poder de Polícia; Taxas de Inspeção, Controle e Fiscalização; ; Taxas pelo Exercício do Poder de Polícia; Taxas de Inspeção, Controle e Fiscalização; Não se aplica; Taxas de Inspeção, Contr. e Fisc. - DA - Multas e Juros; Arrecadações; SECRETARIA DE ADMINISTRAÇÃO E FINANÇAS; SECRETARIA DE ADMINISTRAÇÃO E FINANÇAS; SECRETARIA DE ADMINISTRAÇÃO E FINANÇAS; R$ 0,00; R$ 0,00; R$ 0,00; R$ 0,00; R$ 48,92; R$ 552,06; R$ 0,00; 0.0
 13210101010501; Rec. de Remun. Dep. Banc/Vinculados - Convênios União; Receitas Correntes; Receita Patrimonial; Valores Mobiliários; Remuneração de Depósitos Bancários - Principal; Juros e Correções Monetárias; Remuneração de Depósitos Bancários; ; Juros e Correções Monetárias; Remuneração de Depósitos Bancários; Não se aplica; Rec. de Remun. Dep. Banc/Vinculados - Convênios União; Arrecadações; SECRETARIA DE ADMINISTRAÇÃO E FINANÇAS; SECRETARIA DE ADMINISTRAÇÃO E FINANÇAS; SECRETARIA DE ADMINISTRAÇÃO E FINANÇAS; R$ 0,00; R$ 0,00; R$ 0,00; R$ 0,00; R$ 3.611,60; R$ 3.611,60; R$ 0,00; 0.0
 13210101010501; Rec. de Remun. Dep. Banc/Vinculados - Convênios União; Receitas Correntes; Receita Patrimonial; Valores Mobiliários; Remuneração de Depósitos Bancários - Principal; Juros e Correções Monetárias; Remuneração de Depósitos Bancários; ; Juros e Correções Monetárias; Remuneração de Depósitos Bancários; Não se aplica; Rec. de Remun. Dep. Banc/Vinculados - Convênios União; Arrecadações; SECRETARIA DE ADMINISTRAÇÃO E FINANÇAS; SECRETARIA DE ADMINISTRAÇÃO E FINANÇAS; SECRETARIA DE ADMINISTRAÇÃO E FINANÇAS; R$ 0,00; R$ 0,00; R$ 0,00; R$ 0,00; R$ 2.383,90; R$ 5.995,50; R$ 0,00; 0.0
 13210101010501; Rec. de Remun. Dep. Banc/Vinculados - Convênios União; Receitas Correntes; Receita Patrimonial; Valores Mobiliários; Remuneração de Depósitos Bancários - Principal; Juros e Correções Monetárias; Remuneração de Depósitos Bancários; ; Juros e Correções Monetárias; Remuneração de Depósitos Bancários; Não se aplica; Rec. de Remun. Dep. Banc/Vinculados - Convênios União; Arrecadações; SECRETARIA DE ADMINISTRAÇÃO E FINANÇAS; SECRETARIA DE ADMINISTRAÇÃO E FINANÇAS; SECRETARIA DE ADMINISTRAÇÃO E FINANÇAS; R$ 0,00; R$ 0,00; R$ 0,00; R$ 0,00; R$ 1.962,22; R$ 7.957,72; R$ 0,00; 0.0
 13210101010501; Rec. de Remun. Dep. Banc/Vinculados - Convênios União; Receitas Correntes; Receita Patrimonial; Valores Mobiliários; Remuneração de Depósitos Bancários - Principal; Juros e Correções Monetárias; Remuneração de Depósitos Bancários; ; Juros e Correções Monetárias; Remuneração de Depósitos Bancários; Não se aplica; Rec. de Remun. Dep. Banc/Vinculados - Convênios União; Arrecadações; SECRETARIA DE ADMINISTRAÇÃO E FINANÇAS; SECRETARIA DE ADMINISTRAÇÃO E FINANÇAS; SECRETARIA DE ADMINISTRAÇÃO E FINANÇAS; R$ 0,00; R$ 0,00; R$ 0,00; R$ 0,00; R$ -9.184,62; R$ 0,00; R$ 0,00; 0.0
 13210101010501; Rec. de Remun. Dep. Banc/Vinculados - Convênios União; Receitas Correntes; Receita Patrimonial; Valores Mobiliários; Remuneração de Depósitos Bancários - Principal; Juros e Correções Monetárias; Remuneração de Depósitos Bancários; ; Juros e Correções Monetárias; Remuneração de Depósitos Bancários; Não se aplica; Rec. de Remun. Dep. Banc/Vinculados - Convênios União; Arrecadações; SECRETARIA DE ADMINISTRAÇÃO E FINANÇAS; SECRETARIA DE ADMINISTRAÇÃO E FINANÇAS; SECRETARIA DE ADMINISTRAÇÃO E FINANÇAS; R$ 0,00; R$ 0,00; R$ 0,00; R$ 0,00; R$ 1.913,41; R$ 9.871,13; R$ 0,00; 0.0
 13210101010501; Rec. de Remun. Dep. Banc/Vinculados - Convênios União; Receitas Correntes; Receita Patrimonial; Valores Mobiliários; Remuneração de Depósitos Bancários - Principal; Juros e Correções Monetárias; Remuneração de Depósitos Bancários; ; Juros e Correções Monetárias; Remuneração de Depósitos Bancários; Não se aplica; Rec. de Remun. Dep. Banc/Vinculados - Convênios União; Arrecadações; SECRETARIA DE ADMINISTRAÇÃO E FINANÇAS; SECRETARIA DE ADMINISTRAÇÃO E FINANÇAS; SECRETARIA DE ADMINISTRAÇÃO E FINANÇAS; R$ 0,00; R$ 0,00; R$ 0,00; R$ 0,00; R$ -1.529,16; R$ 8.341,97; R$ 0,00; 0.0
 13210101010501; Rec. de Remun. Dep. Banc/Vinculados - Convênios União; Receitas Correntes; Receita Patrimonial; Valores Mobiliários; Remuneração de Depósitos Bancários - Principal; Juros e Correções Monetárias; Remuneração de Depósitos Bancários; ; Juros e Correções Monetárias; Remuneração de Depósitos Bancários; Não se aplica; Rec. de Remun. Dep. Banc/Vinculados - Convênios União; Arrecadações; SECRETARIA DE ADMINISTRAÇÃO E FINANÇAS; SECRETARIA DE ADMINISTRAÇÃO E FINANÇAS; SECRETARIA DE ADMINISTRAÇÃO E FINANÇAS; R$ 0,00; R$ 0,00; R$ 0,00; R$ 0,00; R$ 5.163,17; R$ 13.505,14; R$ 0,00; 0.0
 13210101010501; Rec. de Remun. Dep. Banc/Vinculados - Convênios União; Receitas Correntes; Receita Patrimonial; Valores Mobiliários; Remuneração de Depósitos Bancários - Principal; Juros e Correções Monetárias; Remuneração de Depósitos Bancários; ; Juros e Correções Monetárias; Remuneração de Depósitos Bancários; Não se aplica; Rec. de Remun. Dep. Banc/Vinculados - Convênios União; Arrecadações; SECRETARIA DE ADMINISTRAÇÃO E FINANÇAS; SECRETARIA DE ADMINISTRAÇÃO E FINANÇAS; SECRETARIA DE ADMINISTRAÇÃO E FINANÇAS; R$ 0,00; R$ 0,00; R$ 0,00; R$ 0,00; R$ -4.320,52; R$ 9.184,62; R$ 0,00; 0.0
 17295101000000; Transferências de Estados destinadas à Assistência Social - Principal; Receitas Correntes; Transferências Correntes; Transferências dos Estados e do Distrito Federal e de suas Entidades; Transferências de Estados destinadas à Assistência Social - Principal; Outras Transferências dos Estados e Distrito Federal; Transferências de Estados destinadas à Assistência Social; ; Outras Transferências dos Estados e Distrito Federal; Transferências de Estados destinadas à Assistência Social; Não se aplica; Transferências de Estados destinadas à Assistência Social - Principal; Arrecadações; SECRETARIA DE DESENVOLVIMENTO SOCIAL E HABITAÇÃO; FUNDO MUNICIPAL DE ASSISTENCIA SOCIAL; SECRETARIA DE DESENVOLVIMENTO SOCIAL E HABITAÇÃO; R$ 120.000,00; R$ 120.000,00; R$ 0,00; R$ 0,00; R$ 0,00; R$ 0,00; R$ 120.000,00; 0.0
 17295101000000; Transferências de Estados destinadas à Assistência Social - Principal; Receitas Correntes; Transferências Correntes; Transferências dos Estados e do Distrito Federal e de suas Entidades; Transferências de Estados destinadas à Assistência Social - Principal; Outras Transferências dos Estados e Distrito Federal; Transferências de Estados destinadas à Assistência Social; ; Outras Transferências dos Estados e Distrito Federal; Transferências de Estados destinadas à Assistência Social; Não se aplica; Transferências de Estados destinadas à Assistência Social - Principal; Arrecadações; SECRETARIA DE DESENVOLVIMENTO SOCIAL E HABITAÇÃO; FUNDO MUNICIPAL DE ASSISTENCIA SOCIAL; SECRETARIA DE DESENVOLVIMENTO SOCIAL E HABITAÇÃO; R$ 0,00; R$ 0,00; R$ 0,00; R$ 0,00; R$ 27.828,93; R$ 27.828,93; R$ 0,00; 0.0
 17295101000000; Transferências de Estados destinadas à Assistência Social - Principal; Receitas Correntes; Transferências Correntes; Transferências dos Estados e do Distrito Federal e de suas Entidades; Transferências de Estados destinadas à Assistência Social - Principal; Outras Transferências dos Estados e Distrito Federal; Transferências de Estados destinadas à Assistência Social; ; Outras Transferências dos Estados e Distrito Federal; Transferências de Estados destinadas à Assistência Social; Não se aplica; Transferências de Estados destinadas à Assistência Social - Principal; Arrecadações; SECRETARIA DE DESENVOLVIMENTO SOCIAL E HABITAÇÃO; FUNDO MUNICIPAL DE ASSISTENCIA SOCIAL; SECRETARIA DE DESENVOLVIMENTO SOCIAL E HABITAÇÃO; R$ 0,00; R$ 0,00; R$ 0,00; R$ 0,00; R$ 27.828,93; R$ 55.657,86; R$ 0,00; 0.0
 17295101000000; Transferências de Estados destinadas à Assistência Social - Principal; Receitas Correntes; Transferências Correntes; Transferências dos Estados e do Distrito Federal e de suas Entidades; Transferências de Estados destinadas à Assistência Social - Principal; Outras Transferências dos Estados e Distrito Federal; Transferências de Estados destinadas à Assistência Social; ; Outras Transferências dos Estados e Distrito Federal; Transferências de Estados destinadas à Assistência Social; Não se aplica; Transferências de Estados destinadas à Assistência Social - Principal; Arrecadações; SECRETARIA DE DESENVOLVIMENTO SOCIAL E HABITAÇÃO; FUNDO MUNICIPAL DE ASSISTENCIA SOCIAL; SECRETARIA DE DESENVOLVIMENTO SOCIAL E HABITAÇÃO; R$ 0,00; R$ 0,00; R$ 0,00; R$ 0,00; R$ 27.828,93; R$ 83.486,79; R$ 0,00; 0.0
 17295101000000; Transferências de Estados destinadas à Assistência Social - Principal; Receitas Correntes; Transferências Correntes; Transferências dos Estados e do Distrito Federal e de suas Entidades; Transferências de Estados destinadas à Assistência Social - Principal; Outras Transferências dos Estados e Distrito Federal; Transferências de Estados destinadas à Assistência Social; ; Outras Transferências dos Estados e Distrito Federal; Transferências de Estados destinadas à Assistência Social; Não se aplica; Transferências de Estados destinadas à Assistência Social - Principal; Arrecadações; SECRETARIA DE DESENVOLVIMENTO SOCIAL E HABITAÇÃO; FUNDO MUNICIPAL DE ASSISTENCIA SOCIAL; SECRETARIA DE DESENVOLVIMENTO SOCIAL E HABITAÇÃO; R$ 0,00; R$ 0,00; R$ 0,00; R$ 0,00; R$ 8.546,04; R$ 92.032,83; R$ 0,00; 0.0
 17215301000000; Cota-Parte da Contribuição de Intervenção no Domínio Econômico - Principal; Receitas Correntes; Transferências Correntes; Transferências dos Estados e do Distrito Federal e de suas Entidades; Cota-Parte da Contribuição de Intervenção no Domínio Econômico - Principal; Participação na Receita dos Estados e Distrito Federal; Cota-Parte da Contribuição de Intervenção no Domínio Econômico; ; Participação na Receita dos Estados e Distrito Federal; Cota-Parte da Contribuição de Intervenção no Domínio Econômico; Não se aplica; Cota-Parte da Contribuição de Intervenção no Domínio Econômico - Principal; Arrecadações; SECRETARIA DE ADMINISTRAÇÃO E FINANÇAS; SECRETARIA DE ADMINISTRAÇÃO E FINANÇAS; SECRETARIA DE ADMINISTRAÇÃO E FINANÇAS; R$ 12.752,00; R$ 12.752,00; R$ 0,00; R$ 0,00; R$ 3.942,95; R$ 3.942,95; R$ 12.752,00; 30.92
 17215301000000; Cota-Parte da Contribuição de Intervenção no Domínio Econômico - Principal; Receitas Correntes; Transferências Correntes; Transferências dos Estados e do Distrito Federal e de suas Entidades; Cota-Parte da Contribuição de Intervenção no Domínio Econômico - Principal; Participação na Receita dos Estados e Distrito Federal; Cota-Parte da Contribuição de Intervenção no Domínio Econômico; ; Participação na Receita dos Estados e Distrito Federal; Cota-Parte da Contribuição de Intervenção no Domínio Econômico; Não se aplica; Cota-Parte da Contribuição de Intervenção no Domínio Econômico - Principal; Arrecadações; SECRETARIA DE ADMINISTRAÇÃO E FINANÇAS; SECRETARIA DE ADMINISTRAÇÃO E FINANÇAS; SECRETARIA DE ADMINISTRAÇÃO E FINANÇAS; R$ 0,00; R$ 0,00; R$ 0,00; R$ 0,00; R$ 4.924,82; R$ 8.867,77; R$ 0,00; 0.0
 17215301000000; Cota-Parte da Contribuição de Intervenção no Domínio Econômico - Principal; Receitas Correntes; Transferências Correntes; Transferências dos Estados e do Distrito Federal e de suas Entidades; Cota-Parte da Contribuição de Intervenção no Domínio Econômico - Principal; Participação na Receita dos Estados e Distrito Federal; Cota-Parte da Contribuição de Intervenção no Domínio Econômico; ; Participação na Receita dos Estados e Distrito Federal; Cota-Parte da Contribuição de Intervenção no Domínio Econômico; Não se aplica; Cota-Parte da Contribuição de Intervenção no Domínio Econômico - Principal; Arrecadações; SECRETARIA DE ADMINISTRAÇÃO E FINANÇAS; SECRETARIA DE ADMINISTRAÇÃO E FINANÇAS; SECRETARIA DE ADMINISTRAÇÃO E FINANÇAS; R$ 0,00; R$ 0,00; R$ 0,00; R$ 0,00; R$ 4.778,19; R$ 13.645,96; R$ 0,00; 0.0
 17215301000000; Cota-Parte da Contribuição de Intervenção no Domínio Econômico - Principal; Receitas Correntes; Transferências Correntes; Transferências dos Estados e do Distrito Federal e de suas Entidades; Cota-Parte da Contribuição de Intervenção no Domínio Econômico - Principal; Participação na Receita dos Estados e Distrito Federal; Cota-Parte da Contribuição de Intervenção no Domínio Econômico; ; Participação na Receita dos Estados e Distrito Federal; Cota-Parte da Contribuição de Intervenção no Domínio Econômico; Não se aplica; Cota-Parte da Contribuição de Intervenção no Domínio Econômico - Principal; Arrecadações; SECRETARIA DE ADMINISTRAÇÃO E FINANÇAS; SECRETARIA DE ADMINISTRAÇÃO E FINANÇAS; SECRETARIA DE ADMINISTRAÇÃO E FINANÇAS; R$ 0,00; R$ 0,00; R$ 0,00; R$ 0,00; R$ 7.935,76; R$ 21.581,72; R$ 0,00; 0.0
 24299901000001; Outras Transf. do Estado E. Imp.- Genérica; Receitas de Capital; Transferências de Capital; Transferências dos Estados e do Distrito Federal e de suas Entidades; Outras Transferências de Recursos dos Estados - Principal; Outras Transferências de Recursos dos Estados; Outras Transferências de Recursos dos Estados; ; Outras Transferências de Recursos dos Estados; Outras Transferências de Recursos dos Estados; Não se aplica; Outras Transf. do Estado E. Imp.- Genérica; Arrecadações; SECRETARIA DE OBRAS E SERVIÇOS URBANOS; DIRETORIA DE OBRAS; SECRETARIA DE OBRAS E SERVIÇOS URBANOS; R$ 0,00; R$ 0,00; R$ 0,00; R$ 0,00; R$ 1.504.042,99; R$ 1.504.042,99; R$ 0,00; 0.0
 24299901000001; Outras Transf. do Estado E. Imp.- Genérica; Receitas de Capital; Transferências de Capital; Transferências dos Estados e do Distrito Federal e de suas Entidades; Outras Transferências de Recursos dos Estados - Principal; Outras Transferências de Recursos dos Estados; Outras Transferências de Recursos dos Estados; ; Outras Transferências de Recursos dos Estados; Outras Transferências de Recursos dos Estados; Não se aplica; Outras Transf. do Estado E. Imp.- Genérica; Arrecadações; SECRETARIA DE OBRAS E SERVIÇOS URBANOS; DIRETORIA DE OBRAS; SECRETARIA DE OBRAS E SERVIÇOS URBANOS; R$ 0,00; R$ 0,00; R$ 0,00; R$ 0,00; R$ 2.004.112,99; R$ 3.508.155,98; R$ 0,00; 0.0
 24299901000001; Outras Transf. do Estado E. Imp.- Genérica; Receitas de Capital; Transferências de Capital; Transferências dos Estados e do Distrito Federal e de suas Entidades; Outras Transferências de Recursos dos Estados - Principal; Outras Transferências de Recursos dos Estados; Outras Transferências de Recursos dos Estados; ; Outras Transferências de Recursos dos Estados; Outras Transferências de Recursos dos Estados; Não se aplica; Outras Transf. do Estado E. Imp.- Genérica; Arrecadações; SECRETARIA DE OBRAS E SERVIÇOS URBANOS; DIRETORIA DE OBRAS; SECRETARIA DE OBRAS E SERVIÇOS URBANOS; R$ 0,00; R$ 0,00; R$ 0,00; R$ 0,00; R$ 3.589.347,02; R$ 7.097.503,00; R$ 0,00; 0.0
 24299901000001; Outras Transf. do Estado E. Imp.- Genérica; Receitas de Capital; Transferências de Capital; Transferências dos Estados e do Distrito Federal e de suas Entidades; Outras Transferências de Recursos dos Estados - Principal; Outras Transferências de Recursos dos Estados; Outras Transferências de Recursos dos Estados; ; Outras Transferências de Recursos dos Estados; Outras Transferências de Recursos dos Estados; Não se aplica; Outras Transf. do Estado E. Imp.- Genérica; Arrecadações; SECRETARIA DE OBRAS E SERVIÇOS URBANOS; DIRETORIA DE OBRAS; SECRETARIA DE OBRAS E SERVIÇOS URBANOS; R$ 0,00; R$ 0,00; R$ 0,00; R$ 0,00; R$ 500.000,00; R$ 7.597.503,00; R$ 0,00; 0.0
 24299901000001; Outras Transf. do Estado E. Imp.- Genérica; Receitas de Capital; Transferências de Capital; Transferências dos Estados e do Distrito Federal e de suas Entidades; Outras Transferências de Recursos dos Estados - Principal; Outras Transferências de Recursos dos Estados; Outras Transferências de Recursos dos Estados; ; Outras Transferências de Recursos dos Estados; Outras Transferências de Recursos dos Estados; Não se aplica; Outras Transf. do Estado E. Imp.- Genérica; Arrecadações; SECRETARIA DE OBRAS E SERVIÇOS URBANOS; DIRETORIA DE OBRAS; SECRETARIA DE OBRAS E SERVIÇOS URBANOS; R$ 0,00; R$ 0,00; R$ 0,00; R$ 0,00; R$ 440.000,00; R$ 8.037.503,00; R$ 0,00; 0.0
 21120101000000; Operações de Crédito Contratuais - Mercado Interno - Principal; Receitas de Capital; Operações de Crédito; Operações de Crédito - Mercado Interno; Operações de Crédito Contratuais - Mercado Interno - Principal; Operações de Crédito Contratuais - Mercado Interno; Operações de Crédito Contratuais - Mercado Interno; ; Operações de Crédito Contratuais - Mercado Interno; Operações de Crédito Contratuais - Mercado Interno; Não se aplica; Operações de Crédito Contratuais - Mercado Interno - Principal; Arrecadações; SECRETARIA DE ADMINISTRAÇÃO E FINANÇAS; SECRETARIA DE ADMINISTRAÇÃO E FINANÇAS; SECRETARIA DE ADMINISTRAÇÃO E FINANÇAS; R$ 2.000.000,00; R$ 2.000.000,00; R$ 0,00; R$ 0,00; R$ 0,00; R$ 0,00; R$ 2.000.000,00; 0.0
 21120101000000; Operações de Crédito Contratuais - Mercado Interno - Principal; Receitas de Capital; Operações de Crédito; Operações de Crédito - Mercado Interno; Operações de Crédito Contratuais - Mercado Interno - Principal; Operações de Crédito Contratuais - Mercado Interno; Operações de Crédito Contratuais - Mercado Interno; ; Operações de Crédito Contratuais - Mercado Interno; Operações de Crédito Contratuais - Mercado Interno; Não se aplica; Operações de Crédito Contratuais - Mercado Interno - Principal; Arrecadações; SECRETARIA DE ADMINISTRAÇÃO E FINANÇAS; SECRETARIA DE ADMINISTRAÇÃO E FINANÇAS; SECRETARIA DE ADMINISTRAÇÃO E FINANÇAS; R$ 0,00; R$ 0,00; R$ 0,00; R$ 0,00; R$ 881.585,30; R$ 881.585,30; R$ 0,00; 0.0
 21120101000000; Operações de Crédito Contratuais - Mercado Interno - Principal; Receitas de Capital; Operações de Crédito; Operações de Crédito - Mercado Interno; Operações de Crédito Contratuais - Mercado Interno - Principal; Operações de Crédito Contratuais - Mercado Interno; Operações de Crédito Contratuais - Mercado Interno; ; Operações de Crédito Contratuais - Mercado Interno; Operações de Crédito Contratuais - Mercado Interno; Não se aplica; Operações de Crédito Contratuais - Mercado Interno - Principal; Arrecadações; SECRETARIA DE ADMINISTRAÇÃO E FINANÇAS; SECRETARIA DE ADMINISTRAÇÃO E FINANÇAS; SECRETARIA DE ADMINISTRAÇÃO E FINANÇAS; R$ 0,00; R$ 0,00; R$ 0,00; R$ 0,00; R$ 618.414,70; R$ 1.500.000,00; R$ 0,00; 0.0
 17299901020100; Transf. do Estado p/Prog.de Educação - Transp. Escolar; Receitas Correntes; Transferências Correntes; Transferências dos Estados e do Distrito Federal e de suas Entidades; Outras Transferências dos Estados e DF - Principal; Outras Transferências dos Estados e Distrito Federal; Outras Transferências dos Estados e DF; ; Outras Transferências dos Estados e Distrito Federal; Outras Transferências dos Estados e DF; Não se aplica; Transf. do Estado p/Prog.de Educação - Transp. Escolar; Arrecadações; SECRETARIA DE EDUCAÇÃO; GABINETE DO SECRETÁRIO  DE EDUC.; SECRETARIA DE EDUCAÇÃO; R$ 0,00; R$ 0,00; R$ 0,00; R$ 0,00; R$ 130.902,06; R$ 130.902,06; R$ 0,00; 0.0
 17299901020100; Transf. do Estado p/Prog.de Educação - Transp. Escolar; Receitas Correntes; Transferências Correntes; Transferências dos Estados e do Distrito Federal e de suas Entidades; Outras Transferências dos Estados e DF - Principal; Outras Transferências dos Estados e Distrito Federal; Outras Transferências dos Estados e DF; ; Outras Transferências dos Estados e Distrito Federal; Outras Transferências dos Estados e DF; Não se aplica; Transf. do Estado p/Prog.de Educação - Transp. Escolar; Arrecadações; SECRETARIA DE EDUCAÇÃO; GABINETE DO SECRETÁRIO  DE EDUC.; SECRETARIA DE EDUCAÇÃO; R$ 0,00; R$ 0,00; R$ 0,00; R$ 0,00; R$ 65.451,03; R$ 196.353,09; R$ 0,00; 0.0
 17299901020100; Transf. do Estado p/Prog.de Educação - Transp. Escolar; Receitas Correntes; Transferências Correntes; Transferências dos Estados e do Distrito Federal e de suas Entidades; Outras Transferências dos Estados e DF - Principal; Outras Transferências dos Estados e Distrito Federal; Outras Transferências dos Estados e DF; ; Outras Transferências dos Estados e Distrito Federal; Outras Transferências dos Estados e DF; Não se aplica; Transf. do Estado p/Prog.de Educação - Transp. Escolar; Arrecadações; SECRETARIA DE EDUCAÇÃO; GABINETE DO SECRETÁRIO  DE EDUC.; SECRETARIA DE EDUCAÇÃO; R$ 0,00; R$ 0,00; R$ 0,00; R$ 0,00; R$ 65.451,03; R$ 261.804,12; R$ 0,00; 0.0
 17299901020100; Transf. do Estado p/Prog.de Educação - Transp. Escolar; Receitas Correntes; Transferências Correntes; Transferências dos Estados e do Distrito Federal e de suas Entidades; Outras Transferências dos Estados e DF - Principal; Outras Transferências dos Estados e Distrito Federal; Outras Transferências dos Estados e DF; ; Outras Transferências dos Estados e Distrito Federal; Outras Transferências dos Estados e DF; Não se aplica; Transf. do Estado p/Prog.de Educação - Transp. Escolar; Arrecadações; SECRETARIA DE EDUCAÇÃO; GABINETE DO SECRETÁRIO  DE EDUC.; SECRETARIA DE EDUCAÇÃO; R$ 0,00; R$ 0,00; R$ 0,00; R$ 0,00; R$ 65.451,03; R$ 327.255,15; R$ 0,00; 0.0
 17299901020100; Transf. do Estado p/Prog.de Educação - Transp. Escolar; Receitas Correntes; Transferências Correntes; Transferências dos Estados e do Distrito Federal e de suas Entidades; Outras Transferências dos Estados e DF - Principal; Outras Transferências dos Estados e Distrito Federal; Outras Transferências dos Estados e DF; ; Outras Transferências dos Estados e Distrito Federal; Outras Transferências dos Estados e DF; Não se aplica; Transf. do Estado p/Prog.de Educação - Transp. Escolar; Arrecadações; SECRETARIA DE EDUCAÇÃO; GABINETE DO SECRETÁRIO  DE EDUC.; SECRETARIA DE EDUCAÇÃO; R$ 0,00; R$ 0,00; R$ 0,00; R$ 0,00; R$ 65.451,03; R$ 392.706,18; R$ 0,00; 0.0
 17299901020100; Transf. do Estado p/Prog.de Educação - Transp. Escolar; Receitas Correntes; Transferências Correntes; Transferências dos Estados e do Distrito Federal e de suas Entidades; Outras Transferências dos Estados e DF - Principal; Outras Transferências dos Estados e Distrito Federal; Outras Transferências dos Estados e DF; ; Outras Transferências dos Estados e Distrito Federal; Outras Transferências dos Estados e DF; Não se aplica; Transf. do Estado p/Prog.de Educação - Transp. Escolar; Arrecadações; SECRETARIA DE EDUCAÇÃO; GABINETE DO SECRETÁRIO  DE EDUC.; SECRETARIA DE EDUCAÇÃO; R$ 0,00; R$ 0,00; R$ 0,00; R$ 0,00; R$ 65.451,03; R$ 458.157,21; R$ 0,00; 0.0
 17299901020100; Transf. do Estado p/Prog.de Educação - Transp. Escolar; Receitas Correntes; Transferências Correntes; Transferências dos Estados e do Distrito Federal e de suas Entidades; Outras Transferências dos Estados e DF - Principal; Outras Transferências dos Estados e Distrito Federal; Outras Transferências dos Estados e DF; ; Outras Transferências dos Estados e Distrito Federal; Outras Transferências dos Estados e DF; Não se aplica; Transf. do Estado p/Prog.de Educação - Transp. Escolar; Arrecadações; SECRETARIA DE EDUCAÇÃO; GABINETE DO SECRETÁRIO  DE EDUC.; SECRETARIA DE EDUCAÇÃO; R$ 0,00; R$ 0,00; R$ 0,00; R$ 0,00; R$ 65.451,03; R$ 523.608,24; R$ 0,00; 0.0
 17299901020100; Transf. do Estado p/Prog.de Educação - Transp. Escolar; Receitas Correntes; Transferências Correntes; Transferências dos Estados e do Distrito Federal e de suas Entidades; Outras Transferências dos Estados e DF - Principal; Outras Transferências dos Estados e Distrito Federal; Outras Transferências dos Estados e DF; ; Outras Transferências dos Estados e Distrito Federal; Outras Transferências dos Estados e DF; Não se aplica; Transf. do Estado p/Prog.de Educação - Transp. Escolar; Arrecadações; SECRETARIA DE EDUCAÇÃO; GABINETE DO SECRETÁRIO  DE EDUC.; SECRETARIA DE EDUCAÇÃO; R$ 0,00; R$ 0,00; R$ 0,00; R$ 0,00; R$ 65.451,01; R$ 589.059,25; R$ 0,00; 0.0
 22130101000000; Alienação de Bens Móveis e Semoventes - Principal; Receitas de Capital; Alienação de Bens; Alienação de Bens Móveis; Alienação de Bens Móveis e Semoventes - Principal; Alienação de Bens Móveis e Semoventes; Alienação de Bens Móveis e Semoventes; ; Alienação de Bens Móveis e Semoventes; Alienação de Bens Móveis e Semoventes; Não se aplica; Alienação de Bens Móveis e Semoventes - Principal; Arrecadações; SECRETARIA DE ADMINISTRAÇÃO E FINANÇAS; SECRETARIA DE ADMINISTRAÇÃO E FINANÇAS; SECRETARIA DE ADMINISTRAÇÃO E FINANÇAS; R$ 0,00; R$ 0,00; R$ 0,00; R$ 0,00; R$ 53.373,33; R$ 53.373,33; R$ 0,00; 0.0
 22130101000000; Alienação de Bens Móveis e Semoventes - Principal; Receitas de Capital; Alienação de Bens; Alienação de Bens Móveis; Alienação de Bens Móveis e Semoventes - Principal; Alienação de Bens Móveis e Semoventes; Alienação de Bens Móveis e Semoventes; ; Alienação de Bens Móveis e Semoventes; Alienação de Bens Móveis e Semoventes; Não se aplica; Alienação de Bens Móveis e Semoventes - Principal; Arrecadações; SECRETARIA DE ADMINISTRAÇÃO E FINANÇAS; SECRETARIA DE ADMINISTRAÇÃO E FINANÇAS; SECRETARIA DE ADMINISTRAÇÃO E FINANÇAS; R$ 0,00; R$ 0,00; R$ 0,00; R$ 0,00; R$ 54.177,94; R$ 107.551,27; R$ 0,00; 0.0
 22130101000000; Alienação de Bens Móveis e Semoventes - Principal; Receitas de Capital; Alienação de Bens; Alienação de Bens Móveis; Alienação de Bens Móveis e Semoventes - Principal; Alienação de Bens Móveis e Semoventes; Alienação de Bens Móveis e Semoventes; ; Alienação de Bens Móveis e Semoventes; Alienação de Bens Móveis e Semoventes; Não se aplica; Alienação de Bens Móveis e Semoventes - Principal; Arrecadações; SECRETARIA DE ADMINISTRAÇÃO E FINANÇAS; SECRETARIA DE ADMINISTRAÇÃO E FINANÇAS; SECRETARIA DE ADMINISTRAÇÃO E FINANÇAS; R$ 0,00; R$ 0,00; R$ 0,00; R$ 0,00; R$ 104.100,00; R$ 211.651,27; R$ 0,00; 0.0
 22130101000000; Alienação de Bens Móveis e Semoventes - Principal; Receitas de Capital; Alienação de Bens; Alienação de Bens Móveis; Alienação de Bens Móveis e Semoventes - Principal; Alienação de Bens Móveis e Semoventes; Alienação de Bens Móveis e Semoventes; ; Alienação de Bens Móveis e Semoventes; Alienação de Bens Móveis e Semoventes; Não se aplica; Alienação de Bens Móveis e Semoventes - Principal; Arrecadações; SECRETARIA DE ADMINISTRAÇÃO E FINANÇAS; SECRETARIA DE ADMINISTRAÇÃO E FINANÇAS; SECRETARIA DE ADMINISTRAÇÃO E FINANÇAS; R$ 0,00; R$ 0,00; R$ 0,00; R$ 0,00; R$ 24.388,51; R$ 236.039,78; R$ 0,00; 0.0
 22130101000000; Alienação de Bens Móveis e Semoventes - Principal; Receitas de Capital; Alienação de Bens; Alienação de Bens Móveis; Alienação de Bens Móveis e Semoventes - Principal; Alienação de Bens Móveis e Semoventes; Alienação de Bens Móveis e Semoventes; ; Alienação de Bens Móveis e Semoventes; Alienação de Bens Móveis e Semoventes; Não se aplica; Alienação de Bens Móveis e Semoventes - Principal; Arrecadações; SECRETARIA DE ADMINISTRAÇÃO E FINANÇAS; SECRETARIA DE ADMINISTRAÇÃO E FINANÇAS; SECRETARIA DE ADMINISTRAÇÃO E FINANÇAS; R$ 0,00; R$ 0,00; R$ 0,00; R$ 0,00; R$ 382.771,44; R$ 618.811,22; R$ 0,00; 0.0
 22130101000000; Alienação de Bens Móveis e Semoventes - Principal; Receitas de Capital; Alienação de Bens; Alienação de Bens Móveis; Alienação de Bens Móveis e Semoventes - Principal; Alienação de Bens Móveis e Semoventes; Alienação de Bens Móveis e Semoventes; ; Alienação de Bens Móveis e Semoventes; Alienação de Bens Móveis e Semoventes; Não se aplica; Alienação de Bens Móveis e Semoventes - Principal; Arrecadações; SECRETARIA DE ADMINISTRAÇÃO E FINANÇAS; SECRETARIA DE ADMINISTRAÇÃO E FINANÇAS; SECRETARIA DE ADMINISTRAÇÃO E FINANÇAS; R$ 0,00; R$ 0,00; R$ 0,00; R$ 0,00; R$ 130.904,47; R$ 749.715,69; R$ 0,00; 0.0
 22130101000000; Alienação de Bens Móveis e Semoventes - Principal; Receitas de Capital; Alienação de Bens; Alienação de Bens Móveis; Alienação de Bens Móveis e Semoventes - Principal; Alienação de Bens Móveis e Semoventes; Alienação de Bens Móveis e Semoventes; ; Alienação de Bens Móveis e Semoventes; Alienação de Bens Móveis e Semoventes; Não se aplica; Alienação de Bens Móveis e Semoventes - Principal; Arrecadações; SECRETARIA DE ADMINISTRAÇÃO E FINANÇAS; SECRETARIA DE ADMINISTRAÇÃO E FINANÇAS; SECRETARIA DE ADMINISTRAÇÃO E FINANÇAS; R$ 0,00; R$ 0,00; R$ 0,00; R$ 0,00; R$ 144.308,10; R$ 894.023,79; R$ 0,00; 0.0
 22130101000000; Alienação de Bens Móveis e Semoventes - Principal; Receitas de Capital; Alienação de Bens; Alienação de Bens Móveis; Alienação de Bens Móveis e Semoventes - Principal; Alienação de Bens Móveis e Semoventes; Alienação de Bens Móveis e Semoventes; ; Alienação de Bens Móveis e Semoventes; Alienação de Bens Móveis e Semoventes; Não se aplica; Alienação de Bens Móveis e Semoventes - Principal; Arrecadações; SECRETARIA DE ADMINISTRAÇÃO E FINANÇAS; SECRETARIA DE ADMINISTRAÇÃO E FINANÇAS; SECRETARIA DE ADMINISTRAÇÃO E FINANÇAS; R$ 0,00; R$ 0,00; R$ 0,00; R$ 0,00; R$ 117.692,78; R$ 1.011.716,57; R$ 0,00; 0.0
 22130101000000; Alienação de Bens Móveis e Semoventes - Principal; Receitas de Capital; Alienação de Bens; Alienação de Bens Móveis; Alienação de Bens Móveis e Semoventes - Principal; Alienação de Bens Móveis e Semoventes; Alienação de Bens Móveis e Semoventes; ; Alienação de Bens Móveis e Semoventes; Alienação de Bens Móveis e Semoventes; Não se aplica; Alienação de Bens Móveis e Semoventes - Principal; Arrecadações; SECRETARIA DE ADMINISTRAÇÃO E FINANÇAS; SECRETARIA DE ADMINISTRAÇÃO E FINANÇAS; SECRETARIA DE ADMINISTRAÇÃO E FINANÇAS; R$ 0,00; R$ 0,00; R$ 0,00; R$ 0,00; R$ 104.819,23; R$ 1.116.535,80; R$ 0,00; 0.0
 22130101000000; Alienação de Bens Móveis e Semoventes - Principal; Receitas de Capital; Alienação de Bens; Alienação de Bens Móveis; Alienação de Bens Móveis e Semoventes - Principal; Alienação de Bens Móveis e Semoventes; Alienação de Bens Móveis e Semoventes; ; Alienação de Bens Móveis e Semoventes; Alienação de Bens Móveis e Semoventes; Não se aplica; Alienação de Bens Móveis e Semoventes - Principal; Arrecadações; SECRETARIA DE ADMINISTRAÇÃO E FINANÇAS; SECRETARIA DE ADMINISTRAÇÃO E FINANÇAS; SECRETARIA DE ADMINISTRAÇÃO E FINANÇAS; R$ 0,00; R$ 0,00; R$ 0,00; R$ 0,00; R$ 105.109,97; R$ 1.221.645,77; R$ 0,00; 0.0
 22130101000000; Alienação de Bens Móveis e Semoventes - Principal; Receitas de Capital; Alienação de Bens; Alienação de Bens Móveis; Alienação de Bens Móveis e Semoventes - Principal; Alienação de Bens Móveis e Semoventes; Alienação de Bens Móveis e Semoventes; ; Alienação de Bens Móveis e Semoventes; Alienação de Bens Móveis e Semoventes; Não se aplica; Alienação de Bens Móveis e Semoventes - Principal; Arrecadações; SECRETARIA DE ADMINISTRAÇÃO E FINANÇAS; SECRETARIA DE ADMINISTRAÇÃO E FINANÇAS; SECRETARIA DE ADMINISTRAÇÃO E FINANÇAS; R$ 0,00; R$ 0,00; R$ 0,00; R$ 0,00; R$ 433.564,83; R$ 1.655.210,60; R$ 0,00; 0.0
 11145114000000; Imposto sobre Serviços de Qualquer Natureza - ISSQN - Dívida Ativa - Multas e Juros de Mora da Dívida Ativa; Receitas Correntes; Impostos, Taxas e Contribuições de Melhoria; Impostos; Imposto sobre Serviços de Qualquer Natureza - ISSQN - Dívida Ativa - Multas e Juros de Mora da Dívida Ativa; Impostos sobre Produção, Circulação e Serviços; Impostos sobre Serviços; Imposto sobre Serviços de Qualquer Natureza - ISSQN; Impostos sobre Produção, Circulação e Serviços; Impostos sobre Serviços; Imposto sobre Serviços de Qualquer Natureza - ISSQN; Imposto sobre Serviços de Qualquer Natureza - ISSQN - Dívida Ativa - Multas e Juros de Mora da Dívida Ativa; Arrecadações; SECRETARIA DE ADMINISTRAÇÃO E FINANÇAS; SECRETARIA DE ADMINISTRAÇÃO E FINANÇAS; SECRETARIA DE ADMINISTRAÇÃO E FINANÇAS; R$ 0,00; R$ 0,00; R$ 0,00; R$ 0,00; R$ 119,65; R$ 437,58; R$ 0,00; 0.0
 11145114000000; Imposto sobre Serviços de Qualquer Natureza - ISSQN - Dívida Ativa - Multas e Juros de Mora da Dívida Ativa; Receitas Correntes; Impostos, Taxas e Contribuições de Melhoria; Impostos; Imposto sobre Serviços de Qualquer Natureza - ISSQN - Dívida Ativa - Multas e Juros de Mora da Dívida Ativa; Impostos sobre Produção, Circulação e Serviços; Impostos sobre Serviços; Imposto sobre Serviços de Qualquer Natureza - ISSQN; Impostos sobre Produção, Circulação e Serviços; Impostos sobre Serviços; Imposto sobre Serviços de Qualquer Natureza - ISSQN; Imposto sobre Serviços de Qualquer Natureza - ISSQN - Dívida Ativa - Multas e Juros de Mora da Dívida Ativa; Arrecadações; SECRETARIA DE ADMINISTRAÇÃO E FINANÇAS; SECRETARIA DE ADMINISTRAÇÃO E FINANÇAS; SECRETARIA DE ADMINISTRAÇÃO E FINANÇAS; R$ 0,00; R$ 0,00; R$ 0,00; R$ 0,00; R$ 10,88; R$ 451,33; R$ 0,00; 0.0
 11145114000000; Imposto sobre Serviços de Qualquer Natureza - ISSQN - Dívida Ativa - Multas e Juros de Mora da Dívida Ativa; Receitas Correntes; Impostos, Taxas e Contribuições de Melhoria; Impostos; Imposto sobre Serviços de Qualquer Natureza - ISSQN - Dívida Ativa - Multas e Juros de Mora da Dívida Ativa; Impostos sobre Produção, Circulação e Serviços; Impostos sobre Serviços; Imposto sobre Serviços de Qualquer Natureza - ISSQN; Impostos sobre Produção, Circulação e Serviços; Impostos sobre Serviços; Imposto sobre Serviços de Qualquer Natureza - ISSQN; Imposto sobre Serviços de Qualquer Natureza - ISSQN - Dívida Ativa - Multas e Juros de Mora da Dívida Ativa; Arrecadações; SECRETARIA DE ADMINISTRAÇÃO E FINANÇAS; SECRETARIA DE ADMINISTRAÇÃO E FINANÇAS; SECRETARIA DE ADMINISTRAÇÃO E FINANÇAS; R$ 0,00; R$ 0,00; R$ 0,00; R$ 0,00; R$ 30,76; R$ 482,09; R$ 0,00; 0.0
 11145114000000; Imposto sobre Serviços de Qualquer Natureza - ISSQN - Dívida Ativa - Multas e Juros de Mora da Dívida Ativa; Receitas Correntes; Impostos, Taxas e Contribuições de Melhoria; Impostos; Imposto sobre Serviços de Qualquer Natureza - ISSQN - Dívida Ativa - Multas e Juros de Mora da Dívida Ativa; Impostos sobre Produção, Circulação e Serviços; Impostos sobre Serviços; Imposto sobre Serviços de Qualquer Natureza - ISSQN; Impostos sobre Produção, Circulação e Serviços; Impostos sobre Serviços; Imposto sobre Serviços de Qualquer Natureza - ISSQN; Imposto sobre Serviços de Qualquer Natureza - ISSQN - Dívida Ativa - Multas e Juros de Mora da Dívida Ativa; Arrecadações; SECRETARIA DE ADMINISTRAÇÃO E FINANÇAS; SECRETARIA DE ADMINISTRAÇÃO E FINANÇAS; SECRETARIA DE ADMINISTRAÇÃO E FINANÇAS; R$ 26.992,00; R$ 26.992,00; R$ 0,00; R$ 0,00; R$ 86,58; R$ 86,58; R$ 26.992,00; 0.32
 11145114000000; Imposto sobre Serviços de Qualquer Natureza - ISSQN - Dívida Ativa - Multas e Juros de Mora da Dívida Ativa; Receitas Correntes; Impostos, Taxas e Contribuições de Melhoria; Impostos; Imposto sobre Serviços de Qualquer Natureza - ISSQN - Dívida Ativa - Multas e Juros de Mora da Dívida Ativa; Impostos sobre Produção, Circulação e Serviços; Impostos sobre Serviços; Imposto sobre Serviços de Qualquer Natureza - ISSQN; Impostos sobre Produção, Circulação e Serviços; Impostos sobre Serviços; Imposto sobre Serviços de Qualquer Natureza - ISSQN; Imposto sobre Serviços de Qualquer Natureza - ISSQN - Dívida Ativa - Multas e Juros de Mora da Dívida Ativa; Arrecadações; SECRETARIA DE ADMINISTRAÇÃO E FINANÇAS; SECRETARIA DE ADMINISTRAÇÃO E FINANÇAS; SECRETARIA DE ADMINISTRAÇÃO E FINANÇAS; R$ 0,00; R$ 0,00; R$ 0,00; R$ 0,00; R$ 93,69; R$ 180,27; R$ 0,00; 0.0
 11145114000000; Imposto sobre Serviços de Qualquer Natureza - ISSQN - Dívida Ativa - Multas e Juros de Mora da Dívida Ativa; Receitas Correntes; Impostos, Taxas e Contribuições de Melhoria; Impostos; Imposto sobre Serviços de Qualquer Natureza - ISSQN - Dívida Ativa - Multas e Juros de Mora da Dívida Ativa; Impostos sobre Produção, Circulação e Serviços; Impostos sobre Serviços; Imposto sobre Serviços de Qualquer Natureza - ISSQN; Impostos sobre Produção, Circulação e Serviços; Impostos sobre Serviços; Imposto sobre Serviços de Qualquer Natureza - ISSQN; Imposto sobre Serviços de Qualquer Natureza - ISSQN - Dívida Ativa - Multas e Juros de Mora da Dívida Ativa; Arrecadações; SECRETARIA DE ADMINISTRAÇÃO E FINANÇAS; SECRETARIA DE ADMINISTRAÇÃO E FINANÇAS; SECRETARIA DE ADMINISTRAÇÃO E FINANÇAS; R$ 0,00; R$ 0,00; R$ 0,00; R$ 0,00; R$ 68,36; R$ 248,63; R$ 0,00; 0.0
 11145114000000; Imposto sobre Serviços de Qualquer Natureza - ISSQN - Dívida Ativa - Multas e Juros de Mora da Dívida Ativa; Receitas Correntes; Impostos, Taxas e Contribuições de Melhoria; Impostos; Imposto sobre Serviços de Qualquer Natureza - ISSQN - Dívida Ativa - Multas e Juros de Mora da Dívida Ativa; Impostos sobre Produção, Circulação e Serviços; Impostos sobre Serviços; Imposto sobre Serviços de Qualquer Natureza - ISSQN; Impostos sobre Produção, Circulação e Serviços; Impostos sobre Serviços; Imposto sobre Serviços de Qualquer Natureza - ISSQN; Imposto sobre Serviços de Qualquer Natureza - ISSQN - Dívida Ativa - Multas e Juros de Mora da Dívida Ativa; Arrecadações; SECRETARIA DE ADMINISTRAÇÃO E FINANÇAS; SECRETARIA DE ADMINISTRAÇÃO E FINANÇAS; SECRETARIA DE ADMINISTRAÇÃO E FINANÇAS; R$ 0,00; R$ 0,00; R$ 0,00; R$ 0,00; R$ 69,30; R$ 317,93; R$ 0,00; 0.0
 11145114000000; Imposto sobre Serviços de Qualquer Natureza - ISSQN - Dívida Ativa - Multas e Juros de Mora da Dívida Ativa; Receitas Correntes; Impostos, Taxas e Contribuições de Melhoria; Impostos; Imposto sobre Serviços de Qualquer Natureza - ISSQN - Dívida Ativa - Multas e Juros de Mora da Dívida Ativa; Impostos sobre Produção, Circulação e Serviços; Impostos sobre Serviços; Imposto sobre Serviços de Qualquer Natureza - ISSQN; Impostos sobre Produção, Circulação e Serviços; Impostos sobre Serviços; Imposto sobre Serviços de Qualquer Natureza - ISSQN; Imposto sobre Serviços de Qualquer Natureza - ISSQN - Dívida Ativa - Multas e Juros de Mora da Dívida Ativa; Arrecadações; SECRETARIA DE ADMINISTRAÇÃO E FINANÇAS; SECRETARIA DE ADMINISTRAÇÃO E FINANÇAS; SECRETARIA DE ADMINISTRAÇÃO E FINANÇAS; R$ 0,00; R$ 0,00; R$ 0,00; R$ 0,00; R$ 2,87; R$ 440,45; R$ 0,00; 0.0
 17125241000000; Cota-Parte do Fundo Especial do Petróleo – FEP - Principal; Receitas Correntes; Transferências Correntes; Transferências da União e de suas Entidades; Cota-Parte do Fundo Especial do Petróleo – FEP - Principal; Transferências das Compensações Financeiras pela Exploração de Recursos Naturais; Cota-parte da Compensação Financeira pela Produção de Petróleo; Cota-Parte do Fundo Especial do Petróleo – FEP; Transferências das Compensações Financeiras pela Exploração de Recursos Naturais; Cota-parte da Compensação Financeira pela Produção de Petróleo; Cota-Parte do Fundo Especial do Petróleo – FEP; Cota-Parte do Fundo Especial do Petróleo – FEP - Principal; Arrecadações; SECRETARIA DE ADMINISTRAÇÃO E FINANÇAS; SECRETARIA DE ADMINISTRAÇÃO E FINANÇAS; SECRETARIA DE ADMINISTRAÇÃO E FINANÇAS; R$ 529.459,00; R$ 529.459,00; R$ 0,00; R$ 0,00; R$ 38.060,19; R$ 38.060,19; R$ 529.459,00; 7.19
 17125241000000; Cota-Parte do Fundo Especial do Petróleo – FEP - Principal; Receitas Correntes; Transferências Correntes; Transferências da União e de suas Entidades; Cota-Parte do Fundo Especial do Petróleo – FEP - Principal; Transferências das Compensações Financeiras pela Exploração de Recursos Naturais; Cota-parte da Compensação Financeira pela Produção de Petróleo; Cota-Parte do Fundo Especial do Petróleo – FEP; Transferências das Compensações Financeiras pela Exploração de Recursos Naturais; Cota-parte da Compensação Financeira pela Produção de Petróleo; Cota-Parte do Fundo Especial do Petróleo – FEP; Cota-Parte do Fundo Especial do Petróleo – FEP - Principal; Arrecadações; SECRETARIA DE ADMINISTRAÇÃO E FINANÇAS; SECRETARIA DE ADMINISTRAÇÃO E FINANÇAS; SECRETARIA DE ADMINISTRAÇÃO E FINANÇAS; R$ 0,00; R$ 0,00; R$ 0,00; R$ 0,00; R$ 36.016,13; R$ 74.076,32; R$ 0,00; 0.0
 17125241000000; Cota-Parte do Fundo Especial do Petróleo – FEP - Principal; Receitas Correntes; Transferências Correntes; Transferências da União e de suas Entidades; Cota-Parte do Fundo Especial do Petróleo – FEP - Principal; Transferências das Compensações Financeiras pela Exploração de Recursos Naturais; Cota-parte da Compensação Financeira pela Produção de Petróleo; Cota-Parte do Fundo Especial do Petróleo – FEP; Transferências das Compensações Financeiras pela Exploração de Recursos Naturais; Cota-parte da Compensação Financeira pela Produção de Petróleo; Cota-Parte do Fundo Especial do Petróleo – FEP; Cota-Parte do Fundo Especial do Petróleo – FEP - Principal; Arrecadações; SECRETARIA DE ADMINISTRAÇÃO E FINANÇAS; SECRETARIA DE ADMINISTRAÇÃO E FINANÇAS; SECRETARIA DE ADMINISTRAÇÃO E FINANÇAS; R$ 0,00; R$ 0,00; R$ 0,00; R$ 0,00; R$ 36.596,20; R$ 110.672,52; R$ 0,00; 0.0
 17125241000000; Cota-Parte do Fundo Especial do Petróleo – FEP - Principal; Receitas Correntes; Transferências Correntes; Transferências da União e de suas Entidades; Cota-Parte do Fundo Especial do Petróleo – FEP - Principal; Transferências das Compensações Financeiras pela Exploração de Recursos Naturais; Cota-parte da Compensação Financeira pela Produção de Petróleo; Cota-Parte do Fundo Especial do Petróleo – FEP; Transferências das Compensações Financeiras pela Exploração de Recursos Naturais; Cota-parte da Compensação Financeira pela Produção de Petróleo; Cota-Parte do Fundo Especial do Petróleo – FEP; Cota-Parte do Fundo Especial do Petróleo – FEP - Principal; Arrecadações; SECRETARIA DE ADMINISTRAÇÃO E FINANÇAS; SECRETARIA DE ADMINISTRAÇÃO E FINANÇAS; SECRETARIA DE ADMINISTRAÇÃO E FINANÇAS; R$ 0,00; R$ 0,00; R$ 0,00; R$ 0,00; R$ 36.153,08; R$ 146.825,60; R$ 0,00; 0.0
 17125241000000; Cota-Parte do Fundo Especial do Petróleo – FEP - Principal; Receitas Correntes; Transferências Correntes; Transferências da União e de suas Entidades; Cota-Parte do Fundo Especial do Petróleo – FEP - Principal; Transferências das Compensações Financeiras pela Exploração de Recursos Naturais; Cota-parte da Compensação Financeira pela Produção de Petróleo; Cota-Parte do Fundo Especial do Petróleo – FEP; Transferências das Compensações Financeiras pela Exploração de Recursos Naturais; Cota-parte da Compensação Financeira pela Produção de Petróleo; Cota-Parte do Fundo Especial do Petróleo – FEP; Cota-Parte do Fundo Especial do Petróleo – FEP - Principal; Arrecadações; SECRETARIA DE ADMINISTRAÇÃO E FINANÇAS; SECRETARIA DE ADMINISTRAÇÃO E FINANÇAS; SECRETARIA DE ADMINISTRAÇÃO E FINANÇAS; R$ 0,00; R$ 0,00; R$ 0,00; R$ 0,00; R$ 36.951,29; R$ 183.776,89; R$ 0,00; 0.0
 17125241000000; Cota-Parte do Fundo Especial do Petróleo – FEP - Principal; Receitas Correntes; Transferências Correntes; Transferências da União e de suas Entidades; Cota-Parte do Fundo Especial do Petróleo – FEP - Principal; Transferências das Compensações Financeiras pela Exploração de Recursos Naturais; Cota-parte da Compensação Financeira pela Produção de Petróleo; Cota-Parte do Fundo Especial do Petróleo – FEP; Transferências das Compensações Financeiras pela Exploração de Recursos Naturais; Cota-parte da Compensação Financeira pela Produção de Petróleo; Cota-Parte do Fundo Especial do Petróleo – FEP; Cota-Parte do Fundo Especial do Petróleo – FEP - Principal; Arrecadações; SECRETARIA DE ADMINISTRAÇÃO E FINANÇAS; SECRETARIA DE ADMINISTRAÇÃO E FINANÇAS; SECRETARIA DE ADMINISTRAÇÃO E FINANÇAS; R$ 0,00; R$ 0,00; R$ 0,00; R$ 0,00; R$ 36.910,82; R$ 220.687,71; R$ 0,00; 0.0
 17125241000000; Cota-Parte do Fundo Especial do Petróleo – FEP - Principal; Receitas Correntes; Transferências Correntes; Transferências da União e de suas Entidades; Cota-Parte do Fundo Especial do Petróleo – FEP - Principal; Transferências das Compensações Financeiras pela Exploração de Recursos Naturais; Cota-parte da Compensação Financeira pela Produção de Petróleo; Cota-Parte do Fundo Especial do Petróleo – FEP; Transferências das Compensações Financeiras pela Exploração de Recursos Naturais; Cota-parte da Compensação Financeira pela Produção de Petróleo; Cota-Parte do Fundo Especial do Petróleo – FEP; Cota-Parte do Fundo Especial do Petróleo – FEP - Principal; Arrecadações; SECRETARIA DE ADMINISTRAÇÃO E FINANÇAS; SECRETARIA DE ADMINISTRAÇÃO E FINANÇAS; SECRETARIA DE ADMINISTRAÇÃO E FINANÇAS; R$ 0,00; R$ 0,00; R$ 0,00; R$ 0,00; R$ 61.204,79; R$ 281.892,50; R$ 0,00; 0.0
 17125241000000; Cota-Parte do Fundo Especial do Petróleo – FEP - Principal; Receitas Correntes; Transferências Correntes; Transferências da União e de suas Entidades; Cota-Parte do Fundo Especial do Petróleo – FEP - Principal; Transferências das Compensações Financeiras pela Exploração de Recursos Naturais; Cota-parte da Compensação Financeira pela Produção de Petróleo; Cota-Parte do Fundo Especial do Petróleo – FEP; Transferências das Compensações Financeiras pela Exploração de Recursos Naturais; Cota-parte da Compensação Financeira pela Produção de Petróleo; Cota-Parte do Fundo Especial do Petróleo – FEP; Cota-Parte do Fundo Especial do Petróleo – FEP - Principal; Arrecadações; SECRETARIA DE ADMINISTRAÇÃO E FINANÇAS; SECRETARIA DE ADMINISTRAÇÃO E FINANÇAS; SECRETARIA DE ADMINISTRAÇÃO E FINANÇAS; R$ 0,00; R$ 0,00; R$ 0,00; R$ 0,00; R$ 56.625,14; R$ 338.517,64; R$ 0,00; 0.0
 17125241000000; Cota-Parte do Fundo Especial do Petróleo – FEP - Principal; Receitas Correntes; Transferências Correntes; Transferências da União e de suas Entidades; Cota-Parte do Fundo Especial do Petróleo – FEP - Principal; Transferências das Compensações Financeiras pela Exploração de Recursos Naturais; Cota-parte da Compensação Financeira pela Produção de Petróleo; Cota-Parte do Fundo Especial do Petróleo – FEP; Transferências das Compensações Financeiras pela Exploração de Recursos Naturais; Cota-parte da Compensação Financeira pela Produção de Petróleo; Cota-Parte do Fundo Especial do Petróleo – FEP; Cota-Parte do Fundo Especial do Petróleo – FEP - Principal; Arrecadações; SECRETARIA DE ADMINISTRAÇÃO E FINANÇAS; SECRETARIA DE ADMINISTRAÇÃO E FINANÇAS; SECRETARIA DE ADMINISTRAÇÃO E FINANÇAS; R$ 0,00; R$ 0,00; R$ 0,00; R$ 0,00; R$ 40.496,86; R$ 379.014,50; R$ 0,00; 0.0
 17125241000000; Cota-Parte do Fundo Especial do Petróleo – FEP - Principal; Receitas Correntes; Transferências Correntes; Transferências da União e de suas Entidades; Cota-Parte do Fundo Especial do Petróleo – FEP - Principal; Transferências das Compensações Financeiras pela Exploração de Recursos Naturais; Cota-parte da Compensação Financeira pela Produção de Petróleo; Cota-Parte do Fundo Especial do Petróleo – FEP; Transferências das Compensações Financeiras pela Exploração de Recursos Naturais; Cota-parte da Compensação Financeira pela Produção de Petróleo; Cota-Parte do Fundo Especial do Petróleo – FEP; Cota-Parte do Fundo Especial do Petróleo – FEP - Principal; Arrecadações; SECRETARIA DE ADMINISTRAÇÃO E FINANÇAS; SECRETARIA DE ADMINISTRAÇÃO E FINANÇAS; SECRETARIA DE ADMINISTRAÇÃO E FINANÇAS; R$ 0,00; R$ 0,00; R$ 0,00; R$ 0,00; R$ 38.053,63; R$ 417.068,13; R$ 0,00; 0.0
 17125241000000; Cota-Parte do Fundo Especial do Petróleo – FEP - Principal; Receitas Correntes; Transferências Correntes; Transferências da União e de suas Entidades; Cota-Parte do Fundo Especial do Petróleo – FEP - Principal; Transferências das Compensações Financeiras pela Exploração de Recursos Naturais; Cota-parte da Compensação Financeira pela Produção de Petróleo; Cota-Parte do Fundo Especial do Petróleo – FEP; Transferências das Compensações Financeiras pela Exploração de Recursos Naturais; Cota-parte da Compensação Financeira pela Produção de Petróleo; Cota-Parte do Fundo Especial do Petróleo – FEP; Cota-Parte do Fundo Especial do Petróleo – FEP - Principal; Arrecadações; SECRETARIA DE ADMINISTRAÇÃO E FINANÇAS; SECRETARIA DE ADMINISTRAÇÃO E FINANÇAS; SECRETARIA DE ADMINISTRAÇÃO E FINANÇAS; R$ 0,00; R$ 0,00; R$ 0,00; R$ 0,00; R$ 38.854,47; R$ 455.922,60; R$ 0,00; 0.0
 17115201000000; Cota-Parte do Imposto Sobre a Propriedade Territorial Rural - Principal; Receitas Correntes; Transferências Correntes; Transferências da União e de suas Entidades; Cota-Parte do Imposto Sobre a Propriedade Territorial Rural - Principal; Transferências Decorrentes de Participação na Receita da União; Cota-Parte do Imposto Sobre a Propriedade Territorial Rural; ; Transferências Decorrentes de Participação na Receita da União; Cota-Parte do Imposto Sobre a Propriedade Territorial Rural; Não se aplica; Cota-Parte do Imposto Sobre a Propriedade Territorial Rural - Principal; Arrecadações; SECRETARIA DE ADMINISTRAÇÃO E FINANÇAS; SECRETARIA DE ADMINISTRAÇÃO E FINANÇAS; SECRETARIA DE ADMINISTRAÇÃO E FINANÇAS; R$ 126.080,00; R$ 126.080,00; R$ 25.216,00; R$ 0,00; R$ 199,69; R$ 199,69; R$ 100.864,00; 0.15
 17125101000000; Cota-parte da Compensação Financeira pela Exploração de Recursos Minerais - CFEM - Principal; Receitas Correntes; Transferências Correntes; Transferências da União e de suas Entidades; Cota-parte da Compensação Financeira pela Exploração de Recursos Minerais - CFEM - Principal; Transferências das Compensações Financeiras pela Exploração de Recursos Naturais; Cota-parte da Compensação Financeira pela Exploração de Recursos Minerais - CFEM; ; Transferências das Compensações Financeiras pela Exploração de Recursos Naturais; Cota-parte da Compensação Financeira pela Exploração de Recursos Minerais - CFEM; Não se aplica; Cota-parte da Compensação Financeira pela Exploração de Recursos Minerais - CFEM - Principal; Arrecadações; SECRETARIA DE ADMINISTRAÇÃO E FINANÇAS; SECRETARIA DE ADMINISTRAÇÃO E FINANÇAS; SECRETARIA DE ADMINISTRAÇÃO E FINANÇAS; R$ 5.686,00; R$ 5.686,00; R$ 0,00; R$ 0,00; R$ 414,01; R$ 414,01; R$ 5.686,00; 7.28
 17115201000000; Cota-Parte do Imposto Sobre a Propriedade Territorial Rural - Principal; Receitas Correntes; Transferências Correntes; Transferências da União e de suas Entidades; Cota-Parte do Imposto Sobre a Propriedade Territorial Rural - Principal; Transferências Decorrentes de Participação na Receita da União; Cota-Parte do Imposto Sobre a Propriedade Territorial Rural; ; Transferências Decorrentes de Participação na Receita da União; Cota-Parte do Imposto Sobre a Propriedade Territorial Rural; Não se aplica; Cota-Parte do Imposto Sobre a Propriedade Territorial Rural - Principal; Arrecadações; SECRETARIA DE ADMINISTRAÇÃO E FINANÇAS; SECRETARIA DE ADMINISTRAÇÃO E FINANÇAS; SECRETARIA DE ADMINISTRAÇÃO E FINANÇAS; R$ 0,00; R$ 0,00; R$ 0,00; R$ 0,00; R$ 510,74; R$ 710,43; R$ 0,00; 0.0
 17125101000000; Cota-parte da Compensação Financeira pela Exploração de Recursos Minerais - CFEM - Principal; Receitas Correntes; Transferências Correntes; Transferências da União e de suas Entidades; Cota-parte da Compensação Financeira pela Exploração de Recursos Minerais - CFEM - Principal; Transferências das Compensações Financeiras pela Exploração de Recursos Naturais; Cota-parte da Compensação Financeira pela Exploração de Recursos Minerais - CFEM; ; Transferências das Compensações Financeiras pela Exploração de Recursos Naturais; Cota-parte da Compensação Financeira pela Exploração de Recursos Minerais - CFEM; Não se aplica; Cota-parte da Compensação Financeira pela Exploração de Recursos Minerais - CFEM - Principal; Arrecadações; SECRETARIA DE ADMINISTRAÇÃO E FINANÇAS; SECRETARIA DE ADMINISTRAÇÃO E FINANÇAS; SECRETARIA DE ADMINISTRAÇÃO E FINANÇAS; R$ 0,00; R$ 0,00; R$ 0,00; R$ 0,00; R$ 11.066,29; R$ 11.480,30; R$ 0,00; 0.0
 17125101000000; Cota-parte da Compensação Financeira pela Exploração de Recursos Minerais - CFEM - Principal; Receitas Correntes; Transferências Correntes; Transferências da União e de suas Entidades; Cota-parte da Compensação Financeira pela Exploração de Recursos Minerais - CFEM - Principal; Transferências das Compensações Financeiras pela Exploração de Recursos Naturais; Cota-parte da Compensação Financeira pela Exploração de Recursos Minerais - CFEM; ; Transferências das Compensações Financeiras pela Exploração de Recursos Naturais; Cota-parte da Compensação Financeira pela Exploração de Recursos Minerais - CFEM; Não se aplica; Cota-parte da Compensação Financeira pela Exploração de Recursos Minerais - CFEM - Principal; Arrecadações; SECRETARIA DE ADMINISTRAÇÃO E FINANÇAS; SECRETARIA DE ADMINISTRAÇÃO E FINANÇAS; SECRETARIA DE ADMINISTRAÇÃO E FINANÇAS; R$ 0,00; R$ 0,00; R$ 0,00; R$ 0,00; R$ 2.826,17; R$ 14.306,47; R$ 0,00; 0.0
 17115201000000; Cota-Parte do Imposto Sobre a Propriedade Territorial Rural - Principal; Receitas Correntes; Transferências Correntes; Transferências da União e de suas Entidades; Cota-Parte do Imposto Sobre a Propriedade Territorial Rural - Principal; Transferências Decorrentes de Participação na Receita da União; Cota-Parte do Imposto Sobre a Propriedade Territorial Rural; ; Transferências Decorrentes de Participação na Receita da União; Cota-Parte do Imposto Sobre a Propriedade Territorial Rural; Não se aplica; Cota-Parte do Imposto Sobre a Propriedade Territorial Rural - Principal; Arrecadações; SECRETARIA DE ADMINISTRAÇÃO E FINANÇAS; SECRETARIA DE ADMINISTRAÇÃO E FINANÇAS; SECRETARIA DE ADMINISTRAÇÃO E FINANÇAS; R$ 0,00; R$ 0,00; R$ 0,00; R$ 0,00; R$ 356,28; R$ 1.066,71; R$ 0,00; 0.0
 17115201000000; Cota-Parte do Imposto Sobre a Propriedade Territorial Rural - Principal; Receitas Correntes; Transferências Correntes; Transferências da União e de suas Entidades; Cota-Parte do Imposto Sobre a Propriedade Territorial Rural - Principal; Transferências Decorrentes de Participação na Receita da União; Cota-Parte do Imposto Sobre a Propriedade Territorial Rural; ; Transferências Decorrentes de Participação na Receita da União; Cota-Parte do Imposto Sobre a Propriedade Territorial Rural; Não se aplica; Cota-Parte do Imposto Sobre a Propriedade Territorial Rural - Principal; Arrecadações; SECRETARIA DE ADMINISTRAÇÃO E FINANÇAS; SECRETARIA DE ADMINISTRAÇÃO E FINANÇAS; SECRETARIA DE ADMINISTRAÇÃO E FINANÇAS; R$ 0,00; R$ 0,00; R$ 0,00; R$ 0,00; R$ 385,08; R$ 1.451,79; R$ 0,00; 0.0
 17125101000000; Cota-parte da Compensação Financeira pela Exploração de Recursos Minerais - CFEM - Principal; Receitas Correntes; Transferências Correntes; Transferências da União e de suas Entidades; Cota-parte da Compensação Financeira pela Exploração de Recursos Minerais - CFEM - Principal; Transferências das Compensações Financeiras pela Exploração de Recursos Naturais; Cota-parte da Compensação Financeira pela Exploração de Recursos Minerais - CFEM; ; Transferências das Compensações Financeiras pela Exploração de Recursos Naturais; Cota-parte da Compensação Financeira pela Exploração de Recursos Minerais - CFEM; Não se aplica; Cota-parte da Compensação Financeira pela Exploração de Recursos Minerais - CFEM - Principal; Arrecadações; SECRETARIA DE ADMINISTRAÇÃO E FINANÇAS; SECRETARIA DE ADMINISTRAÇÃO E FINANÇAS; SECRETARIA DE ADMINISTRAÇÃO E FINANÇAS; R$ 0,00; R$ 0,00; R$ 0,00; R$ 0,00; R$ 1.519,63; R$ 15.826,10; R$ 0,00; 0.0
 17125101000000; Cota-parte da Compensação Financeira pela Exploração de Recursos Minerais - CFEM - Principal; Receitas Correntes; Transferências Correntes; Transferências da União e de suas Entidades; Cota-parte da Compensação Financeira pela Exploração de Recursos Minerais - CFEM - Principal; Transferências das Compensações Financeiras pela Exploração de Recursos Naturais; Cota-parte da Compensação Financeira pela Exploração de Recursos Minerais - CFEM; ; Transferências das Compensações Financeiras pela Exploração de Recursos Naturais; Cota-parte da Compensação Financeira pela Exploração de Recursos Minerais - CFEM; Não se aplica; Cota-parte da Compensação Financeira pela Exploração de Recursos Minerais - CFEM - Principal; Arrecadações; SECRETARIA DE ADMINISTRAÇÃO E FINANÇAS; SECRETARIA DE ADMINISTRAÇÃO E FINANÇAS; SECRETARIA DE ADMINISTRAÇÃO E FINANÇAS; R$ 0,00; R$ 0,00; R$ 0,00; R$ 0,00; R$ 3.137,40; R$ 18.963,50; R$ 0,00; 0.0
 17115201000000; Cota-Parte do Imposto Sobre a Propriedade Territorial Rural - Principal; Receitas Correntes; Transferências Correntes; Transferências da União e de suas Entidades; Cota-Parte do Imposto Sobre a Propriedade Territorial Rural - Principal; Transferências Decorrentes de Participação na Receita da União; Cota-Parte do Imposto Sobre a Propriedade Territorial Rural; ; Transferências Decorrentes de Participação na Receita da União; Cota-Parte do Imposto Sobre a Propriedade Territorial Rural; Não se aplica; Cota-Parte do Imposto Sobre a Propriedade Territorial Rural - Principal; Arrecadações; SECRETARIA DE ADMINISTRAÇÃO E FINANÇAS; SECRETARIA DE ADMINISTRAÇÃO E FINANÇAS; SECRETARIA DE ADMINISTRAÇÃO E FINANÇAS; R$ 0,00; R$ 0,00; R$ 0,00; R$ 0,00; R$ 76,85; R$ 1.528,64; R$ 0,00; 0.0
 17115201000000; Cota-Parte do Imposto Sobre a Propriedade Territorial Rural - Principal; Receitas Correntes; Transferências Correntes; Transferências da União e de suas Entidades; Cota-Parte do Imposto Sobre a Propriedade Territorial Rural - Principal; Transferências Decorrentes de Participação na Receita da União; Cota-Parte do Imposto Sobre a Propriedade Territorial Rural; ; Transferências Decorrentes de Participação na Receita da União; Cota-Parte do Imposto Sobre a Propriedade Territorial Rural; Não se aplica; Cota-Parte do Imposto Sobre a Propriedade Territorial Rural - Principal; Arrecadações; SECRETARIA DE ADMINISTRAÇÃO E FINANÇAS; SECRETARIA DE ADMINISTRAÇÃO E FINANÇAS; SECRETARIA DE ADMINISTRAÇÃO E FINANÇAS; R$ 0,00; R$ 0,00; R$ 0,00; R$ 0,00; R$ 515,65; R$ 2.044,29; R$ 0,00; 0.0
 17115201000000; Cota-Parte do Imposto Sobre a Propriedade Territorial Rural - Principal; Receitas Correntes; Transferências Correntes; Transferências da União e de suas Entidades; Cota-Parte do Imposto Sobre a Propriedade Territorial Rural - Principal; Transferências Decorrentes de Participação na Receita da União; Cota-Parte do Imposto Sobre a Propriedade Territorial Rural; ; Transferências Decorrentes de Participação na Receita da União; Cota-Parte do Imposto Sobre a Propriedade Territorial Rural; Não se aplica; Cota-Parte do Imposto Sobre a Propriedade Territorial Rural - Principal; Arrecadações; SECRETARIA DE ADMINISTRAÇÃO E FINANÇAS; SECRETARIA DE ADMINISTRAÇÃO E FINANÇAS; SECRETARIA DE ADMINISTRAÇÃO E FINANÇAS; R$ 0,00; R$ 0,00; R$ 0,00; R$ 0,00; R$ 226,51; R$ 2.270,80; R$ 0,00; 0.0
 17125101000000; Cota-parte da Compensação Financeira pela Exploração de Recursos Minerais - CFEM - Principal; Receitas Correntes; Transferências Correntes; Transferências da União e de suas Entidades; Cota-parte da Compensação Financeira pela Exploração de Recursos Minerais - CFEM - Principal; Transferências das Compensações Financeiras pela Exploração de Recursos Naturais; Cota-parte da Compensação Financeira pela Exploração de Recursos Minerais - CFEM; ; Transferências das Compensações Financeiras pela Exploração de Recursos Naturais; Cota-parte da Compensação Financeira pela Exploração de Recursos Minerais - CFEM; Não se aplica; Cota-parte da Compensação Financeira pela Exploração de Recursos Minerais - CFEM - Principal; Arrecadações; SECRETARIA DE ADMINISTRAÇÃO E FINANÇAS; SECRETARIA DE ADMINISTRAÇÃO E FINANÇAS; SECRETARIA DE ADMINISTRAÇÃO E FINANÇAS; R$ 0,00; R$ 0,00; R$ 0,00; R$ 0,00; R$ 2.222,68; R$ 21.186,18; R$ 0,00; 0.0
 17115201000000; Cota-Parte do Imposto Sobre a Propriedade Territorial Rural - Principal; Receitas Correntes; Transferências Correntes; Transferências da União e de suas Entidades; Cota-Parte do Imposto Sobre a Propriedade Territorial Rural - Principal; Transferências Decorrentes de Participação na Receita da União; Cota-Parte do Imposto Sobre a Propriedade Territorial Rural; ; Transferências Decorrentes de Participação na Receita da União; Cota-Parte do Imposto Sobre a Propriedade Territorial Rural; Não se aplica; Cota-Parte do Imposto Sobre a Propriedade Territorial Rural - Principal; Arrecadações; SECRETARIA DE ADMINISTRAÇÃO E FINANÇAS; SECRETARIA DE ADMINISTRAÇÃO E FINANÇAS; SECRETARIA DE ADMINISTRAÇÃO E FINANÇAS; R$ 0,00; R$ 0,00; R$ 0,00; R$ 0,00; R$ 99,61; R$ 2.370,41; R$ 0,00; 0.0
 17125101000000; Cota-parte da Compensação Financeira pela Exploração de Recursos Minerais - CFEM - Principal; Receitas Correntes; Transferências Correntes; Transferências da União e de suas Entidades; Cota-parte da Compensação Financeira pela Exploração de Recursos Minerais - CFEM - Principal; Transferências das Compensações Financeiras pela Exploração de Recursos Naturais; Cota-parte da Compensação Financeira pela Exploração de Recursos Minerais - CFEM; ; Transferências das Compensações Financeiras pela Exploração de Recursos Naturais; Cota-parte da Compensação Financeira pela Exploração de Recursos Minerais - CFEM; Não se aplica; Cota-parte da Compensação Financeira pela Exploração de Recursos Minerais - CFEM - Principal; Arrecadações; SECRETARIA DE ADMINISTRAÇÃO E FINANÇAS; SECRETARIA DE ADMINISTRAÇÃO E FINANÇAS; SECRETARIA DE ADMINISTRAÇÃO E FINANÇAS; R$ 0,00; R$ 0,00; R$ 0,00; R$ 0,00; R$ 1.542,76; R$ 22.728,94; R$ 0,00; 0.0
 17125101000000; Cota-parte da Compensação Financeira pela Exploração de Recursos Minerais - CFEM - Principal; Receitas Correntes; Transferências Correntes; Transferências da União e de suas Entidades; Cota-parte da Compensação Financeira pela Exploração de Recursos Minerais - CFEM - Principal; Transferências das Compensações Financeiras pela Exploração de Recursos Naturais; Cota-parte da Compensação Financeira pela Exploração de Recursos Minerais - CFEM; ; Transferências das Compensações Financeiras pela Exploração de Recursos Naturais; Cota-parte da Compensação Financeira pela Exploração de Recursos Minerais - CFEM; Não se aplica; Cota-parte da Compensação Financeira pela Exploração de Recursos Minerais - CFEM - Principal; Arrecadações; SECRETARIA DE ADMINISTRAÇÃO E FINANÇAS; SECRETARIA DE ADMINISTRAÇÃO E FINANÇAS; SECRETARIA DE ADMINISTRAÇÃO E FINANÇAS; R$ 0,00; R$ 0,00; R$ 0,00; R$ 0,00; R$ 1.581,06; R$ 24.310,00; R$ 0,00; 0.0
 17115201000000; Cota-Parte do Imposto Sobre a Propriedade Territorial Rural - Principal; Receitas Correntes; Transferências Correntes; Transferências da União e de suas Entidades; Cota-Parte do Imposto Sobre a Propriedade Territorial Rural - Principal; Transferências Decorrentes de Participação na Receita da União; Cota-Parte do Imposto Sobre a Propriedade Territorial Rural; ; Transferências Decorrentes de Participação na Receita da União; Cota-Parte do Imposto Sobre a Propriedade Territorial Rural; Não se aplica; Cota-Parte do Imposto Sobre a Propriedade Territorial Rural - Principal; Arrecadações; SECRETARIA DE ADMINISTRAÇÃO E FINANÇAS; SECRETARIA DE ADMINISTRAÇÃO E FINANÇAS; SECRETARIA DE ADMINISTRAÇÃO E FINANÇAS; R$ 0,00; R$ 0,00; R$ 0,00; R$ 0,00; R$ 2.124,15; R$ 4.494,56; R$ 0,00; 0.0
 17125101000000; Cota-parte da Compensação Financeira pela Exploração de Recursos Minerais - CFEM - Principal; Receitas Correntes; Transferências Correntes; Transferências da União e de suas Entidades; Cota-parte da Compensação Financeira pela Exploração de Recursos Minerais - CFEM - Principal; Transferências das Compensações Financeiras pela Exploração de Recursos Naturais; Cota-parte da Compensação Financeira pela Exploração de Recursos Minerais - CFEM; ; Transferências das Compensações Financeiras pela Exploração de Recursos Naturais; Cota-parte da Compensação Financeira pela Exploração de Recursos Minerais - CFEM; Não se aplica; Cota-parte da Compensação Financeira pela Exploração de Recursos Minerais - CFEM - Principal; Arrecadações; SECRETARIA DE ADMINISTRAÇÃO E FINANÇAS; SECRETARIA DE ADMINISTRAÇÃO E FINANÇAS; SECRETARIA DE ADMINISTRAÇÃO E FINANÇAS; R$ 0,00; R$ 0,00; R$ 0,00; R$ 0,00; R$ 1.129,20; R$ 25.439,20; R$ 0,00; 0.0
 17115201000000; Cota-Parte do Imposto Sobre a Propriedade Territorial Rural - Principal; Receitas Correntes; Transferências Correntes; Transferências da União e de suas Entidades; Cota-Parte do Imposto Sobre a Propriedade Territorial Rural - Principal; Transferências Decorrentes de Participação na Receita da União; Cota-Parte do Imposto Sobre a Propriedade Territorial Rural; ; Transferências Decorrentes de Participação na Receita da União; Cota-Parte do Imposto Sobre a Propriedade Territorial Rural; Não se aplica; Cota-Parte do Imposto Sobre a Propriedade Territorial Rural - Principal; Arrecadações; SECRETARIA DE ADMINISTRAÇÃO E FINANÇAS; SECRETARIA DE ADMINISTRAÇÃO E FINANÇAS; SECRETARIA DE ADMINISTRAÇÃO E FINANÇAS; R$ 0,00; R$ 0,00; R$ 0,00; R$ 0,00; R$ 71.675,33; R$ 76.169,89; R$ 0,00; 0.0
 17115201000000; Cota-Parte do Imposto Sobre a Propriedade Territorial Rural - Principal; Receitas Correntes; Transferências Correntes; Transferências da União e de suas Entidades; Cota-Parte do Imposto Sobre a Propriedade Territorial Rural - Principal; Transferências Decorrentes de Participação na Receita da União; Cota-Parte do Imposto Sobre a Propriedade Territorial Rural; ; Transferências Decorrentes de Participação na Receita da União; Cota-Parte do Imposto Sobre a Propriedade Territorial Rural; Não se aplica; Cota-Parte do Imposto Sobre a Propriedade Territorial Rural - Principal; Arrecadações; SECRETARIA DE ADMINISTRAÇÃO E FINANÇAS; SECRETARIA DE ADMINISTRAÇÃO E FINANÇAS; SECRETARIA DE ADMINISTRAÇÃO E FINANÇAS; R$ 0,00; R$ 0,00; R$ 0,00; R$ 0,00; R$ 806,84; R$ 76.976,73; R$ 0,00; 0.0
 17125101000000; Cota-parte da Compensação Financeira pela Exploração de Recursos Minerais - CFEM - Principal; Receitas Correntes; Transferências Correntes; Transferências da União e de suas Entidades; Cota-parte da Compensação Financeira pela Exploração de Recursos Minerais - CFEM - Principal; Transferências das Compensações Financeiras pela Exploração de Recursos Naturais; Cota-parte da Compensação Financeira pela Exploração de Recursos Minerais - CFEM; ; Transferências das Compensações Financeiras pela Exploração de Recursos Naturais; Cota-parte da Compensação Financeira pela Exploração de Recursos Minerais - CFEM; Não se aplica; Cota-parte da Compensação Financeira pela Exploração de Recursos Minerais - CFEM - Principal; Arrecadações; SECRETARIA DE ADMINISTRAÇÃO E FINANÇAS; SECRETARIA DE ADMINISTRAÇÃO E FINANÇAS; SECRETARIA DE ADMINISTRAÇÃO E FINANÇAS; R$ 0,00; R$ 0,00; R$ 0,00; R$ 0,00; R$ 1.585,87; R$ 27.025,07; R$ 0,00; 0.0
 17115201000000; Cota-Parte do Imposto Sobre a Propriedade Territorial Rural - Principal; Receitas Correntes; Transferências Correntes; Transferências da União e de suas Entidades; Cota-Parte do Imposto Sobre a Propriedade Territorial Rural - Principal; Transferências Decorrentes de Participação na Receita da União; Cota-Parte do Imposto Sobre a Propriedade Territorial Rural; ; Transferências Decorrentes de Participação na Receita da União; Cota-Parte do Imposto Sobre a Propriedade Territorial Rural; Não se aplica; Cota-Parte do Imposto Sobre a Propriedade Territorial Rural - Principal; Arrecadações; SECRETARIA DE ADMINISTRAÇÃO E FINANÇAS; SECRETARIA DE ADMINISTRAÇÃO E FINANÇAS; SECRETARIA DE ADMINISTRAÇÃO E FINANÇAS; R$ 0,00; R$ 0,00; R$ 0,00; R$ 0,00; R$ 1.111,87; R$ 78.088,60; R$ 0,00; 0.0
 17125101000000; Cota-parte da Compensação Financeira pela Exploração de Recursos Minerais - CFEM - Principal; Receitas Correntes; Transferências Correntes; Transferências da União e de suas Entidades; Cota-parte da Compensação Financeira pela Exploração de Recursos Minerais - CFEM - Principal; Transferências das Compensações Financeiras pela Exploração de Recursos Naturais; Cota-parte da Compensação Financeira pela Exploração de Recursos Minerais - CFEM; ; Transferências das Compensações Financeiras pela Exploração de Recursos Naturais; Cota-parte da Compensação Financeira pela Exploração de Recursos Minerais - CFEM; Não se aplica; Cota-parte da Compensação Financeira pela Exploração de Recursos Minerais - CFEM - Principal; Arrecadações; SECRETARIA DE ADMINISTRAÇÃO E FINANÇAS; SECRETARIA DE ADMINISTRAÇÃO E FINANÇAS; SECRETARIA DE ADMINISTRAÇÃO E FINANÇAS; R$ 0,00; R$ 0,00; R$ 0,00; R$ 0,00; R$ 80.973,44; R$ 107.998,51; R$ 0,00; 0.0
 11210104000000; Taxas de Inspeção, Contr. e Fisc. - DA - Multas e Juros; Receitas Correntes; Impostos, Taxas e Contribuições de Melhoria; Taxas; Taxas de Inspeção, Contr. e Fisc. - DA - Multas e Juros; Taxas pelo Exercício do Poder de Polícia; Taxas de Inspeção, Controle e Fiscalização; ; Taxas pelo Exercício do Poder de Polícia; Taxas de Inspeção, Controle e Fiscalização; Não se aplica; Taxas de Inspeção, Contr. e Fisc. - DA - Multas e Juros; Arrecadações; SECRETARIA DE ARRECADAÇÃO MUNICIPAL; SECRETARIA DA  ARRECADAÇÃO MUNICIPAL; SECRETARIA DE ARRECADAÇÃO MUNICIPAL; R$ 0,00; R$ 0,00; R$ 0,00; R$ 0,00; R$ 7,40; R$ 7,40; R$ 0,00; 0.0
 11210103000000; Taxas de Inspeção, Contr. e Fisc. - Dívida Ativa; Receitas Correntes; Impostos, Taxas e Contribuições de Melhoria; Taxas; Taxas de Inspeção, Contr. e Fisc. - Dívida Ativa; Taxas pelo Exercício do Poder de Polícia; Taxas de Inspeção, Controle e Fiscalização; ; Taxas pelo Exercício do Poder de Polícia; Taxas de Inspeção, Controle e Fiscalização; Não se aplica; Taxas de Inspeção, Contr. e Fisc. - Dívida Ativa; Arrecadações; SECRETARIA DE ADMINISTRAÇÃO E FINANÇAS; SECRETARIA DE ADMINISTRAÇÃO E FINANÇAS; SECRETARIA DE ADMINISTRAÇÃO E FINANÇAS; R$ 2.139,00; R$ 2.139,00; R$ 0,00; R$ 0,00; R$ 742,48; R$ 742,48; R$ 2.139,00; 34.71
 11210103000000; Taxas de Inspeção, Contr. e Fisc. - Dívida Ativa; Receitas Correntes; Impostos, Taxas e Contribuições de Melhoria; Taxas; Taxas de Inspeção, Contr. e Fisc. - Dívida Ativa; Taxas pelo Exercício do Poder de Polícia; Taxas de Inspeção, Controle e Fiscalização; ; Taxas pelo Exercício do Poder de Polícia; Taxas de Inspeção, Controle e Fiscalização; Não se aplica; Taxas de Inspeção, Contr. e Fisc. - Dívida Ativa; Arrecadações; SECRETARIA DE ADMINISTRAÇÃO E FINANÇAS; SECRETARIA DE ADMINISTRAÇÃO E FINANÇAS; SECRETARIA DE ADMINISTRAÇÃO E FINANÇAS; R$ 0,00; R$ 0,00; R$ 0,00; R$ 0,00; R$ 0,13; R$ 742,61; R$ 0,00; 0.0
 11210104000000; Taxas de Inspeção, Contr. e Fisc. - DA - Multas e Juros; Receitas Correntes; Impostos, Taxas e Contribuições de Melhoria; Taxas; Taxas de Inspeção, Contr. e Fisc. - DA - Multas e Juros; Taxas pelo Exercício do Poder de Polícia; Taxas de Inspeção, Controle e Fiscalização; ; Taxas pelo Exercício do Poder de Polícia; Taxas de Inspeção, Controle e Fiscalização; Não se aplica; Taxas de Inspeção, Contr. e Fisc. - DA - Multas e Juros; Arrecadações; SECRETARIA DE ARRECADAÇÃO MUNICIPAL; SECRETARIA DA  ARRECADAÇÃO MUNICIPAL; SECRETARIA DE ARRECADAÇÃO MUNICIPAL; R$ 0,00; R$ 0,00; R$ 0,00; R$ 0,00; R$ 0,10; R$ 7,50; R$ 0,00; 0.0
 11210103000000; Taxas de Inspeção, Contr. e Fisc. - Dívida Ativa; Receitas Correntes; Impostos, Taxas e Contribuições de Melhoria; Taxas; Taxas de Inspeção, Contr. e Fisc. - Dívida Ativa; Taxas pelo Exercício do Poder de Polícia; Taxas de Inspeção, Controle e Fiscalização; ; Taxas pelo Exercício do Poder de Polícia; Taxas de Inspeção, Controle e Fiscalização; Não se aplica; Taxas de Inspeção, Contr. e Fisc. - Dívida Ativa; Arrecadações; SECRETARIA DE ADMINISTRAÇÃO E FINANÇAS; SECRETARIA DE ADMINISTRAÇÃO E FINANÇAS; SECRETARIA DE ADMINISTRAÇÃO E FINANÇAS; R$ 0,00; R$ 0,00; R$ 0,00; R$ 0,00; R$ 164,01; R$ 906,62; R$ 0,00; 0.0
 11210104000000; Taxas de Inspeção, Contr. e Fisc. - DA - Multas e Juros; Receitas Correntes; Impostos, Taxas e Contribuições de Melhoria; Taxas; Taxas de Inspeção, Contr. e Fisc. - DA - Multas e Juros; Taxas pelo Exercício do Poder de Polícia; Taxas de Inspeção, Controle e Fiscalização; ; Taxas pelo Exercício do Poder de Polícia; Taxas de Inspeção, Controle e Fiscalização; Não se aplica; Taxas de Inspeção, Contr. e Fisc. - DA - Multas e Juros; Arrecadações; SECRETARIA DE ARRECADAÇÃO MUNICIPAL; SECRETARIA DA  ARRECADAÇÃO MUNICIPAL; SECRETARIA DE ARRECADAÇÃO MUNICIPAL; R$ 0,00; R$ 0,00; R$ 0,00; R$ 0,00; R$ 185,35; R$ 192,85; R$ 0,00; 0.0
 11210104000000; Taxas de Inspeção, Contr. e Fisc. - DA - Multas e Juros; Receitas Correntes; Impostos, Taxas e Contribuições de Melhoria; Taxas; Taxas de Inspeção, Contr. e Fisc. - DA - Multas e Juros; Taxas pelo Exercício do Poder de Polícia; Taxas de Inspeção, Controle e Fiscalização; ; Taxas pelo Exercício do Poder de Polícia; Taxas de Inspeção, Controle e Fiscalização; Não se aplica; Taxas de Inspeção, Contr. e Fisc. - DA - Multas e Juros; Arrecadações; SECRETARIA DE ARRECADAÇÃO MUNICIPAL; SECRETARIA DA  ARRECADAÇÃO MUNICIPAL; SECRETARIA DE ARRECADAÇÃO MUNICIPAL; R$ 0,00; R$ 0,00; R$ 0,00; R$ 0,00; R$ 136,85; R$ 329,70; R$ 0,00; 0.0
 11210103000000; Taxas de Inspeção, Contr. e Fisc. - Dívida Ativa; Receitas Correntes; Impostos, Taxas e Contribuições de Melhoria; Taxas; Taxas de Inspeção, Contr. e Fisc. - Dívida Ativa; Taxas pelo Exercício do Poder de Polícia; Taxas de Inspeção, Controle e Fiscalização; ; Taxas pelo Exercício do Poder de Polícia; Taxas de Inspeção, Controle e Fiscalização; Não se aplica; Taxas de Inspeção, Contr. e Fisc. - Dívida Ativa; Arrecadações; SECRETARIA DE ADMINISTRAÇÃO E FINANÇAS; SECRETARIA DE ADMINISTRAÇÃO E FINANÇAS; SECRETARIA DE ADMINISTRAÇÃO E FINANÇAS; R$ 0,00; R$ 0,00; R$ 0,00; R$ 0,00; R$ 141,08; R$ 1.047,70; R$ 0,00; 0.0
 11210103000000; Taxas de Inspeção, Contr. e Fisc. - Dívida Ativa; Receitas Correntes; Impostos, Taxas e Contribuições de Melhoria; Taxas; Taxas de Inspeção, Contr. e Fisc. - Dívida Ativa; Taxas pelo Exercício do Poder de Polícia; Taxas de Inspeção, Controle e Fiscalização; ; Taxas pelo Exercício do Poder de Polícia; Taxas de Inspeção, Controle e Fiscalização; Não se aplica; Taxas de Inspeção, Contr. e Fisc. - Dívida Ativa; Arrecadações; SECRETARIA DE ADMINISTRAÇÃO E FINANÇAS; SECRETARIA DE ADMINISTRAÇÃO E FINANÇAS; SECRETARIA DE ADMINISTRAÇÃO E FINANÇAS; R$ 0,00; R$ 0,00; R$ 0,00; R$ 0,00; R$ 434,81; R$ 1.482,51; R$ 0,00; 0.0
 11210104000000; Taxas de Inspeção, Contr. e Fisc. - DA - Multas e Juros; Receitas Correntes; Impostos, Taxas e Contribuições de Melhoria; Taxas; Taxas de Inspeção, Contr. e Fisc. - DA - Multas e Juros; Taxas pelo Exercício do Poder de Polícia; Taxas de Inspeção, Controle e Fiscalização; ; Taxas pelo Exercício do Poder de Polícia; Taxas de Inspeção, Controle e Fiscalização; Não se aplica; Taxas de Inspeção, Contr. e Fisc. - DA - Multas e Juros; Arrecadações; SECRETARIA DE ARRECADAÇÃO MUNICIPAL; SECRETARIA DA  ARRECADAÇÃO MUNICIPAL; SECRETARIA DE ARRECADAÇÃO MUNICIPAL; R$ 0,00; R$ 0,00; R$ 0,00; R$ 0,00; R$ 2.424,76; R$ 2.754,46; R$ 0,00; 0.0
 11210104000000; Taxas de Inspeção, Contr. e Fisc. - DA - Multas e Juros; Receitas Correntes; Impostos, Taxas e Contribuições de Melhoria; Taxas; Taxas de Inspeção, Contr. e Fisc. - DA - Multas e Juros; Taxas pelo Exercício do Poder de Polícia; Taxas de Inspeção, Controle e Fiscalização; ; Taxas pelo Exercício do Poder de Polícia; Taxas de Inspeção, Controle e Fiscalização; Não se aplica; Taxas de Inspeção, Contr. e Fisc. - DA - Multas e Juros; Arrecadações; SECRETARIA DE ARRECADAÇÃO MUNICIPAL; SECRETARIA DA  ARRECADAÇÃO MUNICIPAL; SECRETARIA DE ARRECADAÇÃO MUNICIPAL; R$ 0,00; R$ 0,00; R$ 0,00; R$ 0,00; R$ 39,92; R$ 2.794,38; R$ 0,00; 0.0
 11210103000000; Taxas de Inspeção, Contr. e Fisc. - Dívida Ativa; Receitas Correntes; Impostos, Taxas e Contribuições de Melhoria; Taxas; Taxas de Inspeção, Contr. e Fisc. - Dívida Ativa; Taxas pelo Exercício do Poder de Polícia; Taxas de Inspeção, Controle e Fiscalização; ; Taxas pelo Exercício do Poder de Polícia; Taxas de Inspeção, Controle e Fiscalização; Não se aplica; Taxas de Inspeção, Contr. e Fisc. - Dívida Ativa; Arrecadações; SECRETARIA DE ADMINISTRAÇÃO E FINANÇAS; SECRETARIA DE ADMINISTRAÇÃO E FINANÇAS; SECRETARIA DE ADMINISTRAÇÃO E FINANÇAS; R$ 0,00; R$ 0,00; R$ 0,00; R$ 0,00; R$ 179,10; R$ 1.661,61; R$ 0,00; 0.0
 11210103000000; Taxas de Inspeção, Contr. e Fisc. - Dívida Ativa; Receitas Correntes; Impostos, Taxas e Contribuições de Melhoria; Taxas; Taxas de Inspeção, Contr. e Fisc. - Dívida Ativa; Taxas pelo Exercício do Poder de Polícia; Taxas de Inspeção, Controle e Fiscalização; ; Taxas pelo Exercício do Poder de Polícia; Taxas de Inspeção, Controle e Fiscalização; Não se aplica; Taxas de Inspeção, Contr. e Fisc. - Dívida Ativa; Arrecadações; SECRETARIA DE ADMINISTRAÇÃO E FINANÇAS; SECRETARIA DE ADMINISTRAÇÃO E FINANÇAS; SECRETARIA DE ADMINISTRAÇÃO E FINANÇAS; R$ 0,00; R$ 0,00; R$ 0,00; R$ 0,00; R$ 308,73; R$ 1.970,34; R$ 0,00; 0.0
 11210104000000; Taxas de Inspeção, Contr. e Fisc. - DA - Multas e Juros; Receitas Correntes; Impostos, Taxas e Contribuições de Melhoria; Taxas; Taxas de Inspeção, Contr. e Fisc. - DA - Multas e Juros; Taxas pelo Exercício do Poder de Polícia; Taxas de Inspeção, Controle e Fiscalização; ; Taxas pelo Exercício do Poder de Polícia; Taxas de Inspeção, Controle e Fiscalização; Não se aplica; Taxas de Inspeção, Contr. e Fisc. - DA - Multas e Juros; Arrecadações; SECRETARIA DE ARRECADAÇÃO MUNICIPAL; SECRETARIA DA  ARRECADAÇÃO MUNICIPAL; SECRETARIA DE ARRECADAÇÃO MUNICIPAL; R$ 0,00; R$ 0,00; R$ 0,00; R$ 0,00; R$ 122,17; R$ 2.916,55; R$ 0,00; 0.0
 11210104000000; Taxas de Inspeção, Contr. e Fisc. - DA - Multas e Juros; Receitas Correntes; Impostos, Taxas e Contribuições de Melhoria; Taxas; Taxas de Inspeção, Contr. e Fisc. - DA - Multas e Juros; Taxas pelo Exercício do Poder de Polícia; Taxas de Inspeção, Controle e Fiscalização; ; Taxas pelo Exercício do Poder de Polícia; Taxas de Inspeção, Controle e Fiscalização; Não se aplica; Taxas de Inspeção, Contr. e Fisc. - DA - Multas e Juros; Arrecadações; SECRETARIA DE ARRECADAÇÃO MUNICIPAL; SECRETARIA DA  ARRECADAÇÃO MUNICIPAL; SECRETARIA DE ARRECADAÇÃO MUNICIPAL; R$ 0,00; R$ 0,00; R$ 0,00; R$ 0,00; R$ 53,24; R$ 2.969,79; R$ 0,00; 0.0
 11210103000000; Taxas de Inspeção, Contr. e Fisc. - Dívida Ativa; Receitas Correntes; Impostos, Taxas e Contribuições de Melhoria; Taxas; Taxas de Inspeção, Contr. e Fisc. - Dívida Ativa; Taxas pelo Exercício do Poder de Polícia; Taxas de Inspeção, Controle e Fiscalização; ; Taxas pelo Exercício do Poder de Polícia; Taxas de Inspeção, Controle e Fiscalização; Não se aplica; Taxas de Inspeção, Contr. e Fisc. - Dívida Ativa; Arrecadações; SECRETARIA DE ADMINISTRAÇÃO E FINANÇAS; SECRETARIA DE ADMINISTRAÇÃO E FINANÇAS; SECRETARIA DE ADMINISTRAÇÃO E FINANÇAS; R$ 0,00; R$ 0,00; R$ 0,00; R$ 0,00; R$ 27,10; R$ 1.997,44; R$ 0,00; 0.0
 11210104000000; Taxas de Inspeção, Contr. e Fisc. - DA - Multas e Juros; Receitas Correntes; Impostos, Taxas e Contribuições de Melhoria; Taxas; Taxas de Inspeção, Contr. e Fisc. - DA - Multas e Juros; Taxas pelo Exercício do Poder de Polícia; Taxas de Inspeção, Controle e Fiscalização; ; Taxas pelo Exercício do Poder de Polícia; Taxas de Inspeção, Controle e Fiscalização; Não se aplica; Taxas de Inspeção, Contr. e Fisc. - DA - Multas e Juros; Arrecadações; SECRETARIA DE ARRECADAÇÃO MUNICIPAL; SECRETARIA DA  ARRECADAÇÃO MUNICIPAL; SECRETARIA DE ARRECADAÇÃO MUNICIPAL; R$ 0,00; R$ 0,00; R$ 0,00; R$ 0,00; R$ 172,07; R$ 3.141,86; R$ 0,00; 0.0
 11210103000000; Taxas de Inspeção, Contr. e Fisc. - Dívida Ativa; Receitas Correntes; Impostos, Taxas e Contribuições de Melhoria; Taxas; Taxas de Inspeção, Contr. e Fisc. - Dívida Ativa; Taxas pelo Exercício do Poder de Polícia; Taxas de Inspeção, Controle e Fiscalização; ; Taxas pelo Exercício do Poder de Polícia; Taxas de Inspeção, Controle e Fiscalização; Não se aplica; Taxas de Inspeção, Contr. e Fisc. - Dívida Ativa; Arrecadações; SECRETARIA DE ADMINISTRAÇÃO E FINANÇAS; SECRETARIA DE ADMINISTRAÇÃO E FINANÇAS; SECRETARIA DE ADMINISTRAÇÃO E FINANÇAS; R$ 0,00; R$ 0,00; R$ 0,00; R$ 0,00; R$ 187,89; R$ 2.185,33; R$ 0,00; 0.0
 11130311000000; Imposto sobre a Renda - Retido na Fonte - Trabalho - Principal; Receitas Correntes; Impostos, Taxas e Contribuições de Melhoria; Impostos; Imposto sobre a Renda - Retido na Fonte - Trabalho - Principal; Impostos sobre a Renda e Proventos de Qualquer Natureza; Imposto sobre a Renda - Retido na Fonte; Imposto sobre a Renda - Retido na Fonte - Trabalho; Impostos sobre a Renda e Proventos de Qualquer Natureza; Imposto sobre a Renda - Retido na Fonte; Imposto sobre a Renda - Retido na Fonte - Trabalho; Imposto sobre a Renda - Retido na Fonte - Trabalho - Principal; Arrecadações; SECRETARIA DE ADMINISTRAÇÃO E FINANÇAS; SECRETARIA DE ADMINISTRAÇÃO E FINANÇAS; SECRETARIA DE ADMINISTRAÇÃO E FINANÇAS; R$ 1.070.191,00; R$ 1.070.191,00; R$ 0,00; R$ 0,00; R$ 3.178,95; R$ 3.178,95; R$ 1.070.191,00; 0.3
 11130311000000; Imposto sobre a Renda - Retido na Fonte - Trabalho - Principal; Receitas Correntes; Impostos, Taxas e Contribuições de Melhoria; Impostos; Imposto sobre a Renda - Retido na Fonte - Trabalho - Principal; Impostos sobre a Renda e Proventos de Qualquer Natureza; Imposto sobre a Renda - Retido na Fonte; Imposto sobre a Renda - Retido na Fonte - Trabalho; Impostos sobre a Renda e Proventos de Qualquer Natureza; Imposto sobre a Renda - Retido na Fonte; Imposto sobre a Renda - Retido na Fonte - Trabalho; Imposto sobre a Renda - Retido na Fonte - Trabalho - Principal; Arrecadações; SECRETARIA DE ADMINISTRAÇÃO E FINANÇAS; SECRETARIA DE ADMINISTRAÇÃO E FINANÇAS; SECRETARIA DE ADMINISTRAÇÃO E FINANÇAS; R$ 0,00; R$ 0,00; R$ 0,00; R$ 0,00; R$ 12.230,93; R$ 15.409,88; R$ 0,00; 0.0
 11130311000000; Imposto sobre a Renda - Retido na Fonte - Trabalho - Principal; Receitas Correntes; Impostos, Taxas e Contribuições de Melhoria; Impostos; Imposto sobre a Renda - Retido na Fonte - Trabalho - Principal; Impostos sobre a Renda e Proventos de Qualquer Natureza; Imposto sobre a Renda - Retido na Fonte; Imposto sobre a Renda - Retido na Fonte - Trabalho; Impostos sobre a Renda e Proventos de Qualquer Natureza; Imposto sobre a Renda - Retido na Fonte; Imposto sobre a Renda - Retido na Fonte - Trabalho; Imposto sobre a Renda - Retido na Fonte - Trabalho - Principal; Arrecadações; SECRETARIA DE ADMINISTRAÇÃO E FINANÇAS; SECRETARIA DE ADMINISTRAÇÃO E FINANÇAS; SECRETARIA DE ADMINISTRAÇÃO E FINANÇAS; R$ 0,00; R$ 0,00; R$ 0,00; R$ 0,00; R$ 12.389,53; R$ 27.799,41; R$ 0,00; 0.0
 11130311000000; Imposto sobre a Renda - Retido na Fonte - Trabalho - Principal; Receitas Correntes; Impostos, Taxas e Contribuições de Melhoria; Impostos; Imposto sobre a Renda - Retido na Fonte - Trabalho - Principal; Impostos sobre a Renda e Proventos de Qualquer Natureza; Imposto sobre a Renda - Retido na Fonte; Imposto sobre a Renda - Retido na Fonte - Trabalho; Impostos sobre a Renda e Proventos de Qualquer Natureza; Imposto sobre a Renda - Retido na Fonte; Imposto sobre a Renda - Retido na Fonte - Trabalho; Imposto sobre a Renda - Retido na Fonte - Trabalho - Principal; Arrecadações; SECRETARIA DE ADMINISTRAÇÃO E FINANÇAS; SECRETARIA DE ADMINISTRAÇÃO E FINANÇAS; SECRETARIA DE ADMINISTRAÇÃO E FINANÇAS; R$ 0,00; R$ 0,00; R$ 0,00; R$ 0,00; R$ 5.289,09; R$ 33.088,50; R$ 0,00; 0.0
 11130311000000; Imposto sobre a Renda - Retido na Fonte - Trabalho - Principal; Receitas Correntes; Impostos, Taxas e Contribuições de Melhoria; Impostos; Imposto sobre a Renda - Retido na Fonte - Trabalho - Principal; Impostos sobre a Renda e Proventos de Qualquer Natureza; Imposto sobre a Renda - Retido na Fonte; Imposto sobre a Renda - Retido na Fonte - Trabalho; Impostos sobre a Renda e Proventos de Qualquer Natureza; Imposto sobre a Renda - Retido na Fonte; Imposto sobre a Renda - Retido na Fonte - Trabalho; Imposto sobre a Renda - Retido na Fonte - Trabalho - Principal; Arrecadações; SECRETARIA DE ADMINISTRAÇÃO E FINANÇAS; SECRETARIA DE ADMINISTRAÇÃO E FINANÇAS; SECRETARIA DE ADMINISTRAÇÃO E FINANÇAS; R$ 0,00; R$ 0,00; R$ 0,00; R$ 0,00; R$ 633.383,99; R$ 666.472,49; R$ 0,00; 0.0
 11130311000000; Imposto sobre a Renda - Retido na Fonte - Trabalho - Principal; Receitas Correntes; Impostos, Taxas e Contribuições de Melhoria; Impostos; Imposto sobre a Renda - Retido na Fonte - Trabalho - Principal; Impostos sobre a Renda e Proventos de Qualquer Natureza; Imposto sobre a Renda - Retido na Fonte; Imposto sobre a Renda - Retido na Fonte - Trabalho; Impostos sobre a Renda e Proventos de Qualquer Natureza; Imposto sobre a Renda - Retido na Fonte; Imposto sobre a Renda - Retido na Fonte - Trabalho; Imposto sobre a Renda - Retido na Fonte - Trabalho - Principal; Arrecadações; SECRETARIA DE ADMINISTRAÇÃO E FINANÇAS; SECRETARIA DE ADMINISTRAÇÃO E FINANÇAS; SECRETARIA DE ADMINISTRAÇÃO E FINANÇAS; R$ 0,00; R$ 0,00; R$ 0,00; R$ 0,00; R$ 23.957,17; R$ 690.429,66; R$ 0,00; 0.0
 11130311000000; Imposto sobre a Renda - Retido na Fonte - Trabalho - Principal; Receitas Correntes; Impostos, Taxas e Contribuições de Melhoria; Impostos; Imposto sobre a Renda - Retido na Fonte - Trabalho - Principal; Impostos sobre a Renda e Proventos de Qualquer Natureza; Imposto sobre a Renda - Retido na Fonte; Imposto sobre a Renda - Retido na Fonte - Trabalho; Impostos sobre a Renda e Proventos de Qualquer Natureza; Imposto sobre a Renda - Retido na Fonte; Imposto sobre a Renda - Retido na Fonte - Trabalho; Imposto sobre a Renda - Retido na Fonte - Trabalho - Principal; Arrecadações; SECRETARIA DE ADMINISTRAÇÃO E FINANÇAS; SECRETARIA DE ADMINISTRAÇÃO E FINANÇAS; SECRETARIA DE ADMINISTRAÇÃO E FINANÇAS; R$ 0,00; R$ 0,00; R$ 0,00; R$ 0,00; R$ 684.560,06; R$ 1.374.989,72; R$ 0,00; 0.0
 11130311000000; Imposto sobre a Renda - Retido na Fonte - Trabalho - Principal; Receitas Correntes; Impostos, Taxas e Contribuições de Melhoria; Impostos; Imposto sobre a Renda - Retido na Fonte - Trabalho - Principal; Impostos sobre a Renda e Proventos de Qualquer Natureza; Imposto sobre a Renda - Retido na Fonte; Imposto sobre a Renda - Retido na Fonte - Trabalho; Impostos sobre a Renda e Proventos de Qualquer Natureza; Imposto sobre a Renda - Retido na Fonte; Imposto sobre a Renda - Retido na Fonte - Trabalho; Imposto sobre a Renda - Retido na Fonte - Trabalho - Principal; Arrecadações; SECRETARIA DE ADMINISTRAÇÃO E FINANÇAS; SECRETARIA DE ADMINISTRAÇÃO E FINANÇAS; SECRETARIA DE ADMINISTRAÇÃO E FINANÇAS; R$ 0,00; R$ 0,00; R$ 0,00; R$ 0,00; R$ 136.406,35; R$ 1.511.396,07; R$ 0,00; 0.0
 11130311000000; Imposto sobre a Renda - Retido na Fonte - Trabalho - Principal; Receitas Correntes; Impostos, Taxas e Contribuições de Melhoria; Impostos; Imposto sobre a Renda - Retido na Fonte - Trabalho - Principal; Impostos sobre a Renda e Proventos de Qualquer Natureza; Imposto sobre a Renda - Retido na Fonte; Imposto sobre a Renda - Retido na Fonte - Trabalho; Impostos sobre a Renda e Proventos de Qualquer Natureza; Imposto sobre a Renda - Retido na Fonte; Imposto sobre a Renda - Retido na Fonte - Trabalho; Imposto sobre a Renda - Retido na Fonte - Trabalho - Principal; Arrecadações; SECRETARIA DE ADMINISTRAÇÃO E FINANÇAS; SECRETARIA DE ADMINISTRAÇÃO E FINANÇAS; SECRETARIA DE ADMINISTRAÇÃO E FINANÇAS; R$ 0,00; R$ 0,00; R$ 0,00; R$ 0,00; R$ 736.264,04; R$ 2.247.660,11; R$ 0,00; 0.0
 11130311000000; Imposto sobre a Renda - Retido na Fonte - Trabalho - Principal; Receitas Correntes; Impostos, Taxas e Contribuições de Melhoria; Impostos; Imposto sobre a Renda - Retido na Fonte - Trabalho - Principal; Impostos sobre a Renda e Proventos de Qualquer Natureza; Imposto sobre a Renda - Retido na Fonte; Imposto sobre a Renda - Retido na Fonte - Trabalho; Impostos sobre a Renda e Proventos de Qualquer Natureza; Imposto sobre a Renda - Retido na Fonte; Imposto sobre a Renda - Retido na Fonte - Trabalho; Imposto sobre a Renda - Retido na Fonte - Trabalho - Principal; Arrecadações; SECRETARIA DE ADMINISTRAÇÃO E FINANÇAS; SECRETARIA DE ADMINISTRAÇÃO E FINANÇAS; SECRETARIA DE ADMINISTRAÇÃO E FINANÇAS; R$ 0,00; R$ 0,00; R$ 0,00; R$ 0,00; R$ 611.018,33; R$ 2.858.678,44; R$ 0,00; 0.0
 11130311000000; Imposto sobre a Renda - Retido na Fonte - Trabalho - Principal; Receitas Correntes; Impostos, Taxas e Contribuições de Melhoria; Impostos; Imposto sobre a Renda - Retido na Fonte - Trabalho - Principal; Impostos sobre a Renda e Proventos de Qualquer Natureza; Imposto sobre a Renda - Retido na Fonte; Imposto sobre a Renda - Retido na Fonte - Trabalho; Impostos sobre a Renda e Proventos de Qualquer Natureza; Imposto sobre a Renda - Retido na Fonte; Imposto sobre a Renda - Retido na Fonte - Trabalho; Imposto sobre a Renda - Retido na Fonte - Trabalho - Principal; Arrecadações; SECRETARIA DE ADMINISTRAÇÃO E FINANÇAS; SECRETARIA DE ADMINISTRAÇÃO E FINANÇAS; SECRETARIA DE ADMINISTRAÇÃO E FINANÇAS; R$ 0,00; R$ 0,00; R$ 0,00; R$ 0,00; R$ 115.122,65; R$ 2.973.801,09; R$ 0,00; 0.0
 11130311000000; Imposto sobre a Renda - Retido na Fonte - Trabalho - Principal; Receitas Correntes; Impostos, Taxas e Contribuições de Melhoria; Impostos; Imposto sobre a Renda - Retido na Fonte - Trabalho - Principal; Impostos sobre a Renda e Proventos de Qualquer Natureza; Imposto sobre a Renda - Retido na Fonte; Imposto sobre a Renda - Retido na Fonte - Trabalho; Impostos sobre a Renda e Proventos de Qualquer Natureza; Imposto sobre a Renda - Retido na Fonte; Imposto sobre a Renda - Retido na Fonte - Trabalho; Imposto sobre a Renda - Retido na Fonte - Trabalho - Principal; Arrecadações; SECRETARIA DE ADMINISTRAÇÃO E FINANÇAS; SECRETARIA DE ADMINISTRAÇÃO E FINANÇAS; SECRETARIA DE ADMINISTRAÇÃO E FINANÇAS; R$ 0,00; R$ 0,00; R$ 0,00; R$ 0,00; R$ 29.335,88; R$ 3.003.136,97; R$ 0,00; 0.0
 17215201000000; Cota-Parte do IPI - Municípios - Principal; Receitas Correntes; Transferências Correntes; Transferências dos Estados e do Distrito Federal e de suas Entidades; Cota-Parte do IPI - Municípios - Principal; Participação na Receita dos Estados e Distrito Federal; Cota-Parte do IPI - Municípios; ; Participação na Receita dos Estados e Distrito Federal; Cota-Parte do IPI - Municípios; Não se aplica; Cota-Parte do IPI - Municípios - Principal; Arrecadações; SECRETARIA DE ADMINISTRAÇÃO E FINANÇAS; SECRETARIA DE ADMINISTRAÇÃO E FINANÇAS; SECRETARIA DE ADMINISTRAÇÃO E FINANÇAS; R$ 63.043,00; R$ 63.043,00; R$ 12.609,00; R$ 0,00; R$ 6.273,71; R$ 6.273,71; R$ 50.434,00; 9.33
 17215201000000; Cota-Parte do IPI - Municípios - Principal; Receitas Correntes; Transferências Correntes; Transferências dos Estados e do Distrito Federal e de suas Entidades; Cota-Parte do IPI - Municípios - Principal; Participação na Receita dos Estados e Distrito Federal; Cota-Parte do IPI - Municípios; ; Participação na Receita dos Estados e Distrito Federal; Cota-Parte do IPI - Municípios; Não se aplica; Cota-Parte do IPI - Municípios - Principal; Arrecadações; SECRETARIA DE ADMINISTRAÇÃO E FINANÇAS; SECRETARIA DE ADMINISTRAÇÃO E FINANÇAS; SECRETARIA DE ADMINISTRAÇÃO E FINANÇAS; R$ 0,00; R$ 0,00; R$ 0,00; R$ 0,00; R$ 6.524,99; R$ 12.798,70; R$ 0,00; 0.0
 17215201000000; Cota-Parte do IPI - Municípios - Principal; Receitas Correntes; Transferências Correntes; Transferências dos Estados e do Distrito Federal e de suas Entidades; Cota-Parte do IPI - Municípios - Principal; Participação na Receita dos Estados e Distrito Federal; Cota-Parte do IPI - Municípios; ; Participação na Receita dos Estados e Distrito Federal; Cota-Parte do IPI - Municípios; Não se aplica; Cota-Parte do IPI - Municípios - Principal; Arrecadações; SECRETARIA DE ADMINISTRAÇÃO E FINANÇAS; SECRETARIA DE ADMINISTRAÇÃO E FINANÇAS; SECRETARIA DE ADMINISTRAÇÃO E FINANÇAS; R$ 0,00; R$ 0,00; R$ 0,00; R$ 0,00; R$ 7.665,67; R$ 20.464,37; R$ 0,00; 0.0
 17215201000000; Cota-Parte do IPI - Municípios - Principal; Receitas Correntes; Transferências Correntes; Transferências dos Estados e do Distrito Federal e de suas Entidades; Cota-Parte do IPI - Municípios - Principal; Participação na Receita dos Estados e Distrito Federal; Cota-Parte do IPI - Municípios; ; Participação na Receita dos Estados e Distrito Federal; Cota-Parte do IPI - Municípios; Não se aplica; Cota-Parte do IPI - Municípios - Principal; Arrecadações; SECRETARIA DE ADMINISTRAÇÃO E FINANÇAS; SECRETARIA DE ADMINISTRAÇÃO E FINANÇAS; SECRETARIA DE ADMINISTRAÇÃO E FINANÇAS; R$ 0,00; R$ 0,00; R$ 0,00; R$ 0,00; R$ 6.629,27; R$ 27.093,64; R$ 0,00; 0.0
 17215201000000; Cota-Parte do IPI - Municípios - Principal; Receitas Correntes; Transferências Correntes; Transferências dos Estados e do Distrito Federal e de suas Entidades; Cota-Parte do IPI - Municípios - Principal; Participação na Receita dos Estados e Distrito Federal; Cota-Parte do IPI - Municípios; ; Participação na Receita dos Estados e Distrito Federal; Cota-Parte do IPI - Municípios; Não se aplica; Cota-Parte do IPI - Municípios - Principal; Arrecadações; SECRETARIA DE ADMINISTRAÇÃO E FINANÇAS; SECRETARIA DE ADMINISTRAÇÃO E FINANÇAS; SECRETARIA DE ADMINISTRAÇÃO E FINANÇAS; R$ 0,00; R$ 0,00; R$ 0,00; R$ 0,00; R$ 6.977,53; R$ 34.071,17; R$ 0,00; 0.0
 17215201000000; Cota-Parte do IPI - Municípios - Principal; Receitas Correntes; Transferências Correntes; Transferências dos Estados e do Distrito Federal e de suas Entidades; Cota-Parte do IPI - Municípios - Principal; Participação na Receita dos Estados e Distrito Federal; Cota-Parte do IPI - Municípios; ; Participação na Receita dos Estados e Distrito Federal; Cota-Parte do IPI - Municípios; Não se aplica; Cota-Parte do IPI - Municípios - Principal; Arrecadações; SECRETARIA DE ADMINISTRAÇÃO E FINANÇAS; SECRETARIA DE ADMINISTRAÇÃO E FINANÇAS; SECRETARIA DE ADMINISTRAÇÃO E FINANÇAS; R$ 0,00; R$ 0,00; R$ 0,00; R$ 0,00; R$ 8.767,74; R$ 42.838,91; R$ 0,00; 0.0
 17215201000000; Cota-Parte do IPI - Municípios - Principal; Receitas Correntes; Transferências Correntes; Transferências dos Estados e do Distrito Federal e de suas Entidades; Cota-Parte do IPI - Municípios - Principal; Participação na Receita dos Estados e Distrito Federal; Cota-Parte do IPI - Municípios; ; Participação na Receita dos Estados e Distrito Federal; Cota-Parte do IPI - Municípios; Não se aplica; Cota-Parte do IPI - Municípios - Principal; Arrecadações; SECRETARIA DE ADMINISTRAÇÃO E FINANÇAS; SECRETARIA DE ADMINISTRAÇÃO E FINANÇAS; SECRETARIA DE ADMINISTRAÇÃO E FINANÇAS; R$ 0,00; R$ 0,00; R$ 0,00; R$ 0,00; R$ 7.749,93; R$ 50.588,84; R$ 0,00; 0.0
 17215201000000; Cota-Parte do IPI - Municípios - Principal; Receitas Correntes; Transferências Correntes; Transferências dos Estados e do Distrito Federal e de suas Entidades; Cota-Parte do IPI - Municípios - Principal; Participação na Receita dos Estados e Distrito Federal; Cota-Parte do IPI - Municípios; ; Participação na Receita dos Estados e Distrito Federal; Cota-Parte do IPI - Municípios; Não se aplica; Cota-Parte do IPI - Municípios - Principal; Arrecadações; SECRETARIA DE ADMINISTRAÇÃO E FINANÇAS; SECRETARIA DE ADMINISTRAÇÃO E FINANÇAS; SECRETARIA DE ADMINISTRAÇÃO E FINANÇAS; R$ 0,00; R$ 0,00; R$ 0,00; R$ 0,00; R$ 10.488,25; R$ 61.077,09; R$ 0,00; 0.0
 17215201000000; Cota-Parte do IPI - Municípios - Principal; Receitas Correntes; Transferências Correntes; Transferências dos Estados e do Distrito Federal e de suas Entidades; Cota-Parte do IPI - Municípios - Principal; Participação na Receita dos Estados e Distrito Federal; Cota-Parte do IPI - Municípios; ; Participação na Receita dos Estados e Distrito Federal; Cota-Parte do IPI - Municípios; Não se aplica; Cota-Parte do IPI - Municípios - Principal; Arrecadações; SECRETARIA DE ADMINISTRAÇÃO E FINANÇAS; SECRETARIA DE ADMINISTRAÇÃO E FINANÇAS; SECRETARIA DE ADMINISTRAÇÃO E FINANÇAS; R$ 0,00; R$ 0,00; R$ 0,00; R$ 0,00; R$ 11.448,98; R$ 72.526,07; R$ 0,00; 0.0
 17215201000000; Cota-Parte do IPI - Municípios - Principal; Receitas Correntes; Transferências Correntes; Transferências dos Estados e do Distrito Federal e de suas Entidades; Cota-Parte do IPI - Municípios - Principal; Participação na Receita dos Estados e Distrito Federal; Cota-Parte do IPI - Municípios; ; Participação na Receita dos Estados e Distrito Federal; Cota-Parte do IPI - Municípios; Não se aplica; Cota-Parte do IPI - Municípios - Principal; Arrecadações; SECRETARIA DE ADMINISTRAÇÃO E FINANÇAS; SECRETARIA DE ADMINISTRAÇÃO E FINANÇAS; SECRETARIA DE ADMINISTRAÇÃO E FINANÇAS; R$ 0,00; R$ 0,00; R$ 0,00; R$ 0,00; R$ 7.773,06; R$ 80.299,13; R$ 0,00; 0.0
 17215201000000; Cota-Parte do IPI - Municípios - Principal; Receitas Correntes; Transferências Correntes; Transferências dos Estados e do Distrito Federal e de suas Entidades; Cota-Parte do IPI - Municípios - Principal; Participação na Receita dos Estados e Distrito Federal; Cota-Parte do IPI - Municípios; ; Participação na Receita dos Estados e Distrito Federal; Cota-Parte do IPI - Municípios; Não se aplica; Cota-Parte do IPI - Municípios - Principal; Arrecadações; SECRETARIA DE ADMINISTRAÇÃO E FINANÇAS; SECRETARIA DE ADMINISTRAÇÃO E FINANÇAS; SECRETARIA DE ADMINISTRAÇÃO E FINANÇAS; R$ 0,00; R$ 0,00; R$ 0,00; R$ 0,00; R$ 8.632,23; R$ 88.931,36; R$ 0,00; 0.0
 17215201000000; Cota-Parte do IPI - Municípios - Principal; Receitas Correntes; Transferências Correntes; Transferências dos Estados e do Distrito Federal e de suas Entidades; Cota-Parte do IPI - Municípios - Principal; Participação na Receita dos Estados e Distrito Federal; Cota-Parte do IPI - Municípios; ; Participação na Receita dos Estados e Distrito Federal; Cota-Parte do IPI - Municípios; Não se aplica; Cota-Parte do IPI - Municípios - Principal; Arrecadações; SECRETARIA DE ADMINISTRAÇÃO E FINANÇAS; SECRETARIA DE ADMINISTRAÇÃO E FINANÇAS; SECRETARIA DE ADMINISTRAÇÃO E FINANÇAS; R$ 0,00; R$ 0,00; R$ 0,00; R$ 0,00; R$ 12.162,67; R$ 101.094,03; R$ 0,00; 0.0
 17215101000000; Cota-Parte do IPVA - Principal; Receitas Correntes; Transferências Correntes; Transferências dos Estados e do Distrito Federal e de suas Entidades; Cota-Parte do IPVA - Principal; Participação na Receita dos Estados e Distrito Federal; Cota-Parte do IPVA; ; Participação na Receita dos Estados e Distrito Federal; Cota-Parte do IPVA; Não se aplica; Cota-Parte do IPVA - Principal; Arrecadações; SECRETARIA DE ADMINISTRAÇÃO E FINANÇAS; SECRETARIA DE ADMINISTRAÇÃO E FINANÇAS; SECRETARIA DE ADMINISTRAÇÃO E FINANÇAS; R$ 2.720.476,00; R$ 2.720.476,00; R$ 544.095,00; R$ 0,00; R$ 230.641,20; R$ 230.641,20; R$ 2.176.381,00; 7.95
 17215101000000; Cota-Parte do IPVA - Principal; Receitas Correntes; Transferências Correntes; Transferências dos Estados e do Distrito Federal e de suas Entidades; Cota-Parte do IPVA - Principal; Participação na Receita dos Estados e Distrito Federal; Cota-Parte do IPVA; ; Participação na Receita dos Estados e Distrito Federal; Cota-Parte do IPVA; Não se aplica; Cota-Parte do IPVA - Principal; Arrecadações; SECRETARIA DE ADMINISTRAÇÃO E FINANÇAS; SECRETARIA DE ADMINISTRAÇÃO E FINANÇAS; SECRETARIA DE ADMINISTRAÇÃO E FINANÇAS; R$ 0,00; R$ 0,00; R$ 0,00; R$ 0,00; R$ 201.821,57; R$ 432.462,77; R$ 0,00; 0.0
 17215101000000; Cota-Parte do IPVA - Principal; Receitas Correntes; Transferências Correntes; Transferências dos Estados e do Distrito Federal e de suas Entidades; Cota-Parte do IPVA - Principal; Participação na Receita dos Estados e Distrito Federal; Cota-Parte do IPVA; ; Participação na Receita dos Estados e Distrito Federal; Cota-Parte do IPVA; Não se aplica; Cota-Parte do IPVA - Principal; Arrecadações; SECRETARIA DE ADMINISTRAÇÃO E FINANÇAS; SECRETARIA DE ADMINISTRAÇÃO E FINANÇAS; SECRETARIA DE ADMINISTRAÇÃO E FINANÇAS; R$ 0,00; R$ 0,00; R$ 0,00; R$ 0,00; R$ 210.588,50; R$ 643.051,27; R$ 0,00; 0.0
 17215101000000; Cota-Parte do IPVA - Principal; Receitas Correntes; Transferências Correntes; Transferências dos Estados e do Distrito Federal e de suas Entidades; Cota-Parte do IPVA - Principal; Participação na Receita dos Estados e Distrito Federal; Cota-Parte do IPVA; ; Participação na Receita dos Estados e Distrito Federal; Cota-Parte do IPVA; Não se aplica; Cota-Parte do IPVA - Principal; Arrecadações; SECRETARIA DE ADMINISTRAÇÃO E FINANÇAS; SECRETARIA DE ADMINISTRAÇÃO E FINANÇAS; SECRETARIA DE ADMINISTRAÇÃO E FINANÇAS; R$ 0,00; R$ 0,00; R$ 0,00; R$ 0,00; R$ 283.378,94; R$ 926.430,21; R$ 0,00; 0.0
 17215101000000; Cota-Parte do IPVA - Principal; Receitas Correntes; Transferências Correntes; Transferências dos Estados e do Distrito Federal e de suas Entidades; Cota-Parte do IPVA - Principal; Participação na Receita dos Estados e Distrito Federal; Cota-Parte do IPVA; ; Participação na Receita dos Estados e Distrito Federal; Cota-Parte do IPVA; Não se aplica; Cota-Parte do IPVA - Principal; Arrecadações; SECRETARIA DE ADMINISTRAÇÃO E FINANÇAS; SECRETARIA DE ADMINISTRAÇÃO E FINANÇAS; SECRETARIA DE ADMINISTRAÇÃO E FINANÇAS; R$ 0,00; R$ 0,00; R$ 0,00; R$ 0,00; R$ 240.592,07; R$ 1.167.022,28; R$ 0,00; 0.0
 17215101000000; Cota-Parte do IPVA - Principal; Receitas Correntes; Transferências Correntes; Transferências dos Estados e do Distrito Federal e de suas Entidades; Cota-Parte do IPVA - Principal; Participação na Receita dos Estados e Distrito Federal; Cota-Parte do IPVA; ; Participação na Receita dos Estados e Distrito Federal; Cota-Parte do IPVA; Não se aplica; Cota-Parte do IPVA - Principal; Arrecadações; SECRETARIA DE ADMINISTRAÇÃO E FINANÇAS; SECRETARIA DE ADMINISTRAÇÃO E FINANÇAS; SECRETARIA DE ADMINISTRAÇÃO E FINANÇAS; R$ 0,00; R$ 0,00; R$ 0,00; R$ 0,00; R$ 252.665,59; R$ 1.419.687,87; R$ 0,00; 0.0
 17215101000000; Cota-Parte do IPVA - Principal; Receitas Correntes; Transferências Correntes; Transferências dos Estados e do Distrito Federal e de suas Entidades; Cota-Parte do IPVA - Principal; Participação na Receita dos Estados e Distrito Federal; Cota-Parte do IPVA; ; Participação na Receita dos Estados e Distrito Federal; Cota-Parte do IPVA; Não se aplica; Cota-Parte do IPVA - Principal; Arrecadações; SECRETARIA DE ADMINISTRAÇÃO E FINANÇAS; SECRETARIA DE ADMINISTRAÇÃO E FINANÇAS; SECRETARIA DE ADMINISTRAÇÃO E FINANÇAS; R$ 0,00; R$ 0,00; R$ 0,00; R$ 0,00; R$ 263.091,32; R$ 1.682.779,19; R$ 0,00; 0.0
 17215101000000; Cota-Parte do IPVA - Principal; Receitas Correntes; Transferências Correntes; Transferências dos Estados e do Distrito Federal e de suas Entidades; Cota-Parte do IPVA - Principal; Participação na Receita dos Estados e Distrito Federal; Cota-Parte do IPVA; ; Participação na Receita dos Estados e Distrito Federal; Cota-Parte do IPVA; Não se aplica; Cota-Parte do IPVA - Principal; Arrecadações; SECRETARIA DE ADMINISTRAÇÃO E FINANÇAS; SECRETARIA DE ADMINISTRAÇÃO E FINANÇAS; SECRETARIA DE ADMINISTRAÇÃO E FINANÇAS; R$ 0,00; R$ 0,00; R$ 0,00; R$ 0,00; R$ 231.751,15; R$ 1.914.530,34; R$ 0,00; 0.0
 17215101000000; Cota-Parte do IPVA - Principal; Receitas Correntes; Transferências Correntes; Transferências dos Estados e do Distrito Federal e de suas Entidades; Cota-Parte do IPVA - Principal; Participação na Receita dos Estados e Distrito Federal; Cota-Parte do IPVA; ; Participação na Receita dos Estados e Distrito Federal; Cota-Parte do IPVA; Não se aplica; Cota-Parte do IPVA - Principal; Arrecadações; SECRETARIA DE ADMINISTRAÇÃO E FINANÇAS; SECRETARIA DE ADMINISTRAÇÃO E FINANÇAS; SECRETARIA DE ADMINISTRAÇÃO E FINANÇAS; R$ 0,00; R$ 0,00; R$ 0,00; R$ 0,00; R$ 212.194,56; R$ 2.126.724,90; R$ 0,00; 0.0
 17215101000000; Cota-Parte do IPVA - Principal; Receitas Correntes; Transferências Correntes; Transferências dos Estados e do Distrito Federal e de suas Entidades; Cota-Parte do IPVA - Principal; Participação na Receita dos Estados e Distrito Federal; Cota-Parte do IPVA; ; Participação na Receita dos Estados e Distrito Federal; Cota-Parte do IPVA; Não se aplica; Cota-Parte do IPVA - Principal; Arrecadações; SECRETARIA DE ADMINISTRAÇÃO E FINANÇAS; SECRETARIA DE ADMINISTRAÇÃO E FINANÇAS; SECRETARIA DE ADMINISTRAÇÃO E FINANÇAS; R$ 0,00; R$ 0,00; R$ 0,00; R$ 0,00; R$ 223.012,86; R$ 2.349.737,76; R$ 0,00; 0.0
 17215101000000; Cota-Parte do IPVA - Principal; Receitas Correntes; Transferências Correntes; Transferências dos Estados e do Distrito Federal e de suas Entidades; Cota-Parte do IPVA - Principal; Participação na Receita dos Estados e Distrito Federal; Cota-Parte do IPVA; ; Participação na Receita dos Estados e Distrito Federal; Cota-Parte do IPVA; Não se aplica; Cota-Parte do IPVA - Principal; Arrecadações; SECRETARIA DE ADMINISTRAÇÃO E FINANÇAS; SECRETARIA DE ADMINISTRAÇÃO E FINANÇAS; SECRETARIA DE ADMINISTRAÇÃO E FINANÇAS; R$ 0,00; R$ 0,00; R$ 0,00; R$ 0,00; R$ 120.537,18; R$ 2.470.274,94; R$ 0,00; 0.0
 17215101000000; Cota-Parte do IPVA - Principal; Receitas Correntes; Transferências Correntes; Transferências dos Estados e do Distrito Federal e de suas Entidades; Cota-Parte do IPVA - Principal; Participação na Receita dos Estados e Distrito Federal; Cota-Parte do IPVA; ; Participação na Receita dos Estados e Distrito Federal; Cota-Parte do IPVA; Não se aplica; Cota-Parte do IPVA - Principal; Arrecadações; SECRETARIA DE ADMINISTRAÇÃO E FINANÇAS; SECRETARIA DE ADMINISTRAÇÃO E FINANÇAS; SECRETARIA DE ADMINISTRAÇÃO E FINANÇAS; R$ 0,00; R$ 0,00; R$ 0,00; R$ 0,00; R$ 80.985,22; R$ 2.551.260,16; R$ 0,00; 0.0
 11145113000000; Imposto sobre Serviços de Qualquer Natureza - ISSQN - Dívida Ativa; Receitas Correntes; Impostos, Taxas e Contribuições de Melhoria; Impostos; Imposto sobre Serviços de Qualquer Natureza - ISSQN - Dívida Ativa; Impostos sobre Produção, Circulação e Serviços; Impostos sobre Serviços; Imposto sobre Serviços de Qualquer Natureza - ISSQN; Impostos sobre Produção, Circulação e Serviços; Impostos sobre Serviços; Imposto sobre Serviços de Qualquer Natureza - ISSQN; Imposto sobre Serviços de Qualquer Natureza - ISSQN - Dívida Ativa; Arrecadações; SECRETARIA DE ADMINISTRAÇÃO E FINANÇAS; SECRETARIA DE ADMINISTRAÇÃO E FINANÇAS; SECRETARIA DE ADMINISTRAÇÃO E FINANÇAS; R$ 83.873,00; R$ 83.873,00; R$ 0,00; R$ 0,00; R$ 492,28; R$ 492,28; R$ 83.873,00; 0.59
 11145113000000; Imposto sobre Serviços de Qualquer Natureza - ISSQN - Dívida Ativa; Receitas Correntes; Impostos, Taxas e Contribuições de Melhoria; Impostos; Imposto sobre Serviços de Qualquer Natureza - ISSQN - Dívida Ativa; Impostos sobre Produção, Circulação e Serviços; Impostos sobre Serviços; Imposto sobre Serviços de Qualquer Natureza - ISSQN; Impostos sobre Produção, Circulação e Serviços; Impostos sobre Serviços; Imposto sobre Serviços de Qualquer Natureza - ISSQN; Imposto sobre Serviços de Qualquer Natureza - ISSQN - Dívida Ativa; Arrecadações; SECRETARIA DE ADMINISTRAÇÃO E FINANÇAS; SECRETARIA DE ADMINISTRAÇÃO E FINANÇAS; SECRETARIA DE ADMINISTRAÇÃO E FINANÇAS; R$ 0,00; R$ 0,00; R$ 0,00; R$ 0,00; R$ 106,48; R$ 598,76; R$ 0,00; 0.0
 11145113000000; Imposto sobre Serviços de Qualquer Natureza - ISSQN - Dívida Ativa; Receitas Correntes; Impostos, Taxas e Contribuições de Melhoria; Impostos; Imposto sobre Serviços de Qualquer Natureza - ISSQN - Dívida Ativa; Impostos sobre Produção, Circulação e Serviços; Impostos sobre Serviços; Imposto sobre Serviços de Qualquer Natureza - ISSQN; Impostos sobre Produção, Circulação e Serviços; Impostos sobre Serviços; Imposto sobre Serviços de Qualquer Natureza - ISSQN; Imposto sobre Serviços de Qualquer Natureza - ISSQN - Dívida Ativa; Arrecadações; SECRETARIA DE ADMINISTRAÇÃO E FINANÇAS; SECRETARIA DE ADMINISTRAÇÃO E FINANÇAS; SECRETARIA DE ADMINISTRAÇÃO E FINANÇAS; R$ 0,00; R$ 0,00; R$ 0,00; R$ 0,00; R$ 689,06; R$ 1.287,82; R$ 0,00; 0.0
 11145113000000; Imposto sobre Serviços de Qualquer Natureza - ISSQN - Dívida Ativa; Receitas Correntes; Impostos, Taxas e Contribuições de Melhoria; Impostos; Imposto sobre Serviços de Qualquer Natureza - ISSQN - Dívida Ativa; Impostos sobre Produção, Circulação e Serviços; Impostos sobre Serviços; Imposto sobre Serviços de Qualquer Natureza - ISSQN; Impostos sobre Produção, Circulação e Serviços; Impostos sobre Serviços; Imposto sobre Serviços de Qualquer Natureza - ISSQN; Imposto sobre Serviços de Qualquer Natureza - ISSQN - Dívida Ativa; Arrecadações; SECRETARIA DE ADMINISTRAÇÃO E FINANÇAS; SECRETARIA DE ADMINISTRAÇÃO E FINANÇAS; SECRETARIA DE ADMINISTRAÇÃO E FINANÇAS; R$ 0,00; R$ 0,00; R$ 0,00; R$ 0,00; R$ 1.007,77; R$ 2.295,59; R$ 0,00; 0.0
 11145113000000; Imposto sobre Serviços de Qualquer Natureza - ISSQN - Dívida Ativa; Receitas Correntes; Impostos, Taxas e Contribuições de Melhoria; Impostos; Imposto sobre Serviços de Qualquer Natureza - ISSQN - Dívida Ativa; Impostos sobre Produção, Circulação e Serviços; Impostos sobre Serviços; Imposto sobre Serviços de Qualquer Natureza - ISSQN; Impostos sobre Produção, Circulação e Serviços; Impostos sobre Serviços; Imposto sobre Serviços de Qualquer Natureza - ISSQN; Imposto sobre Serviços de Qualquer Natureza - ISSQN - Dívida Ativa; Arrecadações; SECRETARIA DE ADMINISTRAÇÃO E FINANÇAS; SECRETARIA DE ADMINISTRAÇÃO E FINANÇAS; SECRETARIA DE ADMINISTRAÇÃO E FINANÇAS; R$ 0,00; R$ 0,00; R$ 0,00; R$ 0,00; R$ 1.390,59; R$ 3.686,18; R$ 0,00; 0.0
 11145113000000; Imposto sobre Serviços de Qualquer Natureza - ISSQN - Dívida Ativa; Receitas Correntes; Impostos, Taxas e Contribuições de Melhoria; Impostos; Imposto sobre Serviços de Qualquer Natureza - ISSQN - Dívida Ativa; Impostos sobre Produção, Circulação e Serviços; Impostos sobre Serviços; Imposto sobre Serviços de Qualquer Natureza - ISSQN; Impostos sobre Produção, Circulação e Serviços; Impostos sobre Serviços; Imposto sobre Serviços de Qualquer Natureza - ISSQN; Imposto sobre Serviços de Qualquer Natureza - ISSQN - Dívida Ativa; Arrecadações; SECRETARIA DE ADMINISTRAÇÃO E FINANÇAS; SECRETARIA DE ADMINISTRAÇÃO E FINANÇAS; SECRETARIA DE ADMINISTRAÇÃO E FINANÇAS; R$ 0,00; R$ 0,00; R$ 0,00; R$ 0,00; R$ 598,11; R$ 4.284,29; R$ 0,00; 0.0
 11145113000000; Imposto sobre Serviços de Qualquer Natureza - ISSQN - Dívida Ativa; Receitas Correntes; Impostos, Taxas e Contribuições de Melhoria; Impostos; Imposto sobre Serviços de Qualquer Natureza - ISSQN - Dívida Ativa; Impostos sobre Produção, Circulação e Serviços; Impostos sobre Serviços; Imposto sobre Serviços de Qualquer Natureza - ISSQN; Impostos sobre Produção, Circulação e Serviços; Impostos sobre Serviços; Imposto sobre Serviços de Qualquer Natureza - ISSQN; Imposto sobre Serviços de Qualquer Natureza - ISSQN - Dívida Ativa; Arrecadações; SECRETARIA DE ADMINISTRAÇÃO E FINANÇAS; SECRETARIA DE ADMINISTRAÇÃO E FINANÇAS; SECRETARIA DE ADMINISTRAÇÃO E FINANÇAS; R$ 0,00; R$ 0,00; R$ 0,00; R$ 0,00; R$ 610,37; R$ 4.894,66; R$ 0,00; 0.0
 11145113000000; Imposto sobre Serviços de Qualquer Natureza - ISSQN - Dívida Ativa; Receitas Correntes; Impostos, Taxas e Contribuições de Melhoria; Impostos; Imposto sobre Serviços de Qualquer Natureza - ISSQN - Dívida Ativa; Impostos sobre Produção, Circulação e Serviços; Impostos sobre Serviços; Imposto sobre Serviços de Qualquer Natureza - ISSQN; Impostos sobre Produção, Circulação e Serviços; Impostos sobre Serviços; Imposto sobre Serviços de Qualquer Natureza - ISSQN; Imposto sobre Serviços de Qualquer Natureza - ISSQN - Dívida Ativa; Arrecadações; SECRETARIA DE ADMINISTRAÇÃO E FINANÇAS; SECRETARIA DE ADMINISTRAÇÃO E FINANÇAS; SECRETARIA DE ADMINISTRAÇÃO E FINANÇAS; R$ 0,00; R$ 0,00; R$ 0,00; R$ 0,00; R$ 718,23; R$ 5.612,89; R$ 0,00; 0.0
 17215001000000; Cota-Parte do ICMS - Principal; Receitas Correntes; Transferências Correntes; Transferências dos Estados e do Distrito Federal e de suas Entidades; Cota-Parte do ICMS - Principal; Participação na Receita dos Estados e Distrito Federal; Cota-Parte do ICMS; ; Participação na Receita dos Estados e Distrito Federal; Cota-Parte do ICMS; Não se aplica; Cota-Parte do ICMS - Principal; Arrecadações; SECRETARIA DE ADMINISTRAÇÃO E FINANÇAS; SECRETARIA DE ADMINISTRAÇÃO E FINANÇAS; SECRETARIA DE ADMINISTRAÇÃO E FINANÇAS; R$ 6.806.410,00; R$ 6.806.410,00; R$ 1.361.282,00; R$ 0,00; R$ 706.139,39; R$ 706.139,39; R$ 5.445.128,00; 9.73
 17215001000000; Cota-Parte do ICMS - Principal; Receitas Correntes; Transferências Correntes; Transferências dos Estados e do Distrito Federal e de suas Entidades; Cota-Parte do ICMS - Principal; Participação na Receita dos Estados e Distrito Federal; Cota-Parte do ICMS; ; Participação na Receita dos Estados e Distrito Federal; Cota-Parte do ICMS; Não se aplica; Cota-Parte do ICMS - Principal; Arrecadações; SECRETARIA DE ADMINISTRAÇÃO E FINANÇAS; SECRETARIA DE ADMINISTRAÇÃO E FINANÇAS; SECRETARIA DE ADMINISTRAÇÃO E FINANÇAS; R$ 0,00; R$ 0,00; R$ 0,00; R$ 0,00; R$ 660.609,32; R$ 1.366.748,71; R$ 0,00; 0.0
 17215001000000; Cota-Parte do ICMS - Principal; Receitas Correntes; Transferências Correntes; Transferências dos Estados e do Distrito Federal e de suas Entidades; Cota-Parte do ICMS - Principal; Participação na Receita dos Estados e Distrito Federal; Cota-Parte do ICMS; ; Participação na Receita dos Estados e Distrito Federal; Cota-Parte do ICMS; Não se aplica; Cota-Parte do ICMS - Principal; Arrecadações; SECRETARIA DE ADMINISTRAÇÃO E FINANÇAS; SECRETARIA DE ADMINISTRAÇÃO E FINANÇAS; SECRETARIA DE ADMINISTRAÇÃO E FINANÇAS; R$ 0,00; R$ 0,00; R$ 0,00; R$ 0,00; R$ 646.641,31; R$ 2.013.390,02; R$ 0,00; 0.0
 17215001000000; Cota-Parte do ICMS - Principal; Receitas Correntes; Transferências Correntes; Transferências dos Estados e do Distrito Federal e de suas Entidades; Cota-Parte do ICMS - Principal; Participação na Receita dos Estados e Distrito Federal; Cota-Parte do ICMS; ; Participação na Receita dos Estados e Distrito Federal; Cota-Parte do ICMS; Não se aplica; Cota-Parte do ICMS - Principal; Arrecadações; SECRETARIA DE ADMINISTRAÇÃO E FINANÇAS; SECRETARIA DE ADMINISTRAÇÃO E FINANÇAS; SECRETARIA DE ADMINISTRAÇÃO E FINANÇAS; R$ 0,00; R$ 0,00; R$ 0,00; R$ 0,00; R$ 714.370,27; R$ 2.727.760,29; R$ 0,00; 0.0
 17215001000000; Cota-Parte do ICMS - Principal; Receitas Correntes; Transferências Correntes; Transferências dos Estados e do Distrito Federal e de suas Entidades; Cota-Parte do ICMS - Principal; Participação na Receita dos Estados e Distrito Federal; Cota-Parte do ICMS; ; Participação na Receita dos Estados e Distrito Federal; Cota-Parte do ICMS; Não se aplica; Cota-Parte do ICMS - Principal; Arrecadações; SECRETARIA DE ADMINISTRAÇÃO E FINANÇAS; SECRETARIA DE ADMINISTRAÇÃO E FINANÇAS; SECRETARIA DE ADMINISTRAÇÃO E FINANÇAS; R$ 0,00; R$ 0,00; R$ 0,00; R$ 0,00; R$ 668.433,00; R$ 3.396.193,29; R$ 0,00; 0.0
 17215001000000; Cota-Parte do ICMS - Principal; Receitas Correntes; Transferências Correntes; Transferências dos Estados e do Distrito Federal e de suas Entidades; Cota-Parte do ICMS - Principal; Participação na Receita dos Estados e Distrito Federal; Cota-Parte do ICMS; ; Participação na Receita dos Estados e Distrito Federal; Cota-Parte do ICMS; Não se aplica; Cota-Parte do ICMS - Principal; Arrecadações; SECRETARIA DE ADMINISTRAÇÃO E FINANÇAS; SECRETARIA DE ADMINISTRAÇÃO E FINANÇAS; SECRETARIA DE ADMINISTRAÇÃO E FINANÇAS; R$ 0,00; R$ 0,00; R$ 0,00; R$ 0,00; R$ 698.786,12; R$ 4.094.979,41; R$ 0,00; 0.0
 17215001000000; Cota-Parte do ICMS - Principal; Receitas Correntes; Transferências Correntes; Transferências dos Estados e do Distrito Federal e de suas Entidades; Cota-Parte do ICMS - Principal; Participação na Receita dos Estados e Distrito Federal; Cota-Parte do ICMS; ; Participação na Receita dos Estados e Distrito Federal; Cota-Parte do ICMS; Não se aplica; Cota-Parte do ICMS - Principal; Arrecadações; SECRETARIA DE ADMINISTRAÇÃO E FINANÇAS; SECRETARIA DE ADMINISTRAÇÃO E FINANÇAS; SECRETARIA DE ADMINISTRAÇÃO E FINANÇAS; R$ 0,00; R$ 0,00; R$ 0,00; R$ 0,00; R$ 683.537,92; R$ 4.778.517,33; R$ 0,00; 0.0
 17215001000000; Cota-Parte do ICMS - Principal; Receitas Correntes; Transferências Correntes; Transferências dos Estados e do Distrito Federal e de suas Entidades; Cota-Parte do ICMS - Principal; Participação na Receita dos Estados e Distrito Federal; Cota-Parte do ICMS; ; Participação na Receita dos Estados e Distrito Federal; Cota-Parte do ICMS; Não se aplica; Cota-Parte do ICMS - Principal; Arrecadações; SECRETARIA DE ADMINISTRAÇÃO E FINANÇAS; SECRETARIA DE ADMINISTRAÇÃO E FINANÇAS; SECRETARIA DE ADMINISTRAÇÃO E FINANÇAS; R$ 0,00; R$ 0,00; R$ 0,00; R$ 0,00; R$ 684.098,46; R$ 5.462.615,79; R$ 0,00; 0.0
 17215001000000; Cota-Parte do ICMS - Principal; Receitas Correntes; Transferências Correntes; Transferências dos Estados e do Distrito Federal e de suas Entidades; Cota-Parte do ICMS - Principal; Participação na Receita dos Estados e Distrito Federal; Cota-Parte do ICMS; ; Participação na Receita dos Estados e Distrito Federal; Cota-Parte do ICMS; Não se aplica; Cota-Parte do ICMS - Principal; Arrecadações; SECRETARIA DE ADMINISTRAÇÃO E FINANÇAS; SECRETARIA DE ADMINISTRAÇÃO E FINANÇAS; SECRETARIA DE ADMINISTRAÇÃO E FINANÇAS; R$ 0,00; R$ 0,00; R$ 0,00; R$ 0,00; R$ 712.106,12; R$ 6.174.721,91; R$ 0,00; 0.0
 17215001000000; Cota-Parte do ICMS - Principal; Receitas Correntes; Transferências Correntes; Transferências dos Estados e do Distrito Federal e de suas Entidades; Cota-Parte do ICMS - Principal; Participação na Receita dos Estados e Distrito Federal; Cota-Parte do ICMS; ; Participação na Receita dos Estados e Distrito Federal; Cota-Parte do ICMS; Não se aplica; Cota-Parte do ICMS - Principal; Arrecadações; SECRETARIA DE ADMINISTRAÇÃO E FINANÇAS; SECRETARIA DE ADMINISTRAÇÃO E FINANÇAS; SECRETARIA DE ADMINISTRAÇÃO E FINANÇAS; R$ 0,00; R$ 0,00; R$ 0,00; R$ 0,00; R$ 688.257,07; R$ 6.862.978,98; R$ 0,00; 0.0
 17215001000000; Cota-Parte do ICMS - Principal; Receitas Correntes; Transferências Correntes; Transferências dos Estados e do Distrito Federal e de suas Entidades; Cota-Parte do ICMS - Principal; Participação na Receita dos Estados e Distrito Federal; Cota-Parte do ICMS; ; Participação na Receita dos Estados e Distrito Federal; Cota-Parte do ICMS; Não se aplica; Cota-Parte do ICMS - Principal; Arrecadações; SECRETARIA DE ADMINISTRAÇÃO E FINANÇAS; SECRETARIA DE ADMINISTRAÇÃO E FINANÇAS; SECRETARIA DE ADMINISTRAÇÃO E FINANÇAS; R$ 0,00; R$ 0,00; R$ 0,00; R$ 0,00; R$ 727.552,91; R$ 7.590.531,89; R$ 0,00; 0.0
 17215001000000; Cota-Parte do ICMS - Principal; Receitas Correntes; Transferências Correntes; Transferências dos Estados e do Distrito Federal e de suas Entidades; Cota-Parte do ICMS - Principal; Participação na Receita dos Estados e Distrito Federal; Cota-Parte do ICMS; ; Participação na Receita dos Estados e Distrito Federal; Cota-Parte do ICMS; Não se aplica; Cota-Parte do ICMS - Principal; Arrecadações; SECRETARIA DE ADMINISTRAÇÃO E FINANÇAS; SECRETARIA DE ADMINISTRAÇÃO E FINANÇAS; SECRETARIA DE ADMINISTRAÇÃO E FINANÇAS; R$ 0,00; R$ 0,00; R$ 0,00; R$ 0,00; R$ 768.694,49; R$ 8.359.226,38; R$ 0,00; 0.0
 17199901060000; Transf.União Sec.Proteção e Defesa Civil - Ações de Restabelecimento; Receitas Correntes; Transferências Correntes; Transferências da União e de suas Entidades; Outras Transferências de Recursos da União e de suas Entidades - Principal; Outras Transferências de Recursos da União e de suas Entidades; Outras Transferências de Recursos da União e de suas Entidades; ; Outras Transferências de Recursos da União e de suas Entidades; Outras Transferências de Recursos da União e de suas Entidades; Não se aplica; Transf.União Sec.Proteção e Defesa Civil - Ações de Restabelecimento; Arrecadações; SECRETARIA DE OBRAS E SERVIÇOS URBANOS; DIRETORIA DE OBRAS; SECRETARIA DE OBRAS E SERVIÇOS URBANOS; R$ 0,00; R$ 0,00; R$ 0,00; R$ 0,00; R$ 474.969,51; R$ 474.969,51; R$ 0,00; 0.0
 17199901050000; Transf.União Sec.Proteção e Defesa Civil - Ajuda Humanitária; Receitas Correntes; Transferências Correntes; Transferências da União e de suas Entidades; Outras Transferências de Recursos da União e de suas Entidades - Principal; Outras Transferências de Recursos da União e de suas Entidades; Outras Transferências de Recursos da União e de suas Entidades; ; Outras Transferências de Recursos da União e de suas Entidades; Outras Transferências de Recursos da União e de suas Entidades; Não se aplica; Transf.União Sec.Proteção e Defesa Civil - Ajuda Humanitária; Arrecadações; SECRETARIA DE DESENVOLVIMENTO SOCIAL E HABITAÇÃO; FUNDO MUNICIPAL DE ASSISTENCIA SOCIAL; SECRETARIA DE DESENVOLVIMENTO SOCIAL E HABITAÇÃO; R$ 0,00; R$ 0,00; R$ 0,00; R$ 0,00; R$ 252.816,00; R$ 252.816,00; R$ 0,00; 0.0
 17199901050000; Transf.União Sec.Proteção e Defesa Civil - Ajuda Humanitária; Receitas Correntes; Transferências Correntes; Transferências da União e de suas Entidades; Outras Transferências de Recursos da União e de suas Entidades - Principal; Outras Transferências de Recursos da União e de suas Entidades; Outras Transferências de Recursos da União e de suas Entidades; ; Outras Transferências de Recursos da União e de suas Entidades; Outras Transferências de Recursos da União e de suas Entidades; Não se aplica; Transf.União Sec.Proteção e Defesa Civil - Ajuda Humanitária; Arrecadações; SECRETARIA DE DESENVOLVIMENTO SOCIAL E HABITAÇÃO; FUNDO MUNICIPAL DE ASSISTENCIA SOCIAL; SECRETARIA DE DESENVOLVIMENTO SOCIAL E HABITAÇÃO; R$ 0,00; R$ 0,00; R$ 0,00; R$ 0,00; R$ 73.233,00; R$ 326.049,00; R$ 0,00; 0.0
 17199901050000; Transf.União Sec.Proteção e Defesa Civil - Ajuda Humanitária; Receitas Correntes; Transferências Correntes; Transferências da União e de suas Entidades; Outras Transferências de Recursos da União e de suas Entidades - Principal; Outras Transferências de Recursos da União e de suas Entidades; Outras Transferências de Recursos da União e de suas Entidades; ; Outras Transferências de Recursos da União e de suas Entidades; Outras Transferências de Recursos da União e de suas Entidades; Não se aplica; Transf.União Sec.Proteção e Defesa Civil - Ajuda Humanitária; Arrecadações; SECRETARIA DE DESENVOLVIMENTO SOCIAL E HABITAÇÃO; FUNDO MUNICIPAL DE ASSISTENCIA SOCIAL; SECRETARIA DE DESENVOLVIMENTO SOCIAL E HABITAÇÃO; R$ 0,00; R$ 0,00; R$ 0,00; R$ 0,00; R$ 0,00; R$ 326.049,00; R$ 0,00; 0.0
 17199901060000; Transf.União Sec.Proteção e Defesa Civil - Ações de Restabelecimento; Receitas Correntes; Transferências Correntes; Transferências da União e de suas Entidades; Outras Transferências de Recursos da União e de suas Entidades - Principal; Outras Transferências de Recursos da União e de suas Entidades; Outras Transferências de Recursos da União e de suas Entidades; ; Outras Transferências de Recursos da União e de suas Entidades; Outras Transferências de Recursos da União e de suas Entidades; Não se aplica; Transf.União Sec.Proteção e Defesa Civil - Ações de Restabelecimento; Arrecadações; SECRETARIA DE OBRAS E SERVIÇOS URBANOS; DIRETORIA DE OBRAS; SECRETARIA DE OBRAS E SERVIÇOS URBANOS; R$ 0,00; R$ 0,00; R$ 0,00; R$ 0,00; R$ 0,00; R$ 474.969,51; R$ 0,00; 0.0
 17299901010300; Outras Transf. do Estado  Emendas Parlamentares Imp. Saude; Receitas Correntes; Transferências Correntes; Transferências dos Estados e do Distrito Federal e de suas Entidades; Outras Transferências dos Estados e DF - Principal; Outras Transferências dos Estados e Distrito Federal; Outras Transferências dos Estados e DF; ; Outras Transferências dos Estados e Distrito Federal; Outras Transferências dos Estados e DF; Não se aplica; Outras Transf. do Estado  Emendas Parlamentares Imp. Saude; Arrecadações; FUNDO MUNICIPAL DE SAUDE; FUNDO MUNICIPAL DE SAUDE; FUNDO MUNICIPAL DE SAUDE; R$ 0,00; R$ 0,00; R$ 0,00; R$ 0,00; R$ 100.000,00; R$ 100.000,00; R$ 0,00; 0.0
 17299901010300; Outras Transf. do Estado  Emendas Parlamentares Imp. Saude; Receitas Correntes; Transferências Correntes; Transferências dos Estados e do Distrito Federal e de suas Entidades; Outras Transferências dos Estados e DF - Principal; Outras Transferências dos Estados e Distrito Federal; Outras Transferências dos Estados e DF; ; Outras Transferências dos Estados e Distrito Federal; Outras Transferências dos Estados e DF; Não se aplica; Outras Transf. do Estado  Emendas Parlamentares Imp. Saude; Arrecadações; FUNDO MUNICIPAL DE SAUDE; FUNDO MUNICIPAL DE SAUDE; FUNDO MUNICIPAL DE SAUDE; R$ 0,00; R$ 0,00; R$ 0,00; R$ 0,00; R$ 500.292,42; R$ 600.292,42; R$ 0,00; 0.0
 17135021010000; Teto Mac ambul. e Hospitalar; Receitas Correntes; Transferências Correntes; Transferências da União e de suas Entidades; Transferências de Recursos do Bloco de Manutenção das Ações e Serviços Públicos de Saúde – Atenção Especializada - Principal; Transferências de Recursos do Sistema Único de Saúde – SUS; Transferências de Recursos do Sistema Único de Saúde – SUS – Repasses Fundo a Fundo - Bloco de Manutenção das Ações e Serviços Públicos de Saúde; Transferências de Recursos do Bloco de Manutenção das Ações e Serviços Públicos de Saúde – Atenção Especializada; Transferências de Recursos do Sistema Único de Saúde – SUS; Transferências de Recursos do Sistema Único de Saúde – SUS – Repasses Fundo a Fundo - Bloco de Manutenção das Ações e Serviços Públicos de Saúde; Transferências de Recursos do Bloco de Manutenção das Ações e Serviços Públicos de Saúde – Atenção Especializada; Teto Mac ambul. e Hospitalar; Arrecadações; FUNDO MUNICIPAL DE SAUDE; FUNDO MUNICIPAL DE SAUDE; FUNDO MUNICIPAL DE SAUDE; R$ 129.648,00; R$ 129.648,00; R$ 0,00; R$ 0,00; R$ 8.927,31; R$ 8.927,31; R$ 129.648,00; 6.89
 17135021010000; Teto Mac ambul. e Hospitalar; Receitas Correntes; Transferências Correntes; Transferências da União e de suas Entidades; Transferências de Recursos do Bloco de Manutenção das Ações e Serviços Públicos de Saúde – Atenção Especializada - Principal; Transferências de Recursos do Sistema Único de Saúde – SUS; Transferências de Recursos do Sistema Único de Saúde – SUS – Repasses Fundo a Fundo - Bloco de Manutenção das Ações e Serviços Públicos de Saúde; Transferências de Recursos do Bloco de Manutenção das Ações e Serviços Públicos de Saúde – Atenção Especializada; Transferências de Recursos do Sistema Único de Saúde – SUS; Transferências de Recursos do Sistema Único de Saúde – SUS – Repasses Fundo a Fundo - Bloco de Manutenção das Ações e Serviços Públicos de Saúde; Transferências de Recursos do Bloco de Manutenção das Ações e Serviços Públicos de Saúde – Atenção Especializada; Teto Mac ambul. e Hospitalar; Arrecadações; FUNDO MUNICIPAL DE SAUDE; FUNDO MUNICIPAL DE SAUDE; FUNDO MUNICIPAL DE SAUDE; R$ 0,00; R$ 0,00; R$ 0,00; R$ 0,00; R$ 8.927,31; R$ 17.854,62; R$ 0,00; 0.0
 17135021010000; Teto Mac ambul. e Hospitalar; Receitas Correntes; Transferências Correntes; Transferências da União e de suas Entidades; Transferências de Recursos do Bloco de Manutenção das Ações e Serviços Públicos de Saúde – Atenção Especializada - Principal; Transferências de Recursos do Sistema Único de Saúde – SUS; Transferências de Recursos do Sistema Único de Saúde – SUS – Repasses Fundo a Fundo - Bloco de Manutenção das Ações e Serviços Públicos de Saúde; Transferências de Recursos do Bloco de Manutenção das Ações e Serviços Públicos de Saúde – Atenção Especializada; Transferências de Recursos do Sistema Único de Saúde – SUS; Transferências de Recursos do Sistema Único de Saúde – SUS – Repasses Fundo a Fundo - Bloco de Manutenção das Ações e Serviços Públicos de Saúde; Transferências de Recursos do Bloco de Manutenção das Ações e Serviços Públicos de Saúde – Atenção Especializada; Teto Mac ambul. e Hospitalar; Arrecadações; FUNDO MUNICIPAL DE SAUDE; FUNDO MUNICIPAL DE SAUDE; FUNDO MUNICIPAL DE SAUDE; R$ 0,00; R$ 0,00; R$ 0,00; R$ 0,00; R$ 8.927,31; R$ 26.781,93; R$ 0,00; 0.0
 17135021010000; Teto Mac ambul. e Hospitalar; Receitas Correntes; Transferências Correntes; Transferências da União e de suas Entidades; Transferências de Recursos do Bloco de Manutenção das Ações e Serviços Públicos de Saúde – Atenção Especializada - Principal; Transferências de Recursos do Sistema Único de Saúde – SUS; Transferências de Recursos do Sistema Único de Saúde – SUS – Repasses Fundo a Fundo - Bloco de Manutenção das Ações e Serviços Públicos de Saúde; Transferências de Recursos do Bloco de Manutenção das Ações e Serviços Públicos de Saúde – Atenção Especializada; Transferências de Recursos do Sistema Único de Saúde – SUS; Transferências de Recursos do Sistema Único de Saúde – SUS – Repasses Fundo a Fundo - Bloco de Manutenção das Ações e Serviços Públicos de Saúde; Transferências de Recursos do Bloco de Manutenção das Ações e Serviços Públicos de Saúde – Atenção Especializada; Teto Mac ambul. e Hospitalar; Arrecadações; FUNDO MUNICIPAL DE SAUDE; FUNDO MUNICIPAL DE SAUDE; FUNDO MUNICIPAL DE SAUDE; R$ 0,00; R$ 0,00; R$ 0,00; R$ 0,00; R$ 8.927,31; R$ 35.709,24; R$ 0,00; 0.0
 17135021010000; Teto Mac ambul. e Hospitalar; Receitas Correntes; Transferências Correntes; Transferências da União e de suas Entidades; Transferências de Recursos do Bloco de Manutenção das Ações e Serviços Públicos de Saúde – Atenção Especializada - Principal; Transferências de Recursos do Sistema Único de Saúde – SUS; Transferências de Recursos do Sistema Único de Saúde – SUS – Repasses Fundo a Fundo - Bloco de Manutenção das Ações e Serviços Públicos de Saúde; Transferências de Recursos do Bloco de Manutenção das Ações e Serviços Públicos de Saúde – Atenção Especializada; Transferências de Recursos do Sistema Único de Saúde – SUS; Transferências de Recursos do Sistema Único de Saúde – SUS – Repasses Fundo a Fundo - Bloco de Manutenção das Ações e Serviços Públicos de Saúde; Transferências de Recursos do Bloco de Manutenção das Ações e Serviços Públicos de Saúde – Atenção Especializada; Teto Mac ambul. e Hospitalar; Arrecadações; FUNDO MUNICIPAL DE SAUDE; FUNDO MUNICIPAL DE SAUDE; FUNDO MUNICIPAL DE SAUDE; R$ 0,00; R$ 0,00; R$ 0,00; R$ 0,00; R$ 133.927,31; R$ 169.636,55; R$ 0,00; 0.0
 17135021010000; Teto Mac ambul. e Hospitalar; Receitas Correntes; Transferências Correntes; Transferências da União e de suas Entidades; Transferências de Recursos do Bloco de Manutenção das Ações e Serviços Públicos de Saúde – Atenção Especializada - Principal; Transferências de Recursos do Sistema Único de Saúde – SUS; Transferências de Recursos do Sistema Único de Saúde – SUS – Repasses Fundo a Fundo - Bloco de Manutenção das Ações e Serviços Públicos de Saúde; Transferências de Recursos do Bloco de Manutenção das Ações e Serviços Públicos de Saúde – Atenção Especializada; Transferências de Recursos do Sistema Único de Saúde – SUS; Transferências de Recursos do Sistema Único de Saúde – SUS – Repasses Fundo a Fundo - Bloco de Manutenção das Ações e Serviços Públicos de Saúde; Transferências de Recursos do Bloco de Manutenção das Ações e Serviços Públicos de Saúde – Atenção Especializada; Teto Mac ambul. e Hospitalar; Arrecadações; FUNDO MUNICIPAL DE SAUDE; FUNDO MUNICIPAL DE SAUDE; FUNDO MUNICIPAL DE SAUDE; R$ 0,00; R$ 0,00; R$ 0,00; R$ 0,00; R$ 8.927,31; R$ 178.563,86; R$ 0,00; 0.0
 17135021010000; Teto Mac ambul. e Hospitalar; Receitas Correntes; Transferências Correntes; Transferências da União e de suas Entidades; Transferências de Recursos do Bloco de Manutenção das Ações e Serviços Públicos de Saúde – Atenção Especializada - Principal; Transferências de Recursos do Sistema Único de Saúde – SUS; Transferências de Recursos do Sistema Único de Saúde – SUS – Repasses Fundo a Fundo - Bloco de Manutenção das Ações e Serviços Públicos de Saúde; Transferências de Recursos do Bloco de Manutenção das Ações e Serviços Públicos de Saúde – Atenção Especializada; Transferências de Recursos do Sistema Único de Saúde – SUS; Transferências de Recursos do Sistema Único de Saúde – SUS – Repasses Fundo a Fundo - Bloco de Manutenção das Ações e Serviços Públicos de Saúde; Transferências de Recursos do Bloco de Manutenção das Ações e Serviços Públicos de Saúde – Atenção Especializada; Teto Mac ambul. e Hospitalar; Arrecadações; FUNDO MUNICIPAL DE SAUDE; FUNDO MUNICIPAL DE SAUDE; FUNDO MUNICIPAL DE SAUDE; R$ 0,00; R$ 0,00; R$ 0,00; R$ 0,00; R$ 8.927,31; R$ 187.491,17; R$ 0,00; 0.0
 17135021010000; Teto Mac ambul. e Hospitalar; Receitas Correntes; Transferências Correntes; Transferências da União e de suas Entidades; Transferências de Recursos do Bloco de Manutenção das Ações e Serviços Públicos de Saúde – Atenção Especializada - Principal; Transferências de Recursos do Sistema Único de Saúde – SUS; Transferências de Recursos do Sistema Único de Saúde – SUS – Repasses Fundo a Fundo - Bloco de Manutenção das Ações e Serviços Públicos de Saúde; Transferências de Recursos do Bloco de Manutenção das Ações e Serviços Públicos de Saúde – Atenção Especializada; Transferências de Recursos do Sistema Único de Saúde – SUS; Transferências de Recursos do Sistema Único de Saúde – SUS – Repasses Fundo a Fundo - Bloco de Manutenção das Ações e Serviços Públicos de Saúde; Transferências de Recursos do Bloco de Manutenção das Ações e Serviços Públicos de Saúde – Atenção Especializada; Teto Mac ambul. e Hospitalar; Arrecadações; FUNDO MUNICIPAL DE SAUDE; FUNDO MUNICIPAL DE SAUDE; FUNDO MUNICIPAL DE SAUDE; R$ 0,00; R$ 0,00; R$ 0,00; R$ 0,00; R$ 9.336,59; R$ 196.827,76; R$ 0,00; 0.0
 17135021010000; Teto Mac ambul. e Hospitalar; Receitas Correntes; Transferências Correntes; Transferências da União e de suas Entidades; Transferências de Recursos do Bloco de Manutenção das Ações e Serviços Públicos de Saúde – Atenção Especializada - Principal; Transferências de Recursos do Sistema Único de Saúde – SUS; Transferências de Recursos do Sistema Único de Saúde – SUS – Repasses Fundo a Fundo - Bloco de Manutenção das Ações e Serviços Públicos de Saúde; Transferências de Recursos do Bloco de Manutenção das Ações e Serviços Públicos de Saúde – Atenção Especializada; Transferências de Recursos do Sistema Único de Saúde – SUS; Transferências de Recursos do Sistema Único de Saúde – SUS – Repasses Fundo a Fundo - Bloco de Manutenção das Ações e Serviços Públicos de Saúde; Transferências de Recursos do Bloco de Manutenção das Ações e Serviços Públicos de Saúde – Atenção Especializada; Teto Mac ambul. e Hospitalar; Arrecadações; FUNDO MUNICIPAL DE SAUDE; FUNDO MUNICIPAL DE SAUDE; FUNDO MUNICIPAL DE SAUDE; R$ 0,00; R$ 0,00; R$ 0,00; R$ 0,00; R$ 9.336,59; R$ 206.164,35; R$ 0,00; 0.0
 17135021010000; Teto Mac ambul. e Hospitalar; Receitas Correntes; Transferências Correntes; Transferências da União e de suas Entidades; Transferências de Recursos do Bloco de Manutenção das Ações e Serviços Públicos de Saúde – Atenção Especializada - Principal; Transferências de Recursos do Sistema Único de Saúde – SUS; Transferências de Recursos do Sistema Único de Saúde – SUS – Repasses Fundo a Fundo - Bloco de Manutenção das Ações e Serviços Públicos de Saúde; Transferências de Recursos do Bloco de Manutenção das Ações e Serviços Públicos de Saúde – Atenção Especializada; Transferências de Recursos do Sistema Único de Saúde – SUS; Transferências de Recursos do Sistema Único de Saúde – SUS – Repasses Fundo a Fundo - Bloco de Manutenção das Ações e Serviços Públicos de Saúde; Transferências de Recursos do Bloco de Manutenção das Ações e Serviços Públicos de Saúde – Atenção Especializada; Teto Mac ambul. e Hospitalar; Arrecadações; FUNDO MUNICIPAL DE SAUDE; FUNDO MUNICIPAL DE SAUDE; FUNDO MUNICIPAL DE SAUDE; R$ 0,00; R$ 0,00; R$ 0,00; R$ 0,00; R$ 9.336,59; R$ 215.500,94; R$ 0,00; 0.0
 17135021010000; Teto Mac ambul. e Hospitalar; Receitas Correntes; Transferências Correntes; Transferências da União e de suas Entidades; Transferências de Recursos do Bloco de Manutenção das Ações e Serviços Públicos de Saúde – Atenção Especializada - Principal; Transferências de Recursos do Sistema Único de Saúde – SUS; Transferências de Recursos do Sistema Único de Saúde – SUS – Repasses Fundo a Fundo - Bloco de Manutenção das Ações e Serviços Públicos de Saúde; Transferências de Recursos do Bloco de Manutenção das Ações e Serviços Públicos de Saúde – Atenção Especializada; Transferências de Recursos do Sistema Único de Saúde – SUS; Transferências de Recursos do Sistema Único de Saúde – SUS – Repasses Fundo a Fundo - Bloco de Manutenção das Ações e Serviços Públicos de Saúde; Transferências de Recursos do Bloco de Manutenção das Ações e Serviços Públicos de Saúde – Atenção Especializada; Teto Mac ambul. e Hospitalar; Arrecadações; FUNDO MUNICIPAL DE SAUDE; FUNDO MUNICIPAL DE SAUDE; FUNDO MUNICIPAL DE SAUDE; R$ 0,00; R$ 0,00; R$ 0,00; R$ 0,00; R$ 9.336,59; R$ 224.837,53; R$ 0,00; 0.0
 17135021010000; Teto Mac ambul. e Hospitalar; Receitas Correntes; Transferências Correntes; Transferências da União e de suas Entidades; Transferências de Recursos do Bloco de Manutenção das Ações e Serviços Públicos de Saúde – Atenção Especializada - Principal; Transferências de Recursos do Sistema Único de Saúde – SUS; Transferências de Recursos do Sistema Único de Saúde – SUS – Repasses Fundo a Fundo - Bloco de Manutenção das Ações e Serviços Públicos de Saúde; Transferências de Recursos do Bloco de Manutenção das Ações e Serviços Públicos de Saúde – Atenção Especializada; Transferências de Recursos do Sistema Único de Saúde – SUS; Transferências de Recursos do Sistema Único de Saúde – SUS – Repasses Fundo a Fundo - Bloco de Manutenção das Ações e Serviços Públicos de Saúde; Transferências de Recursos do Bloco de Manutenção das Ações e Serviços Públicos de Saúde – Atenção Especializada; Teto Mac ambul. e Hospitalar; Arrecadações; FUNDO MUNICIPAL DE SAUDE; FUNDO MUNICIPAL DE SAUDE; FUNDO MUNICIPAL DE SAUDE; R$ 0,00; R$ 0,00; R$ 0,00; R$ 0,00; R$ 9.336,59; R$ 234.174,12; R$ 0,00; 0.0
 17135041010000; Assistencia Farmaceutica -F. Básica; Receitas Correntes; Transferências Correntes; Transferências da União e de suas Entidades; Transferências de Recursos do Bloco de Manutenção das Ações e Serviços Públicos de Saúde – Assistência Farmacêutica - Principal; Transferências de Recursos do Sistema Único de Saúde – SUS; Transferências de Recursos do Sistema Único de Saúde – SUS – Repasses Fundo a Fundo - Bloco de Manutenção das Ações e Serviços Públicos de Saúde; Transferências de Recursos do Bloco de Manutenção das Ações e Serviços Públicos de Saúde – Assistência Farmacêutica; Transferências de Recursos do Sistema Único de Saúde – SUS; Transferências de Recursos do Sistema Único de Saúde – SUS – Repasses Fundo a Fundo - Bloco de Manutenção das Ações e Serviços Públicos de Saúde; Transferências de Recursos do Bloco de Manutenção das Ações e Serviços Públicos de Saúde – Assistência Farmacêutica; Assistencia Farmaceutica -F. Básica; Arrecadações; FUNDO MUNICIPAL DE SAUDE; FUNDO MUNICIPAL DE SAUDE; FUNDO MUNICIPAL DE SAUDE; R$ 64.776,00; R$ 64.776,00; R$ 0,00; R$ 0,00; R$ 5.398,01; R$ 5.398,01; R$ 64.776,00; 8.33
 17235001020000; Cofinanciamento PSF; Receitas Correntes; Transferências Correntes; Transferências dos Estados e do Distrito Federal e de suas Entidades; Transferências de Recursos do Sistema Único de Saúde – SUS - Principal; Transferências de Recursos do Sistema Único de Saúde – SUS; Transferências de Recursos do Sistema Único de Saúde – SUS; ; Transferências de Recursos do Sistema Único de Saúde – SUS; Transferências de Recursos do Sistema Único de Saúde – SUS; Não se aplica; Cofinanciamento PSF; Arrecadações; FUNDO MUNICIPAL DE SAUDE; FUNDO MUNICIPAL DE SAUDE; FUNDO MUNICIPAL DE SAUDE; R$ 0,00; R$ 0,00; R$ 0,00; R$ 0,00; R$ 37.606,36; R$ 37.606,36; R$ 0,00; 0.0
 17135041010000; Assistencia Farmaceutica -F. Básica; Receitas Correntes; Transferências Correntes; Transferências da União e de suas Entidades; Transferências de Recursos do Bloco de Manutenção das Ações e Serviços Públicos de Saúde – Assistência Farmacêutica - Principal; Transferências de Recursos do Sistema Único de Saúde – SUS; Transferências de Recursos do Sistema Único de Saúde – SUS – Repasses Fundo a Fundo - Bloco de Manutenção das Ações e Serviços Públicos de Saúde; Transferências de Recursos do Bloco de Manutenção das Ações e Serviços Públicos de Saúde – Assistência Farmacêutica; Transferências de Recursos do Sistema Único de Saúde – SUS; Transferências de Recursos do Sistema Único de Saúde – SUS – Repasses Fundo a Fundo - Bloco de Manutenção das Ações e Serviços Públicos de Saúde; Transferências de Recursos do Bloco de Manutenção das Ações e Serviços Públicos de Saúde – Assistência Farmacêutica; Assistencia Farmaceutica -F. Básica; Arrecadações; FUNDO MUNICIPAL DE SAUDE; FUNDO MUNICIPAL DE SAUDE; FUNDO MUNICIPAL DE SAUDE; R$ 0,00; R$ 0,00; R$ 0,00; R$ 0,00; R$ 5.398,01; R$ 10.796,02; R$ 0,00; 0.0
 17235001020000; Cofinanciamento PSF; Receitas Correntes; Transferências Correntes; Transferências dos Estados e do Distrito Federal e de suas Entidades; Transferências de Recursos do Sistema Único de Saúde – SUS - Principal; Transferências de Recursos do Sistema Único de Saúde – SUS; Transferências de Recursos do Sistema Único de Saúde – SUS; ; Transferências de Recursos do Sistema Único de Saúde – SUS; Transferências de Recursos do Sistema Único de Saúde – SUS; Não se aplica; Cofinanciamento PSF; Arrecadações; FUNDO MUNICIPAL DE SAUDE; FUNDO MUNICIPAL DE SAUDE; FUNDO MUNICIPAL DE SAUDE; R$ 0,00; R$ 0,00; R$ 0,00; R$ 0,00; R$ 26.300,00; R$ 63.906,36; R$ 0,00; 0.0
 17135041010000; Assistencia Farmaceutica -F. Básica; Receitas Correntes; Transferências Correntes; Transferências da União e de suas Entidades; Transferências de Recursos do Bloco de Manutenção das Ações e Serviços Públicos de Saúde – Assistência Farmacêutica - Principal; Transferências de Recursos do Sistema Único de Saúde – SUS; Transferências de Recursos do Sistema Único de Saúde – SUS – Repasses Fundo a Fundo - Bloco de Manutenção das Ações e Serviços Públicos de Saúde; Transferências de Recursos do Bloco de Manutenção das Ações e Serviços Públicos de Saúde – Assistência Farmacêutica; Transferências de Recursos do Sistema Único de Saúde – SUS; Transferências de Recursos do Sistema Único de Saúde – SUS – Repasses Fundo a Fundo - Bloco de Manutenção das Ações e Serviços Públicos de Saúde; Transferências de Recursos do Bloco de Manutenção das Ações e Serviços Públicos de Saúde – Assistência Farmacêutica; Assistencia Farmaceutica -F. Básica; Arrecadações; FUNDO MUNICIPAL DE SAUDE; FUNDO MUNICIPAL DE SAUDE; FUNDO MUNICIPAL DE SAUDE; R$ 0,00; R$ 0,00; R$ 0,00; R$ 0,00; R$ 5.398,01; R$ 16.194,03; R$ 0,00; 0.0
 17135041010000; Assistencia Farmaceutica -F. Básica; Receitas Correntes; Transferências Correntes; Transferências da União e de suas Entidades; Transferências de Recursos do Bloco de Manutenção das Ações e Serviços Públicos de Saúde – Assistência Farmacêutica - Principal; Transferências de Recursos do Sistema Único de Saúde – SUS; Transferências de Recursos do Sistema Único de Saúde – SUS – Repasses Fundo a Fundo - Bloco de Manutenção das Ações e Serviços Públicos de Saúde; Transferências de Recursos do Bloco de Manutenção das Ações e Serviços Públicos de Saúde – Assistência Farmacêutica; Transferências de Recursos do Sistema Único de Saúde – SUS; Transferências de Recursos do Sistema Único de Saúde – SUS – Repasses Fundo a Fundo - Bloco de Manutenção das Ações e Serviços Públicos de Saúde; Transferências de Recursos do Bloco de Manutenção das Ações e Serviços Públicos de Saúde – Assistência Farmacêutica; Assistencia Farmaceutica -F. Básica; Arrecadações; FUNDO MUNICIPAL DE SAUDE; FUNDO MUNICIPAL DE SAUDE; FUNDO MUNICIPAL DE SAUDE; R$ 0,00; R$ 0,00; R$ 0,00; R$ 0,00; R$ 5.398,01; R$ 21.592,04; R$ 0,00; 0.0
 17235001020000; Cofinanciamento PSF; Receitas Correntes; Transferências Correntes; Transferências dos Estados e do Distrito Federal e de suas Entidades; Transferências de Recursos do Sistema Único de Saúde – SUS - Principal; Transferências de Recursos do Sistema Único de Saúde – SUS; Transferências de Recursos do Sistema Único de Saúde – SUS; ; Transferências de Recursos do Sistema Único de Saúde – SUS; Transferências de Recursos do Sistema Único de Saúde – SUS; Não se aplica; Cofinanciamento PSF; Arrecadações; FUNDO MUNICIPAL DE SAUDE; FUNDO MUNICIPAL DE SAUDE; FUNDO MUNICIPAL DE SAUDE; R$ 0,00; R$ 0,00; R$ 0,00; R$ 0,00; R$ 26.300,00; R$ 90.206,36; R$ 0,00; 0.0
 17235001020000; Cofinanciamento PSF; Receitas Correntes; Transferências Correntes; Transferências dos Estados e do Distrito Federal e de suas Entidades; Transferências de Recursos do Sistema Único de Saúde – SUS - Principal; Transferências de Recursos do Sistema Único de Saúde – SUS; Transferências de Recursos do Sistema Único de Saúde – SUS; ; Transferências de Recursos do Sistema Único de Saúde – SUS; Transferências de Recursos do Sistema Único de Saúde – SUS; Não se aplica; Cofinanciamento PSF; Arrecadações; FUNDO MUNICIPAL DE SAUDE; FUNDO MUNICIPAL DE SAUDE; FUNDO MUNICIPAL DE SAUDE; R$ 0,00; R$ 0,00; R$ 0,00; R$ 0,00; R$ 26.300,00; R$ 116.506,36; R$ 0,00; 0.0
 17135041010000; Assistencia Farmaceutica -F. Básica; Receitas Correntes; Transferências Correntes; Transferências da União e de suas Entidades; Transferências de Recursos do Bloco de Manutenção das Ações e Serviços Públicos de Saúde – Assistência Farmacêutica - Principal; Transferências de Recursos do Sistema Único de Saúde – SUS; Transferências de Recursos do Sistema Único de Saúde – SUS – Repasses Fundo a Fundo - Bloco de Manutenção das Ações e Serviços Públicos de Saúde; Transferências de Recursos do Bloco de Manutenção das Ações e Serviços Públicos de Saúde – Assistência Farmacêutica; Transferências de Recursos do Sistema Único de Saúde – SUS; Transferências de Recursos do Sistema Único de Saúde – SUS – Repasses Fundo a Fundo - Bloco de Manutenção das Ações e Serviços Públicos de Saúde; Transferências de Recursos do Bloco de Manutenção das Ações e Serviços Públicos de Saúde – Assistência Farmacêutica; Assistencia Farmaceutica -F. Básica; Arrecadações; FUNDO MUNICIPAL DE SAUDE; FUNDO MUNICIPAL DE SAUDE; FUNDO MUNICIPAL DE SAUDE; R$ 0,00; R$ 0,00; R$ 0,00; R$ 0,00; R$ 5.398,01; R$ 26.990,05; R$ 0,00; 0.0
 17135041010000; Assistencia Farmaceutica -F. Básica; Receitas Correntes; Transferências Correntes; Transferências da União e de suas Entidades; Transferências de Recursos do Bloco de Manutenção das Ações e Serviços Públicos de Saúde – Assistência Farmacêutica - Principal; Transferências de Recursos do Sistema Único de Saúde – SUS; Transferências de Recursos do Sistema Único de Saúde – SUS – Repasses Fundo a Fundo - Bloco de Manutenção das Ações e Serviços Públicos de Saúde; Transferências de Recursos do Bloco de Manutenção das Ações e Serviços Públicos de Saúde – Assistência Farmacêutica; Transferências de Recursos do Sistema Único de Saúde – SUS; Transferências de Recursos do Sistema Único de Saúde – SUS – Repasses Fundo a Fundo - Bloco de Manutenção das Ações e Serviços Públicos de Saúde; Transferências de Recursos do Bloco de Manutenção das Ações e Serviços Públicos de Saúde – Assistência Farmacêutica; Assistencia Farmaceutica -F. Básica; Arrecadações; FUNDO MUNICIPAL DE SAUDE; FUNDO MUNICIPAL DE SAUDE; FUNDO MUNICIPAL DE SAUDE; R$ 0,00; R$ 0,00; R$ 0,00; R$ 0,00; R$ 5.398,01; R$ 32.388,06; R$ 0,00; 0.0
 17235001020000; Cofinanciamento PSF; Receitas Correntes; Transferências Correntes; Transferências dos Estados e do Distrito Federal e de suas Entidades; Transferências de Recursos do Sistema Único de Saúde – SUS - Principal; Transferências de Recursos do Sistema Único de Saúde – SUS; Transferências de Recursos do Sistema Único de Saúde – SUS; ; Transferências de Recursos do Sistema Único de Saúde – SUS; Transferências de Recursos do Sistema Único de Saúde – SUS; Não se aplica; Cofinanciamento PSF; Arrecadações; FUNDO MUNICIPAL DE SAUDE; FUNDO MUNICIPAL DE SAUDE; FUNDO MUNICIPAL DE SAUDE; R$ 0,00; R$ 0,00; R$ 0,00; R$ 0,00; R$ 26.300,00; R$ 142.806,36; R$ 0,00; 0.0
 17235001020000; Cofinanciamento PSF; Receitas Correntes; Transferências Correntes; Transferências dos Estados e do Distrito Federal e de suas Entidades; Transferências de Recursos do Sistema Único de Saúde – SUS - Principal; Transferências de Recursos do Sistema Único de Saúde – SUS; Transferências de Recursos do Sistema Único de Saúde – SUS; ; Transferências de Recursos do Sistema Único de Saúde – SUS; Transferências de Recursos do Sistema Único de Saúde – SUS; Não se aplica; Cofinanciamento PSF; Arrecadações; FUNDO MUNICIPAL DE SAUDE; FUNDO MUNICIPAL DE SAUDE; FUNDO MUNICIPAL DE SAUDE; R$ 0,00; R$ 0,00; R$ 0,00; R$ 0,00; R$ 28.800,00; R$ 171.606,36; R$ 0,00; 0.0
 17135041010000; Assistencia Farmaceutica -F. Básica; Receitas Correntes; Transferências Correntes; Transferências da União e de suas Entidades; Transferências de Recursos do Bloco de Manutenção das Ações e Serviços Públicos de Saúde – Assistência Farmacêutica - Principal; Transferências de Recursos do Sistema Único de Saúde – SUS; Transferências de Recursos do Sistema Único de Saúde – SUS – Repasses Fundo a Fundo - Bloco de Manutenção das Ações e Serviços Públicos de Saúde; Transferências de Recursos do Bloco de Manutenção das Ações e Serviços Públicos de Saúde – Assistência Farmacêutica; Transferências de Recursos do Sistema Único de Saúde – SUS; Transferências de Recursos do Sistema Único de Saúde – SUS – Repasses Fundo a Fundo - Bloco de Manutenção das Ações e Serviços Públicos de Saúde; Transferências de Recursos do Bloco de Manutenção das Ações e Serviços Públicos de Saúde – Assistência Farmacêutica; Assistencia Farmaceutica -F. Básica; Arrecadações; FUNDO MUNICIPAL DE SAUDE; FUNDO MUNICIPAL DE SAUDE; FUNDO MUNICIPAL DE SAUDE; R$ 0,00; R$ 0,00; R$ 0,00; R$ 0,00; R$ 5.398,01; R$ 37.786,07; R$ 0,00; 0.0
 17135041010000; Assistencia Farmaceutica -F. Básica; Receitas Correntes; Transferências Correntes; Transferências da União e de suas Entidades; Transferências de Recursos do Bloco de Manutenção das Ações e Serviços Públicos de Saúde – Assistência Farmacêutica - Principal; Transferências de Recursos do Sistema Único de Saúde – SUS; Transferências de Recursos do Sistema Único de Saúde – SUS – Repasses Fundo a Fundo - Bloco de Manutenção das Ações e Serviços Públicos de Saúde; Transferências de Recursos do Bloco de Manutenção das Ações e Serviços Públicos de Saúde – Assistência Farmacêutica; Transferências de Recursos do Sistema Único de Saúde – SUS; Transferências de Recursos do Sistema Único de Saúde – SUS – Repasses Fundo a Fundo - Bloco de Manutenção das Ações e Serviços Públicos de Saúde; Transferências de Recursos do Bloco de Manutenção das Ações e Serviços Públicos de Saúde – Assistência Farmacêutica; Assistencia Farmaceutica -F. Básica; Arrecadações; FUNDO MUNICIPAL DE SAUDE; FUNDO MUNICIPAL DE SAUDE; FUNDO MUNICIPAL DE SAUDE; R$ 0,00; R$ 0,00; R$ 0,00; R$ 0,00; R$ 5.398,01; R$ 43.184,08; R$ 0,00; 0.0
 17235001020000; Cofinanciamento PSF; Receitas Correntes; Transferências Correntes; Transferências dos Estados e do Distrito Federal e de suas Entidades; Transferências de Recursos do Sistema Único de Saúde – SUS - Principal; Transferências de Recursos do Sistema Único de Saúde – SUS; Transferências de Recursos do Sistema Único de Saúde – SUS; ; Transferências de Recursos do Sistema Único de Saúde – SUS; Transferências de Recursos do Sistema Único de Saúde – SUS; Não se aplica; Cofinanciamento PSF; Arrecadações; FUNDO MUNICIPAL DE SAUDE; FUNDO MUNICIPAL DE SAUDE; FUNDO MUNICIPAL DE SAUDE; R$ 0,00; R$ 0,00; R$ 0,00; R$ 0,00; R$ 28.800,00; R$ 200.406,36; R$ 0,00; 0.0
 17235001020000; Cofinanciamento PSF; Receitas Correntes; Transferências Correntes; Transferências dos Estados e do Distrito Federal e de suas Entidades; Transferências de Recursos do Sistema Único de Saúde – SUS - Principal; Transferências de Recursos do Sistema Único de Saúde – SUS; Transferências de Recursos do Sistema Único de Saúde – SUS; ; Transferências de Recursos do Sistema Único de Saúde – SUS; Transferências de Recursos do Sistema Único de Saúde – SUS; Não se aplica; Cofinanciamento PSF; Arrecadações; FUNDO MUNICIPAL DE SAUDE; FUNDO MUNICIPAL DE SAUDE; FUNDO MUNICIPAL DE SAUDE; R$ 0,00; R$ 0,00; R$ 0,00; R$ 0,00; R$ 19.800,00; R$ 220.206,36; R$ 0,00; 0.0
 17135041010000; Assistencia Farmaceutica -F. Básica; Receitas Correntes; Transferências Correntes; Transferências da União e de suas Entidades; Transferências de Recursos do Bloco de Manutenção das Ações e Serviços Públicos de Saúde – Assistência Farmacêutica - Principal; Transferências de Recursos do Sistema Único de Saúde – SUS; Transferências de Recursos do Sistema Único de Saúde – SUS – Repasses Fundo a Fundo - Bloco de Manutenção das Ações e Serviços Públicos de Saúde; Transferências de Recursos do Bloco de Manutenção das Ações e Serviços Públicos de Saúde – Assistência Farmacêutica; Transferências de Recursos do Sistema Único de Saúde – SUS; Transferências de Recursos do Sistema Único de Saúde – SUS – Repasses Fundo a Fundo - Bloco de Manutenção das Ações e Serviços Públicos de Saúde; Transferências de Recursos do Bloco de Manutenção das Ações e Serviços Públicos de Saúde – Assistência Farmacêutica; Assistencia Farmaceutica -F. Básica; Arrecadações; FUNDO MUNICIPAL DE SAUDE; FUNDO MUNICIPAL DE SAUDE; FUNDO MUNICIPAL DE SAUDE; R$ 0,00; R$ 0,00; R$ 0,00; R$ 0,00; R$ 5.398,01; R$ 48.582,09; R$ 0,00; 0.0
 17135041010000; Assistencia Farmaceutica -F. Básica; Receitas Correntes; Transferências Correntes; Transferências da União e de suas Entidades; Transferências de Recursos do Bloco de Manutenção das Ações e Serviços Públicos de Saúde – Assistência Farmacêutica - Principal; Transferências de Recursos do Sistema Único de Saúde – SUS; Transferências de Recursos do Sistema Único de Saúde – SUS – Repasses Fundo a Fundo - Bloco de Manutenção das Ações e Serviços Públicos de Saúde; Transferências de Recursos do Bloco de Manutenção das Ações e Serviços Públicos de Saúde – Assistência Farmacêutica; Transferências de Recursos do Sistema Único de Saúde – SUS; Transferências de Recursos do Sistema Único de Saúde – SUS – Repasses Fundo a Fundo - Bloco de Manutenção das Ações e Serviços Públicos de Saúde; Transferências de Recursos do Bloco de Manutenção das Ações e Serviços Públicos de Saúde – Assistência Farmacêutica; Assistencia Farmaceutica -F. Básica; Arrecadações; FUNDO MUNICIPAL DE SAUDE; FUNDO MUNICIPAL DE SAUDE; FUNDO MUNICIPAL DE SAUDE; R$ 0,00; R$ 0,00; R$ 0,00; R$ 0,00; R$ 11.398,01; R$ 59.980,10; R$ 0,00; 0.0
 17235001020000; Cofinanciamento PSF; Receitas Correntes; Transferências Correntes; Transferências dos Estados e do Distrito Federal e de suas Entidades; Transferências de Recursos do Sistema Único de Saúde – SUS - Principal; Transferências de Recursos do Sistema Único de Saúde – SUS; Transferências de Recursos do Sistema Único de Saúde – SUS; ; Transferências de Recursos do Sistema Único de Saúde – SUS; Transferências de Recursos do Sistema Único de Saúde – SUS; Não se aplica; Cofinanciamento PSF; Arrecadações; FUNDO MUNICIPAL DE SAUDE; FUNDO MUNICIPAL DE SAUDE; FUNDO MUNICIPAL DE SAUDE; R$ 0,00; R$ 0,00; R$ 0,00; R$ 0,00; R$ 19.800,00; R$ 240.006,36; R$ 0,00; 0.0
 17135041010000; Assistencia Farmaceutica -F. Básica; Receitas Correntes; Transferências Correntes; Transferências da União e de suas Entidades; Transferências de Recursos do Bloco de Manutenção das Ações e Serviços Públicos de Saúde – Assistência Farmacêutica - Principal; Transferências de Recursos do Sistema Único de Saúde – SUS; Transferências de Recursos do Sistema Único de Saúde – SUS – Repasses Fundo a Fundo - Bloco de Manutenção das Ações e Serviços Públicos de Saúde; Transferências de Recursos do Bloco de Manutenção das Ações e Serviços Públicos de Saúde – Assistência Farmacêutica; Transferências de Recursos do Sistema Único de Saúde – SUS; Transferências de Recursos do Sistema Único de Saúde – SUS – Repasses Fundo a Fundo - Bloco de Manutenção das Ações e Serviços Públicos de Saúde; Transferências de Recursos do Bloco de Manutenção das Ações e Serviços Públicos de Saúde – Assistência Farmacêutica; Assistencia Farmaceutica -F. Básica; Arrecadações; FUNDO MUNICIPAL DE SAUDE; FUNDO MUNICIPAL DE SAUDE; FUNDO MUNICIPAL DE SAUDE; R$ 0,00; R$ 0,00; R$ 0,00; R$ 0,00; R$ 9.531,98; R$ 69.512,08; R$ 0,00; 0.0
 17235001020000; Cofinanciamento PSF; Receitas Correntes; Transferências Correntes; Transferências dos Estados e do Distrito Federal e de suas Entidades; Transferências de Recursos do Sistema Único de Saúde – SUS - Principal; Transferências de Recursos do Sistema Único de Saúde – SUS; Transferências de Recursos do Sistema Único de Saúde – SUS; ; Transferências de Recursos do Sistema Único de Saúde – SUS; Transferências de Recursos do Sistema Único de Saúde – SUS; Não se aplica; Cofinanciamento PSF; Arrecadações; FUNDO MUNICIPAL DE SAUDE; FUNDO MUNICIPAL DE SAUDE; FUNDO MUNICIPAL DE SAUDE; R$ 0,00; R$ 0,00; R$ 0,00; R$ 0,00; R$ 19.800,00; R$ 259.806,36; R$ 0,00; 0.0
 17135041010000; Assistencia Farmaceutica -F. Básica; Receitas Correntes; Transferências Correntes; Transferências da União e de suas Entidades; Transferências de Recursos do Bloco de Manutenção das Ações e Serviços Públicos de Saúde – Assistência Farmacêutica - Principal; Transferências de Recursos do Sistema Único de Saúde – SUS; Transferências de Recursos do Sistema Único de Saúde – SUS – Repasses Fundo a Fundo - Bloco de Manutenção das Ações e Serviços Públicos de Saúde; Transferências de Recursos do Bloco de Manutenção das Ações e Serviços Públicos de Saúde – Assistência Farmacêutica; Transferências de Recursos do Sistema Único de Saúde – SUS; Transferências de Recursos do Sistema Único de Saúde – SUS – Repasses Fundo a Fundo - Bloco de Manutenção das Ações e Serviços Públicos de Saúde; Transferências de Recursos do Bloco de Manutenção das Ações e Serviços Públicos de Saúde – Assistência Farmacêutica; Assistencia Farmaceutica -F. Básica; Arrecadações; FUNDO MUNICIPAL DE SAUDE; FUNDO MUNICIPAL DE SAUDE; FUNDO MUNICIPAL DE SAUDE; R$ 0,00; R$ 0,00; R$ 0,00; R$ 0,00; R$ 50.871,68; R$ 120.383,76; R$ 0,00; 0.0
 17235001020000; Cofinanciamento PSF; Receitas Correntes; Transferências Correntes; Transferências dos Estados e do Distrito Federal e de suas Entidades; Transferências de Recursos do Sistema Único de Saúde – SUS - Principal; Transferências de Recursos do Sistema Único de Saúde – SUS; Transferências de Recursos do Sistema Único de Saúde – SUS; ; Transferências de Recursos do Sistema Único de Saúde – SUS; Transferências de Recursos do Sistema Único de Saúde – SUS; Não se aplica; Cofinanciamento PSF; Arrecadações; FUNDO MUNICIPAL DE SAUDE; FUNDO MUNICIPAL DE SAUDE; FUNDO MUNICIPAL DE SAUDE; R$ 0,00; R$ 0,00; R$ 0,00; R$ 0,00; R$ 19.800,00; R$ 279.606,36; R$ 0,00; 0.0
 17235001010000; Farmácia Básica; Receitas Correntes; Transferências Correntes; Transferências dos Estados e do Distrito Federal e de suas Entidades; Transferências de Recursos do Sistema Único de Saúde – SUS - Principal; Transferências de Recursos do Sistema Único de Saúde – SUS; Transferências de Recursos do Sistema Único de Saúde – SUS; ; Transferências de Recursos do Sistema Único de Saúde – SUS; Transferências de Recursos do Sistema Único de Saúde – SUS; Não se aplica; Farmácia Básica; Arrecadações; FUNDO MUNICIPAL DE SAUDE; FUNDO MUNICIPAL DE SAUDE; FUNDO MUNICIPAL DE SAUDE; R$ 0,00; R$ 0,00; R$ 0,00; R$ 0,00; R$ 11.234,24; R$ 11.234,24; R$ 0,00; 0.0
 17235001030000; Transf. Rec. Est. p/Prog.Saúde NASF; Receitas Correntes; Transferências Correntes; Transferências dos Estados e do Distrito Federal e de suas Entidades; Transferências de Recursos do Sistema Único de Saúde – SUS - Principal; Transferências de Recursos do Sistema Único de Saúde – SUS; Transferências de Recursos do Sistema Único de Saúde – SUS; ; Transferências de Recursos do Sistema Único de Saúde – SUS; Transferências de Recursos do Sistema Único de Saúde – SUS; Não se aplica; Transf. Rec. Est. p/Prog.Saúde NASF; Arrecadações; FUNDO MUNICIPAL DE SAUDE; FUNDO MUNICIPAL DE SAUDE; FUNDO MUNICIPAL DE SAUDE; R$ 0,00; R$ 0,00; R$ 0,00; R$ 0,00; R$ 2.279,06; R$ 2.279,06; R$ 0,00; 0.0
 17235001030000; Transf. Rec. Est. p/Prog.Saúde NASF; Receitas Correntes; Transferências Correntes; Transferências dos Estados e do Distrito Federal e de suas Entidades; Transferências de Recursos do Sistema Único de Saúde – SUS - Principal; Transferências de Recursos do Sistema Único de Saúde – SUS; Transferências de Recursos do Sistema Único de Saúde – SUS; ; Transferências de Recursos do Sistema Único de Saúde – SUS; Transferências de Recursos do Sistema Único de Saúde – SUS; Não se aplica; Transf. Rec. Est. p/Prog.Saúde NASF; Arrecadações; FUNDO MUNICIPAL DE SAUDE; FUNDO MUNICIPAL DE SAUDE; FUNDO MUNICIPAL DE SAUDE; R$ 0,00; R$ 0,00; R$ 0,00; R$ 0,00; R$ 2.279,06; R$ 4.558,12; R$ 0,00; 0.0
 17235001010000; Farmácia Básica; Receitas Correntes; Transferências Correntes; Transferências dos Estados e do Distrito Federal e de suas Entidades; Transferências de Recursos do Sistema Único de Saúde – SUS - Principal; Transferências de Recursos do Sistema Único de Saúde – SUS; Transferências de Recursos do Sistema Único de Saúde – SUS; ; Transferências de Recursos do Sistema Único de Saúde – SUS; Transferências de Recursos do Sistema Único de Saúde – SUS; Não se aplica; Farmácia Básica; Arrecadações; FUNDO MUNICIPAL DE SAUDE; FUNDO MUNICIPAL DE SAUDE; FUNDO MUNICIPAL DE SAUDE; R$ 0,00; R$ 0,00; R$ 0,00; R$ 0,00; R$ 7.117,12; R$ 18.351,36; R$ 0,00; 0.0
 17235001030000; Transf. Rec. Est. p/Prog.Saúde NASF; Receitas Correntes; Transferências Correntes; Transferências dos Estados e do Distrito Federal e de suas Entidades; Transferências de Recursos do Sistema Único de Saúde – SUS - Principal; Transferências de Recursos do Sistema Único de Saúde – SUS; Transferências de Recursos do Sistema Único de Saúde – SUS; ; Transferências de Recursos do Sistema Único de Saúde – SUS; Transferências de Recursos do Sistema Único de Saúde – SUS; Não se aplica; Transf. Rec. Est. p/Prog.Saúde NASF; Arrecadações; FUNDO MUNICIPAL DE SAUDE; FUNDO MUNICIPAL DE SAUDE; FUNDO MUNICIPAL DE SAUDE; R$ 0,00; R$ 0,00; R$ 0,00; R$ 0,00; R$ 2.279,06; R$ 6.837,18; R$ 0,00; 0.0
 17235001010000; Farmácia Básica; Receitas Correntes; Transferências Correntes; Transferências dos Estados e do Distrito Federal e de suas Entidades; Transferências de Recursos do Sistema Único de Saúde – SUS - Principal; Transferências de Recursos do Sistema Único de Saúde – SUS; Transferências de Recursos do Sistema Único de Saúde – SUS; ; Transferências de Recursos do Sistema Único de Saúde – SUS; Transferências de Recursos do Sistema Único de Saúde – SUS; Não se aplica; Farmácia Básica; Arrecadações; FUNDO MUNICIPAL DE SAUDE; FUNDO MUNICIPAL DE SAUDE; FUNDO MUNICIPAL DE SAUDE; R$ 0,00; R$ 0,00; R$ 0,00; R$ 0,00; R$ 7.117,12; R$ 25.468,48; R$ 0,00; 0.0
 17235001030000; Transf. Rec. Est. p/Prog.Saúde NASF; Receitas Correntes; Transferências Correntes; Transferências dos Estados e do Distrito Federal e de suas Entidades; Transferências de Recursos do Sistema Único de Saúde – SUS - Principal; Transferências de Recursos do Sistema Único de Saúde – SUS; Transferências de Recursos do Sistema Único de Saúde – SUS; ; Transferências de Recursos do Sistema Único de Saúde – SUS; Transferências de Recursos do Sistema Único de Saúde – SUS; Não se aplica; Transf. Rec. Est. p/Prog.Saúde NASF; Arrecadações; FUNDO MUNICIPAL DE SAUDE; FUNDO MUNICIPAL DE SAUDE; FUNDO MUNICIPAL DE SAUDE; R$ 0,00; R$ 0,00; R$ 0,00; R$ 0,00; R$ 2.279,06; R$ 9.116,24; R$ 0,00; 0.0
 17235001010000; Farmácia Básica; Receitas Correntes; Transferências Correntes; Transferências dos Estados e do Distrito Federal e de suas Entidades; Transferências de Recursos do Sistema Único de Saúde – SUS - Principal; Transferências de Recursos do Sistema Único de Saúde – SUS; Transferências de Recursos do Sistema Único de Saúde – SUS; ; Transferências de Recursos do Sistema Único de Saúde – SUS; Transferências de Recursos do Sistema Único de Saúde – SUS; Não se aplica; Farmácia Básica; Arrecadações; FUNDO MUNICIPAL DE SAUDE; FUNDO MUNICIPAL DE SAUDE; FUNDO MUNICIPAL DE SAUDE; R$ 0,00; R$ 0,00; R$ 0,00; R$ 0,00; R$ 7.117,12; R$ 32.585,60; R$ 0,00; 0.0
 17235001030000; Transf. Rec. Est. p/Prog.Saúde NASF; Receitas Correntes; Transferências Correntes; Transferências dos Estados e do Distrito Federal e de suas Entidades; Transferências de Recursos do Sistema Único de Saúde – SUS - Principal; Transferências de Recursos do Sistema Único de Saúde – SUS; Transferências de Recursos do Sistema Único de Saúde – SUS; ; Transferências de Recursos do Sistema Único de Saúde – SUS; Transferências de Recursos do Sistema Único de Saúde – SUS; Não se aplica; Transf. Rec. Est. p/Prog.Saúde NASF; Arrecadações; FUNDO MUNICIPAL DE SAUDE; FUNDO MUNICIPAL DE SAUDE; FUNDO MUNICIPAL DE SAUDE; R$ 0,00; R$ 0,00; R$ 0,00; R$ 0,00; R$ 2.279,06; R$ 11.395,30; R$ 0,00; 0.0
 17235001010000; Farmácia Básica; Receitas Correntes; Transferências Correntes; Transferências dos Estados e do Distrito Federal e de suas Entidades; Transferências de Recursos do Sistema Único de Saúde – SUS - Principal; Transferências de Recursos do Sistema Único de Saúde – SUS; Transferências de Recursos do Sistema Único de Saúde – SUS; ; Transferências de Recursos do Sistema Único de Saúde – SUS; Transferências de Recursos do Sistema Único de Saúde – SUS; Não se aplica; Farmácia Básica; Arrecadações; FUNDO MUNICIPAL DE SAUDE; FUNDO MUNICIPAL DE SAUDE; FUNDO MUNICIPAL DE SAUDE; R$ 0,00; R$ 0,00; R$ 0,00; R$ 0,00; R$ 7.117,12; R$ 39.702,72; R$ 0,00; 0.0
 17235001010000; Farmácia Básica; Receitas Correntes; Transferências Correntes; Transferências dos Estados e do Distrito Federal e de suas Entidades; Transferências de Recursos do Sistema Único de Saúde – SUS - Principal; Transferências de Recursos do Sistema Único de Saúde – SUS; Transferências de Recursos do Sistema Único de Saúde – SUS; ; Transferências de Recursos do Sistema Único de Saúde – SUS; Transferências de Recursos do Sistema Único de Saúde – SUS; Não se aplica; Farmácia Básica; Arrecadações; FUNDO MUNICIPAL DE SAUDE; FUNDO MUNICIPAL DE SAUDE; FUNDO MUNICIPAL DE SAUDE; R$ 0,00; R$ 0,00; R$ 0,00; R$ 0,00; R$ 7.117,12; R$ 46.819,84; R$ 0,00; 0.0
 17235001030000; Transf. Rec. Est. p/Prog.Saúde NASF; Receitas Correntes; Transferências Correntes; Transferências dos Estados e do Distrito Federal e de suas Entidades; Transferências de Recursos do Sistema Único de Saúde – SUS - Principal; Transferências de Recursos do Sistema Único de Saúde – SUS; Transferências de Recursos do Sistema Único de Saúde – SUS; ; Transferências de Recursos do Sistema Único de Saúde – SUS; Transferências de Recursos do Sistema Único de Saúde – SUS; Não se aplica; Transf. Rec. Est. p/Prog.Saúde NASF; Arrecadações; FUNDO MUNICIPAL DE SAUDE; FUNDO MUNICIPAL DE SAUDE; FUNDO MUNICIPAL DE SAUDE; R$ 0,00; R$ 0,00; R$ 0,00; R$ 0,00; R$ 2.279,06; R$ 13.674,36; R$ 0,00; 0.0
 17235001030000; Transf. Rec. Est. p/Prog.Saúde NASF; Receitas Correntes; Transferências Correntes; Transferências dos Estados e do Distrito Federal e de suas Entidades; Transferências de Recursos do Sistema Único de Saúde – SUS - Principal; Transferências de Recursos do Sistema Único de Saúde – SUS; Transferências de Recursos do Sistema Único de Saúde – SUS; ; Transferências de Recursos do Sistema Único de Saúde – SUS; Transferências de Recursos do Sistema Único de Saúde – SUS; Não se aplica; Transf. Rec. Est. p/Prog.Saúde NASF; Arrecadações; FUNDO MUNICIPAL DE SAUDE; FUNDO MUNICIPAL DE SAUDE; FUNDO MUNICIPAL DE SAUDE; R$ 0,00; R$ 0,00; R$ 0,00; R$ 0,00; R$ 2.279,06; R$ 15.953,42; R$ 0,00; 0.0
 17235001010000; Farmácia Básica; Receitas Correntes; Transferências Correntes; Transferências dos Estados e do Distrito Federal e de suas Entidades; Transferências de Recursos do Sistema Único de Saúde – SUS - Principal; Transferências de Recursos do Sistema Único de Saúde – SUS; Transferências de Recursos do Sistema Único de Saúde – SUS; ; Transferências de Recursos do Sistema Único de Saúde – SUS; Transferências de Recursos do Sistema Único de Saúde – SUS; Não se aplica; Farmácia Básica; Arrecadações; FUNDO MUNICIPAL DE SAUDE; FUNDO MUNICIPAL DE SAUDE; FUNDO MUNICIPAL DE SAUDE; R$ 0,00; R$ 0,00; R$ 0,00; R$ 0,00; R$ 7.117,12; R$ 53.936,96; R$ 0,00; 0.0
 17235001030000; Transf. Rec. Est. p/Prog.Saúde NASF; Receitas Correntes; Transferências Correntes; Transferências dos Estados e do Distrito Federal e de suas Entidades; Transferências de Recursos do Sistema Único de Saúde – SUS - Principal; Transferências de Recursos do Sistema Único de Saúde – SUS; Transferências de Recursos do Sistema Único de Saúde – SUS; ; Transferências de Recursos do Sistema Único de Saúde – SUS; Transferências de Recursos do Sistema Único de Saúde – SUS; Não se aplica; Transf. Rec. Est. p/Prog.Saúde NASF; Arrecadações; FUNDO MUNICIPAL DE SAUDE; FUNDO MUNICIPAL DE SAUDE; FUNDO MUNICIPAL DE SAUDE; R$ 0,00; R$ 0,00; R$ 0,00; R$ 0,00; R$ 15.279,06; R$ 31.232,48; R$ 0,00; 0.0
 17235001010000; Farmácia Básica; Receitas Correntes; Transferências Correntes; Transferências dos Estados e do Distrito Federal e de suas Entidades; Transferências de Recursos do Sistema Único de Saúde – SUS - Principal; Transferências de Recursos do Sistema Único de Saúde – SUS; Transferências de Recursos do Sistema Único de Saúde – SUS; ; Transferências de Recursos do Sistema Único de Saúde – SUS; Transferências de Recursos do Sistema Único de Saúde – SUS; Não se aplica; Farmácia Básica; Arrecadações; FUNDO MUNICIPAL DE SAUDE; FUNDO MUNICIPAL DE SAUDE; FUNDO MUNICIPAL DE SAUDE; R$ 0,00; R$ 0,00; R$ 0,00; R$ 0,00; R$ 4.117,12; R$ 58.054,08; R$ 0,00; 0.0
 17235001030000; Transf. Rec. Est. p/Prog.Saúde NASF; Receitas Correntes; Transferências Correntes; Transferências dos Estados e do Distrito Federal e de suas Entidades; Transferências de Recursos do Sistema Único de Saúde – SUS - Principal; Transferências de Recursos do Sistema Único de Saúde – SUS; Transferências de Recursos do Sistema Único de Saúde – SUS; ; Transferências de Recursos do Sistema Único de Saúde – SUS; Transferências de Recursos do Sistema Único de Saúde – SUS; Não se aplica; Transf. Rec. Est. p/Prog.Saúde NASF; Arrecadações; FUNDO MUNICIPAL DE SAUDE; FUNDO MUNICIPAL DE SAUDE; FUNDO MUNICIPAL DE SAUDE; R$ 0,00; R$ 0,00; R$ 0,00; R$ 0,00; R$ 15.279,06; R$ 46.511,54; R$ 0,00; 0.0
 17235001010000; Farmácia Básica; Receitas Correntes; Transferências Correntes; Transferências dos Estados e do Distrito Federal e de suas Entidades; Transferências de Recursos do Sistema Único de Saúde – SUS - Principal; Transferências de Recursos do Sistema Único de Saúde – SUS; Transferências de Recursos do Sistema Único de Saúde – SUS; ; Transferências de Recursos do Sistema Único de Saúde – SUS; Transferências de Recursos do Sistema Único de Saúde – SUS; Não se aplica; Farmácia Básica; Arrecadações; FUNDO MUNICIPAL DE SAUDE; FUNDO MUNICIPAL DE SAUDE; FUNDO MUNICIPAL DE SAUDE; R$ 0,00; R$ 0,00; R$ 0,00; R$ 0,00; R$ 4.117,12; R$ 62.171,20; R$ 0,00; 0.0
 17235001010000; Farmácia Básica; Receitas Correntes; Transferências Correntes; Transferências dos Estados e do Distrito Federal e de suas Entidades; Transferências de Recursos do Sistema Único de Saúde – SUS - Principal; Transferências de Recursos do Sistema Único de Saúde – SUS; Transferências de Recursos do Sistema Único de Saúde – SUS; ; Transferências de Recursos do Sistema Único de Saúde – SUS; Transferências de Recursos do Sistema Único de Saúde – SUS; Não se aplica; Farmácia Básica; Arrecadações; FUNDO MUNICIPAL DE SAUDE; FUNDO MUNICIPAL DE SAUDE; FUNDO MUNICIPAL DE SAUDE; R$ 0,00; R$ 0,00; R$ 0,00; R$ 0,00; R$ 4.117,12; R$ 66.288,32; R$ 0,00; 0.0
 17235001030000; Transf. Rec. Est. p/Prog.Saúde NASF; Receitas Correntes; Transferências Correntes; Transferências dos Estados e do Distrito Federal e de suas Entidades; Transferências de Recursos do Sistema Único de Saúde – SUS - Principal; Transferências de Recursos do Sistema Único de Saúde – SUS; Transferências de Recursos do Sistema Único de Saúde – SUS; ; Transferências de Recursos do Sistema Único de Saúde – SUS; Transferências de Recursos do Sistema Único de Saúde – SUS; Não se aplica; Transf. Rec. Est. p/Prog.Saúde NASF; Arrecadações; FUNDO MUNICIPAL DE SAUDE; FUNDO MUNICIPAL DE SAUDE; FUNDO MUNICIPAL DE SAUDE; R$ 0,00; R$ 0,00; R$ 0,00; R$ 0,00; R$ 15.279,06; R$ 61.790,60; R$ 0,00; 0.0
 17235001030000; Transf. Rec. Est. p/Prog.Saúde NASF; Receitas Correntes; Transferências Correntes; Transferências dos Estados e do Distrito Federal e de suas Entidades; Transferências de Recursos do Sistema Único de Saúde – SUS - Principal; Transferências de Recursos do Sistema Único de Saúde – SUS; Transferências de Recursos do Sistema Único de Saúde – SUS; ; Transferências de Recursos do Sistema Único de Saúde – SUS; Transferências de Recursos do Sistema Único de Saúde – SUS; Não se aplica; Transf. Rec. Est. p/Prog.Saúde NASF; Arrecadações; FUNDO MUNICIPAL DE SAUDE; FUNDO MUNICIPAL DE SAUDE; FUNDO MUNICIPAL DE SAUDE; R$ 0,00; R$ 0,00; R$ 0,00; R$ 0,00; R$ 15.279,06; R$ 77.069,66; R$ 0,00; 0.0
 17235001010000; Farmácia Básica; Receitas Correntes; Transferências Correntes; Transferências dos Estados e do Distrito Federal e de suas Entidades; Transferências de Recursos do Sistema Único de Saúde – SUS - Principal; Transferências de Recursos do Sistema Único de Saúde – SUS; Transferências de Recursos do Sistema Único de Saúde – SUS; ; Transferências de Recursos do Sistema Único de Saúde – SUS; Transferências de Recursos do Sistema Único de Saúde – SUS; Não se aplica; Farmácia Básica; Arrecadações; FUNDO MUNICIPAL DE SAUDE; FUNDO MUNICIPAL DE SAUDE; FUNDO MUNICIPAL DE SAUDE; R$ 0,00; R$ 0,00; R$ 0,00; R$ 0,00; R$ 4.117,12; R$ 70.405,44; R$ 0,00; 0.0
 13210101010310; Remun. de Dep.Banc.de Rec. AB Estruturação da Rede de Serviços; Receitas Correntes; Receita Patrimonial; Valores Mobiliários; Remuneração de Depósitos Bancários - Principal; Juros e Correções Monetárias; Remuneração de Depósitos Bancários; ; Juros e Correções Monetárias; Remuneração de Depósitos Bancários; Não se aplica; Remun. de Dep.Banc.de Rec. AB Estruturação da Rede de Serviços; Arrecadações; FUNDO MUNICIPAL DE SAUDE; FUNDO MUNICIPAL DE SAUDE; FUNDO MUNICIPAL DE SAUDE; R$ 0,00; R$ 0,00; R$ 0,00; R$ 0,00; R$ 6,28; R$ 56,76; R$ 0,00; 0.0
 13210101010307; Remun.de Dep.Banc.de Rec.Vinc.SUS/Prog. Estrut.Rede Serv. de Atenção Básica; Receitas Correntes; Receita Patrimonial; Valores Mobiliários; Remuneração de Depósitos Bancários - Principal; Juros e Correções Monetárias; Remuneração de Depósitos Bancários; ; Juros e Correções Monetárias; Remuneração de Depósitos Bancários; Não se aplica; Remun.de Dep.Banc.de Rec.Vinc.SUS/Prog. Estrut.Rede Serv. de Atenção Básica; Arrecadações; FUNDO MUNICIPAL DE SAUDE; FUNDO MUNICIPAL DE SAUDE; FUNDO MUNICIPAL DE SAUDE; R$ 0,00; R$ 0,00; R$ 0,00; R$ 0,00; R$ 2,09; R$ 17,87; R$ 0,00; 0.0
 13210101010312; Remun. de Dep. Banc.Vinc./Piso Enfermagem; Receitas Correntes; Receita Patrimonial; Valores Mobiliários; Remuneração de Depósitos Bancários - Principal; Juros e Correções Monetárias; Remuneração de Depósitos Bancários; ; Juros e Correções Monetárias; Remuneração de Depósitos Bancários; Não se aplica; Remun. de Dep. Banc.Vinc./Piso Enfermagem; Arrecadações; FUNDO MUNICIPAL DE SAUDE; FUNDO MUNICIPAL DE SAUDE; FUNDO MUNICIPAL DE SAUDE; R$ 0,00; R$ 0,00; R$ 0,00; R$ 0,00; R$ 78,12; R$ 1.211,80; R$ 0,00; 0.0
 13210101010313; Remun. de Dep. Banc. Impositiva Genérica Saúde; Receitas Correntes; Receita Patrimonial; Valores Mobiliários; Remuneração de Depósitos Bancários - Principal; Juros e Correções Monetárias; Remuneração de Depósitos Bancários; ; Juros e Correções Monetárias; Remuneração de Depósitos Bancários; Não se aplica; Remun. de Dep. Banc. Impositiva Genérica Saúde; Arrecadações; FUNDO MUNICIPAL DE SAUDE; FUNDO MUNICIPAL DE SAUDE; FUNDO MUNICIPAL DE SAUDE; R$ 0,00; R$ 0,00; R$ 0,00; R$ 0,00; R$ 32,11; R$ 4.004,54; R$ 0,00; 0.0
 13210101010310; Remun. de Dep.Banc.de Rec. AB Estruturação da Rede de Serviços; Receitas Correntes; Receita Patrimonial; Valores Mobiliários; Remuneração de Depósitos Bancários - Principal; Juros e Correções Monetárias; Remuneração de Depósitos Bancários; ; Juros e Correções Monetárias; Remuneração de Depósitos Bancários; Não se aplica; Remun. de Dep.Banc.de Rec. AB Estruturação da Rede de Serviços; Arrecadações; FUNDO MUNICIPAL DE SAUDE; FUNDO MUNICIPAL DE SAUDE; FUNDO MUNICIPAL DE SAUDE; R$ 0,00; R$ 0,00; R$ 0,00; R$ 0,00; R$ 7,07; R$ 63,83; R$ 0,00; 0.0
 13210101010302; Rec. de Remun. Dep. Banc./Vinculados - Saude/SUS PAB; Receitas Correntes; Receita Patrimonial; Valores Mobiliários; Remuneração de Depósitos Bancários - Principal; Juros e Correções Monetárias; Remuneração de Depósitos Bancários; ; Juros e Correções Monetárias; Remuneração de Depósitos Bancários; Não se aplica; Rec. de Remun. Dep. Banc./Vinculados - Saude/SUS PAB; Arrecadações; FUNDO MUNICIPAL DE SAUDE; FUNDO MUNICIPAL DE SAUDE; FUNDO MUNICIPAL DE SAUDE; R$ 0,00; R$ 0,00; R$ 0,00; R$ 0,00; R$ 1.725,32; R$ 22.375,55; R$ 0,00; 0.0
 13210101010313; Remun. de Dep. Banc. Impositiva Genérica Saúde; Receitas Correntes; Receita Patrimonial; Valores Mobiliários; Remuneração de Depósitos Bancários - Principal; Juros e Correções Monetárias; Remuneração de Depósitos Bancários; ; Juros e Correções Monetárias; Remuneração de Depósitos Bancários; Não se aplica; Remun. de Dep. Banc. Impositiva Genérica Saúde; Arrecadações; FUNDO MUNICIPAL DE SAUDE; FUNDO MUNICIPAL DE SAUDE; FUNDO MUNICIPAL DE SAUDE; R$ 0,00; R$ 0,00; R$ 0,00; R$ 0,00; R$ 36,24; R$ 4.040,78; R$ 0,00; 0.0
 13210101010312; Remun. de Dep. Banc.Vinc./Piso Enfermagem; Receitas Correntes; Receita Patrimonial; Valores Mobiliários; Remuneração de Depósitos Bancários - Principal; Juros e Correções Monetárias; Remuneração de Depósitos Bancários; ; Juros e Correções Monetárias; Remuneração de Depósitos Bancários; Não se aplica; Remun. de Dep. Banc.Vinc./Piso Enfermagem; Arrecadações; FUNDO MUNICIPAL DE SAUDE; FUNDO MUNICIPAL DE SAUDE; FUNDO MUNICIPAL DE SAUDE; R$ 0,00; R$ 0,00; R$ 0,00; R$ 0,00; R$ 141,45; R$ 1.353,25; R$ 0,00; 0.0
 13210101010307; Remun.de Dep.Banc.de Rec.Vinc.SUS/Prog. Estrut.Rede Serv. de Atenção Básica; Receitas Correntes; Receita Patrimonial; Valores Mobiliários; Remuneração de Depósitos Bancários - Principal; Juros e Correções Monetárias; Remuneração de Depósitos Bancários; ; Juros e Correções Monetárias; Remuneração de Depósitos Bancários; Não se aplica; Remun.de Dep.Banc.de Rec.Vinc.SUS/Prog. Estrut.Rede Serv. de Atenção Básica; Arrecadações; FUNDO MUNICIPAL DE SAUDE; FUNDO MUNICIPAL DE SAUDE; FUNDO MUNICIPAL DE SAUDE; R$ 0,00; R$ 0,00; R$ 0,00; R$ 0,00; R$ 2,34; R$ 20,21; R$ 0,00; 0.0
 13210101010302; Rec. de Remun. Dep. Banc./Vinculados - Saude/SUS PAB; Receitas Correntes; Receita Patrimonial; Valores Mobiliários; Remuneração de Depósitos Bancários - Principal; Juros e Correções Monetárias; Remuneração de Depósitos Bancários; ; Juros e Correções Monetárias; Remuneração de Depósitos Bancários; Não se aplica; Rec. de Remun. Dep. Banc./Vinculados - Saude/SUS PAB; Arrecadações; FUNDO MUNICIPAL DE SAUDE; FUNDO MUNICIPAL DE SAUDE; FUNDO MUNICIPAL DE SAUDE; R$ 0,00; R$ 0,00; R$ 0,00; R$ 0,00; R$ 1.604,14; R$ 23.979,69; R$ 0,00; 0.0
 13210101010312; Remun. de Dep. Banc.Vinc./Piso Enfermagem; Receitas Correntes; Receita Patrimonial; Valores Mobiliários; Remuneração de Depósitos Bancários - Principal; Juros e Correções Monetárias; Remuneração de Depósitos Bancários; ; Juros e Correções Monetárias; Remuneração de Depósitos Bancários; Não se aplica; Remun. de Dep. Banc.Vinc./Piso Enfermagem; Arrecadações; FUNDO MUNICIPAL DE SAUDE; FUNDO MUNICIPAL DE SAUDE; FUNDO MUNICIPAL DE SAUDE; R$ 0,00; R$ 0,00; R$ 0,00; R$ 0,00; R$ 134,43; R$ 1.487,68; R$ 0,00; 0.0
 13210101010307; Remun.de Dep.Banc.de Rec.Vinc.SUS/Prog. Estrut.Rede Serv. de Atenção Básica; Receitas Correntes; Receita Patrimonial; Valores Mobiliários; Remuneração de Depósitos Bancários - Principal; Juros e Correções Monetárias; Remuneração de Depósitos Bancários; ; Juros e Correções Monetárias; Remuneração de Depósitos Bancários; Não se aplica; Remun.de Dep.Banc.de Rec.Vinc.SUS/Prog. Estrut.Rede Serv. de Atenção Básica; Arrecadações; FUNDO MUNICIPAL DE SAUDE; FUNDO MUNICIPAL DE SAUDE; FUNDO MUNICIPAL DE SAUDE; R$ 0,00; R$ 0,00; R$ 0,00; R$ 0,00; R$ 2,04; R$ 22,25; R$ 0,00; 0.0
 13210101010310; Remun. de Dep.Banc.de Rec. AB Estruturação da Rede de Serviços; Receitas Correntes; Receita Patrimonial; Valores Mobiliários; Remuneração de Depósitos Bancários - Principal; Juros e Correções Monetárias; Remuneração de Depósitos Bancários; ; Juros e Correções Monetárias; Remuneração de Depósitos Bancários; Não se aplica; Remun. de Dep.Banc.de Rec. AB Estruturação da Rede de Serviços; Arrecadações; FUNDO MUNICIPAL DE SAUDE; FUNDO MUNICIPAL DE SAUDE; FUNDO MUNICIPAL DE SAUDE; R$ 0,00; R$ 0,00; R$ 0,00; R$ 0,00; R$ 6,09; R$ 69,92; R$ 0,00; 0.0
 13210101010313; Remun. de Dep. Banc. Impositiva Genérica Saúde; Receitas Correntes; Receita Patrimonial; Valores Mobiliários; Remuneração de Depósitos Bancários - Principal; Juros e Correções Monetárias; Remuneração de Depósitos Bancários; ; Juros e Correções Monetárias; Remuneração de Depósitos Bancários; Não se aplica; Remun. de Dep. Banc. Impositiva Genérica Saúde; Arrecadações; FUNDO MUNICIPAL DE SAUDE; FUNDO MUNICIPAL DE SAUDE; FUNDO MUNICIPAL DE SAUDE; R$ 0,00; R$ 0,00; R$ 0,00; R$ 0,00; R$ 596,98; R$ 4.637,76; R$ 0,00; 0.0
 13210101010313; Remun. de Dep. Banc. Impositiva Genérica Saúde; Receitas Correntes; Receita Patrimonial; Valores Mobiliários; Remuneração de Depósitos Bancários - Principal; Juros e Correções Monetárias; Remuneração de Depósitos Bancários; ; Juros e Correções Monetárias; Remuneração de Depósitos Bancários; Não se aplica; Remun. de Dep. Banc. Impositiva Genérica Saúde; Arrecadações; FUNDO MUNICIPAL DE SAUDE; FUNDO MUNICIPAL DE SAUDE; FUNDO MUNICIPAL DE SAUDE; R$ 0,00; R$ 0,00; R$ 0,00; R$ 0,00; R$ 2.500,02; R$ 7.137,78; R$ 0,00; 0.0
 13210101010302; Rec. de Remun. Dep. Banc./Vinculados - Saude/SUS PAB; Receitas Correntes; Receita Patrimonial; Valores Mobiliários; Remuneração de Depósitos Bancários - Principal; Juros e Correções Monetárias; Remuneração de Depósitos Bancários; ; Juros e Correções Monetárias; Remuneração de Depósitos Bancários; Não se aplica; Rec. de Remun. Dep. Banc./Vinculados - Saude/SUS PAB; Arrecadações; FUNDO MUNICIPAL DE SAUDE; FUNDO MUNICIPAL DE SAUDE; FUNDO MUNICIPAL DE SAUDE; R$ 0,00; R$ 0,00; R$ 0,00; R$ 0,00; R$ 3.418,12; R$ 27.397,81; R$ 0,00; 0.0
 13210101010307; Remun.de Dep.Banc.de Rec.Vinc.SUS/Prog. Estrut.Rede Serv. de Atenção Básica; Receitas Correntes; Receita Patrimonial; Valores Mobiliários; Remuneração de Depósitos Bancários - Principal; Juros e Correções Monetárias; Remuneração de Depósitos Bancários; ; Juros e Correções Monetárias; Remuneração de Depósitos Bancários; Não se aplica; Remun.de Dep.Banc.de Rec.Vinc.SUS/Prog. Estrut.Rede Serv. de Atenção Básica; Arrecadações; FUNDO MUNICIPAL DE SAUDE; FUNDO MUNICIPAL DE SAUDE; FUNDO MUNICIPAL DE SAUDE; R$ 0,00; R$ 0,00; R$ 0,00; R$ 0,00; R$ 135,95; R$ 158,20; R$ 0,00; 0.0
 13210101010310; Remun. de Dep.Banc.de Rec. AB Estruturação da Rede de Serviços; Receitas Correntes; Receita Patrimonial; Valores Mobiliários; Remuneração de Depósitos Bancários - Principal; Juros e Correções Monetárias; Remuneração de Depósitos Bancários; ; Juros e Correções Monetárias; Remuneração de Depósitos Bancários; Não se aplica; Remun. de Dep.Banc.de Rec. AB Estruturação da Rede de Serviços; Arrecadações; FUNDO MUNICIPAL DE SAUDE; FUNDO MUNICIPAL DE SAUDE; FUNDO MUNICIPAL DE SAUDE; R$ 0,00; R$ 0,00; R$ 0,00; R$ 0,00; R$ 7,26; R$ 77,18; R$ 0,00; 0.0
 13210101010312; Remun. de Dep. Banc.Vinc./Piso Enfermagem; Receitas Correntes; Receita Patrimonial; Valores Mobiliários; Remuneração de Depósitos Bancários - Principal; Juros e Correções Monetárias; Remuneração de Depósitos Bancários; ; Juros e Correções Monetárias; Remuneração de Depósitos Bancários; Não se aplica; Remun. de Dep. Banc.Vinc./Piso Enfermagem; Arrecadações; FUNDO MUNICIPAL DE SAUDE; FUNDO MUNICIPAL DE SAUDE; FUNDO MUNICIPAL DE SAUDE; R$ 0,00; R$ 0,00; R$ 0,00; R$ 0,00; R$ 273,92; R$ 1.761,60; R$ 0,00; 0.0
 13210101010313; Remun. de Dep. Banc. Impositiva Genérica Saúde; Receitas Correntes; Receita Patrimonial; Valores Mobiliários; Remuneração de Depósitos Bancários - Principal; Juros e Correções Monetárias; Remuneração de Depósitos Bancários; ; Juros e Correções Monetárias; Remuneração de Depósitos Bancários; Não se aplica; Remun. de Dep. Banc. Impositiva Genérica Saúde; Arrecadações; FUNDO MUNICIPAL DE SAUDE; FUNDO MUNICIPAL DE SAUDE; FUNDO MUNICIPAL DE SAUDE; R$ 0,00; R$ 0,00; R$ 0,00; R$ 0,00; R$ 843,99; R$ 843,99; R$ 0,00; 0.0
 13210101010312; Remun. de Dep. Banc.Vinc./Piso Enfermagem; Receitas Correntes; Receita Patrimonial; Valores Mobiliários; Remuneração de Depósitos Bancários - Principal; Juros e Correções Monetárias; Remuneração de Depósitos Bancários; ; Juros e Correções Monetárias; Remuneração de Depósitos Bancários; Não se aplica; Remun. de Dep. Banc.Vinc./Piso Enfermagem; Arrecadações; FUNDO MUNICIPAL DE SAUDE; FUNDO MUNICIPAL DE SAUDE; FUNDO MUNICIPAL DE SAUDE; R$ 0,00; R$ 0,00; R$ 0,00; R$ 0,00; R$ 209,15; R$ 209,15; R$ 0,00; 0.0
 13210101010307; Remun.de Dep.Banc.de Rec.Vinc.SUS/Prog. Estrut.Rede Serv. de Atenção Básica; Receitas Correntes; Receita Patrimonial; Valores Mobiliários; Remuneração de Depósitos Bancários - Principal; Juros e Correções Monetárias; Remuneração de Depósitos Bancários; ; Juros e Correções Monetárias; Remuneração de Depósitos Bancários; Não se aplica; Remun.de Dep.Banc.de Rec.Vinc.SUS/Prog. Estrut.Rede Serv. de Atenção Básica; Arrecadações; FUNDO MUNICIPAL DE SAUDE; FUNDO MUNICIPAL DE SAUDE; FUNDO MUNICIPAL DE SAUDE; R$ 0,00; R$ 0,00; R$ 0,00; R$ 0,00; R$ 2,19; R$ 2,19; R$ 0,00; 0.0
 13210101010302; Rec. de Remun. Dep. Banc./Vinculados - Saude/SUS PAB; Receitas Correntes; Receita Patrimonial; Valores Mobiliários; Remuneração de Depósitos Bancários - Principal; Juros e Correções Monetárias; Remuneração de Depósitos Bancários; ; Juros e Correções Monetárias; Remuneração de Depósitos Bancários; Não se aplica; Rec. de Remun. Dep. Banc./Vinculados - Saude/SUS PAB; Arrecadações; FUNDO MUNICIPAL DE SAUDE; FUNDO MUNICIPAL DE SAUDE; FUNDO MUNICIPAL DE SAUDE; R$ 0,00; R$ 0,00; R$ 0,00; R$ 0,00; R$ 1.964,61; R$ 1.964,61; R$ 0,00; 0.0
 13210101010310; Remun. de Dep.Banc.de Rec. AB Estruturação da Rede de Serviços; Receitas Correntes; Receita Patrimonial; Valores Mobiliários; Remuneração de Depósitos Bancários - Principal; Juros e Correções Monetárias; Remuneração de Depósitos Bancários; ; Juros e Correções Monetárias; Remuneração de Depósitos Bancários; Não se aplica; Remun. de Dep.Banc.de Rec. AB Estruturação da Rede de Serviços; Arrecadações; FUNDO MUNICIPAL DE SAUDE; FUNDO MUNICIPAL DE SAUDE; FUNDO MUNICIPAL DE SAUDE; R$ 0,00; R$ 0,00; R$ 0,00; R$ 0,00; R$ 6,99; R$ 6,99; R$ 0,00; 0.0
 13210101010302; Rec. de Remun. Dep. Banc./Vinculados - Saude/SUS PAB; Receitas Correntes; Receita Patrimonial; Valores Mobiliários; Remuneração de Depósitos Bancários - Principal; Juros e Correções Monetárias; Remuneração de Depósitos Bancários; ; Juros e Correções Monetárias; Remuneração de Depósitos Bancários; Não se aplica; Rec. de Remun. Dep. Banc./Vinculados - Saude/SUS PAB; Arrecadações; FUNDO MUNICIPAL DE SAUDE; FUNDO MUNICIPAL DE SAUDE; FUNDO MUNICIPAL DE SAUDE; R$ 0,00; R$ 0,00; R$ 0,00; R$ 0,00; R$ 2.355,79; R$ 4.320,40; R$ 0,00; 0.0
 13210101010312; Remun. de Dep. Banc.Vinc./Piso Enfermagem; Receitas Correntes; Receita Patrimonial; Valores Mobiliários; Remuneração de Depósitos Bancários - Principal; Juros e Correções Monetárias; Remuneração de Depósitos Bancários; ; Juros e Correções Monetárias; Remuneração de Depósitos Bancários; Não se aplica; Remun. de Dep. Banc.Vinc./Piso Enfermagem; Arrecadações; FUNDO MUNICIPAL DE SAUDE; FUNDO MUNICIPAL DE SAUDE; FUNDO MUNICIPAL DE SAUDE; R$ 0,00; R$ 0,00; R$ 0,00; R$ 0,00; R$ 146,49; R$ 355,64; R$ 0,00; 0.0
 13210101010310; Remun. de Dep.Banc.de Rec. AB Estruturação da Rede de Serviços; Receitas Correntes; Receita Patrimonial; Valores Mobiliários; Remuneração de Depósitos Bancários - Principal; Juros e Correções Monetárias; Remuneração de Depósitos Bancários; ; Juros e Correções Monetárias; Remuneração de Depósitos Bancários; Não se aplica; Remun. de Dep.Banc.de Rec. AB Estruturação da Rede de Serviços; Arrecadações; FUNDO MUNICIPAL DE SAUDE; FUNDO MUNICIPAL DE SAUDE; FUNDO MUNICIPAL DE SAUDE; R$ 0,00; R$ 0,00; R$ 0,00; R$ 0,00; R$ 5,84; R$ 12,83; R$ 0,00; 0.0
 13210101010313; Remun. de Dep. Banc. Impositiva Genérica Saúde; Receitas Correntes; Receita Patrimonial; Valores Mobiliários; Remuneração de Depósitos Bancários - Principal; Juros e Correções Monetárias; Remuneração de Depósitos Bancários; ; Juros e Correções Monetárias; Remuneração de Depósitos Bancários; Não se aplica; Remun. de Dep. Banc. Impositiva Genérica Saúde; Arrecadações; FUNDO MUNICIPAL DE SAUDE; FUNDO MUNICIPAL DE SAUDE; FUNDO MUNICIPAL DE SAUDE; R$ 0,00; R$ 0,00; R$ 0,00; R$ 0,00; R$ 698,90; R$ 1.542,89; R$ 0,00; 0.0
 13210101010307; Remun.de Dep.Banc.de Rec.Vinc.SUS/Prog. Estrut.Rede Serv. de Atenção Básica; Receitas Correntes; Receita Patrimonial; Valores Mobiliários; Remuneração de Depósitos Bancários - Principal; Juros e Correções Monetárias; Remuneração de Depósitos Bancários; ; Juros e Correções Monetárias; Remuneração de Depósitos Bancários; Não se aplica; Remun.de Dep.Banc.de Rec.Vinc.SUS/Prog. Estrut.Rede Serv. de Atenção Básica; Arrecadações; FUNDO MUNICIPAL DE SAUDE; FUNDO MUNICIPAL DE SAUDE; FUNDO MUNICIPAL DE SAUDE; R$ 0,00; R$ 0,00; R$ 0,00; R$ 0,00; R$ 1,82; R$ 4,01; R$ 0,00; 0.0
 13210101010312; Remun. de Dep. Banc.Vinc./Piso Enfermagem; Receitas Correntes; Receita Patrimonial; Valores Mobiliários; Remuneração de Depósitos Bancários - Principal; Juros e Correções Monetárias; Remuneração de Depósitos Bancários; ; Juros e Correções Monetárias; Remuneração de Depósitos Bancários; Não se aplica; Remun. de Dep. Banc.Vinc./Piso Enfermagem; Arrecadações; FUNDO MUNICIPAL DE SAUDE; FUNDO MUNICIPAL DE SAUDE; FUNDO MUNICIPAL DE SAUDE; R$ 0,00; R$ 0,00; R$ 0,00; R$ 0,00; R$ 137,59; R$ 493,23; R$ 0,00; 0.0
 13210101010313; Remun. de Dep. Banc. Impositiva Genérica Saúde; Receitas Correntes; Receita Patrimonial; Valores Mobiliários; Remuneração de Depósitos Bancários - Principal; Juros e Correções Monetárias; Remuneração de Depósitos Bancários; ; Juros e Correções Monetárias; Remuneração de Depósitos Bancários; Não se aplica; Remun. de Dep. Banc. Impositiva Genérica Saúde; Arrecadações; FUNDO MUNICIPAL DE SAUDE; FUNDO MUNICIPAL DE SAUDE; FUNDO MUNICIPAL DE SAUDE; R$ 0,00; R$ 0,00; R$ 0,00; R$ 0,00; R$ 724,33; R$ 2.267,22; R$ 0,00; 0.0
 13210101010307; Remun.de Dep.Banc.de Rec.Vinc.SUS/Prog. Estrut.Rede Serv. de Atenção Básica; Receitas Correntes; Receita Patrimonial; Valores Mobiliários; Remuneração de Depósitos Bancários - Principal; Juros e Correções Monetárias; Remuneração de Depósitos Bancários; ; Juros e Correções Monetárias; Remuneração de Depósitos Bancários; Não se aplica; Remun.de Dep.Banc.de Rec.Vinc.SUS/Prog. Estrut.Rede Serv. de Atenção Básica; Arrecadações; FUNDO MUNICIPAL DE SAUDE; FUNDO MUNICIPAL DE SAUDE; FUNDO MUNICIPAL DE SAUDE; R$ 0,00; R$ 0,00; R$ 0,00; R$ 0,00; R$ 1,89; R$ 5,90; R$ 0,00; 0.0
 13210101010310; Remun. de Dep.Banc.de Rec. AB Estruturação da Rede de Serviços; Receitas Correntes; Receita Patrimonial; Valores Mobiliários; Remuneração de Depósitos Bancários - Principal; Juros e Correções Monetárias; Remuneração de Depósitos Bancários; ; Juros e Correções Monetárias; Remuneração de Depósitos Bancários; Não se aplica; Remun. de Dep.Banc.de Rec. AB Estruturação da Rede de Serviços; Arrecadações; FUNDO MUNICIPAL DE SAUDE; FUNDO MUNICIPAL DE SAUDE; FUNDO MUNICIPAL DE SAUDE; R$ 0,00; R$ 0,00; R$ 0,00; R$ 0,00; R$ 6,07; R$ 18,90; R$ 0,00; 0.0
 13210101010302; Rec. de Remun. Dep. Banc./Vinculados - Saude/SUS PAB; Receitas Correntes; Receita Patrimonial; Valores Mobiliários; Remuneração de Depósitos Bancários - Principal; Juros e Correções Monetárias; Remuneração de Depósitos Bancários; ; Juros e Correções Monetárias; Remuneração de Depósitos Bancários; Não se aplica; Rec. de Remun. Dep. Banc./Vinculados - Saude/SUS PAB; Arrecadações; FUNDO MUNICIPAL DE SAUDE; FUNDO MUNICIPAL DE SAUDE; FUNDO MUNICIPAL DE SAUDE; R$ 0,00; R$ 0,00; R$ 0,00; R$ 0,00; R$ 2.598,60; R$ 6.919,00; R$ 0,00; 0.0
 13210101010307; Remun.de Dep.Banc.de Rec.Vinc.SUS/Prog. Estrut.Rede Serv. de Atenção Básica; Receitas Correntes; Receita Patrimonial; Valores Mobiliários; Remuneração de Depósitos Bancários - Principal; Juros e Correções Monetárias; Remuneração de Depósitos Bancários; ; Juros e Correções Monetárias; Remuneração de Depósitos Bancários; Não se aplica; Remun.de Dep.Banc.de Rec.Vinc.SUS/Prog. Estrut.Rede Serv. de Atenção Básica; Arrecadações; FUNDO MUNICIPAL DE SAUDE; FUNDO MUNICIPAL DE SAUDE; FUNDO MUNICIPAL DE SAUDE; R$ 0,00; R$ 0,00; R$ 0,00; R$ 0,00; R$ 2,00; R$ 7,90; R$ 0,00; 0.0
 13210101010313; Remun. de Dep. Banc. Impositiva Genérica Saúde; Receitas Correntes; Receita Patrimonial; Valores Mobiliários; Remuneração de Depósitos Bancários - Principal; Juros e Correções Monetárias; Remuneração de Depósitos Bancários; ; Juros e Correções Monetárias; Remuneração de Depósitos Bancários; Não se aplica; Remun. de Dep. Banc. Impositiva Genérica Saúde; Arrecadações; FUNDO MUNICIPAL DE SAUDE; FUNDO MUNICIPAL DE SAUDE; FUNDO MUNICIPAL DE SAUDE; R$ 0,00; R$ 0,00; R$ 0,00; R$ 0,00; R$ 769,87; R$ 3.037,09; R$ 0,00; 0.0
 13210101010312; Remun. de Dep. Banc.Vinc./Piso Enfermagem; Receitas Correntes; Receita Patrimonial; Valores Mobiliários; Remuneração de Depósitos Bancários - Principal; Juros e Correções Monetárias; Remuneração de Depósitos Bancários; ; Juros e Correções Monetárias; Remuneração de Depósitos Bancários; Não se aplica; Remun. de Dep. Banc.Vinc./Piso Enfermagem; Arrecadações; FUNDO MUNICIPAL DE SAUDE; FUNDO MUNICIPAL DE SAUDE; FUNDO MUNICIPAL DE SAUDE; R$ 0,00; R$ 0,00; R$ 0,00; R$ 0,00; R$ 123,78; R$ 617,01; R$ 0,00; 0.0
 13210101010302; Rec. de Remun. Dep. Banc./Vinculados - Saude/SUS PAB; Receitas Correntes; Receita Patrimonial; Valores Mobiliários; Remuneração de Depósitos Bancários - Principal; Juros e Correções Monetárias; Remuneração de Depósitos Bancários; ; Juros e Correções Monetárias; Remuneração de Depósitos Bancários; Não se aplica; Rec. de Remun. Dep. Banc./Vinculados - Saude/SUS PAB; Arrecadações; FUNDO MUNICIPAL DE SAUDE; FUNDO MUNICIPAL DE SAUDE; FUNDO MUNICIPAL DE SAUDE; R$ 0,00; R$ 0,00; R$ 0,00; R$ 0,00; R$ 2.529,00; R$ 9.448,00; R$ 0,00; 0.0
 13210101010310; Remun. de Dep.Banc.de Rec. AB Estruturação da Rede de Serviços; Receitas Correntes; Receita Patrimonial; Valores Mobiliários; Remuneração de Depósitos Bancários - Principal; Juros e Correções Monetárias; Remuneração de Depósitos Bancários; ; Juros e Correções Monetárias; Remuneração de Depósitos Bancários; Não se aplica; Remun. de Dep.Banc.de Rec. AB Estruturação da Rede de Serviços; Arrecadações; FUNDO MUNICIPAL DE SAUDE; FUNDO MUNICIPAL DE SAUDE; FUNDO MUNICIPAL DE SAUDE; R$ 0,00; R$ 0,00; R$ 0,00; R$ 0,00; R$ 6,47; R$ 25,37; R$ 0,00; 0.0
 13210101010307; Remun.de Dep.Banc.de Rec.Vinc.SUS/Prog. Estrut.Rede Serv. de Atenção Básica; Receitas Correntes; Receita Patrimonial; Valores Mobiliários; Remuneração de Depósitos Bancários - Principal; Juros e Correções Monetárias; Remuneração de Depósitos Bancários; ; Juros e Correções Monetárias; Remuneração de Depósitos Bancários; Não se aplica; Remun.de Dep.Banc.de Rec.Vinc.SUS/Prog. Estrut.Rede Serv. de Atenção Básica; Arrecadações; FUNDO MUNICIPAL DE SAUDE; FUNDO MUNICIPAL DE SAUDE; FUNDO MUNICIPAL DE SAUDE; R$ 0,00; R$ 0,00; R$ 0,00; R$ 0,00; R$ 1,89; R$ 9,79; R$ 0,00; 0.0
 13210101010313; Remun. de Dep. Banc. Impositiva Genérica Saúde; Receitas Correntes; Receita Patrimonial; Valores Mobiliários; Remuneração de Depósitos Bancários - Principal; Juros e Correções Monetárias; Remuneração de Depósitos Bancários; ; Juros e Correções Monetárias; Remuneração de Depósitos Bancários; Não se aplica; Remun. de Dep. Banc. Impositiva Genérica Saúde; Arrecadações; FUNDO MUNICIPAL DE SAUDE; FUNDO MUNICIPAL DE SAUDE; FUNDO MUNICIPAL DE SAUDE; R$ 0,00; R$ 0,00; R$ 0,00; R$ 0,00; R$ 722,99; R$ 3.760,08; R$ 0,00; 0.0
 13210101010302; Rec. de Remun. Dep. Banc./Vinculados - Saude/SUS PAB; Receitas Correntes; Receita Patrimonial; Valores Mobiliários; Remuneração de Depósitos Bancários - Principal; Juros e Correções Monetárias; Remuneração de Depósitos Bancários; ; Juros e Correções Monetárias; Remuneração de Depósitos Bancários; Não se aplica; Rec. de Remun. Dep. Banc./Vinculados - Saude/SUS PAB; Arrecadações; FUNDO MUNICIPAL DE SAUDE; FUNDO MUNICIPAL DE SAUDE; FUNDO MUNICIPAL DE SAUDE; R$ 0,00; R$ 0,00; R$ 0,00; R$ 0,00; R$ 2.119,45; R$ 11.567,45; R$ 0,00; 0.0
 13210101010312; Remun. de Dep. Banc.Vinc./Piso Enfermagem; Receitas Correntes; Receita Patrimonial; Valores Mobiliários; Remuneração de Depósitos Bancários - Principal; Juros e Correções Monetárias; Remuneração de Depósitos Bancários; ; Juros e Correções Monetárias; Remuneração de Depósitos Bancários; Não se aplica; Remun. de Dep. Banc.Vinc./Piso Enfermagem; Arrecadações; FUNDO MUNICIPAL DE SAUDE; FUNDO MUNICIPAL DE SAUDE; FUNDO MUNICIPAL DE SAUDE; R$ 0,00; R$ 0,00; R$ 0,00; R$ 0,00; R$ 63,75; R$ 680,76; R$ 0,00; 0.0
 13210101010310; Remun. de Dep.Banc.de Rec. AB Estruturação da Rede de Serviços; Receitas Correntes; Receita Patrimonial; Valores Mobiliários; Remuneração de Depósitos Bancários - Principal; Juros e Correções Monetárias; Remuneração de Depósitos Bancários; ; Juros e Correções Monetárias; Remuneração de Depósitos Bancários; Não se aplica; Remun. de Dep.Banc.de Rec. AB Estruturação da Rede de Serviços; Arrecadações; FUNDO MUNICIPAL DE SAUDE; FUNDO MUNICIPAL DE SAUDE; FUNDO MUNICIPAL DE SAUDE; R$ 0,00; R$ 0,00; R$ 0,00; R$ 0,00; R$ 6,10; R$ 31,47; R$ 0,00; 0.0
 13210101010313; Remun. de Dep. Banc. Impositiva Genérica Saúde; Receitas Correntes; Receita Patrimonial; Valores Mobiliários; Remuneração de Depósitos Bancários - Principal; Juros e Correções Monetárias; Remuneração de Depósitos Bancários; ; Juros e Correções Monetárias; Remuneração de Depósitos Bancários; Não se aplica; Remun. de Dep. Banc. Impositiva Genérica Saúde; Arrecadações; FUNDO MUNICIPAL DE SAUDE; FUNDO MUNICIPAL DE SAUDE; FUNDO MUNICIPAL DE SAUDE; R$ 0,00; R$ 0,00; R$ 0,00; R$ 0,00; R$ 144,66; R$ 3.904,74; R$ 0,00; 0.0
 13210101010302; Rec. de Remun. Dep. Banc./Vinculados - Saude/SUS PAB; Receitas Correntes; Receita Patrimonial; Valores Mobiliários; Remuneração de Depósitos Bancários - Principal; Juros e Correções Monetárias; Remuneração de Depósitos Bancários; ; Juros e Correções Monetárias; Remuneração de Depósitos Bancários; Não se aplica; Rec. de Remun. Dep. Banc./Vinculados - Saude/SUS PAB; Arrecadações; FUNDO MUNICIPAL DE SAUDE; FUNDO MUNICIPAL DE SAUDE; FUNDO MUNICIPAL DE SAUDE; R$ 0,00; R$ 0,00; R$ 0,00; R$ 0,00; R$ 2.466,39; R$ 14.033,84; R$ 0,00; 0.0
 13210101010307; Remun.de Dep.Banc.de Rec.Vinc.SUS/Prog. Estrut.Rede Serv. de Atenção Básica; Receitas Correntes; Receita Patrimonial; Valores Mobiliários; Remuneração de Depósitos Bancários - Principal; Juros e Correções Monetárias; Remuneração de Depósitos Bancários; ; Juros e Correções Monetárias; Remuneração de Depósitos Bancários; Não se aplica; Remun.de Dep.Banc.de Rec.Vinc.SUS/Prog. Estrut.Rede Serv. de Atenção Básica; Arrecadações; FUNDO MUNICIPAL DE SAUDE; FUNDO MUNICIPAL DE SAUDE; FUNDO MUNICIPAL DE SAUDE; R$ 0,00; R$ 0,00; R$ 0,00; R$ 0,00; R$ 1,82; R$ 11,61; R$ 0,00; 0.0
 13210101010312; Remun. de Dep. Banc.Vinc./Piso Enfermagem; Receitas Correntes; Receita Patrimonial; Valores Mobiliários; Remuneração de Depósitos Bancários - Principal; Juros e Correções Monetárias; Remuneração de Depósitos Bancários; ; Juros e Correções Monetárias; Remuneração de Depósitos Bancários; Não se aplica; Remun. de Dep. Banc.Vinc./Piso Enfermagem; Arrecadações; FUNDO MUNICIPAL DE SAUDE; FUNDO MUNICIPAL DE SAUDE; FUNDO MUNICIPAL DE SAUDE; R$ 0,00; R$ 0,00; R$ 0,00; R$ 0,00; R$ 69,07; R$ 749,83; R$ 0,00; 0.0
 13210101010310; Remun. de Dep.Banc.de Rec. AB Estruturação da Rede de Serviços; Receitas Correntes; Receita Patrimonial; Valores Mobiliários; Remuneração de Depósitos Bancários - Principal; Juros e Correções Monetárias; Remuneração de Depósitos Bancários; ; Juros e Correções Monetárias; Remuneração de Depósitos Bancários; Não se aplica; Remun. de Dep.Banc.de Rec. AB Estruturação da Rede de Serviços; Arrecadações; FUNDO MUNICIPAL DE SAUDE; FUNDO MUNICIPAL DE SAUDE; FUNDO MUNICIPAL DE SAUDE; R$ 0,00; R$ 0,00; R$ 0,00; R$ 0,00; R$ 5,81; R$ 37,28; R$ 0,00; 0.0
 13210101010307; Remun.de Dep.Banc.de Rec.Vinc.SUS/Prog. Estrut.Rede Serv. de Atenção Básica; Receitas Correntes; Receita Patrimonial; Valores Mobiliários; Remuneração de Depósitos Bancários - Principal; Juros e Correções Monetárias; Remuneração de Depósitos Bancários; ; Juros e Correções Monetárias; Remuneração de Depósitos Bancários; Não se aplica; Remun.de Dep.Banc.de Rec.Vinc.SUS/Prog. Estrut.Rede Serv. de Atenção Básica; Arrecadações; FUNDO MUNICIPAL DE SAUDE; FUNDO MUNICIPAL DE SAUDE; FUNDO MUNICIPAL DE SAUDE; R$ 0,00; R$ 0,00; R$ 0,00; R$ 0,00; R$ 2,02; R$ 13,63; R$ 0,00; 0.0
 13210101010313; Remun. de Dep. Banc. Impositiva Genérica Saúde; Receitas Correntes; Receita Patrimonial; Valores Mobiliários; Remuneração de Depósitos Bancários - Principal; Juros e Correções Monetárias; Remuneração de Depósitos Bancários; ; Juros e Correções Monetárias; Remuneração de Depósitos Bancários; Não se aplica; Remun. de Dep. Banc. Impositiva Genérica Saúde; Arrecadações; FUNDO MUNICIPAL DE SAUDE; FUNDO MUNICIPAL DE SAUDE; FUNDO MUNICIPAL DE SAUDE; R$ 0,00; R$ 0,00; R$ 0,00; R$ 0,00; R$ 34,43; R$ 3.939,17; R$ 0,00; 0.0
 13210101010302; Rec. de Remun. Dep. Banc./Vinculados - Saude/SUS PAB; Receitas Correntes; Receita Patrimonial; Valores Mobiliários; Remuneração de Depósitos Bancários - Principal; Juros e Correções Monetárias; Remuneração de Depósitos Bancários; ; Juros e Correções Monetárias; Remuneração de Depósitos Bancários; Não se aplica; Rec. de Remun. Dep. Banc./Vinculados - Saude/SUS PAB; Arrecadações; FUNDO MUNICIPAL DE SAUDE; FUNDO MUNICIPAL DE SAUDE; FUNDO MUNICIPAL DE SAUDE; R$ 0,00; R$ 0,00; R$ 0,00; R$ 0,00; R$ 2.857,73; R$ 16.891,57; R$ 0,00; 0.0
 13210101010310; Remun. de Dep.Banc.de Rec. AB Estruturação da Rede de Serviços; Receitas Correntes; Receita Patrimonial; Valores Mobiliários; Remuneração de Depósitos Bancários - Principal; Juros e Correções Monetárias; Remuneração de Depósitos Bancários; ; Juros e Correções Monetárias; Remuneração de Depósitos Bancários; Não se aplica; Remun. de Dep.Banc.de Rec. AB Estruturação da Rede de Serviços; Arrecadações; FUNDO MUNICIPAL DE SAUDE; FUNDO MUNICIPAL DE SAUDE; FUNDO MUNICIPAL DE SAUDE; R$ 0,00; R$ 0,00; R$ 0,00; R$ 0,00; R$ 6,72; R$ 44,00; R$ 0,00; 0.0
 13210101010312; Remun. de Dep. Banc.Vinc./Piso Enfermagem; Receitas Correntes; Receita Patrimonial; Valores Mobiliários; Remuneração de Depósitos Bancários - Principal; Juros e Correções Monetárias; Remuneração de Depósitos Bancários; ; Juros e Correções Monetárias; Remuneração de Depósitos Bancários; Não se aplica; Remun. de Dep. Banc.Vinc./Piso Enfermagem; Arrecadações; FUNDO MUNICIPAL DE SAUDE; FUNDO MUNICIPAL DE SAUDE; FUNDO MUNICIPAL DE SAUDE; R$ 0,00; R$ 0,00; R$ 0,00; R$ 0,00; R$ 261,41; R$ 1.011,24; R$ 0,00; 0.0
 13210101010313; Remun. de Dep. Banc. Impositiva Genérica Saúde; Receitas Correntes; Receita Patrimonial; Valores Mobiliários; Remuneração de Depósitos Bancários - Principal; Juros e Correções Monetárias; Remuneração de Depósitos Bancários; ; Juros e Correções Monetárias; Remuneração de Depósitos Bancários; Não se aplica; Remun. de Dep. Banc. Impositiva Genérica Saúde; Arrecadações; FUNDO MUNICIPAL DE SAUDE; FUNDO MUNICIPAL DE SAUDE; FUNDO MUNICIPAL DE SAUDE; R$ 0,00; R$ 0,00; R$ 0,00; R$ 0,00; R$ 33,26; R$ 3.972,43; R$ 0,00; 0.0
 13210101010310; Remun. de Dep.Banc.de Rec. AB Estruturação da Rede de Serviços; Receitas Correntes; Receita Patrimonial; Valores Mobiliários; Remuneração de Depósitos Bancários - Principal; Juros e Correções Monetárias; Remuneração de Depósitos Bancários; ; Juros e Correções Monetárias; Remuneração de Depósitos Bancários; Não se aplica; Remun. de Dep.Banc.de Rec. AB Estruturação da Rede de Serviços; Arrecadações; FUNDO MUNICIPAL DE SAUDE; FUNDO MUNICIPAL DE SAUDE; FUNDO MUNICIPAL DE SAUDE; R$ 0,00; R$ 0,00; R$ 0,00; R$ 0,00; R$ 6,48; R$ 50,48; R$ 0,00; 0.0
 13210101010307; Remun.de Dep.Banc.de Rec.Vinc.SUS/Prog. Estrut.Rede Serv. de Atenção Básica; Receitas Correntes; Receita Patrimonial; Valores Mobiliários; Remuneração de Depósitos Bancários - Principal; Juros e Correções Monetárias; Remuneração de Depósitos Bancários; ; Juros e Correções Monetárias; Remuneração de Depósitos Bancários; Não se aplica; Remun.de Dep.Banc.de Rec.Vinc.SUS/Prog. Estrut.Rede Serv. de Atenção Básica; Arrecadações; FUNDO MUNICIPAL DE SAUDE; FUNDO MUNICIPAL DE SAUDE; FUNDO MUNICIPAL DE SAUDE; R$ 0,00; R$ 0,00; R$ 0,00; R$ 0,00; R$ 2,15; R$ 15,78; R$ 0,00; 0.0
 13210101010312; Remun. de Dep. Banc.Vinc./Piso Enfermagem; Receitas Correntes; Receita Patrimonial; Valores Mobiliários; Remuneração de Depósitos Bancários - Principal; Juros e Correções Monetárias; Remuneração de Depósitos Bancários; ; Juros e Correções Monetárias; Remuneração de Depósitos Bancários; Não se aplica; Remun. de Dep. Banc.Vinc./Piso Enfermagem; Arrecadações; FUNDO MUNICIPAL DE SAUDE; FUNDO MUNICIPAL DE SAUDE; FUNDO MUNICIPAL DE SAUDE; R$ 0,00; R$ 0,00; R$ 0,00; R$ 0,00; R$ 122,44; R$ 1.133,68; R$ 0,00; 0.0
 13210101010302; Rec. de Remun. Dep. Banc./Vinculados - Saude/SUS PAB; Receitas Correntes; Receita Patrimonial; Valores Mobiliários; Remuneração de Depósitos Bancários - Principal; Juros e Correções Monetárias; Remuneração de Depósitos Bancários; ; Juros e Correções Monetárias; Remuneração de Depósitos Bancários; Não se aplica; Rec. de Remun. Dep. Banc./Vinculados - Saude/SUS PAB; Arrecadações; FUNDO MUNICIPAL DE SAUDE; FUNDO MUNICIPAL DE SAUDE; FUNDO MUNICIPAL DE SAUDE; R$ 0,00; R$ 0,00; R$ 0,00; R$ 0,00; R$ 2.064,77; R$ 18.956,34; R$ 0,00; 0.0
 13210101010302; Rec. de Remun. Dep. Banc./Vinculados - Saude/SUS PAB; Receitas Correntes; Receita Patrimonial; Valores Mobiliários; Remuneração de Depósitos Bancários - Principal; Juros e Correções Monetárias; Remuneração de Depósitos Bancários; ; Juros e Correções Monetárias; Remuneração de Depósitos Bancários; Não se aplica; Rec. de Remun. Dep. Banc./Vinculados - Saude/SUS PAB; Arrecadações; FUNDO MUNICIPAL DE SAUDE; FUNDO MUNICIPAL DE SAUDE; FUNDO MUNICIPAL DE SAUDE; R$ 0,00; R$ 0,00; R$ 0,00; R$ 0,00; R$ 1.693,89; R$ 20.650,23; R$ 0,00; 0.0
 17135011010000; Atenção Básica; Receitas Correntes; Transferências Correntes; Transferências da União e de suas Entidades; Transferências de Recursos do Bloco de Manutenção das Ações e Serviços Públicos de Saúde – Atenção Primária - Principal; Transferências de Recursos do Sistema Único de Saúde – SUS; Transferências de Recursos do Sistema Único de Saúde – SUS – Repasses Fundo a Fundo - Bloco de Manutenção das Ações e Serviços Públicos de Saúde; Transferências de Recursos do Bloco de Manutenção das Ações e Serviços Públicos de Saúde – Atenção Primária; Transferências de Recursos do Sistema Único de Saúde – SUS; Transferências de Recursos do Sistema Único de Saúde – SUS – Repasses Fundo a Fundo - Bloco de Manutenção das Ações e Serviços Públicos de Saúde; Transferências de Recursos do Bloco de Manutenção das Ações e Serviços Públicos de Saúde – Atenção Primária; Atenção Básica; Arrecadações; FUNDO MUNICIPAL DE SAUDE; FUNDO MUNICIPAL DE SAUDE; FUNDO MUNICIPAL DE SAUDE; R$ 2.893.864,00; R$ 2.893.864,00; R$ 0,00; R$ 0,00; R$ 261.551,82; R$ 261.551,82; R$ 2.893.864,00; 9.04
 17135011010000; Atenção Básica; Receitas Correntes; Transferências Correntes; Transferências da União e de suas Entidades; Transferências de Recursos do Bloco de Manutenção das Ações e Serviços Públicos de Saúde – Atenção Primária - Principal; Transferências de Recursos do Sistema Único de Saúde – SUS; Transferências de Recursos do Sistema Único de Saúde – SUS – Repasses Fundo a Fundo - Bloco de Manutenção das Ações e Serviços Públicos de Saúde; Transferências de Recursos do Bloco de Manutenção das Ações e Serviços Públicos de Saúde – Atenção Primária; Transferências de Recursos do Sistema Único de Saúde – SUS; Transferências de Recursos do Sistema Único de Saúde – SUS – Repasses Fundo a Fundo - Bloco de Manutenção das Ações e Serviços Públicos de Saúde; Transferências de Recursos do Bloco de Manutenção das Ações e Serviços Públicos de Saúde – Atenção Primária; Atenção Básica; Arrecadações; FUNDO MUNICIPAL DE SAUDE; FUNDO MUNICIPAL DE SAUDE; FUNDO MUNICIPAL DE SAUDE; R$ 0,00; R$ 0,00; R$ 0,00; R$ 0,00; R$ 219.826,26; R$ 481.378,08; R$ 0,00; 0.0
 17135011010000; Atenção Básica; Receitas Correntes; Transferências Correntes; Transferências da União e de suas Entidades; Transferências de Recursos do Bloco de Manutenção das Ações e Serviços Públicos de Saúde – Atenção Primária - Principal; Transferências de Recursos do Sistema Único de Saúde – SUS; Transferências de Recursos do Sistema Único de Saúde – SUS – Repasses Fundo a Fundo - Bloco de Manutenção das Ações e Serviços Públicos de Saúde; Transferências de Recursos do Bloco de Manutenção das Ações e Serviços Públicos de Saúde – Atenção Primária; Transferências de Recursos do Sistema Único de Saúde – SUS; Transferências de Recursos do Sistema Único de Saúde – SUS – Repasses Fundo a Fundo - Bloco de Manutenção das Ações e Serviços Públicos de Saúde; Transferências de Recursos do Bloco de Manutenção das Ações e Serviços Públicos de Saúde – Atenção Primária; Atenção Básica; Arrecadações; FUNDO MUNICIPAL DE SAUDE; FUNDO MUNICIPAL DE SAUDE; FUNDO MUNICIPAL DE SAUDE; R$ 0,00; R$ 0,00; R$ 0,00; R$ 0,00; R$ 278.396,08; R$ 759.774,16; R$ 0,00; 0.0
 17135011010000; Atenção Básica; Receitas Correntes; Transferências Correntes; Transferências da União e de suas Entidades; Transferências de Recursos do Bloco de Manutenção das Ações e Serviços Públicos de Saúde – Atenção Primária - Principal; Transferências de Recursos do Sistema Único de Saúde – SUS; Transferências de Recursos do Sistema Único de Saúde – SUS – Repasses Fundo a Fundo - Bloco de Manutenção das Ações e Serviços Públicos de Saúde; Transferências de Recursos do Bloco de Manutenção das Ações e Serviços Públicos de Saúde – Atenção Primária; Transferências de Recursos do Sistema Único de Saúde – SUS; Transferências de Recursos do Sistema Único de Saúde – SUS – Repasses Fundo a Fundo - Bloco de Manutenção das Ações e Serviços Públicos de Saúde; Transferências de Recursos do Bloco de Manutenção das Ações e Serviços Públicos de Saúde – Atenção Primária; Atenção Básica; Arrecadações; FUNDO MUNICIPAL DE SAUDE; FUNDO MUNICIPAL DE SAUDE; FUNDO MUNICIPAL DE SAUDE; R$ 0,00; R$ 0,00; R$ 0,00; R$ 0,00; R$ 271.840,58; R$ 1.031.614,74; R$ 0,00; 0.0
 17135011010000; Atenção Básica; Receitas Correntes; Transferências Correntes; Transferências da União e de suas Entidades; Transferências de Recursos do Bloco de Manutenção das Ações e Serviços Públicos de Saúde – Atenção Primária - Principal; Transferências de Recursos do Sistema Único de Saúde – SUS; Transferências de Recursos do Sistema Único de Saúde – SUS – Repasses Fundo a Fundo - Bloco de Manutenção das Ações e Serviços Públicos de Saúde; Transferências de Recursos do Bloco de Manutenção das Ações e Serviços Públicos de Saúde – Atenção Primária; Transferências de Recursos do Sistema Único de Saúde – SUS; Transferências de Recursos do Sistema Único de Saúde – SUS – Repasses Fundo a Fundo - Bloco de Manutenção das Ações e Serviços Públicos de Saúde; Transferências de Recursos do Bloco de Manutenção das Ações e Serviços Públicos de Saúde – Atenção Primária; Atenção Básica; Arrecadações; FUNDO MUNICIPAL DE SAUDE; FUNDO MUNICIPAL DE SAUDE; FUNDO MUNICIPAL DE SAUDE; R$ 0,00; R$ 0,00; R$ 0,00; R$ 0,00; R$ 292.682,11; R$ 1.324.296,85; R$ 0,00; 0.0
 17135011010000; Atenção Básica; Receitas Correntes; Transferências Correntes; Transferências da União e de suas Entidades; Transferências de Recursos do Bloco de Manutenção das Ações e Serviços Públicos de Saúde – Atenção Primária - Principal; Transferências de Recursos do Sistema Único de Saúde – SUS; Transferências de Recursos do Sistema Único de Saúde – SUS – Repasses Fundo a Fundo - Bloco de Manutenção das Ações e Serviços Públicos de Saúde; Transferências de Recursos do Bloco de Manutenção das Ações e Serviços Públicos de Saúde – Atenção Primária; Transferências de Recursos do Sistema Único de Saúde – SUS; Transferências de Recursos do Sistema Único de Saúde – SUS – Repasses Fundo a Fundo - Bloco de Manutenção das Ações e Serviços Públicos de Saúde; Transferências de Recursos do Bloco de Manutenção das Ações e Serviços Públicos de Saúde – Atenção Primária; Atenção Básica; Arrecadações; FUNDO MUNICIPAL DE SAUDE; FUNDO MUNICIPAL DE SAUDE; FUNDO MUNICIPAL DE SAUDE; R$ 0,00; R$ 0,00; R$ 0,00; R$ 0,00; R$ 274.006,67; R$ 1.598.303,52; R$ 0,00; 0.0
 17135011010000; Atenção Básica; Receitas Correntes; Transferências Correntes; Transferências da União e de suas Entidades; Transferências de Recursos do Bloco de Manutenção das Ações e Serviços Públicos de Saúde – Atenção Primária - Principal; Transferências de Recursos do Sistema Único de Saúde – SUS; Transferências de Recursos do Sistema Único de Saúde – SUS – Repasses Fundo a Fundo - Bloco de Manutenção das Ações e Serviços Públicos de Saúde; Transferências de Recursos do Bloco de Manutenção das Ações e Serviços Públicos de Saúde – Atenção Primária; Transferências de Recursos do Sistema Único de Saúde – SUS; Transferências de Recursos do Sistema Único de Saúde – SUS – Repasses Fundo a Fundo - Bloco de Manutenção das Ações e Serviços Públicos de Saúde; Transferências de Recursos do Bloco de Manutenção das Ações e Serviços Públicos de Saúde – Atenção Primária; Atenção Básica; Arrecadações; FUNDO MUNICIPAL DE SAUDE; FUNDO MUNICIPAL DE SAUDE; FUNDO MUNICIPAL DE SAUDE; R$ 0,00; R$ 0,00; R$ 0,00; R$ 0,00; R$ 304.066,82; R$ 1.902.370,34; R$ 0,00; 0.0
 17135011010000; Atenção Básica; Receitas Correntes; Transferências Correntes; Transferências da União e de suas Entidades; Transferências de Recursos do Bloco de Manutenção das Ações e Serviços Públicos de Saúde – Atenção Primária - Principal; Transferências de Recursos do Sistema Único de Saúde – SUS; Transferências de Recursos do Sistema Único de Saúde – SUS – Repasses Fundo a Fundo - Bloco de Manutenção das Ações e Serviços Públicos de Saúde; Transferências de Recursos do Bloco de Manutenção das Ações e Serviços Públicos de Saúde – Atenção Primária; Transferências de Recursos do Sistema Único de Saúde – SUS; Transferências de Recursos do Sistema Único de Saúde – SUS – Repasses Fundo a Fundo - Bloco de Manutenção das Ações e Serviços Públicos de Saúde; Transferências de Recursos do Bloco de Manutenção das Ações e Serviços Públicos de Saúde – Atenção Primária; Atenção Básica; Arrecadações; FUNDO MUNICIPAL DE SAUDE; FUNDO MUNICIPAL DE SAUDE; FUNDO MUNICIPAL DE SAUDE; R$ 0,00; R$ 0,00; R$ 0,00; R$ 0,00; R$ 287.323,82; R$ 2.189.694,16; R$ 0,00; 0.0
 17135011010000; Atenção Básica; Receitas Correntes; Transferências Correntes; Transferências da União e de suas Entidades; Transferências de Recursos do Bloco de Manutenção das Ações e Serviços Públicos de Saúde – Atenção Primária - Principal; Transferências de Recursos do Sistema Único de Saúde – SUS; Transferências de Recursos do Sistema Único de Saúde – SUS – Repasses Fundo a Fundo - Bloco de Manutenção das Ações e Serviços Públicos de Saúde; Transferências de Recursos do Bloco de Manutenção das Ações e Serviços Públicos de Saúde – Atenção Primária; Transferências de Recursos do Sistema Único de Saúde – SUS; Transferências de Recursos do Sistema Único de Saúde – SUS – Repasses Fundo a Fundo - Bloco de Manutenção das Ações e Serviços Públicos de Saúde; Transferências de Recursos do Bloco de Manutenção das Ações e Serviços Públicos de Saúde – Atenção Primária; Atenção Básica; Arrecadações; FUNDO MUNICIPAL DE SAUDE; FUNDO MUNICIPAL DE SAUDE; FUNDO MUNICIPAL DE SAUDE; R$ 0,00; R$ 0,00; R$ 0,00; R$ 0,00; R$ 339.780,39; R$ 2.529.474,55; R$ 0,00; 0.0
 17135011010000; Atenção Básica; Receitas Correntes; Transferências Correntes; Transferências da União e de suas Entidades; Transferências de Recursos do Bloco de Manutenção das Ações e Serviços Públicos de Saúde – Atenção Primária - Principal; Transferências de Recursos do Sistema Único de Saúde – SUS; Transferências de Recursos do Sistema Único de Saúde – SUS – Repasses Fundo a Fundo - Bloco de Manutenção das Ações e Serviços Públicos de Saúde; Transferências de Recursos do Bloco de Manutenção das Ações e Serviços Públicos de Saúde – Atenção Primária; Transferências de Recursos do Sistema Único de Saúde – SUS; Transferências de Recursos do Sistema Único de Saúde – SUS – Repasses Fundo a Fundo - Bloco de Manutenção das Ações e Serviços Públicos de Saúde; Transferências de Recursos do Bloco de Manutenção das Ações e Serviços Públicos de Saúde – Atenção Primária; Atenção Básica; Arrecadações; FUNDO MUNICIPAL DE SAUDE; FUNDO MUNICIPAL DE SAUDE; FUNDO MUNICIPAL DE SAUDE; R$ 0,00; R$ 0,00; R$ 0,00; R$ 0,00; R$ 277.790,45; R$ 2.807.265,00; R$ 0,00; 0.0
 17135011010000; Atenção Básica; Receitas Correntes; Transferências Correntes; Transferências da União e de suas Entidades; Transferências de Recursos do Bloco de Manutenção das Ações e Serviços Públicos de Saúde – Atenção Primária - Principal; Transferências de Recursos do Sistema Único de Saúde – SUS; Transferências de Recursos do Sistema Único de Saúde – SUS – Repasses Fundo a Fundo - Bloco de Manutenção das Ações e Serviços Públicos de Saúde; Transferências de Recursos do Bloco de Manutenção das Ações e Serviços Públicos de Saúde – Atenção Primária; Transferências de Recursos do Sistema Único de Saúde – SUS; Transferências de Recursos do Sistema Único de Saúde – SUS – Repasses Fundo a Fundo - Bloco de Manutenção das Ações e Serviços Públicos de Saúde; Transferências de Recursos do Bloco de Manutenção das Ações e Serviços Públicos de Saúde – Atenção Primária; Atenção Básica; Arrecadações; FUNDO MUNICIPAL DE SAUDE; FUNDO MUNICIPAL DE SAUDE; FUNDO MUNICIPAL DE SAUDE; R$ 0,00; R$ 0,00; R$ 0,00; R$ 0,00; R$ 284.803,78; R$ 3.092.068,78; R$ 0,00; 0.0
 17135011010000; Atenção Básica; Receitas Correntes; Transferências Correntes; Transferências da União e de suas Entidades; Transferências de Recursos do Bloco de Manutenção das Ações e Serviços Públicos de Saúde – Atenção Primária - Principal; Transferências de Recursos do Sistema Único de Saúde – SUS; Transferências de Recursos do Sistema Único de Saúde – SUS – Repasses Fundo a Fundo - Bloco de Manutenção das Ações e Serviços Públicos de Saúde; Transferências de Recursos do Bloco de Manutenção das Ações e Serviços Públicos de Saúde – Atenção Primária; Transferências de Recursos do Sistema Único de Saúde – SUS; Transferências de Recursos do Sistema Único de Saúde – SUS – Repasses Fundo a Fundo - Bloco de Manutenção das Ações e Serviços Públicos de Saúde; Transferências de Recursos do Bloco de Manutenção das Ações e Serviços Públicos de Saúde – Atenção Primária; Atenção Básica; Arrecadações; FUNDO MUNICIPAL DE SAUDE; FUNDO MUNICIPAL DE SAUDE; FUNDO MUNICIPAL DE SAUDE; R$ 0,00; R$ 0,00; R$ 0,00; R$ 0,00; R$ 880.434,11; R$ 3.972.502,89; R$ 0,00; 0.0
 24115111000000; Transferncias de Recursos do Bloco de Estruturao da Rede de Servios Pblicos de Sade - Ateno Primria - Principal; Receitas de Capital; Transferncias de Capital; Transferncias da Unio e de suas Entidades; Transferncias de Recursos do Bloco de Estruturao da Rede de Servios Pblicos de Sade - Ateno Primria - Principal; Transferncias de Recursos do Sistema nico de Sade - SUS; Transferncias de Recursos do Sistema nico de Sade  SUS - Fundo a Fundo - Bloco de Estruturao da Rede de Servios Pblicos de Sade; Transferncias de Recursos do Bloco de Estruturao da Rede de Servios Pblicos de Sade - Ateno Primria; Transferncias de Recursos do Sistema nico de Sade - SUS; Transferncias de Recursos do Sistema nico de Sade  SUS - Fundo a Fundo - Bloco de Estruturao da Rede de Servios Pblicos de Sade; Transferncias de Recursos do Bloco de Estruturao da Rede de Servios Pblicos de Sade - Ateno Primria; Transferncias de Recursos do Bloco de Estruturao da Rede de Servios Pblicos de Sade - Ateno Primria - Principal; Arrecadaes; FUNDO MUNICIPAL DE SAUDE; FUNDO MUNICIPAL DE SAUDE; FUNDO MUNICIPAL DE SAUDE; R$ 0,00; R$ 0,00; R$ 0,00; R$ 0,00; R$ 24.000,00; R$ 24.000,00; R$ 0,00; 0.0
 13210101020000; Remuneração de Depósitos Bancários - Não Vinculados; Receitas Correntes; Receita Patrimonial; Valores Mobiliários; Remuneração de Depósitos Bancários - Principal; Juros e Correções Monetárias; Remuneração de Depósitos Bancários; ; Juros e Correções Monetárias; Remuneração de Depósitos Bancários; Não se aplica; Remuneração de Depósitos Bancários - Não Vinculados; Arrecadações; FUNDO MUNICIPAL DE SAUDE; FUNDO MUNICIPAL DE SAUDE; FUNDO MUNICIPAL DE SAUDE; R$ 0,00; R$ 0,00; R$ 0,00; R$ 0,00; R$ 196,46; R$ 196,46; R$ 0,00; 0.0
 13210101020000; Remuneração de Depósitos Bancários - Não Vinculados; Receitas Correntes; Receita Patrimonial; Valores Mobiliários; Remuneração de Depósitos Bancários - Principal; Juros e Correções Monetárias; Remuneração de Depósitos Bancários; ; Juros e Correções Monetárias; Remuneração de Depósitos Bancários; Não se aplica; Remuneração de Depósitos Bancários - Não Vinculados; Arrecadações; FUNDO MUNICIPAL DE SAUDE; FUNDO MUNICIPAL DE SAUDE; FUNDO MUNICIPAL DE SAUDE; R$ 0,00; R$ 0,00; R$ 0,00; R$ 0,00; R$ 607,14; R$ 803,60; R$ 0,00; 0.0
 13210101020000; Remuneração de Depósitos Bancários - Não Vinculados; Receitas Correntes; Receita Patrimonial; Valores Mobiliários; Remuneração de Depósitos Bancários - Principal; Juros e Correções Monetárias; Remuneração de Depósitos Bancários; ; Juros e Correções Monetárias; Remuneração de Depósitos Bancários; Não se aplica; Remuneração de Depósitos Bancários - Não Vinculados; Arrecadações; FUNDO MUNICIPAL DE SAUDE; FUNDO MUNICIPAL DE SAUDE; FUNDO MUNICIPAL DE SAUDE; R$ 0,00; R$ 0,00; R$ 0,00; R$ 0,00; R$ 183,16; R$ 986,76; R$ 0,00; 0.0
 13210101020000; Remuneração de Depósitos Bancários - Não Vinculados; Receitas Correntes; Receita Patrimonial; Valores Mobiliários; Remuneração de Depósitos Bancários - Principal; Juros e Correções Monetárias; Remuneração de Depósitos Bancários; ; Juros e Correções Monetárias; Remuneração de Depósitos Bancários; Não se aplica; Remuneração de Depósitos Bancários - Não Vinculados; Arrecadações; FUNDO MUNICIPAL DE SAUDE; FUNDO MUNICIPAL DE SAUDE; FUNDO MUNICIPAL DE SAUDE; R$ 0,00; R$ 0,00; R$ 0,00; R$ 0,00; R$ 181,20; R$ 1.167,96; R$ 0,00; 0.0
 13210101020000; Remuneração de Depósitos Bancários - Não Vinculados; Receitas Correntes; Receita Patrimonial; Valores Mobiliários; Remuneração de Depósitos Bancários - Principal; Juros e Correções Monetárias; Remuneração de Depósitos Bancários; ; Juros e Correções Monetárias; Remuneração de Depósitos Bancários; Não se aplica; Remuneração de Depósitos Bancários - Não Vinculados; Arrecadações; FUNDO MUNICIPAL DE SAUDE; FUNDO MUNICIPAL DE SAUDE; FUNDO MUNICIPAL DE SAUDE; R$ 0,00; R$ 0,00; R$ 0,00; R$ 0,00; R$ 442,22; R$ 1.610,18; R$ 0,00; 0.0
 13210101020000; Remuneração de Depósitos Bancários - Não Vinculados; Receitas Correntes; Receita Patrimonial; Valores Mobiliários; Remuneração de Depósitos Bancários - Principal; Juros e Correções Monetárias; Remuneração de Depósitos Bancários; ; Juros e Correções Monetárias; Remuneração de Depósitos Bancários; Não se aplica; Remuneração de Depósitos Bancários - Não Vinculados; Arrecadações; FUNDO MUNICIPAL DE SAUDE; FUNDO MUNICIPAL DE SAUDE; FUNDO MUNICIPAL DE SAUDE; R$ 0,00; R$ 0,00; R$ 0,00; R$ 0,00; R$ 293,84; R$ 1.904,02; R$ 0,00; 0.0
 13210101020000; Remuneração de Depósitos Bancários - Não Vinculados; Receitas Correntes; Receita Patrimonial; Valores Mobiliários; Remuneração de Depósitos Bancários - Principal; Juros e Correções Monetárias; Remuneração de Depósitos Bancários; ; Juros e Correções Monetárias; Remuneração de Depósitos Bancários; Não se aplica; Remuneração de Depósitos Bancários - Não Vinculados; Arrecadações; FUNDO MUNICIPAL DE SAUDE; FUNDO MUNICIPAL DE SAUDE; FUNDO MUNICIPAL DE SAUDE; R$ 0,00; R$ 0,00; R$ 0,00; R$ 0,00; R$ 256,40; R$ 2.160,42; R$ 0,00; 0.0
 13210101020000; Remuneração de Depósitos Bancários - Não Vinculados; Receitas Correntes; Receita Patrimonial; Valores Mobiliários; Remuneração de Depósitos Bancários - Principal; Juros e Correções Monetárias; Remuneração de Depósitos Bancários; ; Juros e Correções Monetárias; Remuneração de Depósitos Bancários; Não se aplica; Remuneração de Depósitos Bancários - Não Vinculados; Arrecadações; FUNDO MUNICIPAL DE SAUDE; FUNDO MUNICIPAL DE SAUDE; FUNDO MUNICIPAL DE SAUDE; R$ 0,00; R$ 0,00; R$ 0,00; R$ 0,00; R$ 217,46; R$ 2.377,88; R$ 0,00; 0.0
 13210101020000; Remuneração de Depósitos Bancários - Não Vinculados; Receitas Correntes; Receita Patrimonial; Valores Mobiliários; Remuneração de Depósitos Bancários - Principal; Juros e Correções Monetárias; Remuneração de Depósitos Bancários; ; Juros e Correções Monetárias; Remuneração de Depósitos Bancários; Não se aplica; Remuneração de Depósitos Bancários - Não Vinculados; Arrecadações; FUNDO MUNICIPAL DE SAUDE; FUNDO MUNICIPAL DE SAUDE; FUNDO MUNICIPAL DE SAUDE; R$ 0,00; R$ 0,00; R$ 0,00; R$ 0,00; R$ 235,18; R$ 2.613,06; R$ 0,00; 0.0
 13210101020000; Remuneração de Depósitos Bancários - Não Vinculados; Receitas Correntes; Receita Patrimonial; Valores Mobiliários; Remuneração de Depósitos Bancários - Principal; Juros e Correções Monetárias; Remuneração de Depósitos Bancários; ; Juros e Correções Monetárias; Remuneração de Depósitos Bancários; Não se aplica; Remuneração de Depósitos Bancários - Não Vinculados; Arrecadações; FUNDO MUNICIPAL DE SAUDE; FUNDO MUNICIPAL DE SAUDE; FUNDO MUNICIPAL DE SAUDE; R$ 0,00; R$ 0,00; R$ 0,00; R$ 0,00; R$ 312,31; R$ 2.925,37; R$ 0,00; 0.0
 13210101020000; Remuneração de Depósitos Bancários - Não Vinculados; Receitas Correntes; Receita Patrimonial; Valores Mobiliários; Remuneração de Depósitos Bancários - Principal; Juros e Correções Monetárias; Remuneração de Depósitos Bancários; ; Juros e Correções Monetárias; Remuneração de Depósitos Bancários; Não se aplica; Remuneração de Depósitos Bancários - Não Vinculados; Arrecadações; FUNDO MUNICIPAL DE SAUDE; FUNDO MUNICIPAL DE SAUDE; FUNDO MUNICIPAL DE SAUDE; R$ 0,00; R$ 0,00; R$ 0,00; R$ 0,00; R$ 409,76; R$ 3.335,13; R$ 0,00; 0.0
 13210101020000; Remuneração de Depósitos Bancários - Não Vinculados; Receitas Correntes; Receita Patrimonial; Valores Mobiliários; Remuneração de Depósitos Bancários - Principal; Juros e Correções Monetárias; Remuneração de Depósitos Bancários; ; Juros e Correções Monetárias; Remuneração de Depósitos Bancários; Não se aplica; Remuneração de Depósitos Bancários - Não Vinculados; Arrecadações; FUNDO MUNICIPAL DE SAUDE; FUNDO MUNICIPAL DE SAUDE; FUNDO MUNICIPAL DE SAUDE; R$ 0,00; R$ 0,00; R$ 0,00; R$ 0,00; R$ 1.275,02; R$ 4.610,15; R$ 0,00; 0.0
 13210101010311; Remun. de Dep. Banc. de Rec. Farm. FR39; Receitas Correntes; Receita Patrimonial; Valores Mobiliários; Remuneração de Depósitos Bancários - Principal; Juros e Correções Monetárias; Remuneração de Depósitos Bancários; ; Juros e Correções Monetárias; Remuneração de Depósitos Bancários; Não se aplica; Remun. de Dep. Banc. de Rec. Farm. FR39; Arrecadações; FUNDO MUNICIPAL DE SAUDE; FUNDO MUNICIPAL DE SAUDE; FUNDO MUNICIPAL DE SAUDE; R$ 0,00; R$ 0,00; R$ 0,00; R$ 0,00; R$ 1.072,48; R$ 1.072,48; R$ 0,00; 0.0
 13210101010311; Remun. de Dep. Banc. de Rec. Farm. FR39; Receitas Correntes; Receita Patrimonial; Valores Mobiliários; Remuneração de Depósitos Bancários - Principal; Juros e Correções Monetárias; Remuneração de Depósitos Bancários; ; Juros e Correções Monetárias; Remuneração de Depósitos Bancários; Não se aplica; Remun. de Dep. Banc. de Rec. Farm. FR39; Arrecadações; FUNDO MUNICIPAL DE SAUDE; FUNDO MUNICIPAL DE SAUDE; FUNDO MUNICIPAL DE SAUDE; R$ 0,00; R$ 0,00; R$ 0,00; R$ 0,00; R$ 900,18; R$ 1.972,66; R$ 0,00; 0.0
 13210101010311; Remun. de Dep. Banc. de Rec. Farm. FR39; Receitas Correntes; Receita Patrimonial; Valores Mobiliários; Remuneração de Depósitos Bancários - Principal; Juros e Correções Monetárias; Remuneração de Depósitos Bancários; ; Juros e Correções Monetárias; Remuneração de Depósitos Bancários; Não se aplica; Remun. de Dep. Banc. de Rec. Farm. FR39; Arrecadações; FUNDO MUNICIPAL DE SAUDE; FUNDO MUNICIPAL DE SAUDE; FUNDO MUNICIPAL DE SAUDE; R$ 0,00; R$ 0,00; R$ 0,00; R$ 0,00; R$ 1.157,65; R$ 3.130,31; R$ 0,00; 0.0
 13210101010311; Remun. de Dep. Banc. de Rec. Farm. FR39; Receitas Correntes; Receita Patrimonial; Valores Mobiliários; Remuneração de Depósitos Bancários - Principal; Juros e Correções Monetárias; Remuneração de Depósitos Bancários; ; Juros e Correções Monetárias; Remuneração de Depósitos Bancários; Não se aplica; Remun. de Dep. Banc. de Rec. Farm. FR39; Arrecadações; FUNDO MUNICIPAL DE SAUDE; FUNDO MUNICIPAL DE SAUDE; FUNDO MUNICIPAL DE SAUDE; R$ 0,00; R$ 0,00; R$ 0,00; R$ 0,00; R$ 1.462,21; R$ 4.592,52; R$ 0,00; 0.0
 13210101010311; Remun. de Dep. Banc. de Rec. Farm. FR39; Receitas Correntes; Receita Patrimonial; Valores Mobiliários; Remuneração de Depósitos Bancários - Principal; Juros e Correções Monetárias; Remuneração de Depósitos Bancários; ; Juros e Correções Monetárias; Remuneração de Depósitos Bancários; Não se aplica; Remun. de Dep. Banc. de Rec. Farm. FR39; Arrecadações; FUNDO MUNICIPAL DE SAUDE; FUNDO MUNICIPAL DE SAUDE; FUNDO MUNICIPAL DE SAUDE; R$ 0,00; R$ 0,00; R$ 0,00; R$ 0,00; R$ 1.221,20; R$ 5.813,72; R$ 0,00; 0.0
 13210101010311; Remun. de Dep. Banc. de Rec. Farm. FR39; Receitas Correntes; Receita Patrimonial; Valores Mobiliários; Remuneração de Depósitos Bancários - Principal; Juros e Correções Monetárias; Remuneração de Depósitos Bancários; ; Juros e Correções Monetárias; Remuneração de Depósitos Bancários; Não se aplica; Remun. de Dep. Banc. de Rec. Farm. FR39; Arrecadações; FUNDO MUNICIPAL DE SAUDE; FUNDO MUNICIPAL DE SAUDE; FUNDO MUNICIPAL DE SAUDE; R$ 0,00; R$ 0,00; R$ 0,00; R$ 0,00; R$ 1.314,62; R$ 7.128,34; R$ 0,00; 0.0
 13210101010311; Remun. de Dep. Banc. de Rec. Farm. FR39; Receitas Correntes; Receita Patrimonial; Valores Mobiliários; Remuneração de Depósitos Bancários - Principal; Juros e Correções Monetárias; Remuneração de Depósitos Bancários; ; Juros e Correções Monetárias; Remuneração de Depósitos Bancários; Não se aplica; Remun. de Dep. Banc. de Rec. Farm. FR39; Arrecadações; FUNDO MUNICIPAL DE SAUDE; FUNDO MUNICIPAL DE SAUDE; FUNDO MUNICIPAL DE SAUDE; R$ 0,00; R$ 0,00; R$ 0,00; R$ 0,00; R$ 1.049,32; R$ 8.177,66; R$ 0,00; 0.0
 13210101010311; Remun. de Dep. Banc. de Rec. Farm. FR39; Receitas Correntes; Receita Patrimonial; Valores Mobiliários; Remuneração de Depósitos Bancários - Principal; Juros e Correções Monetárias; Remuneração de Depósitos Bancários; ; Juros e Correções Monetárias; Remuneração de Depósitos Bancários; Não se aplica; Remun. de Dep. Banc. de Rec. Farm. FR39; Arrecadações; FUNDO MUNICIPAL DE SAUDE; FUNDO MUNICIPAL DE SAUDE; FUNDO MUNICIPAL DE SAUDE; R$ 0,00; R$ 0,00; R$ 0,00; R$ 0,00; R$ 726,07; R$ 8.903,73; R$ 0,00; 0.0
 13210101010311; Remun. de Dep. Banc. de Rec. Farm. FR39; Receitas Correntes; Receita Patrimonial; Valores Mobiliários; Remuneração de Depósitos Bancários - Principal; Juros e Correções Monetárias; Remuneração de Depósitos Bancários; ; Juros e Correções Monetárias; Remuneração de Depósitos Bancários; Não se aplica; Remun. de Dep. Banc. de Rec. Farm. FR39; Arrecadações; FUNDO MUNICIPAL DE SAUDE; FUNDO MUNICIPAL DE SAUDE; FUNDO MUNICIPAL DE SAUDE; R$ 0,00; R$ 0,00; R$ 0,00; R$ 0,00; R$ 492,36; R$ 9.396,09; R$ 0,00; 0.0
 13210101010311; Remun. de Dep. Banc. de Rec. Farm. FR39; Receitas Correntes; Receita Patrimonial; Valores Mobiliários; Remuneração de Depósitos Bancários - Principal; Juros e Correções Monetárias; Remuneração de Depósitos Bancários; ; Juros e Correções Monetárias; Remuneração de Depósitos Bancários; Não se aplica; Remun. de Dep. Banc. de Rec. Farm. FR39; Arrecadações; FUNDO MUNICIPAL DE SAUDE; FUNDO MUNICIPAL DE SAUDE; FUNDO MUNICIPAL DE SAUDE; R$ 0,00; R$ 0,00; R$ 0,00; R$ 0,00; R$ 246,88; R$ 9.642,97; R$ 0,00; 0.0
 13210101010311; Remun. de Dep. Banc. de Rec. Farm. FR39; Receitas Correntes; Receita Patrimonial; Valores Mobiliários; Remuneração de Depósitos Bancários - Principal; Juros e Correções Monetárias; Remuneração de Depósitos Bancários; ; Juros e Correções Monetárias; Remuneração de Depósitos Bancários; Não se aplica; Remun. de Dep. Banc. de Rec. Farm. FR39; Arrecadações; FUNDO MUNICIPAL DE SAUDE; FUNDO MUNICIPAL DE SAUDE; FUNDO MUNICIPAL DE SAUDE; R$ 0,00; R$ 0,00; R$ 0,00; R$ 0,00; R$ 169,09; R$ 9.812,06; R$ 0,00; 0.0
 13210101010311; Remun. de Dep. Banc. de Rec. Farm. FR39; Receitas Correntes; Receita Patrimonial; Valores Mobiliários; Remuneração de Depósitos Bancários - Principal; Juros e Correções Monetárias; Remuneração de Depósitos Bancários; ; Juros e Correções Monetárias; Remuneração de Depósitos Bancários; Não se aplica; Remun. de Dep. Banc. de Rec. Farm. FR39; Arrecadações; FUNDO MUNICIPAL DE SAUDE; FUNDO MUNICIPAL DE SAUDE; FUNDO MUNICIPAL DE SAUDE; R$ 0,00; R$ 0,00; R$ 0,00; R$ 0,00; R$ 401,48; R$ 10.213,54; R$ 0,00; 0.0
 17135031010000; Vigilância em Saúde; Receitas Correntes; Transferências Correntes; Transferências da União e de suas Entidades; Transferências de Recursos do Bloco de Manutenção das Ações e Serviços Públicos de Saúde – Vigilância em Saúde - Principal; Transferências de Recursos do Sistema Único de Saúde – SUS; Transferências de Recursos do Sistema Único de Saúde – SUS – Repasses Fundo a Fundo - Bloco de Manutenção das Ações e Serviços Públicos de Saúde; Transferências de Recursos do Bloco de Manutenção das Ações e Serviços Públicos de Saúde – Vigilância em Saúde; Transferências de Recursos do Sistema Único de Saúde – SUS; Transferências de Recursos do Sistema Único de Saúde – SUS – Repasses Fundo a Fundo - Bloco de Manutenção das Ações e Serviços Públicos de Saúde; Transferências de Recursos do Bloco de Manutenção das Ações e Serviços Públicos de Saúde – Vigilância em Saúde; Vigilância em Saúde; Arrecadações; FUNDO MUNICIPAL DE SAUDE; FUNDO MUNICIPAL DE SAUDE; FUNDO MUNICIPAL DE SAUDE; R$ 80.220,00; R$ 80.220,00; R$ 0,00; R$ 0,00; R$ 8.995,73; R$ 8.995,73; R$ 80.220,00; 11.21
 17135031010000; Vigilância em Saúde; Receitas Correntes; Transferências Correntes; Transferências da União e de suas Entidades; Transferências de Recursos do Bloco de Manutenção das Ações e Serviços Públicos de Saúde – Vigilância em Saúde - Principal; Transferências de Recursos do Sistema Único de Saúde – SUS; Transferências de Recursos do Sistema Único de Saúde – SUS – Repasses Fundo a Fundo - Bloco de Manutenção das Ações e Serviços Públicos de Saúde; Transferências de Recursos do Bloco de Manutenção das Ações e Serviços Públicos de Saúde – Vigilância em Saúde; Transferências de Recursos do Sistema Único de Saúde – SUS; Transferências de Recursos do Sistema Único de Saúde – SUS – Repasses Fundo a Fundo - Bloco de Manutenção das Ações e Serviços Públicos de Saúde; Transferências de Recursos do Bloco de Manutenção das Ações e Serviços Públicos de Saúde – Vigilância em Saúde; Vigilância em Saúde; Arrecadações; FUNDO MUNICIPAL DE SAUDE; FUNDO MUNICIPAL DE SAUDE; FUNDO MUNICIPAL DE SAUDE; R$ 0,00; R$ 0,00; R$ 0,00; R$ 0,00; R$ 6.487,73; R$ 15.483,46; R$ 0,00; 0.0
 17135031010000; Vigilância em Saúde; Receitas Correntes; Transferências Correntes; Transferências da União e de suas Entidades; Transferências de Recursos do Bloco de Manutenção das Ações e Serviços Públicos de Saúde – Vigilância em Saúde - Principal; Transferências de Recursos do Sistema Único de Saúde – SUS; Transferências de Recursos do Sistema Único de Saúde – SUS – Repasses Fundo a Fundo - Bloco de Manutenção das Ações e Serviços Públicos de Saúde; Transferências de Recursos do Bloco de Manutenção das Ações e Serviços Públicos de Saúde – Vigilância em Saúde; Transferências de Recursos do Sistema Único de Saúde – SUS; Transferências de Recursos do Sistema Único de Saúde – SUS – Repasses Fundo a Fundo - Bloco de Manutenção das Ações e Serviços Públicos de Saúde; Transferências de Recursos do Bloco de Manutenção das Ações e Serviços Públicos de Saúde – Vigilância em Saúde; Vigilância em Saúde; Arrecadações; FUNDO MUNICIPAL DE SAUDE; FUNDO MUNICIPAL DE SAUDE; FUNDO MUNICIPAL DE SAUDE; R$ 0,00; R$ 0,00; R$ 0,00; R$ 0,00; R$ 34.356,37; R$ 49.839,83; R$ 0,00; 0.0
 17135031010000; Vigilância em Saúde; Receitas Correntes; Transferências Correntes; Transferências da União e de suas Entidades; Transferências de Recursos do Bloco de Manutenção das Ações e Serviços Públicos de Saúde – Vigilância em Saúde - Principal; Transferências de Recursos do Sistema Único de Saúde – SUS; Transferências de Recursos do Sistema Único de Saúde – SUS – Repasses Fundo a Fundo - Bloco de Manutenção das Ações e Serviços Públicos de Saúde; Transferências de Recursos do Bloco de Manutenção das Ações e Serviços Públicos de Saúde – Vigilância em Saúde; Transferências de Recursos do Sistema Único de Saúde – SUS; Transferências de Recursos do Sistema Único de Saúde – SUS – Repasses Fundo a Fundo - Bloco de Manutenção das Ações e Serviços Públicos de Saúde; Transferências de Recursos do Bloco de Manutenção das Ações e Serviços Públicos de Saúde – Vigilância em Saúde; Vigilância em Saúde; Arrecadações; FUNDO MUNICIPAL DE SAUDE; FUNDO MUNICIPAL DE SAUDE; FUNDO MUNICIPAL DE SAUDE; R$ 0,00; R$ 0,00; R$ 0,00; R$ 0,00; R$ 10.487,73; R$ 60.327,56; R$ 0,00; 0.0
 17135031010000; Vigilância em Saúde; Receitas Correntes; Transferências Correntes; Transferências da União e de suas Entidades; Transferências de Recursos do Bloco de Manutenção das Ações e Serviços Públicos de Saúde – Vigilância em Saúde - Principal; Transferências de Recursos do Sistema Único de Saúde – SUS; Transferências de Recursos do Sistema Único de Saúde – SUS – Repasses Fundo a Fundo - Bloco de Manutenção das Ações e Serviços Públicos de Saúde; Transferências de Recursos do Bloco de Manutenção das Ações e Serviços Públicos de Saúde – Vigilância em Saúde; Transferências de Recursos do Sistema Único de Saúde – SUS; Transferências de Recursos do Sistema Único de Saúde – SUS – Repasses Fundo a Fundo - Bloco de Manutenção das Ações e Serviços Públicos de Saúde; Transferências de Recursos do Bloco de Manutenção das Ações e Serviços Públicos de Saúde – Vigilância em Saúde; Vigilância em Saúde; Arrecadações; FUNDO MUNICIPAL DE SAUDE; FUNDO MUNICIPAL DE SAUDE; FUNDO MUNICIPAL DE SAUDE; R$ 0,00; R$ 0,00; R$ 0,00; R$ 0,00; R$ 7.487,73; R$ 67.815,29; R$ 0,00; 0.0
 17135031010000; Vigilância em Saúde; Receitas Correntes; Transferências Correntes; Transferências da União e de suas Entidades; Transferências de Recursos do Bloco de Manutenção das Ações e Serviços Públicos de Saúde – Vigilância em Saúde - Principal; Transferências de Recursos do Sistema Único de Saúde – SUS; Transferências de Recursos do Sistema Único de Saúde – SUS – Repasses Fundo a Fundo - Bloco de Manutenção das Ações e Serviços Públicos de Saúde; Transferências de Recursos do Bloco de Manutenção das Ações e Serviços Públicos de Saúde – Vigilância em Saúde; Transferências de Recursos do Sistema Único de Saúde – SUS; Transferências de Recursos do Sistema Único de Saúde – SUS – Repasses Fundo a Fundo - Bloco de Manutenção das Ações e Serviços Públicos de Saúde; Transferências de Recursos do Bloco de Manutenção das Ações e Serviços Públicos de Saúde – Vigilância em Saúde; Vigilância em Saúde; Arrecadações; FUNDO MUNICIPAL DE SAUDE; FUNDO MUNICIPAL DE SAUDE; FUNDO MUNICIPAL DE SAUDE; R$ 0,00; R$ 0,00; R$ 0,00; R$ 0,00; R$ 7.487,73; R$ 75.303,02; R$ 0,00; 0.0
 17135031010000; Vigilância em Saúde; Receitas Correntes; Transferências Correntes; Transferências da União e de suas Entidades; Transferências de Recursos do Bloco de Manutenção das Ações e Serviços Públicos de Saúde – Vigilância em Saúde - Principal; Transferências de Recursos do Sistema Único de Saúde – SUS; Transferências de Recursos do Sistema Único de Saúde – SUS – Repasses Fundo a Fundo - Bloco de Manutenção das Ações e Serviços Públicos de Saúde; Transferências de Recursos do Bloco de Manutenção das Ações e Serviços Públicos de Saúde – Vigilância em Saúde; Transferências de Recursos do Sistema Único de Saúde – SUS; Transferências de Recursos do Sistema Único de Saúde – SUS – Repasses Fundo a Fundo - Bloco de Manutenção das Ações e Serviços Públicos de Saúde; Transferências de Recursos do Bloco de Manutenção das Ações e Serviços Públicos de Saúde – Vigilância em Saúde; Vigilância em Saúde; Arrecadações; FUNDO MUNICIPAL DE SAUDE; FUNDO MUNICIPAL DE SAUDE; FUNDO MUNICIPAL DE SAUDE; R$ 0,00; R$ 0,00; R$ 0,00; R$ 0,00; R$ 6.487,73; R$ 81.790,75; R$ 0,00; 0.0
 17135031010000; Vigilância em Saúde; Receitas Correntes; Transferências Correntes; Transferências da União e de suas Entidades; Transferências de Recursos do Bloco de Manutenção das Ações e Serviços Públicos de Saúde – Vigilância em Saúde - Principal; Transferências de Recursos do Sistema Único de Saúde – SUS; Transferências de Recursos do Sistema Único de Saúde – SUS – Repasses Fundo a Fundo - Bloco de Manutenção das Ações e Serviços Públicos de Saúde; Transferências de Recursos do Bloco de Manutenção das Ações e Serviços Públicos de Saúde – Vigilância em Saúde; Transferências de Recursos do Sistema Único de Saúde – SUS; Transferências de Recursos do Sistema Único de Saúde – SUS – Repasses Fundo a Fundo - Bloco de Manutenção das Ações e Serviços Públicos de Saúde; Transferências de Recursos do Bloco de Manutenção das Ações e Serviços Públicos de Saúde – Vigilância em Saúde; Vigilância em Saúde; Arrecadações; FUNDO MUNICIPAL DE SAUDE; FUNDO MUNICIPAL DE SAUDE; FUNDO MUNICIPAL DE SAUDE; R$ 0,00; R$ 0,00; R$ 0,00; R$ 0,00; R$ 8.487,73; R$ 90.278,48; R$ 0,00; 0.0
 17135031010000; Vigilância em Saúde; Receitas Correntes; Transferências Correntes; Transferências da União e de suas Entidades; Transferências de Recursos do Bloco de Manutenção das Ações e Serviços Públicos de Saúde – Vigilância em Saúde - Principal; Transferências de Recursos do Sistema Único de Saúde – SUS; Transferências de Recursos do Sistema Único de Saúde – SUS – Repasses Fundo a Fundo - Bloco de Manutenção das Ações e Serviços Públicos de Saúde; Transferências de Recursos do Bloco de Manutenção das Ações e Serviços Públicos de Saúde – Vigilância em Saúde; Transferências de Recursos do Sistema Único de Saúde – SUS; Transferências de Recursos do Sistema Único de Saúde – SUS – Repasses Fundo a Fundo - Bloco de Manutenção das Ações e Serviços Públicos de Saúde; Transferências de Recursos do Bloco de Manutenção das Ações e Serviços Públicos de Saúde – Vigilância em Saúde; Vigilância em Saúde; Arrecadações; FUNDO MUNICIPAL DE SAUDE; FUNDO MUNICIPAL DE SAUDE; FUNDO MUNICIPAL DE SAUDE; R$ 0,00; R$ 0,00; R$ 0,00; R$ 0,00; R$ 4.663,73; R$ 94.942,21; R$ 0,00; 0.0
 17135031010000; Vigilância em Saúde; Receitas Correntes; Transferências Correntes; Transferências da União e de suas Entidades; Transferências de Recursos do Bloco de Manutenção das Ações e Serviços Públicos de Saúde – Vigilância em Saúde - Principal; Transferências de Recursos do Sistema Único de Saúde – SUS; Transferências de Recursos do Sistema Único de Saúde – SUS – Repasses Fundo a Fundo - Bloco de Manutenção das Ações e Serviços Públicos de Saúde; Transferências de Recursos do Bloco de Manutenção das Ações e Serviços Públicos de Saúde – Vigilância em Saúde; Transferências de Recursos do Sistema Único de Saúde – SUS; Transferências de Recursos do Sistema Único de Saúde – SUS – Repasses Fundo a Fundo - Bloco de Manutenção das Ações e Serviços Públicos de Saúde; Transferências de Recursos do Bloco de Manutenção das Ações e Serviços Públicos de Saúde – Vigilância em Saúde; Vigilância em Saúde; Arrecadações; FUNDO MUNICIPAL DE SAUDE; FUNDO MUNICIPAL DE SAUDE; FUNDO MUNICIPAL DE SAUDE; R$ 0,00; R$ 0,00; R$ 0,00; R$ 0,00; R$ 4.663,73; R$ 99.605,94; R$ 0,00; 0.0
 17135031010000; Vigilância em Saúde; Receitas Correntes; Transferências Correntes; Transferências da União e de suas Entidades; Transferências de Recursos do Bloco de Manutenção das Ações e Serviços Públicos de Saúde – Vigilância em Saúde - Principal; Transferências de Recursos do Sistema Único de Saúde – SUS; Transferências de Recursos do Sistema Único de Saúde – SUS – Repasses Fundo a Fundo - Bloco de Manutenção das Ações e Serviços Públicos de Saúde; Transferências de Recursos do Bloco de Manutenção das Ações e Serviços Públicos de Saúde – Vigilância em Saúde; Transferências de Recursos do Sistema Único de Saúde – SUS; Transferências de Recursos do Sistema Único de Saúde – SUS – Repasses Fundo a Fundo - Bloco de Manutenção das Ações e Serviços Públicos de Saúde; Transferências de Recursos do Bloco de Manutenção das Ações e Serviços Públicos de Saúde – Vigilância em Saúde; Vigilância em Saúde; Arrecadações; FUNDO MUNICIPAL DE SAUDE; FUNDO MUNICIPAL DE SAUDE; FUNDO MUNICIPAL DE SAUDE; R$ 0,00; R$ 0,00; R$ 0,00; R$ 0,00; R$ 4.663,73; R$ 104.269,67; R$ 0,00; 0.0
 17135031010000; Vigilância em Saúde; Receitas Correntes; Transferências Correntes; Transferências da União e de suas Entidades; Transferências de Recursos do Bloco de Manutenção das Ações e Serviços Públicos de Saúde – Vigilância em Saúde - Principal; Transferências de Recursos do Sistema Único de Saúde – SUS; Transferências de Recursos do Sistema Único de Saúde – SUS – Repasses Fundo a Fundo - Bloco de Manutenção das Ações e Serviços Públicos de Saúde; Transferências de Recursos do Bloco de Manutenção das Ações e Serviços Públicos de Saúde – Vigilância em Saúde; Transferências de Recursos do Sistema Único de Saúde – SUS; Transferências de Recursos do Sistema Único de Saúde – SUS – Repasses Fundo a Fundo - Bloco de Manutenção das Ações e Serviços Públicos de Saúde; Transferências de Recursos do Bloco de Manutenção das Ações e Serviços Públicos de Saúde – Vigilância em Saúde; Vigilância em Saúde; Arrecadações; FUNDO MUNICIPAL DE SAUDE; FUNDO MUNICIPAL DE SAUDE; FUNDO MUNICIPAL DE SAUDE; R$ 0,00; R$ 0,00; R$ 0,00; R$ 0,00; R$ 16.704,68; R$ 120.974,35; R$ 0,00; 0.0
