Rubrica natureza;Descrição natureza receita;Categoria econômica;Origem da receita;Especie da receita;Tipo da receita;Rubrica receita;Alínea da receita;Subalínea da receita;Desdobramento nível 1;Desdobramento nível 2;Desdobramento nível 3;Finalidade da receita;Forma de ingresso;Órgão;Unidade;Organograma;Valor orçado R$;Orçado atualizado R$;Orçado deduções R$;Valor lançado mês;Valor arrecadado mês;Valor arrecadado acumulado até o mês;Orçado líquido atualizado R$;Realizado (%)
 13210101019913; Remun Dep Banc Vinculados- covid EPI; Receitas Correntes; Receita Patrimonial; Valores Mobiliários; Remuneração de Depósitos Bancários - Principal; Juros e Correções Monetárias; Remuneração de Depósitos Bancários; ; Juros e Correções Monetárias; Remuneração de Depósitos Bancários; Não se aplica; Remun Dep Banc Vinculados- covid EPI; Arrecadações; SECRETARIA DE ADMINISTRAÇÃO E FINANÇAS; SECRETARIA DE ADMINISTRAÇÃO E FINANÇAS; SECRETARIA DE ADMINISTRAÇÃO E FINANÇAS; R$ 0,00; R$ 0,00; R$ 0,00; R$ 0,00; R$ 2,49; R$ 2,49; R$ 0,00; 0.0
 13210101019913; Remun Dep Banc Vinculados- covid EPI; Receitas Correntes; Receita Patrimonial; Valores Mobiliários; Remuneração de Depósitos Bancários - Principal; Juros e Correções Monetárias; Remuneração de Depósitos Bancários; ; Juros e Correções Monetárias; Remuneração de Depósitos Bancários; Não se aplica; Remun Dep Banc Vinculados- covid EPI; Arrecadações; SECRETARIA DE ADMINISTRAÇÃO E FINANÇAS; SECRETARIA DE ADMINISTRAÇÃO E FINANÇAS; SECRETARIA DE ADMINISTRAÇÃO E FINANÇAS; R$ 0,00; R$ 0,00; R$ 0,00; R$ 0,00; R$ 2,48; R$ 4,97; R$ 0,00; 0.0
 13210101019913; Remun Dep Banc Vinculados- covid EPI; Receitas Correntes; Receita Patrimonial; Valores Mobiliários; Remuneração de Depósitos Bancários - Principal; Juros e Correções Monetárias; Remuneração de Depósitos Bancários; ; Juros e Correções Monetárias; Remuneração de Depósitos Bancários; Não se aplica; Remun Dep Banc Vinculados- covid EPI; Arrecadações; SECRETARIA DE ADMINISTRAÇÃO E FINANÇAS; SECRETARIA DE ADMINISTRAÇÃO E FINANÇAS; SECRETARIA DE ADMINISTRAÇÃO E FINANÇAS; R$ 0,00; R$ 0,00; R$ 0,00; R$ 0,00; R$ 2,45; R$ 7,42; R$ 0,00; 0.0
 13210101019913; Remun Dep Banc Vinculados- covid EPI; Receitas Correntes; Receita Patrimonial; Valores Mobiliários; Remuneração de Depósitos Bancários - Principal; Juros e Correções Monetárias; Remuneração de Depósitos Bancários; ; Juros e Correções Monetárias; Remuneração de Depósitos Bancários; Não se aplica; Remun Dep Banc Vinculados- covid EPI; Arrecadações; SECRETARIA DE ADMINISTRAÇÃO E FINANÇAS; SECRETARIA DE ADMINISTRAÇÃO E FINANÇAS; SECRETARIA DE ADMINISTRAÇÃO E FINANÇAS; R$ 0,00; R$ 0,00; R$ 0,00; R$ 0,00; R$ -7,42; R$ 0,00; R$ 0,00; 0.0
 13210101019914; Remun Dep Banc Vinculados- Covid Acolhimento; Receitas Correntes; Receita Patrimonial; Valores Mobiliários; Remuneração de Depósitos Bancários - Principal; Juros e Correções Monetárias; Remuneração de Depósitos Bancários; ; Juros e Correções Monetárias; Remuneração de Depósitos Bancários; Não se aplica; Remun Dep Banc Vinculados- Covid Acolhimento; Arrecadações; SECRETARIA DE ADMINISTRAÇÃO E FINANÇAS; SECRETARIA DE ADMINISTRAÇÃO E FINANÇAS; SECRETARIA DE ADMINISTRAÇÃO E FINANÇAS; R$ 0,00; R$ 0,00; R$ 0,00; R$ 0,00; R$ -1,35; R$ 0,00; R$ 0,00; 0.0
 11220104010000; Taxas de Coleta de Lixo - Dívida Ativa - Multas e Juros de Mora da Dívida Ativa; Receitas Correntes; Impostos, Taxas e Contribuições de Melhoria; Taxas; Taxas pela Prestação de Serviços em Geral - Dívida Ativa - Multas e Juros de Mora da Dívida Ativa; Taxas pela Prestação de Serviços; Taxas pela Prestação de Serviços; ; Taxas pela Prestação de Serviços; Taxas pela Prestação de Serviços; Não se aplica; Taxas de Coleta de Lixo - Dívida Ativa - Multas e Juros de Mora da Dívida Ativa; Arrecadações; SECRETARIA DE OBRAS E SERVIÇOS URBANOS; DIRETORIA DE OBRAS; SECRETARIA DE OBRAS E SERVIÇOS URBANOS; R$ 0,00; R$ 0,00; R$ 0,00; R$ 0,00; R$ 10.399,81; R$ 10.399,81; R$ 0,00; 0.0
 11210101050000; TPP - Tx de Licença Ambiental; Receitas Correntes; Impostos, Taxas e Contribuições de Melhoria; Taxas; Taxas de Inspeção; Taxas pelo Exercício do Poder de Polícia; Taxas de Inspeção, Controle e Fiscalização; ; Taxas pelo Exercício do Poder de Polícia; Taxas de Inspeção, Controle e Fiscalização; Não se aplica; TPP - Tx de Licença Ambiental; Arrecadações; SECRETARIA DE MEIO AMBIENTE E DESENV. ECONÔMICO; DIRETORIA DE MEIO AMBIENTE; SECRETARIA DE MEIO AMBIENTE E DESENV. ECONÔMICO; R$ 0,00; R$ 0,00; R$ 0,00; R$ 0,00; R$ 1.482,00; R$ 1.482,00; R$ 0,00; 0.0
 11220101020000; Taxa de Coleta de lixo; Receitas Correntes; Impostos, Taxas e Contribuições de Melhoria; Taxas; Taxas pela Prestação de Serviços em Geral - Principal; Taxas pela Prestação de Serviços; Taxas pela Prestação de Serviços; ; Taxas pela Prestação de Serviços; Taxas pela Prestação de Serviços; Não se aplica; Taxa de Coleta de lixo; Arrecadações; SECRETARIA DE OBRAS E SERVIÇOS URBANOS; DIRETORIA DE OBRAS; SECRETARIA DE OBRAS E SERVIÇOS URBANOS; R$ 0,00; R$ 0,00; R$ 0,00; R$ 0,00; R$ 901.970,40; R$ 901.970,40; R$ 0,00; 0.0
 11220102010000; Taxa de Coleta de Lixo - Multas e Juros; Receitas Correntes; Impostos, Taxas e Contribuições de Melhoria; Taxas; Taxas pela Prestação de Serviços em Geral - Multas e Juros de Mora; Taxas pela Prestação de Serviços; Taxas pela Prestação de Serviços; ; Taxas pela Prestação de Serviços; Taxas pela Prestação de Serviços; Não se aplica; Taxa de Coleta de Lixo - Multas e Juros; Arrecadações; SECRETARIA DE OBRAS E SERVIÇOS URBANOS; DIRETORIA DE OBRAS; SECRETARIA DE OBRAS E SERVIÇOS URBANOS; R$ 0,00; R$ 0,00; R$ 0,00; R$ 0,00; R$ 168,97; R$ 168,97; R$ 0,00; 0.0
 11220103010000; Taxa de Coleta de Lixo - Dívida Ativa; Receitas Correntes; Impostos, Taxas e Contribuições de Melhoria; Taxas; Taxas pela Prestação de Serviços em Geral - Dívida Ativa; Taxas pela Prestação de Serviços; Taxas pela Prestação de Serviços; ; Taxas pela Prestação de Serviços; Taxas pela Prestação de Serviços; Não se aplica; Taxa de Coleta de Lixo - Dívida Ativa; Arrecadações; SECRETARIA DE OBRAS E SERVIÇOS URBANOS; DIRETORIA DE OBRAS; SECRETARIA DE OBRAS E SERVIÇOS URBANOS; R$ 0,00; R$ 0,00; R$ 0,00; R$ 0,00; R$ 30.482,14; R$ 30.482,14; R$ 0,00; 0.0
 11220101020000; Taxa de Coleta de lixo; Receitas Correntes; Impostos, Taxas e Contribuições de Melhoria; Taxas; Taxas pela Prestação de Serviços em Geral - Principal; Taxas pela Prestação de Serviços; Taxas pela Prestação de Serviços; ; Taxas pela Prestação de Serviços; Taxas pela Prestação de Serviços; Não se aplica; Taxa de Coleta de lixo; Arrecadações; SECRETARIA DE OBRAS E SERVIÇOS URBANOS; DIRETORIA DE OBRAS; SECRETARIA DE OBRAS E SERVIÇOS URBANOS; R$ 0,00; R$ 0,00; R$ 0,00; R$ 0,00; R$ 493.314,60; R$ 1.395.285,00; R$ 0,00; 0.0
 11220104010000; Taxas de Coleta de Lixo - Dívida Ativa - Multas e Juros de Mora da Dívida Ativa; Receitas Correntes; Impostos, Taxas e Contribuições de Melhoria; Taxas; Taxas pela Prestação de Serviços em Geral - Dívida Ativa - Multas e Juros de Mora da Dívida Ativa; Taxas pela Prestação de Serviços; Taxas pela Prestação de Serviços; ; Taxas pela Prestação de Serviços; Taxas pela Prestação de Serviços; Não se aplica; Taxas de Coleta de Lixo - Dívida Ativa - Multas e Juros de Mora da Dívida Ativa; Arrecadações; SECRETARIA DE OBRAS E SERVIÇOS URBANOS; DIRETORIA DE OBRAS; SECRETARIA DE OBRAS E SERVIÇOS URBANOS; R$ 0,00; R$ 0,00; R$ 0,00; R$ 0,00; R$ 14.301,09; R$ 24.700,90; R$ 0,00; 0.0
 11220102010000; Taxa de Coleta de Lixo - Multas e Juros; Receitas Correntes; Impostos, Taxas e Contribuições de Melhoria; Taxas; Taxas pela Prestação de Serviços em Geral - Multas e Juros de Mora; Taxas pela Prestação de Serviços; Taxas pela Prestação de Serviços; ; Taxas pela Prestação de Serviços; Taxas pela Prestação de Serviços; Não se aplica; Taxa de Coleta de Lixo - Multas e Juros; Arrecadações; SECRETARIA DE OBRAS E SERVIÇOS URBANOS; DIRETORIA DE OBRAS; SECRETARIA DE OBRAS E SERVIÇOS URBANOS; R$ 0,00; R$ 0,00; R$ 0,00; R$ 0,00; R$ 81,25; R$ 250,22; R$ 0,00; 0.0
 11220103010000; Taxa de Coleta de Lixo - Dívida Ativa; Receitas Correntes; Impostos, Taxas e Contribuições de Melhoria; Taxas; Taxas pela Prestação de Serviços em Geral - Dívida Ativa; Taxas pela Prestação de Serviços; Taxas pela Prestação de Serviços; ; Taxas pela Prestação de Serviços; Taxas pela Prestação de Serviços; Não se aplica; Taxa de Coleta de Lixo - Dívida Ativa; Arrecadações; SECRETARIA DE OBRAS E SERVIÇOS URBANOS; DIRETORIA DE OBRAS; SECRETARIA DE OBRAS E SERVIÇOS URBANOS; R$ 0,00; R$ 0,00; R$ 0,00; R$ 0,00; R$ 23.580,70; R$ 54.062,84; R$ 0,00; 0.0
 11210101050000; TPP - Tx de Licença Ambiental; Receitas Correntes; Impostos, Taxas e Contribuições de Melhoria; Taxas; Taxas de Inspeção; Taxas pelo Exercício do Poder de Polícia; Taxas de Inspeção, Controle e Fiscalização; ; Taxas pelo Exercício do Poder de Polícia; Taxas de Inspeção, Controle e Fiscalização; Não se aplica; TPP - Tx de Licença Ambiental; Arrecadações; SECRETARIA DE MEIO AMBIENTE E DESENV. ECONÔMICO; DIRETORIA DE MEIO AMBIENTE; SECRETARIA DE MEIO AMBIENTE E DESENV. ECONÔMICO; R$ 0,00; R$ 0,00; R$ 0,00; R$ 0,00; R$ 495,00; R$ 1.977,00; R$ 0,00; 0.0
 11210101050000; TPP - Tx de Licença Ambiental; Receitas Correntes; Impostos, Taxas e Contribuições de Melhoria; Taxas; Taxas de Inspeção; Taxas pelo Exercício do Poder de Polícia; Taxas de Inspeção, Controle e Fiscalização; ; Taxas pelo Exercício do Poder de Polícia; Taxas de Inspeção, Controle e Fiscalização; Não se aplica; TPP - Tx de Licença Ambiental; Arrecadações; SECRETARIA DE MEIO AMBIENTE E DESENV. ECONÔMICO; DIRETORIA DE MEIO AMBIENTE; SECRETARIA DE MEIO AMBIENTE E DESENV. ECONÔMICO; R$ 0,00; R$ 0,00; R$ 0,00; R$ 0,00; R$ 691,00; R$ 2.668,00; R$ 0,00; 0.0
 11220104010000; Taxas de Coleta de Lixo - Dívida Ativa - Multas e Juros de Mora da Dívida Ativa; Receitas Correntes; Impostos, Taxas e Contribuições de Melhoria; Taxas; Taxas pela Prestação de Serviços em Geral - Dívida Ativa - Multas e Juros de Mora da Dívida Ativa; Taxas pela Prestação de Serviços; Taxas pela Prestação de Serviços; ; Taxas pela Prestação de Serviços; Taxas pela Prestação de Serviços; Não se aplica; Taxas de Coleta de Lixo - Dívida Ativa - Multas e Juros de Mora da Dívida Ativa; Arrecadações; SECRETARIA DE OBRAS E SERVIÇOS URBANOS; DIRETORIA DE OBRAS; SECRETARIA DE OBRAS E SERVIÇOS URBANOS; R$ 0,00; R$ 0,00; R$ 0,00; R$ 0,00; R$ 2.881,90; R$ 27.582,80; R$ 0,00; 0.0
 11220101020000; Taxa de Coleta de lixo; Receitas Correntes; Impostos, Taxas e Contribuições de Melhoria; Taxas; Taxas pela Prestação de Serviços em Geral - Principal; Taxas pela Prestação de Serviços; Taxas pela Prestação de Serviços; ; Taxas pela Prestação de Serviços; Taxas pela Prestação de Serviços; Não se aplica; Taxa de Coleta de lixo; Arrecadações; SECRETARIA DE OBRAS E SERVIÇOS URBANOS; DIRETORIA DE OBRAS; SECRETARIA DE OBRAS E SERVIÇOS URBANOS; R$ 0,00; R$ 0,00; R$ 0,00; R$ 0,00; R$ 248.060,07; R$ 1.643.345,07; R$ 0,00; 0.0
 11220102010000; Taxa de Coleta de Lixo - Multas e Juros; Receitas Correntes; Impostos, Taxas e Contribuições de Melhoria; Taxas; Taxas pela Prestação de Serviços em Geral - Multas e Juros de Mora; Taxas pela Prestação de Serviços; Taxas pela Prestação de Serviços; ; Taxas pela Prestação de Serviços; Taxas pela Prestação de Serviços; Não se aplica; Taxa de Coleta de Lixo - Multas e Juros; Arrecadações; SECRETARIA DE OBRAS E SERVIÇOS URBANOS; DIRETORIA DE OBRAS; SECRETARIA DE OBRAS E SERVIÇOS URBANOS; R$ 0,00; R$ 0,00; R$ 0,00; R$ 0,00; R$ 937,51; R$ 1.187,73; R$ 0,00; 0.0
 11220103010000; Taxa de Coleta de Lixo - Dívida Ativa; Receitas Correntes; Impostos, Taxas e Contribuições de Melhoria; Taxas; Taxas pela Prestação de Serviços em Geral - Dívida Ativa; Taxas pela Prestação de Serviços; Taxas pela Prestação de Serviços; ; Taxas pela Prestação de Serviços; Taxas pela Prestação de Serviços; Não se aplica; Taxa de Coleta de Lixo - Dívida Ativa; Arrecadações; SECRETARIA DE OBRAS E SERVIÇOS URBANOS; DIRETORIA DE OBRAS; SECRETARIA DE OBRAS E SERVIÇOS URBANOS; R$ 0,00; R$ 0,00; R$ 0,00; R$ 0,00; R$ 22.797,67; R$ 76.860,51; R$ 0,00; 0.0
 13210101019914; Remun Dep Banc Vinculados- Covid Acolhimento; Receitas Correntes; Receita Patrimonial; Valores Mobiliários; Remuneração de Depósitos Bancários - Principal; Juros e Correções Monetárias; Remuneração de Depósitos Bancários; ; Juros e Correções Monetárias; Remuneração de Depósitos Bancários; Não se aplica; Remun Dep Banc Vinculados- Covid Acolhimento; Arrecadações; SECRETARIA DE ADMINISTRAÇÃO E FINANÇAS; SECRETARIA DE ADMINISTRAÇÃO E FINANÇAS; SECRETARIA DE ADMINISTRAÇÃO E FINANÇAS; R$ 0,00; R$ 0,00; R$ 0,00; R$ 0,00; R$ 1,35; R$ 1,35; R$ 0,00; 0.0
 13210101019914; Remun Dep Banc Vinculados- Covid Acolhimento; Receitas Correntes; Receita Patrimonial; Valores Mobiliários; Remuneração de Depósitos Bancários - Principal; Juros e Correções Monetárias; Remuneração de Depósitos Bancários; ; Juros e Correções Monetárias; Remuneração de Depósitos Bancários; Não se aplica; Remun Dep Banc Vinculados- Covid Acolhimento; Arrecadações; SECRETARIA DE ADMINISTRAÇÃO E FINANÇAS; SECRETARIA DE ADMINISTRAÇÃO E FINANÇAS; SECRETARIA DE ADMINISTRAÇÃO E FINANÇAS; R$ 0,00; R$ 0,00; R$ 0,00; R$ 0,00; R$ 1,36; R$ 2,71; R$ 0,00; 0.0
 13210101019914; Remun Dep Banc Vinculados- Covid Acolhimento; Receitas Correntes; Receita Patrimonial; Valores Mobiliários; Remuneração de Depósitos Bancários - Principal; Juros e Correções Monetárias; Remuneração de Depósitos Bancários; ; Juros e Correções Monetárias; Remuneração de Depósitos Bancários; Não se aplica; Remun Dep Banc Vinculados- Covid Acolhimento; Arrecadações; SECRETARIA DE ADMINISTRAÇÃO E FINANÇAS; SECRETARIA DE ADMINISTRAÇÃO E FINANÇAS; SECRETARIA DE ADMINISTRAÇÃO E FINANÇAS; R$ 0,00; R$ 0,00; R$ 0,00; R$ 0,00; R$ 1,34; R$ 4,05; R$ 0,00; 0.0
 13210101019914; Remun Dep Banc Vinculados- Covid Acolhimento; Receitas Correntes; Receita Patrimonial; Valores Mobiliários; Remuneração de Depósitos Bancários - Principal; Juros e Correções Monetárias; Remuneração de Depósitos Bancários; ; Juros e Correções Monetárias; Remuneração de Depósitos Bancários; Não se aplica; Remun Dep Banc Vinculados- Covid Acolhimento; Arrecadações; SECRETARIA DE ADMINISTRAÇÃO E FINANÇAS; SECRETARIA DE ADMINISTRAÇÃO E FINANÇAS; SECRETARIA DE ADMINISTRAÇÃO E FINANÇAS; R$ 0,00; R$ 0,00; R$ 0,00; R$ 0,00; R$ -4,05; R$ 0,00; R$ 0,00; 0.0
 17155201000000; Transferências de Recursos de Complementaçao da União ao Fundeb - VAAR - Principal; Receitas Correntes; Transferências Correntes; Transferências da União e de suas Entidades; Transferências de Recursos de Complementaçao da União ao Fundeb - VAAR - Principal; Transferências de Recursos de Complementação da União ao Fundo de Manutenção e Desenvolvimento da Educação Básica e de Valorização dos Profissionais d; Transferências de Recursos de Complementaçao da União ao Fundeb - VAAR; ; Transferências de Recursos de Complementação da União ao Fundo de Manutenção e Desenvolvimento da Educação Básica e de Valorização dos Profissionais d; Transferências de Recursos de Complementaçao da União ao Fundeb - VAAR; Não se aplica; Transferências de Recursos de Complementaçao da União ao Fundeb - VAAR - Principal; Arrecadações; SECRETARIA DE ADMINISTRAÇÃO E FINANÇAS; SECRETARIA DE ADMINISTRAÇÃO E FINANÇAS; SECRETARIA DE ADMINISTRAÇÃO E FINANÇAS; R$ 60.000,00; R$ 60.000,00; R$ 0,00; R$ 0,00; R$ 0,00; R$ 0,00; R$ 60.000,00; 0.0
 17155201000000; Transferências de Recursos de Complementaçao da União ao Fundeb - VAAR - Principal; Receitas Correntes; Transferências Correntes; Transferências da União e de suas Entidades; Transferências de Recursos de Complementaçao da União ao Fundeb - VAAR - Principal; Transferências de Recursos de Complementação da União ao Fundo de Manutenção e Desenvolvimento da Educação Básica e de Valorização dos Profissionais d; Transferências de Recursos de Complementaçao da União ao Fundeb - VAAR; ; Transferências de Recursos de Complementação da União ao Fundo de Manutenção e Desenvolvimento da Educação Básica e de Valorização dos Profissionais d; Transferências de Recursos de Complementaçao da União ao Fundeb - VAAR; Não se aplica; Transferências de Recursos de Complementaçao da União ao Fundeb - VAAR - Principal; Arrecadações; SECRETARIA DE ADMINISTRAÇÃO E FINANÇAS; SECRETARIA DE ADMINISTRAÇÃO E FINANÇAS; SECRETARIA DE ADMINISTRAÇÃO E FINANÇAS; R$ 0,00; R$ 0,00; R$ 0,00; R$ 0,00; R$ 524,42; R$ 524,42; R$ 0,00; 0.0
 24229901000000; Outras Transferências de Convênios dos Estados e DF e de Suas Entidades - Principal; Receitas de Capital; Transferências de Capital; Transferências dos Estados e do Distrito Federal e de suas Entidades; Outras Transferências de Convênios dos Estados e DF e de Suas Entidades - Principal; Transferências de Convênios dos Estados e DF e de Suas Entidades; Outras Transferências de Convênios dos Estados e DF e de Suas Entidades; ; Transferências de Convênios dos Estados e DF e de Suas Entidades; Outras Transferências de Convênios dos Estados e DF e de Suas Entidades; Não se aplica; Outras Transferências de Convênios dos Estados e DF e de Suas Entidades - Principal; Arrecadações; SECRETARIA DE ADMINISTRAÇÃO E FINANÇAS; SECRETARIA DE ADMINISTRAÇÃO E FINANÇAS; SECRETARIA DE ADMINISTRAÇÃO E FINANÇAS; R$ 9.999.999,76; R$ 9.999.999,76; R$ 0,00; R$ 0,00; R$ 0,00; R$ 0,00; R$ 9.999.999,76; 0.0
 24299901000002; Outras Transf. do Estado E. Imp - Educação; Receitas de Capital; Transferências de Capital; Transferências dos Estados e do Distrito Federal e de suas Entidades; Outras Transferências de Recursos dos Estados - Principal; Outras Transferências de Recursos dos Estados; Outras Transferências de Recursos dos Estados; ; Outras Transferências de Recursos dos Estados; Outras Transferências de Recursos dos Estados; Não se aplica; Outras Transf. do Estado E. Imp - Educação; Arrecadações; SECRETARIA DE ADMINISTRAÇÃO E FINANÇAS; SECRETARIA DE ADMINISTRAÇÃO E FINANÇAS; SECRETARIA DE ADMINISTRAÇÃO E FINANÇAS; R$ 570.438,50; R$ 570.438,50; R$ 0,00; R$ 0,00; R$ 0,00; R$ 0,00; R$ 570.438,50; 0.0
 24145101000000; Transferências de Convênios da União destinadas a Programas de Educação - Principal; Receitas de Capital; Transferências de Capital; Transferências da União e de suas Entidades; Transferências de Convênios da União destinadas a Programas de Educação - Principal; Transferências de Convênios da União e de suas Entidades ; Transferências de Convênios da União destinadas a Programas de Educação; ; Transferências de Convênios da União e de suas Entidades ; Transferências de Convênios da União destinadas a Programas de Educação; Não se aplica; Transferências de Convênios da União destinadas a Programas de Educação - Principal; Arrecadações; SECRETARIA DE ADMINISTRAÇÃO E FINANÇAS; SECRETARIA DE ADMINISTRAÇÃO E FINANÇAS; SECRETARIA DE ADMINISTRAÇÃO E FINANÇAS; R$ 836.262,84; R$ 836.262,84; R$ 0,00; R$ 0,00; R$ 0,00; R$ 0,00; R$ 836.262,84; 0.0
 24145201000000; Transferências de Convênios da União destinadas a Programas de Saneamento Básico - Principal; Receitas de Capital; Transferências de Capital; Transferências da União e de suas Entidades; Transferências de Convênios da União destinadas a Programas de Saneamento Básico - Principal; Transferências de Convênios da União e de suas Entidades ; Transferências de Convênios da União destinadas a Programas de Saneamento Básico; ; Transferências de Convênios da União e de suas Entidades ; Transferências de Convênios da União destinadas a Programas de Saneamento Básico; Não se aplica; Transferências de Convênios da União destinadas a Programas de Saneamento Básico - Principal; Arrecadações; SECRETARIA DE ADMINISTRAÇÃO E FINANÇAS; SECRETARIA DE ADMINISTRAÇÃO E FINANÇAS; SECRETARIA DE ADMINISTRAÇÃO E FINANÇAS; R$ 366.598,01; R$ 366.598,01; R$ 0,00; R$ 0,00; R$ 0,00; R$ 0,00; R$ 366.598,01; 0.0
 21120101000000; Operações de Crédito Contratuais - Mercado Interno - Principal; Receitas de Capital; Operações de Crédito; Operações de Crédito - Mercado Interno; Operações de Crédito Contratuais - Mercado Interno - Principal; Operações de Crédito Contratuais - Mercado Interno; Operações de Crédito Contratuais - Mercado Interno; ; Operações de Crédito Contratuais - Mercado Interno; Operações de Crédito Contratuais - Mercado Interno; Não se aplica; Operações de Crédito Contratuais - Mercado Interno - Principal; Arrecadações; SECRETARIA DE ADMINISTRAÇÃO E FINANÇAS; SECRETARIA DE ADMINISTRAÇÃO E FINANÇAS; SECRETARIA DE ADMINISTRAÇÃO E FINANÇAS; R$ 2.281.754,00; R$ 2.281.754,00; R$ 0,00; R$ 0,00; R$ 0,00; R$ 0,00; R$ 2.281.754,00; 0.0
 17165001000000; Transferências de Recursos do Fundo Nacional de Assistência Social – FNAS - Principal; Receitas Correntes; Transferências Correntes; Transferências da União e de suas Entidades; Transferências de Recursos do Fundo Nacional de Assistência Social – FNAS - Principal; Transferências de Recursos do Fundo Nacional de Assistência Social – FNAS ; Transferências de Recursos do Fundo Nacional de Assistência Social – FNAS; ; Transferências de Recursos do Fundo Nacional de Assistência Social – FNAS ; Transferências de Recursos do Fundo Nacional de Assistência Social – FNAS; Não se aplica; Transferências de Recursos do Fundo Nacional de Assistência Social – FNAS - Principal; Arrecadações; SECRETARIA DE DESENVOLVIMENTO SOCIAL E HABITAÇÃO; FUNDO MUNICIPAL DE ASSISTENCIA SOCIAL; SECRETARIA DE DESENVOLVIMENTO SOCIAL E HABITAÇÃO; R$ 180.000,00; R$ 180.000,00; R$ 0,00; R$ 0,00; R$ 0,00; R$ 0,00; R$ 180.000,00; 0.0
 17295201000000; Transferências de Recursos Destinados a Programas de Educação - Principal; Receitas Correntes; Transferências Correntes; Transferências dos Estados e do Distrito Federal e de suas Entidades; Transferências de Recursos Destinados a Programas de Educação - Principal; Outras Transferências dos Estados e Distrito Federal; Transferências de Recursos Destinados a Programas de Educação; ; Outras Transferências dos Estados e Distrito Federal; Transferências de Recursos Destinados a Programas de Educação; Não se aplica; Transferências de Recursos Destinados a Programas de Educação - Principal; Arrecadações; SECRETARIA DE ADMINISTRAÇÃO E FINANÇAS; SECRETARIA DE ADMINISTRAÇÃO E FINANÇAS; SECRETARIA DE ADMINISTRAÇÃO E FINANÇAS; R$ 590.400,00; R$ 590.400,00; R$ 0,00; R$ 0,00; R$ 0,00; R$ 0,00; R$ 590.400,00; 0.0
 17299901030100; Outras Transf. do Estado E. Imp.- Genérica; Receitas Correntes; Transferências Correntes; Transferências dos Estados e do Distrito Federal e de suas Entidades; Outras Transferências dos Estados e DF - Principal; Outras Transferências dos Estados e Distrito Federal; Outras Transferências dos Estados e DF; ; Outras Transferências dos Estados e Distrito Federal; Outras Transferências dos Estados e DF; Não se aplica; Outras Transf. do Estado E. Imp.- Genérica; Arrecadações; SECRETARIA DE ADMINISTRAÇÃO E FINANÇAS; SECRETARIA DE ADMINISTRAÇÃO E FINANÇAS; SECRETARIA DE ADMINISTRAÇÃO E FINANÇAS; R$ 1.995.030,00; R$ 1.995.030,00; R$ 0,00; R$ 0,00; R$ 0,00; R$ 0,00; R$ 1.995.030,00; 0.0
 17145101000000; Transferências Diretas do FNDE referentes ao Programa Dinheiro Direto na Escola – PDDE - Principal; Receitas Correntes; Transferências Correntes; Transferências da União e de suas Entidades; Transferências Diretas do FNDE referentes ao Programa Dinheiro Direto na Escola – PDDE - Principal; Transferências de Recursos do Fundo Nacional do Desenvolvimento da Educação – FNDE? ; Transferências Diretas do FNDE referentes ao Programa Dinheiro Direto na Escola – PDDE; ; Transferências de Recursos do Fundo Nacional do Desenvolvimento da Educação – FNDE? ; Transferências Diretas do FNDE referentes ao Programa Dinheiro Direto na Escola – PDDE; Não se aplica; Transferências Diretas do FNDE referentes ao Programa Dinheiro Direto na Escola – PDDE - Principal; Arrecadações; SECRETARIA DE ADMINISTRAÇÃO E FINANÇAS; SECRETARIA DE ADMINISTRAÇÃO E FINANÇAS; SECRETARIA DE ADMINISTRAÇÃO E FINANÇAS; R$ 1.680,00; R$ 1.680,00; R$ 0,00; R$ 0,00; R$ 0,00; R$ 0,00; R$ 1.680,00; 0.0
 17145301000000; Transferências referentes ao Programa Nacional de Apoio ao Transporte do Escolar  PNATE - Principal; Receitas Correntes; Transferências Correntes; Transferências da União e de suas Entidades; Transferências referentes ao Programa Nacional de Apoio ao Transporte do Escolar  PNATE - Principal; Transferências de Recursos do Fundo Nacional do Desenvolvimento da Educação  FNDE?; Transferências referentes ao Programa Nacional de Apoio ao Transporte do Escolar  PNATE; ; Transferências de Recursos do Fundo Nacional do Desenvolvimento da Educação  FNDE?; Transferências referentes ao Programa Nacional de Apoio ao Transporte do Escolar  PNATE; Não se aplica; Transferências referentes ao Programa Nacional de Apoio ao Transporte do Escolar  PNATE - Principal; Arrecadações; SECRETARIA DE ADMINISTRAÇÃO E FINANÇAS; SECRETARIA DE ADMINISTRAÇÃO E FINANÇAS; SECRETARIA DE ADMINISTRAÇÃO E FINANÇAS; R$ 42.112,00; R$ 42.112,00; R$ 0,00; R$ 0,00; R$ 0,00; R$ 0,00; R$ 42.112,00; 0.0
 17145301000000; Transferências referentes ao Programa Nacional de Apoio ao Transporte do Escolar  PNATE - Principal; Receitas Correntes; Transferências Correntes; Transferências da União e de suas Entidades; Transferências referentes ao Programa Nacional de Apoio ao Transporte do Escolar  PNATE - Principal; Transferências de Recursos do Fundo Nacional do Desenvolvimento da Educação  FNDE?; Transferências referentes ao Programa Nacional de Apoio ao Transporte do Escolar  PNATE; ; Transferências de Recursos do Fundo Nacional do Desenvolvimento da Educação  FNDE?; Transferências referentes ao Programa Nacional de Apoio ao Transporte do Escolar  PNATE; Não se aplica; Transferências referentes ao Programa Nacional de Apoio ao Transporte do Escolar  PNATE - Principal; Arrecadações; SECRETARIA DE ADMINISTRAÇÃO E FINANÇAS; SECRETARIA DE ADMINISTRAÇÃO E FINANÇAS; SECRETARIA DE ADMINISTRAÇÃO E FINANÇAS; R$ 0,00; R$ 0,00; R$ 0,00; R$ 0,00; R$ 25.042,02; R$ 25.042,02; R$ 0,00; 0.0
 17145301000000; Transferências referentes ao Programa Nacional de Apoio ao Transporte do Escolar  PNATE - Principal; Receitas Correntes; Transferências Correntes; Transferências da União e de suas Entidades; Transferências referentes ao Programa Nacional de Apoio ao Transporte do Escolar  PNATE - Principal; Transferências de Recursos do Fundo Nacional do Desenvolvimento da Educação  FNDE?; Transferências referentes ao Programa Nacional de Apoio ao Transporte do Escolar  PNATE; ; Transferências de Recursos do Fundo Nacional do Desenvolvimento da Educação  FNDE?; Transferências referentes ao Programa Nacional de Apoio ao Transporte do Escolar  PNATE; Não se aplica; Transferências referentes ao Programa Nacional de Apoio ao Transporte do Escolar  PNATE - Principal; Arrecadações; SECRETARIA DE ADMINISTRAÇÃO E FINANÇAS; SECRETARIA DE ADMINISTRAÇÃO E FINANÇAS; SECRETARIA DE ADMINISTRAÇÃO E FINANÇAS; R$ 0,00; R$ 0,00; R$ 0,00; R$ 0,00; R$ 25.042,05; R$ 50.084,07; R$ 0,00; 0.0
 22130101000000; Alienação de Bens Móveis e Semoventes - Principal; Receitas de Capital; Alienação de Bens; Alienação de Bens Móveis; Alienação de Bens Móveis e Semoventes - Principal; Alienação de Bens Móveis e Semoventes; Alienação de Bens Móveis e Semoventes; ; Alienação de Bens Móveis e Semoventes; Alienação de Bens Móveis e Semoventes; Não se aplica; Alienação de Bens Móveis e Semoventes - Principal; Arrecadações; SECRETARIA DE ADMINISTRAÇÃO E FINANÇAS; SECRETARIA DE ADMINISTRAÇÃO E FINANÇAS; SECRETARIA DE ADMINISTRAÇÃO E FINANÇAS; R$ 0,00; R$ 0,00; R$ 0,00; R$ 0,00; R$ 20.150,00; R$ 20.150,00; R$ 0,00; 0.0
 22130101000000; Alienação de Bens Móveis e Semoventes - Principal; Receitas de Capital; Alienação de Bens; Alienação de Bens Móveis; Alienação de Bens Móveis e Semoventes - Principal; Alienação de Bens Móveis e Semoventes; Alienação de Bens Móveis e Semoventes; ; Alienação de Bens Móveis e Semoventes; Alienação de Bens Móveis e Semoventes; Não se aplica; Alienação de Bens Móveis e Semoventes - Principal; Arrecadações; SECRETARIA DE ADMINISTRAÇÃO E FINANÇAS; SECRETARIA DE ADMINISTRAÇÃO E FINANÇAS; SECRETARIA DE ADMINISTRAÇÃO E FINANÇAS; R$ 0,00; R$ 0,00; R$ 0,00; R$ 0,00; R$ -20.150,00; R$ 0,00; R$ 0,00; 0.0
 17599901000000; Demais Transferências de Outras Instituições Públicas - Principal; Receitas Correntes; Transferências Correntes; Transferências de Outras Instituições Públicas; Demais Transferências de Outras Instituições Públicas - Principal; Demais Transferências de Outras Instituições Públicas; Demais Transferências de Outras Instituições Públicas; ; Demais Transferências de Outras Instituições Públicas; Demais Transferências de Outras Instituições Públicas; Não se aplica; Demais Transferências de Outras Instituições Públicas - Principal; Arrecadações; SECRETARIA DE DESENVOLVIMENTO SOCIAL E HABITAÇÃO; FUNDO MUNICIPAL DE ASSISTENCIA SOCIAL; SECRETARIA DE DESENVOLVIMENTO SOCIAL E HABITAÇÃO; R$ 0,00; R$ 0,00; R$ 0,00; R$ 0,00; R$ 1.457,82; R$ 1.457,82; R$ 0,00; 0.0
 13999901000000; Outras Receitas Patrimoniais - Principal; Receitas Correntes; Receita Patrimonial; Demais Receitas Patrimoniais; Outras Receitas Patrimoniais - Principal; Outras Receitas Patrimoniais; Outras Receitas Patrimoniais; ; Outras Receitas Patrimoniais; Outras Receitas Patrimoniais; Não se aplica; Outras Receitas Patrimoniais - Principal; Arrecadações; SECRETARIA DE ADMINISTRAÇÃO E FINANÇAS; SECRETARIA DE ADMINISTRAÇÃO E FINANÇAS; SECRETARIA DE ADMINISTRAÇÃO E FINANÇAS; R$ 0,00; R$ 0,00; R$ 0,00; R$ 0,00; R$ 20.150,00; R$ 20.150,00; R$ 0,00; 0.0
 13999901000000; Outras Receitas Patrimoniais - Principal; Receitas Correntes; Receita Patrimonial; Demais Receitas Patrimoniais; Outras Receitas Patrimoniais - Principal; Outras Receitas Patrimoniais; Outras Receitas Patrimoniais; ; Outras Receitas Patrimoniais; Outras Receitas Patrimoniais; Não se aplica; Outras Receitas Patrimoniais - Principal; Arrecadações; SECRETARIA DE ADMINISTRAÇÃO E FINANÇAS; SECRETARIA DE ADMINISTRAÇÃO E FINANÇAS; SECRETARIA DE ADMINISTRAÇÃO E FINANÇAS; R$ 0,00; R$ 0,00; R$ 0,00; R$ 0,00; R$ 1.142,89; R$ 21.292,89; R$ 0,00; 0.0
 17155001000000; Transferências de Recursos de Complementação da União ao Fundeb  VAAT - Principal; Receitas Correntes; Transferências Correntes; Transferências da União e de suas Entidades; Transferências de Recursos de Complementação da União ao Fundeb  VAAT - Principal; Transferências de Recursos de Complementação da União ao Fundo de Manutenção e Desenvolvimento da Educação Básica e de Valorização dos Profissionais d; Transferências de Recursos de Complementação da União ao Fundeb  VAAT; ; Transferências de Recursos de Complementação da União ao Fundo de Manutenção e Desenvolvimento da Educação Básica e de Valorização dos Profissionais d; Transferências de Recursos de Complementação da União ao Fundeb  VAAT; Não se aplica; Transferências de Recursos de Complementação da União ao Fundeb  VAAT - Principal; Arrecadações; SECRETARIA DE EDUCAÇÃO; DIRETORIA DE ENSINO; SECRETARIA DE EDUCAÇÃO; R$ 0,00; R$ 0,00; R$ 0,00; R$ 0,00; R$ 524,42; R$ 524,42; R$ 0,00; 0.0
 17155001000000; Transferências de Recursos de Complementação da União ao Fundeb  VAAT - Principal; Receitas Correntes; Transferências Correntes; Transferências da União e de suas Entidades; Transferências de Recursos de Complementação da União ao Fundeb  VAAT - Principal; Transferências de Recursos de Complementação da União ao Fundo de Manutenção e Desenvolvimento da Educação Básica e de Valorização dos Profissionais d; Transferências de Recursos de Complementação da União ao Fundeb  VAAT; ; Transferências de Recursos de Complementação da União ao Fundo de Manutenção e Desenvolvimento da Educação Básica e de Valorização dos Profissionais d; Transferências de Recursos de Complementação da União ao Fundeb  VAAT; Não se aplica; Transferências de Recursos de Complementação da União ao Fundeb  VAAT - Principal; Arrecadações; SECRETARIA DE EDUCAÇÃO; DIRETORIA DE ENSINO; SECRETARIA DE EDUCAÇÃO; R$ 0,00; R$ 0,00; R$ 0,00; R$ 0,00; R$ 560,31; R$ 1.084,73; R$ 0,00; 0.0
 17155001000000; Transferências de Recursos de Complementação da União ao Fundeb  VAAT - Principal; Receitas Correntes; Transferências Correntes; Transferências da União e de suas Entidades; Transferências de Recursos de Complementação da União ao Fundeb  VAAT - Principal; Transferências de Recursos de Complementação da União ao Fundo de Manutenção e Desenvolvimento da Educação Básica e de Valorização dos Profissionais d; Transferências de Recursos de Complementação da União ao Fundeb  VAAT; ; Transferências de Recursos de Complementação da União ao Fundo de Manutenção e Desenvolvimento da Educação Básica e de Valorização dos Profissionais d; Transferências de Recursos de Complementação da União ao Fundeb  VAAT; Não se aplica; Transferências de Recursos de Complementação da União ao Fundeb  VAAT - Principal; Arrecadações; SECRETARIA DE EDUCAÇÃO; DIRETORIA DE ENSINO; SECRETARIA DE EDUCAÇÃO; R$ 0,00; R$ 0,00; R$ 0,00; R$ 0,00; R$ 1.134,65; R$ 2.219,38; R$ 0,00; 0.0
 17155001000000; Transferências de Recursos de Complementação da União ao Fundeb  VAAT - Principal; Receitas Correntes; Transferências Correntes; Transferências da União e de suas Entidades; Transferências de Recursos de Complementação da União ao Fundeb  VAAT - Principal; Transferências de Recursos de Complementação da União ao Fundo de Manutenção e Desenvolvimento da Educação Básica e de Valorização dos Profissionais d; Transferências de Recursos de Complementação da União ao Fundeb  VAAT; ; Transferências de Recursos de Complementação da União ao Fundo de Manutenção e Desenvolvimento da Educação Básica e de Valorização dos Profissionais d; Transferências de Recursos de Complementação da União ao Fundeb  VAAT; Não se aplica; Transferências de Recursos de Complementação da União ao Fundeb  VAAT - Principal; Arrecadações; SECRETARIA DE EDUCAÇÃO; DIRETORIA DE ENSINO; SECRETARIA DE EDUCAÇÃO; R$ 0,00; R$ 0,00; R$ 0,00; R$ 0,00; R$ -2.219,38; R$ 0,00; R$ 0,00; 0.0
 17295101000000; Transferências de Estados destinadas à Assistência Social - Principal; Receitas Correntes; Transferências Correntes; Transferências dos Estados e do Distrito Federal e de suas Entidades; Transferências de Estados destinadas à Assistência Social - Principal; Outras Transferências dos Estados e Distrito Federal; Transferências de Estados destinadas à Assistência Social; ; Outras Transferências dos Estados e Distrito Federal; Transferências de Estados destinadas à Assistência Social; Não se aplica; Transferências de Estados destinadas à Assistência Social - Principal; Arrecadações; SECRETARIA DE DESENVOLVIMENTO SOCIAL E HABITAÇÃO; FUNDO MUNICIPAL DE ASSISTENCIA SOCIAL; SECRETARIA DE DESENVOLVIMENTO SOCIAL E HABITAÇÃO; R$ 222.000,00; R$ 222.000,00; R$ 0,00; R$ 0,00; R$ 0,00; R$ 0,00; R$ 222.000,00; 0.0
 17295101000000; Transferências de Estados destinadas à Assistência Social - Principal; Receitas Correntes; Transferências Correntes; Transferências dos Estados e do Distrito Federal e de suas Entidades; Transferências de Estados destinadas à Assistência Social - Principal; Outras Transferências dos Estados e Distrito Federal; Transferências de Estados destinadas à Assistência Social; ; Outras Transferências dos Estados e Distrito Federal; Transferências de Estados destinadas à Assistência Social; Não se aplica; Transferências de Estados destinadas à Assistência Social - Principal; Arrecadações; SECRETARIA DE DESENVOLVIMENTO SOCIAL E HABITAÇÃO; FUNDO MUNICIPAL DE ASSISTENCIA SOCIAL; SECRETARIA DE DESENVOLVIMENTO SOCIAL E HABITAÇÃO; R$ 0,00; R$ 0,00; R$ 0,00; R$ 0,00; R$ 39.913,44; R$ 39.913,44; R$ 0,00; 0.0
 17295101000000; Transferências de Estados destinadas à Assistência Social - Principal; Receitas Correntes; Transferências Correntes; Transferências dos Estados e do Distrito Federal e de suas Entidades; Transferências de Estados destinadas à Assistência Social - Principal; Outras Transferências dos Estados e Distrito Federal; Transferências de Estados destinadas à Assistência Social; ; Outras Transferências dos Estados e Distrito Federal; Transferências de Estados destinadas à Assistência Social; Não se aplica; Transferências de Estados destinadas à Assistência Social - Principal; Arrecadações; SECRETARIA DE DESENVOLVIMENTO SOCIAL E HABITAÇÃO; FUNDO MUNICIPAL DE ASSISTENCIA SOCIAL; SECRETARIA DE DESENVOLVIMENTO SOCIAL E HABITAÇÃO; R$ 0,00; R$ 0,00; R$ 0,00; R$ 0,00; R$ 41.271,00; R$ 81.184,44; R$ 0,00; 0.0
 17295101000000; Transferências de Estados destinadas à Assistência Social - Principal; Receitas Correntes; Transferências Correntes; Transferências dos Estados e do Distrito Federal e de suas Entidades; Transferências de Estados destinadas à Assistência Social - Principal; Outras Transferências dos Estados e Distrito Federal; Transferências de Estados destinadas à Assistência Social; ; Outras Transferências dos Estados e Distrito Federal; Transferências de Estados destinadas à Assistência Social; Não se aplica; Transferências de Estados destinadas à Assistência Social - Principal; Arrecadações; SECRETARIA DE DESENVOLVIMENTO SOCIAL E HABITAÇÃO; FUNDO MUNICIPAL DE ASSISTENCIA SOCIAL; SECRETARIA DE DESENVOLVIMENTO SOCIAL E HABITAÇÃO; R$ 0,00; R$ 0,00; R$ 0,00; R$ 0,00; R$ 452,52; R$ 81.636,96; R$ 0,00; 0.0
 17295101000000; Transferências de Estados destinadas à Assistência Social - Principal; Receitas Correntes; Transferências Correntes; Transferências dos Estados e do Distrito Federal e de suas Entidades; Transferências de Estados destinadas à Assistência Social - Principal; Outras Transferências dos Estados e Distrito Federal; Transferências de Estados destinadas à Assistência Social; ; Outras Transferências dos Estados e Distrito Federal; Transferências de Estados destinadas à Assistência Social; Não se aplica; Transferências de Estados destinadas à Assistência Social - Principal; Arrecadações; SECRETARIA DE DESENVOLVIMENTO SOCIAL E HABITAÇÃO; FUNDO MUNICIPAL DE ASSISTENCIA SOCIAL; SECRETARIA DE DESENVOLVIMENTO SOCIAL E HABITAÇÃO; R$ 0,00; R$ 0,00; R$ 0,00; R$ 0,00; R$ 43.980,74; R$ 125.617,70; R$ 0,00; 0.0
 17215301000000; Cota-Parte da Contribuição de Intervenção no Domínio Econômico - Principal; Receitas Correntes; Transferências Correntes; Transferências dos Estados e do Distrito Federal e de suas Entidades; Cota-Parte da Contribuição de Intervenção no Domínio Econômico - Principal; Participação na Receita dos Estados e Distrito Federal; Cota-Parte da Contribuição de Intervenção no Domínio Econômico; ; Participação na Receita dos Estados e Distrito Federal; Cota-Parte da Contribuição de Intervenção no Domínio Econômico; Não se aplica; Cota-Parte da Contribuição de Intervenção no Domínio Econômico - Principal; Arrecadações; SECRETARIA DE ADMINISTRAÇÃO E FINANÇAS; SECRETARIA DE ADMINISTRAÇÃO E FINANÇAS; SECRETARIA DE ADMINISTRAÇÃO E FINANÇAS; R$ 1.709,00; R$ 1.709,00; R$ 0,00; R$ 0,00; R$ 0,00; R$ 0,00; R$ 1.709,00; 0.0
 17215301000000; Cota-Parte da Contribuição de Intervenção no Domínio Econômico - Principal; Receitas Correntes; Transferências Correntes; Transferências dos Estados e do Distrito Federal e de suas Entidades; Cota-Parte da Contribuição de Intervenção no Domínio Econômico - Principal; Participação na Receita dos Estados e Distrito Federal; Cota-Parte da Contribuição de Intervenção no Domínio Econômico; ; Participação na Receita dos Estados e Distrito Federal; Cota-Parte da Contribuição de Intervenção no Domínio Econômico; Não se aplica; Cota-Parte da Contribuição de Intervenção no Domínio Econômico - Principal; Arrecadações; SECRETARIA DE ADMINISTRAÇÃO E FINANÇAS; SECRETARIA DE ADMINISTRAÇÃO E FINANÇAS; SECRETARIA DE ADMINISTRAÇÃO E FINANÇAS; R$ 0,00; R$ 0,00; R$ 0,00; R$ 0,00; R$ 6.056,93; R$ 6.056,93; R$ 0,00; 0.0
 17215301000000; Cota-Parte da Contribuição de Intervenção no Domínio Econômico - Principal; Receitas Correntes; Transferências Correntes; Transferências dos Estados e do Distrito Federal e de suas Entidades; Cota-Parte da Contribuição de Intervenção no Domínio Econômico - Principal; Participação na Receita dos Estados e Distrito Federal; Cota-Parte da Contribuição de Intervenção no Domínio Econômico; ; Participação na Receita dos Estados e Distrito Federal; Cota-Parte da Contribuição de Intervenção no Domínio Econômico; Não se aplica; Cota-Parte da Contribuição de Intervenção no Domínio Econômico - Principal; Arrecadações; SECRETARIA DE ADMINISTRAÇÃO E FINANÇAS; SECRETARIA DE ADMINISTRAÇÃO E FINANÇAS; SECRETARIA DE ADMINISTRAÇÃO E FINANÇAS; R$ 0,00; R$ 0,00; R$ 0,00; R$ 0,00; R$ 6.387,13; R$ 12.444,06; R$ 0,00; 0.0
 13210101019919; Remun. Dep. Banc. Transf. União Sec. Prot. e Defesa Civil - Restabelecimento; Receitas Correntes; Receita Patrimonial; Valores Mobiliários; Remuneração de Depósitos Bancários - Principal; Juros e Correções Monetárias; Remuneração de Depósitos Bancários; ; Juros e Correções Monetárias; Remuneração de Depósitos Bancários; Não se aplica; Remun. Dep. Banc. Transf. União Sec. Prot. e Defesa Civil - Restabelecimento; Arrecadações; SECRETARIA DE ADMINISTRAÇÃO E FINANÇAS; SECRETARIA DE ADMINISTRAÇÃO E FINANÇAS; SECRETARIA DE ADMINISTRAÇÃO E FINANÇAS; R$ 0,00; R$ 0,00; R$ 0,00; R$ 0,00; R$ 670,26; R$ 670,26; R$ 0,00; 0.0
 17199901060000; Transf.União Sec.Proteção e Defesa Civil - Ações de Restabelecimento; Receitas Correntes; Transferências Correntes; Transferências da União e de suas Entidades; Outras Transferências de Recursos da União e de suas Entidades - Principal; Outras Transferências de Recursos da União e de suas Entidades; Outras Transferências de Recursos da União e de suas Entidades; ; Outras Transferências de Recursos da União e de suas Entidades; Outras Transferências de Recursos da União e de suas Entidades; Não se aplica; Transf.União Sec.Proteção e Defesa Civil - Ações de Restabelecimento; Arrecadações; SECRETARIA DE OBRAS E SERVIÇOS URBANOS; DIRETORIA DE SERVIÇOS URBANOS; SECRETARIA DE OBRAS E SERVIÇOS URBANOS; R$ 0,00; R$ 0,00; R$ 0,00; R$ 0,00; R$ 65.849,15; R$ 65.849,15; R$ 0,00; 0.0
 13210101019919; Remun. Dep. Banc. Transf. União Sec. Prot. e Defesa Civil - Restabelecimento; Receitas Correntes; Receita Patrimonial; Valores Mobiliários; Remuneração de Depósitos Bancários - Principal; Juros e Correções Monetárias; Remuneração de Depósitos Bancários; ; Juros e Correções Monetárias; Remuneração de Depósitos Bancários; Não se aplica; Remun. Dep. Banc. Transf. União Sec. Prot. e Defesa Civil - Restabelecimento; Arrecadações; SECRETARIA DE ADMINISTRAÇÃO E FINANÇAS; SECRETARIA DE ADMINISTRAÇÃO E FINANÇAS; SECRETARIA DE ADMINISTRAÇÃO E FINANÇAS; R$ 0,00; R$ 0,00; R$ 0,00; R$ 0,00; R$ 1.163,26; R$ 1.833,52; R$ 0,00; 0.0
 13210101019919; Remun. Dep. Banc. Transf. União Sec. Prot. e Defesa Civil - Restabelecimento; Receitas Correntes; Receita Patrimonial; Valores Mobiliários; Remuneração de Depósitos Bancários - Principal; Juros e Correções Monetárias; Remuneração de Depósitos Bancários; ; Juros e Correções Monetárias; Remuneração de Depósitos Bancários; Não se aplica; Remun. Dep. Banc. Transf. União Sec. Prot. e Defesa Civil - Restabelecimento; Arrecadações; SECRETARIA DE ADMINISTRAÇÃO E FINANÇAS; SECRETARIA DE ADMINISTRAÇÃO E FINANÇAS; SECRETARIA DE ADMINISTRAÇÃO E FINANÇAS; R$ 0,00; R$ 0,00; R$ 0,00; R$ 0,00; R$ 1.148,93; R$ 2.982,45; R$ 0,00; 0.0
 13210101019919; Remun. Dep. Banc. Transf. União Sec. Prot. e Defesa Civil - Restabelecimento; Receitas Correntes; Receita Patrimonial; Valores Mobiliários; Remuneração de Depósitos Bancários - Principal; Juros e Correções Monetárias; Remuneração de Depósitos Bancários; ; Juros e Correções Monetárias; Remuneração de Depósitos Bancários; Não se aplica; Remun. Dep. Banc. Transf. União Sec. Prot. e Defesa Civil - Restabelecimento; Arrecadações; SECRETARIA DE ADMINISTRAÇÃO E FINANÇAS; SECRETARIA DE ADMINISTRAÇÃO E FINANÇAS; SECRETARIA DE ADMINISTRAÇÃO E FINANÇAS; R$ 0,00; R$ 0,00; R$ 0,00; R$ 0,00; R$ 1.289,57; R$ 4.272,02; R$ 0,00; 0.0
 13210101019919; Remun. Dep. Banc. Transf. União Sec. Prot. e Defesa Civil - Restabelecimento; Receitas Correntes; Receita Patrimonial; Valores Mobiliários; Remuneração de Depósitos Bancários - Principal; Juros e Correções Monetárias; Remuneração de Depósitos Bancários; ; Juros e Correções Monetárias; Remuneração de Depósitos Bancários; Não se aplica; Remun. Dep. Banc. Transf. União Sec. Prot. e Defesa Civil - Restabelecimento; Arrecadações; SECRETARIA DE ADMINISTRAÇÃO E FINANÇAS; SECRETARIA DE ADMINISTRAÇÃO E FINANÇAS; SECRETARIA DE ADMINISTRAÇÃO E FINANÇAS; R$ 0,00; R$ 0,00; R$ 0,00; R$ 0,00; R$ 1.370,81; R$ 5.642,83; R$ 0,00; 0.0
 13210101019919; Remun. Dep. Banc. Transf. União Sec. Prot. e Defesa Civil - Restabelecimento; Receitas Correntes; Receita Patrimonial; Valores Mobiliários; Remuneração de Depósitos Bancários - Principal; Juros e Correções Monetárias; Remuneração de Depósitos Bancários; ; Juros e Correções Monetárias; Remuneração de Depósitos Bancários; Não se aplica; Remun. Dep. Banc. Transf. União Sec. Prot. e Defesa Civil - Restabelecimento; Arrecadações; SECRETARIA DE ADMINISTRAÇÃO E FINANÇAS; SECRETARIA DE ADMINISTRAÇÃO E FINANÇAS; SECRETARIA DE ADMINISTRAÇÃO E FINANÇAS; R$ 0,00; R$ 0,00; R$ 0,00; R$ 0,00; R$ 811,52; R$ 6.454,35; R$ 0,00; 0.0
 13210101019919; Remun. Dep. Banc. Transf. União Sec. Prot. e Defesa Civil - Restabelecimento; Receitas Correntes; Receita Patrimonial; Valores Mobiliários; Remuneração de Depósitos Bancários - Principal; Juros e Correções Monetárias; Remuneração de Depósitos Bancários; ; Juros e Correções Monetárias; Remuneração de Depósitos Bancários; Não se aplica; Remun. Dep. Banc. Transf. União Sec. Prot. e Defesa Civil - Restabelecimento; Arrecadações; SECRETARIA DE ADMINISTRAÇÃO E FINANÇAS; SECRETARIA DE ADMINISTRAÇÃO E FINANÇAS; SECRETARIA DE ADMINISTRAÇÃO E FINANÇAS; R$ 0,00; R$ 0,00; R$ 0,00; R$ 0,00; R$ -3.096,58; R$ 3.357,77; R$ 0,00; 0.0
 13210101019919; Remun. Dep. Banc. Transf. União Sec. Prot. e Defesa Civil - Restabelecimento; Receitas Correntes; Receita Patrimonial; Valores Mobiliários; Remuneração de Depósitos Bancários - Principal; Juros e Correções Monetárias; Remuneração de Depósitos Bancários; ; Juros e Correções Monetárias; Remuneração de Depósitos Bancários; Não se aplica; Remun. Dep. Banc. Transf. União Sec. Prot. e Defesa Civil - Restabelecimento; Arrecadações; SECRETARIA DE ADMINISTRAÇÃO E FINANÇAS; SECRETARIA DE ADMINISTRAÇÃO E FINANÇAS; SECRETARIA DE ADMINISTRAÇÃO E FINANÇAS; R$ 0,00; R$ 0,00; R$ 0,00; R$ 0,00; R$ 627,08; R$ 3.984,85; R$ 0,00; 0.0
 13210101019919; Remun. Dep. Banc. Transf. União Sec. Prot. e Defesa Civil - Restabelecimento; Receitas Correntes; Receita Patrimonial; Valores Mobiliários; Remuneração de Depósitos Bancários - Principal; Juros e Correções Monetárias; Remuneração de Depósitos Bancários; ; Juros e Correções Monetárias; Remuneração de Depósitos Bancários; Não se aplica; Remun. Dep. Banc. Transf. União Sec. Prot. e Defesa Civil - Restabelecimento; Arrecadações; SECRETARIA DE ADMINISTRAÇÃO E FINANÇAS; SECRETARIA DE ADMINISTRAÇÃO E FINANÇAS; SECRETARIA DE ADMINISTRAÇÃO E FINANÇAS; R$ 0,00; R$ 0,00; R$ 0,00; R$ 0,00; R$ 561,22; R$ 4.546,07; R$ 0,00; 0.0
 13210101019919; Remun. Dep. Banc. Transf. União Sec. Prot. e Defesa Civil - Restabelecimento; Receitas Correntes; Receita Patrimonial; Valores Mobiliários; Remuneração de Depósitos Bancários - Principal; Juros e Correções Monetárias; Remuneração de Depósitos Bancários; ; Juros e Correções Monetárias; Remuneração de Depósitos Bancários; Não se aplica; Remun. Dep. Banc. Transf. União Sec. Prot. e Defesa Civil - Restabelecimento; Arrecadações; SECRETARIA DE ADMINISTRAÇÃO E FINANÇAS; SECRETARIA DE ADMINISTRAÇÃO E FINANÇAS; SECRETARIA DE ADMINISTRAÇÃO E FINANÇAS; R$ 0,00; R$ 0,00; R$ 0,00; R$ 0,00; R$ -4.546,07; R$ 0,00; R$ 0,00; 0.0
 17199901060000; Transf.União Sec.Proteção e Defesa Civil - Ações de Restabelecimento; Receitas Correntes; Transferências Correntes; Transferências da União e de suas Entidades; Outras Transferências de Recursos da União e de suas Entidades - Principal; Outras Transferências de Recursos da União e de suas Entidades; Outras Transferências de Recursos da União e de suas Entidades; ; Outras Transferências de Recursos da União e de suas Entidades; Outras Transferências de Recursos da União e de suas Entidades; Não se aplica; Transf.União Sec.Proteção e Defesa Civil - Ações de Restabelecimento; Arrecadações; SECRETARIA DE OBRAS E SERVIÇOS URBANOS; DIRETORIA DE SERVIÇOS URBANOS; SECRETARIA DE OBRAS E SERVIÇOS URBANOS; R$ 0,00; R$ 0,00; R$ 0,00; R$ 0,00; R$ -6.849,15; R$ 59.000,00; R$ 0,00; 0.0
 12415001000000; Contribuição para o Custeio do Serviço de Iluminação Pública - Principal; Receitas Correntes; Contribuições; Contribuição para o Custeio do Serviço de Iluminação Pública; Contribuição para o Custeio do Serviço de Iluminação Pública - Principal; Contribuição para o Custeio do Serviço de Iluminação Pública; Contribuição para o Custeio do Serviço de Iluminação Pública; ; Contribuição para o Custeio do Serviço de Iluminação Pública; Contribuição para o Custeio do Serviço de Iluminação Pública; Não se aplica; Contribuição para o Custeio do Serviço de Iluminação Pública - Principal; Arrecadações; SECRETARIA DE ADMINISTRAÇÃO E FINANÇAS; SECRETARIA DE ADMINISTRAÇÃO E FINANÇAS; SECRETARIA DE ADMINISTRAÇÃO E FINANÇAS; R$ 0,00; R$ 0,00; R$ 0,00; R$ 0,00; R$ 288.181,50; R$ 2.862.564,60; R$ 0,00; 0.0
 12415001000000; Contribuição para o Custeio do Serviço de Iluminação Pública - Principal; Receitas Correntes; Contribuições; Contribuição para o Custeio do Serviço de Iluminação Pública; Contribuição para o Custeio do Serviço de Iluminação Pública - Principal; Contribuição para o Custeio do Serviço de Iluminação Pública; Contribuição para o Custeio do Serviço de Iluminação Pública; ; Contribuição para o Custeio do Serviço de Iluminação Pública; Contribuição para o Custeio do Serviço de Iluminação Pública; Não se aplica; Contribuição para o Custeio do Serviço de Iluminação Pública - Principal; Arrecadações; SECRETARIA DE ADMINISTRAÇÃO E FINANÇAS; SECRETARIA DE ADMINISTRAÇÃO E FINANÇAS; SECRETARIA DE ADMINISTRAÇÃO E FINANÇAS; R$ 0,00; R$ 0,00; R$ 0,00; R$ 0,00; R$ 265.590,39; R$ 3.128.154,99; R$ 0,00; 0.0
 12415001000000; Contribuição para o Custeio do Serviço de Iluminação Pública - Principal; Receitas Correntes; Contribuições; Contribuição para o Custeio do Serviço de Iluminação Pública; Contribuição para o Custeio do Serviço de Iluminação Pública - Principal; Contribuição para o Custeio do Serviço de Iluminação Pública; Contribuição para o Custeio do Serviço de Iluminação Pública; ; Contribuição para o Custeio do Serviço de Iluminação Pública; Contribuição para o Custeio do Serviço de Iluminação Pública; Não se aplica; Contribuição para o Custeio do Serviço de Iluminação Pública - Principal; Arrecadações; SECRETARIA DE ADMINISTRAÇÃO E FINANÇAS; SECRETARIA DE ADMINISTRAÇÃO E FINANÇAS; SECRETARIA DE ADMINISTRAÇÃO E FINANÇAS; R$ 3.472.393,00; R$ 3.472.393,00; R$ 0,00; R$ 0,00; R$ 231.856,33; R$ 231.856,33; R$ 3.472.393,00; 6.68
 12415001000000; Contribuição para o Custeio do Serviço de Iluminação Pública - Principal; Receitas Correntes; Contribuições; Contribuição para o Custeio do Serviço de Iluminação Pública; Contribuição para o Custeio do Serviço de Iluminação Pública - Principal; Contribuição para o Custeio do Serviço de Iluminação Pública; Contribuição para o Custeio do Serviço de Iluminação Pública; ; Contribuição para o Custeio do Serviço de Iluminação Pública; Contribuição para o Custeio do Serviço de Iluminação Pública; Não se aplica; Contribuição para o Custeio do Serviço de Iluminação Pública - Principal; Arrecadações; SECRETARIA DE ADMINISTRAÇÃO E FINANÇAS; SECRETARIA DE ADMINISTRAÇÃO E FINANÇAS; SECRETARIA DE ADMINISTRAÇÃO E FINANÇAS; R$ 0,00; R$ 0,00; R$ 0,00; R$ 0,00; R$ 260.163,61; R$ 492.019,94; R$ 0,00; 0.0
 12415001000000; Contribuição para o Custeio do Serviço de Iluminação Pública - Principal; Receitas Correntes; Contribuições; Contribuição para o Custeio do Serviço de Iluminação Pública; Contribuição para o Custeio do Serviço de Iluminação Pública - Principal; Contribuição para o Custeio do Serviço de Iluminação Pública; Contribuição para o Custeio do Serviço de Iluminação Pública; ; Contribuição para o Custeio do Serviço de Iluminação Pública; Contribuição para o Custeio do Serviço de Iluminação Pública; Não se aplica; Contribuição para o Custeio do Serviço de Iluminação Pública - Principal; Arrecadações; SECRETARIA DE ADMINISTRAÇÃO E FINANÇAS; SECRETARIA DE ADMINISTRAÇÃO E FINANÇAS; SECRETARIA DE ADMINISTRAÇÃO E FINANÇAS; R$ 0,00; R$ 0,00; R$ 0,00; R$ 0,00; R$ 281.083,97; R$ 773.103,91; R$ 0,00; 0.0
 12415001000000; Contribuição para o Custeio do Serviço de Iluminação Pública - Principal; Receitas Correntes; Contribuições; Contribuição para o Custeio do Serviço de Iluminação Pública; Contribuição para o Custeio do Serviço de Iluminação Pública - Principal; Contribuição para o Custeio do Serviço de Iluminação Pública; Contribuição para o Custeio do Serviço de Iluminação Pública; ; Contribuição para o Custeio do Serviço de Iluminação Pública; Contribuição para o Custeio do Serviço de Iluminação Pública; Não se aplica; Contribuição para o Custeio do Serviço de Iluminação Pública - Principal; Arrecadações; SECRETARIA DE ADMINISTRAÇÃO E FINANÇAS; SECRETARIA DE ADMINISTRAÇÃO E FINANÇAS; SECRETARIA DE ADMINISTRAÇÃO E FINANÇAS; R$ 0,00; R$ 0,00; R$ 0,00; R$ 0,00; R$ 276.496,87; R$ 1.049.600,78; R$ 0,00; 0.0
 12415001000000; Contribuição para o Custeio do Serviço de Iluminação Pública - Principal; Receitas Correntes; Contribuições; Contribuição para o Custeio do Serviço de Iluminação Pública; Contribuição para o Custeio do Serviço de Iluminação Pública - Principal; Contribuição para o Custeio do Serviço de Iluminação Pública; Contribuição para o Custeio do Serviço de Iluminação Pública; ; Contribuição para o Custeio do Serviço de Iluminação Pública; Contribuição para o Custeio do Serviço de Iluminação Pública; Não se aplica; Contribuição para o Custeio do Serviço de Iluminação Pública - Principal; Arrecadações; SECRETARIA DE ADMINISTRAÇÃO E FINANÇAS; SECRETARIA DE ADMINISTRAÇÃO E FINANÇAS; SECRETARIA DE ADMINISTRAÇÃO E FINANÇAS; R$ 0,00; R$ 0,00; R$ 0,00; R$ 0,00; R$ 278.660,94; R$ 1.328.261,72; R$ 0,00; 0.0
 12415001000000; Contribuição para o Custeio do Serviço de Iluminação Pública - Principal; Receitas Correntes; Contribuições; Contribuição para o Custeio do Serviço de Iluminação Pública; Contribuição para o Custeio do Serviço de Iluminação Pública - Principal; Contribuição para o Custeio do Serviço de Iluminação Pública; Contribuição para o Custeio do Serviço de Iluminação Pública; ; Contribuição para o Custeio do Serviço de Iluminação Pública; Contribuição para o Custeio do Serviço de Iluminação Pública; Não se aplica; Contribuição para o Custeio do Serviço de Iluminação Pública - Principal; Arrecadações; SECRETARIA DE ADMINISTRAÇÃO E FINANÇAS; SECRETARIA DE ADMINISTRAÇÃO E FINANÇAS; SECRETARIA DE ADMINISTRAÇÃO E FINANÇAS; R$ 0,00; R$ 0,00; R$ 0,00; R$ 0,00; R$ 256.411,39; R$ 1.584.673,11; R$ 0,00; 0.0
 12415001000000; Contribuição para o Custeio do Serviço de Iluminação Pública - Principal; Receitas Correntes; Contribuições; Contribuição para o Custeio do Serviço de Iluminação Pública; Contribuição para o Custeio do Serviço de Iluminação Pública - Principal; Contribuição para o Custeio do Serviço de Iluminação Pública; Contribuição para o Custeio do Serviço de Iluminação Pública; ; Contribuição para o Custeio do Serviço de Iluminação Pública; Contribuição para o Custeio do Serviço de Iluminação Pública; Não se aplica; Contribuição para o Custeio do Serviço de Iluminação Pública - Principal; Arrecadações; SECRETARIA DE ADMINISTRAÇÃO E FINANÇAS; SECRETARIA DE ADMINISTRAÇÃO E FINANÇAS; SECRETARIA DE ADMINISTRAÇÃO E FINANÇAS; R$ 0,00; R$ 0,00; R$ 0,00; R$ 0,00; R$ 247.589,44; R$ 1.832.262,55; R$ 0,00; 0.0
 12415001000000; Contribuição para o Custeio do Serviço de Iluminação Pública - Principal; Receitas Correntes; Contribuições; Contribuição para o Custeio do Serviço de Iluminação Pública; Contribuição para o Custeio do Serviço de Iluminação Pública - Principal; Contribuição para o Custeio do Serviço de Iluminação Pública; Contribuição para o Custeio do Serviço de Iluminação Pública; ; Contribuição para o Custeio do Serviço de Iluminação Pública; Contribuição para o Custeio do Serviço de Iluminação Pública; Não se aplica; Contribuição para o Custeio do Serviço de Iluminação Pública - Principal; Arrecadações; SECRETARIA DE ADMINISTRAÇÃO E FINANÇAS; SECRETARIA DE ADMINISTRAÇÃO E FINANÇAS; SECRETARIA DE ADMINISTRAÇÃO E FINANÇAS; R$ 0,00; R$ 0,00; R$ 0,00; R$ 0,00; R$ 259.807,25; R$ 2.092.069,80; R$ 0,00; 0.0
 12415001000000; Contribuição para o Custeio do Serviço de Iluminação Pública - Principal; Receitas Correntes; Contribuições; Contribuição para o Custeio do Serviço de Iluminação Pública; Contribuição para o Custeio do Serviço de Iluminação Pública - Principal; Contribuição para o Custeio do Serviço de Iluminação Pública; Contribuição para o Custeio do Serviço de Iluminação Pública; ; Contribuição para o Custeio do Serviço de Iluminação Pública; Contribuição para o Custeio do Serviço de Iluminação Pública; Não se aplica; Contribuição para o Custeio do Serviço de Iluminação Pública - Principal; Arrecadações; SECRETARIA DE ADMINISTRAÇÃO E FINANÇAS; SECRETARIA DE ADMINISTRAÇÃO E FINANÇAS; SECRETARIA DE ADMINISTRAÇÃO E FINANÇAS; R$ 0,00; R$ 0,00; R$ 0,00; R$ 0,00; R$ 227.452,82; R$ 2.319.522,62; R$ 0,00; 0.0
 12415001000000; Contribuição para o Custeio do Serviço de Iluminação Pública - Principal; Receitas Correntes; Contribuições; Contribuição para o Custeio do Serviço de Iluminação Pública; Contribuição para o Custeio do Serviço de Iluminação Pública - Principal; Contribuição para o Custeio do Serviço de Iluminação Pública; Contribuição para o Custeio do Serviço de Iluminação Pública; ; Contribuição para o Custeio do Serviço de Iluminação Pública; Contribuição para o Custeio do Serviço de Iluminação Pública; Não se aplica; Contribuição para o Custeio do Serviço de Iluminação Pública - Principal; Arrecadações; SECRETARIA DE ADMINISTRAÇÃO E FINANÇAS; SECRETARIA DE ADMINISTRAÇÃO E FINANÇAS; SECRETARIA DE ADMINISTRAÇÃO E FINANÇAS; R$ 0,00; R$ 0,00; R$ 0,00; R$ 0,00; R$ 254.860,48; R$ 2.574.383,10; R$ 0,00; 0.0
 17295201000000; Transferências de Recursos Destinados a Programas de Educação - Principal; Receitas Correntes; Transferências Correntes; Transferências dos Estados e do Distrito Federal e de suas Entidades; Transferências de Recursos Destinados a Programas de Educação - Principal; Outras Transferências dos Estados e Distrito Federal; Transferências de Recursos Destinados a Programas de Educação; ; Outras Transferências dos Estados e Distrito Federal; Transferências de Recursos Destinados a Programas de Educação; Não se aplica; Transferências de Recursos Destinados a Programas de Educação - Principal; Arrecadações; SECRETARIA DE EDUCAÇÃO; GABINETE DO SECRETÁRIO  DE EDUC.; SECRETARIA DE EDUCAÇÃO; R$ 0,00; R$ 0,00; R$ 0,00; R$ 0,00; R$ 221.569,33; R$ 221.569,33; R$ 0,00; 0.0
 17295201000000; Transferências de Recursos Destinados a Programas de Educação - Principal; Receitas Correntes; Transferências Correntes; Transferências dos Estados e do Distrito Federal e de suas Entidades; Transferências de Recursos Destinados a Programas de Educação - Principal; Outras Transferências dos Estados e Distrito Federal; Transferências de Recursos Destinados a Programas de Educação; ; Outras Transferências dos Estados e Distrito Federal; Transferências de Recursos Destinados a Programas de Educação; Não se aplica; Transferências de Recursos Destinados a Programas de Educação - Principal; Arrecadações; SECRETARIA DE EDUCAÇÃO; GABINETE DO SECRETÁRIO  DE EDUC.; SECRETARIA DE EDUCAÇÃO; R$ 0,00; R$ 0,00; R$ 0,00; R$ 0,00; R$ 73.856,44; R$ 295.425,77; R$ 0,00; 0.0
 17295201000000; Transferências de Recursos Destinados a Programas de Educação - Principal; Receitas Correntes; Transferências Correntes; Transferências dos Estados e do Distrito Federal e de suas Entidades; Transferências de Recursos Destinados a Programas de Educação - Principal; Outras Transferências dos Estados e Distrito Federal; Transferências de Recursos Destinados a Programas de Educação; ; Outras Transferências dos Estados e Distrito Federal; Transferências de Recursos Destinados a Programas de Educação; Não se aplica; Transferências de Recursos Destinados a Programas de Educação - Principal; Arrecadações; SECRETARIA DE EDUCAÇÃO; GABINETE DO SECRETÁRIO  DE EDUC.; SECRETARIA DE EDUCAÇÃO; R$ 0,00; R$ 0,00; R$ 0,00; R$ 0,00; R$ 73.856,44; R$ 369.282,21; R$ 0,00; 0.0
 17295201000000; Transferências de Recursos Destinados a Programas de Educação - Principal; Receitas Correntes; Transferências Correntes; Transferências dos Estados e do Distrito Federal e de suas Entidades; Transferências de Recursos Destinados a Programas de Educação - Principal; Outras Transferências dos Estados e Distrito Federal; Transferências de Recursos Destinados a Programas de Educação; ; Outras Transferências dos Estados e Distrito Federal; Transferências de Recursos Destinados a Programas de Educação; Não se aplica; Transferências de Recursos Destinados a Programas de Educação - Principal; Arrecadações; SECRETARIA DE EDUCAÇÃO; GABINETE DO SECRETÁRIO  DE EDUC.; SECRETARIA DE EDUCAÇÃO; R$ 0,00; R$ 0,00; R$ 0,00; R$ 0,00; R$ 73.856,44; R$ 443.138,65; R$ 0,00; 0.0
 17295201000000; Transferências de Recursos Destinados a Programas de Educação - Principal; Receitas Correntes; Transferências Correntes; Transferências dos Estados e do Distrito Federal e de suas Entidades; Transferências de Recursos Destinados a Programas de Educação - Principal; Outras Transferências dos Estados e Distrito Federal; Transferências de Recursos Destinados a Programas de Educação; ; Outras Transferências dos Estados e Distrito Federal; Transferências de Recursos Destinados a Programas de Educação; Não se aplica; Transferências de Recursos Destinados a Programas de Educação - Principal; Arrecadações; SECRETARIA DE EDUCAÇÃO; GABINETE DO SECRETÁRIO  DE EDUC.; SECRETARIA DE EDUCAÇÃO; R$ 0,00; R$ 0,00; R$ 0,00; R$ 0,00; R$ 147.712,88; R$ 590.851,53; R$ 0,00; 0.0
 17295201000000; Transferências de Recursos Destinados a Programas de Educação - Principal; Receitas Correntes; Transferências Correntes; Transferências dos Estados e do Distrito Federal e de suas Entidades; Transferências de Recursos Destinados a Programas de Educação - Principal; Outras Transferências dos Estados e Distrito Federal; Transferências de Recursos Destinados a Programas de Educação; ; Outras Transferências dos Estados e Distrito Federal; Transferências de Recursos Destinados a Programas de Educação; Não se aplica; Transferências de Recursos Destinados a Programas de Educação - Principal; Arrecadações; SECRETARIA DE EDUCAÇÃO; GABINETE DO SECRETÁRIO  DE EDUC.; SECRETARIA DE EDUCAÇÃO; R$ 0,00; R$ 0,00; R$ 0,00; R$ 0,00; R$ 73.856,44; R$ 664.707,97; R$ 0,00; 0.0
 17115111000000; Cota-Parte do Fundo de Participação dos Municípios - Cota Mensal - Principal; Receitas Correntes; Transferências Correntes; Transferências da União e de suas Entidades; Cota-Parte do Fundo de Participação dos Municípios - Cota Mensal - Principal; Transferências Decorrentes de Participação na Receita da União; Cota-Parte do Fundo de Participação dos Municípios - FPM; Cota-Parte do Fundo de Participação dos Municípios - Cota Mensal; Transferências Decorrentes de Participação na Receita da União; Cota-Parte do Fundo de Participação dos Municípios - FPM; Cota-Parte do Fundo de Participação dos Municípios - Cota Mensal; Cota-Parte do Fundo de Participação dos Municípios - Cota Mensal - Principal; Arrecadações; SECRETARIA DE ADMINISTRAÇÃO E FINANÇAS; SECRETARIA DE ADMINISTRAÇÃO E FINANÇAS; SECRETARIA DE ADMINISTRAÇÃO E FINANÇAS; R$ 22.607.607,00; R$ 22.607.607,00; R$ 4.521.521,00; R$ 0,00; R$ 1.976.056,28; R$ 1.976.056,28; R$ 18.086.086,00; 8.19
 17125241000000; Cota-Parte do Fundo Especial do Petróleo  FEP - Principal; Receitas Correntes; Transferências Correntes; Transferências da União e de suas Entidades; Cota-Parte do Fundo Especial do Petróleo  FEP - Principal; Transferências das Compensações Financeiras pela Exploração de Recursos Naturais; Cota-parte da Compensação Financeira pela Produção de Petróleo; Cota-Parte do Fundo Especial do Petróleo  FEP; Transferências das Compensações Financeiras pela Exploração de Recursos Naturais; Cota-parte da Compensação Financeira pela Produção de Petróleo; Cota-Parte do Fundo Especial do Petróleo  FEP; Cota-Parte do Fundo Especial do Petróleo  FEP - Principal; Arrecadações; SECRETARIA DE ADMINISTRAÇÃO E FINANÇAS; SECRETARIA DE ADMINISTRAÇÃO E FINANÇAS; SECRETARIA DE ADMINISTRAÇÃO E FINANÇAS; R$ 535.617,00; R$ 535.617,00; R$ 0,00; R$ 0,00; R$ 45.929,98; R$ 45.929,98; R$ 535.617,00; 8.58
 17125101000000; Cota-parte da Compensação Financeira pela Exploração de Recursos Minerais - CFEM - Principal; Receitas Correntes; Transferências Correntes; Transferências da União e de suas Entidades; Cota-parte da Compensação Financeira pela Exploração de Recursos Minerais - CFEM - Principal; Transferências das Compensações Financeiras pela Exploração de Recursos Naturais; Cota-parte da Compensação Financeira pela Exploração de Recursos Minerais - CFEM; ; Transferências das Compensações Financeiras pela Exploração de Recursos Naturais; Cota-parte da Compensação Financeira pela Exploração de Recursos Minerais - CFEM; Não se aplica; Cota-parte da Compensação Financeira pela Exploração de Recursos Minerais - CFEM - Principal; Arrecadações; SECRETARIA DE ADMINISTRAÇÃO E FINANÇAS; SECRETARIA DE ADMINISTRAÇÃO E FINANÇAS; SECRETARIA DE ADMINISTRAÇÃO E FINANÇAS; R$ 33.524,00; R$ 33.524,00; R$ 0,00; R$ 0,00; R$ 9.053,39; R$ 9.053,39; R$ 33.524,00; 27.01
 17115111000000; Cota-Parte do Fundo de Participação dos Municípios - Cota Mensal - Principal; Receitas Correntes; Transferências Correntes; Transferências da União e de suas Entidades; Cota-Parte do Fundo de Participação dos Municípios - Cota Mensal - Principal; Transferências Decorrentes de Participação na Receita da União; Cota-Parte do Fundo de Participação dos Municípios - FPM; Cota-Parte do Fundo de Participação dos Municípios - Cota Mensal; Transferências Decorrentes de Participação na Receita da União; Cota-Parte do Fundo de Participação dos Municípios - FPM; Cota-Parte do Fundo de Participação dos Municípios - Cota Mensal; Cota-Parte do Fundo de Participação dos Municípios - Cota Mensal - Principal; Arrecadações; SECRETARIA DE ADMINISTRAÇÃO E FINANÇAS; SECRETARIA DE ADMINISTRAÇÃO E FINANÇAS; SECRETARIA DE ADMINISTRAÇÃO E FINANÇAS; R$ 0,00; R$ 0,00; R$ 0,00; R$ 0,00; R$ 2.651.639,35; R$ 4.627.695,63; R$ 0,00; 0.0
 17125241000000; Cota-Parte do Fundo Especial do Petróleo  FEP - Principal; Receitas Correntes; Transferências Correntes; Transferências da União e de suas Entidades; Cota-Parte do Fundo Especial do Petróleo  FEP - Principal; Transferências das Compensações Financeiras pela Exploração de Recursos Naturais; Cota-parte da Compensação Financeira pela Produção de Petróleo; Cota-Parte do Fundo Especial do Petróleo  FEP; Transferências das Compensações Financeiras pela Exploração de Recursos Naturais; Cota-parte da Compensação Financeira pela Produção de Petróleo; Cota-Parte do Fundo Especial do Petróleo  FEP; Cota-Parte do Fundo Especial do Petróleo  FEP - Principal; Arrecadações; SECRETARIA DE ADMINISTRAÇÃO E FINANÇAS; SECRETARIA DE ADMINISTRAÇÃO E FINANÇAS; SECRETARIA DE ADMINISTRAÇÃO E FINANÇAS; R$ 0,00; R$ 0,00; R$ 0,00; R$ 0,00; R$ 50.794,08; R$ 96.724,06; R$ 0,00; 0.0
 17125101000000; Cota-parte da Compensação Financeira pela Exploração de Recursos Minerais - CFEM - Principal; Receitas Correntes; Transferências Correntes; Transferências da União e de suas Entidades; Cota-parte da Compensação Financeira pela Exploração de Recursos Minerais - CFEM - Principal; Transferências das Compensações Financeiras pela Exploração de Recursos Naturais; Cota-parte da Compensação Financeira pela Exploração de Recursos Minerais - CFEM; ; Transferências das Compensações Financeiras pela Exploração de Recursos Naturais; Cota-parte da Compensação Financeira pela Exploração de Recursos Minerais - CFEM; Não se aplica; Cota-parte da Compensação Financeira pela Exploração de Recursos Minerais - CFEM - Principal; Arrecadações; SECRETARIA DE ADMINISTRAÇÃO E FINANÇAS; SECRETARIA DE ADMINISTRAÇÃO E FINANÇAS; SECRETARIA DE ADMINISTRAÇÃO E FINANÇAS; R$ 0,00; R$ 0,00; R$ 0,00; R$ 0,00; R$ 5.694,56; R$ 14.747,95; R$ 0,00; 0.0
 17125241000000; Cota-Parte do Fundo Especial do Petróleo  FEP - Principal; Receitas Correntes; Transferências Correntes; Transferências da União e de suas Entidades; Cota-Parte do Fundo Especial do Petróleo  FEP - Principal; Transferências das Compensações Financeiras pela Exploração de Recursos Naturais; Cota-parte da Compensação Financeira pela Produção de Petróleo; Cota-Parte do Fundo Especial do Petróleo  FEP; Transferências das Compensações Financeiras pela Exploração de Recursos Naturais; Cota-parte da Compensação Financeira pela Produção de Petróleo; Cota-Parte do Fundo Especial do Petróleo  FEP; Cota-Parte do Fundo Especial do Petróleo  FEP - Principal; Arrecadações; SECRETARIA DE ADMINISTRAÇÃO E FINANÇAS; SECRETARIA DE ADMINISTRAÇÃO E FINANÇAS; SECRETARIA DE ADMINISTRAÇÃO E FINANÇAS; R$ 0,00; R$ 0,00; R$ 0,00; R$ 0,00; R$ 54.330,81; R$ 151.054,87; R$ 0,00; 0.0
 17115111000000; Cota-Parte do Fundo de Participação dos Municípios - Cota Mensal - Principal; Receitas Correntes; Transferências Correntes; Transferências da União e de suas Entidades; Cota-Parte do Fundo de Participação dos Municípios - Cota Mensal - Principal; Transferências Decorrentes de Participação na Receita da União; Cota-Parte do Fundo de Participação dos Municípios - FPM; Cota-Parte do Fundo de Participação dos Municípios - Cota Mensal; Transferências Decorrentes de Participação na Receita da União; Cota-Parte do Fundo de Participação dos Municípios - FPM; Cota-Parte do Fundo de Participação dos Municípios - Cota Mensal; Cota-Parte do Fundo de Participação dos Municípios - Cota Mensal - Principal; Arrecadações; SECRETARIA DE ADMINISTRAÇÃO E FINANÇAS; SECRETARIA DE ADMINISTRAÇÃO E FINANÇAS; SECRETARIA DE ADMINISTRAÇÃO E FINANÇAS; R$ 0,00; R$ 0,00; R$ 0,00; R$ 0,00; R$ 1.746.226,50; R$ 6.373.922,13; R$ 0,00; 0.0
 17125101000000; Cota-parte da Compensação Financeira pela Exploração de Recursos Minerais - CFEM - Principal; Receitas Correntes; Transferências Correntes; Transferências da União e de suas Entidades; Cota-parte da Compensação Financeira pela Exploração de Recursos Minerais - CFEM - Principal; Transferências das Compensações Financeiras pela Exploração de Recursos Naturais; Cota-parte da Compensação Financeira pela Exploração de Recursos Minerais - CFEM; ; Transferências das Compensações Financeiras pela Exploração de Recursos Naturais; Cota-parte da Compensação Financeira pela Exploração de Recursos Minerais - CFEM; Não se aplica; Cota-parte da Compensação Financeira pela Exploração de Recursos Minerais - CFEM - Principal; Arrecadações; SECRETARIA DE ADMINISTRAÇÃO E FINANÇAS; SECRETARIA DE ADMINISTRAÇÃO E FINANÇAS; SECRETARIA DE ADMINISTRAÇÃO E FINANÇAS; R$ 0,00; R$ 0,00; R$ 0,00; R$ 0,00; R$ 5.139,83; R$ 19.887,78; R$ 0,00; 0.0
 17125101000000; Cota-parte da Compensação Financeira pela Exploração de Recursos Minerais - CFEM - Principal; Receitas Correntes; Transferências Correntes; Transferências da União e de suas Entidades; Cota-parte da Compensação Financeira pela Exploração de Recursos Minerais - CFEM - Principal; Transferências das Compensações Financeiras pela Exploração de Recursos Naturais; Cota-parte da Compensação Financeira pela Exploração de Recursos Minerais - CFEM; ; Transferências das Compensações Financeiras pela Exploração de Recursos Naturais; Cota-parte da Compensação Financeira pela Exploração de Recursos Minerais - CFEM; Não se aplica; Cota-parte da Compensação Financeira pela Exploração de Recursos Minerais - CFEM - Principal; Arrecadações; SECRETARIA DE ADMINISTRAÇÃO E FINANÇAS; SECRETARIA DE ADMINISTRAÇÃO E FINANÇAS; SECRETARIA DE ADMINISTRAÇÃO E FINANÇAS; R$ 0,00; R$ 0,00; R$ 0,00; R$ 0,00; R$ 4.923,32; R$ 24.811,10; R$ 0,00; 0.0
 17115111000000; Cota-Parte do Fundo de Participação dos Municípios - Cota Mensal - Principal; Receitas Correntes; Transferências Correntes; Transferências da União e de suas Entidades; Cota-Parte do Fundo de Participação dos Municípios - Cota Mensal - Principal; Transferências Decorrentes de Participação na Receita da União; Cota-Parte do Fundo de Participação dos Municípios - FPM; Cota-Parte do Fundo de Participação dos Municípios - Cota Mensal; Transferências Decorrentes de Participação na Receita da União; Cota-Parte do Fundo de Participação dos Municípios - FPM; Cota-Parte do Fundo de Participação dos Municípios - Cota Mensal; Cota-Parte do Fundo de Participação dos Municípios - Cota Mensal - Principal; Arrecadações; SECRETARIA DE ADMINISTRAÇÃO E FINANÇAS; SECRETARIA DE ADMINISTRAÇÃO E FINANÇAS; SECRETARIA DE ADMINISTRAÇÃO E FINANÇAS; R$ 0,00; R$ 0,00; R$ 0,00; R$ 0,00; R$ 1.774.464,09; R$ 8.148.386,22; R$ 0,00; 0.0
 17125241000000; Cota-Parte do Fundo Especial do Petróleo  FEP - Principal; Receitas Correntes; Transferências Correntes; Transferências da União e de suas Entidades; Cota-Parte do Fundo Especial do Petróleo  FEP - Principal; Transferências das Compensações Financeiras pela Exploração de Recursos Naturais; Cota-parte da Compensação Financeira pela Produção de Petróleo; Cota-Parte do Fundo Especial do Petróleo  FEP; Transferências das Compensações Financeiras pela Exploração de Recursos Naturais; Cota-parte da Compensação Financeira pela Produção de Petróleo; Cota-Parte do Fundo Especial do Petróleo  FEP; Cota-Parte do Fundo Especial do Petróleo  FEP - Principal; Arrecadações; SECRETARIA DE ADMINISTRAÇÃO E FINANÇAS; SECRETARIA DE ADMINISTRAÇÃO E FINANÇAS; SECRETARIA DE ADMINISTRAÇÃO E FINANÇAS; R$ 0,00; R$ 0,00; R$ 0,00; R$ 0,00; R$ 45.454,07; R$ 196.508,94; R$ 0,00; 0.0
 17115111000000; Cota-Parte do Fundo de Participação dos Municípios - Cota Mensal - Principal; Receitas Correntes; Transferências Correntes; Transferências da União e de suas Entidades; Cota-Parte do Fundo de Participação dos Municípios - Cota Mensal - Principal; Transferências Decorrentes de Participação na Receita da União; Cota-Parte do Fundo de Participação dos Municípios - FPM; Cota-Parte do Fundo de Participação dos Municípios - Cota Mensal; Transferências Decorrentes de Participação na Receita da União; Cota-Parte do Fundo de Participação dos Municípios - FPM; Cota-Parte do Fundo de Participação dos Municípios - Cota Mensal; Cota-Parte do Fundo de Participação dos Municípios - Cota Mensal - Principal; Arrecadações; SECRETARIA DE ADMINISTRAÇÃO E FINANÇAS; SECRETARIA DE ADMINISTRAÇÃO E FINANÇAS; SECRETARIA DE ADMINISTRAÇÃO E FINANÇAS; R$ 0,00; R$ 0,00; R$ 0,00; R$ 0,00; R$ 2.263.580,56; R$ 10.411.966,78; R$ 0,00; 0.0
 17125101000000; Cota-parte da Compensação Financeira pela Exploração de Recursos Minerais - CFEM - Principal; Receitas Correntes; Transferências Correntes; Transferências da União e de suas Entidades; Cota-parte da Compensação Financeira pela Exploração de Recursos Minerais - CFEM - Principal; Transferências das Compensações Financeiras pela Exploração de Recursos Naturais; Cota-parte da Compensação Financeira pela Exploração de Recursos Minerais - CFEM; ; Transferências das Compensações Financeiras pela Exploração de Recursos Naturais; Cota-parte da Compensação Financeira pela Exploração de Recursos Minerais - CFEM; Não se aplica; Cota-parte da Compensação Financeira pela Exploração de Recursos Minerais - CFEM - Principal; Arrecadações; SECRETARIA DE ADMINISTRAÇÃO E FINANÇAS; SECRETARIA DE ADMINISTRAÇÃO E FINANÇAS; SECRETARIA DE ADMINISTRAÇÃO E FINANÇAS; R$ 0,00; R$ 0,00; R$ 0,00; R$ 0,00; R$ 11.864,50; R$ 36.675,60; R$ 0,00; 0.0
 17125241000000; Cota-Parte do Fundo Especial do Petróleo  FEP - Principal; Receitas Correntes; Transferências Correntes; Transferências da União e de suas Entidades; Cota-Parte do Fundo Especial do Petróleo  FEP - Principal; Transferências das Compensações Financeiras pela Exploração de Recursos Naturais; Cota-parte da Compensação Financeira pela Produção de Petróleo; Cota-Parte do Fundo Especial do Petróleo  FEP; Transferências das Compensações Financeiras pela Exploração de Recursos Naturais; Cota-parte da Compensação Financeira pela Produção de Petróleo; Cota-Parte do Fundo Especial do Petróleo  FEP; Cota-Parte do Fundo Especial do Petróleo  FEP - Principal; Arrecadações; SECRETARIA DE ADMINISTRAÇÃO E FINANÇAS; SECRETARIA DE ADMINISTRAÇÃO E FINANÇAS; SECRETARIA DE ADMINISTRAÇÃO E FINANÇAS; R$ 0,00; R$ 0,00; R$ 0,00; R$ 0,00; R$ 49.972,04; R$ 246.480,98; R$ 0,00; 0.0
 17115111000000; Cota-Parte do Fundo de Participação dos Municípios - Cota Mensal - Principal; Receitas Correntes; Transferências Correntes; Transferências da União e de suas Entidades; Cota-Parte do Fundo de Participação dos Municípios - Cota Mensal - Principal; Transferências Decorrentes de Participação na Receita da União; Cota-Parte do Fundo de Participação dos Municípios - FPM; Cota-Parte do Fundo de Participação dos Municípios - Cota Mensal; Transferências Decorrentes de Participação na Receita da União; Cota-Parte do Fundo de Participação dos Municípios - FPM; Cota-Parte do Fundo de Participação dos Municípios - Cota Mensal; Cota-Parte do Fundo de Participação dos Municípios - Cota Mensal - Principal; Arrecadações; SECRETARIA DE ADMINISTRAÇÃO E FINANÇAS; SECRETARIA DE ADMINISTRAÇÃO E FINANÇAS; SECRETARIA DE ADMINISTRAÇÃO E FINANÇAS; R$ 0,00; R$ 0,00; R$ 0,00; R$ 0,00; R$ 2.325.008,22; R$ 12.736.975,00; R$ 0,00; 0.0
 17125241000000; Cota-Parte do Fundo Especial do Petróleo  FEP - Principal; Receitas Correntes; Transferências Correntes; Transferências da União e de suas Entidades; Cota-Parte do Fundo Especial do Petróleo  FEP - Principal; Transferências das Compensações Financeiras pela Exploração de Recursos Naturais; Cota-parte da Compensação Financeira pela Produção de Petróleo; Cota-Parte do Fundo Especial do Petróleo  FEP; Transferências das Compensações Financeiras pela Exploração de Recursos Naturais; Cota-parte da Compensação Financeira pela Produção de Petróleo; Cota-Parte do Fundo Especial do Petróleo  FEP; Cota-Parte do Fundo Especial do Petróleo  FEP - Principal; Arrecadações; SECRETARIA DE ADMINISTRAÇÃO E FINANÇAS; SECRETARIA DE ADMINISTRAÇÃO E FINANÇAS; SECRETARIA DE ADMINISTRAÇÃO E FINANÇAS; R$ 0,00; R$ 0,00; R$ 0,00; R$ 0,00; R$ 45.591,36; R$ 292.072,34; R$ 0,00; 0.0
 17125101000000; Cota-parte da Compensação Financeira pela Exploração de Recursos Minerais - CFEM - Principal; Receitas Correntes; Transferências Correntes; Transferências da União e de suas Entidades; Cota-parte da Compensação Financeira pela Exploração de Recursos Minerais - CFEM - Principal; Transferências das Compensações Financeiras pela Exploração de Recursos Naturais; Cota-parte da Compensação Financeira pela Exploração de Recursos Minerais - CFEM; ; Transferências das Compensações Financeiras pela Exploração de Recursos Naturais; Cota-parte da Compensação Financeira pela Exploração de Recursos Minerais - CFEM; Não se aplica; Cota-parte da Compensação Financeira pela Exploração de Recursos Minerais - CFEM - Principal; Arrecadações; SECRETARIA DE ADMINISTRAÇÃO E FINANÇAS; SECRETARIA DE ADMINISTRAÇÃO E FINANÇAS; SECRETARIA DE ADMINISTRAÇÃO E FINANÇAS; R$ 0,00; R$ 0,00; R$ 0,00; R$ 0,00; R$ 1.144,11; R$ 37.819,71; R$ 0,00; 0.0
 17125101000000; Cota-parte da Compensação Financeira pela Exploração de Recursos Minerais - CFEM - Principal; Receitas Correntes; Transferências Correntes; Transferências da União e de suas Entidades; Cota-parte da Compensação Financeira pela Exploração de Recursos Minerais - CFEM - Principal; Transferências das Compensações Financeiras pela Exploração de Recursos Naturais; Cota-parte da Compensação Financeira pela Exploração de Recursos Minerais - CFEM; ; Transferências das Compensações Financeiras pela Exploração de Recursos Naturais; Cota-parte da Compensação Financeira pela Exploração de Recursos Minerais - CFEM; Não se aplica; Cota-parte da Compensação Financeira pela Exploração de Recursos Minerais - CFEM - Principal; Arrecadações; SECRETARIA DE ADMINISTRAÇÃO E FINANÇAS; SECRETARIA DE ADMINISTRAÇÃO E FINANÇAS; SECRETARIA DE ADMINISTRAÇÃO E FINANÇAS; R$ 0,00; R$ 0,00; R$ 0,00; R$ 0,00; R$ 2.007,27; R$ 39.826,98; R$ 0,00; 0.0
 17125241000000; Cota-Parte do Fundo Especial do Petróleo  FEP - Principal; Receitas Correntes; Transferências Correntes; Transferências da União e de suas Entidades; Cota-Parte do Fundo Especial do Petróleo  FEP - Principal; Transferências das Compensações Financeiras pela Exploração de Recursos Naturais; Cota-parte da Compensação Financeira pela Produção de Petróleo; Cota-Parte do Fundo Especial do Petróleo  FEP; Transferências das Compensações Financeiras pela Exploração de Recursos Naturais; Cota-parte da Compensação Financeira pela Produção de Petróleo; Cota-Parte do Fundo Especial do Petróleo  FEP; Cota-Parte do Fundo Especial do Petróleo  FEP - Principal; Arrecadações; SECRETARIA DE ADMINISTRAÇÃO E FINANÇAS; SECRETARIA DE ADMINISTRAÇÃO E FINANÇAS; SECRETARIA DE ADMINISTRAÇÃO E FINANÇAS; R$ 0,00; R$ 0,00; R$ 0,00; R$ 0,00; R$ 45.229,90; R$ 337.302,24; R$ 0,00; 0.0
 17115111000000; Cota-Parte do Fundo de Participação dos Municípios - Cota Mensal - Principal; Receitas Correntes; Transferências Correntes; Transferências da União e de suas Entidades; Cota-Parte do Fundo de Participação dos Municípios - Cota Mensal - Principal; Transferências Decorrentes de Participação na Receita da União; Cota-Parte do Fundo de Participação dos Municípios - FPM; Cota-Parte do Fundo de Participação dos Municípios - Cota Mensal; Transferências Decorrentes de Participação na Receita da União; Cota-Parte do Fundo de Participação dos Municípios - FPM; Cota-Parte do Fundo de Participação dos Municípios - Cota Mensal; Cota-Parte do Fundo de Participação dos Municípios - Cota Mensal - Principal; Arrecadações; SECRETARIA DE ADMINISTRAÇÃO E FINANÇAS; SECRETARIA DE ADMINISTRAÇÃO E FINANÇAS; SECRETARIA DE ADMINISTRAÇÃO E FINANÇAS; R$ 0,00; R$ 0,00; R$ 0,00; R$ 0,00; R$ 1.427.240,32; R$ 14.164.215,32; R$ 0,00; 0.0
 17115111000000; Cota-Parte do Fundo de Participação dos Municípios - Cota Mensal - Principal; Receitas Correntes; Transferências Correntes; Transferências da União e de suas Entidades; Cota-Parte do Fundo de Participação dos Municípios - Cota Mensal - Principal; Transferências Decorrentes de Participação na Receita da União; Cota-Parte do Fundo de Participação dos Municípios - FPM; Cota-Parte do Fundo de Participação dos Municípios - Cota Mensal; Transferências Decorrentes de Participação na Receita da União; Cota-Parte do Fundo de Participação dos Municípios - FPM; Cota-Parte do Fundo de Participação dos Municípios - Cota Mensal; Cota-Parte do Fundo de Participação dos Municípios - Cota Mensal - Principal; Arrecadações; SECRETARIA DE ADMINISTRAÇÃO E FINANÇAS; SECRETARIA DE ADMINISTRAÇÃO E FINANÇAS; SECRETARIA DE ADMINISTRAÇÃO E FINANÇAS; R$ 0,00; R$ 0,00; R$ 0,00; R$ 0,00; R$ 1.883.028,54; R$ 16.047.243,86; R$ 0,00; 0.0
 17125101000000; Cota-parte da Compensação Financeira pela Exploração de Recursos Minerais - CFEM - Principal; Receitas Correntes; Transferências Correntes; Transferências da União e de suas Entidades; Cota-parte da Compensação Financeira pela Exploração de Recursos Minerais - CFEM - Principal; Transferências das Compensações Financeiras pela Exploração de Recursos Naturais; Cota-parte da Compensação Financeira pela Exploração de Recursos Minerais - CFEM; ; Transferências das Compensações Financeiras pela Exploração de Recursos Naturais; Cota-parte da Compensação Financeira pela Exploração de Recursos Minerais - CFEM; Não se aplica; Cota-parte da Compensação Financeira pela Exploração de Recursos Minerais - CFEM - Principal; Arrecadações; SECRETARIA DE ADMINISTRAÇÃO E FINANÇAS; SECRETARIA DE ADMINISTRAÇÃO E FINANÇAS; SECRETARIA DE ADMINISTRAÇÃO E FINANÇAS; R$ 0,00; R$ 0,00; R$ 0,00; R$ 0,00; R$ 2.499,18; R$ 42.326,16; R$ 0,00; 0.0
 17125241000000; Cota-Parte do Fundo Especial do Petróleo  FEP - Principal; Receitas Correntes; Transferências Correntes; Transferências da União e de suas Entidades; Cota-Parte do Fundo Especial do Petróleo  FEP - Principal; Transferências das Compensações Financeiras pela Exploração de Recursos Naturais; Cota-parte da Compensação Financeira pela Produção de Petróleo; Cota-Parte do Fundo Especial do Petróleo  FEP; Transferências das Compensações Financeiras pela Exploração de Recursos Naturais; Cota-parte da Compensação Financeira pela Produção de Petróleo; Cota-Parte do Fundo Especial do Petróleo  FEP; Cota-Parte do Fundo Especial do Petróleo  FEP - Principal; Arrecadações; SECRETARIA DE ADMINISTRAÇÃO E FINANÇAS; SECRETARIA DE ADMINISTRAÇÃO E FINANÇAS; SECRETARIA DE ADMINISTRAÇÃO E FINANÇAS; R$ 0,00; R$ 0,00; R$ 0,00; R$ 0,00; R$ 47.634,34; R$ 384.936,58; R$ 0,00; 0.0
 17115111000000; Cota-Parte do Fundo de Participação dos Municípios - Cota Mensal - Principal; Receitas Correntes; Transferências Correntes; Transferências da União e de suas Entidades; Cota-Parte do Fundo de Participação dos Municípios - Cota Mensal - Principal; Transferências Decorrentes de Participação na Receita da União; Cota-Parte do Fundo de Participação dos Municípios - FPM; Cota-Parte do Fundo de Participação dos Municípios - Cota Mensal; Transferências Decorrentes de Participação na Receita da União; Cota-Parte do Fundo de Participação dos Municípios - FPM; Cota-Parte do Fundo de Participação dos Municípios - Cota Mensal; Cota-Parte do Fundo de Participação dos Municípios - Cota Mensal - Principal; Arrecadações; SECRETARIA DE ADMINISTRAÇÃO E FINANÇAS; SECRETARIA DE ADMINISTRAÇÃO E FINANÇAS; SECRETARIA DE ADMINISTRAÇÃO E FINANÇAS; R$ 0,00; R$ 0,00; R$ 0,00; R$ 0,00; R$ 1.520.355,71; R$ 17.567.599,57; R$ 0,00; 0.0
 17125101000000; Cota-parte da Compensação Financeira pela Exploração de Recursos Minerais - CFEM - Principal; Receitas Correntes; Transferências Correntes; Transferências da União e de suas Entidades; Cota-parte da Compensação Financeira pela Exploração de Recursos Minerais - CFEM - Principal; Transferências das Compensações Financeiras pela Exploração de Recursos Naturais; Cota-parte da Compensação Financeira pela Exploração de Recursos Minerais - CFEM; ; Transferências das Compensações Financeiras pela Exploração de Recursos Naturais; Cota-parte da Compensação Financeira pela Exploração de Recursos Minerais - CFEM; Não se aplica; Cota-parte da Compensação Financeira pela Exploração de Recursos Minerais - CFEM - Principal; Arrecadações; SECRETARIA DE ADMINISTRAÇÃO E FINANÇAS; SECRETARIA DE ADMINISTRAÇÃO E FINANÇAS; SECRETARIA DE ADMINISTRAÇÃO E FINANÇAS; R$ 0,00; R$ 0,00; R$ 0,00; R$ 0,00; R$ 1.468,86; R$ 43.795,02; R$ 0,00; 0.0
 17125241000000; Cota-Parte do Fundo Especial do Petróleo  FEP - Principal; Receitas Correntes; Transferências Correntes; Transferências da União e de suas Entidades; Cota-Parte do Fundo Especial do Petróleo  FEP - Principal; Transferências das Compensações Financeiras pela Exploração de Recursos Naturais; Cota-parte da Compensação Financeira pela Produção de Petróleo; Cota-Parte do Fundo Especial do Petróleo  FEP; Transferências das Compensações Financeiras pela Exploração de Recursos Naturais; Cota-parte da Compensação Financeira pela Produção de Petróleo; Cota-Parte do Fundo Especial do Petróleo  FEP; Cota-Parte do Fundo Especial do Petróleo  FEP - Principal; Arrecadações; SECRETARIA DE ADMINISTRAÇÃO E FINANÇAS; SECRETARIA DE ADMINISTRAÇÃO E FINANÇAS; SECRETARIA DE ADMINISTRAÇÃO E FINANÇAS; R$ 0,00; R$ 0,00; R$ 0,00; R$ 0,00; R$ 51.158,55; R$ 436.095,13; R$ 0,00; 0.0
 17115111000000; Cota-Parte do Fundo de Participação dos Municípios - Cota Mensal - Principal; Receitas Correntes; Transferências Correntes; Transferências da União e de suas Entidades; Cota-Parte do Fundo de Participação dos Municípios - Cota Mensal - Principal; Transferências Decorrentes de Participação na Receita da União; Cota-Parte do Fundo de Participação dos Municípios - FPM; Cota-Parte do Fundo de Participação dos Municípios - Cota Mensal; Transferências Decorrentes de Participação na Receita da União; Cota-Parte do Fundo de Participação dos Municípios - FPM; Cota-Parte do Fundo de Participação dos Municípios - Cota Mensal; Cota-Parte do Fundo de Participação dos Municípios - Cota Mensal - Principal; Arrecadações; SECRETARIA DE ADMINISTRAÇÃO E FINANÇAS; SECRETARIA DE ADMINISTRAÇÃO E FINANÇAS; SECRETARIA DE ADMINISTRAÇÃO E FINANÇAS; R$ 0,00; R$ 0,00; R$ 0,00; R$ 0,00; R$ 1.602.645,74; R$ 19.170.245,31; R$ 0,00; 0.0
 17125101000000; Cota-parte da Compensação Financeira pela Exploração de Recursos Minerais - CFEM - Principal; Receitas Correntes; Transferências Correntes; Transferências da União e de suas Entidades; Cota-parte da Compensação Financeira pela Exploração de Recursos Minerais - CFEM - Principal; Transferências das Compensações Financeiras pela Exploração de Recursos Naturais; Cota-parte da Compensação Financeira pela Exploração de Recursos Minerais - CFEM; ; Transferências das Compensações Financeiras pela Exploração de Recursos Naturais; Cota-parte da Compensação Financeira pela Exploração de Recursos Minerais - CFEM; Não se aplica; Cota-parte da Compensação Financeira pela Exploração de Recursos Minerais - CFEM - Principal; Arrecadações; SECRETARIA DE ADMINISTRAÇÃO E FINANÇAS; SECRETARIA DE ADMINISTRAÇÃO E FINANÇAS; SECRETARIA DE ADMINISTRAÇÃO E FINANÇAS; R$ 0,00; R$ 0,00; R$ 0,00; R$ 0,00; R$ 1.151,45; R$ 44.946,47; R$ 0,00; 0.0
 17125241000000; Cota-Parte do Fundo Especial do Petróleo  FEP - Principal; Receitas Correntes; Transferências Correntes; Transferências da União e de suas Entidades; Cota-Parte do Fundo Especial do Petróleo  FEP - Principal; Transferências das Compensações Financeiras pela Exploração de Recursos Naturais; Cota-parte da Compensação Financeira pela Produção de Petróleo; Cota-Parte do Fundo Especial do Petróleo  FEP; Transferências das Compensações Financeiras pela Exploração de Recursos Naturais; Cota-parte da Compensação Financeira pela Produção de Petróleo; Cota-Parte do Fundo Especial do Petróleo  FEP; Cota-Parte do Fundo Especial do Petróleo  FEP - Principal; Arrecadações; SECRETARIA DE ADMINISTRAÇÃO E FINANÇAS; SECRETARIA DE ADMINISTRAÇÃO E FINANÇAS; SECRETARIA DE ADMINISTRAÇÃO E FINANÇAS; R$ 0,00; R$ 0,00; R$ 0,00; R$ 0,00; R$ 47.523,09; R$ 483.618,22; R$ 0,00; 0.0
 17125241000000; Cota-Parte do Fundo Especial do Petróleo  FEP - Principal; Receitas Correntes; Transferências Correntes; Transferências da União e de suas Entidades; Cota-Parte do Fundo Especial do Petróleo  FEP - Principal; Transferências das Compensações Financeiras pela Exploração de Recursos Naturais; Cota-parte da Compensação Financeira pela Produção de Petróleo; Cota-Parte do Fundo Especial do Petróleo  FEP; Transferências das Compensações Financeiras pela Exploração de Recursos Naturais; Cota-parte da Compensação Financeira pela Produção de Petróleo; Cota-Parte do Fundo Especial do Petróleo  FEP; Cota-Parte do Fundo Especial do Petróleo  FEP - Principal; Arrecadações; SECRETARIA DE ADMINISTRAÇÃO E FINANÇAS; SECRETARIA DE ADMINISTRAÇÃO E FINANÇAS; SECRETARIA DE ADMINISTRAÇÃO E FINANÇAS; R$ 0,00; R$ 0,00; R$ 0,00; R$ 0,00; R$ 45.389,43; R$ 529.007,65; R$ 0,00; 0.0
 17115111000000; Cota-Parte do Fundo de Participação dos Municípios - Cota Mensal - Principal; Receitas Correntes; Transferências Correntes; Transferências da União e de suas Entidades; Cota-Parte do Fundo de Participação dos Municípios - Cota Mensal - Principal; Transferências Decorrentes de Participação na Receita da União; Cota-Parte do Fundo de Participação dos Municípios - FPM; Cota-Parte do Fundo de Participação dos Municípios - Cota Mensal; Transferências Decorrentes de Participação na Receita da União; Cota-Parte do Fundo de Participação dos Municípios - FPM; Cota-Parte do Fundo de Participação dos Municípios - Cota Mensal; Cota-Parte do Fundo de Participação dos Municípios - Cota Mensal - Principal; Arrecadações; SECRETARIA DE ADMINISTRAÇÃO E FINANÇAS; SECRETARIA DE ADMINISTRAÇÃO E FINANÇAS; SECRETARIA DE ADMINISTRAÇÃO E FINANÇAS; R$ 0,00; R$ 0,00; R$ 0,00; R$ 0,00; R$ 2.178.540,01; R$ 21.348.785,32; R$ 0,00; 0.0
 17125101000000; Cota-parte da Compensação Financeira pela Exploração de Recursos Minerais - CFEM - Principal; Receitas Correntes; Transferências Correntes; Transferências da União e de suas Entidades; Cota-parte da Compensação Financeira pela Exploração de Recursos Minerais - CFEM - Principal; Transferências das Compensações Financeiras pela Exploração de Recursos Naturais; Cota-parte da Compensação Financeira pela Exploração de Recursos Minerais - CFEM; ; Transferências das Compensações Financeiras pela Exploração de Recursos Naturais; Cota-parte da Compensação Financeira pela Exploração de Recursos Minerais - CFEM; Não se aplica; Cota-parte da Compensação Financeira pela Exploração de Recursos Minerais - CFEM - Principal; Arrecadações; SECRETARIA DE ADMINISTRAÇÃO E FINANÇAS; SECRETARIA DE ADMINISTRAÇÃO E FINANÇAS; SECRETARIA DE ADMINISTRAÇÃO E FINANÇAS; R$ 0,00; R$ 0,00; R$ 0,00; R$ 0,00; R$ 34.525,65; R$ 79.472,12; R$ 0,00; 0.0
 17115111000000; Cota-Parte do Fundo de Participação dos Municípios - Cota Mensal - Principal; Receitas Correntes; Transferências Correntes; Transferências da União e de suas Entidades; Cota-Parte do Fundo de Participação dos Municípios - Cota Mensal - Principal; Transferências Decorrentes de Participação na Receita da União; Cota-Parte do Fundo de Participação dos Municípios - FPM; Cota-Parte do Fundo de Participação dos Municípios - Cota Mensal; Transferências Decorrentes de Participação na Receita da União; Cota-Parte do Fundo de Participação dos Municípios - FPM; Cota-Parte do Fundo de Participação dos Municípios - Cota Mensal; Cota-Parte do Fundo de Participação dos Municípios - Cota Mensal - Principal; Arrecadações; SECRETARIA DE ADMINISTRAÇÃO E FINANÇAS; SECRETARIA DE ADMINISTRAÇÃO E FINANÇAS; SECRETARIA DE ADMINISTRAÇÃO E FINANÇAS; R$ 0,00; R$ 0,00; R$ 0,00; R$ 0,00; R$ 2.458.965,50; R$ 23.807.750,82; R$ 0,00; 0.0
 17125101000000; Cota-parte da Compensação Financeira pela Exploração de Recursos Minerais - CFEM - Principal; Receitas Correntes; Transferências Correntes; Transferências da União e de suas Entidades; Cota-parte da Compensação Financeira pela Exploração de Recursos Minerais - CFEM - Principal; Transferências das Compensações Financeiras pela Exploração de Recursos Naturais; Cota-parte da Compensação Financeira pela Exploração de Recursos Minerais - CFEM; ; Transferências das Compensações Financeiras pela Exploração de Recursos Naturais; Cota-parte da Compensação Financeira pela Exploração de Recursos Minerais - CFEM; Não se aplica; Cota-parte da Compensação Financeira pela Exploração de Recursos Minerais - CFEM - Principal; Arrecadações; SECRETARIA DE ADMINISTRAÇÃO E FINANÇAS; SECRETARIA DE ADMINISTRAÇÃO E FINANÇAS; SECRETARIA DE ADMINISTRAÇÃO E FINANÇAS; R$ 0,00; R$ 0,00; R$ 0,00; R$ 0,00; R$ 8.375,35; R$ 87.847,47; R$ 0,00; 0.0
 17125241000000; Cota-Parte do Fundo Especial do Petróleo  FEP - Principal; Receitas Correntes; Transferências Correntes; Transferências da União e de suas Entidades; Cota-Parte do Fundo Especial do Petróleo  FEP - Principal; Transferências das Compensações Financeiras pela Exploração de Recursos Naturais; Cota-parte da Compensação Financeira pela Produção de Petróleo; Cota-Parte do Fundo Especial do Petróleo  FEP; Transferências das Compensações Financeiras pela Exploração de Recursos Naturais; Cota-parte da Compensação Financeira pela Produção de Petróleo; Cota-Parte do Fundo Especial do Petróleo  FEP; Cota-Parte do Fundo Especial do Petróleo  FEP - Principal; Arrecadações; SECRETARIA DE ADMINISTRAÇÃO E FINANÇAS; SECRETARIA DE ADMINISTRAÇÃO E FINANÇAS; SECRETARIA DE ADMINISTRAÇÃO E FINANÇAS; R$ 0,00; R$ 0,00; R$ 0,00; R$ 0,00; R$ 46.645,58; R$ 575.653,23; R$ 0,00; 0.0
 17165001040100; Indice de Gestão Descentralizada IGD-PBF; Receitas Correntes; Transferências Correntes; Transferências da União e de suas Entidades; Transferências de Recursos do Fundo Nacional de Assistência Social  FNAS - Principal; Transferências de Recursos do Fundo Nacional de Assistência Social  FNAS; Transferências de Recursos do Fundo Nacional de Assistência Social  FNAS; ; Transferências de Recursos do Fundo Nacional de Assistência Social  FNAS; Transferências de Recursos do Fundo Nacional de Assistência Social  FNAS; Não se aplica; Indice de Gestão Descentralizada IGD-PBF; Arrecadações; SECRETARIA DE DESENVOLVIMENTO SOCIAL E HABITAÇÃO; FUNDO MUNICIPAL DE ASSISTENCIA SOCIAL; SECRETARIA DE DESENVOLVIMENTO SOCIAL E HABITAÇÃO; R$ 0,00; R$ 0,00; R$ 0,00; R$ 0,00; R$ 3.985,09; R$ 3.985,09; R$ 0,00; 0.0
 17165001040100; Indice de Gestão Descentralizada IGD-PBF; Receitas Correntes; Transferências Correntes; Transferências da União e de suas Entidades; Transferências de Recursos do Fundo Nacional de Assistência Social  FNAS - Principal; Transferências de Recursos do Fundo Nacional de Assistência Social  FNAS; Transferências de Recursos do Fundo Nacional de Assistência Social  FNAS; ; Transferências de Recursos do Fundo Nacional de Assistência Social  FNAS; Transferências de Recursos do Fundo Nacional de Assistência Social  FNAS; Não se aplica; Indice de Gestão Descentralizada IGD-PBF; Arrecadações; SECRETARIA DE DESENVOLVIMENTO SOCIAL E HABITAÇÃO; FUNDO MUNICIPAL DE ASSISTENCIA SOCIAL; SECRETARIA DE DESENVOLVIMENTO SOCIAL E HABITAÇÃO; R$ 0,00; R$ 0,00; R$ 0,00; R$ 0,00; R$ 3.669,63; R$ 7.654,72; R$ 0,00; 0.0
 17165001040100; Indice de Gestão Descentralizada IGD-PBF; Receitas Correntes; Transferências Correntes; Transferências da União e de suas Entidades; Transferências de Recursos do Fundo Nacional de Assistência Social  FNAS - Principal; Transferências de Recursos do Fundo Nacional de Assistência Social  FNAS; Transferências de Recursos do Fundo Nacional de Assistência Social  FNAS; ; Transferências de Recursos do Fundo Nacional de Assistência Social  FNAS; Transferências de Recursos do Fundo Nacional de Assistência Social  FNAS; Não se aplica; Indice de Gestão Descentralizada IGD-PBF; Arrecadações; SECRETARIA DE DESENVOLVIMENTO SOCIAL E HABITAÇÃO; FUNDO MUNICIPAL DE ASSISTENCIA SOCIAL; SECRETARIA DE DESENVOLVIMENTO SOCIAL E HABITAÇÃO; R$ 0,00; R$ 0,00; R$ 0,00; R$ 0,00; R$ 3.746,18; R$ 11.400,90; R$ 0,00; 0.0
 17165001040100; Indice de Gestão Descentralizada IGD-PBF; Receitas Correntes; Transferências Correntes; Transferências da União e de suas Entidades; Transferências de Recursos do Fundo Nacional de Assistência Social  FNAS - Principal; Transferências de Recursos do Fundo Nacional de Assistência Social  FNAS; Transferências de Recursos do Fundo Nacional de Assistência Social  FNAS; ; Transferências de Recursos do Fundo Nacional de Assistência Social  FNAS; Transferências de Recursos do Fundo Nacional de Assistência Social  FNAS; Não se aplica; Indice de Gestão Descentralizada IGD-PBF; Arrecadações; SECRETARIA DE DESENVOLVIMENTO SOCIAL E HABITAÇÃO; FUNDO MUNICIPAL DE ASSISTENCIA SOCIAL; SECRETARIA DE DESENVOLVIMENTO SOCIAL E HABITAÇÃO; R$ 0,00; R$ 0,00; R$ 0,00; R$ 0,00; R$ 3.911,24; R$ 15.312,14; R$ 0,00; 0.0
 17165001040100; Indice de Gestão Descentralizada IGD-PBF; Receitas Correntes; Transferências Correntes; Transferências da União e de suas Entidades; Transferências de Recursos do Fundo Nacional de Assistência Social  FNAS - Principal; Transferências de Recursos do Fundo Nacional de Assistência Social  FNAS; Transferências de Recursos do Fundo Nacional de Assistência Social  FNAS; ; Transferências de Recursos do Fundo Nacional de Assistência Social  FNAS; Transferências de Recursos do Fundo Nacional de Assistência Social  FNAS; Não se aplica; Indice de Gestão Descentralizada IGD-PBF; Arrecadações; SECRETARIA DE DESENVOLVIMENTO SOCIAL E HABITAÇÃO; FUNDO MUNICIPAL DE ASSISTENCIA SOCIAL; SECRETARIA DE DESENVOLVIMENTO SOCIAL E HABITAÇÃO; R$ 0,00; R$ 0,00; R$ 0,00; R$ 0,00; R$ 3.845,91; R$ 19.158,05; R$ 0,00; 0.0
 17165001040100; Indice de Gestão Descentralizada IGD-PBF; Receitas Correntes; Transferências Correntes; Transferências da União e de suas Entidades; Transferências de Recursos do Fundo Nacional de Assistência Social  FNAS - Principal; Transferências de Recursos do Fundo Nacional de Assistência Social  FNAS; Transferências de Recursos do Fundo Nacional de Assistência Social  FNAS; ; Transferências de Recursos do Fundo Nacional de Assistência Social  FNAS; Transferências de Recursos do Fundo Nacional de Assistência Social  FNAS; Não se aplica; Indice de Gestão Descentralizada IGD-PBF; Arrecadações; SECRETARIA DE DESENVOLVIMENTO SOCIAL E HABITAÇÃO; FUNDO MUNICIPAL DE ASSISTENCIA SOCIAL; SECRETARIA DE DESENVOLVIMENTO SOCIAL E HABITAÇÃO; R$ 0,00; R$ 0,00; R$ 0,00; R$ 0,00; R$ 5.192,73; R$ 24.350,78; R$ 0,00; 0.0
 17165001040100; Indice de Gestão Descentralizada IGD-PBF; Receitas Correntes; Transferências Correntes; Transferências da União e de suas Entidades; Transferências de Recursos do Fundo Nacional de Assistência Social  FNAS - Principal; Transferências de Recursos do Fundo Nacional de Assistência Social  FNAS; Transferências de Recursos do Fundo Nacional de Assistência Social  FNAS; ; Transferências de Recursos do Fundo Nacional de Assistência Social  FNAS; Transferências de Recursos do Fundo Nacional de Assistência Social  FNAS; Não se aplica; Indice de Gestão Descentralizada IGD-PBF; Arrecadações; SECRETARIA DE DESENVOLVIMENTO SOCIAL E HABITAÇÃO; FUNDO MUNICIPAL DE ASSISTENCIA SOCIAL; SECRETARIA DE DESENVOLVIMENTO SOCIAL E HABITAÇÃO; R$ 0,00; R$ 0,00; R$ 0,00; R$ 0,00; R$ 4.612,76; R$ 28.963,54; R$ 0,00; 0.0
 17165001040100; Indice de Gestão Descentralizada IGD-PBF; Receitas Correntes; Transferências Correntes; Transferências da União e de suas Entidades; Transferências de Recursos do Fundo Nacional de Assistência Social  FNAS - Principal; Transferências de Recursos do Fundo Nacional de Assistência Social  FNAS; Transferências de Recursos do Fundo Nacional de Assistência Social  FNAS; ; Transferências de Recursos do Fundo Nacional de Assistência Social  FNAS; Transferências de Recursos do Fundo Nacional de Assistência Social  FNAS; Não se aplica; Indice de Gestão Descentralizada IGD-PBF; Arrecadações; SECRETARIA DE DESENVOLVIMENTO SOCIAL E HABITAÇÃO; FUNDO MUNICIPAL DE ASSISTENCIA SOCIAL; SECRETARIA DE DESENVOLVIMENTO SOCIAL E HABITAÇÃO; R$ 0,00; R$ 0,00; R$ 0,00; R$ 0,00; R$ 4.848,45; R$ 33.811,99; R$ 0,00; 0.0
 17165001040100; Indice de Gestão Descentralizada IGD-PBF; Receitas Correntes; Transferências Correntes; Transferências da União e de suas Entidades; Transferências de Recursos do Fundo Nacional de Assistência Social  FNAS - Principal; Transferências de Recursos do Fundo Nacional de Assistência Social  FNAS; Transferências de Recursos do Fundo Nacional de Assistência Social  FNAS; ; Transferências de Recursos do Fundo Nacional de Assistência Social  FNAS; Transferências de Recursos do Fundo Nacional de Assistência Social  FNAS; Não se aplica; Indice de Gestão Descentralizada IGD-PBF; Arrecadações; SECRETARIA DE DESENVOLVIMENTO SOCIAL E HABITAÇÃO; FUNDO MUNICIPAL DE ASSISTENCIA SOCIAL; SECRETARIA DE DESENVOLVIMENTO SOCIAL E HABITAÇÃO; R$ 0,00; R$ 0,00; R$ 0,00; R$ 0,00; R$ 4.586,51; R$ 38.398,50; R$ 0,00; 0.0
 17165001040100; Indice de Gestão Descentralizada IGD-PBF; Receitas Correntes; Transferências Correntes; Transferências da União e de suas Entidades; Transferências de Recursos do Fundo Nacional de Assistência Social  FNAS - Principal; Transferências de Recursos do Fundo Nacional de Assistência Social  FNAS; Transferências de Recursos do Fundo Nacional de Assistência Social  FNAS; ; Transferências de Recursos do Fundo Nacional de Assistência Social  FNAS; Transferências de Recursos do Fundo Nacional de Assistência Social  FNAS; Não se aplica; Indice de Gestão Descentralizada IGD-PBF; Arrecadações; SECRETARIA DE DESENVOLVIMENTO SOCIAL E HABITAÇÃO; FUNDO MUNICIPAL DE ASSISTENCIA SOCIAL; SECRETARIA DE DESENVOLVIMENTO SOCIAL E HABITAÇÃO; R$ 0,00; R$ 0,00; R$ 0,00; R$ 0,00; R$ 4.874,75; R$ 43.273,25; R$ 0,00; 0.0
 17165001040100; Indice de Gestão Descentralizada IGD-PBF; Receitas Correntes; Transferências Correntes; Transferências da União e de suas Entidades; Transferências de Recursos do Fundo Nacional de Assistência Social  FNAS - Principal; Transferências de Recursos do Fundo Nacional de Assistência Social  FNAS; Transferências de Recursos do Fundo Nacional de Assistência Social  FNAS; ; Transferências de Recursos do Fundo Nacional de Assistência Social  FNAS; Transferências de Recursos do Fundo Nacional de Assistência Social  FNAS; Não se aplica; Indice de Gestão Descentralizada IGD-PBF; Arrecadações; SECRETARIA DE DESENVOLVIMENTO SOCIAL E HABITAÇÃO; FUNDO MUNICIPAL DE ASSISTENCIA SOCIAL; SECRETARIA DE DESENVOLVIMENTO SOCIAL E HABITAÇÃO; R$ 0,00; R$ 0,00; R$ 0,00; R$ 0,00; R$ 4.734,71; R$ 48.007,96; R$ 0,00; 0.0
 17165001040100; Indice de Gestão Descentralizada IGD-PBF; Receitas Correntes; Transferências Correntes; Transferências da União e de suas Entidades; Transferências de Recursos do Fundo Nacional de Assistência Social  FNAS - Principal; Transferências de Recursos do Fundo Nacional de Assistência Social  FNAS; Transferências de Recursos do Fundo Nacional de Assistência Social  FNAS; ; Transferências de Recursos do Fundo Nacional de Assistência Social  FNAS; Transferências de Recursos do Fundo Nacional de Assistência Social  FNAS; Não se aplica; Indice de Gestão Descentralizada IGD-PBF; Arrecadações; SECRETARIA DE DESENVOLVIMENTO SOCIAL E HABITAÇÃO; FUNDO MUNICIPAL DE ASSISTENCIA SOCIAL; SECRETARIA DE DESENVOLVIMENTO SOCIAL E HABITAÇÃO; R$ 0,00; R$ 0,00; R$ 0,00; R$ 0,00; R$ 4.375,88; R$ 52.383,84; R$ 0,00; 0.0
 17145201000000; Transferências referentes ao Programa Nacional de Alimentação Escolar  PNAE - Principal; Receitas Correntes; Transferências Correntes; Transferências da União e de suas Entidades; Transferências referentes ao Programa Nacional de Alimentação Escolar  PNAE - Principal; Transferências de Recursos do Fundo Nacional do Desenvolvimento da Educação  FNDE?; Transferências referentes ao Programa Nacional de Alimentação Escolar  PNAE; ; Transferências de Recursos do Fundo Nacional do Desenvolvimento da Educação  FNDE?; Transferências referentes ao Programa Nacional de Alimentação Escolar  PNAE; Não se aplica; Transferências referentes ao Programa Nacional de Alimentação Escolar  PNAE - Principal; Arrecadações; SECRETARIA DE ADMINISTRAÇÃO E FINANÇAS; SECRETARIA DE ADMINISTRAÇÃO E FINANÇAS; SECRETARIA DE ADMINISTRAÇÃO E FINANÇAS; R$ 312.596,00; R$ 312.596,00; R$ 0,00; R$ 0,00; R$ 0,00; R$ 0,00; R$ 312.596,00; 0.0
 17145201000000; Transferências referentes ao Programa Nacional de Alimentação Escolar  PNAE - Principal; Receitas Correntes; Transferências Correntes; Transferências da União e de suas Entidades; Transferências referentes ao Programa Nacional de Alimentação Escolar  PNAE - Principal; Transferências de Recursos do Fundo Nacional do Desenvolvimento da Educação  FNDE?; Transferências referentes ao Programa Nacional de Alimentação Escolar  PNAE; ; Transferências de Recursos do Fundo Nacional do Desenvolvimento da Educação  FNDE?; Transferências referentes ao Programa Nacional de Alimentação Escolar  PNAE; Não se aplica; Transferências referentes ao Programa Nacional de Alimentação Escolar  PNAE - Principal; Arrecadações; SECRETARIA DE ADMINISTRAÇÃO E FINANÇAS; SECRETARIA DE ADMINISTRAÇÃO E FINANÇAS; SECRETARIA DE ADMINISTRAÇÃO E FINANÇAS; R$ 0,00; R$ 0,00; R$ 0,00; R$ 0,00; R$ 41.865,50; R$ 41.865,50; R$ 0,00; 0.0
 17145201000000; Transferências referentes ao Programa Nacional de Alimentação Escolar  PNAE - Principal; Receitas Correntes; Transferências Correntes; Transferências da União e de suas Entidades; Transferências referentes ao Programa Nacional de Alimentação Escolar  PNAE - Principal; Transferências de Recursos do Fundo Nacional do Desenvolvimento da Educação  FNDE?; Transferências referentes ao Programa Nacional de Alimentação Escolar  PNAE; ; Transferências de Recursos do Fundo Nacional do Desenvolvimento da Educação  FNDE?; Transferências referentes ao Programa Nacional de Alimentação Escolar  PNAE; Não se aplica; Transferências referentes ao Programa Nacional de Alimentação Escolar  PNAE - Principal; Arrecadações; SECRETARIA DE ADMINISTRAÇÃO E FINANÇAS; SECRETARIA DE ADMINISTRAÇÃO E FINANÇAS; SECRETARIA DE ADMINISTRAÇÃO E FINANÇAS; R$ 0,00; R$ 0,00; R$ 0,00; R$ 0,00; R$ 41.865,50; R$ 83.731,00; R$ 0,00; 0.0
 17145201000000; Transferências referentes ao Programa Nacional de Alimentação Escolar  PNAE - Principal; Receitas Correntes; Transferências Correntes; Transferências da União e de suas Entidades; Transferências referentes ao Programa Nacional de Alimentação Escolar  PNAE - Principal; Transferências de Recursos do Fundo Nacional do Desenvolvimento da Educação  FNDE?; Transferências referentes ao Programa Nacional de Alimentação Escolar  PNAE; ; Transferências de Recursos do Fundo Nacional do Desenvolvimento da Educação  FNDE?; Transferências referentes ao Programa Nacional de Alimentação Escolar  PNAE; Não se aplica; Transferências referentes ao Programa Nacional de Alimentação Escolar  PNAE - Principal; Arrecadações; SECRETARIA DE ADMINISTRAÇÃO E FINANÇAS; SECRETARIA DE ADMINISTRAÇÃO E FINANÇAS; SECRETARIA DE ADMINISTRAÇÃO E FINANÇAS; R$ 0,00; R$ 0,00; R$ 0,00; R$ 0,00; R$ 41.865,50; R$ 125.596,50; R$ 0,00; 0.0
 17145201000000; Transferências referentes ao Programa Nacional de Alimentação Escolar  PNAE - Principal; Receitas Correntes; Transferências Correntes; Transferências da União e de suas Entidades; Transferências referentes ao Programa Nacional de Alimentação Escolar  PNAE - Principal; Transferências de Recursos do Fundo Nacional do Desenvolvimento da Educação  FNDE?; Transferências referentes ao Programa Nacional de Alimentação Escolar  PNAE; ; Transferências de Recursos do Fundo Nacional do Desenvolvimento da Educação  FNDE?; Transferências referentes ao Programa Nacional de Alimentação Escolar  PNAE; Não se aplica; Transferências referentes ao Programa Nacional de Alimentação Escolar  PNAE - Principal; Arrecadações; SECRETARIA DE ADMINISTRAÇÃO E FINANÇAS; SECRETARIA DE ADMINISTRAÇÃO E FINANÇAS; SECRETARIA DE ADMINISTRAÇÃO E FINANÇAS; R$ 0,00; R$ 0,00; R$ 0,00; R$ 0,00; R$ 41.865,50; R$ 167.462,00; R$ 0,00; 0.0
 17145201000000; Transferências referentes ao Programa Nacional de Alimentação Escolar  PNAE - Principal; Receitas Correntes; Transferências Correntes; Transferências da União e de suas Entidades; Transferências referentes ao Programa Nacional de Alimentação Escolar  PNAE - Principal; Transferências de Recursos do Fundo Nacional do Desenvolvimento da Educação  FNDE?; Transferências referentes ao Programa Nacional de Alimentação Escolar  PNAE; ; Transferências de Recursos do Fundo Nacional do Desenvolvimento da Educação  FNDE?; Transferências referentes ao Programa Nacional de Alimentação Escolar  PNAE; Não se aplica; Transferências referentes ao Programa Nacional de Alimentação Escolar  PNAE - Principal; Arrecadações; SECRETARIA DE ADMINISTRAÇÃO E FINANÇAS; SECRETARIA DE ADMINISTRAÇÃO E FINANÇAS; SECRETARIA DE ADMINISTRAÇÃO E FINANÇAS; R$ 0,00; R$ 0,00; R$ 0,00; R$ 0,00; R$ 41.865,50; R$ 209.327,50; R$ 0,00; 0.0
 17145201000000; Transferências referentes ao Programa Nacional de Alimentação Escolar  PNAE - Principal; Receitas Correntes; Transferências Correntes; Transferências da União e de suas Entidades; Transferências referentes ao Programa Nacional de Alimentação Escolar  PNAE - Principal; Transferências de Recursos do Fundo Nacional do Desenvolvimento da Educação  FNDE?; Transferências referentes ao Programa Nacional de Alimentação Escolar  PNAE; ; Transferências de Recursos do Fundo Nacional do Desenvolvimento da Educação  FNDE?; Transferências referentes ao Programa Nacional de Alimentação Escolar  PNAE; Não se aplica; Transferências referentes ao Programa Nacional de Alimentação Escolar  PNAE - Principal; Arrecadações; SECRETARIA DE ADMINISTRAÇÃO E FINANÇAS; SECRETARIA DE ADMINISTRAÇÃO E FINANÇAS; SECRETARIA DE ADMINISTRAÇÃO E FINANÇAS; R$ 0,00; R$ 0,00; R$ 0,00; R$ 0,00; R$ 41.865,50; R$ 251.193,00; R$ 0,00; 0.0
 17145201000000; Transferências referentes ao Programa Nacional de Alimentação Escolar  PNAE - Principal; Receitas Correntes; Transferências Correntes; Transferências da União e de suas Entidades; Transferências referentes ao Programa Nacional de Alimentação Escolar  PNAE - Principal; Transferências de Recursos do Fundo Nacional do Desenvolvimento da Educação  FNDE?; Transferências referentes ao Programa Nacional de Alimentação Escolar  PNAE; ; Transferências de Recursos do Fundo Nacional do Desenvolvimento da Educação  FNDE?; Transferências referentes ao Programa Nacional de Alimentação Escolar  PNAE; Não se aplica; Transferências referentes ao Programa Nacional de Alimentação Escolar  PNAE - Principal; Arrecadações; SECRETARIA DE ADMINISTRAÇÃO E FINANÇAS; SECRETARIA DE ADMINISTRAÇÃO E FINANÇAS; SECRETARIA DE ADMINISTRAÇÃO E FINANÇAS; R$ 0,00; R$ 0,00; R$ 0,00; R$ 0,00; R$ 41.865,50; R$ 293.058,50; R$ 0,00; 0.0
 17145201000000; Transferências referentes ao Programa Nacional de Alimentação Escolar  PNAE - Principal; Receitas Correntes; Transferências Correntes; Transferências da União e de suas Entidades; Transferências referentes ao Programa Nacional de Alimentação Escolar  PNAE - Principal; Transferências de Recursos do Fundo Nacional do Desenvolvimento da Educação  FNDE?; Transferências referentes ao Programa Nacional de Alimentação Escolar  PNAE; ; Transferências de Recursos do Fundo Nacional do Desenvolvimento da Educação  FNDE?; Transferências referentes ao Programa Nacional de Alimentação Escolar  PNAE; Não se aplica; Transferências referentes ao Programa Nacional de Alimentação Escolar  PNAE - Principal; Arrecadações; SECRETARIA DE ADMINISTRAÇÃO E FINANÇAS; SECRETARIA DE ADMINISTRAÇÃO E FINANÇAS; SECRETARIA DE ADMINISTRAÇÃO E FINANÇAS; R$ 0,00; R$ 0,00; R$ 0,00; R$ 0,00; R$ 26.864,00; R$ 319.922,50; R$ 0,00; 0.0
 17145201000000; Transferências referentes ao Programa Nacional de Alimentação Escolar  PNAE - Principal; Receitas Correntes; Transferências Correntes; Transferências da União e de suas Entidades; Transferências referentes ao Programa Nacional de Alimentação Escolar  PNAE - Principal; Transferências de Recursos do Fundo Nacional do Desenvolvimento da Educação  FNDE?; Transferências referentes ao Programa Nacional de Alimentação Escolar  PNAE; ; Transferências de Recursos do Fundo Nacional do Desenvolvimento da Educação  FNDE?; Transferências referentes ao Programa Nacional de Alimentação Escolar  PNAE; Não se aplica; Transferências referentes ao Programa Nacional de Alimentação Escolar  PNAE - Principal; Arrecadações; SECRETARIA DE ADMINISTRAÇÃO E FINANÇAS; SECRETARIA DE ADMINISTRAÇÃO E FINANÇAS; SECRETARIA DE ADMINISTRAÇÃO E FINANÇAS; R$ 0,00; R$ 0,00; R$ 0,00; R$ 0,00; R$ 15.001,50; R$ 334.924,00; R$ 0,00; 0.0
 17115121000000; Cota-Parte do Fundo de Participação do Municípios  Cotas Extraordinárias - Principal; Receitas Correntes; Transferências Correntes; Transferências da União e de suas Entidades; Cota-Parte do Fundo de Participação do Municípios  Cotas Extraordinárias - Principal; Transferências Decorrentes de Participação na Receita da União; Cota-Parte do Fundo de Participação dos Municípios - FPM; Cota-Parte do Fundo de Participação do Municípios  Cotas Extraordinárias; Transferências Decorrentes de Participação na Receita da União; Cota-Parte do Fundo de Participação dos Municípios - FPM; Cota-Parte do Fundo de Participação do Municípios  Cotas Extraordinárias; Cota-Parte do Fundo de Participação do Municípios  Cotas Extraordinárias - Principal; Arrecadações; SECRETARIA DE ADMINISTRAÇÃO E FINANÇAS; SECRETARIA DE ADMINISTRAÇÃO E FINANÇAS; SECRETARIA DE ADMINISTRAÇÃO E FINANÇAS; R$ 2.451.790,00; R$ 2.451.790,00; R$ 0,00; R$ 0,00; R$ 0,00; R$ 0,00; R$ 2.451.790,00; 0.0
 17115121000000; Cota-Parte do Fundo de Participação do Municípios  Cotas Extraordinárias - Principal; Receitas Correntes; Transferências Correntes; Transferências da União e de suas Entidades; Cota-Parte do Fundo de Participação do Municípios  Cotas Extraordinárias - Principal; Transferências Decorrentes de Participação na Receita da União; Cota-Parte do Fundo de Participação dos Municípios - FPM; Cota-Parte do Fundo de Participação do Municípios  Cotas Extraordinárias; Transferências Decorrentes de Participação na Receita da União; Cota-Parte do Fundo de Participação dos Municípios - FPM; Cota-Parte do Fundo de Participação do Municípios  Cotas Extraordinárias; Cota-Parte do Fundo de Participação do Municípios  Cotas Extraordinárias - Principal; Arrecadações; SECRETARIA DE ADMINISTRAÇÃO E FINANÇAS; SECRETARIA DE ADMINISTRAÇÃO E FINANÇAS; SECRETARIA DE ADMINISTRAÇÃO E FINANÇAS; R$ 0,00; R$ 0,00; R$ 0,00; R$ 0,00; R$ 1.270.610,88; R$ 1.270.610,88; R$ 0,00; 0.0
 17115121000000; Cota-Parte do Fundo de Participação do Municípios  Cotas Extraordinárias - Principal; Receitas Correntes; Transferências Correntes; Transferências da União e de suas Entidades; Cota-Parte do Fundo de Participação do Municípios  Cotas Extraordinárias - Principal; Transferências Decorrentes de Participação na Receita da União; Cota-Parte do Fundo de Participação dos Municípios - FPM; Cota-Parte do Fundo de Participação do Municípios  Cotas Extraordinárias; Transferências Decorrentes de Participação na Receita da União; Cota-Parte do Fundo de Participação dos Municípios - FPM; Cota-Parte do Fundo de Participação do Municípios  Cotas Extraordinárias; Cota-Parte do Fundo de Participação do Municípios  Cotas Extraordinárias - Principal; Arrecadações; SECRETARIA DE ADMINISTRAÇÃO E FINANÇAS; SECRETARIA DE ADMINISTRAÇÃO E FINANÇAS; SECRETARIA DE ADMINISTRAÇÃO E FINANÇAS; R$ 0,00; R$ 0,00; R$ 0,00; R$ 0,00; R$ 1.086.601,83; R$ 2.357.212,71; R$ 0,00; 0.0
 17115121000000; Cota-Parte do Fundo de Participação do Municípios  Cotas Extraordinárias - Principal; Receitas Correntes; Transferências Correntes; Transferências da União e de suas Entidades; Cota-Parte do Fundo de Participação do Municípios  Cotas Extraordinárias - Principal; Transferências Decorrentes de Participação na Receita da União; Cota-Parte do Fundo de Participação dos Municípios - FPM; Cota-Parte do Fundo de Participação do Municípios  Cotas Extraordinárias; Transferências Decorrentes de Participação na Receita da União; Cota-Parte do Fundo de Participação dos Municípios - FPM; Cota-Parte do Fundo de Participação do Municípios  Cotas Extraordinárias; Cota-Parte do Fundo de Participação do Municípios  Cotas Extraordinárias - Principal; Arrecadações; SECRETARIA DE ADMINISTRAÇÃO E FINANÇAS; SECRETARIA DE ADMINISTRAÇÃO E FINANÇAS; SECRETARIA DE ADMINISTRAÇÃO E FINANÇAS; R$ 0,00; R$ 0,00; R$ 0,00; R$ 0,00; R$ 1.311.619,58; R$ 3.668.832,29; R$ 0,00; 0.0
 11145114000000; Imposto sobre Serviços de Qualquer Natureza - ISSQN - Dívida Ativa - Multas e Juros de Mora da Dívida Ativa; Receitas Correntes; Impostos, Taxas e Contribuições de Melhoria; Impostos; Imposto sobre Serviços de Qualquer Natureza - ISSQN - Dívida Ativa - Multas e Juros de Mora da Dívida Ativa; Impostos sobre Produção, Circulação e Serviços; Impostos sobre Serviços; Imposto sobre Serviços de Qualquer Natureza - ISSQN; Impostos sobre Produção, Circulação e Serviços; Impostos sobre Serviços; Imposto sobre Serviços de Qualquer Natureza - ISSQN; Imposto sobre Serviços de Qualquer Natureza - ISSQN - Dívida Ativa - Multas e Juros de Mora da Dívida Ativa; Arrecadações; SECRETARIA DE ADMINISTRAÇÃO E FINANÇAS; SECRETARIA DE ADMINISTRAÇÃO E FINANÇAS; SECRETARIA DE ADMINISTRAÇÃO E FINANÇAS; R$ 2.572,00; R$ 2.572,00; R$ 0,00; R$ 0,00; R$ 703,15; R$ 703,15; R$ 2.572,00; 27.34
 11210101020000; TPP - Tx de Funcion. Estab. Com/Ind/Prest. Serv; Receitas Correntes; Impostos, Taxas e Contribuições de Melhoria; Taxas; Taxas de Inspeção; Taxas pelo Exercício do Poder de Polícia; Taxas de Inspeção, Controle e Fiscalização; ; Taxas pelo Exercício do Poder de Polícia; Taxas de Inspeção, Controle e Fiscalização; Não se aplica; TPP - Tx de Funcion. Estab. Com/Ind/Prest. Serv; Arrecadações; SECRETARIA DE ADMINISTRAÇÃO E FINANÇAS; SECRETARIA DE ADMINISTRAÇÃO E FINANÇAS; SECRETARIA DE ADMINISTRAÇÃO E FINANÇAS; R$ 0,00; R$ 0,00; R$ 0,00; R$ 0,00; R$ 8.171,17; R$ 269.552,13; R$ 0,00; 0.0
 11210101020000; TPP - Tx de Funcion. Estab. Com/Ind/Prest. Serv; Receitas Correntes; Impostos, Taxas e Contribuições de Melhoria; Taxas; Taxas de Inspeção; Taxas pelo Exercício do Poder de Polícia; Taxas de Inspeção, Controle e Fiscalização; ; Taxas pelo Exercício do Poder de Polícia; Taxas de Inspeção, Controle e Fiscalização; Não se aplica; TPP - Tx de Funcion. Estab. Com/Ind/Prest. Serv; Arrecadações; SECRETARIA DE ADMINISTRAÇÃO E FINANÇAS; SECRETARIA DE ADMINISTRAÇÃO E FINANÇAS; SECRETARIA DE ADMINISTRAÇÃO E FINANÇAS; R$ 0,00; R$ 0,00; R$ 0,00; R$ 0,00; R$ 26.290,71; R$ 208.648,21; R$ 0,00; 0.0
 11210101020000; TPP - Tx de Funcion. Estab. Com/Ind/Prest. Serv; Receitas Correntes; Impostos, Taxas e Contribuições de Melhoria; Taxas; Taxas de Inspeção; Taxas pelo Exercício do Poder de Polícia; Taxas de Inspeção, Controle e Fiscalização; ; Taxas pelo Exercício do Poder de Polícia; Taxas de Inspeção, Controle e Fiscalização; Não se aplica; TPP - Tx de Funcion. Estab. Com/Ind/Prest. Serv; Arrecadações; SECRETARIA DE ADMINISTRAÇÃO E FINANÇAS; SECRETARIA DE ADMINISTRAÇÃO E FINANÇAS; SECRETARIA DE ADMINISTRAÇÃO E FINANÇAS; R$ 0,00; R$ 0,00; R$ 0,00; R$ 0,00; R$ 25.495,93; R$ 234.144,14; R$ 0,00; 0.0
 11210101020000; TPP - Tx de Funcion. Estab. Com/Ind/Prest. Serv; Receitas Correntes; Impostos, Taxas e Contribuições de Melhoria; Taxas; Taxas de Inspeção; Taxas pelo Exercício do Poder de Polícia; Taxas de Inspeção, Controle e Fiscalização; ; Taxas pelo Exercício do Poder de Polícia; Taxas de Inspeção, Controle e Fiscalização; Não se aplica; TPP - Tx de Funcion. Estab. Com/Ind/Prest. Serv; Arrecadações; SECRETARIA DE ADMINISTRAÇÃO E FINANÇAS; SECRETARIA DE ADMINISTRAÇÃO E FINANÇAS; SECRETARIA DE ADMINISTRAÇÃO E FINANÇAS; R$ 0,00; R$ 0,00; R$ 0,00; R$ 0,00; R$ 3.320,14; R$ 295.537,06; R$ 0,00; 0.0
 11210404000000; Taxa de Controle e Fiscalização Ambiental - Dívida Ativa - Multas e Juros de Mora da Dívida Ativa; Receitas Correntes; Impostos, Taxas e Contribuições de Melhoria; Taxas; Taxa de Controle e Fiscalização Ambiental - Dívida Ativa - Multas e Juros de Mora da Dívida Ativa; Taxas pelo Exercício do Poder de Polícia; Taxa de Controle e Fiscalização Ambiental; ; Taxas pelo Exercício do Poder de Polícia; Taxa de Controle e Fiscalização Ambiental; Não se aplica; Taxa de Controle e Fiscalização Ambiental - Dívida Ativa - Multas e Juros de Mora da Dívida Ativa; Arrecadações; SECRETARIA DE ADMINISTRAÇÃO E FINANÇAS; SECRETARIA DE ADMINISTRAÇÃO E FINANÇAS; SECRETARIA DE ADMINISTRAÇÃO E FINANÇAS; R$ 0,00; R$ 0,00; R$ 0,00; R$ 0,00; R$ 2,90; R$ 2,90; R$ 0,00; 0.0
 11210101020000; TPP - Tx de Funcion. Estab. Com/Ind/Prest. Serv; Receitas Correntes; Impostos, Taxas e Contribuições de Melhoria; Taxas; Taxas de Inspeção; Taxas pelo Exercício do Poder de Polícia; Taxas de Inspeção, Controle e Fiscalização; ; Taxas pelo Exercício do Poder de Polícia; Taxas de Inspeção, Controle e Fiscalização; Não se aplica; TPP - Tx de Funcion. Estab. Com/Ind/Prest. Serv; Arrecadações; SECRETARIA DE ADMINISTRAÇÃO E FINANÇAS; SECRETARIA DE ADMINISTRAÇÃO E FINANÇAS; SECRETARIA DE ADMINISTRAÇÃO E FINANÇAS; R$ 0,00; R$ 0,00; R$ 0,00; R$ 0,00; R$ 1.957,93; R$ 297.494,99; R$ 0,00; 0.0
 11210403000000; Taxa de Controle e Fiscalização Ambiental - Dívida Ativa; Receitas Correntes; Impostos, Taxas e Contribuições de Melhoria; Taxas; Taxa de Controle e Fiscalização Ambiental - Dívida Ativa; Taxas pelo Exercício do Poder de Polícia; Taxa de Controle e Fiscalização Ambiental; ; Taxas pelo Exercício do Poder de Polícia; Taxa de Controle e Fiscalização Ambiental; Não se aplica; Taxa de Controle e Fiscalização Ambiental - Dívida Ativa; Arrecadações; SECRETARIA DE ADMINISTRAÇÃO E FINANÇAS; SECRETARIA DE ADMINISTRAÇÃO E FINANÇAS; SECRETARIA DE ADMINISTRAÇÃO E FINANÇAS; R$ 0,00; R$ 0,00; R$ 0,00; R$ 0,00; R$ 116,14; R$ 116,14; R$ 0,00; 0.0
 11210101020000; TPP - Tx de Funcion. Estab. Com/Ind/Prest. Serv; Receitas Correntes; Impostos, Taxas e Contribuições de Melhoria; Taxas; Taxas de Inspeção; Taxas pelo Exercício do Poder de Polícia; Taxas de Inspeção, Controle e Fiscalização; ; Taxas pelo Exercício do Poder de Polícia; Taxas de Inspeção, Controle e Fiscalização; Não se aplica; TPP - Tx de Funcion. Estab. Com/Ind/Prest. Serv; Arrecadações; SECRETARIA DE ADMINISTRAÇÃO E FINANÇAS; SECRETARIA DE ADMINISTRAÇÃO E FINANÇAS; SECRETARIA DE ADMINISTRAÇÃO E FINANÇAS; R$ 0,00; R$ 0,00; R$ 0,00; R$ 0,00; R$ 11.595,57; R$ 281.147,70; R$ 0,00; 0.0
 11210101020000; TPP - Tx de Funcion. Estab. Com/Ind/Prest. Serv; Receitas Correntes; Impostos, Taxas e Contribuições de Melhoria; Taxas; Taxas de Inspeção; Taxas pelo Exercício do Poder de Polícia; Taxas de Inspeção, Controle e Fiscalização; ; Taxas pelo Exercício do Poder de Polícia; Taxas de Inspeção, Controle e Fiscalização; Não se aplica; TPP - Tx de Funcion. Estab. Com/Ind/Prest. Serv; Arrecadações; SECRETARIA DE ADMINISTRAÇÃO E FINANÇAS; SECRETARIA DE ADMINISTRAÇÃO E FINANÇAS; SECRETARIA DE ADMINISTRAÇÃO E FINANÇAS; R$ 0,00; R$ 0,00; R$ 0,00; R$ 0,00; R$ 3.682,59; R$ 284.830,29; R$ 0,00; 0.0
 11210101020000; TPP - Tx de Funcion. Estab. Com/Ind/Prest. Serv; Receitas Correntes; Impostos, Taxas e Contribuições de Melhoria; Taxas; Taxas de Inspeção; Taxas pelo Exercício do Poder de Polícia; Taxas de Inspeção, Controle e Fiscalização; ; Taxas pelo Exercício do Poder de Polícia; Taxas de Inspeção, Controle e Fiscalização; Não se aplica; TPP - Tx de Funcion. Estab. Com/Ind/Prest. Serv; Arrecadações; SECRETARIA DE ADMINISTRAÇÃO E FINANÇAS; SECRETARIA DE ADMINISTRAÇÃO E FINANÇAS; SECRETARIA DE ADMINISTRAÇÃO E FINANÇAS; R$ 0,00; R$ 0,00; R$ 0,00; R$ 0,00; R$ 7.386,63; R$ 292.216,92; R$ 0,00; 0.0
 11210403000000; Taxa de Controle e Fiscalização Ambiental - Dívida Ativa; Receitas Correntes; Impostos, Taxas e Contribuições de Melhoria; Taxas; Taxa de Controle e Fiscalização Ambiental - Dívida Ativa; Taxas pelo Exercício do Poder de Polícia; Taxa de Controle e Fiscalização Ambiental; ; Taxas pelo Exercício do Poder de Polícia; Taxa de Controle e Fiscalização Ambiental; Não se aplica; Taxa de Controle e Fiscalização Ambiental - Dívida Ativa; Arrecadações; SECRETARIA DE ADMINISTRAÇÃO E FINANÇAS; SECRETARIA DE ADMINISTRAÇÃO E FINANÇAS; SECRETARIA DE ADMINISTRAÇÃO E FINANÇAS; R$ 0,00; R$ 0,00; R$ 0,00; R$ 0,00; R$ 58,07; R$ 174,21; R$ 0,00; 0.0
 11210101020000; TPP - Tx de Funcion. Estab. Com/Ind/Prest. Serv; Receitas Correntes; Impostos, Taxas e Contribuições de Melhoria; Taxas; Taxas de Inspeção; Taxas pelo Exercício do Poder de Polícia; Taxas de Inspeção, Controle e Fiscalização; ; Taxas pelo Exercício do Poder de Polícia; Taxas de Inspeção, Controle e Fiscalização; Não se aplica; TPP - Tx de Funcion. Estab. Com/Ind/Prest. Serv; Arrecadações; SECRETARIA DE ADMINISTRAÇÃO E FINANÇAS; SECRETARIA DE ADMINISTRAÇÃO E FINANÇAS; SECRETARIA DE ADMINISTRAÇÃO E FINANÇAS; R$ 0,00; R$ 0,00; R$ 0,00; R$ 0,00; R$ 6.569,87; R$ 304.064,86; R$ 0,00; 0.0
 11210404000000; Taxa de Controle e Fiscalização Ambiental - Dívida Ativa - Multas e Juros de Mora da Dívida Ativa; Receitas Correntes; Impostos, Taxas e Contribuições de Melhoria; Taxas; Taxa de Controle e Fiscalização Ambiental - Dívida Ativa - Multas e Juros de Mora da Dívida Ativa; Taxas pelo Exercício do Poder de Polícia; Taxa de Controle e Fiscalização Ambiental; ; Taxas pelo Exercício do Poder de Polícia; Taxa de Controle e Fiscalização Ambiental; Não se aplica; Taxa de Controle e Fiscalização Ambiental - Dívida Ativa - Multas e Juros de Mora da Dívida Ativa; Arrecadações; SECRETARIA DE ADMINISTRAÇÃO E FINANÇAS; SECRETARIA DE ADMINISTRAÇÃO E FINANÇAS; SECRETARIA DE ADMINISTRAÇÃO E FINANÇAS; R$ 0,00; R$ 0,00; R$ 0,00; R$ 0,00; R$ 0,00; R$ 2,90; R$ 0,00; 0.0
 11145114000000; Imposto sobre Serviços de Qualquer Natureza - ISSQN - Dívida Ativa - Multas e Juros de Mora da Dívida Ativa; Receitas Correntes; Impostos, Taxas e Contribuições de Melhoria; Impostos; Imposto sobre Serviços de Qualquer Natureza - ISSQN - Dívida Ativa - Multas e Juros de Mora da Dívida Ativa; Impostos sobre Produção, Circulação e Serviços; Impostos sobre Serviços; Imposto sobre Serviços de Qualquer Natureza - ISSQN; Impostos sobre Produção, Circulação e Serviços; Impostos sobre Serviços; Imposto sobre Serviços de Qualquer Natureza - ISSQN; Imposto sobre Serviços de Qualquer Natureza - ISSQN - Dívida Ativa - Multas e Juros de Mora da Dívida Ativa; Arrecadações; SECRETARIA DE ADMINISTRAÇÃO E FINANÇAS; SECRETARIA DE ADMINISTRAÇÃO E FINANÇAS; SECRETARIA DE ADMINISTRAÇÃO E FINANÇAS; R$ 0,00; R$ 0,00; R$ 0,00; R$ 0,00; R$ 589,43; R$ 1.292,58; R$ 0,00; 0.0
 11145114000000; Imposto sobre Serviços de Qualquer Natureza - ISSQN - Dívida Ativa - Multas e Juros de Mora da Dívida Ativa; Receitas Correntes; Impostos, Taxas e Contribuições de Melhoria; Impostos; Imposto sobre Serviços de Qualquer Natureza - ISSQN - Dívida Ativa - Multas e Juros de Mora da Dívida Ativa; Impostos sobre Produção, Circulação e Serviços; Impostos sobre Serviços; Imposto sobre Serviços de Qualquer Natureza - ISSQN; Impostos sobre Produção, Circulação e Serviços; Impostos sobre Serviços; Imposto sobre Serviços de Qualquer Natureza - ISSQN; Imposto sobre Serviços de Qualquer Natureza - ISSQN - Dívida Ativa - Multas e Juros de Mora da Dívida Ativa; Arrecadações; SECRETARIA DE ADMINISTRAÇÃO E FINANÇAS; SECRETARIA DE ADMINISTRAÇÃO E FINANÇAS; SECRETARIA DE ADMINISTRAÇÃO E FINANÇAS; R$ 0,00; R$ 0,00; R$ 0,00; R$ 0,00; R$ 120,75; R$ 1.413,33; R$ 0,00; 0.0
 11145114000000; Imposto sobre Serviços de Qualquer Natureza - ISSQN - Dívida Ativa - Multas e Juros de Mora da Dívida Ativa; Receitas Correntes; Impostos, Taxas e Contribuições de Melhoria; Impostos; Imposto sobre Serviços de Qualquer Natureza - ISSQN - Dívida Ativa - Multas e Juros de Mora da Dívida Ativa; Impostos sobre Produção, Circulação e Serviços; Impostos sobre Serviços; Imposto sobre Serviços de Qualquer Natureza - ISSQN; Impostos sobre Produção, Circulação e Serviços; Impostos sobre Serviços; Imposto sobre Serviços de Qualquer Natureza - ISSQN; Imposto sobre Serviços de Qualquer Natureza - ISSQN - Dívida Ativa - Multas e Juros de Mora da Dívida Ativa; Arrecadações; SECRETARIA DE ADMINISTRAÇÃO E FINANÇAS; SECRETARIA DE ADMINISTRAÇÃO E FINANÇAS; SECRETARIA DE ADMINISTRAÇÃO E FINANÇAS; R$ 0,00; R$ 0,00; R$ 0,00; R$ 0,00; R$ 120,71; R$ 1.654,79; R$ 0,00; 0.0
 11145114000000; Imposto sobre Serviços de Qualquer Natureza - ISSQN - Dívida Ativa - Multas e Juros de Mora da Dívida Ativa; Receitas Correntes; Impostos, Taxas e Contribuições de Melhoria; Impostos; Imposto sobre Serviços de Qualquer Natureza - ISSQN - Dívida Ativa - Multas e Juros de Mora da Dívida Ativa; Impostos sobre Produção, Circulação e Serviços; Impostos sobre Serviços; Imposto sobre Serviços de Qualquer Natureza - ISSQN; Impostos sobre Produção, Circulação e Serviços; Impostos sobre Serviços; Imposto sobre Serviços de Qualquer Natureza - ISSQN; Imposto sobre Serviços de Qualquer Natureza - ISSQN - Dívida Ativa - Multas e Juros de Mora da Dívida Ativa; Arrecadações; SECRETARIA DE ADMINISTRAÇÃO E FINANÇAS; SECRETARIA DE ADMINISTRAÇÃO E FINANÇAS; SECRETARIA DE ADMINISTRAÇÃO E FINANÇAS; R$ 0,00; R$ 0,00; R$ 0,00; R$ 0,00; R$ 120,35; R$ 1.775,14; R$ 0,00; 0.0
 11145114000000; Imposto sobre Serviços de Qualquer Natureza - ISSQN - Dívida Ativa - Multas e Juros de Mora da Dívida Ativa; Receitas Correntes; Impostos, Taxas e Contribuições de Melhoria; Impostos; Imposto sobre Serviços de Qualquer Natureza - ISSQN - Dívida Ativa - Multas e Juros de Mora da Dívida Ativa; Impostos sobre Produção, Circulação e Serviços; Impostos sobre Serviços; Imposto sobre Serviços de Qualquer Natureza - ISSQN; Impostos sobre Produção, Circulação e Serviços; Impostos sobre Serviços; Imposto sobre Serviços de Qualquer Natureza - ISSQN; Imposto sobre Serviços de Qualquer Natureza - ISSQN - Dívida Ativa - Multas e Juros de Mora da Dívida Ativa; Arrecadações; SECRETARIA DE ADMINISTRAÇÃO E FINANÇAS; SECRETARIA DE ADMINISTRAÇÃO E FINANÇAS; SECRETARIA DE ADMINISTRAÇÃO E FINANÇAS; R$ 0,00; R$ 0,00; R$ 0,00; R$ 0,00; R$ 130,43; R$ 1.905,57; R$ 0,00; 0.0
 11145114000000; Imposto sobre Serviços de Qualquer Natureza - ISSQN - Dívida Ativa - Multas e Juros de Mora da Dívida Ativa; Receitas Correntes; Impostos, Taxas e Contribuições de Melhoria; Impostos; Imposto sobre Serviços de Qualquer Natureza - ISSQN - Dívida Ativa - Multas e Juros de Mora da Dívida Ativa; Impostos sobre Produção, Circulação e Serviços; Impostos sobre Serviços; Imposto sobre Serviços de Qualquer Natureza - ISSQN; Impostos sobre Produção, Circulação e Serviços; Impostos sobre Serviços; Imposto sobre Serviços de Qualquer Natureza - ISSQN; Imposto sobre Serviços de Qualquer Natureza - ISSQN - Dívida Ativa - Multas e Juros de Mora da Dívida Ativa; Arrecadações; SECRETARIA DE ADMINISTRAÇÃO E FINANÇAS; SECRETARIA DE ADMINISTRAÇÃO E FINANÇAS; SECRETARIA DE ADMINISTRAÇÃO E FINANÇAS; R$ 0,00; R$ 0,00; R$ 0,00; R$ 0,00; R$ 189,28; R$ 2.094,85; R$ 0,00; 0.0
 11145114000000; Imposto sobre Serviços de Qualquer Natureza - ISSQN - Dívida Ativa - Multas e Juros de Mora da Dívida Ativa; Receitas Correntes; Impostos, Taxas e Contribuições de Melhoria; Impostos; Imposto sobre Serviços de Qualquer Natureza - ISSQN - Dívida Ativa - Multas e Juros de Mora da Dívida Ativa; Impostos sobre Produção, Circulação e Serviços; Impostos sobre Serviços; Imposto sobre Serviços de Qualquer Natureza - ISSQN; Impostos sobre Produção, Circulação e Serviços; Impostos sobre Serviços; Imposto sobre Serviços de Qualquer Natureza - ISSQN; Imposto sobre Serviços de Qualquer Natureza - ISSQN - Dívida Ativa - Multas e Juros de Mora da Dívida Ativa; Arrecadações; SECRETARIA DE ADMINISTRAÇÃO E FINANÇAS; SECRETARIA DE ADMINISTRAÇÃO E FINANÇAS; SECRETARIA DE ADMINISTRAÇÃO E FINANÇAS; R$ 0,00; R$ 0,00; R$ 0,00; R$ 0,00; R$ 120,75; R$ 1.534,08; R$ 0,00; 0.0
 11210101020000; TPP - Tx de Funcion. Estab. Com/Ind/Prest. Serv; Receitas Correntes; Impostos, Taxas e Contribuições de Melhoria; Taxas; Taxas de Inspeção; Taxas pelo Exercício do Poder de Polícia; Taxas de Inspeção, Controle e Fiscalização; ; Taxas pelo Exercício do Poder de Polícia; Taxas de Inspeção, Controle e Fiscalização; Não se aplica; TPP - Tx de Funcion. Estab. Com/Ind/Prest. Serv; Arrecadações; SECRETARIA DE ADMINISTRAÇÃO E FINANÇAS; SECRETARIA DE ADMINISTRAÇÃO E FINANÇAS; SECRETARIA DE ADMINISTRAÇÃO E FINANÇAS; R$ 402.622,00; R$ 402.622,00; R$ 0,00; R$ 0,00; R$ 73.057,07; R$ 73.057,07; R$ 402.622,00; 18.15
 11210403000000; Taxa de Controle e Fiscalização Ambiental - Dívida Ativa; Receitas Correntes; Impostos, Taxas e Contribuições de Melhoria; Taxas; Taxa de Controle e Fiscalização Ambiental - Dívida Ativa; Taxas pelo Exercício do Poder de Polícia; Taxa de Controle e Fiscalização Ambiental; ; Taxas pelo Exercício do Poder de Polícia; Taxa de Controle e Fiscalização Ambiental; Não se aplica; Taxa de Controle e Fiscalização Ambiental - Dívida Ativa; Arrecadações; SECRETARIA DE ADMINISTRAÇÃO E FINANÇAS; SECRETARIA DE ADMINISTRAÇÃO E FINANÇAS; SECRETARIA DE ADMINISTRAÇÃO E FINANÇAS; R$ 1.200,00; R$ 1.200,00; R$ 0,00; R$ 0,00; R$ 0,00; R$ 0,00; R$ 1.200,00; 0.0
 11210404000000; Taxa de Controle e Fiscalização Ambiental - Dívida Ativa - Multas e Juros de Mora da Dívida Ativa; Receitas Correntes; Impostos, Taxas e Contribuições de Melhoria; Taxas; Taxa de Controle e Fiscalização Ambiental - Dívida Ativa - Multas e Juros de Mora da Dívida Ativa; Taxas pelo Exercício do Poder de Polícia; Taxa de Controle e Fiscalização Ambiental; ; Taxas pelo Exercício do Poder de Polícia; Taxa de Controle e Fiscalização Ambiental; Não se aplica; Taxa de Controle e Fiscalização Ambiental - Dívida Ativa - Multas e Juros de Mora da Dívida Ativa; Arrecadações; SECRETARIA DE ADMINISTRAÇÃO E FINANÇAS; SECRETARIA DE ADMINISTRAÇÃO E FINANÇAS; SECRETARIA DE ADMINISTRAÇÃO E FINANÇAS; R$ 1.200,00; R$ 1.200,00; R$ 0,00; R$ 0,00; R$ 0,00; R$ 0,00; R$ 1.200,00; 0.0
 11210101020000; TPP - Tx de Funcion. Estab. Com/Ind/Prest. Serv; Receitas Correntes; Impostos, Taxas e Contribuições de Melhoria; Taxas; Taxas de Inspeção; Taxas pelo Exercício do Poder de Polícia; Taxas de Inspeção, Controle e Fiscalização; ; Taxas pelo Exercício do Poder de Polícia; Taxas de Inspeção, Controle e Fiscalização; Não se aplica; TPP - Tx de Funcion. Estab. Com/Ind/Prest. Serv; Arrecadações; SECRETARIA DE ADMINISTRAÇÃO E FINANÇAS; SECRETARIA DE ADMINISTRAÇÃO E FINANÇAS; SECRETARIA DE ADMINISTRAÇÃO E FINANÇAS; R$ 0,00; R$ 0,00; R$ 0,00; R$ 0,00; R$ 109.300,43; R$ 182.357,50; R$ 0,00; 0.0
 11210101020000; TPP - Tx de Funcion. Estab. Com/Ind/Prest. Serv; Receitas Correntes; Impostos, Taxas e Contribuições de Melhoria; Taxas; Taxas de Inspeção; Taxas pelo Exercício do Poder de Polícia; Taxas de Inspeção, Controle e Fiscalização; ; Taxas pelo Exercício do Poder de Polícia; Taxas de Inspeção, Controle e Fiscalização; Não se aplica; TPP - Tx de Funcion. Estab. Com/Ind/Prest. Serv; Arrecadações; SECRETARIA DE ADMINISTRAÇÃO E FINANÇAS; SECRETARIA DE ADMINISTRAÇÃO E FINANÇAS; SECRETARIA DE ADMINISTRAÇÃO E FINANÇAS; R$ 0,00; R$ 0,00; R$ 0,00; R$ 0,00; R$ 27.236,82; R$ 261.380,96; R$ 0,00; 0.0
 17215201000000; Cota-Parte do IPI - Municípios - Principal; Receitas Correntes; Transferências Correntes; Transferências dos Estados e do Distrito Federal e de suas Entidades; Cota-Parte do IPI - Municípios - Principal; Participação na Receita dos Estados e Distrito Federal; Cota-Parte do IPI - Municípios; ; Participação na Receita dos Estados e Distrito Federal; Cota-Parte do IPI - Municípios; Não se aplica; Cota-Parte do IPI - Municípios - Principal; Arrecadações; SECRETARIA DE ADMINISTRAÇÃO E FINANÇAS; SECRETARIA DE ADMINISTRAÇÃO E FINANÇAS; SECRETARIA DE ADMINISTRAÇÃO E FINANÇAS; R$ 93.265,00; R$ 93.265,00; R$ 18.653,00; R$ 0,00; R$ 6.583,20; R$ 6.583,20; R$ 74.612,00; 6.62
 17215201000000; Cota-Parte do IPI - Municípios - Principal; Receitas Correntes; Transferências Correntes; Transferências dos Estados e do Distrito Federal e de suas Entidades; Cota-Parte do IPI - Municípios - Principal; Participação na Receita dos Estados e Distrito Federal; Cota-Parte do IPI - Municípios; ; Participação na Receita dos Estados e Distrito Federal; Cota-Parte do IPI - Municípios; Não se aplica; Cota-Parte do IPI - Municípios - Principal; Arrecadações; SECRETARIA DE ADMINISTRAÇÃO E FINANÇAS; SECRETARIA DE ADMINISTRAÇÃO E FINANÇAS; SECRETARIA DE ADMINISTRAÇÃO E FINANÇAS; R$ 0,00; R$ 0,00; R$ 0,00; R$ 0,00; R$ 7.452,22; R$ 14.035,42; R$ 0,00; 0.0
 17215201000000; Cota-Parte do IPI - Municípios - Principal; Receitas Correntes; Transferências Correntes; Transferências dos Estados e do Distrito Federal e de suas Entidades; Cota-Parte do IPI - Municípios - Principal; Participação na Receita dos Estados e Distrito Federal; Cota-Parte do IPI - Municípios; ; Participação na Receita dos Estados e Distrito Federal; Cota-Parte do IPI - Municípios; Não se aplica; Cota-Parte do IPI - Municípios - Principal; Arrecadações; SECRETARIA DE ADMINISTRAÇÃO E FINANÇAS; SECRETARIA DE ADMINISTRAÇÃO E FINANÇAS; SECRETARIA DE ADMINISTRAÇÃO E FINANÇAS; R$ 0,00; R$ 0,00; R$ 0,00; R$ 0,00; R$ 8.115,69; R$ 22.151,11; R$ 0,00; 0.0
 17215201000000; Cota-Parte do IPI - Municípios - Principal; Receitas Correntes; Transferências Correntes; Transferências dos Estados e do Distrito Federal e de suas Entidades; Cota-Parte do IPI - Municípios - Principal; Participação na Receita dos Estados e Distrito Federal; Cota-Parte do IPI - Municípios; ; Participação na Receita dos Estados e Distrito Federal; Cota-Parte do IPI - Municípios; Não se aplica; Cota-Parte do IPI - Municípios - Principal; Arrecadações; SECRETARIA DE ADMINISTRAÇÃO E FINANÇAS; SECRETARIA DE ADMINISTRAÇÃO E FINANÇAS; SECRETARIA DE ADMINISTRAÇÃO E FINANÇAS; R$ 0,00; R$ 0,00; R$ 0,00; R$ 0,00; R$ 8.427,35; R$ 45.600,83; R$ 0,00; 0.0
 17215201000000; Cota-Parte do IPI - Municípios - Principal; Receitas Correntes; Transferências Correntes; Transferências dos Estados e do Distrito Federal e de suas Entidades; Cota-Parte do IPI - Municípios - Principal; Participação na Receita dos Estados e Distrito Federal; Cota-Parte do IPI - Municípios; ; Participação na Receita dos Estados e Distrito Federal; Cota-Parte do IPI - Municípios; Não se aplica; Cota-Parte do IPI - Municípios - Principal; Arrecadações; SECRETARIA DE ADMINISTRAÇÃO E FINANÇAS; SECRETARIA DE ADMINISTRAÇÃO E FINANÇAS; SECRETARIA DE ADMINISTRAÇÃO E FINANÇAS; R$ 0,00; R$ 0,00; R$ 0,00; R$ 0,00; R$ 7.230,50; R$ 52.831,33; R$ 0,00; 0.0
 17215201000000; Cota-Parte do IPI - Municípios - Principal; Receitas Correntes; Transferências Correntes; Transferências dos Estados e do Distrito Federal e de suas Entidades; Cota-Parte do IPI - Municípios - Principal; Participação na Receita dos Estados e Distrito Federal; Cota-Parte do IPI - Municípios; ; Participação na Receita dos Estados e Distrito Federal; Cota-Parte do IPI - Municípios; Não se aplica; Cota-Parte do IPI - Municípios - Principal; Arrecadações; SECRETARIA DE ADMINISTRAÇÃO E FINANÇAS; SECRETARIA DE ADMINISTRAÇÃO E FINANÇAS; SECRETARIA DE ADMINISTRAÇÃO E FINANÇAS; R$ 0,00; R$ 0,00; R$ 0,00; R$ 0,00; R$ 7.986,90; R$ 60.818,23; R$ 0,00; 0.0
 17215201000000; Cota-Parte do IPI - Municípios - Principal; Receitas Correntes; Transferências Correntes; Transferências dos Estados e do Distrito Federal e de suas Entidades; Cota-Parte do IPI - Municípios - Principal; Participação na Receita dos Estados e Distrito Federal; Cota-Parte do IPI - Municípios; ; Participação na Receita dos Estados e Distrito Federal; Cota-Parte do IPI - Municípios; Não se aplica; Cota-Parte do IPI - Municípios - Principal; Arrecadações; SECRETARIA DE ADMINISTRAÇÃO E FINANÇAS; SECRETARIA DE ADMINISTRAÇÃO E FINANÇAS; SECRETARIA DE ADMINISTRAÇÃO E FINANÇAS; R$ 0,00; R$ 0,00; R$ 0,00; R$ 0,00; R$ 8.469,94; R$ 69.288,17; R$ 0,00; 0.0
 17215201000000; Cota-Parte do IPI - Municípios - Principal; Receitas Correntes; Transferências Correntes; Transferências dos Estados e do Distrito Federal e de suas Entidades; Cota-Parte do IPI - Municípios - Principal; Participação na Receita dos Estados e Distrito Federal; Cota-Parte do IPI - Municípios; ; Participação na Receita dos Estados e Distrito Federal; Cota-Parte do IPI - Municípios; Não se aplica; Cota-Parte do IPI - Municípios - Principal; Arrecadações; SECRETARIA DE ADMINISTRAÇÃO E FINANÇAS; SECRETARIA DE ADMINISTRAÇÃO E FINANÇAS; SECRETARIA DE ADMINISTRAÇÃO E FINANÇAS; R$ 0,00; R$ 0,00; R$ 0,00; R$ 0,00; R$ 7.619,69; R$ 29.770,80; R$ 0,00; 0.0
 17215201000000; Cota-Parte do IPI - Municípios - Principal; Receitas Correntes; Transferências Correntes; Transferências dos Estados e do Distrito Federal e de suas Entidades; Cota-Parte do IPI - Municípios - Principal; Participação na Receita dos Estados e Distrito Federal; Cota-Parte do IPI - Municípios; ; Participação na Receita dos Estados e Distrito Federal; Cota-Parte do IPI - Municípios; Não se aplica; Cota-Parte do IPI - Municípios - Principal; Arrecadações; SECRETARIA DE ADMINISTRAÇÃO E FINANÇAS; SECRETARIA DE ADMINISTRAÇÃO E FINANÇAS; SECRETARIA DE ADMINISTRAÇÃO E FINANÇAS; R$ 0,00; R$ 0,00; R$ 0,00; R$ 0,00; R$ 7.402,68; R$ 37.173,48; R$ 0,00; 0.0
 11145114000000; Imposto sobre Serviços de Qualquer Natureza - ISSQN - Dívida Ativa - Multas e Juros de Mora da Dívida Ativa; Receitas Correntes; Impostos, Taxas e Contribuições de Melhoria; Impostos; Imposto sobre Serviços de Qualquer Natureza - ISSQN - Dívida Ativa - Multas e Juros de Mora da Dívida Ativa; Impostos sobre Produção, Circulação e Serviços; Impostos sobre Serviços; Imposto sobre Serviços de Qualquer Natureza - ISSQN; Impostos sobre Produção, Circulação e Serviços; Impostos sobre Serviços; Imposto sobre Serviços de Qualquer Natureza - ISSQN; Imposto sobre Serviços de Qualquer Natureza - ISSQN - Dívida Ativa - Multas e Juros de Mora da Dívida Ativa; Arrecadações; SECRETARIA DE ADMINISTRAÇÃO E FINANÇAS; SECRETARIA DE ADMINISTRAÇÃO E FINANÇAS; SECRETARIA DE ADMINISTRAÇÃO E FINANÇAS; R$ 0,00; R$ 0,00; R$ 0,00; R$ 0,00; R$ 119,96; R$ 2.353,17; R$ 0,00; 0.0
 11145114000000; Imposto sobre Serviços de Qualquer Natureza - ISSQN - Dívida Ativa - Multas e Juros de Mora da Dívida Ativa; Receitas Correntes; Impostos, Taxas e Contribuições de Melhoria; Impostos; Imposto sobre Serviços de Qualquer Natureza - ISSQN - Dívida Ativa - Multas e Juros de Mora da Dívida Ativa; Impostos sobre Produção, Circulação e Serviços; Impostos sobre Serviços; Imposto sobre Serviços de Qualquer Natureza - ISSQN; Impostos sobre Produção, Circulação e Serviços; Impostos sobre Serviços; Imposto sobre Serviços de Qualquer Natureza - ISSQN; Imposto sobre Serviços de Qualquer Natureza - ISSQN - Dívida Ativa - Multas e Juros de Mora da Dívida Ativa; Arrecadações; SECRETARIA DE ADMINISTRAÇÃO E FINANÇAS; SECRETARIA DE ADMINISTRAÇÃO E FINANÇAS; SECRETARIA DE ADMINISTRAÇÃO E FINANÇAS; R$ 0,00; R$ 0,00; R$ 0,00; R$ 0,00; R$ 119,84; R$ 2.473,01; R$ 0,00; 0.0
 11145114000000; Imposto sobre Serviços de Qualquer Natureza - ISSQN - Dívida Ativa - Multas e Juros de Mora da Dívida Ativa; Receitas Correntes; Impostos, Taxas e Contribuições de Melhoria; Impostos; Imposto sobre Serviços de Qualquer Natureza - ISSQN - Dívida Ativa - Multas e Juros de Mora da Dívida Ativa; Impostos sobre Produção, Circulação e Serviços; Impostos sobre Serviços; Imposto sobre Serviços de Qualquer Natureza - ISSQN; Impostos sobre Produção, Circulação e Serviços; Impostos sobre Serviços; Imposto sobre Serviços de Qualquer Natureza - ISSQN; Imposto sobre Serviços de Qualquer Natureza - ISSQN - Dívida Ativa - Multas e Juros de Mora da Dívida Ativa; Arrecadações; SECRETARIA DE ADMINISTRAÇÃO E FINANÇAS; SECRETARIA DE ADMINISTRAÇÃO E FINANÇAS; SECRETARIA DE ADMINISTRAÇÃO E FINANÇAS; R$ 0,00; R$ 0,00; R$ 0,00; R$ 0,00; R$ 138,36; R$ 2.233,21; R$ 0,00; 0.0
 11145114000000; Imposto sobre Serviços de Qualquer Natureza - ISSQN - Dívida Ativa - Multas e Juros de Mora da Dívida Ativa; Receitas Correntes; Impostos, Taxas e Contribuições de Melhoria; Impostos; Imposto sobre Serviços de Qualquer Natureza - ISSQN - Dívida Ativa - Multas e Juros de Mora da Dívida Ativa; Impostos sobre Produção, Circulação e Serviços; Impostos sobre Serviços; Imposto sobre Serviços de Qualquer Natureza - ISSQN; Impostos sobre Produção, Circulação e Serviços; Impostos sobre Serviços; Imposto sobre Serviços de Qualquer Natureza - ISSQN; Imposto sobre Serviços de Qualquer Natureza - ISSQN - Dívida Ativa - Multas e Juros de Mora da Dívida Ativa; Arrecadações; SECRETARIA DE ADMINISTRAÇÃO E FINANÇAS; SECRETARIA DE ADMINISTRAÇÃO E FINANÇAS; SECRETARIA DE ADMINISTRAÇÃO E FINANÇAS; R$ 0,00; R$ 0,00; R$ 0,00; R$ 0,00; R$ 119,57; R$ 2.592,58; R$ 0,00; 0.0
 17215201000000; Cota-Parte do IPI - Municípios - Principal; Receitas Correntes; Transferências Correntes; Transferências dos Estados e do Distrito Federal e de suas Entidades; Cota-Parte do IPI - Municípios - Principal; Participação na Receita dos Estados e Distrito Federal; Cota-Parte do IPI - Municípios; ; Participação na Receita dos Estados e Distrito Federal; Cota-Parte do IPI - Municípios; Não se aplica; Cota-Parte do IPI - Municípios - Principal; Arrecadações; SECRETARIA DE ADMINISTRAÇÃO E FINANÇAS; SECRETARIA DE ADMINISTRAÇÃO E FINANÇAS; SECRETARIA DE ADMINISTRAÇÃO E FINANÇAS; R$ 0,00; R$ 0,00; R$ 0,00; R$ 0,00; R$ 8.122,72; R$ 77.410,89; R$ 0,00; 0.0
 17215201000000; Cota-Parte do IPI - Municípios - Principal; Receitas Correntes; Transferências Correntes; Transferências dos Estados e do Distrito Federal e de suas Entidades; Cota-Parte do IPI - Municípios - Principal; Participação na Receita dos Estados e Distrito Federal; Cota-Parte do IPI - Municípios; ; Participação na Receita dos Estados e Distrito Federal; Cota-Parte do IPI - Municípios; Não se aplica; Cota-Parte do IPI - Municípios - Principal; Arrecadações; SECRETARIA DE ADMINISTRAÇÃO E FINANÇAS; SECRETARIA DE ADMINISTRAÇÃO E FINANÇAS; SECRETARIA DE ADMINISTRAÇÃO E FINANÇAS; R$ 0,00; R$ 0,00; R$ 0,00; R$ 0,00; R$ 8.028,20; R$ 85.439,09; R$ 0,00; 0.0
 17215201000000; Cota-Parte do IPI - Municípios - Principal; Receitas Correntes; Transferências Correntes; Transferências dos Estados e do Distrito Federal e de suas Entidades; Cota-Parte do IPI - Municípios - Principal; Participação na Receita dos Estados e Distrito Federal; Cota-Parte do IPI - Municípios; ; Participação na Receita dos Estados e Distrito Federal; Cota-Parte do IPI - Municípios; Não se aplica; Cota-Parte do IPI - Municípios - Principal; Arrecadações; SECRETARIA DE ADMINISTRAÇÃO E FINANÇAS; SECRETARIA DE ADMINISTRAÇÃO E FINANÇAS; SECRETARIA DE ADMINISTRAÇÃO E FINANÇAS; R$ 0,00; R$ 0,00; R$ 0,00; R$ 0,00; R$ 9.724,57; R$ 95.163,66; R$ 0,00; 0.0
 11220102000000; Taxas pela Prestação de Serviços em Geral - Multas e Juros de Mora; Receitas Correntes; Impostos, Taxas e Contribuições de Melhoria; Taxas; Taxas pela Prestação de Serviços em Geral - Multas e Juros de Mora; Taxas pela Prestação de Serviços; Taxas pela Prestação de Serviços; ; Taxas pela Prestação de Serviços; Taxas pela Prestação de Serviços; Não se aplica; Taxas pela Prestação de Serviços em Geral - Multas e Juros de Mora; Arrecadações; SECRETARIA DE ADMINISTRAÇÃO E FINANÇAS; SECRETARIA DE ADMINISTRAÇÃO E FINANÇAS; SECRETARIA DE ADMINISTRAÇÃO E FINANÇAS; R$ 0,00; R$ 0,00; R$ 0,00; R$ 0,00; R$ 10,65; R$ 88,93; R$ 0,00; 0.0
 11210102000000; Taxas de Inspeção, Contr. e Fisc. - Multas e Juros; Receitas Correntes; Impostos, Taxas e Contribuições de Melhoria; Taxas; Taxas de Inspeção, Contr. e Fisc. - Multas e Juros; Taxas pelo Exercício do Poder de Polícia; Taxas de Inspeção, Controle e Fiscalização; ; Taxas pelo Exercício do Poder de Polícia; Taxas de Inspeção, Controle e Fiscalização; Não se aplica; Taxas de Inspeção, Contr. e Fisc. - Multas e Juros; Arrecadações; SECRETARIA DE ADMINISTRAÇÃO E FINANÇAS; SECRETARIA DE ADMINISTRAÇÃO E FINANÇAS; SECRETARIA DE ADMINISTRAÇÃO E FINANÇAS; R$ 0,00; R$ 0,00; R$ 0,00; R$ 0,00; R$ 1.956,93; R$ 14.129,46; R$ 0,00; 0.0
 11210101990000; TPP - Tx Outras; Receitas Correntes; Impostos, Taxas e Contribuições de Melhoria; Taxas; Taxas de Inspeção; Taxas pelo Exercício do Poder de Polícia; Taxas de Inspeção, Controle e Fiscalização; ; Taxas pelo Exercício do Poder de Polícia; Taxas de Inspeção, Controle e Fiscalização; Não se aplica; TPP - Tx Outras; Arrecadações; SECRETARIA DE ADMINISTRAÇÃO E FINANÇAS; SECRETARIA DE ADMINISTRAÇÃO E FINANÇAS; SECRETARIA DE ADMINISTRAÇÃO E FINANÇAS; R$ 0,00; R$ 0,00; R$ 0,00; R$ 0,00; R$ 11.822,72; R$ 70.962,06; R$ 0,00; 0.0
 11210101010000; TPP - Tx. de Fiscalização de Vig. Sanitária; Receitas Correntes; Impostos, Taxas e Contribuições de Melhoria; Taxas; Taxas de Inspeção; Taxas pelo Exercício do Poder de Polícia; Taxas de Inspeção, Controle e Fiscalização; ; Taxas pelo Exercício do Poder de Polícia; Taxas de Inspeção, Controle e Fiscalização; Não se aplica; TPP - Tx. de Fiscalização de Vig. Sanitária; Arrecadações; SECRETARIA DE ADMINISTRAÇÃO E FINANÇAS; SECRETARIA DE ADMINISTRAÇÃO E FINANÇAS; SECRETARIA DE ADMINISTRAÇÃO E FINANÇAS; R$ 0,00; R$ 0,00; R$ 0,00; R$ 0,00; R$ 3.617,21; R$ 81.613,22; R$ 0,00; 0.0
 11220102000000; Taxas pela Prestação de Serviços em Geral - Multas e Juros de Mora; Receitas Correntes; Impostos, Taxas e Contribuições de Melhoria; Taxas; Taxas pela Prestação de Serviços em Geral - Multas e Juros de Mora; Taxas pela Prestação de Serviços; Taxas pela Prestação de Serviços; ; Taxas pela Prestação de Serviços; Taxas pela Prestação de Serviços; Não se aplica; Taxas pela Prestação de Serviços em Geral - Multas e Juros de Mora; Arrecadações; SECRETARIA DE ADMINISTRAÇÃO E FINANÇAS; SECRETARIA DE ADMINISTRAÇÃO E FINANÇAS; SECRETARIA DE ADMINISTRAÇÃO E FINANÇAS; R$ 0,00; R$ 0,00; R$ 0,00; R$ 0,00; R$ 1,10; R$ 90,03; R$ 0,00; 0.0
 11220102000000; Taxas pela Prestação de Serviços em Geral - Multas e Juros de Mora; Receitas Correntes; Impostos, Taxas e Contribuições de Melhoria; Taxas; Taxas pela Prestação de Serviços em Geral - Multas e Juros de Mora; Taxas pela Prestação de Serviços; Taxas pela Prestação de Serviços; ; Taxas pela Prestação de Serviços; Taxas pela Prestação de Serviços; Não se aplica; Taxas pela Prestação de Serviços em Geral - Multas e Juros de Mora; Arrecadações; SECRETARIA DE ADMINISTRAÇÃO E FINANÇAS; SECRETARIA DE ADMINISTRAÇÃO E FINANÇAS; SECRETARIA DE ADMINISTRAÇÃO E FINANÇAS; R$ 0,00; R$ 0,00; R$ 0,00; R$ 0,00; R$ 2,58; R$ 92,61; R$ 0,00; 0.0
 11210102000000; Taxas de Inspeção, Contr. e Fisc. - Multas e Juros; Receitas Correntes; Impostos, Taxas e Contribuições de Melhoria; Taxas; Taxas de Inspeção, Contr. e Fisc. - Multas e Juros; Taxas pelo Exercício do Poder de Polícia; Taxas de Inspeção, Controle e Fiscalização; ; Taxas pelo Exercício do Poder de Polícia; Taxas de Inspeção, Controle e Fiscalização; Não se aplica; Taxas de Inspeção, Contr. e Fisc. - Multas e Juros; Arrecadações; SECRETARIA DE ADMINISTRAÇÃO E FINANÇAS; SECRETARIA DE ADMINISTRAÇÃO E FINANÇAS; SECRETARIA DE ADMINISTRAÇÃO E FINANÇAS; R$ 0,00; R$ 0,00; R$ 0,00; R$ 0,00; R$ 2.079,31; R$ 16.208,77; R$ 0,00; 0.0
 11210402000000; Taxa de Controle e Fiscalização Ambiental - Multas e Juros de Mora; Receitas Correntes; Impostos, Taxas e Contribuições de Melhoria; Taxas; Taxa de Controle e Fiscalização Ambiental - Multas e Juros de Mora; Taxas pelo Exercício do Poder de Polícia; Taxa de Controle e Fiscalização Ambiental; ; Taxas pelo Exercício do Poder de Polícia; Taxa de Controle e Fiscalização Ambiental; Não se aplica; Taxa de Controle e Fiscalização Ambiental - Multas e Juros de Mora; Arrecadações; SECRETARIA DE ADMINISTRAÇÃO E FINANÇAS; SECRETARIA DE ADMINISTRAÇÃO E FINANÇAS; SECRETARIA DE ADMINISTRAÇÃO E FINANÇAS; R$ 17,00; R$ 17,00; R$ 0,00; R$ 0,00; R$ 0,00; R$ 0,00; R$ 17,00; 0.0
 11210101010000; TPP - Tx. de Fiscalização de Vig. Sanitária; Receitas Correntes; Impostos, Taxas e Contribuições de Melhoria; Taxas; Taxas de Inspeção; Taxas pelo Exercício do Poder de Polícia; Taxas de Inspeção, Controle e Fiscalização; ; Taxas pelo Exercício do Poder de Polícia; Taxas de Inspeção, Controle e Fiscalização; Não se aplica; TPP - Tx. de Fiscalização de Vig. Sanitária; Arrecadações; SECRETARIA DE ADMINISTRAÇÃO E FINANÇAS; SECRETARIA DE ADMINISTRAÇÃO E FINANÇAS; SECRETARIA DE ADMINISTRAÇÃO E FINANÇAS; R$ 425.281,00; R$ 425.281,00; R$ 0,00; R$ 0,00; R$ 49.490,54; R$ 49.490,54; R$ 425.281,00; 11.64
 11210102000000; Taxas de Inspeção, Contr. e Fisc. - Multas e Juros; Receitas Correntes; Impostos, Taxas e Contribuições de Melhoria; Taxas; Taxas de Inspeção, Contr. e Fisc. - Multas e Juros; Taxas pelo Exercício do Poder de Polícia; Taxas de Inspeção, Controle e Fiscalização; ; Taxas pelo Exercício do Poder de Polícia; Taxas de Inspeção, Controle e Fiscalização; Não se aplica; Taxas de Inspeção, Contr. e Fisc. - Multas e Juros; Arrecadações; SECRETARIA DE ADMINISTRAÇÃO E FINANÇAS; SECRETARIA DE ADMINISTRAÇÃO E FINANÇAS; SECRETARIA DE ADMINISTRAÇÃO E FINANÇAS; R$ 6.332,00; R$ 6.332,00; R$ 0,00; R$ 0,00; R$ 7.420,82; R$ 7.420,82; R$ 6.332,00; 117.2
 11210101990000; TPP - Tx Outras; Receitas Correntes; Impostos, Taxas e Contribuições de Melhoria; Taxas; Taxas de Inspeção; Taxas pelo Exercício do Poder de Polícia; Taxas de Inspeção, Controle e Fiscalização; ; Taxas pelo Exercício do Poder de Polícia; Taxas de Inspeção, Controle e Fiscalização; Não se aplica; TPP - Tx Outras; Arrecadações; SECRETARIA DE ADMINISTRAÇÃO E FINANÇAS; SECRETARIA DE ADMINISTRAÇÃO E FINANÇAS; SECRETARIA DE ADMINISTRAÇÃO E FINANÇAS; R$ 441.020,00; R$ 441.020,00; R$ 0,00; R$ 0,00; R$ 16.386,04; R$ 16.386,04; R$ 441.020,00; 3.72
 11220102000000; Taxas pela Prestação de Serviços em Geral - Multas e Juros de Mora; Receitas Correntes; Impostos, Taxas e Contribuições de Melhoria; Taxas; Taxas pela Prestação de Serviços em Geral - Multas e Juros de Mora; Taxas pela Prestação de Serviços; Taxas pela Prestação de Serviços; ; Taxas pela Prestação de Serviços; Taxas pela Prestação de Serviços; Não se aplica; Taxas pela Prestação de Serviços em Geral - Multas e Juros de Mora; Arrecadações; SECRETARIA DE ADMINISTRAÇÃO E FINANÇAS; SECRETARIA DE ADMINISTRAÇÃO E FINANÇAS; SECRETARIA DE ADMINISTRAÇÃO E FINANÇAS; R$ 27.287,00; R$ 27.287,00; R$ 0,00; R$ 0,00; R$ 46,19; R$ 46,19; R$ 27.287,00; 0.17
 11210101990000; TPP - Tx Outras; Receitas Correntes; Impostos, Taxas e Contribuições de Melhoria; Taxas; Taxas de Inspeção; Taxas pelo Exercício do Poder de Polícia; Taxas de Inspeção, Controle e Fiscalização; ; Taxas pelo Exercício do Poder de Polícia; Taxas de Inspeção, Controle e Fiscalização; Não se aplica; TPP - Tx Outras; Arrecadações; SECRETARIA DE ADMINISTRAÇÃO E FINANÇAS; SECRETARIA DE ADMINISTRAÇÃO E FINANÇAS; SECRETARIA DE ADMINISTRAÇÃO E FINANÇAS; R$ 0,00; R$ 0,00; R$ 0,00; R$ 0,00; R$ 18.119,86; R$ 34.505,90; R$ 0,00; 0.0
 11210101010000; TPP - Tx. de Fiscalização de Vig. Sanitária; Receitas Correntes; Impostos, Taxas e Contribuições de Melhoria; Taxas; Taxas de Inspeção; Taxas pelo Exercício do Poder de Polícia; Taxas de Inspeção, Controle e Fiscalização; ; Taxas pelo Exercício do Poder de Polícia; Taxas de Inspeção, Controle e Fiscalização; Não se aplica; TPP - Tx. de Fiscalização de Vig. Sanitária; Arrecadações; SECRETARIA DE ADMINISTRAÇÃO E FINANÇAS; SECRETARIA DE ADMINISTRAÇÃO E FINANÇAS; SECRETARIA DE ADMINISTRAÇÃO E FINANÇAS; R$ 0,00; R$ 0,00; R$ 0,00; R$ 0,00; R$ 23.515,66; R$ 73.006,20; R$ 0,00; 0.0
 11220102000000; Taxas pela Prestação de Serviços em Geral - Multas e Juros de Mora; Receitas Correntes; Impostos, Taxas e Contribuições de Melhoria; Taxas; Taxas pela Prestação de Serviços em Geral - Multas e Juros de Mora; Taxas pela Prestação de Serviços; Taxas pela Prestação de Serviços; ; Taxas pela Prestação de Serviços; Taxas pela Prestação de Serviços; Não se aplica; Taxas pela Prestação de Serviços em Geral - Multas e Juros de Mora; Arrecadações; SECRETARIA DE ADMINISTRAÇÃO E FINANÇAS; SECRETARIA DE ADMINISTRAÇÃO E FINANÇAS; SECRETARIA DE ADMINISTRAÇÃO E FINANÇAS; R$ 0,00; R$ 0,00; R$ 0,00; R$ 0,00; R$ 32,09; R$ 78,28; R$ 0,00; 0.0
 11210102000000; Taxas de Inspeção, Contr. e Fisc. - Multas e Juros; Receitas Correntes; Impostos, Taxas e Contribuições de Melhoria; Taxas; Taxas de Inspeção, Contr. e Fisc. - Multas e Juros; Taxas pelo Exercício do Poder de Polícia; Taxas de Inspeção, Controle e Fiscalização; ; Taxas pelo Exercício do Poder de Polícia; Taxas de Inspeção, Controle e Fiscalização; Não se aplica; Taxas de Inspeção, Contr. e Fisc. - Multas e Juros; Arrecadações; SECRETARIA DE ADMINISTRAÇÃO E FINANÇAS; SECRETARIA DE ADMINISTRAÇÃO E FINANÇAS; SECRETARIA DE ADMINISTRAÇÃO E FINANÇAS; R$ 0,00; R$ 0,00; R$ 0,00; R$ 0,00; R$ 3.361,59; R$ 10.782,41; R$ 0,00; 0.0
 11210101010000; TPP - Tx. de Fiscalização de Vig. Sanitária; Receitas Correntes; Impostos, Taxas e Contribuições de Melhoria; Taxas; Taxas de Inspeção; Taxas pelo Exercício do Poder de Polícia; Taxas de Inspeção, Controle e Fiscalização; ; Taxas pelo Exercício do Poder de Polícia; Taxas de Inspeção, Controle e Fiscalização; Não se aplica; TPP - Tx. de Fiscalização de Vig. Sanitária; Arrecadações; SECRETARIA DE ADMINISTRAÇÃO E FINANÇAS; SECRETARIA DE ADMINISTRAÇÃO E FINANÇAS; SECRETARIA DE ADMINISTRAÇÃO E FINANÇAS; R$ 0,00; R$ 0,00; R$ 0,00; R$ 0,00; R$ 4.989,81; R$ 77.996,01; R$ 0,00; 0.0
 11210102000000; Taxas de Inspeção, Contr. e Fisc. - Multas e Juros; Receitas Correntes; Impostos, Taxas e Contribuições de Melhoria; Taxas; Taxas de Inspeção, Contr. e Fisc. - Multas e Juros; Taxas pelo Exercício do Poder de Polícia; Taxas de Inspeção, Controle e Fiscalização; ; Taxas pelo Exercício do Poder de Polícia; Taxas de Inspeção, Controle e Fiscalização; Não se aplica; Taxas de Inspeção, Contr. e Fisc. - Multas e Juros; Arrecadações; SECRETARIA DE ADMINISTRAÇÃO E FINANÇAS; SECRETARIA DE ADMINISTRAÇÃO E FINANÇAS; SECRETARIA DE ADMINISTRAÇÃO E FINANÇAS; R$ 0,00; R$ 0,00; R$ 0,00; R$ 0,00; R$ 1.390,12; R$ 12.172,53; R$ 0,00; 0.0
 11210101990000; TPP - Tx Outras; Receitas Correntes; Impostos, Taxas e Contribuições de Melhoria; Taxas; Taxas de Inspeção; Taxas pelo Exercício do Poder de Polícia; Taxas de Inspeção, Controle e Fiscalização; ; Taxas pelo Exercício do Poder de Polícia; Taxas de Inspeção, Controle e Fiscalização; Não se aplica; TPP - Tx Outras; Arrecadações; SECRETARIA DE ADMINISTRAÇÃO E FINANÇAS; SECRETARIA DE ADMINISTRAÇÃO E FINANÇAS; SECRETARIA DE ADMINISTRAÇÃO E FINANÇAS; R$ 0,00; R$ 0,00; R$ 0,00; R$ 0,00; R$ 24.633,44; R$ 59.139,34; R$ 0,00; 0.0
 11210101010000; TPP - Tx. de Fiscalização de Vig. Sanitária; Receitas Correntes; Impostos, Taxas e Contribuições de Melhoria; Taxas; Taxas de Inspeção; Taxas pelo Exercício do Poder de Polícia; Taxas de Inspeção, Controle e Fiscalização; ; Taxas pelo Exercício do Poder de Polícia; Taxas de Inspeção, Controle e Fiscalização; Não se aplica; TPP - Tx. de Fiscalização de Vig. Sanitária; Arrecadações; SECRETARIA DE ADMINISTRAÇÃO E FINANÇAS; SECRETARIA DE ADMINISTRAÇÃO E FINANÇAS; SECRETARIA DE ADMINISTRAÇÃO E FINANÇAS; R$ 0,00; R$ 0,00; R$ 0,00; R$ 0,00; R$ 6.164,50; R$ 87.777,72; R$ 0,00; 0.0
 11210101990000; TPP - Tx Outras; Receitas Correntes; Impostos, Taxas e Contribuições de Melhoria; Taxas; Taxas de Inspeção; Taxas pelo Exercício do Poder de Polícia; Taxas de Inspeção, Controle e Fiscalização; ; Taxas pelo Exercício do Poder de Polícia; Taxas de Inspeção, Controle e Fiscalização; Não se aplica; TPP - Tx Outras; Arrecadações; SECRETARIA DE ADMINISTRAÇÃO E FINANÇAS; SECRETARIA DE ADMINISTRAÇÃO E FINANÇAS; SECRETARIA DE ADMINISTRAÇÃO E FINANÇAS; R$ 0,00; R$ 0,00; R$ 0,00; R$ 0,00; R$ 22.152,09; R$ 93.114,15; R$ 0,00; 0.0
 11210101010000; TPP - Tx. de Fiscalização de Vig. Sanitária; Receitas Correntes; Impostos, Taxas e Contribuições de Melhoria; Taxas; Taxas de Inspeção; Taxas pelo Exercício do Poder de Polícia; Taxas de Inspeção, Controle e Fiscalização; ; Taxas pelo Exercício do Poder de Polícia; Taxas de Inspeção, Controle e Fiscalização; Não se aplica; TPP - Tx. de Fiscalização de Vig. Sanitária; Arrecadações; SECRETARIA DE ADMINISTRAÇÃO E FINANÇAS; SECRETARIA DE ADMINISTRAÇÃO E FINANÇAS; SECRETARIA DE ADMINISTRAÇÃO E FINANÇAS; R$ 0,00; R$ 0,00; R$ 0,00; R$ 0,00; R$ 363,89; R$ 88.141,61; R$ 0,00; 0.0
 11210101990000; TPP - Tx Outras; Receitas Correntes; Impostos, Taxas e Contribuições de Melhoria; Taxas; Taxas de Inspeção; Taxas pelo Exercício do Poder de Polícia; Taxas de Inspeção, Controle e Fiscalização; ; Taxas pelo Exercício do Poder de Polícia; Taxas de Inspeção, Controle e Fiscalização; Não se aplica; TPP - Tx Outras; Arrecadações; SECRETARIA DE ADMINISTRAÇÃO E FINANÇAS; SECRETARIA DE ADMINISTRAÇÃO E FINANÇAS; SECRETARIA DE ADMINISTRAÇÃO E FINANÇAS; R$ 0,00; R$ 0,00; R$ 0,00; R$ 0,00; R$ 10.310,29; R$ 103.424,44; R$ 0,00; 0.0
 11220102000000; Taxas pela Prestação de Serviços em Geral - Multas e Juros de Mora; Receitas Correntes; Impostos, Taxas e Contribuições de Melhoria; Taxas; Taxas pela Prestação de Serviços em Geral - Multas e Juros de Mora; Taxas pela Prestação de Serviços; Taxas pela Prestação de Serviços; ; Taxas pela Prestação de Serviços; Taxas pela Prestação de Serviços; Não se aplica; Taxas pela Prestação de Serviços em Geral - Multas e Juros de Mora; Arrecadações; SECRETARIA DE ADMINISTRAÇÃO E FINANÇAS; SECRETARIA DE ADMINISTRAÇÃO E FINANÇAS; SECRETARIA DE ADMINISTRAÇÃO E FINANÇAS; R$ 0,00; R$ 0,00; R$ 0,00; R$ 0,00; R$ 4,45; R$ 97,06; R$ 0,00; 0.0
 11210102000000; Taxas de Inspeção, Contr. e Fisc. - Multas e Juros; Receitas Correntes; Impostos, Taxas e Contribuições de Melhoria; Taxas; Taxas de Inspeção, Contr. e Fisc. - Multas e Juros; Taxas pelo Exercício do Poder de Polícia; Taxas de Inspeção, Controle e Fiscalização; ; Taxas pelo Exercício do Poder de Polícia; Taxas de Inspeção, Controle e Fiscalização; Não se aplica; Taxas de Inspeção, Contr. e Fisc. - Multas e Juros; Arrecadações; SECRETARIA DE ADMINISTRAÇÃO E FINANÇAS; SECRETARIA DE ADMINISTRAÇÃO E FINANÇAS; SECRETARIA DE ADMINISTRAÇÃO E FINANÇAS; R$ 0,00; R$ 0,00; R$ 0,00; R$ 0,00; R$ 683,95; R$ 16.892,72; R$ 0,00; 0.0
 11210402000000; Taxa de Controle e Fiscalização Ambiental - Multas e Juros de Mora; Receitas Correntes; Impostos, Taxas e Contribuições de Melhoria; Taxas; Taxa de Controle e Fiscalização Ambiental - Multas e Juros de Mora; Taxas pelo Exercício do Poder de Polícia; Taxa de Controle e Fiscalização Ambiental; ; Taxas pelo Exercício do Poder de Polícia; Taxa de Controle e Fiscalização Ambiental; Não se aplica; Taxa de Controle e Fiscalização Ambiental - Multas e Juros de Mora; Arrecadações; SECRETARIA DE ADMINISTRAÇÃO E FINANÇAS; SECRETARIA DE ADMINISTRAÇÃO E FINANÇAS; SECRETARIA DE ADMINISTRAÇÃO E FINANÇAS; R$ 0,00; R$ 0,00; R$ 0,00; R$ 0,00; R$ 735,22; R$ 735,22; R$ 0,00; 0.0
 11210102000000; Taxas de Inspeção, Contr. e Fisc. - Multas e Juros; Receitas Correntes; Impostos, Taxas e Contribuições de Melhoria; Taxas; Taxas de Inspeção, Contr. e Fisc. - Multas e Juros; Taxas pelo Exercício do Poder de Polícia; Taxas de Inspeção, Controle e Fiscalização; ; Taxas pelo Exercício do Poder de Polícia; Taxas de Inspeção, Controle e Fiscalização; Não se aplica; Taxas de Inspeção, Contr. e Fisc. - Multas e Juros; Arrecadações; SECRETARIA DE ADMINISTRAÇÃO E FINANÇAS; SECRETARIA DE ADMINISTRAÇÃO E FINANÇAS; SECRETARIA DE ADMINISTRAÇÃO E FINANÇAS; R$ 0,00; R$ 0,00; R$ 0,00; R$ 0,00; R$ 1.082,84; R$ 17.975,56; R$ 0,00; 0.0
 11220102000000; Taxas pela Prestação de Serviços em Geral - Multas e Juros de Mora; Receitas Correntes; Impostos, Taxas e Contribuições de Melhoria; Taxas; Taxas pela Prestação de Serviços em Geral - Multas e Juros de Mora; Taxas pela Prestação de Serviços; Taxas pela Prestação de Serviços; ; Taxas pela Prestação de Serviços; Taxas pela Prestação de Serviços; Não se aplica; Taxas pela Prestação de Serviços em Geral - Multas e Juros de Mora; Arrecadações; SECRETARIA DE ADMINISTRAÇÃO E FINANÇAS; SECRETARIA DE ADMINISTRAÇÃO E FINANÇAS; SECRETARIA DE ADMINISTRAÇÃO E FINANÇAS; R$ 0,00; R$ 0,00; R$ 0,00; R$ 0,00; R$ 1,50; R$ 98,56; R$ 0,00; 0.0
 11210101990000; TPP - Tx Outras; Receitas Correntes; Impostos, Taxas e Contribuições de Melhoria; Taxas; Taxas de Inspeção; Taxas pelo Exercício do Poder de Polícia; Taxas de Inspeção, Controle e Fiscalização; ; Taxas pelo Exercício do Poder de Polícia; Taxas de Inspeção, Controle e Fiscalização; Não se aplica; TPP - Tx Outras; Arrecadações; SECRETARIA DE ADMINISTRAÇÃO E FINANÇAS; SECRETARIA DE ADMINISTRAÇÃO E FINANÇAS; SECRETARIA DE ADMINISTRAÇÃO E FINANÇAS; R$ 0,00; R$ 0,00; R$ 0,00; R$ 0,00; R$ 1.563,95; R$ 104.988,39; R$ 0,00; 0.0
 11210101010000; TPP - Tx. de Fiscalização de Vig. Sanitária; Receitas Correntes; Impostos, Taxas e Contribuições de Melhoria; Taxas; Taxas de Inspeção; Taxas pelo Exercício do Poder de Polícia; Taxas de Inspeção, Controle e Fiscalização; ; Taxas pelo Exercício do Poder de Polícia; Taxas de Inspeção, Controle e Fiscalização; Não se aplica; TPP - Tx. de Fiscalização de Vig. Sanitária; Arrecadações; SECRETARIA DE ADMINISTRAÇÃO E FINANÇAS; SECRETARIA DE ADMINISTRAÇÃO E FINANÇAS; SECRETARIA DE ADMINISTRAÇÃO E FINANÇAS; R$ 0,00; R$ 0,00; R$ 0,00; R$ 0,00; R$ 1.307,34; R$ 89.448,95; R$ 0,00; 0.0
 11210402000000; Taxa de Controle e Fiscalização Ambiental - Multas e Juros de Mora; Receitas Correntes; Impostos, Taxas e Contribuições de Melhoria; Taxas; Taxa de Controle e Fiscalização Ambiental - Multas e Juros de Mora; Taxas pelo Exercício do Poder de Polícia; Taxa de Controle e Fiscalização Ambiental; ; Taxas pelo Exercício do Poder de Polícia; Taxa de Controle e Fiscalização Ambiental; Não se aplica; Taxa de Controle e Fiscalização Ambiental - Multas e Juros de Mora; Arrecadações; SECRETARIA DE ADMINISTRAÇÃO E FINANÇAS; SECRETARIA DE ADMINISTRAÇÃO E FINANÇAS; SECRETARIA DE ADMINISTRAÇÃO E FINANÇAS; R$ 0,00; R$ 0,00; R$ 0,00; R$ 0,00; R$ 4,12; R$ 739,34; R$ 0,00; 0.0
 11220102000000; Taxas pela Prestação de Serviços em Geral - Multas e Juros de Mora; Receitas Correntes; Impostos, Taxas e Contribuições de Melhoria; Taxas; Taxas pela Prestação de Serviços em Geral - Multas e Juros de Mora; Taxas pela Prestação de Serviços; Taxas pela Prestação de Serviços; ; Taxas pela Prestação de Serviços; Taxas pela Prestação de Serviços; Não se aplica; Taxas pela Prestação de Serviços em Geral - Multas e Juros de Mora; Arrecadações; SECRETARIA DE ADMINISTRAÇÃO E FINANÇAS; SECRETARIA DE ADMINISTRAÇÃO E FINANÇAS; SECRETARIA DE ADMINISTRAÇÃO E FINANÇAS; R$ 0,00; R$ 0,00; R$ 0,00; R$ 0,00; R$ 9,80; R$ 108,36; R$ 0,00; 0.0
 11210102000000; Taxas de Inspeção, Contr. e Fisc. - Multas e Juros; Receitas Correntes; Impostos, Taxas e Contribuições de Melhoria; Taxas; Taxas de Inspeção, Contr. e Fisc. - Multas e Juros; Taxas pelo Exercício do Poder de Polícia; Taxas de Inspeção, Controle e Fiscalização; ; Taxas pelo Exercício do Poder de Polícia; Taxas de Inspeção, Controle e Fiscalização; Não se aplica; Taxas de Inspeção, Contr. e Fisc. - Multas e Juros; Arrecadações; SECRETARIA DE ADMINISTRAÇÃO E FINANÇAS; SECRETARIA DE ADMINISTRAÇÃO E FINANÇAS; SECRETARIA DE ADMINISTRAÇÃO E FINANÇAS; R$ 0,00; R$ 0,00; R$ 0,00; R$ 0,00; R$ 298,37; R$ 18.273,93; R$ 0,00; 0.0
 11210101990000; TPP - Tx Outras; Receitas Correntes; Impostos, Taxas e Contribuições de Melhoria; Taxas; Taxas de Inspeção; Taxas pelo Exercício do Poder de Polícia; Taxas de Inspeção, Controle e Fiscalização; ; Taxas pelo Exercício do Poder de Polícia; Taxas de Inspeção, Controle e Fiscalização; Não se aplica; TPP - Tx Outras; Arrecadações; SECRETARIA DE ADMINISTRAÇÃO E FINANÇAS; SECRETARIA DE ADMINISTRAÇÃO E FINANÇAS; SECRETARIA DE ADMINISTRAÇÃO E FINANÇAS; R$ 0,00; R$ 0,00; R$ 0,00; R$ 0,00; R$ 2.276,31; R$ 107.264,70; R$ 0,00; 0.0
 11210101010000; TPP - Tx. de Fiscalização de Vig. Sanitária; Receitas Correntes; Impostos, Taxas e Contribuições de Melhoria; Taxas; Taxas de Inspeção; Taxas pelo Exercício do Poder de Polícia; Taxas de Inspeção, Controle e Fiscalização; ; Taxas pelo Exercício do Poder de Polícia; Taxas de Inspeção, Controle e Fiscalização; Não se aplica; TPP - Tx. de Fiscalização de Vig. Sanitária; Arrecadações; SECRETARIA DE ADMINISTRAÇÃO E FINANÇAS; SECRETARIA DE ADMINISTRAÇÃO E FINANÇAS; SECRETARIA DE ADMINISTRAÇÃO E FINANÇAS; R$ 0,00; R$ 0,00; R$ 0,00; R$ 0,00; R$ 2.080,03; R$ 91.528,98; R$ 0,00; 0.0
 11210402000000; Taxa de Controle e Fiscalização Ambiental - Multas e Juros de Mora; Receitas Correntes; Impostos, Taxas e Contribuições de Melhoria; Taxas; Taxa de Controle e Fiscalização Ambiental - Multas e Juros de Mora; Taxas pelo Exercício do Poder de Polícia; Taxa de Controle e Fiscalização Ambiental; ; Taxas pelo Exercício do Poder de Polícia; Taxa de Controle e Fiscalização Ambiental; Não se aplica; Taxa de Controle e Fiscalização Ambiental - Multas e Juros de Mora; Arrecadações; SECRETARIA DE ADMINISTRAÇÃO E FINANÇAS; SECRETARIA DE ADMINISTRAÇÃO E FINANÇAS; SECRETARIA DE ADMINISTRAÇÃO E FINANÇAS; R$ 0,00; R$ 0,00; R$ 0,00; R$ 0,00; R$ 4,11; R$ 743,45; R$ 0,00; 0.0
 11210102000000; Taxas de Inspeção, Contr. e Fisc. - Multas e Juros; Receitas Correntes; Impostos, Taxas e Contribuições de Melhoria; Taxas; Taxas de Inspeção, Contr. e Fisc. - Multas e Juros; Taxas pelo Exercício do Poder de Polícia; Taxas de Inspeção, Controle e Fiscalização; ; Taxas pelo Exercício do Poder de Polícia; Taxas de Inspeção, Controle e Fiscalização; Não se aplica; Taxas de Inspeção, Contr. e Fisc. - Multas e Juros; Arrecadações; SECRETARIA DE ADMINISTRAÇÃO E FINANÇAS; SECRETARIA DE ADMINISTRAÇÃO E FINANÇAS; SECRETARIA DE ADMINISTRAÇÃO E FINANÇAS; R$ 0,00; R$ 0,00; R$ 0,00; R$ 0,00; R$ 606,20; R$ 18.880,13; R$ 0,00; 0.0
 11210101010000; TPP - Tx. de Fiscalização de Vig. Sanitária; Receitas Correntes; Impostos, Taxas e Contribuições de Melhoria; Taxas; Taxas de Inspeção; Taxas pelo Exercício do Poder de Polícia; Taxas de Inspeção, Controle e Fiscalização; ; Taxas pelo Exercício do Poder de Polícia; Taxas de Inspeção, Controle e Fiscalização; Não se aplica; TPP - Tx. de Fiscalização de Vig. Sanitária; Arrecadações; SECRETARIA DE ADMINISTRAÇÃO E FINANÇAS; SECRETARIA DE ADMINISTRAÇÃO E FINANÇAS; SECRETARIA DE ADMINISTRAÇÃO E FINANÇAS; R$ 0,00; R$ 0,00; R$ 0,00; R$ 0,00; R$ 1.891,35; R$ 93.420,33; R$ 0,00; 0.0
 11220102000000; Taxas pela Prestação de Serviços em Geral - Multas e Juros de Mora; Receitas Correntes; Impostos, Taxas e Contribuições de Melhoria; Taxas; Taxas pela Prestação de Serviços em Geral - Multas e Juros de Mora; Taxas pela Prestação de Serviços; Taxas pela Prestação de Serviços; ; Taxas pela Prestação de Serviços; Taxas pela Prestação de Serviços; Não se aplica; Taxas pela Prestação de Serviços em Geral - Multas e Juros de Mora; Arrecadações; SECRETARIA DE ADMINISTRAÇÃO E FINANÇAS; SECRETARIA DE ADMINISTRAÇÃO E FINANÇAS; SECRETARIA DE ADMINISTRAÇÃO E FINANÇAS; R$ 0,00; R$ 0,00; R$ 0,00; R$ 0,00; R$ 169,56; R$ 277,92; R$ 0,00; 0.0
 11220102000000; Taxas pela Prestação de Serviços em Geral - Multas e Juros de Mora; Receitas Correntes; Impostos, Taxas e Contribuições de Melhoria; Taxas; Taxas pela Prestação de Serviços em Geral - Multas e Juros de Mora; Taxas pela Prestação de Serviços; Taxas pela Prestação de Serviços; ; Taxas pela Prestação de Serviços; Taxas pela Prestação de Serviços; Não se aplica; Taxas pela Prestação de Serviços em Geral - Multas e Juros de Mora; Arrecadações; SECRETARIA DE ADMINISTRAÇÃO E FINANÇAS; SECRETARIA DE ADMINISTRAÇÃO E FINANÇAS; SECRETARIA DE ADMINISTRAÇÃO E FINANÇAS; R$ 0,00; R$ 0,00; R$ 0,00; R$ 0,00; R$ 0,67; R$ 278,59; R$ 0,00; 0.0
 11210402000000; Taxa de Controle e Fiscalização Ambiental - Multas e Juros de Mora; Receitas Correntes; Impostos, Taxas e Contribuições de Melhoria; Taxas; Taxa de Controle e Fiscalização Ambiental - Multas e Juros de Mora; Taxas pelo Exercício do Poder de Polícia; Taxa de Controle e Fiscalização Ambiental; ; Taxas pelo Exercício do Poder de Polícia; Taxa de Controle e Fiscalização Ambiental; Não se aplica; Taxa de Controle e Fiscalização Ambiental - Multas e Juros de Mora; Arrecadações; SECRETARIA DE ADMINISTRAÇÃO E FINANÇAS; SECRETARIA DE ADMINISTRAÇÃO E FINANÇAS; SECRETARIA DE ADMINISTRAÇÃO E FINANÇAS; R$ 0,00; R$ 0,00; R$ 0,00; R$ 0,00; R$ 2,00; R$ 745,45; R$ 0,00; 0.0
 11210101010000; TPP - Tx. de Fiscalização de Vig. Sanitária; Receitas Correntes; Impostos, Taxas e Contribuições de Melhoria; Taxas; Taxas de Inspeção; Taxas pelo Exercício do Poder de Polícia; Taxas de Inspeção, Controle e Fiscalização; ; Taxas pelo Exercício do Poder de Polícia; Taxas de Inspeção, Controle e Fiscalização; Não se aplica; TPP - Tx. de Fiscalização de Vig. Sanitária; Arrecadações; SECRETARIA DE ADMINISTRAÇÃO E FINANÇAS; SECRETARIA DE ADMINISTRAÇÃO E FINANÇAS; SECRETARIA DE ADMINISTRAÇÃO E FINANÇAS; R$ 0,00; R$ 0,00; R$ 0,00; R$ 0,00; R$ 3.225,62; R$ 96.645,95; R$ 0,00; 0.0
 13210101010410; Remun. Dep. Banc. Transf. do Estado Cof. Alta Complexidade; Receitas Correntes; Receita Patrimonial; Valores Mobiliários; Remuneração de Depósitos Bancários - Principal; Juros e Correções Monetárias; Remuneração de Depósitos Bancários; ; Juros e Correções Monetárias; Remuneração de Depósitos Bancários; Não se aplica; Remun. Dep. Banc. Transf. do Estado Cof. Alta Complexidade; Arrecadações; SECRETARIA DE DESENVOLVIMENTO SOCIAL E HABITAÇÃO; FUNDO MUNICIPAL DE ASSISTENCIA SOCIAL; SECRETARIA DE DESENVOLVIMENTO SOCIAL E HABITAÇÃO; R$ 0,00; R$ 0,00; R$ 0,00; R$ 0,00; R$ 217,77; R$ 547,54; R$ 0,00; 0.0
 13210101010408; Remun. Dep. Banc. Transf. do Estado Cof. Media Complexidade; Receitas Correntes; Receita Patrimonial; Valores Mobiliários; Remuneração de Depósitos Bancários - Principal; Juros e Correções Monetárias; Remuneração de Depósitos Bancários; ; Juros e Correções Monetárias; Remuneração de Depósitos Bancários; Não se aplica; Remun. Dep. Banc. Transf. do Estado Cof. Media Complexidade; Arrecadações; SECRETARIA DE DESENVOLVIMENTO SOCIAL E HABITAÇÃO; FUNDO MUNICIPAL DE ASSISTENCIA SOCIAL; SECRETARIA DE DESENVOLVIMENTO SOCIAL E HABITAÇÃO; R$ 0,00; R$ 0,00; R$ 0,00; R$ 0,00; R$ 89,89; R$ 507,23; R$ 0,00; 0.0
 13210101019915; Remun Dep Banc Vinculados- Lei Aldir Blanc; Receitas Correntes; Receita Patrimonial; Valores Mobiliários; Remuneração de Depósitos Bancários - Principal; Juros e Correções Monetárias; Remuneração de Depósitos Bancários; ; Juros e Correções Monetárias; Remuneração de Depósitos Bancários; Não se aplica; Remun Dep Banc Vinculados- Lei Aldir Blanc; Arrecadações; SECRETARIA DE CULTURA; FUNDO MUNICIPAL DE CULTURA; SECRETARIA DE CULTURA; R$ 0,00; R$ 0,00; R$ 0,00; R$ 0,00; R$ 564,10; R$ 4.658,23; R$ 0,00; 0.0
 13210101010205; Remun. Dep. Banc.vinculados - MDE/PDDE; Receitas Correntes; Receita Patrimonial; Valores Mobiliários; Remuneração de Depósitos Bancários - Principal; Juros e Correções Monetárias; Remuneração de Depósitos Bancários; ; Juros e Correções Monetárias; Remuneração de Depósitos Bancários; Não se aplica; Remun. Dep. Banc.vinculados - MDE/PDDE; Arrecadações; SECRETARIA DE EDUCAÇÃO; GABINETE DO SECRETÁRIO  DE EDUC.; SECRETARIA DE EDUCAÇÃO; R$ 0,00; R$ 0,00; R$ 0,00; R$ 0,00; R$ 3,34; R$ 23,84; R$ 0,00; 0.0
 13210101019915; Remun Dep Banc Vinculados- Lei Aldir Blanc; Receitas Correntes; Receita Patrimonial; Valores Mobiliários; Remuneração de Depósitos Bancários - Principal; Juros e Correções Monetárias; Remuneração de Depósitos Bancários; ; Juros e Correções Monetárias; Remuneração de Depósitos Bancários; Não se aplica; Remun Dep Banc Vinculados- Lei Aldir Blanc; Arrecadações; SECRETARIA DE CULTURA; FUNDO MUNICIPAL DE CULTURA; SECRETARIA DE CULTURA; R$ 0,00; R$ 0,00; R$ 0,00; R$ 0,00; R$ 483,42; R$ 6.789,90; R$ 0,00; 0.0
 13210101010205; Remun. Dep. Banc.vinculados - MDE/PDDE; Receitas Correntes; Receita Patrimonial; Valores Mobiliários; Remuneração de Depósitos Bancários - Principal; Juros e Correções Monetárias; Remuneração de Depósitos Bancários; ; Juros e Correções Monetárias; Remuneração de Depósitos Bancários; Não se aplica; Remun. Dep. Banc.vinculados - MDE/PDDE; Arrecadações; SECRETARIA DE EDUCAÇÃO; GABINETE DO SECRETÁRIO  DE EDUC.; SECRETARIA DE EDUCAÇÃO; R$ 0,00; R$ 0,00; R$ 0,00; R$ 0,00; R$ 3,11; R$ 34,22; R$ 0,00; 0.0
 13210101010410; Remun. Dep. Banc. Transf. do Estado Cof. Alta Complexidade; Receitas Correntes; Receita Patrimonial; Valores Mobiliários; Remuneração de Depósitos Bancários - Principal; Juros e Correções Monetárias; Remuneração de Depósitos Bancários; ; Juros e Correções Monetárias; Remuneração de Depósitos Bancários; Não se aplica; Remun. Dep. Banc. Transf. do Estado Cof. Alta Complexidade; Arrecadações; SECRETARIA DE DESENVOLVIMENTO SOCIAL E HABITAÇÃO; FUNDO MUNICIPAL DE ASSISTENCIA SOCIAL; SECRETARIA DE DESENVOLVIMENTO SOCIAL E HABITAÇÃO; R$ 0,00; R$ 0,00; R$ 0,00; R$ 0,00; R$ 188,26; R$ 1.805,84; R$ 0,00; 0.0
 13210101010408; Remun. Dep. Banc. Transf. do Estado Cof. Media Complexidade; Receitas Correntes; Receita Patrimonial; Valores Mobiliários; Remuneração de Depósitos Bancários - Principal; Juros e Correções Monetárias; Remuneração de Depósitos Bancários; ; Juros e Correções Monetárias; Remuneração de Depósitos Bancários; Não se aplica; Remun. Dep. Banc. Transf. do Estado Cof. Media Complexidade; Arrecadações; SECRETARIA DE DESENVOLVIMENTO SOCIAL E HABITAÇÃO; FUNDO MUNICIPAL DE ASSISTENCIA SOCIAL; SECRETARIA DE DESENVOLVIMENTO SOCIAL E HABITAÇÃO; R$ 0,00; R$ 0,00; R$ 0,00; R$ 0,00; R$ 88,43; R$ 935,34; R$ 0,00; 0.0
 13210101019917; Rec. de Remun. Dep. Banc. Vinculados-  Lei Paulo Gustavo; Receitas Correntes; Receita Patrimonial; Valores Mobiliários; Remuneração de Depósitos Bancários - Principal; Juros e Correções Monetárias; Remuneração de Depósitos Bancários; ; Juros e Correções Monetárias; Remuneração de Depósitos Bancários; Não se aplica; Rec. de Remun. Dep. Banc. Vinculados-  Lei Paulo Gustavo; Arrecadações; SECRETARIA DE CULTURA; FUNDO MUNICIPAL DE CULTURA; SECRETARIA DE CULTURA; R$ 0,00; R$ 0,00; R$ 0,00; R$ 0,00; R$ 18,80; R$ 196,20; R$ 0,00; 0.0
 13210101010205; Remun. Dep. Banc.vinculados - MDE/PDDE; Receitas Correntes; Receita Patrimonial; Valores Mobiliários; Remuneração de Depósitos Bancários - Principal; Juros e Correções Monetárias; Remuneração de Depósitos Bancários; ; Juros e Correções Monetárias; Remuneração de Depósitos Bancários; Não se aplica; Remun. Dep. Banc.vinculados - MDE/PDDE; Arrecadações; SECRETARIA DE EDUCAÇÃO; GABINETE DO SECRETÁRIO  DE EDUC.; SECRETARIA DE EDUCAÇÃO; R$ 0,00; R$ 0,00; R$ 0,00; R$ 0,00; R$ 3,62; R$ 37,84; R$ 0,00; 0.0
 13210101019902; Rec.de Remun. Dep. Banc. Vinculados - Rec. COSIP; Receitas Correntes; Receita Patrimonial; Valores Mobiliários; Remuneração de Depósitos Bancários - Principal; Juros e Correções Monetárias; Remuneração de Depósitos Bancários; ; Juros e Correções Monetárias; Remuneração de Depósitos Bancários; Não se aplica; Rec.de Remun. Dep. Banc. Vinculados - Rec. COSIP; Arrecadações; SECRETARIA DE OBRAS E SERVIÇOS URBANOS; DIRETORIA DE OBRAS; SECRETARIA DE OBRAS E SERVIÇOS URBANOS; R$ 0,00; R$ 0,00; R$ 0,00; R$ 0,00; R$ 15.752,42; R$ 279.496,48; R$ 0,00; 0.0
 13210101019915; Remun Dep Banc Vinculados- Lei Aldir Blanc; Receitas Correntes; Receita Patrimonial; Valores Mobiliários; Remuneração de Depósitos Bancários - Principal; Juros e Correções Monetárias; Remuneração de Depósitos Bancários; ; Juros e Correções Monetárias; Remuneração de Depósitos Bancários; Não se aplica; Remun Dep Banc Vinculados- Lei Aldir Blanc; Arrecadações; SECRETARIA DE CULTURA; FUNDO MUNICIPAL DE CULTURA; SECRETARIA DE CULTURA; R$ 0,00; R$ 0,00; R$ 0,00; R$ 0,00; R$ 563,12; R$ 7.353,02; R$ 0,00; 0.0
 13210101010403; Rec. de Remun. Dep. Banc/Vinculados - FMAS/FNAS - IGD SUAS; Receitas Correntes; Receita Patrimonial; Valores Mobiliários; Remuneração de Depósitos Bancários - Principal; Juros e Correções Monetárias; Remuneração de Depósitos Bancários; ; Juros e Correções Monetárias; Remuneração de Depósitos Bancários; Não se aplica; Rec. de Remun. Dep. Banc/Vinculados - FMAS/FNAS - IGD SUAS; Arrecadações; SECRETARIA DE DESENVOLVIMENTO SOCIAL E HABITAÇÃO; FUNDO MUNICIPAL DE ASSISTENCIA SOCIAL; SECRETARIA DE DESENVOLVIMENTO SOCIAL E HABITAÇÃO; R$ 0,00; R$ 0,00; R$ 0,00; R$ 0,00; R$ 59,98; R$ 1.194,99; R$ 0,00; 0.0
 13210101019915; Remun Dep Banc Vinculados- Lei Aldir Blanc; Receitas Correntes; Receita Patrimonial; Valores Mobiliários; Remuneração de Depósitos Bancários - Principal; Juros e Correções Monetárias; Remuneração de Depósitos Bancários; ; Juros e Correções Monetárias; Remuneração de Depósitos Bancários; Não se aplica; Remun Dep Banc Vinculados- Lei Aldir Blanc; Arrecadações; SECRETARIA DE CULTURA; FUNDO MUNICIPAL DE CULTURA; SECRETARIA DE CULTURA; R$ 0,00; R$ 0,00; R$ 0,00; R$ 0,00; R$ 519,74; R$ 5.177,97; R$ 0,00; 0.0
 13210101010408; Remun. Dep. Banc. Transf. do Estado Cof. Media Complexidade; Receitas Correntes; Receita Patrimonial; Valores Mobiliários; Remuneração de Depósitos Bancários - Principal; Juros e Correções Monetárias; Remuneração de Depósitos Bancários; ; Juros e Correções Monetárias; Remuneração de Depósitos Bancários; Não se aplica; Remun. Dep. Banc. Transf. do Estado Cof. Media Complexidade; Arrecadações; SECRETARIA DE DESENVOLVIMENTO SOCIAL E HABITAÇÃO; FUNDO MUNICIPAL DE ASSISTENCIA SOCIAL; SECRETARIA DE DESENVOLVIMENTO SOCIAL E HABITAÇÃO; R$ 0,00; R$ 0,00; R$ 0,00; R$ 0,00; R$ 82,82; R$ 590,05; R$ 0,00; 0.0
 13210101010403; Rec. de Remun. Dep. Banc/Vinculados - FMAS/FNAS - IGD SUAS; Receitas Correntes; Receita Patrimonial; Valores Mobiliários; Remuneração de Depósitos Bancários - Principal; Juros e Correções Monetárias; Remuneração de Depósitos Bancários; ; Juros e Correções Monetárias; Remuneração de Depósitos Bancários; Não se aplica; Rec. de Remun. Dep. Banc/Vinculados - FMAS/FNAS - IGD SUAS; Arrecadações; SECRETARIA DE DESENVOLVIMENTO SOCIAL E HABITAÇÃO; FUNDO MUNICIPAL DE ASSISTENCIA SOCIAL; SECRETARIA DE DESENVOLVIMENTO SOCIAL E HABITAÇÃO; R$ 0,00; R$ 0,00; R$ 0,00; R$ 0,00; R$ 117,19; R$ 916,79; R$ 0,00; 0.0
 13210101019902; Rec.de Remun. Dep. Banc. Vinculados - Rec. COSIP; Receitas Correntes; Receita Patrimonial; Valores Mobiliários; Remuneração de Depósitos Bancários - Principal; Juros e Correções Monetárias; Remuneração de Depósitos Bancários; ; Juros e Correções Monetárias; Remuneração de Depósitos Bancários; Não se aplica; Rec.de Remun. Dep. Banc. Vinculados - Rec. COSIP; Arrecadações; SECRETARIA DE OBRAS E SERVIÇOS URBANOS; DIRETORIA DE OBRAS; SECRETARIA DE OBRAS E SERVIÇOS URBANOS; R$ 0,00; R$ 0,00; R$ 0,00; R$ 0,00; R$ 26.811,98; R$ 190.755,27; R$ 0,00; 0.0
 13210101019917; Rec. de Remun. Dep. Banc. Vinculados-  Lei Paulo Gustavo; Receitas Correntes; Receita Patrimonial; Valores Mobiliários; Remuneração de Depósitos Bancários - Principal; Juros e Correções Monetárias; Remuneração de Depósitos Bancários; ; Juros e Correções Monetárias; Remuneração de Depósitos Bancários; Não se aplica; Rec. de Remun. Dep. Banc. Vinculados-  Lei Paulo Gustavo; Arrecadações; SECRETARIA DE CULTURA; FUNDO MUNICIPAL DE CULTURA; SECRETARIA DE CULTURA; R$ 0,00; R$ 0,00; R$ 0,00; R$ 0,00; R$ 17,35; R$ 123,60; R$ 0,00; 0.0
 13210101010410; Remun. Dep. Banc. Transf. do Estado Cof. Alta Complexidade; Receitas Correntes; Receita Patrimonial; Valores Mobiliários; Remuneração de Depósitos Bancários - Principal; Juros e Correções Monetárias; Remuneração de Depósitos Bancários; ; Juros e Correções Monetárias; Remuneração de Depósitos Bancários; Não se aplica; Remun. Dep. Banc. Transf. do Estado Cof. Alta Complexidade; Arrecadações; SECRETARIA DE DESENVOLVIMENTO SOCIAL E HABITAÇÃO; FUNDO MUNICIPAL DE ASSISTENCIA SOCIAL; SECRETARIA DE DESENVOLVIMENTO SOCIAL E HABITAÇÃO; R$ 0,00; R$ 0,00; R$ 0,00; R$ 0,00; R$ 200,64; R$ 748,18; R$ 0,00; 0.0
 13210101019915; Remun Dep Banc Vinculados- Lei Aldir Blanc; Receitas Correntes; Receita Patrimonial; Valores Mobiliários; Remuneração de Depósitos Bancários - Principal; Juros e Correções Monetárias; Remuneração de Depósitos Bancários; ; Juros e Correções Monetárias; Remuneração de Depósitos Bancários; Não se aplica; Remun Dep Banc Vinculados- Lei Aldir Blanc; Arrecadações; SECRETARIA DE CULTURA; FUNDO MUNICIPAL DE CULTURA; SECRETARIA DE CULTURA; R$ 0,00; R$ 0,00; R$ 0,00; R$ 0,00; R$ 549,21; R$ 5.727,18; R$ 0,00; 0.0
 13210101010410; Remun. Dep. Banc. Transf. do Estado Cof. Alta Complexidade; Receitas Correntes; Receita Patrimonial; Valores Mobiliários; Remuneração de Depósitos Bancários - Principal; Juros e Correções Monetárias; Remuneração de Depósitos Bancários; ; Juros e Correções Monetárias; Remuneração de Depósitos Bancários; Não se aplica; Remun. Dep. Banc. Transf. do Estado Cof. Alta Complexidade; Arrecadações; SECRETARIA DE DESENVOLVIMENTO SOCIAL E HABITAÇÃO; FUNDO MUNICIPAL DE ASSISTENCIA SOCIAL; SECRETARIA DE DESENVOLVIMENTO SOCIAL E HABITAÇÃO; R$ 0,00; R$ 0,00; R$ 0,00; R$ 0,00; R$ 301,48; R$ 1.049,66; R$ 0,00; 0.0
 13210101010403; Rec. de Remun. Dep. Banc/Vinculados - FMAS/FNAS - IGD SUAS; Receitas Correntes; Receita Patrimonial; Valores Mobiliários; Remuneração de Depósitos Bancários - Principal; Juros e Correções Monetárias; Remuneração de Depósitos Bancários; ; Juros e Correções Monetárias; Remuneração de Depósitos Bancários; Não se aplica; Rec. de Remun. Dep. Banc/Vinculados - FMAS/FNAS - IGD SUAS; Arrecadações; SECRETARIA DE DESENVOLVIMENTO SOCIAL E HABITAÇÃO; FUNDO MUNICIPAL DE ASSISTENCIA SOCIAL; SECRETARIA DE DESENVOLVIMENTO SOCIAL E HABITAÇÃO; R$ 0,00; R$ 0,00; R$ 0,00; R$ 0,00; R$ 80,84; R$ 997,63; R$ 0,00; 0.0
 13210101019917; Rec. de Remun. Dep. Banc. Vinculados-  Lei Paulo Gustavo; Receitas Correntes; Receita Patrimonial; Valores Mobiliários; Remuneração de Depósitos Bancários - Principal; Juros e Correções Monetárias; Remuneração de Depósitos Bancários; ; Juros e Correções Monetárias; Remuneração de Depósitos Bancários; Não se aplica; Rec. de Remun. Dep. Banc. Vinculados-  Lei Paulo Gustavo; Arrecadações; SECRETARIA DE CULTURA; FUNDO MUNICIPAL DE CULTURA; SECRETARIA DE CULTURA; R$ 0,00; R$ 0,00; R$ 0,00; R$ 0,00; R$ 18,33; R$ 141,93; R$ 0,00; 0.0
 13210101019902; Rec.de Remun. Dep. Banc. Vinculados - Rec. COSIP; Receitas Correntes; Receita Patrimonial; Valores Mobiliários; Remuneração de Depósitos Bancários - Principal; Juros e Correções Monetárias; Remuneração de Depósitos Bancários; ; Juros e Correções Monetárias; Remuneração de Depósitos Bancários; Não se aplica; Rec.de Remun. Dep. Banc. Vinculados - Rec. COSIP; Arrecadações; SECRETARIA DE OBRAS E SERVIÇOS URBANOS; DIRETORIA DE OBRAS; SECRETARIA DE OBRAS E SERVIÇOS URBANOS; R$ 0,00; R$ 0,00; R$ 0,00; R$ 0,00; R$ 27.744,32; R$ 218.499,59; R$ 0,00; 0.0
 13210101010205; Remun. Dep. Banc.vinculados - MDE/PDDE; Receitas Correntes; Receita Patrimonial; Valores Mobiliários; Remuneração de Depósitos Bancários - Principal; Juros e Correções Monetárias; Remuneração de Depósitos Bancários; ; Juros e Correções Monetárias; Remuneração de Depósitos Bancários; Não se aplica; Remun. Dep. Banc.vinculados - MDE/PDDE; Arrecadações; SECRETARIA DE EDUCAÇÃO; GABINETE DO SECRETÁRIO  DE EDUC.; SECRETARIA DE EDUCAÇÃO; R$ 0,00; R$ 0,00; R$ 0,00; R$ 0,00; R$ 3,54; R$ 27,38; R$ 0,00; 0.0
 13210101010408; Remun. Dep. Banc. Transf. do Estado Cof. Media Complexidade; Receitas Correntes; Receita Patrimonial; Valores Mobiliários; Remuneração de Depósitos Bancários - Principal; Juros e Correções Monetárias; Remuneração de Depósitos Bancários; ; Juros e Correções Monetárias; Remuneração de Depósitos Bancários; Não se aplica; Remun. Dep. Banc. Transf. do Estado Cof. Media Complexidade; Arrecadações; SECRETARIA DE DESENVOLVIMENTO SOCIAL E HABITAÇÃO; FUNDO MUNICIPAL DE ASSISTENCIA SOCIAL; SECRETARIA DE DESENVOLVIMENTO SOCIAL E HABITAÇÃO; R$ 0,00; R$ 0,00; R$ 0,00; R$ 0,00; R$ 87,51; R$ 677,56; R$ 0,00; 0.0
 13210101019917; Rec. de Remun. Dep. Banc. Vinculados-  Lei Paulo Gustavo; Receitas Correntes; Receita Patrimonial; Valores Mobiliários; Remuneração de Depósitos Bancários - Principal; Juros e Correções Monetárias; Remuneração de Depósitos Bancários; ; Juros e Correções Monetárias; Remuneração de Depósitos Bancários; Não se aplica; Rec. de Remun. Dep. Banc. Vinculados-  Lei Paulo Gustavo; Arrecadações; SECRETARIA DE CULTURA; FUNDO MUNICIPAL DE CULTURA; SECRETARIA DE CULTURA; R$ 0,00; R$ 0,00; R$ 0,00; R$ 0,00; R$ 19,34; R$ 161,27; R$ 0,00; 0.0
 13210101019915; Remun Dep Banc Vinculados- Lei Aldir Blanc; Receitas Correntes; Receita Patrimonial; Valores Mobiliários; Remuneração de Depósitos Bancários - Principal; Juros e Correções Monetárias; Remuneração de Depósitos Bancários; ; Juros e Correções Monetárias; Remuneração de Depósitos Bancários; Não se aplica; Remun Dep Banc Vinculados- Lei Aldir Blanc; Arrecadações; SECRETARIA DE CULTURA; FUNDO MUNICIPAL DE CULTURA; SECRETARIA DE CULTURA; R$ 0,00; R$ 0,00; R$ 0,00; R$ 0,00; R$ 579,30; R$ 6.306,48; R$ 0,00; 0.0
 13210101010408; Remun. Dep. Banc. Transf. do Estado Cof. Media Complexidade; Receitas Correntes; Receita Patrimonial; Valores Mobiliários; Remuneração de Depósitos Bancários - Principal; Juros e Correções Monetárias; Remuneração de Depósitos Bancários; ; Juros e Correções Monetárias; Remuneração de Depósitos Bancários; Não se aplica; Remun. Dep. Banc. Transf. do Estado Cof. Media Complexidade; Arrecadações; SECRETARIA DE DESENVOLVIMENTO SOCIAL E HABITAÇÃO; FUNDO MUNICIPAL DE ASSISTENCIA SOCIAL; SECRETARIA DE DESENVOLVIMENTO SOCIAL E HABITAÇÃO; R$ 0,00; R$ 0,00; R$ 0,00; R$ 0,00; R$ 92,31; R$ 769,87; R$ 0,00; 0.0
 13210101019902; Rec.de Remun. Dep. Banc. Vinculados - Rec. COSIP; Receitas Correntes; Receita Patrimonial; Valores Mobiliários; Remuneração de Depósitos Bancários - Principal; Juros e Correções Monetárias; Remuneração de Depósitos Bancários; ; Juros e Correções Monetárias; Remuneração de Depósitos Bancários; Não se aplica; Rec.de Remun. Dep. Banc. Vinculados - Rec. COSIP; Arrecadações; SECRETARIA DE OBRAS E SERVIÇOS URBANOS; DIRETORIA DE OBRAS; SECRETARIA DE OBRAS E SERVIÇOS URBANOS; R$ 0,00; R$ 0,00; R$ 0,00; R$ 0,00; R$ 27.658,98; R$ 246.158,57; R$ 0,00; 0.0
 13210101010205; Remun. Dep. Banc.vinculados - MDE/PDDE; Receitas Correntes; Receita Patrimonial; Valores Mobiliários; Remuneração de Depósitos Bancários - Principal; Juros e Correções Monetárias; Remuneração de Depósitos Bancários; ; Juros e Correções Monetárias; Remuneração de Depósitos Bancários; Não se aplica; Remun. Dep. Banc.vinculados - MDE/PDDE; Arrecadações; SECRETARIA DE EDUCAÇÃO; GABINETE DO SECRETÁRIO  DE EDUC.; SECRETARIA DE EDUCAÇÃO; R$ 0,00; R$ 0,00; R$ 0,00; R$ 0,00; R$ 3,73; R$ 31,11; R$ 0,00; 0.0
 13210101010410; Remun. Dep. Banc. Transf. do Estado Cof. Alta Complexidade; Receitas Correntes; Receita Patrimonial; Valores Mobiliários; Remuneração de Depósitos Bancários - Principal; Juros e Correções Monetárias; Remuneração de Depósitos Bancários; ; Juros e Correções Monetárias; Remuneração de Depósitos Bancários; Não se aplica; Remun. Dep. Banc. Transf. do Estado Cof. Alta Complexidade; Arrecadações; SECRETARIA DE DESENVOLVIMENTO SOCIAL E HABITAÇÃO; FUNDO MUNICIPAL DE ASSISTENCIA SOCIAL; SECRETARIA DE DESENVOLVIMENTO SOCIAL E HABITAÇÃO; R$ 0,00; R$ 0,00; R$ 0,00; R$ 0,00; R$ 361,67; R$ 1.411,33; R$ 0,00; 0.0
 13210101010403; Rec. de Remun. Dep. Banc/Vinculados - FMAS/FNAS - IGD SUAS; Receitas Correntes; Receita Patrimonial; Valores Mobiliários; Remuneração de Depósitos Bancários - Principal; Juros e Correções Monetárias; Remuneração de Depósitos Bancários; ; Juros e Correções Monetárias; Remuneração de Depósitos Bancários; Não se aplica; Rec. de Remun. Dep. Banc/Vinculados - FMAS/FNAS - IGD SUAS; Arrecadações; SECRETARIA DE DESENVOLVIMENTO SOCIAL E HABITAÇÃO; FUNDO MUNICIPAL DE ASSISTENCIA SOCIAL; SECRETARIA DE DESENVOLVIMENTO SOCIAL E HABITAÇÃO; R$ 0,00; R$ 0,00; R$ 0,00; R$ 0,00; R$ 80,33; R$ 1.077,96; R$ 0,00; 0.0
 13210101010408; Remun. Dep. Banc. Transf. do Estado Cof. Media Complexidade; Receitas Correntes; Receita Patrimonial; Valores Mobiliários; Remuneração de Depósitos Bancários - Principal; Juros e Correções Monetárias; Remuneração de Depósitos Bancários; ; Juros e Correções Monetárias; Remuneração de Depósitos Bancários; Não se aplica; Remun. Dep. Banc. Transf. do Estado Cof. Media Complexidade; Arrecadações; SECRETARIA DE DESENVOLVIMENTO SOCIAL E HABITAÇÃO; FUNDO MUNICIPAL DE ASSISTENCIA SOCIAL; SECRETARIA DE DESENVOLVIMENTO SOCIAL E HABITAÇÃO; R$ 0,00; R$ 0,00; R$ 0,00; R$ 0,00; R$ 77,04; R$ 846,91; R$ 0,00; 0.0
 13210101010410; Remun. Dep. Banc. Transf. do Estado Cof. Alta Complexidade; Receitas Correntes; Receita Patrimonial; Valores Mobiliários; Remuneração de Depósitos Bancários - Principal; Juros e Correções Monetárias; Remuneração de Depósitos Bancários; ; Juros e Correções Monetárias; Remuneração de Depósitos Bancários; Não se aplica; Remun. Dep. Banc. Transf. do Estado Cof. Alta Complexidade; Arrecadações; SECRETARIA DE DESENVOLVIMENTO SOCIAL E HABITAÇÃO; FUNDO MUNICIPAL DE ASSISTENCIA SOCIAL; SECRETARIA DE DESENVOLVIMENTO SOCIAL E HABITAÇÃO; R$ 0,00; R$ 0,00; R$ 0,00; R$ 0,00; R$ 206,25; R$ 1.617,58; R$ 0,00; 0.0
 13210101019902; Rec.de Remun. Dep. Banc. Vinculados - Rec. COSIP; Receitas Correntes; Receita Patrimonial; Valores Mobiliários; Remuneração de Depósitos Bancários - Principal; Juros e Correções Monetárias; Remuneração de Depósitos Bancários; ; Juros e Correções Monetárias; Remuneração de Depósitos Bancários; Não se aplica; Rec.de Remun. Dep. Banc. Vinculados - Rec. COSIP; Arrecadações; SECRETARIA DE OBRAS E SERVIÇOS URBANOS; DIRETORIA DE OBRAS; SECRETARIA DE OBRAS E SERVIÇOS URBANOS; R$ 0,00; R$ 0,00; R$ 0,00; R$ 0,00; R$ 17.585,49; R$ 263.744,06; R$ 0,00; 0.0
 13210101019917; Rec. de Remun. Dep. Banc. Vinculados-  Lei Paulo Gustavo; Receitas Correntes; Receita Patrimonial; Valores Mobiliários; Remuneração de Depósitos Bancários - Principal; Juros e Correções Monetárias; Remuneração de Depósitos Bancários; ; Juros e Correções Monetárias; Remuneração de Depósitos Bancários; Não se aplica; Rec. de Remun. Dep. Banc. Vinculados-  Lei Paulo Gustavo; Arrecadações; SECRETARIA DE CULTURA; FUNDO MUNICIPAL DE CULTURA; SECRETARIA DE CULTURA; R$ 0,00; R$ 0,00; R$ 0,00; R$ 0,00; R$ 16,13; R$ 177,40; R$ 0,00; 0.0
 13210101010403; Rec. de Remun. Dep. Banc/Vinculados - FMAS/FNAS - IGD SUAS; Receitas Correntes; Receita Patrimonial; Valores Mobiliários; Remuneração de Depósitos Bancários - Principal; Juros e Correções Monetárias; Remuneração de Depósitos Bancários; ; Juros e Correções Monetárias; Remuneração de Depósitos Bancários; Não se aplica; Rec. de Remun. Dep. Banc/Vinculados - FMAS/FNAS - IGD SUAS; Arrecadações; SECRETARIA DE DESENVOLVIMENTO SOCIAL E HABITAÇÃO; FUNDO MUNICIPAL DE ASSISTENCIA SOCIAL; SECRETARIA DE DESENVOLVIMENTO SOCIAL E HABITAÇÃO; R$ 0,00; R$ 0,00; R$ 0,00; R$ 0,00; R$ 57,05; R$ 1.135,01; R$ 0,00; 0.0
 13210101019906; Rec.de Remun. Dep. Banc. Vinculados - Conv.transito Militar; Receitas Correntes; Receita Patrimonial; Valores Mobiliários; Remuneração de Depósitos Bancários - Principal; Juros e Correções Monetárias; Remuneração de Depósitos Bancários; ; Juros e Correções Monetárias; Remuneração de Depósitos Bancários; Não se aplica; Rec.de Remun. Dep. Banc. Vinculados - Conv.transito Militar; Arrecadações; SECRETARIA DE OBRAS E SERVIÇOS URBANOS; DIRETORIA DE OBRAS; SECRETARIA DE OBRAS E SERVIÇOS URBANOS; R$ 0,00; R$ 0,00; R$ 0,00; R$ 0,00; R$ 4.028,06; R$ 4.028,06; R$ 0,00; 0.0
 13210101019904; Rec.de Remun. Dep. Banc. Vinculados - Conv. Transito Pref.; Receitas Correntes; Receita Patrimonial; Valores Mobiliários; Remuneração de Depósitos Bancários - Principal; Juros e Correções Monetárias; Remuneração de Depósitos Bancários; ; Juros e Correções Monetárias; Remuneração de Depósitos Bancários; Não se aplica; Rec.de Remun. Dep. Banc. Vinculados - Conv. Transito Pref.; Arrecadações; SECRETARIA DE OBRAS E SERVIÇOS URBANOS; GABINETE DO SECRETARIO DE OBRAS E SERVIÇOS URBANOS; SECRETARIA DE OBRAS E SERVIÇOS URBANOS; R$ 0,00; R$ 0,00; R$ 0,00; R$ 0,00; R$ 139,68; R$ 139,68; R$ 0,00; 0.0
 13210101010404; Rec. de Remun. Dep. Banc/Vinculados-  FMAS - FEAS Assist. Básica; Receitas Correntes; Receita Patrimonial; Valores Mobiliários; Remuneração de Depósitos Bancários - Principal; Juros e Correções Monetárias; Remuneração de Depósitos Bancários; ; Juros e Correções Monetárias; Remuneração de Depósitos Bancários; Não se aplica; Rec. de Remun. Dep. Banc/Vinculados-  FMAS - FEAS Assist. Básica; Arrecadações; SECRETARIA DE DESENVOLVIMENTO SOCIAL E HABITAÇÃO; FUNDO MUNICIPAL DE ASSISTENCIA SOCIAL; SECRETARIA DE DESENVOLVIMENTO SOCIAL E HABITAÇÃO; R$ 0,00; R$ 0,00; R$ 0,00; R$ 0,00; R$ 109,46; R$ 109,46; R$ 0,00; 0.0
 13210101010405; Rec. de Remun. Dep. Banc/Vinculados-  FMAS/FNAS- ACESSUAS; Receitas Correntes; Receita Patrimonial; Valores Mobiliários; Remuneração de Depósitos Bancários - Principal; Juros e Correções Monetárias; Remuneração de Depósitos Bancários; ; Juros e Correções Monetárias; Remuneração de Depósitos Bancários; Não se aplica; Rec. de Remun. Dep. Banc/Vinculados-  FMAS/FNAS- ACESSUAS; Arrecadações; SECRETARIA DE DESENVOLVIMENTO SOCIAL E HABITAÇÃO; FUNDO MUNICIPAL DE ASSISTENCIA SOCIAL; SECRETARIA DE DESENVOLVIMENTO SOCIAL E HABITAÇÃO; R$ 0,00; R$ 0,00; R$ 0,00; R$ 0,00; R$ 0,29; R$ 0,29; R$ 0,00; 0.0
 13210101019903; Rec.de Remun. Dep. Banc. Vinculados - Rec. Tx. corpo de bombeiros; Receitas Correntes; Receita Patrimonial; Valores Mobiliários; Remuneração de Depósitos Bancários - Principal; Juros e Correções Monetárias; Remuneração de Depósitos Bancários; ; Juros e Correções Monetárias; Remuneração de Depósitos Bancários; Não se aplica; Rec.de Remun. Dep. Banc. Vinculados - Rec. Tx. corpo de bombeiros; Arrecadações; SECRETARIA DE OBRAS E SERVIÇOS URBANOS; DIRETORIA DE OBRAS; SECRETARIA DE OBRAS E SERVIÇOS URBANOS; R$ 0,00; R$ 0,00; R$ 0,00; R$ 0,00; R$ 355,00; R$ 355,00; R$ 0,00; 0.0
 13210101019905; Rec.de Remun. Dep. Banc. Vinculados - Conv. Transito Civil; Receitas Correntes; Receita Patrimonial; Valores Mobiliários; Remuneração de Depósitos Bancários - Principal; Juros e Correções Monetárias; Remuneração de Depósitos Bancários; ; Juros e Correções Monetárias; Remuneração de Depósitos Bancários; Não se aplica; Rec.de Remun. Dep. Banc. Vinculados - Conv. Transito Civil; Arrecadações; SECRETARIA DE OBRAS E SERVIÇOS URBANOS; DIRETORIA DE OBRAS; SECRETARIA DE OBRAS E SERVIÇOS URBANOS; R$ 0,00; R$ 0,00; R$ 0,00; R$ 0,00; R$ 3.132,83; R$ 3.132,83; R$ 0,00; 0.0
 13210101010402; Rec. de Remun. Dep. Banc/Vinculados -  FMAS/FNAS - IGDBF; Receitas Correntes; Receita Patrimonial; Valores Mobiliários; Remuneração de Depósitos Bancários - Principal; Juros e Correções Monetárias; Remuneração de Depósitos Bancários; ; Juros e Correções Monetárias; Remuneração de Depósitos Bancários; Não se aplica; Rec. de Remun. Dep. Banc/Vinculados -  FMAS/FNAS - IGDBF; Arrecadações; SECRETARIA DE DESENVOLVIMENTO SOCIAL E HABITAÇÃO; FUNDO MUNICIPAL DE ASSISTENCIA SOCIAL; SECRETARIA DE DESENVOLVIMENTO SOCIAL E HABITAÇÃO; R$ 0,00; R$ 0,00; R$ 0,00; R$ 0,00; R$ 525,14; R$ 525,14; R$ 0,00; 0.0
 13210101010204; Rec. de Remun. Dep. Banc/Vinculados Rec. FNDE/B. Carinhoso; Receitas Correntes; Receita Patrimonial; Valores Mobiliários; Remuneração de Depósitos Bancários - Principal; Juros e Correções Monetárias; Remuneração de Depósitos Bancários; ; Juros e Correções Monetárias; Remuneração de Depósitos Bancários; Não se aplica; Rec. de Remun. Dep. Banc/Vinculados Rec. FNDE/B. Carinhoso; Arrecadações; SECRETARIA DE EDUCAÇÃO; GABINETE DO SECRETÁRIO  DE EDUC.; SECRETARIA DE EDUCAÇÃO; R$ 0,00; R$ 0,00; R$ 0,00; R$ 0,00; R$ 0,29; R$ 0,29; R$ 0,00; 0.0
 13210101010202; Rec. de Remun. Dep. Banc/Vinculados- Recursos do FNDE/PNATE; Receitas Correntes; Receita Patrimonial; Valores Mobiliários; Remuneração de Depósitos Bancários - Principal; Juros e Correções Monetárias; Remuneração de Depósitos Bancários; ; Juros e Correções Monetárias; Remuneração de Depósitos Bancários; Não se aplica; Rec. de Remun. Dep. Banc/Vinculados- Recursos do FNDE/PNATE; Arrecadações; SECRETARIA DE EDUCAÇÃO; GABINETE DO SECRETÁRIO  DE EDUC.; SECRETARIA DE EDUCAÇÃO; R$ 0,00; R$ 0,00; R$ 0,00; R$ 0,00; R$ 43,33; R$ 43,33; R$ 0,00; 0.0
 13210101019906; Rec.de Remun. Dep. Banc. Vinculados - Conv.transito Militar; Receitas Correntes; Receita Patrimonial; Valores Mobiliários; Remuneração de Depósitos Bancários - Principal; Juros e Correções Monetárias; Remuneração de Depósitos Bancários; ; Juros e Correções Monetárias; Remuneração de Depósitos Bancários; Não se aplica; Rec.de Remun. Dep. Banc. Vinculados - Conv.transito Militar; Arrecadações; SECRETARIA DE OBRAS E SERVIÇOS URBANOS; DIRETORIA DE OBRAS; SECRETARIA DE OBRAS E SERVIÇOS URBANOS; R$ 0,00; R$ 0,00; R$ 0,00; R$ 0,00; R$ 3.927,40; R$ 7.955,46; R$ 0,00; 0.0
 13210101010404; Rec. de Remun. Dep. Banc/Vinculados-  FMAS - FEAS Assist. Básica; Receitas Correntes; Receita Patrimonial; Valores Mobiliários; Remuneração de Depósitos Bancários - Principal; Juros e Correções Monetárias; Remuneração de Depósitos Bancários; ; Juros e Correções Monetárias; Remuneração de Depósitos Bancários; Não se aplica; Rec. de Remun. Dep. Banc/Vinculados-  FMAS - FEAS Assist. Básica; Arrecadações; SECRETARIA DE DESENVOLVIMENTO SOCIAL E HABITAÇÃO; FUNDO MUNICIPAL DE ASSISTENCIA SOCIAL; SECRETARIA DE DESENVOLVIMENTO SOCIAL E HABITAÇÃO; R$ 0,00; R$ 0,00; R$ 0,00; R$ 0,00; R$ 49,10; R$ 158,56; R$ 0,00; 0.0
 13210101010204; Rec. de Remun. Dep. Banc/Vinculados Rec. FNDE/B. Carinhoso; Receitas Correntes; Receita Patrimonial; Valores Mobiliários; Remuneração de Depósitos Bancários - Principal; Juros e Correções Monetárias; Remuneração de Depósitos Bancários; ; Juros e Correções Monetárias; Remuneração de Depósitos Bancários; Não se aplica; Rec. de Remun. Dep. Banc/Vinculados Rec. FNDE/B. Carinhoso; Arrecadações; SECRETARIA DE EDUCAÇÃO; GABINETE DO SECRETÁRIO  DE EDUC.; SECRETARIA DE EDUCAÇÃO; R$ 0,00; R$ 0,00; R$ 0,00; R$ 0,00; R$ 0,28; R$ 0,57; R$ 0,00; 0.0
 13210101010405; Rec. de Remun. Dep. Banc/Vinculados-  FMAS/FNAS- ACESSUAS; Receitas Correntes; Receita Patrimonial; Valores Mobiliários; Remuneração de Depósitos Bancários - Principal; Juros e Correções Monetárias; Remuneração de Depósitos Bancários; ; Juros e Correções Monetárias; Remuneração de Depósitos Bancários; Não se aplica; Rec. de Remun. Dep. Banc/Vinculados-  FMAS/FNAS- ACESSUAS; Arrecadações; SECRETARIA DE DESENVOLVIMENTO SOCIAL E HABITAÇÃO; FUNDO MUNICIPAL DE ASSISTENCIA SOCIAL; SECRETARIA DE DESENVOLVIMENTO SOCIAL E HABITAÇÃO; R$ 0,00; R$ 0,00; R$ 0,00; R$ 0,00; R$ 0,28; R$ 0,57; R$ 0,00; 0.0
 13210101019903; Rec.de Remun. Dep. Banc. Vinculados - Rec. Tx. corpo de bombeiros; Receitas Correntes; Receita Patrimonial; Valores Mobiliários; Remuneração de Depósitos Bancários - Principal; Juros e Correções Monetárias; Remuneração de Depósitos Bancários; ; Juros e Correções Monetárias; Remuneração de Depósitos Bancários; Não se aplica; Rec.de Remun. Dep. Banc. Vinculados - Rec. Tx. corpo de bombeiros; Arrecadações; SECRETARIA DE OBRAS E SERVIÇOS URBANOS; DIRETORIA DE OBRAS; SECRETARIA DE OBRAS E SERVIÇOS URBANOS; R$ 0,00; R$ 0,00; R$ 0,00; R$ 0,00; R$ 384,11; R$ 739,11; R$ 0,00; 0.0
 13210101010202; Rec. de Remun. Dep. Banc/Vinculados- Recursos do FNDE/PNATE; Receitas Correntes; Receita Patrimonial; Valores Mobiliários; Remuneração de Depósitos Bancários - Principal; Juros e Correções Monetárias; Remuneração de Depósitos Bancários; ; Juros e Correções Monetárias; Remuneração de Depósitos Bancários; Não se aplica; Rec. de Remun. Dep. Banc/Vinculados- Recursos do FNDE/PNATE; Arrecadações; SECRETARIA DE EDUCAÇÃO; GABINETE DO SECRETÁRIO  DE EDUC.; SECRETARIA DE EDUCAÇÃO; R$ 0,00; R$ 0,00; R$ 0,00; R$ 0,00; R$ 43,72; R$ 87,05; R$ 0,00; 0.0
 13210101019904; Rec.de Remun. Dep. Banc. Vinculados - Conv. Transito Pref.; Receitas Correntes; Receita Patrimonial; Valores Mobiliários; Remuneração de Depósitos Bancários - Principal; Juros e Correções Monetárias; Remuneração de Depósitos Bancários; ; Juros e Correções Monetárias; Remuneração de Depósitos Bancários; Não se aplica; Rec.de Remun. Dep. Banc. Vinculados - Conv. Transito Pref.; Arrecadações; SECRETARIA DE OBRAS E SERVIÇOS URBANOS; GABINETE DO SECRETARIO DE OBRAS E SERVIÇOS URBANOS; SECRETARIA DE OBRAS E SERVIÇOS URBANOS; R$ 0,00; R$ 0,00; R$ 0,00; R$ 0,00; R$ 103,68; R$ 243,36; R$ 0,00; 0.0
 13210101010402; Rec. de Remun. Dep. Banc/Vinculados -  FMAS/FNAS - IGDBF; Receitas Correntes; Receita Patrimonial; Valores Mobiliários; Remuneração de Depósitos Bancários - Principal; Juros e Correções Monetárias; Remuneração de Depósitos Bancários; ; Juros e Correções Monetárias; Remuneração de Depósitos Bancários; Não se aplica; Rec. de Remun. Dep. Banc/Vinculados -  FMAS/FNAS - IGDBF; Arrecadações; SECRETARIA DE DESENVOLVIMENTO SOCIAL E HABITAÇÃO; FUNDO MUNICIPAL DE ASSISTENCIA SOCIAL; SECRETARIA DE DESENVOLVIMENTO SOCIAL E HABITAÇÃO; R$ 0,00; R$ 0,00; R$ 0,00; R$ 0,00; R$ 529,61; R$ 1.054,75; R$ 0,00; 0.0
 13210101019905; Rec.de Remun. Dep. Banc. Vinculados - Conv. Transito Civil; Receitas Correntes; Receita Patrimonial; Valores Mobiliários; Remuneração de Depósitos Bancários - Principal; Juros e Correções Monetárias; Remuneração de Depósitos Bancários; ; Juros e Correções Monetárias; Remuneração de Depósitos Bancários; Não se aplica; Rec.de Remun. Dep. Banc. Vinculados - Conv. Transito Civil; Arrecadações; SECRETARIA DE OBRAS E SERVIÇOS URBANOS; DIRETORIA DE OBRAS; SECRETARIA DE OBRAS E SERVIÇOS URBANOS; R$ 0,00; R$ 0,00; R$ 0,00; R$ 0,00; R$ 2.891,56; R$ 6.024,39; R$ 0,00; 0.0
 13210101010405; Rec. de Remun. Dep. Banc/Vinculados-  FMAS/FNAS- ACESSUAS; Receitas Correntes; Receita Patrimonial; Valores Mobiliários; Remuneração de Depósitos Bancários - Principal; Juros e Correções Monetárias; Remuneração de Depósitos Bancários; ; Juros e Correções Monetárias; Remuneração de Depósitos Bancários; Não se aplica; Rec. de Remun. Dep. Banc/Vinculados-  FMAS/FNAS- ACESSUAS; Arrecadações; SECRETARIA DE DESENVOLVIMENTO SOCIAL E HABITAÇÃO; FUNDO MUNICIPAL DE ASSISTENCIA SOCIAL; SECRETARIA DE DESENVOLVIMENTO SOCIAL E HABITAÇÃO; R$ 0,00; R$ 0,00; R$ 0,00; R$ 0,00; R$ 0,28; R$ 0,85; R$ 0,00; 0.0
 13210101010402; Rec. de Remun. Dep. Banc/Vinculados -  FMAS/FNAS - IGDBF; Receitas Correntes; Receita Patrimonial; Valores Mobiliários; Remuneração de Depósitos Bancários - Principal; Juros e Correções Monetárias; Remuneração de Depósitos Bancários; ; Juros e Correções Monetárias; Remuneração de Depósitos Bancários; Não se aplica; Rec. de Remun. Dep. Banc/Vinculados -  FMAS/FNAS - IGDBF; Arrecadações; SECRETARIA DE DESENVOLVIMENTO SOCIAL E HABITAÇÃO; FUNDO MUNICIPAL DE ASSISTENCIA SOCIAL; SECRETARIA DE DESENVOLVIMENTO SOCIAL E HABITAÇÃO; R$ 0,00; R$ 0,00; R$ 0,00; R$ 0,00; R$ 550,30; R$ 1.605,05; R$ 0,00; 0.0
 13210101019903; Rec.de Remun. Dep. Banc. Vinculados - Rec. Tx. corpo de bombeiros; Receitas Correntes; Receita Patrimonial; Valores Mobiliários; Remuneração de Depósitos Bancários - Principal; Juros e Correções Monetárias; Remuneração de Depósitos Bancários; ; Juros e Correções Monetárias; Remuneração de Depósitos Bancários; Não se aplica; Rec.de Remun. Dep. Banc. Vinculados - Rec. Tx. corpo de bombeiros; Arrecadações; SECRETARIA DE OBRAS E SERVIÇOS URBANOS; DIRETORIA DE OBRAS; SECRETARIA DE OBRAS E SERVIÇOS URBANOS; R$ 0,00; R$ 0,00; R$ 0,00; R$ 0,00; R$ 361,18; R$ 1.100,29; R$ 0,00; 0.0
 13210101019905; Rec.de Remun. Dep. Banc. Vinculados - Conv. Transito Civil; Receitas Correntes; Receita Patrimonial; Valores Mobiliários; Remuneração de Depósitos Bancários - Principal; Juros e Correções Monetárias; Remuneração de Depósitos Bancários; ; Juros e Correções Monetárias; Remuneração de Depósitos Bancários; Não se aplica; Rec.de Remun. Dep. Banc. Vinculados - Conv. Transito Civil; Arrecadações; SECRETARIA DE OBRAS E SERVIÇOS URBANOS; DIRETORIA DE OBRAS; SECRETARIA DE OBRAS E SERVIÇOS URBANOS; R$ 0,00; R$ 0,00; R$ 0,00; R$ 0,00; R$ 2.923,30; R$ 8.947,69; R$ 0,00; 0.0
 13210101010202; Rec. de Remun. Dep. Banc/Vinculados- Recursos do FNDE/PNATE; Receitas Correntes; Receita Patrimonial; Valores Mobiliários; Remuneração de Depósitos Bancários - Principal; Juros e Correções Monetárias; Remuneração de Depósitos Bancários; ; Juros e Correções Monetárias; Remuneração de Depósitos Bancários; Não se aplica; Rec. de Remun. Dep. Banc/Vinculados- Recursos do FNDE/PNATE; Arrecadações; SECRETARIA DE EDUCAÇÃO; GABINETE DO SECRETÁRIO  DE EDUC.; SECRETARIA DE EDUCAÇÃO; R$ 0,00; R$ 0,00; R$ 0,00; R$ 0,00; R$ 63,22; R$ 150,27; R$ 0,00; 0.0
 13210101010404; Rec. de Remun. Dep. Banc/Vinculados-  FMAS - FEAS Assist. Básica; Receitas Correntes; Receita Patrimonial; Valores Mobiliários; Remuneração de Depósitos Bancários - Principal; Juros e Correções Monetárias; Remuneração de Depósitos Bancários; ; Juros e Correções Monetárias; Remuneração de Depósitos Bancários; Não se aplica; Rec. de Remun. Dep. Banc/Vinculados-  FMAS - FEAS Assist. Básica; Arrecadações; SECRETARIA DE DESENVOLVIMENTO SOCIAL E HABITAÇÃO; FUNDO MUNICIPAL DE ASSISTENCIA SOCIAL; SECRETARIA DE DESENVOLVIMENTO SOCIAL E HABITAÇÃO; R$ 0,00; R$ 0,00; R$ 0,00; R$ 0,00; R$ 56,40; R$ 214,96; R$ 0,00; 0.0
 13210101019904; Rec.de Remun. Dep. Banc. Vinculados - Conv. Transito Pref.; Receitas Correntes; Receita Patrimonial; Valores Mobiliários; Remuneração de Depósitos Bancários - Principal; Juros e Correções Monetárias; Remuneração de Depósitos Bancários; ; Juros e Correções Monetárias; Remuneração de Depósitos Bancários; Não se aplica; Rec.de Remun. Dep. Banc. Vinculados - Conv. Transito Pref.; Arrecadações; SECRETARIA DE OBRAS E SERVIÇOS URBANOS; GABINETE DO SECRETARIO DE OBRAS E SERVIÇOS URBANOS; SECRETARIA DE OBRAS E SERVIÇOS URBANOS; R$ 0,00; R$ 0,00; R$ 0,00; R$ 0,00; R$ 254,61; R$ 497,97; R$ 0,00; 0.0
 13210101010204; Rec. de Remun. Dep. Banc/Vinculados Rec. FNDE/B. Carinhoso; Receitas Correntes; Receita Patrimonial; Valores Mobiliários; Remuneração de Depósitos Bancários - Principal; Juros e Correções Monetárias; Remuneração de Depósitos Bancários; ; Juros e Correções Monetárias; Remuneração de Depósitos Bancários; Não se aplica; Rec. de Remun. Dep. Banc/Vinculados Rec. FNDE/B. Carinhoso; Arrecadações; SECRETARIA DE EDUCAÇÃO; GABINETE DO SECRETÁRIO  DE EDUC.; SECRETARIA DE EDUCAÇÃO; R$ 0,00; R$ 0,00; R$ 0,00; R$ 0,00; R$ 0,29; R$ 0,86; R$ 0,00; 0.0
 13210101019906; Rec.de Remun. Dep. Banc. Vinculados - Conv.transito Militar; Receitas Correntes; Receita Patrimonial; Valores Mobiliários; Remuneração de Depósitos Bancários - Principal; Juros e Correções Monetárias; Remuneração de Depósitos Bancários; ; Juros e Correções Monetárias; Remuneração de Depósitos Bancários; Não se aplica; Rec.de Remun. Dep. Banc. Vinculados - Conv.transito Militar; Arrecadações; SECRETARIA DE OBRAS E SERVIÇOS URBANOS; DIRETORIA DE OBRAS; SECRETARIA DE OBRAS E SERVIÇOS URBANOS; R$ 0,00; R$ 0,00; R$ 0,00; R$ 0,00; R$ 3.974,77; R$ 11.930,23; R$ 0,00; 0.0
 13210101010402; Rec. de Remun. Dep. Banc/Vinculados -  FMAS/FNAS - IGDBF; Receitas Correntes; Receita Patrimonial; Valores Mobiliários; Remuneração de Depósitos Bancários - Principal; Juros e Correções Monetárias; Remuneração de Depósitos Bancários; ; Juros e Correções Monetárias; Remuneração de Depósitos Bancários; Não se aplica; Rec. de Remun. Dep. Banc/Vinculados -  FMAS/FNAS - IGDBF; Arrecadações; SECRETARIA DE DESENVOLVIMENTO SOCIAL E HABITAÇÃO; FUNDO MUNICIPAL DE ASSISTENCIA SOCIAL; SECRETARIA DE DESENVOLVIMENTO SOCIAL E HABITAÇÃO; R$ 0,00; R$ 0,00; R$ 0,00; R$ 0,00; R$ 576,77; R$ 2.181,82; R$ 0,00; 0.0
 13210101010404; Rec. de Remun. Dep. Banc/Vinculados-  FMAS - FEAS Assist. Básica; Receitas Correntes; Receita Patrimonial; Valores Mobiliários; Remuneração de Depósitos Bancários - Principal; Juros e Correções Monetárias; Remuneração de Depósitos Bancários; ; Juros e Correções Monetárias; Remuneração de Depósitos Bancários; Não se aplica; Rec. de Remun. Dep. Banc/Vinculados-  FMAS - FEAS Assist. Básica; Arrecadações; SECRETARIA DE DESENVOLVIMENTO SOCIAL E HABITAÇÃO; FUNDO MUNICIPAL DE ASSISTENCIA SOCIAL; SECRETARIA DE DESENVOLVIMENTO SOCIAL E HABITAÇÃO; R$ 0,00; R$ 0,00; R$ 0,00; R$ 0,00; R$ 119,50; R$ 334,46; R$ 0,00; 0.0
 13210101019903; Rec.de Remun. Dep. Banc. Vinculados - Rec. Tx. corpo de bombeiros; Receitas Correntes; Receita Patrimonial; Valores Mobiliários; Remuneração de Depósitos Bancários - Principal; Juros e Correções Monetárias; Remuneração de Depósitos Bancários; ; Juros e Correções Monetárias; Remuneração de Depósitos Bancários; Não se aplica; Rec.de Remun. Dep. Banc. Vinculados - Rec. Tx. corpo de bombeiros; Arrecadações; SECRETARIA DE OBRAS E SERVIÇOS URBANOS; DIRETORIA DE OBRAS; SECRETARIA DE OBRAS E SERVIÇOS URBANOS; R$ 0,00; R$ 0,00; R$ 0,00; R$ 0,00; R$ 347,89; R$ 1.448,18; R$ 0,00; 0.0
 13210101010202; Rec. de Remun. Dep. Banc/Vinculados- Recursos do FNDE/PNATE; Receitas Correntes; Receita Patrimonial; Valores Mobiliários; Remuneração de Depósitos Bancários - Principal; Juros e Correções Monetárias; Remuneração de Depósitos Bancários; ; Juros e Correções Monetárias; Remuneração de Depósitos Bancários; Não se aplica; Rec. de Remun. Dep. Banc/Vinculados- Recursos do FNDE/PNATE; Arrecadações; SECRETARIA DE EDUCAÇÃO; GABINETE DO SECRETÁRIO  DE EDUC.; SECRETARIA DE EDUCAÇÃO; R$ 0,00; R$ 0,00; R$ 0,00; R$ 0,00; R$ 250,99; R$ 401,26; R$ 0,00; 0.0
 13210101010405; Rec. de Remun. Dep. Banc/Vinculados-  FMAS/FNAS- ACESSUAS; Receitas Correntes; Receita Patrimonial; Valores Mobiliários; Remuneração de Depósitos Bancários - Principal; Juros e Correções Monetárias; Remuneração de Depósitos Bancários; ; Juros e Correções Monetárias; Remuneração de Depósitos Bancários; Não se aplica; Rec. de Remun. Dep. Banc/Vinculados-  FMAS/FNAS- ACESSUAS; Arrecadações; SECRETARIA DE DESENVOLVIMENTO SOCIAL E HABITAÇÃO; FUNDO MUNICIPAL DE ASSISTENCIA SOCIAL; SECRETARIA DE DESENVOLVIMENTO SOCIAL E HABITAÇÃO; R$ 0,00; R$ 0,00; R$ 0,00; R$ 0,00; R$ 0,32; R$ 1,17; R$ 0,00; 0.0
 13210101019905; Rec.de Remun. Dep. Banc. Vinculados - Conv. Transito Civil; Receitas Correntes; Receita Patrimonial; Valores Mobiliários; Remuneração de Depósitos Bancários - Principal; Juros e Correções Monetárias; Remuneração de Depósitos Bancários; ; Juros e Correções Monetárias; Remuneração de Depósitos Bancários; Não se aplica; Rec.de Remun. Dep. Banc. Vinculados - Conv. Transito Civil; Arrecadações; SECRETARIA DE OBRAS E SERVIÇOS URBANOS; DIRETORIA DE OBRAS; SECRETARIA DE OBRAS E SERVIÇOS URBANOS; R$ 0,00; R$ 0,00; R$ 0,00; R$ 0,00; R$ 3.141,34; R$ 12.089,03; R$ 0,00; 0.0
 13210101019906; Rec.de Remun. Dep. Banc. Vinculados - Conv.transito Militar; Receitas Correntes; Receita Patrimonial; Valores Mobiliários; Remuneração de Depósitos Bancários - Principal; Juros e Correções Monetárias; Remuneração de Depósitos Bancários; ; Juros e Correções Monetárias; Remuneração de Depósitos Bancários; Não se aplica; Rec.de Remun. Dep. Banc. Vinculados - Conv.transito Militar; Arrecadações; SECRETARIA DE OBRAS E SERVIÇOS URBANOS; DIRETORIA DE OBRAS; SECRETARIA DE OBRAS E SERVIÇOS URBANOS; R$ 0,00; R$ 0,00; R$ 0,00; R$ 0,00; R$ 4.158,80; R$ 16.089,03; R$ 0,00; 0.0
 13210101019904; Rec.de Remun. Dep. Banc. Vinculados - Conv. Transito Pref.; Receitas Correntes; Receita Patrimonial; Valores Mobiliários; Remuneração de Depósitos Bancários - Principal; Juros e Correções Monetárias; Remuneração de Depósitos Bancários; ; Juros e Correções Monetárias; Remuneração de Depósitos Bancários; Não se aplica; Rec.de Remun. Dep. Banc. Vinculados - Conv. Transito Pref.; Arrecadações; SECRETARIA DE OBRAS E SERVIÇOS URBANOS; GABINETE DO SECRETARIO DE OBRAS E SERVIÇOS URBANOS; SECRETARIA DE OBRAS E SERVIÇOS URBANOS; R$ 0,00; R$ 0,00; R$ 0,00; R$ 0,00; R$ 307,60; R$ 805,57; R$ 0,00; 0.0
 13210101010204; Rec. de Remun. Dep. Banc/Vinculados Rec. FNDE/B. Carinhoso; Receitas Correntes; Receita Patrimonial; Valores Mobiliários; Remuneração de Depósitos Bancários - Principal; Juros e Correções Monetárias; Remuneração de Depósitos Bancários; ; Juros e Correções Monetárias; Remuneração de Depósitos Bancários; Não se aplica; Rec. de Remun. Dep. Banc/Vinculados Rec. FNDE/B. Carinhoso; Arrecadações; SECRETARIA DE EDUCAÇÃO; GABINETE DO SECRETÁRIO  DE EDUC.; SECRETARIA DE EDUCAÇÃO; R$ 0,00; R$ 0,00; R$ 0,00; R$ 0,00; R$ 0,31; R$ 1,17; R$ 0,00; 0.0
 13210101010405; Rec. de Remun. Dep. Banc/Vinculados-  FMAS/FNAS- ACESSUAS; Receitas Correntes; Receita Patrimonial; Valores Mobiliários; Remuneração de Depósitos Bancários - Principal; Juros e Correções Monetárias; Remuneração de Depósitos Bancários; ; Juros e Correções Monetárias; Remuneração de Depósitos Bancários; Não se aplica; Rec. de Remun. Dep. Banc/Vinculados-  FMAS/FNAS- ACESSUAS; Arrecadações; SECRETARIA DE DESENVOLVIMENTO SOCIAL E HABITAÇÃO; FUNDO MUNICIPAL DE ASSISTENCIA SOCIAL; SECRETARIA DE DESENVOLVIMENTO SOCIAL E HABITAÇÃO; R$ 0,00; R$ 0,00; R$ 0,00; R$ 0,00; R$ 0,34; R$ 1,51; R$ 0,00; 0.0
 13210101019905; Rec.de Remun. Dep. Banc. Vinculados - Conv. Transito Civil; Receitas Correntes; Receita Patrimonial; Valores Mobiliários; Remuneração de Depósitos Bancários - Principal; Juros e Correções Monetárias; Remuneração de Depósitos Bancários; ; Juros e Correções Monetárias; Remuneração de Depósitos Bancários; Não se aplica; Rec.de Remun. Dep. Banc. Vinculados - Conv. Transito Civil; Arrecadações; SECRETARIA DE OBRAS E SERVIÇOS URBANOS; DIRETORIA DE OBRAS; SECRETARIA DE OBRAS E SERVIÇOS URBANOS; R$ 0,00; R$ 0,00; R$ 0,00; R$ 0,00; R$ 3.479,42; R$ 15.568,45; R$ 0,00; 0.0
 13210101010404; Rec. de Remun. Dep. Banc/Vinculados-  FMAS - FEAS Assist. Básica; Receitas Correntes; Receita Patrimonial; Valores Mobiliários; Remuneração de Depósitos Bancários - Principal; Juros e Correções Monetárias; Remuneração de Depósitos Bancários; ; Juros e Correções Monetárias; Remuneração de Depósitos Bancários; Não se aplica; Rec. de Remun. Dep. Banc/Vinculados-  FMAS - FEAS Assist. Básica; Arrecadações; SECRETARIA DE DESENVOLVIMENTO SOCIAL E HABITAÇÃO; FUNDO MUNICIPAL DE ASSISTENCIA SOCIAL; SECRETARIA DE DESENVOLVIMENTO SOCIAL E HABITAÇÃO; R$ 0,00; R$ 0,00; R$ 0,00; R$ 0,00; R$ 79,41; R$ 413,87; R$ 0,00; 0.0
 13210101010204; Rec. de Remun. Dep. Banc/Vinculados Rec. FNDE/B. Carinhoso; Receitas Correntes; Receita Patrimonial; Valores Mobiliários; Remuneração de Depósitos Bancários - Principal; Juros e Correções Monetárias; Remuneração de Depósitos Bancários; ; Juros e Correções Monetárias; Remuneração de Depósitos Bancários; Não se aplica; Rec. de Remun. Dep. Banc/Vinculados Rec. FNDE/B. Carinhoso; Arrecadações; SECRETARIA DE EDUCAÇÃO; GABINETE DO SECRETÁRIO  DE EDUC.; SECRETARIA DE EDUCAÇÃO; R$ 0,00; R$ 0,00; R$ 0,00; R$ 0,00; R$ 0,35; R$ 1,52; R$ 0,00; 0.0
 13210101019904; Rec.de Remun. Dep. Banc. Vinculados - Conv. Transito Pref.; Receitas Correntes; Receita Patrimonial; Valores Mobiliários; Remuneração de Depósitos Bancários - Principal; Juros e Correções Monetárias; Remuneração de Depósitos Bancários; ; Juros e Correções Monetárias; Remuneração de Depósitos Bancários; Não se aplica; Rec.de Remun. Dep. Banc. Vinculados - Conv. Transito Pref.; Arrecadações; SECRETARIA DE OBRAS E SERVIÇOS URBANOS; GABINETE DO SECRETARIO DE OBRAS E SERVIÇOS URBANOS; SECRETARIA DE OBRAS E SERVIÇOS URBANOS; R$ 0,00; R$ 0,00; R$ 0,00; R$ 0,00; R$ 510,40; R$ 1.315,97; R$ 0,00; 0.0
 13210101010402; Rec. de Remun. Dep. Banc/Vinculados -  FMAS/FNAS - IGDBF; Receitas Correntes; Receita Patrimonial; Valores Mobiliários; Remuneração de Depósitos Bancários - Principal; Juros e Correções Monetárias; Remuneração de Depósitos Bancários; ; Juros e Correções Monetárias; Remuneração de Depósitos Bancários; Não se aplica; Rec. de Remun. Dep. Banc/Vinculados -  FMAS/FNAS - IGDBF; Arrecadações; SECRETARIA DE DESENVOLVIMENTO SOCIAL E HABITAÇÃO; FUNDO MUNICIPAL DE ASSISTENCIA SOCIAL; SECRETARIA DE DESENVOLVIMENTO SOCIAL E HABITAÇÃO; R$ 0,00; R$ 0,00; R$ 0,00; R$ 0,00; R$ 591,40; R$ 2.773,22; R$ 0,00; 0.0
 13210101019906; Rec.de Remun. Dep. Banc. Vinculados - Conv.transito Militar; Receitas Correntes; Receita Patrimonial; Valores Mobiliários; Remuneração de Depósitos Bancários - Principal; Juros e Correções Monetárias; Remuneração de Depósitos Bancários; ; Juros e Correções Monetárias; Remuneração de Depósitos Bancários; Não se aplica; Rec.de Remun. Dep. Banc. Vinculados - Conv.transito Militar; Arrecadações; SECRETARIA DE OBRAS E SERVIÇOS URBANOS; DIRETORIA DE OBRAS; SECRETARIA DE OBRAS E SERVIÇOS URBANOS; R$ 0,00; R$ 0,00; R$ 0,00; R$ 0,00; R$ 2.408,25; R$ 18.497,28; R$ 0,00; 0.0
 13210101019903; Rec.de Remun. Dep. Banc. Vinculados - Rec. Tx. corpo de bombeiros; Receitas Correntes; Receita Patrimonial; Valores Mobiliários; Remuneração de Depósitos Bancários - Principal; Juros e Correções Monetárias; Remuneração de Depósitos Bancários; ; Juros e Correções Monetárias; Remuneração de Depósitos Bancários; Não se aplica; Rec.de Remun. Dep. Banc. Vinculados - Rec. Tx. corpo de bombeiros; Arrecadações; SECRETARIA DE OBRAS E SERVIÇOS URBANOS; DIRETORIA DE OBRAS; SECRETARIA DE OBRAS E SERVIÇOS URBANOS; R$ 0,00; R$ 0,00; R$ 0,00; R$ 0,00; R$ 336,79; R$ 1.784,97; R$ 0,00; 0.0
 13210101010202; Rec. de Remun. Dep. Banc/Vinculados- Recursos do FNDE/PNATE; Receitas Correntes; Receita Patrimonial; Valores Mobiliários; Remuneração de Depósitos Bancários - Principal; Juros e Correções Monetárias; Remuneração de Depósitos Bancários; ; Juros e Correções Monetárias; Remuneração de Depósitos Bancários; Não se aplica; Rec. de Remun. Dep. Banc/Vinculados- Recursos do FNDE/PNATE; Arrecadações; SECRETARIA DE EDUCAÇÃO; GABINETE DO SECRETÁRIO  DE EDUC.; SECRETARIA DE EDUCAÇÃO; R$ 0,00; R$ 0,00; R$ 0,00; R$ 0,00; R$ 274,91; R$ 676,17; R$ 0,00; 0.0
 13210101010402; Rec. de Remun. Dep. Banc/Vinculados -  FMAS/FNAS - IGDBF; Receitas Correntes; Receita Patrimonial; Valores Mobiliários; Remuneração de Depósitos Bancários - Principal; Juros e Correções Monetárias; Remuneração de Depósitos Bancários; ; Juros e Correções Monetárias; Remuneração de Depósitos Bancários; Não se aplica; Rec. de Remun. Dep. Banc/Vinculados -  FMAS/FNAS - IGDBF; Arrecadações; SECRETARIA DE DESENVOLVIMENTO SOCIAL E HABITAÇÃO; FUNDO MUNICIPAL DE ASSISTENCIA SOCIAL; SECRETARIA DE DESENVOLVIMENTO SOCIAL E HABITAÇÃO; R$ 0,00; R$ 0,00; R$ 0,00; R$ 0,00; R$ 607,03; R$ 3.380,25; R$ 0,00; 0.0
 13210101010404; Rec. de Remun. Dep. Banc/Vinculados-  FMAS - FEAS Assist. Básica; Receitas Correntes; Receita Patrimonial; Valores Mobiliários; Remuneração de Depósitos Bancários - Principal; Juros e Correções Monetárias; Remuneração de Depósitos Bancários; ; Juros e Correções Monetárias; Remuneração de Depósitos Bancários; Não se aplica; Rec. de Remun. Dep. Banc/Vinculados-  FMAS - FEAS Assist. Básica; Arrecadações; SECRETARIA DE DESENVOLVIMENTO SOCIAL E HABITAÇÃO; FUNDO MUNICIPAL DE ASSISTENCIA SOCIAL; SECRETARIA DE DESENVOLVIMENTO SOCIAL E HABITAÇÃO; R$ 0,00; R$ 0,00; R$ 0,00; R$ 0,00; R$ 49,35; R$ 463,22; R$ 0,00; 0.0
 13210101019904; Rec.de Remun. Dep. Banc. Vinculados - Conv. Transito Pref.; Receitas Correntes; Receita Patrimonial; Valores Mobiliários; Remuneração de Depósitos Bancários - Principal; Juros e Correções Monetárias; Remuneração de Depósitos Bancários; ; Juros e Correções Monetárias; Remuneração de Depósitos Bancários; Não se aplica; Rec.de Remun. Dep. Banc. Vinculados - Conv. Transito Pref.; Arrecadações; SECRETARIA DE OBRAS E SERVIÇOS URBANOS; GABINETE DO SECRETARIO DE OBRAS E SERVIÇOS URBANOS; SECRETARIA DE OBRAS E SERVIÇOS URBANOS; R$ 0,00; R$ 0,00; R$ 0,00; R$ 0,00; R$ 811,91; R$ 2.127,88; R$ 0,00; 0.0
 13210101010405; Rec. de Remun. Dep. Banc/Vinculados-  FMAS/FNAS- ACESSUAS; Receitas Correntes; Receita Patrimonial; Valores Mobiliários; Remuneração de Depósitos Bancários - Principal; Juros e Correções Monetárias; Remuneração de Depósitos Bancários; ; Juros e Correções Monetárias; Remuneração de Depósitos Bancários; Não se aplica; Rec. de Remun. Dep. Banc/Vinculados-  FMAS/FNAS- ACESSUAS; Arrecadações; SECRETARIA DE DESENVOLVIMENTO SOCIAL E HABITAÇÃO; FUNDO MUNICIPAL DE ASSISTENCIA SOCIAL; SECRETARIA DE DESENVOLVIMENTO SOCIAL E HABITAÇÃO; R$ 0,00; R$ 0,00; R$ 0,00; R$ 0,00; R$ 0,34; R$ 1,85; R$ 0,00; 0.0
 13210101019903; Rec.de Remun. Dep. Banc. Vinculados - Rec. Tx. corpo de bombeiros; Receitas Correntes; Receita Patrimonial; Valores Mobiliários; Remuneração de Depósitos Bancários - Principal; Juros e Correções Monetárias; Remuneração de Depósitos Bancários; ; Juros e Correções Monetárias; Remuneração de Depósitos Bancários; Não se aplica; Rec.de Remun. Dep. Banc. Vinculados - Rec. Tx. corpo de bombeiros; Arrecadações; SECRETARIA DE OBRAS E SERVIÇOS URBANOS; DIRETORIA DE OBRAS; SECRETARIA DE OBRAS E SERVIÇOS URBANOS; R$ 0,00; R$ 0,00; R$ 0,00; R$ 0,00; R$ 333,90; R$ 2.118,87; R$ 0,00; 0.0
 13210101010204; Rec. de Remun. Dep. Banc/Vinculados Rec. FNDE/B. Carinhoso; Receitas Correntes; Receita Patrimonial; Valores Mobiliários; Remuneração de Depósitos Bancários - Principal; Juros e Correções Monetárias; Remuneração de Depósitos Bancários; ; Juros e Correções Monetárias; Remuneração de Depósitos Bancários; Não se aplica; Rec. de Remun. Dep. Banc/Vinculados Rec. FNDE/B. Carinhoso; Arrecadações; SECRETARIA DE EDUCAÇÃO; GABINETE DO SECRETÁRIO  DE EDUC.; SECRETARIA DE EDUCAÇÃO; R$ 0,00; R$ 0,00; R$ 0,00; R$ 0,00; R$ 0,34; R$ 1,86; R$ 0,00; 0.0
 13210101019906; Rec.de Remun. Dep. Banc. Vinculados - Conv.transito Militar; Receitas Correntes; Receita Patrimonial; Valores Mobiliários; Remuneração de Depósitos Bancários - Principal; Juros e Correções Monetárias; Remuneração de Depósitos Bancários; ; Juros e Correções Monetárias; Remuneração de Depósitos Bancários; Não se aplica; Rec.de Remun. Dep. Banc. Vinculados - Conv.transito Militar; Arrecadações; SECRETARIA DE OBRAS E SERVIÇOS URBANOS; DIRETORIA DE OBRAS; SECRETARIA DE OBRAS E SERVIÇOS URBANOS; R$ 0,00; R$ 0,00; R$ 0,00; R$ 0,00; R$ 2.486,09; R$ 20.983,37; R$ 0,00; 0.0
 13210101019905; Rec.de Remun. Dep. Banc. Vinculados - Conv. Transito Civil; Receitas Correntes; Receita Patrimonial; Valores Mobiliários; Remuneração de Depósitos Bancários - Principal; Juros e Correções Monetárias; Remuneração de Depósitos Bancários; ; Juros e Correções Monetárias; Remuneração de Depósitos Bancários; Não se aplica; Rec.de Remun. Dep. Banc. Vinculados - Conv. Transito Civil; Arrecadações; SECRETARIA DE OBRAS E SERVIÇOS URBANOS; DIRETORIA DE OBRAS; SECRETARIA DE OBRAS E SERVIÇOS URBANOS; R$ 0,00; R$ 0,00; R$ 0,00; R$ 0,00; R$ 3.323,64; R$ 18.892,09; R$ 0,00; 0.0
 13210101010202; Rec. de Remun. Dep. Banc/Vinculados- Recursos do FNDE/PNATE; Receitas Correntes; Receita Patrimonial; Valores Mobiliários; Remuneração de Depósitos Bancários - Principal; Juros e Correções Monetárias; Remuneração de Depósitos Bancários; ; Juros e Correções Monetárias; Remuneração de Depósitos Bancários; Não se aplica; Rec. de Remun. Dep. Banc/Vinculados- Recursos do FNDE/PNATE; Arrecadações; SECRETARIA DE EDUCAÇÃO; GABINETE DO SECRETÁRIO  DE EDUC.; SECRETARIA DE EDUCAÇÃO; R$ 0,00; R$ 0,00; R$ 0,00; R$ 0,00; R$ 268,53; R$ 944,70; R$ 0,00; 0.0
 13210101010405; Rec. de Remun. Dep. Banc/Vinculados-  FMAS/FNAS- ACESSUAS; Receitas Correntes; Receita Patrimonial; Valores Mobiliários; Remuneração de Depósitos Bancários - Principal; Juros e Correções Monetárias; Remuneração de Depósitos Bancários; ; Juros e Correções Monetárias; Remuneração de Depósitos Bancários; Não se aplica; Rec. de Remun. Dep. Banc/Vinculados-  FMAS/FNAS- ACESSUAS; Arrecadações; SECRETARIA DE DESENVOLVIMENTO SOCIAL E HABITAÇÃO; FUNDO MUNICIPAL DE ASSISTENCIA SOCIAL; SECRETARIA DE DESENVOLVIMENTO SOCIAL E HABITAÇÃO; R$ 0,00; R$ 0,00; R$ 0,00; R$ 0,00; R$ 0,40; R$ 2,25; R$ 0,00; 0.0
 13210101019903; Rec.de Remun. Dep. Banc. Vinculados - Rec. Tx. corpo de bombeiros; Receitas Correntes; Receita Patrimonial; Valores Mobiliários; Remuneração de Depósitos Bancários - Principal; Juros e Correções Monetárias; Remuneração de Depósitos Bancários; ; Juros e Correções Monetárias; Remuneração de Depósitos Bancários; Não se aplica; Rec.de Remun. Dep. Banc. Vinculados - Rec. Tx. corpo de bombeiros; Arrecadações; SECRETARIA DE OBRAS E SERVIÇOS URBANOS; DIRETORIA DE OBRAS; SECRETARIA DE OBRAS E SERVIÇOS URBANOS; R$ 0,00; R$ 0,00; R$ 0,00; R$ 0,00; R$ 394,97; R$ 2.513,84; R$ 0,00; 0.0
 13210101010404; Rec. de Remun. Dep. Banc/Vinculados-  FMAS - FEAS Assist. Básica; Receitas Correntes; Receita Patrimonial; Valores Mobiliários; Remuneração de Depósitos Bancários - Principal; Juros e Correções Monetárias; Remuneração de Depósitos Bancários; ; Juros e Correções Monetárias; Remuneração de Depósitos Bancários; Não se aplica; Rec. de Remun. Dep. Banc/Vinculados-  FMAS - FEAS Assist. Básica; Arrecadações; SECRETARIA DE DESENVOLVIMENTO SOCIAL E HABITAÇÃO; FUNDO MUNICIPAL DE ASSISTENCIA SOCIAL; SECRETARIA DE DESENVOLVIMENTO SOCIAL E HABITAÇÃO; R$ 0,00; R$ 0,00; R$ 0,00; R$ 0,00; R$ 89,94; R$ 1.413,74; R$ 0,00; 0.0
 13210101019904; Rec.de Remun. Dep. Banc. Vinculados - Conv. Transito Pref.; Receitas Correntes; Receita Patrimonial; Valores Mobiliários; Remuneração de Depósitos Bancários - Principal; Juros e Correções Monetárias; Remuneração de Depósitos Bancários; ; Juros e Correções Monetárias; Remuneração de Depósitos Bancários; Não se aplica; Rec.de Remun. Dep. Banc. Vinculados - Conv. Transito Pref.; Arrecadações; SECRETARIA DE OBRAS E SERVIÇOS URBANOS; GABINETE DO SECRETARIO DE OBRAS E SERVIÇOS URBANOS; SECRETARIA DE OBRAS E SERVIÇOS URBANOS; R$ 0,00; R$ 0,00; R$ 0,00; R$ 0,00; R$ 60,15; R$ 3.930,23; R$ 0,00; 0.0
 13210101019905; Rec.de Remun. Dep. Banc. Vinculados - Conv. Transito Civil; Receitas Correntes; Receita Patrimonial; Valores Mobiliários; Remuneração de Depósitos Bancários - Principal; Juros e Correções Monetárias; Remuneração de Depósitos Bancários; ; Juros e Correções Monetárias; Remuneração de Depósitos Bancários; Não se aplica; Rec.de Remun. Dep. Banc. Vinculados - Conv. Transito Civil; Arrecadações; SECRETARIA DE OBRAS E SERVIÇOS URBANOS; DIRETORIA DE OBRAS; SECRETARIA DE OBRAS E SERVIÇOS URBANOS; R$ 0,00; R$ 0,00; R$ 0,00; R$ 0,00; R$ 2.617,81; R$ 36.351,42; R$ 0,00; 0.0
 13210101010402; Rec. de Remun. Dep. Banc/Vinculados -  FMAS/FNAS - IGDBF; Receitas Correntes; Receita Patrimonial; Valores Mobiliários; Remuneração de Depósitos Bancários - Principal; Juros e Correções Monetárias; Remuneração de Depósitos Bancários; ; Juros e Correções Monetárias; Remuneração de Depósitos Bancários; Não se aplica; Rec. de Remun. Dep. Banc/Vinculados -  FMAS/FNAS - IGDBF; Arrecadações; SECRETARIA DE DESENVOLVIMENTO SOCIAL E HABITAÇÃO; FUNDO MUNICIPAL DE ASSISTENCIA SOCIAL; SECRETARIA DE DESENVOLVIMENTO SOCIAL E HABITAÇÃO; R$ 0,00; R$ 0,00; R$ 0,00; R$ 0,00; R$ 90,76; R$ 4.114,73; R$ 0,00; 0.0
 13210101019903; Rec.de Remun. Dep. Banc. Vinculados - Rec. Tx. corpo de bombeiros; Receitas Correntes; Receita Patrimonial; Valores Mobiliários; Remuneração de Depósitos Bancários - Principal; Juros e Correções Monetárias; Remuneração de Depósitos Bancários; ; Juros e Correções Monetárias; Remuneração de Depósitos Bancários; Não se aplica; Rec.de Remun. Dep. Banc. Vinculados - Rec. Tx. corpo de bombeiros; Arrecadações; SECRETARIA DE OBRAS E SERVIÇOS URBANOS; DIRETORIA DE OBRAS; SECRETARIA DE OBRAS E SERVIÇOS URBANOS; R$ 0,00; R$ 0,00; R$ 0,00; R$ 0,00; R$ 311,31; R$ 3.563,93; R$ 0,00; 0.0
 13210101010204; Rec. de Remun. Dep. Banc/Vinculados Rec. FNDE/B. Carinhoso; Receitas Correntes; Receita Patrimonial; Valores Mobiliários; Remuneração de Depósitos Bancários - Principal; Juros e Correções Monetárias; Remuneração de Depósitos Bancários; ; Juros e Correções Monetárias; Remuneração de Depósitos Bancários; Não se aplica; Rec. de Remun. Dep. Banc/Vinculados Rec. FNDE/B. Carinhoso; Arrecadações; SECRETARIA DE EDUCAÇÃO; GABINETE DO SECRETÁRIO  DE EDUC.; SECRETARIA DE EDUCAÇÃO; R$ 0,00; R$ 0,00; R$ 0,00; R$ 0,00; R$ 0,34; R$ 3,77; R$ 0,00; 0.0
 13210101010405; Rec. de Remun. Dep. Banc/Vinculados-  FMAS/FNAS- ACESSUAS; Receitas Correntes; Receita Patrimonial; Valores Mobiliários; Remuneração de Depósitos Bancários - Principal; Juros e Correções Monetárias; Remuneração de Depósitos Bancários; ; Juros e Correções Monetárias; Remuneração de Depósitos Bancários; Não se aplica; Rec. de Remun. Dep. Banc/Vinculados-  FMAS/FNAS- ACESSUAS; Arrecadações; SECRETARIA DE DESENVOLVIMENTO SOCIAL E HABITAÇÃO; FUNDO MUNICIPAL DE ASSISTENCIA SOCIAL; SECRETARIA DE DESENVOLVIMENTO SOCIAL E HABITAÇÃO; R$ 0,00; R$ 0,00; R$ 0,00; R$ 0,00; R$ 0,34; R$ 3,74; R$ 0,00; 0.0
 13210101019906; Rec.de Remun. Dep. Banc. Vinculados - Conv.transito Militar; Receitas Correntes; Receita Patrimonial; Valores Mobiliários; Remuneração de Depósitos Bancários - Principal; Juros e Correções Monetárias; Remuneração de Depósitos Bancários; ; Juros e Correções Monetárias; Remuneração de Depósitos Bancários; Não se aplica; Rec.de Remun. Dep. Banc. Vinculados - Conv.transito Militar; Arrecadações; SECRETARIA DE OBRAS E SERVIÇOS URBANOS; DIRETORIA DE OBRAS; SECRETARIA DE OBRAS E SERVIÇOS URBANOS; R$ 0,00; R$ 0,00; R$ 0,00; R$ 0,00; R$ 2.788,96; R$ 36.210,91; R$ 0,00; 0.0
 13210101010202; Rec. de Remun. Dep. Banc/Vinculados- Recursos do FNDE/PNATE; Receitas Correntes; Receita Patrimonial; Valores Mobiliários; Remuneração de Depósitos Bancários - Principal; Juros e Correções Monetárias; Remuneração de Depósitos Bancários; ; Juros e Correções Monetárias; Remuneração de Depósitos Bancários; Não se aplica; Rec. de Remun. Dep. Banc/Vinculados- Recursos do FNDE/PNATE; Arrecadações; SECRETARIA DE EDUCAÇÃO; GABINETE DO SECRETÁRIO  DE EDUC.; SECRETARIA DE EDUCAÇÃO; R$ 0,00; R$ 0,00; R$ 0,00; R$ 0,00; R$ 102,38; R$ 2.306,27; R$ 0,00; 0.0
 13210101019904; Rec.de Remun. Dep. Banc. Vinculados - Conv. Transito Pref.; Receitas Correntes; Receita Patrimonial; Valores Mobiliários; Remuneração de Depósitos Bancários - Principal; Juros e Correções Monetárias; Remuneração de Depósitos Bancários; ; Juros e Correções Monetárias; Remuneração de Depósitos Bancários; Não se aplica; Rec.de Remun. Dep. Banc. Vinculados - Conv. Transito Pref.; Arrecadações; SECRETARIA DE OBRAS E SERVIÇOS URBANOS; GABINETE DO SECRETARIO DE OBRAS E SERVIÇOS URBANOS; SECRETARIA DE OBRAS E SERVIÇOS URBANOS; R$ 0,00; R$ 0,00; R$ 0,00; R$ 0,00; R$ 245,57; R$ 4.175,80; R$ 0,00; 0.0
 13210101019906; Rec.de Remun. Dep. Banc. Vinculados - Conv.transito Militar; Receitas Correntes; Receita Patrimonial; Valores Mobiliários; Remuneração de Depósitos Bancários - Principal; Juros e Correções Monetárias; Remuneração de Depósitos Bancários; ; Juros e Correções Monetárias; Remuneração de Depósitos Bancários; Não se aplica; Rec.de Remun. Dep. Banc. Vinculados - Conv.transito Militar; Arrecadações; SECRETARIA DE OBRAS E SERVIÇOS URBANOS; DIRETORIA DE OBRAS; SECRETARIA DE OBRAS E SERVIÇOS URBANOS; R$ 0,00; R$ 0,00; R$ 0,00; R$ 0,00; R$ 3.513,86; R$ 39.724,77; R$ 0,00; 0.0
 13210101010404; Rec. de Remun. Dep. Banc/Vinculados-  FMAS - FEAS Assist. Básica; Receitas Correntes; Receita Patrimonial; Valores Mobiliários; Remuneração de Depósitos Bancários - Principal; Juros e Correções Monetárias; Remuneração de Depósitos Bancários; ; Juros e Correções Monetárias; Remuneração de Depósitos Bancários; Não se aplica; Rec. de Remun. Dep. Banc/Vinculados-  FMAS - FEAS Assist. Básica; Arrecadações; SECRETARIA DE DESENVOLVIMENTO SOCIAL E HABITAÇÃO; FUNDO MUNICIPAL DE ASSISTENCIA SOCIAL; SECRETARIA DE DESENVOLVIMENTO SOCIAL E HABITAÇÃO; R$ 0,00; R$ 0,00; R$ 0,00; R$ 0,00; R$ 104,76; R$ 1.518,50; R$ 0,00; 0.0
 13210101019903; Rec.de Remun. Dep. Banc. Vinculados - Rec. Tx. corpo de bombeiros; Receitas Correntes; Receita Patrimonial; Valores Mobiliários; Remuneração de Depósitos Bancários - Principal; Juros e Correções Monetárias; Remuneração de Depósitos Bancários; ; Juros e Correções Monetárias; Remuneração de Depósitos Bancários; Não se aplica; Rec.de Remun. Dep. Banc. Vinculados - Rec. Tx. corpo de bombeiros; Arrecadações; SECRETARIA DE OBRAS E SERVIÇOS URBANOS; DIRETORIA DE OBRAS; SECRETARIA DE OBRAS E SERVIÇOS URBANOS; R$ 0,00; R$ 0,00; R$ 0,00; R$ 0,00; R$ 454,27; R$ 4.018,20; R$ 0,00; 0.0
 13210101019905; Rec.de Remun. Dep. Banc. Vinculados - Conv. Transito Civil; Receitas Correntes; Receita Patrimonial; Valores Mobiliários; Remuneração de Depósitos Bancários - Principal; Juros e Correções Monetárias; Remuneração de Depósitos Bancários; ; Juros e Correções Monetárias; Remuneração de Depósitos Bancários; Não se aplica; Rec.de Remun. Dep. Banc. Vinculados - Conv. Transito Civil; Arrecadações; SECRETARIA DE OBRAS E SERVIÇOS URBANOS; DIRETORIA DE OBRAS; SECRETARIA DE OBRAS E SERVIÇOS URBANOS; R$ 0,00; R$ 0,00; R$ 0,00; R$ 0,00; R$ 2.318,04; R$ 38.669,46; R$ 0,00; 0.0
 13210101010202; Rec. de Remun. Dep. Banc/Vinculados- Recursos do FNDE/PNATE; Receitas Correntes; Receita Patrimonial; Valores Mobiliários; Remuneração de Depósitos Bancários - Principal; Juros e Correções Monetárias; Remuneração de Depósitos Bancários; ; Juros e Correções Monetárias; Remuneração de Depósitos Bancários; Não se aplica; Rec. de Remun. Dep. Banc/Vinculados- Recursos do FNDE/PNATE; Arrecadações; SECRETARIA DE EDUCAÇÃO; GABINETE DO SECRETÁRIO  DE EDUC.; SECRETARIA DE EDUCAÇÃO; R$ 0,00; R$ 0,00; R$ 0,00; R$ 0,00; R$ 119,26; R$ 2.425,53; R$ 0,00; 0.0
 13210101010405; Rec. de Remun. Dep. Banc/Vinculados-  FMAS/FNAS- ACESSUAS; Receitas Correntes; Receita Patrimonial; Valores Mobiliários; Remuneração de Depósitos Bancários - Principal; Juros e Correções Monetárias; Remuneração de Depósitos Bancários; ; Juros e Correções Monetárias; Remuneração de Depósitos Bancários; Não se aplica; Rec. de Remun. Dep. Banc/Vinculados-  FMAS/FNAS- ACESSUAS; Arrecadações; SECRETARIA DE DESENVOLVIMENTO SOCIAL E HABITAÇÃO; FUNDO MUNICIPAL DE ASSISTENCIA SOCIAL; SECRETARIA DE DESENVOLVIMENTO SOCIAL E HABITAÇÃO; R$ 0,00; R$ 0,00; R$ 0,00; R$ 0,00; R$ 0,40; R$ 4,14; R$ 0,00; 0.0
 13210101010204; Rec. de Remun. Dep. Banc/Vinculados Rec. FNDE/B. Carinhoso; Receitas Correntes; Receita Patrimonial; Valores Mobiliários; Remuneração de Depósitos Bancários - Principal; Juros e Correções Monetárias; Remuneração de Depósitos Bancários; ; Juros e Correções Monetárias; Remuneração de Depósitos Bancários; Não se aplica; Rec. de Remun. Dep. Banc/Vinculados Rec. FNDE/B. Carinhoso; Arrecadações; SECRETARIA DE EDUCAÇÃO; GABINETE DO SECRETÁRIO  DE EDUC.; SECRETARIA DE EDUCAÇÃO; R$ 0,00; R$ 0,00; R$ 0,00; R$ 0,00; R$ 0,40; R$ 4,17; R$ 0,00; 0.0
 13210101010402; Rec. de Remun. Dep. Banc/Vinculados -  FMAS/FNAS - IGDBF; Receitas Correntes; Receita Patrimonial; Valores Mobiliários; Remuneração de Depósitos Bancários - Principal; Juros e Correções Monetárias; Remuneração de Depósitos Bancários; ; Juros e Correções Monetárias; Remuneração de Depósitos Bancários; Não se aplica; Rec. de Remun. Dep. Banc/Vinculados -  FMAS/FNAS - IGDBF; Arrecadações; SECRETARIA DE DESENVOLVIMENTO SOCIAL E HABITAÇÃO; FUNDO MUNICIPAL DE ASSISTENCIA SOCIAL; SECRETARIA DE DESENVOLVIMENTO SOCIAL E HABITAÇÃO; R$ 0,00; R$ 0,00; R$ 0,00; R$ 0,00; R$ 146,70; R$ 4.261,43; R$ 0,00; 0.0
 13210101010404; Rec. de Remun. Dep. Banc/Vinculados-  FMAS - FEAS Assist. Básica; Receitas Correntes; Receita Patrimonial; Valores Mobiliários; Remuneração de Depósitos Bancários - Principal; Juros e Correções Monetárias; Remuneração de Depósitos Bancários; ; Juros e Correções Monetárias; Remuneração de Depósitos Bancários; Não se aplica; Rec. de Remun. Dep. Banc/Vinculados-  FMAS - FEAS Assist. Básica; Arrecadações; SECRETARIA DE DESENVOLVIMENTO SOCIAL E HABITAÇÃO; FUNDO MUNICIPAL DE ASSISTENCIA SOCIAL; SECRETARIA DE DESENVOLVIMENTO SOCIAL E HABITAÇÃO; R$ 0,00; R$ 0,00; R$ 0,00; R$ 0,00; R$ 177,05; R$ 640,27; R$ 0,00; 0.0
 13210101010402; Rec. de Remun. Dep. Banc/Vinculados -  FMAS/FNAS - IGDBF; Receitas Correntes; Receita Patrimonial; Valores Mobiliários; Remuneração de Depósitos Bancários - Principal; Juros e Correções Monetárias; Remuneração de Depósitos Bancários; ; Juros e Correções Monetárias; Remuneração de Depósitos Bancários; Não se aplica; Rec. de Remun. Dep. Banc/Vinculados -  FMAS/FNAS - IGDBF; Arrecadações; SECRETARIA DE DESENVOLVIMENTO SOCIAL E HABITAÇÃO; FUNDO MUNICIPAL DE ASSISTENCIA SOCIAL; SECRETARIA DE DESENVOLVIMENTO SOCIAL E HABITAÇÃO; R$ 0,00; R$ 0,00; R$ 0,00; R$ 0,00; R$ 411,93; R$ 3.792,18; R$ 0,00; 0.0
 13210101010202; Rec. de Remun. Dep. Banc/Vinculados- Recursos do FNDE/PNATE; Receitas Correntes; Receita Patrimonial; Valores Mobiliários; Remuneração de Depósitos Bancários - Principal; Juros e Correções Monetárias; Remuneração de Depósitos Bancários; ; Juros e Correções Monetárias; Remuneração de Depósitos Bancários; Não se aplica; Rec. de Remun. Dep. Banc/Vinculados- Recursos do FNDE/PNATE; Arrecadações; SECRETARIA DE EDUCAÇÃO; GABINETE DO SECRETÁRIO  DE EDUC.; SECRETARIA DE EDUCAÇÃO; R$ 0,00; R$ 0,00; R$ 0,00; R$ 0,00; R$ 316,37; R$ 1.261,07; R$ 0,00; 0.0
 13210101019906; Rec.de Remun. Dep. Banc. Vinculados - Conv.transito Militar; Receitas Correntes; Receita Patrimonial; Valores Mobiliários; Remuneração de Depósitos Bancários - Principal; Juros e Correções Monetárias; Remuneração de Depósitos Bancários; ; Juros e Correções Monetárias; Remuneração de Depósitos Bancários; Não se aplica; Rec.de Remun. Dep. Banc. Vinculados - Conv.transito Militar; Arrecadações; SECRETARIA DE OBRAS E SERVIÇOS URBANOS; DIRETORIA DE OBRAS; SECRETARIA DE OBRAS E SERVIÇOS URBANOS; R$ 0,00; R$ 0,00; R$ 0,00; R$ 0,00; R$ 2.993,82; R$ 23.977,19; R$ 0,00; 0.0
 13210101010204; Rec. de Remun. Dep. Banc/Vinculados Rec. FNDE/B. Carinhoso; Receitas Correntes; Receita Patrimonial; Valores Mobiliários; Remuneração de Depósitos Bancários - Principal; Juros e Correções Monetárias; Remuneração de Depósitos Bancários; ; Juros e Correções Monetárias; Remuneração de Depósitos Bancários; Não se aplica; Rec. de Remun. Dep. Banc/Vinculados Rec. FNDE/B. Carinhoso; Arrecadações; SECRETARIA DE EDUCAÇÃO; GABINETE DO SECRETÁRIO  DE EDUC.; SECRETARIA DE EDUCAÇÃO; R$ 0,00; R$ 0,00; R$ 0,00; R$ 0,00; R$ 0,40; R$ 2,26; R$ 0,00; 0.0
 13210101019904; Rec.de Remun. Dep. Banc. Vinculados - Conv. Transito Pref.; Receitas Correntes; Receita Patrimonial; Valores Mobiliários; Remuneração de Depósitos Bancários - Principal; Juros e Correções Monetárias; Remuneração de Depósitos Bancários; ; Juros e Correções Monetárias; Remuneração de Depósitos Bancários; Não se aplica; Rec.de Remun. Dep. Banc. Vinculados - Conv. Transito Pref.; Arrecadações; SECRETARIA DE OBRAS E SERVIÇOS URBANOS; GABINETE DO SECRETARIO DE OBRAS E SERVIÇOS URBANOS; SECRETARIA DE OBRAS E SERVIÇOS URBANOS; R$ 0,00; R$ 0,00; R$ 0,00; R$ 0,00; R$ 974,24; R$ 3.102,12; R$ 0,00; 0.0
 13210101019905; Rec.de Remun. Dep. Banc. Vinculados - Conv. Transito Civil; Receitas Correntes; Receita Patrimonial; Valores Mobiliários; Remuneração de Depósitos Bancários - Principal; Juros e Correções Monetárias; Remuneração de Depósitos Bancários; ; Juros e Correções Monetárias; Remuneração de Depósitos Bancários; Não se aplica; Rec.de Remun. Dep. Banc. Vinculados - Conv. Transito Civil; Arrecadações; SECRETARIA DE OBRAS E SERVIÇOS URBANOS; DIRETORIA DE OBRAS; SECRETARIA DE OBRAS E SERVIÇOS URBANOS; R$ 0,00; R$ 0,00; R$ 0,00; R$ 0,00; R$ 3.994,75; R$ 22.886,84; R$ 0,00; 0.0
 13210101010204; Rec. de Remun. Dep. Banc/Vinculados Rec. FNDE/B. Carinhoso; Receitas Correntes; Receita Patrimonial; Valores Mobiliários; Remuneração de Depósitos Bancários - Principal; Juros e Correções Monetárias; Remuneração de Depósitos Bancários; ; Juros e Correções Monetárias; Remuneração de Depósitos Bancários; Não se aplica; Rec. de Remun. Dep. Banc/Vinculados Rec. FNDE/B. Carinhoso; Arrecadações; SECRETARIA DE EDUCAÇÃO; GABINETE DO SECRETÁRIO  DE EDUC.; SECRETARIA DE EDUCAÇÃO; R$ 0,00; R$ 0,00; R$ 0,00; R$ 0,00; R$ 0,37; R$ 2,63; R$ 0,00; 0.0
 13210101019906; Rec.de Remun. Dep. Banc. Vinculados - Conv.transito Militar; Receitas Correntes; Receita Patrimonial; Valores Mobiliários; Remuneração de Depósitos Bancários - Principal; Juros e Correções Monetárias; Remuneração de Depósitos Bancários; ; Juros e Correções Monetárias; Remuneração de Depósitos Bancários; Não se aplica; Rec.de Remun. Dep. Banc. Vinculados - Conv.transito Militar; Arrecadações; SECRETARIA DE OBRAS E SERVIÇOS URBANOS; DIRETORIA DE OBRAS; SECRETARIA DE OBRAS E SERVIÇOS URBANOS; R$ 0,00; R$ 0,00; R$ 0,00; R$ 0,00; R$ 2.808,55; R$ 26.785,74; R$ 0,00; 0.0
 13210101019904; Rec.de Remun. Dep. Banc. Vinculados - Conv. Transito Pref.; Receitas Correntes; Receita Patrimonial; Valores Mobiliários; Remuneração de Depósitos Bancários - Principal; Juros e Correções Monetárias; Remuneração de Depósitos Bancários; ; Juros e Correções Monetárias; Remuneração de Depósitos Bancários; Não se aplica; Rec.de Remun. Dep. Banc. Vinculados - Conv. Transito Pref.; Arrecadações; SECRETARIA DE OBRAS E SERVIÇOS URBANOS; GABINETE DO SECRETARIO DE OBRAS E SERVIÇOS URBANOS; SECRETARIA DE OBRAS E SERVIÇOS URBANOS; R$ 0,00; R$ 0,00; R$ 0,00; R$ 0,00; R$ 559,73; R$ 3.661,85; R$ 0,00; 0.0
 13210101010404; Rec. de Remun. Dep. Banc/Vinculados-  FMAS - FEAS Assist. Básica; Receitas Correntes; Receita Patrimonial; Valores Mobiliários; Remuneração de Depósitos Bancários - Principal; Juros e Correções Monetárias; Remuneração de Depósitos Bancários; ; Juros e Correções Monetárias; Remuneração de Depósitos Bancários; Não se aplica; Rec. de Remun. Dep. Banc/Vinculados-  FMAS - FEAS Assist. Básica; Arrecadações; SECRETARIA DE DESENVOLVIMENTO SOCIAL E HABITAÇÃO; FUNDO MUNICIPAL DE ASSISTENCIA SOCIAL; SECRETARIA DE DESENVOLVIMENTO SOCIAL E HABITAÇÃO; R$ 0,00; R$ 0,00; R$ 0,00; R$ 0,00; R$ 163,13; R$ 803,40; R$ 0,00; 0.0
 13210101010402; Rec. de Remun. Dep. Banc/Vinculados -  FMAS/FNAS - IGDBF; Receitas Correntes; Receita Patrimonial; Valores Mobiliários; Remuneração de Depósitos Bancários - Principal; Juros e Correções Monetárias; Remuneração de Depósitos Bancários; ; Juros e Correções Monetárias; Remuneração de Depósitos Bancários; Não se aplica; Rec. de Remun. Dep. Banc/Vinculados -  FMAS/FNAS - IGDBF; Arrecadações; SECRETARIA DE DESENVOLVIMENTO SOCIAL E HABITAÇÃO; FUNDO MUNICIPAL DE ASSISTENCIA SOCIAL; SECRETARIA DE DESENVOLVIMENTO SOCIAL E HABITAÇÃO; R$ 0,00; R$ 0,00; R$ 0,00; R$ 0,00; R$ 39,79; R$ 3.831,97; R$ 0,00; 0.0
 13210101010405; Rec. de Remun. Dep. Banc/Vinculados-  FMAS/FNAS- ACESSUAS; Receitas Correntes; Receita Patrimonial; Valores Mobiliários; Remuneração de Depósitos Bancários - Principal; Juros e Correções Monetárias; Remuneração de Depósitos Bancários; ; Juros e Correções Monetárias; Remuneração de Depósitos Bancários; Não se aplica; Rec. de Remun. Dep. Banc/Vinculados-  FMAS/FNAS- ACESSUAS; Arrecadações; SECRETARIA DE DESENVOLVIMENTO SOCIAL E HABITAÇÃO; FUNDO MUNICIPAL DE ASSISTENCIA SOCIAL; SECRETARIA DE DESENVOLVIMENTO SOCIAL E HABITAÇÃO; R$ 0,00; R$ 0,00; R$ 0,00; R$ 0,00; R$ 0,36; R$ 2,61; R$ 0,00; 0.0
 13210101019903; Rec.de Remun. Dep. Banc. Vinculados - Rec. Tx. corpo de bombeiros; Receitas Correntes; Receita Patrimonial; Valores Mobiliários; Remuneração de Depósitos Bancários - Principal; Juros e Correções Monetárias; Remuneração de Depósitos Bancários; ; Juros e Correções Monetárias; Remuneração de Depósitos Bancários; Não se aplica; Rec.de Remun. Dep. Banc. Vinculados - Rec. Tx. corpo de bombeiros; Arrecadações; SECRETARIA DE OBRAS E SERVIÇOS URBANOS; DIRETORIA DE OBRAS; SECRETARIA DE OBRAS E SERVIÇOS URBANOS; R$ 0,00; R$ 0,00; R$ 0,00; R$ 0,00; R$ 231,59; R$ 2.745,43; R$ 0,00; 0.0
 13210101019905; Rec.de Remun. Dep. Banc. Vinculados - Conv. Transito Civil; Receitas Correntes; Receita Patrimonial; Valores Mobiliários; Remuneração de Depósitos Bancários - Principal; Juros e Correções Monetárias; Remuneração de Depósitos Bancários; ; Juros e Correções Monetárias; Remuneração de Depósitos Bancários; Não se aplica; Rec.de Remun. Dep. Banc. Vinculados - Conv. Transito Civil; Arrecadações; SECRETARIA DE OBRAS E SERVIÇOS URBANOS; DIRETORIA DE OBRAS; SECRETARIA DE OBRAS E SERVIÇOS URBANOS; R$ 0,00; R$ 0,00; R$ 0,00; R$ 0,00; R$ 3.499,19; R$ 26.386,03; R$ 0,00; 0.0
 13210101010202; Rec. de Remun. Dep. Banc/Vinculados- Recursos do FNDE/PNATE; Receitas Correntes; Receita Patrimonial; Valores Mobiliários; Remuneração de Depósitos Bancários - Principal; Juros e Correções Monetárias; Remuneração de Depósitos Bancários; ; Juros e Correções Monetárias; Remuneração de Depósitos Bancários; Não se aplica; Rec. de Remun. Dep. Banc/Vinculados- Recursos do FNDE/PNATE; Arrecadações; SECRETARIA DE EDUCAÇÃO; GABINETE DO SECRETÁRIO  DE EDUC.; SECRETARIA DE EDUCAÇÃO; R$ 0,00; R$ 0,00; R$ 0,00; R$ 0,00; R$ 291,49; R$ 1.552,56; R$ 0,00; 0.0
 13210101010404; Rec. de Remun. Dep. Banc/Vinculados-  FMAS - FEAS Assist. Básica; Receitas Correntes; Receita Patrimonial; Valores Mobiliários; Remuneração de Depósitos Bancários - Principal; Juros e Correções Monetárias; Remuneração de Depósitos Bancários; ; Juros e Correções Monetárias; Remuneração de Depósitos Bancários; Não se aplica; Rec. de Remun. Dep. Banc/Vinculados-  FMAS - FEAS Assist. Básica; Arrecadações; SECRETARIA DE DESENVOLVIMENTO SOCIAL E HABITAÇÃO; FUNDO MUNICIPAL DE ASSISTENCIA SOCIAL; SECRETARIA DE DESENVOLVIMENTO SOCIAL E HABITAÇÃO; R$ 0,00; R$ 0,00; R$ 0,00; R$ 0,00; R$ 266,69; R$ 1.070,09; R$ 0,00; 0.0
 13210101010202; Rec. de Remun. Dep. Banc/Vinculados- Recursos do FNDE/PNATE; Receitas Correntes; Receita Patrimonial; Valores Mobiliários; Remuneração de Depósitos Bancários - Principal; Juros e Correções Monetárias; Remuneração de Depósitos Bancários; ; Juros e Correções Monetárias; Remuneração de Depósitos Bancários; Não se aplica; Rec. de Remun. Dep. Banc/Vinculados- Recursos do FNDE/PNATE; Arrecadações; SECRETARIA DE EDUCAÇÃO; GABINETE DO SECRETÁRIO  DE EDUC.; SECRETARIA DE EDUCAÇÃO; R$ 0,00; R$ 0,00; R$ 0,00; R$ 0,00; R$ 393,02; R$ 1.945,58; R$ 0,00; 0.0
 13210101019904; Rec.de Remun. Dep. Banc. Vinculados - Conv. Transito Pref.; Receitas Correntes; Receita Patrimonial; Valores Mobiliários; Remuneração de Depósitos Bancários - Principal; Juros e Correções Monetárias; Remuneração de Depósitos Bancários; ; Juros e Correções Monetárias; Remuneração de Depósitos Bancários; Não se aplica; Rec.de Remun. Dep. Banc. Vinculados - Conv. Transito Pref.; Arrecadações; SECRETARIA DE OBRAS E SERVIÇOS URBANOS; GABINETE DO SECRETARIO DE OBRAS E SERVIÇOS URBANOS; SECRETARIA DE OBRAS E SERVIÇOS URBANOS; R$ 0,00; R$ 0,00; R$ 0,00; R$ 0,00; R$ 107,55; R$ 3.769,40; R$ 0,00; 0.0
 13210101010402; Rec. de Remun. Dep. Banc/Vinculados -  FMAS/FNAS - IGDBF; Receitas Correntes; Receita Patrimonial; Valores Mobiliários; Remuneração de Depósitos Bancários - Principal; Juros e Correções Monetárias; Remuneração de Depósitos Bancários; ; Juros e Correções Monetárias; Remuneração de Depósitos Bancários; Não se aplica; Rec. de Remun. Dep. Banc/Vinculados -  FMAS/FNAS - IGDBF; Arrecadações; SECRETARIA DE DESENVOLVIMENTO SOCIAL E HABITAÇÃO; FUNDO MUNICIPAL DE ASSISTENCIA SOCIAL; SECRETARIA DE DESENVOLVIMENTO SOCIAL E HABITAÇÃO; R$ 0,00; R$ 0,00; R$ 0,00; R$ 0,00; R$ 96,37; R$ 3.928,34; R$ 0,00; 0.0
 13210101010405; Rec. de Remun. Dep. Banc/Vinculados-  FMAS/FNAS- ACESSUAS; Receitas Correntes; Receita Patrimonial; Valores Mobiliários; Remuneração de Depósitos Bancários - Principal; Juros e Correções Monetárias; Remuneração de Depósitos Bancários; ; Juros e Correções Monetárias; Remuneração de Depósitos Bancários; Não se aplica; Rec. de Remun. Dep. Banc/Vinculados-  FMAS/FNAS- ACESSUAS; Arrecadações; SECRETARIA DE DESENVOLVIMENTO SOCIAL E HABITAÇÃO; FUNDO MUNICIPAL DE ASSISTENCIA SOCIAL; SECRETARIA DE DESENVOLVIMENTO SOCIAL E HABITAÇÃO; R$ 0,00; R$ 0,00; R$ 0,00; R$ 0,00; R$ 0,39; R$ 3,00; R$ 0,00; 0.0
 13210101010204; Rec. de Remun. Dep. Banc/Vinculados Rec. FNDE/B. Carinhoso; Receitas Correntes; Receita Patrimonial; Valores Mobiliários; Remuneração de Depósitos Bancários - Principal; Juros e Correções Monetárias; Remuneração de Depósitos Bancários; ; Juros e Correções Monetárias; Remuneração de Depósitos Bancários; Não se aplica; Rec. de Remun. Dep. Banc/Vinculados Rec. FNDE/B. Carinhoso; Arrecadações; SECRETARIA DE EDUCAÇÃO; GABINETE DO SECRETÁRIO  DE EDUC.; SECRETARIA DE EDUCAÇÃO; R$ 0,00; R$ 0,00; R$ 0,00; R$ 0,00; R$ 0,39; R$ 3,02; R$ 0,00; 0.0
 13210101019905; Rec.de Remun. Dep. Banc. Vinculados - Conv. Transito Civil; Receitas Correntes; Receita Patrimonial; Valores Mobiliários; Remuneração de Depósitos Bancários - Principal; Juros e Correções Monetárias; Remuneração de Depósitos Bancários; ; Juros e Correções Monetárias; Remuneração de Depósitos Bancários; Não se aplica; Rec.de Remun. Dep. Banc. Vinculados - Conv. Transito Civil; Arrecadações; SECRETARIA DE OBRAS E SERVIÇOS URBANOS; DIRETORIA DE OBRAS; SECRETARIA DE OBRAS E SERVIÇOS URBANOS; R$ 0,00; R$ 0,00; R$ 0,00; R$ 0,00; R$ 3.663,09; R$ 30.049,12; R$ 0,00; 0.0
 13210101019906; Rec.de Remun. Dep. Banc. Vinculados - Conv.transito Militar; Receitas Correntes; Receita Patrimonial; Valores Mobiliários; Remuneração de Depósitos Bancários - Principal; Juros e Correções Monetárias; Remuneração de Depósitos Bancários; ; Juros e Correções Monetárias; Remuneração de Depósitos Bancários; Não se aplica; Rec.de Remun. Dep. Banc. Vinculados - Conv.transito Militar; Arrecadações; SECRETARIA DE OBRAS E SERVIÇOS URBANOS; DIRETORIA DE OBRAS; SECRETARIA DE OBRAS E SERVIÇOS URBANOS; R$ 0,00; R$ 0,00; R$ 0,00; R$ 0,00; R$ 3.181,39; R$ 29.967,13; R$ 0,00; 0.0
 13210101019903; Rec.de Remun. Dep. Banc. Vinculados - Rec. Tx. corpo de bombeiros; Receitas Correntes; Receita Patrimonial; Valores Mobiliários; Remuneração de Depósitos Bancários - Principal; Juros e Correções Monetárias; Remuneração de Depósitos Bancários; ; Juros e Correções Monetárias; Remuneração de Depósitos Bancários; Não se aplica; Rec.de Remun. Dep. Banc. Vinculados - Rec. Tx. corpo de bombeiros; Arrecadações; SECRETARIA DE OBRAS E SERVIÇOS URBANOS; DIRETORIA DE OBRAS; SECRETARIA DE OBRAS E SERVIÇOS URBANOS; R$ 0,00; R$ 0,00; R$ 0,00; R$ 0,00; R$ 208,58; R$ 2.954,01; R$ 0,00; 0.0
 13210101019904; Rec.de Remun. Dep. Banc. Vinculados - Conv. Transito Pref.; Receitas Correntes; Receita Patrimonial; Valores Mobiliários; Remuneração de Depósitos Bancários - Principal; Juros e Correções Monetárias; Remuneração de Depósitos Bancários; ; Juros e Correções Monetárias; Remuneração de Depósitos Bancários; Não se aplica; Rec.de Remun. Dep. Banc. Vinculados - Conv. Transito Pref.; Arrecadações; SECRETARIA DE OBRAS E SERVIÇOS URBANOS; GABINETE DO SECRETARIO DE OBRAS E SERVIÇOS URBANOS; SECRETARIA DE OBRAS E SERVIÇOS URBANOS; R$ 0,00; R$ 0,00; R$ 0,00; R$ 0,00; R$ 100,68; R$ 3.870,08; R$ 0,00; 0.0
 13210101010402; Rec. de Remun. Dep. Banc/Vinculados -  FMAS/FNAS - IGDBF; Receitas Correntes; Receita Patrimonial; Valores Mobiliários; Remuneração de Depósitos Bancários - Principal; Juros e Correções Monetárias; Remuneração de Depósitos Bancários; ; Juros e Correções Monetárias; Remuneração de Depósitos Bancários; Não se aplica; Rec. de Remun. Dep. Banc/Vinculados -  FMAS/FNAS - IGDBF; Arrecadações; SECRETARIA DE DESENVOLVIMENTO SOCIAL E HABITAÇÃO; FUNDO MUNICIPAL DE ASSISTENCIA SOCIAL; SECRETARIA DE DESENVOLVIMENTO SOCIAL E HABITAÇÃO; R$ 0,00; R$ 0,00; R$ 0,00; R$ 0,00; R$ 95,63; R$ 4.023,97; R$ 0,00; 0.0
 13210101010404; Rec. de Remun. Dep. Banc/Vinculados-  FMAS - FEAS Assist. Básica; Receitas Correntes; Receita Patrimonial; Valores Mobiliários; Remuneração de Depósitos Bancários - Principal; Juros e Correções Monetárias; Remuneração de Depósitos Bancários; ; Juros e Correções Monetárias; Remuneração de Depósitos Bancários; Não se aplica; Rec. de Remun. Dep. Banc/Vinculados-  FMAS - FEAS Assist. Básica; Arrecadações; SECRETARIA DE DESENVOLVIMENTO SOCIAL E HABITAÇÃO; FUNDO MUNICIPAL DE ASSISTENCIA SOCIAL; SECRETARIA DE DESENVOLVIMENTO SOCIAL E HABITAÇÃO; R$ 0,00; R$ 0,00; R$ 0,00; R$ 0,00; R$ 253,71; R$ 1.323,80; R$ 0,00; 0.0
 13210101019903; Rec.de Remun. Dep. Banc. Vinculados - Rec. Tx. corpo de bombeiros; Receitas Correntes; Receita Patrimonial; Valores Mobiliários; Remuneração de Depósitos Bancários - Principal; Juros e Correções Monetárias; Remuneração de Depósitos Bancários; ; Juros e Correções Monetárias; Remuneração de Depósitos Bancários; Não se aplica; Rec.de Remun. Dep. Banc. Vinculados - Rec. Tx. corpo de bombeiros; Arrecadações; SECRETARIA DE OBRAS E SERVIÇOS URBANOS; DIRETORIA DE OBRAS; SECRETARIA DE OBRAS E SERVIÇOS URBANOS; R$ 0,00; R$ 0,00; R$ 0,00; R$ 0,00; R$ 298,61; R$ 3.252,62; R$ 0,00; 0.0
 13210101010405; Rec. de Remun. Dep. Banc/Vinculados-  FMAS/FNAS- ACESSUAS; Receitas Correntes; Receita Patrimonial; Valores Mobiliários; Remuneração de Depósitos Bancários - Principal; Juros e Correções Monetárias; Remuneração de Depósitos Bancários; ; Juros e Correções Monetárias; Remuneração de Depósitos Bancários; Não se aplica; Rec. de Remun. Dep. Banc/Vinculados-  FMAS/FNAS- ACESSUAS; Arrecadações; SECRETARIA DE DESENVOLVIMENTO SOCIAL E HABITAÇÃO; FUNDO MUNICIPAL DE ASSISTENCIA SOCIAL; SECRETARIA DE DESENVOLVIMENTO SOCIAL E HABITAÇÃO; R$ 0,00; R$ 0,00; R$ 0,00; R$ 0,00; R$ 0,40; R$ 3,40; R$ 0,00; 0.0
 13210101019906; Rec.de Remun. Dep. Banc. Vinculados - Conv.transito Militar; Receitas Correntes; Receita Patrimonial; Valores Mobiliários; Remuneração de Depósitos Bancários - Principal; Juros e Correções Monetárias; Remuneração de Depósitos Bancários; ; Juros e Correções Monetárias; Remuneração de Depósitos Bancários; Não se aplica; Rec.de Remun. Dep. Banc. Vinculados - Conv.transito Militar; Arrecadações; SECRETARIA DE OBRAS E SERVIÇOS URBANOS; DIRETORIA DE OBRAS; SECRETARIA DE OBRAS E SERVIÇOS URBANOS; R$ 0,00; R$ 0,00; R$ 0,00; R$ 0,00; R$ 3.454,82; R$ 33.421,95; R$ 0,00; 0.0
 13210101010204; Rec. de Remun. Dep. Banc/Vinculados Rec. FNDE/B. Carinhoso; Receitas Correntes; Receita Patrimonial; Valores Mobiliários; Remuneração de Depósitos Bancários - Principal; Juros e Correções Monetárias; Remuneração de Depósitos Bancários; ; Juros e Correções Monetárias; Remuneração de Depósitos Bancários; Não se aplica; Rec. de Remun. Dep. Banc/Vinculados Rec. FNDE/B. Carinhoso; Arrecadações; SECRETARIA DE EDUCAÇÃO; GABINETE DO SECRETÁRIO  DE EDUC.; SECRETARIA DE EDUCAÇÃO; R$ 0,00; R$ 0,00; R$ 0,00; R$ 0,00; R$ 0,41; R$ 3,43; R$ 0,00; 0.0
 13210101019905; Rec.de Remun. Dep. Banc. Vinculados - Conv. Transito Civil; Receitas Correntes; Receita Patrimonial; Valores Mobiliários; Remuneração de Depósitos Bancários - Principal; Juros e Correções Monetárias; Remuneração de Depósitos Bancários; ; Juros e Correções Monetárias; Remuneração de Depósitos Bancários; Não se aplica; Rec.de Remun. Dep. Banc. Vinculados - Conv. Transito Civil; Arrecadações; SECRETARIA DE OBRAS E SERVIÇOS URBANOS; DIRETORIA DE OBRAS; SECRETARIA DE OBRAS E SERVIÇOS URBANOS; R$ 0,00; R$ 0,00; R$ 0,00; R$ 0,00; R$ 3.684,49; R$ 33.733,61; R$ 0,00; 0.0
 13210101010202; Rec. de Remun. Dep. Banc/Vinculados- Recursos do FNDE/PNATE; Receitas Correntes; Receita Patrimonial; Valores Mobiliários; Remuneração de Depósitos Bancários - Principal; Juros e Correções Monetárias; Remuneração de Depósitos Bancários; ; Juros e Correções Monetárias; Remuneração de Depósitos Bancários; Não se aplica; Rec. de Remun. Dep. Banc/Vinculados- Recursos do FNDE/PNATE; Arrecadações; SECRETARIA DE EDUCAÇÃO; GABINETE DO SECRETÁRIO  DE EDUC.; SECRETARIA DE EDUCAÇÃO; R$ 0,00; R$ 0,00; R$ 0,00; R$ 0,00; R$ 258,31; R$ 2.203,89; R$ 0,00; 0.0
 13210101019908; Rec.de Remun. Dep. Banc. Vinculados - Rec.CFEM; Receitas Correntes; Receita Patrimonial; Valores Mobiliários; Remuneração de Depósitos Bancários - Principal; Juros e Correções Monetárias; Remuneração de Depósitos Bancários; ; Juros e Correções Monetárias; Remuneração de Depósitos Bancários; Não se aplica; Rec.de Remun. Dep. Banc. Vinculados - Rec.CFEM; Arrecadações; SECRETARIA DE OBRAS E SERVIÇOS URBANOS; DIRETORIA DE OBRAS; SECRETARIA DE OBRAS E SERVIÇOS URBANOS; R$ 0,00; R$ 0,00; R$ 0,00; R$ 0,00; R$ 452,40; R$ 5.403,00; R$ 0,00; 0.0
 13210101019901; Rec. de Remun. Dep. Banc./Vinc. - Rec. CIDE; Receitas Correntes; Receita Patrimonial; Valores Mobiliários; Remuneração de Depósitos Bancários - Principal; Juros e Correções Monetárias; Remuneração de Depósitos Bancários; ; Juros e Correções Monetárias; Remuneração de Depósitos Bancários; Não se aplica; Rec. de Remun. Dep. Banc./Vinc. - Rec. CIDE; Arrecadações; SECRETARIA DE OBRAS E SERVIÇOS URBANOS; DIRETORIA DE OBRAS; SECRETARIA DE OBRAS E SERVIÇOS URBANOS; R$ 0,00; R$ 0,00; R$ 0,00; R$ 0,00; R$ 263,11; R$ 12.219,26; R$ 0,00; 0.0
 13210101010504; Remun Dep Banc Vinculados-Convênios da União Programas de Assistência Social; Receitas Correntes; Receita Patrimonial; Valores Mobiliários; Remuneração de Depósitos Bancários - Principal; Juros e Correções Monetárias; Remuneração de Depósitos Bancários; ; Juros e Correções Monetárias; Remuneração de Depósitos Bancários; Não se aplica; Remun Dep Banc Vinculados-Convênios da União Programas de Assistência Social; Arrecadações; SECRETARIA DE DESENVOLVIMENTO SOCIAL E HABITAÇÃO; FUNDO MUNICIPAL DE ASSISTENCIA SOCIAL; SECRETARIA DE DESENVOLVIMENTO SOCIAL E HABITAÇÃO; R$ 0,00; R$ 0,00; R$ 0,00; R$ 0,00; R$ 129,46; R$ 1.873,38; R$ 0,00; 0.0
 13210101019908; Rec.de Remun. Dep. Banc. Vinculados - Rec.CFEM; Receitas Correntes; Receita Patrimonial; Valores Mobiliários; Remuneração de Depósitos Bancários - Principal; Juros e Correções Monetárias; Remuneração de Depósitos Bancários; ; Juros e Correções Monetárias; Remuneração de Depósitos Bancários; Não se aplica; Rec.de Remun. Dep. Banc. Vinculados - Rec.CFEM; Arrecadações; SECRETARIA DE OBRAS E SERVIÇOS URBANOS; DIRETORIA DE OBRAS; SECRETARIA DE OBRAS E SERVIÇOS URBANOS; R$ 0,00; R$ 0,00; R$ 0,00; R$ 0,00; R$ 306,65; R$ 5.709,65; R$ 0,00; 0.0
 13210101010201; Rec. de Remun. Dep. Banc/Vinculados- Recursos do FNDE/PNAE; Receitas Correntes; Receita Patrimonial; Valores Mobiliários; Remuneração de Depósitos Bancários - Principal; Juros e Correções Monetárias; Remuneração de Depósitos Bancários; ; Juros e Correções Monetárias; Remuneração de Depósitos Bancários; Não se aplica; Rec. de Remun. Dep. Banc/Vinculados- Recursos do FNDE/PNAE; Arrecadações; SECRETARIA DE EDUCAÇÃO; GABINETE DO SECRETÁRIO  DE EDUC.; SECRETARIA DE EDUCAÇÃO; R$ 0,00; R$ 0,00; R$ 0,00; R$ 0,00; R$ 551,05; R$ 11.505,67; R$ 0,00; 0.0
 13210101019907; Rec.de Remun. Dep. Banc. Vinculados - Rec. FEP; Receitas Correntes; Receita Patrimonial; Valores Mobiliários; Remuneração de Depósitos Bancários - Principal; Juros e Correções Monetárias; Remuneração de Depósitos Bancários; ; Juros e Correções Monetárias; Remuneração de Depósitos Bancários; Não se aplica; Rec.de Remun. Dep. Banc. Vinculados - Rec. FEP; Arrecadações; SECRETARIA DE OBRAS E SERVIÇOS URBANOS; DIRETORIA DE OBRAS; SECRETARIA DE OBRAS E SERVIÇOS URBANOS; R$ 0,00; R$ 0,00; R$ 0,00; R$ 0,00; R$ 299,94; R$ 8.590,69; R$ 0,00; 0.0
 13210101010504; Remun Dep Banc Vinculados-Convênios da União Programas de Assistência Social; Receitas Correntes; Receita Patrimonial; Valores Mobiliários; Remuneração de Depósitos Bancários - Principal; Juros e Correções Monetárias; Remuneração de Depósitos Bancários; ; Juros e Correções Monetárias; Remuneração de Depósitos Bancários; Não se aplica; Remun Dep Banc Vinculados-Convênios da União Programas de Assistência Social; Arrecadações; SECRETARIA DE DESENVOLVIMENTO SOCIAL E HABITAÇÃO; FUNDO MUNICIPAL DE ASSISTENCIA SOCIAL; SECRETARIA DE DESENVOLVIMENTO SOCIAL E HABITAÇÃO; R$ 0,00; R$ 0,00; R$ 0,00; R$ 0,00; R$ 80,57; R$ 1.953,95; R$ 0,00; 0.0
 13210101019901; Rec. de Remun. Dep. Banc./Vinc. - Rec. CIDE; Receitas Correntes; Receita Patrimonial; Valores Mobiliários; Remuneração de Depósitos Bancários - Principal; Juros e Correções Monetárias; Remuneração de Depósitos Bancários; ; Juros e Correções Monetárias; Remuneração de Depósitos Bancários; Não se aplica; Rec. de Remun. Dep. Banc./Vinc. - Rec. CIDE; Arrecadações; SECRETARIA DE OBRAS E SERVIÇOS URBANOS; DIRETORIA DE OBRAS; SECRETARIA DE OBRAS E SERVIÇOS URBANOS; R$ 0,00; R$ 0,00; R$ 0,00; R$ 0,00; R$ 162,70; R$ 12.381,96; R$ 0,00; 0.0
 13210101019910; Remun  Dep Banc  Vinculados- Alien. de Bens; Receitas Correntes; Receita Patrimonial; Valores Mobiliários; Remuneração de Depósitos Bancários - Principal; Juros e Correções Monetárias; Remuneração de Depósitos Bancários; ; Juros e Correções Monetárias; Remuneração de Depósitos Bancários; Não se aplica; Remun  Dep Banc  Vinculados- Alien. de Bens; Arrecadações; SECRETARIA DE ADMINISTRAÇÃO E FINANÇAS; SECRETARIA DE ADMINISTRAÇÃO E FINANÇAS; SECRETARIA DE ADMINISTRAÇÃO E FINANÇAS; R$ 0,00; R$ 0,00; R$ 0,00; R$ 0,00; R$ 641,67; R$ 15.343,94; R$ 0,00; 0.0
 13210101019910; Remun  Dep Banc  Vinculados- Alien. de Bens; Receitas Correntes; Receita Patrimonial; Valores Mobiliários; Remuneração de Depósitos Bancários - Principal; Juros e Correções Monetárias; Remuneração de Depósitos Bancários; ; Juros e Correções Monetárias; Remuneração de Depósitos Bancários; Não se aplica; Remun  Dep Banc  Vinculados- Alien. de Bens; Arrecadações; SECRETARIA DE ADMINISTRAÇÃO E FINANÇAS; SECRETARIA DE ADMINISTRAÇÃO E FINANÇAS; SECRETARIA DE ADMINISTRAÇÃO E FINANÇAS; R$ 0,00; R$ 0,00; R$ 0,00; R$ 0,00; R$ 1.671,88; R$ 7.460,72; R$ 0,00; 0.0
 13210101019907; Rec.de Remun. Dep. Banc. Vinculados - Rec. FEP; Receitas Correntes; Receita Patrimonial; Valores Mobiliários; Remuneração de Depósitos Bancários - Principal; Juros e Correções Monetárias; Remuneração de Depósitos Bancários; ; Juros e Correções Monetárias; Remuneração de Depósitos Bancários; Não se aplica; Rec.de Remun. Dep. Banc. Vinculados - Rec. FEP; Arrecadações; SECRETARIA DE OBRAS E SERVIÇOS URBANOS; DIRETORIA DE OBRAS; SECRETARIA DE OBRAS E SERVIÇOS URBANOS; R$ 0,00; R$ 0,00; R$ 0,00; R$ 0,00; R$ 1.715,01; R$ 4.527,88; R$ 0,00; 0.0
 13210101010201; Rec. de Remun. Dep. Banc/Vinculados- Recursos do FNDE/PNAE; Receitas Correntes; Receita Patrimonial; Valores Mobiliários; Remuneração de Depósitos Bancários - Principal; Juros e Correções Monetárias; Remuneração de Depósitos Bancários; ; Juros e Correções Monetárias; Remuneração de Depósitos Bancários; Não se aplica; Rec. de Remun. Dep. Banc/Vinculados- Recursos do FNDE/PNAE; Arrecadações; SECRETARIA DE EDUCAÇÃO; GABINETE DO SECRETÁRIO  DE EDUC.; SECRETARIA DE EDUCAÇÃO; R$ 0,00; R$ 0,00; R$ 0,00; R$ 0,00; R$ 1.470,89; R$ 3.513,29; R$ 0,00; 0.0
 13210101010504; Remun Dep Banc Vinculados-Convênios da União Programas de Assistência Social; Receitas Correntes; Receita Patrimonial; Valores Mobiliários; Remuneração de Depósitos Bancários - Principal; Juros e Correções Monetárias; Remuneração de Depósitos Bancários; ; Juros e Correções Monetárias; Remuneração de Depósitos Bancários; Não se aplica; Remun Dep Banc Vinculados-Convênios da União Programas de Assistência Social; Arrecadações; SECRETARIA DE DESENVOLVIMENTO SOCIAL E HABITAÇÃO; FUNDO MUNICIPAL DE ASSISTENCIA SOCIAL; SECRETARIA DE DESENVOLVIMENTO SOCIAL E HABITAÇÃO; R$ 0,00; R$ 0,00; R$ 0,00; R$ 0,00; R$ 199,97; R$ 1.303,69; R$ 0,00; 0.0
 13210101019901; Rec. de Remun. Dep. Banc./Vinc. - Rec. CIDE; Receitas Correntes; Receita Patrimonial; Valores Mobiliários; Remuneração de Depósitos Bancários - Principal; Juros e Correções Monetárias; Remuneração de Depósitos Bancários; ; Juros e Correções Monetárias; Remuneração de Depósitos Bancários; Não se aplica; Rec. de Remun. Dep. Banc./Vinc. - Rec. CIDE; Arrecadações; SECRETARIA DE OBRAS E SERVIÇOS URBANOS; DIRETORIA DE OBRAS; SECRETARIA DE OBRAS E SERVIÇOS URBANOS; R$ 0,00; R$ 0,00; R$ 0,00; R$ 0,00; R$ 133,32; R$ 11.350,18; R$ 0,00; 0.0
 13210101019907; Rec.de Remun. Dep. Banc. Vinculados - Rec. FEP; Receitas Correntes; Receita Patrimonial; Valores Mobiliários; Remuneração de Depósitos Bancários - Principal; Juros e Correções Monetárias; Remuneração de Depósitos Bancários; ; Juros e Correções Monetárias; Remuneração de Depósitos Bancários; Não se aplica; Rec.de Remun. Dep. Banc. Vinculados - Rec. FEP; Arrecadações; SECRETARIA DE OBRAS E SERVIÇOS URBANOS; DIRETORIA DE OBRAS; SECRETARIA DE OBRAS E SERVIÇOS URBANOS; R$ 0,00; R$ 0,00; R$ 0,00; R$ 0,00; R$ 1.528,21; R$ 6.056,09; R$ 0,00; 0.0
 13210101010403; Rec. de Remun. Dep. Banc/Vinculados - FMAS/FNAS - IGD SUAS; Receitas Correntes; Receita Patrimonial; Valores Mobiliários; Remuneração de Depósitos Bancários - Principal; Juros e Correções Monetárias; Remuneração de Depósitos Bancários; ; Juros e Correções Monetárias; Remuneração de Depósitos Bancários; Não se aplica; Rec. de Remun. Dep. Banc/Vinculados - FMAS/FNAS - IGD SUAS; Arrecadações; SECRETARIA DE DESENVOLVIMENTO SOCIAL E HABITAÇÃO; FUNDO MUNICIPAL DE ASSISTENCIA SOCIAL; SECRETARIA DE DESENVOLVIMENTO SOCIAL E HABITAÇÃO; R$ 0,00; R$ 0,00; R$ 0,00; R$ 0,00; R$ 100,52; R$ 100,52; R$ 0,00; 0.0
 13210101019917; Rec. de Remun. Dep. Banc. Vinculados-  Lei Paulo Gustavo; Receitas Correntes; Receita Patrimonial; Valores Mobiliários; Remuneração de Depósitos Bancários - Principal; Juros e Correções Monetárias; Remuneração de Depósitos Bancários; ; Juros e Correções Monetárias; Remuneração de Depósitos Bancários; Não se aplica; Rec. de Remun. Dep. Banc. Vinculados-  Lei Paulo Gustavo; Arrecadações; SECRETARIA DE CULTURA; FUNDO MUNICIPAL DE CULTURA; SECRETARIA DE CULTURA; R$ 0,00; R$ 0,00; R$ 0,00; R$ 0,00; R$ 13,36; R$ 13,36; R$ 0,00; 0.0
 13210101010408; Remun. Dep. Banc. Transf. do Estado Cof. Media Complexidade; Receitas Correntes; Receita Patrimonial; Valores Mobiliários; Remuneração de Depósitos Bancários - Principal; Juros e Correções Monetárias; Remuneração de Depósitos Bancários; ; Juros e Correções Monetárias; Remuneração de Depósitos Bancários; Não se aplica; Remun. Dep. Banc. Transf. do Estado Cof. Media Complexidade; Arrecadações; SECRETARIA DE DESENVOLVIMENTO SOCIAL E HABITAÇÃO; FUNDO MUNICIPAL DE ASSISTENCIA SOCIAL; SECRETARIA DE DESENVOLVIMENTO SOCIAL E HABITAÇÃO; R$ 0,00; R$ 0,00; R$ 0,00; R$ 0,00; R$ 63,76; R$ 63,76; R$ 0,00; 0.0
 13210101010205; Remun. Dep. Banc.vinculados - MDE/PDDE; Receitas Correntes; Receita Patrimonial; Valores Mobiliários; Remuneração de Depósitos Bancários - Principal; Juros e Correções Monetárias; Remuneração de Depósitos Bancários; ; Juros e Correções Monetárias; Remuneração de Depósitos Bancários; Não se aplica; Remun. Dep. Banc.vinculados - MDE/PDDE; Arrecadações; SECRETARIA DE EDUCAÇÃO; GABINETE DO SECRETÁRIO  DE EDUC.; SECRETARIA DE EDUCAÇÃO; R$ 0,00; R$ 0,00; R$ 0,00; R$ 0,00; R$ 2,58; R$ 2,58; R$ 0,00; 0.0
 13210101019915; Remun Dep Banc Vinculados- Lei Aldir Blanc; Receitas Correntes; Receita Patrimonial; Valores Mobiliários; Remuneração de Depósitos Bancários - Principal; Juros e Correções Monetárias; Remuneração de Depósitos Bancários; ; Juros e Correções Monetárias; Remuneração de Depósitos Bancários; Não se aplica; Remun Dep Banc Vinculados- Lei Aldir Blanc; Arrecadações; SECRETARIA DE CULTURA; FUNDO MUNICIPAL DE CULTURA; SECRETARIA DE CULTURA; R$ 0,00; R$ 0,00; R$ 0,00; R$ 0,00; R$ 707,46; R$ 707,46; R$ 0,00; 0.0
 13210101010410; Remun. Dep. Banc. Transf. do Estado Cof. Alta Complexidade; Receitas Correntes; Receita Patrimonial; Valores Mobiliários; Remuneração de Depósitos Bancários - Principal; Juros e Correções Monetárias; Remuneração de Depósitos Bancários; ; Juros e Correções Monetárias; Remuneração de Depósitos Bancários; Não se aplica; Remun. Dep. Banc. Transf. do Estado Cof. Alta Complexidade; Arrecadações; SECRETARIA DE DESENVOLVIMENTO SOCIAL E HABITAÇÃO; FUNDO MUNICIPAL DE ASSISTENCIA SOCIAL; SECRETARIA DE DESENVOLVIMENTO SOCIAL E HABITAÇÃO; R$ 0,00; R$ 0,00; R$ 0,00; R$ 0,00; R$ 1,88; R$ 1,88; R$ 0,00; 0.0
 13210101019902; Rec.de Remun. Dep. Banc. Vinculados - Rec. COSIP; Receitas Correntes; Receita Patrimonial; Valores Mobiliários; Remuneração de Depósitos Bancários - Principal; Juros e Correções Monetárias; Remuneração de Depósitos Bancários; ; Juros e Correções Monetárias; Remuneração de Depósitos Bancários; Não se aplica; Rec.de Remun. Dep. Banc. Vinculados - Rec. COSIP; Arrecadações; SECRETARIA DE OBRAS E SERVIÇOS URBANOS; DIRETORIA DE OBRAS; SECRETARIA DE OBRAS E SERVIÇOS URBANOS; R$ 0,00; R$ 0,00; R$ 0,00; R$ 0,00; R$ 20.054,91; R$ 20.054,91; R$ 0,00; 0.0
 13210101019915; Remun Dep Banc Vinculados- Lei Aldir Blanc; Receitas Correntes; Receita Patrimonial; Valores Mobiliários; Remuneração de Depósitos Bancários - Principal; Juros e Correções Monetárias; Remuneração de Depósitos Bancários; ; Juros e Correções Monetárias; Remuneração de Depósitos Bancários; Não se aplica; Remun Dep Banc Vinculados- Lei Aldir Blanc; Arrecadações; SECRETARIA DE CULTURA; FUNDO MUNICIPAL DE CULTURA; SECRETARIA DE CULTURA; R$ 0,00; R$ 0,00; R$ 0,00; R$ 0,00; R$ 690,92; R$ 1.398,38; R$ 0,00; 0.0
 13210101010403; Rec. de Remun. Dep. Banc/Vinculados - FMAS/FNAS - IGD SUAS; Receitas Correntes; Receita Patrimonial; Valores Mobiliários; Remuneração de Depósitos Bancários - Principal; Juros e Correções Monetárias; Remuneração de Depósitos Bancários; ; Juros e Correções Monetárias; Remuneração de Depósitos Bancários; Não se aplica; Rec. de Remun. Dep. Banc/Vinculados - FMAS/FNAS - IGD SUAS; Arrecadações; SECRETARIA DE DESENVOLVIMENTO SOCIAL E HABITAÇÃO; FUNDO MUNICIPAL DE ASSISTENCIA SOCIAL; SECRETARIA DE DESENVOLVIMENTO SOCIAL E HABITAÇÃO; R$ 0,00; R$ 0,00; R$ 0,00; R$ 0,00; R$ 101,41; R$ 201,93; R$ 0,00; 0.0
 13210101010205; Remun. Dep. Banc.vinculados - MDE/PDDE; Receitas Correntes; Receita Patrimonial; Valores Mobiliários; Remuneração de Depósitos Bancários - Principal; Juros e Correções Monetárias; Remuneração de Depósitos Bancários; ; Juros e Correções Monetárias; Remuneração de Depósitos Bancários; Não se aplica; Remun. Dep. Banc.vinculados - MDE/PDDE; Arrecadações; SECRETARIA DE EDUCAÇÃO; GABINETE DO SECRETÁRIO  DE EDUC.; SECRETARIA DE EDUCAÇÃO; R$ 0,00; R$ 0,00; R$ 0,00; R$ 0,00; R$ 2,60; R$ 5,18; R$ 0,00; 0.0
 13210101010410; Remun. Dep. Banc. Transf. do Estado Cof. Alta Complexidade; Receitas Correntes; Receita Patrimonial; Valores Mobiliários; Remuneração de Depósitos Bancários - Principal; Juros e Correções Monetárias; Remuneração de Depósitos Bancários; ; Juros e Correções Monetárias; Remuneração de Depósitos Bancários; Não se aplica; Remun. Dep. Banc. Transf. do Estado Cof. Alta Complexidade; Arrecadações; SECRETARIA DE DESENVOLVIMENTO SOCIAL E HABITAÇÃO; FUNDO MUNICIPAL DE ASSISTENCIA SOCIAL; SECRETARIA DE DESENVOLVIMENTO SOCIAL E HABITAÇÃO; R$ 0,00; R$ 0,00; R$ 0,00; R$ 0,00; R$ 1,90; R$ 3,78; R$ 0,00; 0.0
 13210101010408; Remun. Dep. Banc. Transf. do Estado Cof. Media Complexidade; Receitas Correntes; Receita Patrimonial; Valores Mobiliários; Remuneração de Depósitos Bancários - Principal; Juros e Correções Monetárias; Remuneração de Depósitos Bancários; ; Juros e Correções Monetárias; Remuneração de Depósitos Bancários; Não se aplica; Remun. Dep. Banc. Transf. do Estado Cof. Media Complexidade; Arrecadações; SECRETARIA DE DESENVOLVIMENTO SOCIAL E HABITAÇÃO; FUNDO MUNICIPAL DE ASSISTENCIA SOCIAL; SECRETARIA DE DESENVOLVIMENTO SOCIAL E HABITAÇÃO; R$ 0,00; R$ 0,00; R$ 0,00; R$ 0,00; R$ 64,33; R$ 128,09; R$ 0,00; 0.0
 13210101019917; Rec. de Remun. Dep. Banc. Vinculados-  Lei Paulo Gustavo; Receitas Correntes; Receita Patrimonial; Valores Mobiliários; Remuneração de Depósitos Bancários - Principal; Juros e Correções Monetárias; Remuneração de Depósitos Bancários; ; Juros e Correções Monetárias; Remuneração de Depósitos Bancários; Não se aplica; Rec. de Remun. Dep. Banc. Vinculados-  Lei Paulo Gustavo; Arrecadações; SECRETARIA DE CULTURA; FUNDO MUNICIPAL DE CULTURA; SECRETARIA DE CULTURA; R$ 0,00; R$ 0,00; R$ 0,00; R$ 0,00; R$ 13,47; R$ 26,83; R$ 0,00; 0.0
 13210101019902; Rec.de Remun. Dep. Banc. Vinculados - Rec. COSIP; Receitas Correntes; Receita Patrimonial; Valores Mobiliários; Remuneração de Depósitos Bancários - Principal; Juros e Correções Monetárias; Remuneração de Depósitos Bancários; ; Juros e Correções Monetárias; Remuneração de Depósitos Bancários; Não se aplica; Rec.de Remun. Dep. Banc. Vinculados - Rec. COSIP; Arrecadações; SECRETARIA DE OBRAS E SERVIÇOS URBANOS; DIRETORIA DE OBRAS; SECRETARIA DE OBRAS E SERVIÇOS URBANOS; R$ 0,00; R$ 0,00; R$ 0,00; R$ 0,00; R$ 19.813,37; R$ 39.868,28; R$ 0,00; 0.0
 13210101019917; Rec. de Remun. Dep. Banc. Vinculados-  Lei Paulo Gustavo; Receitas Correntes; Receita Patrimonial; Valores Mobiliários; Remuneração de Depósitos Bancários - Principal; Juros e Correções Monetárias; Remuneração de Depósitos Bancários; ; Juros e Correções Monetárias; Remuneração de Depósitos Bancários; Não se aplica; Rec. de Remun. Dep. Banc. Vinculados-  Lei Paulo Gustavo; Arrecadações; SECRETARIA DE CULTURA; FUNDO MUNICIPAL DE CULTURA; SECRETARIA DE CULTURA; R$ 0,00; R$ 0,00; R$ 0,00; R$ 0,00; R$ 13,31; R$ 40,14; R$ 0,00; 0.0
 13210101019902; Rec.de Remun. Dep. Banc. Vinculados - Rec. COSIP; Receitas Correntes; Receita Patrimonial; Valores Mobiliários; Remuneração de Depósitos Bancários - Principal; Juros e Correções Monetárias; Remuneração de Depósitos Bancários; ; Juros e Correções Monetárias; Remuneração de Depósitos Bancários; Não se aplica; Rec.de Remun. Dep. Banc. Vinculados - Rec. COSIP; Arrecadações; SECRETARIA DE OBRAS E SERVIÇOS URBANOS; DIRETORIA DE OBRAS; SECRETARIA DE OBRAS E SERVIÇOS URBANOS; R$ 0,00; R$ 0,00; R$ 0,00; R$ 0,00; R$ 20.300,97; R$ 60.169,25; R$ 0,00; 0.0
 13210101019915; Remun Dep Banc Vinculados- Lei Aldir Blanc; Receitas Correntes; Receita Patrimonial; Valores Mobiliários; Remuneração de Depósitos Bancários - Principal; Juros e Correções Monetárias; Remuneração de Depósitos Bancários; ; Juros e Correções Monetárias; Remuneração de Depósitos Bancários; Não se aplica; Remun Dep Banc Vinculados- Lei Aldir Blanc; Arrecadações; SECRETARIA DE CULTURA; FUNDO MUNICIPAL DE CULTURA; SECRETARIA DE CULTURA; R$ 0,00; R$ 0,00; R$ 0,00; R$ 0,00; R$ 682,41; R$ 2.080,79; R$ 0,00; 0.0
 13210101010408; Remun. Dep. Banc. Transf. do Estado Cof. Media Complexidade; Receitas Correntes; Receita Patrimonial; Valores Mobiliários; Remuneração de Depósitos Bancários - Principal; Juros e Correções Monetárias; Remuneração de Depósitos Bancários; ; Juros e Correções Monetárias; Remuneração de Depósitos Bancários; Não se aplica; Remun. Dep. Banc. Transf. do Estado Cof. Media Complexidade; Arrecadações; SECRETARIA DE DESENVOLVIMENTO SOCIAL E HABITAÇÃO; FUNDO MUNICIPAL DE ASSISTENCIA SOCIAL; SECRETARIA DE DESENVOLVIMENTO SOCIAL E HABITAÇÃO; R$ 0,00; R$ 0,00; R$ 0,00; R$ 0,00; R$ 63,53; R$ 191,62; R$ 0,00; 0.0
 13210101010403; Rec. de Remun. Dep. Banc/Vinculados - FMAS/FNAS - IGD SUAS; Receitas Correntes; Receita Patrimonial; Valores Mobiliários; Remuneração de Depósitos Bancários - Principal; Juros e Correções Monetárias; Remuneração de Depósitos Bancários; ; Juros e Correções Monetárias; Remuneração de Depósitos Bancários; Não se aplica; Rec. de Remun. Dep. Banc/Vinculados - FMAS/FNAS - IGD SUAS; Arrecadações; SECRETARIA DE DESENVOLVIMENTO SOCIAL E HABITAÇÃO; FUNDO MUNICIPAL DE ASSISTENCIA SOCIAL; SECRETARIA DE DESENVOLVIMENTO SOCIAL E HABITAÇÃO; R$ 0,00; R$ 0,00; R$ 0,00; R$ 0,00; R$ 100,15; R$ 302,08; R$ 0,00; 0.0
 13210101010205; Remun. Dep. Banc.vinculados - MDE/PDDE; Receitas Correntes; Receita Patrimonial; Valores Mobiliários; Remuneração de Depósitos Bancários - Principal; Juros e Correções Monetárias; Remuneração de Depósitos Bancários; ; Juros e Correções Monetárias; Remuneração de Depósitos Bancários; Não se aplica; Remun. Dep. Banc.vinculados - MDE/PDDE; Arrecadações; SECRETARIA DE EDUCAÇÃO; GABINETE DO SECRETÁRIO  DE EDUC.; SECRETARIA DE EDUCAÇÃO; R$ 0,00; R$ 0,00; R$ 0,00; R$ 0,00; R$ 2,57; R$ 7,75; R$ 0,00; 0.0
 13210101010410; Remun. Dep. Banc. Transf. do Estado Cof. Alta Complexidade; Receitas Correntes; Receita Patrimonial; Valores Mobiliários; Remuneração de Depósitos Bancários - Principal; Juros e Correções Monetárias; Remuneração de Depósitos Bancários; ; Juros e Correções Monetárias; Remuneração de Depósitos Bancários; Não se aplica; Remun. Dep. Banc. Transf. do Estado Cof. Alta Complexidade; Arrecadações; SECRETARIA DE DESENVOLVIMENTO SOCIAL E HABITAÇÃO; FUNDO MUNICIPAL DE ASSISTENCIA SOCIAL; SECRETARIA DE DESENVOLVIMENTO SOCIAL E HABITAÇÃO; R$ 0,00; R$ 0,00; R$ 0,00; R$ 0,00; R$ 31,94; R$ 35,72; R$ 0,00; 0.0
 13210101010403; Rec. de Remun. Dep. Banc/Vinculados - FMAS/FNAS - IGD SUAS; Receitas Correntes; Receita Patrimonial; Valores Mobiliários; Remuneração de Depósitos Bancários - Principal; Juros e Correções Monetárias; Remuneração de Depósitos Bancários; ; Juros e Correções Monetárias; Remuneração de Depósitos Bancários; Não se aplica; Rec. de Remun. Dep. Banc/Vinculados - FMAS/FNAS - IGD SUAS; Arrecadações; SECRETARIA DE DESENVOLVIMENTO SOCIAL E HABITAÇÃO; FUNDO MUNICIPAL DE ASSISTENCIA SOCIAL; SECRETARIA DE DESENVOLVIMENTO SOCIAL E HABITAÇÃO; R$ 0,00; R$ 0,00; R$ 0,00; R$ 0,00; R$ 112,42; R$ 414,50; R$ 0,00; 0.0
 13210101019917; Rec. de Remun. Dep. Banc. Vinculados-  Lei Paulo Gustavo; Receitas Correntes; Receita Patrimonial; Valores Mobiliários; Remuneração de Depósitos Bancários - Principal; Juros e Correções Monetárias; Remuneração de Depósitos Bancários; ; Juros e Correções Monetárias; Remuneração de Depósitos Bancários; Não se aplica; Rec. de Remun. Dep. Banc. Vinculados-  Lei Paulo Gustavo; Arrecadações; SECRETARIA DE CULTURA; FUNDO MUNICIPAL DE CULTURA; SECRETARIA DE CULTURA; R$ 0,00; R$ 0,00; R$ 0,00; R$ 0,00; R$ 14,94; R$ 55,08; R$ 0,00; 0.0
 13210101019902; Rec.de Remun. Dep. Banc. Vinculados - Rec. COSIP; Receitas Correntes; Receita Patrimonial; Valores Mobiliários; Remuneração de Depósitos Bancários - Principal; Juros e Correções Monetárias; Remuneração de Depósitos Bancários; ; Juros e Correções Monetárias; Remuneração de Depósitos Bancários; Não se aplica; Rec.de Remun. Dep. Banc. Vinculados - Rec. COSIP; Arrecadações; SECRETARIA DE OBRAS E SERVIÇOS URBANOS; DIRETORIA DE OBRAS; SECRETARIA DE OBRAS E SERVIÇOS URBANOS; R$ 0,00; R$ 0,00; R$ 0,00; R$ 0,00; R$ 23.357,75; R$ 83.527,00; R$ 0,00; 0.0
 13210101010408; Remun. Dep. Banc. Transf. do Estado Cof. Media Complexidade; Receitas Correntes; Receita Patrimonial; Valores Mobiliários; Remuneração de Depósitos Bancários - Principal; Juros e Correções Monetárias; Remuneração de Depósitos Bancários; ; Juros e Correções Monetárias; Remuneração de Depósitos Bancários; Não se aplica; Remun. Dep. Banc. Transf. do Estado Cof. Media Complexidade; Arrecadações; SECRETARIA DE DESENVOLVIMENTO SOCIAL E HABITAÇÃO; FUNDO MUNICIPAL DE ASSISTENCIA SOCIAL; SECRETARIA DE DESENVOLVIMENTO SOCIAL E HABITAÇÃO; R$ 0,00; R$ 0,00; R$ 0,00; R$ 0,00; R$ 71,31; R$ 262,93; R$ 0,00; 0.0
 13210101010205; Remun. Dep. Banc.vinculados - MDE/PDDE; Receitas Correntes; Receita Patrimonial; Valores Mobiliários; Remuneração de Depósitos Bancários - Principal; Juros e Correções Monetárias; Remuneração de Depósitos Bancários; ; Juros e Correções Monetárias; Remuneração de Depósitos Bancários; Não se aplica; Remun. Dep. Banc.vinculados - MDE/PDDE; Arrecadações; SECRETARIA DE EDUCAÇÃO; GABINETE DO SECRETÁRIO  DE EDUC.; SECRETARIA DE EDUCAÇÃO; R$ 0,00; R$ 0,00; R$ 0,00; R$ 0,00; R$ 2,88; R$ 10,63; R$ 0,00; 0.0
 13210101019915; Remun Dep Banc Vinculados- Lei Aldir Blanc; Receitas Correntes; Receita Patrimonial; Valores Mobiliários; Remuneração de Depósitos Bancários - Principal; Juros e Correções Monetárias; Remuneração de Depósitos Bancários; ; Juros e Correções Monetárias; Remuneração de Depósitos Bancários; Não se aplica; Remun Dep Banc Vinculados- Lei Aldir Blanc; Arrecadações; SECRETARIA DE CULTURA; FUNDO MUNICIPAL DE CULTURA; SECRETARIA DE CULTURA; R$ 0,00; R$ 0,00; R$ 0,00; R$ 0,00; R$ 765,94; R$ 2.846,73; R$ 0,00; 0.0
 13210101010410; Remun. Dep. Banc. Transf. do Estado Cof. Alta Complexidade; Receitas Correntes; Receita Patrimonial; Valores Mobiliários; Remuneração de Depósitos Bancários - Principal; Juros e Correções Monetárias; Remuneração de Depósitos Bancários; ; Juros e Correções Monetárias; Remuneração de Depósitos Bancários; Não se aplica; Remun. Dep. Banc. Transf. do Estado Cof. Alta Complexidade; Arrecadações; SECRETARIA DE DESENVOLVIMENTO SOCIAL E HABITAÇÃO; FUNDO MUNICIPAL DE ASSISTENCIA SOCIAL; SECRETARIA DE DESENVOLVIMENTO SOCIAL E HABITAÇÃO; R$ 0,00; R$ 0,00; R$ 0,00; R$ 0,00; R$ 88,58; R$ 124,30; R$ 0,00; 0.0
 13210101019915; Remun Dep Banc Vinculados- Lei Aldir Blanc; Receitas Correntes; Receita Patrimonial; Valores Mobiliários; Remuneração de Depósitos Bancários - Principal; Juros e Correções Monetárias; Remuneração de Depósitos Bancários; ; Juros e Correções Monetárias; Remuneração de Depósitos Bancários; Não se aplica; Remun Dep Banc Vinculados- Lei Aldir Blanc; Arrecadações; SECRETARIA DE CULTURA; FUNDO MUNICIPAL DE CULTURA; SECRETARIA DE CULTURA; R$ 0,00; R$ 0,00; R$ 0,00; R$ 0,00; R$ 768,61; R$ 3.615,34; R$ 0,00; 0.0
 13210101019902; Rec.de Remun. Dep. Banc. Vinculados - Rec. COSIP; Receitas Correntes; Receita Patrimonial; Valores Mobiliários; Remuneração de Depósitos Bancários - Principal; Juros e Correções Monetárias; Remuneração de Depósitos Bancários; ; Juros e Correções Monetárias; Remuneração de Depósitos Bancários; Não se aplica; Rec.de Remun. Dep. Banc. Vinculados - Rec. COSIP; Arrecadações; SECRETARIA DE OBRAS E SERVIÇOS URBANOS; DIRETORIA DE OBRAS; SECRETARIA DE OBRAS E SERVIÇOS URBANOS; R$ 0,00; R$ 0,00; R$ 0,00; R$ 0,00; R$ 25.948,07; R$ 109.475,07; R$ 0,00; 0.0
 13210101019917; Rec. de Remun. Dep. Banc. Vinculados-  Lei Paulo Gustavo; Receitas Correntes; Receita Patrimonial; Valores Mobiliários; Remuneração de Depósitos Bancários - Principal; Juros e Correções Monetárias; Remuneração de Depósitos Bancários; ; Juros e Correções Monetárias; Remuneração de Depósitos Bancários; Não se aplica; Rec. de Remun. Dep. Banc. Vinculados-  Lei Paulo Gustavo; Arrecadações; SECRETARIA DE CULTURA; FUNDO MUNICIPAL DE CULTURA; SECRETARIA DE CULTURA; R$ 0,00; R$ 0,00; R$ 0,00; R$ 0,00; R$ 16,36; R$ 71,44; R$ 0,00; 0.0
 13210101010408; Remun. Dep. Banc. Transf. do Estado Cof. Media Complexidade; Receitas Correntes; Receita Patrimonial; Valores Mobiliários; Remuneração de Depósitos Bancários - Principal; Juros e Correções Monetárias; Remuneração de Depósitos Bancários; ; Juros e Correções Monetárias; Remuneração de Depósitos Bancários; Não se aplica; Remun. Dep. Banc. Transf. do Estado Cof. Media Complexidade; Arrecadações; SECRETARIA DE DESENVOLVIMENTO SOCIAL E HABITAÇÃO; FUNDO MUNICIPAL DE ASSISTENCIA SOCIAL; SECRETARIA DE DESENVOLVIMENTO SOCIAL E HABITAÇÃO; R$ 0,00; R$ 0,00; R$ 0,00; R$ 0,00; R$ 78,11; R$ 341,04; R$ 0,00; 0.0
 13210101010205; Remun. Dep. Banc.vinculados - MDE/PDDE; Receitas Correntes; Receita Patrimonial; Valores Mobiliários; Remuneração de Depósitos Bancários - Principal; Juros e Correções Monetárias; Remuneração de Depósitos Bancários; ; Juros e Correções Monetárias; Remuneração de Depósitos Bancários; Não se aplica; Remun. Dep. Banc.vinculados - MDE/PDDE; Arrecadações; SECRETARIA DE EDUCAÇÃO; GABINETE DO SECRETÁRIO  DE EDUC.; SECRETARIA DE EDUCAÇÃO; R$ 0,00; R$ 0,00; R$ 0,00; R$ 0,00; R$ 3,15; R$ 13,78; R$ 0,00; 0.0
 13210101010403; Rec. de Remun. Dep. Banc/Vinculados - FMAS/FNAS - IGD SUAS; Receitas Correntes; Receita Patrimonial; Valores Mobiliários; Remuneração de Depósitos Bancários - Principal; Juros e Correções Monetárias; Remuneração de Depósitos Bancários; ; Juros e Correções Monetárias; Remuneração de Depósitos Bancários; Não se aplica; Rec. de Remun. Dep. Banc/Vinculados - FMAS/FNAS - IGD SUAS; Arrecadações; SECRETARIA DE DESENVOLVIMENTO SOCIAL E HABITAÇÃO; FUNDO MUNICIPAL DE ASSISTENCIA SOCIAL; SECRETARIA DE DESENVOLVIMENTO SOCIAL E HABITAÇÃO; R$ 0,00; R$ 0,00; R$ 0,00; R$ 0,00; R$ 123,13; R$ 537,63; R$ 0,00; 0.0
 13210101010410; Remun. Dep. Banc. Transf. do Estado Cof. Alta Complexidade; Receitas Correntes; Receita Patrimonial; Valores Mobiliários; Remuneração de Depósitos Bancários - Principal; Juros e Correções Monetárias; Remuneração de Depósitos Bancários; ; Juros e Correções Monetárias; Remuneração de Depósitos Bancários; Não se aplica; Remun. Dep. Banc. Transf. do Estado Cof. Alta Complexidade; Arrecadações; SECRETARIA DE DESENVOLVIMENTO SOCIAL E HABITAÇÃO; FUNDO MUNICIPAL DE ASSISTENCIA SOCIAL; SECRETARIA DE DESENVOLVIMENTO SOCIAL E HABITAÇÃO; R$ 0,00; R$ 0,00; R$ 0,00; R$ 0,00; R$ 97,02; R$ 221,32; R$ 0,00; 0.0
 13210101010205; Remun. Dep. Banc.vinculados - MDE/PDDE; Receitas Correntes; Receita Patrimonial; Valores Mobiliários; Remuneração de Depósitos Bancários - Principal; Juros e Correções Monetárias; Remuneração de Depósitos Bancários; ; Juros e Correções Monetárias; Remuneração de Depósitos Bancários; Não se aplica; Remun. Dep. Banc.vinculados - MDE/PDDE; Arrecadações; SECRETARIA DE EDUCAÇÃO; GABINETE DO SECRETÁRIO  DE EDUC.; SECRETARIA DE EDUCAÇÃO; R$ 0,00; R$ 0,00; R$ 0,00; R$ 0,00; R$ 3,08; R$ 16,86; R$ 0,00; 0.0
 13210101019917; Rec. de Remun. Dep. Banc. Vinculados-  Lei Paulo Gustavo; Receitas Correntes; Receita Patrimonial; Valores Mobiliários; Remuneração de Depósitos Bancários - Principal; Juros e Correções Monetárias; Remuneração de Depósitos Bancários; ; Juros e Correções Monetárias; Remuneração de Depósitos Bancários; Não se aplica; Rec. de Remun. Dep. Banc. Vinculados-  Lei Paulo Gustavo; Arrecadações; SECRETARIA DE CULTURA; FUNDO MUNICIPAL DE CULTURA; SECRETARIA DE CULTURA; R$ 0,00; R$ 0,00; R$ 0,00; R$ 0,00; R$ 15,98; R$ 87,42; R$ 0,00; 0.0
 13210101019902; Rec.de Remun. Dep. Banc. Vinculados - Rec. COSIP; Receitas Correntes; Receita Patrimonial; Valores Mobiliários; Remuneração de Depósitos Bancários - Principal; Juros e Correções Monetárias; Remuneração de Depósitos Bancários; ; Juros e Correções Monetárias; Remuneração de Depósitos Bancários; Não se aplica; Rec.de Remun. Dep. Banc. Vinculados - Rec. COSIP; Arrecadações; SECRETARIA DE OBRAS E SERVIÇOS URBANOS; DIRETORIA DE OBRAS; SECRETARIA DE OBRAS E SERVIÇOS URBANOS; R$ 0,00; R$ 0,00; R$ 0,00; R$ 0,00; R$ 25.006,41; R$ 134.481,48; R$ 0,00; 0.0
 13210101010403; Rec. de Remun. Dep. Banc/Vinculados - FMAS/FNAS - IGD SUAS; Receitas Correntes; Receita Patrimonial; Valores Mobiliários; Remuneração de Depósitos Bancários - Principal; Juros e Correções Monetárias; Remuneração de Depósitos Bancários; ; Juros e Correções Monetárias; Remuneração de Depósitos Bancários; Não se aplica; Rec. de Remun. Dep. Banc/Vinculados - FMAS/FNAS - IGD SUAS; Arrecadações; SECRETARIA DE DESENVOLVIMENTO SOCIAL E HABITAÇÃO; FUNDO MUNICIPAL DE ASSISTENCIA SOCIAL; SECRETARIA DE DESENVOLVIMENTO SOCIAL E HABITAÇÃO; R$ 0,00; R$ 0,00; R$ 0,00; R$ 0,00; R$ 120,27; R$ 657,90; R$ 0,00; 0.0
 13210101010410; Remun. Dep. Banc. Transf. do Estado Cof. Alta Complexidade; Receitas Correntes; Receita Patrimonial; Valores Mobiliários; Remuneração de Depósitos Bancários - Principal; Juros e Correções Monetárias; Remuneração de Depósitos Bancários; ; Juros e Correções Monetárias; Remuneração de Depósitos Bancários; Não se aplica; Remun. Dep. Banc. Transf. do Estado Cof. Alta Complexidade; Arrecadações; SECRETARIA DE DESENVOLVIMENTO SOCIAL E HABITAÇÃO; FUNDO MUNICIPAL DE ASSISTENCIA SOCIAL; SECRETARIA DE DESENVOLVIMENTO SOCIAL E HABITAÇÃO; R$ 0,00; R$ 0,00; R$ 0,00; R$ 0,00; R$ 108,45; R$ 329,77; R$ 0,00; 0.0
 13210101010408; Remun. Dep. Banc. Transf. do Estado Cof. Media Complexidade; Receitas Correntes; Receita Patrimonial; Valores Mobiliários; Remuneração de Depósitos Bancários - Principal; Juros e Correções Monetárias; Remuneração de Depósitos Bancários; ; Juros e Correções Monetárias; Remuneração de Depósitos Bancários; Não se aplica; Remun. Dep. Banc. Transf. do Estado Cof. Media Complexidade; Arrecadações; SECRETARIA DE DESENVOLVIMENTO SOCIAL E HABITAÇÃO; FUNDO MUNICIPAL DE ASSISTENCIA SOCIAL; SECRETARIA DE DESENVOLVIMENTO SOCIAL E HABITAÇÃO; R$ 0,00; R$ 0,00; R$ 0,00; R$ 0,00; R$ 76,30; R$ 417,34; R$ 0,00; 0.0
 13210101019915; Remun Dep Banc Vinculados- Lei Aldir Blanc; Receitas Correntes; Receita Patrimonial; Valores Mobiliários; Remuneração de Depósitos Bancários - Principal; Juros e Correções Monetárias; Remuneração de Depósitos Bancários; ; Juros e Correções Monetárias; Remuneração de Depósitos Bancários; Não se aplica; Remun Dep Banc Vinculados- Lei Aldir Blanc; Arrecadações; SECRETARIA DE CULTURA; FUNDO MUNICIPAL DE CULTURA; SECRETARIA DE CULTURA; R$ 0,00; R$ 0,00; R$ 0,00; R$ 0,00; R$ 478,79; R$ 4.094,13; R$ 0,00; 0.0
 13210101010205; Remun. Dep. Banc.vinculados - MDE/PDDE; Receitas Correntes; Receita Patrimonial; Valores Mobiliários; Remuneração de Depósitos Bancários - Principal; Juros e Correções Monetárias; Remuneração de Depósitos Bancários; ; Juros e Correções Monetárias; Remuneração de Depósitos Bancários; Não se aplica; Remun. Dep. Banc.vinculados - MDE/PDDE; Arrecadações; SECRETARIA DE EDUCAÇÃO; GABINETE DO SECRETÁRIO  DE EDUC.; SECRETARIA DE EDUCAÇÃO; R$ 0,00; R$ 0,00; R$ 0,00; R$ 0,00; R$ 3,64; R$ 20,50; R$ 0,00; 0.0
 13210101019917; Rec. de Remun. Dep. Banc. Vinculados-  Lei Paulo Gustavo; Receitas Correntes; Receita Patrimonial; Valores Mobiliários; Remuneração de Depósitos Bancários - Principal; Juros e Correções Monetárias; Remuneração de Depósitos Bancários; ; Juros e Correções Monetárias; Remuneração de Depósitos Bancários; Não se aplica; Rec. de Remun. Dep. Banc. Vinculados-  Lei Paulo Gustavo; Arrecadações; SECRETARIA DE CULTURA; FUNDO MUNICIPAL DE CULTURA; SECRETARIA DE CULTURA; R$ 0,00; R$ 0,00; R$ 0,00; R$ 0,00; R$ 18,83; R$ 106,25; R$ 0,00; 0.0
 13210101019902; Rec.de Remun. Dep. Banc. Vinculados - Rec. COSIP; Receitas Correntes; Receita Patrimonial; Valores Mobiliários; Remuneração de Depósitos Bancários - Principal; Juros e Correções Monetárias; Remuneração de Depósitos Bancários; ; Juros e Correções Monetárias; Remuneração de Depósitos Bancários; Não se aplica; Rec.de Remun. Dep. Banc. Vinculados - Rec. COSIP; Arrecadações; SECRETARIA DE OBRAS E SERVIÇOS URBANOS; DIRETORIA DE OBRAS; SECRETARIA DE OBRAS E SERVIÇOS URBANOS; R$ 0,00; R$ 0,00; R$ 0,00; R$ 0,00; R$ 29.461,81; R$ 163.943,29; R$ 0,00; 0.0
 13210101010403; Rec. de Remun. Dep. Banc/Vinculados - FMAS/FNAS - IGD SUAS; Receitas Correntes; Receita Patrimonial; Valores Mobiliários; Remuneração de Depósitos Bancários - Principal; Juros e Correções Monetárias; Remuneração de Depósitos Bancários; ; Juros e Correções Monetárias; Remuneração de Depósitos Bancários; Não se aplica; Rec. de Remun. Dep. Banc/Vinculados - FMAS/FNAS - IGD SUAS; Arrecadações; SECRETARIA DE DESENVOLVIMENTO SOCIAL E HABITAÇÃO; FUNDO MUNICIPAL DE ASSISTENCIA SOCIAL; SECRETARIA DE DESENVOLVIMENTO SOCIAL E HABITAÇÃO; R$ 0,00; R$ 0,00; R$ 0,00; R$ 0,00; R$ 141,70; R$ 799,60; R$ 0,00; 0.0
 13210101019901; Rec. de Remun. Dep. Banc./Vinc. - Rec. CIDE; Receitas Correntes; Receita Patrimonial; Valores Mobiliários; Remuneração de Depósitos Bancários - Principal; Juros e Correções Monetárias; Remuneração de Depósitos Bancários; ; Juros e Correções Monetárias; Remuneração de Depósitos Bancários; Não se aplica; Rec. de Remun. Dep. Banc./Vinc. - Rec. CIDE; Arrecadações; SECRETARIA DE OBRAS E SERVIÇOS URBANOS; DIRETORIA DE OBRAS; SECRETARIA DE OBRAS E SERVIÇOS URBANOS; R$ 0,00; R$ 0,00; R$ 0,00; R$ 0,00; R$ 5.320,45; R$ 5.320,45; R$ 0,00; 0.0
 13210101019910; Remun  Dep Banc  Vinculados- Alien. de Bens; Receitas Correntes; Receita Patrimonial; Valores Mobiliários; Remuneração de Depósitos Bancários - Principal; Juros e Correções Monetárias; Remuneração de Depósitos Bancários; ; Juros e Correções Monetárias; Remuneração de Depósitos Bancários; Não se aplica; Remun  Dep Banc  Vinculados- Alien. de Bens; Arrecadações; SECRETARIA DE ADMINISTRAÇÃO E FINANÇAS; SECRETARIA DE ADMINISTRAÇÃO E FINANÇAS; SECRETARIA DE ADMINISTRAÇÃO E FINANÇAS; R$ 0,00; R$ 0,00; R$ 0,00; R$ 0,00; R$ 1.458,68; R$ 1.458,68; R$ 0,00; 0.0
 13210101019907; Rec.de Remun. Dep. Banc. Vinculados - Rec. FEP; Receitas Correntes; Receita Patrimonial; Valores Mobiliários; Remuneração de Depósitos Bancários - Principal; Juros e Correções Monetárias; Remuneração de Depósitos Bancários; ; Juros e Correções Monetárias; Remuneração de Depósitos Bancários; Não se aplica; Rec.de Remun. Dep. Banc. Vinculados - Rec. FEP; Arrecadações; SECRETARIA DE OBRAS E SERVIÇOS URBANOS; DIRETORIA DE OBRAS; SECRETARIA DE OBRAS E SERVIÇOS URBANOS; R$ 0,00; R$ 0,00; R$ 0,00; R$ 0,00; R$ 335,38; R$ 335,38; R$ 0,00; 0.0
 13210101019908; Rec.de Remun. Dep. Banc. Vinculados - Rec.CFEM; Receitas Correntes; Receita Patrimonial; Valores Mobiliários; Remuneração de Depósitos Bancários - Principal; Juros e Correções Monetárias; Remuneração de Depósitos Bancários; ; Juros e Correções Monetárias; Remuneração de Depósitos Bancários; Não se aplica; Rec.de Remun. Dep. Banc. Vinculados - Rec.CFEM; Arrecadações; SECRETARIA DE OBRAS E SERVIÇOS URBANOS; DIRETORIA DE OBRAS; SECRETARIA DE OBRAS E SERVIÇOS URBANOS; R$ 0,00; R$ 0,00; R$ 0,00; R$ 0,00; R$ 501,11; R$ 501,11; R$ 0,00; 0.0
 13210101010504; Remun Dep Banc Vinculados-Convênios da União Programas de Assistência Social; Receitas Correntes; Receita Patrimonial; Valores Mobiliários; Remuneração de Depósitos Bancários - Principal; Juros e Correções Monetárias; Remuneração de Depósitos Bancários; ; Juros e Correções Monetárias; Remuneração de Depósitos Bancários; Não se aplica; Remun Dep Banc Vinculados-Convênios da União Programas de Assistência Social; Arrecadações; SECRETARIA DE DESENVOLVIMENTO SOCIAL E HABITAÇÃO; FUNDO MUNICIPAL DE ASSISTENCIA SOCIAL; SECRETARIA DE DESENVOLVIMENTO SOCIAL E HABITAÇÃO; R$ 0,00; R$ 0,00; R$ 0,00; R$ 0,00; R$ 299,72; R$ 299,72; R$ 0,00; 0.0
 13210101010201; Rec. de Remun. Dep. Banc/Vinculados- Recursos do FNDE/PNAE; Receitas Correntes; Receita Patrimonial; Valores Mobiliários; Remuneração de Depósitos Bancários - Principal; Juros e Correções Monetárias; Remuneração de Depósitos Bancários; ; Juros e Correções Monetárias; Remuneração de Depósitos Bancários; Não se aplica; Rec. de Remun. Dep. Banc/Vinculados- Recursos do FNDE/PNAE; Arrecadações; SECRETARIA DE EDUCAÇÃO; GABINETE DO SECRETÁRIO  DE EDUC.; SECRETARIA DE EDUCAÇÃO; R$ 0,00; R$ 0,00; R$ 0,00; R$ 0,00; R$ 135,03; R$ 135,03; R$ 0,00; 0.0
 13210101019910; Remun  Dep Banc  Vinculados- Alien. de Bens; Receitas Correntes; Receita Patrimonial; Valores Mobiliários; Remuneração de Depósitos Bancários - Principal; Juros e Correções Monetárias; Remuneração de Depósitos Bancários; ; Juros e Correções Monetárias; Remuneração de Depósitos Bancários; Não se aplica; Remun  Dep Banc  Vinculados- Alien. de Bens; Arrecadações; SECRETARIA DE ADMINISTRAÇÃO E FINANÇAS; SECRETARIA DE ADMINISTRAÇÃO E FINANÇAS; SECRETARIA DE ADMINISTRAÇÃO E FINANÇAS; R$ 0,00; R$ 0,00; R$ 0,00; R$ 0,00; R$ 1.443,84; R$ 2.902,52; R$ 0,00; 0.0
 13210101010201; Rec. de Remun. Dep. Banc/Vinculados- Recursos do FNDE/PNAE; Receitas Correntes; Receita Patrimonial; Valores Mobiliários; Remuneração de Depósitos Bancários - Principal; Juros e Correções Monetárias; Remuneração de Depósitos Bancários; ; Juros e Correções Monetárias; Remuneração de Depósitos Bancários; Não se aplica; Rec. de Remun. Dep. Banc/Vinculados- Recursos do FNDE/PNAE; Arrecadações; SECRETARIA DE EDUCAÇÃO; GABINETE DO SECRETÁRIO  DE EDUC.; SECRETARIA DE EDUCAÇÃO; R$ 0,00; R$ 0,00; R$ 0,00; R$ 0,00; R$ 303,11; R$ 438,14; R$ 0,00; 0.0
 13210101019908; Rec.de Remun. Dep. Banc. Vinculados - Rec.CFEM; Receitas Correntes; Receita Patrimonial; Valores Mobiliários; Remuneração de Depósitos Bancários - Principal; Juros e Correções Monetárias; Remuneração de Depósitos Bancários; ; Juros e Correções Monetárias; Remuneração de Depósitos Bancários; Não se aplica; Rec.de Remun. Dep. Banc. Vinculados - Rec.CFEM; Arrecadações; SECRETARIA DE OBRAS E SERVIÇOS URBANOS; DIRETORIA DE OBRAS; SECRETARIA DE OBRAS E SERVIÇOS URBANOS; R$ 0,00; R$ 0,00; R$ 0,00; R$ 0,00; R$ 370,08; R$ 871,19; R$ 0,00; 0.0
 13210101019907; Rec.de Remun. Dep. Banc. Vinculados - Rec. FEP; Receitas Correntes; Receita Patrimonial; Valores Mobiliários; Remuneração de Depósitos Bancários - Principal; Juros e Correções Monetárias; Remuneração de Depósitos Bancários; ; Juros e Correções Monetárias; Remuneração de Depósitos Bancários; Não se aplica; Rec.de Remun. Dep. Banc. Vinculados - Rec. FEP; Arrecadações; SECRETARIA DE OBRAS E SERVIÇOS URBANOS; DIRETORIA DE OBRAS; SECRETARIA DE OBRAS E SERVIÇOS URBANOS; R$ 0,00; R$ 0,00; R$ 0,00; R$ 0,00; R$ 497,07; R$ 832,45; R$ 0,00; 0.0
 13210101019901; Rec. de Remun. Dep. Banc./Vinc. - Rec. CIDE; Receitas Correntes; Receita Patrimonial; Valores Mobiliários; Remuneração de Depósitos Bancários - Principal; Juros e Correções Monetárias; Remuneração de Depósitos Bancários; ; Juros e Correções Monetárias; Remuneração de Depósitos Bancários; Não se aplica; Rec. de Remun. Dep. Banc./Vinc. - Rec. CIDE; Arrecadações; SECRETARIA DE OBRAS E SERVIÇOS URBANOS; DIRETORIA DE OBRAS; SECRETARIA DE OBRAS E SERVIÇOS URBANOS; R$ 0,00; R$ 0,00; R$ 0,00; R$ 0,00; R$ 74,54; R$ 5.394,99; R$ 0,00; 0.0
 13210101010504; Remun Dep Banc Vinculados-Convênios da União Programas de Assistência Social; Receitas Correntes; Receita Patrimonial; Valores Mobiliários; Remuneração de Depósitos Bancários - Principal; Juros e Correções Monetárias; Remuneração de Depósitos Bancários; ; Juros e Correções Monetárias; Remuneração de Depósitos Bancários; Não se aplica; Remun Dep Banc Vinculados-Convênios da União Programas de Assistência Social; Arrecadações; SECRETARIA DE DESENVOLVIMENTO SOCIAL E HABITAÇÃO; FUNDO MUNICIPAL DE ASSISTENCIA SOCIAL; SECRETARIA DE DESENVOLVIMENTO SOCIAL E HABITAÇÃO; R$ 0,00; R$ 0,00; R$ 0,00; R$ 0,00; R$ 236,09; R$ 535,81; R$ 0,00; 0.0
 13210101010201; Rec. de Remun. Dep. Banc/Vinculados- Recursos do FNDE/PNAE; Receitas Correntes; Receita Patrimonial; Valores Mobiliários; Remuneração de Depósitos Bancários - Principal; Juros e Correções Monetárias; Remuneração de Depósitos Bancários; ; Juros e Correções Monetárias; Remuneração de Depósitos Bancários; Não se aplica; Rec. de Remun. Dep. Banc/Vinculados- Recursos do FNDE/PNAE; Arrecadações; SECRETARIA DE EDUCAÇÃO; GABINETE DO SECRETÁRIO  DE EDUC.; SECRETARIA DE EDUCAÇÃO; R$ 0,00; R$ 0,00; R$ 0,00; R$ 0,00; R$ 632,17; R$ 1.070,31; R$ 0,00; 0.0
 13210101019907; Rec.de Remun. Dep. Banc. Vinculados - Rec. FEP; Receitas Correntes; Receita Patrimonial; Valores Mobiliários; Remuneração de Depósitos Bancários - Principal; Juros e Correções Monetárias; Remuneração de Depósitos Bancários; ; Juros e Correções Monetárias; Remuneração de Depósitos Bancários; Não se aplica; Rec.de Remun. Dep. Banc. Vinculados - Rec. FEP; Arrecadações; SECRETARIA DE OBRAS E SERVIÇOS URBANOS; DIRETORIA DE OBRAS; SECRETARIA DE OBRAS E SERVIÇOS URBANOS; R$ 0,00; R$ 0,00; R$ 0,00; R$ 0,00; R$ 732,99; R$ 1.565,44; R$ 0,00; 0.0
 13210101010504; Remun Dep Banc Vinculados-Convênios da União Programas de Assistência Social; Receitas Correntes; Receita Patrimonial; Valores Mobiliários; Remuneração de Depósitos Bancários - Principal; Juros e Correções Monetárias; Remuneração de Depósitos Bancários; ; Juros e Correções Monetárias; Remuneração de Depósitos Bancários; Não se aplica; Remun Dep Banc Vinculados-Convênios da União Programas de Assistência Social; Arrecadações; SECRETARIA DE DESENVOLVIMENTO SOCIAL E HABITAÇÃO; FUNDO MUNICIPAL DE ASSISTENCIA SOCIAL; SECRETARIA DE DESENVOLVIMENTO SOCIAL E HABITAÇÃO; R$ 0,00; R$ 0,00; R$ 0,00; R$ 0,00; R$ 169,43; R$ 705,24; R$ 0,00; 0.0
 13210101019910; Remun  Dep Banc  Vinculados- Alien. de Bens; Receitas Correntes; Receita Patrimonial; Valores Mobiliários; Remuneração de Depósitos Bancários - Principal; Juros e Correções Monetárias; Remuneração de Depósitos Bancários; ; Juros e Correções Monetárias; Remuneração de Depósitos Bancários; Não se aplica; Remun  Dep Banc  Vinculados- Alien. de Bens; Arrecadações; SECRETARIA DE ADMINISTRAÇÃO E FINANÇAS; SECRETARIA DE ADMINISTRAÇÃO E FINANÇAS; SECRETARIA DE ADMINISTRAÇÃO E FINANÇAS; R$ 0,00; R$ 0,00; R$ 0,00; R$ 0,00; R$ 1.359,92; R$ 4.262,44; R$ 0,00; 0.0
 13210101019901; Rec. de Remun. Dep. Banc./Vinc. - Rec. CIDE; Receitas Correntes; Receita Patrimonial; Valores Mobiliários; Remuneração de Depósitos Bancários - Principal; Juros e Correções Monetárias; Remuneração de Depósitos Bancários; ; Juros e Correções Monetárias; Remuneração de Depósitos Bancários; Não se aplica; Rec. de Remun. Dep. Banc./Vinc. - Rec. CIDE; Arrecadações; SECRETARIA DE OBRAS E SERVIÇOS URBANOS; DIRETORIA DE OBRAS; SECRETARIA DE OBRAS E SERVIÇOS URBANOS; R$ 0,00; R$ 0,00; R$ 0,00; R$ 0,00; R$ 71,91; R$ 5.466,90; R$ 0,00; 0.0
 13210101019908; Rec.de Remun. Dep. Banc. Vinculados - Rec.CFEM; Receitas Correntes; Receita Patrimonial; Valores Mobiliários; Remuneração de Depósitos Bancários - Principal; Juros e Correções Monetárias; Remuneração de Depósitos Bancários; ; Juros e Correções Monetárias; Remuneração de Depósitos Bancários; Não se aplica; Rec.de Remun. Dep. Banc. Vinculados - Rec.CFEM; Arrecadações; SECRETARIA DE OBRAS E SERVIÇOS URBANOS; DIRETORIA DE OBRAS; SECRETARIA DE OBRAS E SERVIÇOS URBANOS; R$ 0,00; R$ 0,00; R$ 0,00; R$ 0,00; R$ 398,58; R$ 1.269,77; R$ 0,00; 0.0
 13210101019901; Rec. de Remun. Dep. Banc./Vinc. - Rec. CIDE; Receitas Correntes; Receita Patrimonial; Valores Mobiliários; Remuneração de Depósitos Bancários - Principal; Juros e Correções Monetárias; Remuneração de Depósitos Bancários; ; Juros e Correções Monetárias; Remuneração de Depósitos Bancários; Não se aplica; Rec. de Remun. Dep. Banc./Vinc. - Rec. CIDE; Arrecadações; SECRETARIA DE OBRAS E SERVIÇOS URBANOS; DIRETORIA DE OBRAS; SECRETARIA DE OBRAS E SERVIÇOS URBANOS; R$ 0,00; R$ 0,00; R$ 0,00; R$ 0,00; R$ 5.613,46; R$ 11.080,36; R$ 0,00; 0.0
 13210101010201; Rec. de Remun. Dep. Banc/Vinculados- Recursos do FNDE/PNAE; Receitas Correntes; Receita Patrimonial; Valores Mobiliários; Remuneração de Depósitos Bancários - Principal; Juros e Correções Monetárias; Remuneração de Depósitos Bancários; ; Juros e Correções Monetárias; Remuneração de Depósitos Bancários; Não se aplica; Rec. de Remun. Dep. Banc/Vinculados- Recursos do FNDE/PNAE; Arrecadações; SECRETARIA DE EDUCAÇÃO; GABINETE DO SECRETÁRIO  DE EDUC.; SECRETARIA DE EDUCAÇÃO; R$ 0,00; R$ 0,00; R$ 0,00; R$ 0,00; R$ 972,09; R$ 2.042,40; R$ 0,00; 0.0
 13210101019910; Remun  Dep Banc  Vinculados- Alien. de Bens; Receitas Correntes; Receita Patrimonial; Valores Mobiliários; Remuneração de Depósitos Bancários - Principal; Juros e Correções Monetárias; Remuneração de Depósitos Bancários; ; Juros e Correções Monetárias; Remuneração de Depósitos Bancários; Não se aplica; Remun  Dep Banc  Vinculados- Alien. de Bens; Arrecadações; SECRETARIA DE ADMINISTRAÇÃO E FINANÇAS; SECRETARIA DE ADMINISTRAÇÃO E FINANÇAS; SECRETARIA DE ADMINISTRAÇÃO E FINANÇAS; R$ 0,00; R$ 0,00; R$ 0,00; R$ 0,00; R$ 1.526,40; R$ 5.788,84; R$ 0,00; 0.0
 13210101019908; Rec.de Remun. Dep. Banc. Vinculados - Rec.CFEM; Receitas Correntes; Receita Patrimonial; Valores Mobiliários; Remuneração de Depósitos Bancários - Principal; Juros e Correções Monetárias; Remuneração de Depósitos Bancários; ; Juros e Correções Monetárias; Remuneração de Depósitos Bancários; Não se aplica; Rec.de Remun. Dep. Banc. Vinculados - Rec.CFEM; Arrecadações; SECRETARIA DE OBRAS E SERVIÇOS URBANOS; DIRETORIA DE OBRAS; SECRETARIA DE OBRAS E SERVIÇOS URBANOS; R$ 0,00; R$ 0,00; R$ 0,00; R$ 0,00; R$ 485,53; R$ 1.755,30; R$ 0,00; 0.0
 13210101010504; Remun Dep Banc Vinculados-Convênios da União Programas de Assistência Social; Receitas Correntes; Receita Patrimonial; Valores Mobiliários; Remuneração de Depósitos Bancários - Principal; Juros e Correções Monetárias; Remuneração de Depósitos Bancários; ; Juros e Correções Monetárias; Remuneração de Depósitos Bancários; Não se aplica; Remun Dep Banc Vinculados-Convênios da União Programas de Assistência Social; Arrecadações; SECRETARIA DE DESENVOLVIMENTO SOCIAL E HABITAÇÃO; FUNDO MUNICIPAL DE ASSISTENCIA SOCIAL; SECRETARIA DE DESENVOLVIMENTO SOCIAL E HABITAÇÃO; R$ 0,00; R$ 0,00; R$ 0,00; R$ 0,00; R$ 190,18; R$ 895,42; R$ 0,00; 0.0
 13210101019907; Rec.de Remun. Dep. Banc. Vinculados - Rec. FEP; Receitas Correntes; Receita Patrimonial; Valores Mobiliários; Remuneração de Depósitos Bancários - Principal; Juros e Correções Monetárias; Remuneração de Depósitos Bancários; ; Juros e Correções Monetárias; Remuneração de Depósitos Bancários; Não se aplica; Rec.de Remun. Dep. Banc. Vinculados - Rec. FEP; Arrecadações; SECRETARIA DE OBRAS E SERVIÇOS URBANOS; DIRETORIA DE OBRAS; SECRETARIA DE OBRAS E SERVIÇOS URBANOS; R$ 0,00; R$ 0,00; R$ 0,00; R$ 0,00; R$ 1.247,43; R$ 2.812,87; R$ 0,00; 0.0
 13210101019908; Rec.de Remun. Dep. Banc. Vinculados - Rec.CFEM; Receitas Correntes; Receita Patrimonial; Valores Mobiliários; Remuneração de Depósitos Bancários - Principal; Juros e Correções Monetárias; Remuneração de Depósitos Bancários; ; Juros e Correções Monetárias; Remuneração de Depósitos Bancários; Não se aplica; Rec.de Remun. Dep. Banc. Vinculados - Rec.CFEM; Arrecadações; SECRETARIA DE OBRAS E SERVIÇOS URBANOS; DIRETORIA DE OBRAS; SECRETARIA DE OBRAS E SERVIÇOS URBANOS; R$ 0,00; R$ 0,00; R$ 0,00; R$ 0,00; R$ 601,60; R$ 2.356,90; R$ 0,00; 0.0
 13210101019901; Rec. de Remun. Dep. Banc./Vinc. - Rec. CIDE; Receitas Correntes; Receita Patrimonial; Valores Mobiliários; Remuneração de Depósitos Bancários - Principal; Juros e Correções Monetárias; Remuneração de Depósitos Bancários; ; Juros e Correções Monetárias; Remuneração de Depósitos Bancários; Não se aplica; Rec. de Remun. Dep. Banc./Vinc. - Rec. CIDE; Arrecadações; SECRETARIA DE OBRAS E SERVIÇOS URBANOS; DIRETORIA DE OBRAS; SECRETARIA DE OBRAS E SERVIÇOS URBANOS; R$ 0,00; R$ 0,00; R$ 0,00; R$ 0,00; R$ 136,50; R$ 11.216,86; R$ 0,00; 0.0
 13210101010504; Remun Dep Banc Vinculados-Convênios da União Programas de Assistência Social; Receitas Correntes; Receita Patrimonial; Valores Mobiliários; Remuneração de Depósitos Bancários - Principal; Juros e Correções Monetárias; Remuneração de Depósitos Bancários; ; Juros e Correções Monetárias; Remuneração de Depósitos Bancários; Não se aplica; Remun Dep Banc Vinculados-Convênios da União Programas de Assistência Social; Arrecadações; SECRETARIA DE DESENVOLVIMENTO SOCIAL E HABITAÇÃO; FUNDO MUNICIPAL DE ASSISTENCIA SOCIAL; SECRETARIA DE DESENVOLVIMENTO SOCIAL E HABITAÇÃO; R$ 0,00; R$ 0,00; R$ 0,00; R$ 0,00; R$ 208,30; R$ 1.103,72; R$ 0,00; 0.0
 13210101019901; Rec. de Remun. Dep. Banc./Vinc. - Rec. CIDE; Receitas Correntes; Receita Patrimonial; Valores Mobiliários; Remuneração de Depósitos Bancários - Principal; Juros e Correções Monetárias; Remuneração de Depósitos Bancários; ; Juros e Correções Monetárias; Remuneração de Depósitos Bancários; Não se aplica; Rec. de Remun. Dep. Banc./Vinc. - Rec. CIDE; Arrecadações; SECRETARIA DE OBRAS E SERVIÇOS URBANOS; DIRETORIA DE OBRAS; SECRETARIA DE OBRAS E SERVIÇOS URBANOS; R$ 0,00; R$ 0,00; R$ 0,00; R$ 0,00; R$ 0,94; R$ 12.382,90; R$ 0,00; 0.0
 13210101019910; Remun  Dep Banc  Vinculados- Alien. de Bens; Receitas Correntes; Receita Patrimonial; Valores Mobiliários; Remuneração de Depósitos Bancários - Principal; Juros e Correções Monetárias; Remuneração de Depósitos Bancários; ; Juros e Correções Monetárias; Remuneração de Depósitos Bancários; Não se aplica; Remun  Dep Banc  Vinculados- Alien. de Bens; Arrecadações; SECRETARIA DE ADMINISTRAÇÃO E FINANÇAS; SECRETARIA DE ADMINISTRAÇÃO E FINANÇAS; SECRETARIA DE ADMINISTRAÇÃO E FINANÇAS; R$ 0,00; R$ 0,00; R$ 0,00; R$ 0,00; R$ 685,07; R$ 16.029,01; R$ 0,00; 0.0
 13210101010201; Rec. de Remun. Dep. Banc/Vinculados- Recursos do FNDE/PNAE; Receitas Correntes; Receita Patrimonial; Valores Mobiliários; Remuneração de Depósitos Bancários - Principal; Juros e Correções Monetárias; Remuneração de Depósitos Bancários; ; Juros e Correções Monetárias; Remuneração de Depósitos Bancários; Não se aplica; Rec. de Remun. Dep. Banc/Vinculados- Recursos do FNDE/PNAE; Arrecadações; SECRETARIA DE EDUCAÇÃO; GABINETE DO SECRETÁRIO  DE EDUC.; SECRETARIA DE EDUCAÇÃO; R$ 0,00; R$ 0,00; R$ 0,00; R$ 0,00; R$ 426,62; R$ 11.932,29; R$ 0,00; 0.0
 13210101010504; Remun Dep Banc Vinculados-Convênios da União Programas de Assistência Social; Receitas Correntes; Receita Patrimonial; Valores Mobiliários; Remuneração de Depósitos Bancários - Principal; Juros e Correções Monetárias; Remuneração de Depósitos Bancários; ; Juros e Correções Monetárias; Remuneração de Depósitos Bancários; Não se aplica; Remun Dep Banc Vinculados-Convênios da União Programas de Assistência Social; Arrecadações; SECRETARIA DE DESENVOLVIMENTO SOCIAL E HABITAÇÃO; FUNDO MUNICIPAL DE ASSISTENCIA SOCIAL; SECRETARIA DE DESENVOLVIMENTO SOCIAL E HABITAÇÃO; R$ 0,00; R$ 0,00; R$ 0,00; R$ 0,00; R$ 75,10; R$ 2.029,05; R$ 0,00; 0.0
 13210101019907; Rec.de Remun. Dep. Banc. Vinculados - Rec. FEP; Receitas Correntes; Receita Patrimonial; Valores Mobiliários; Remuneração de Depósitos Bancários - Principal; Juros e Correções Monetárias; Remuneração de Depósitos Bancários; ; Juros e Correções Monetárias; Remuneração de Depósitos Bancários; Não se aplica; Rec.de Remun. Dep. Banc. Vinculados - Rec. FEP; Arrecadações; SECRETARIA DE OBRAS E SERVIÇOS URBANOS; DIRETORIA DE OBRAS; SECRETARIA DE OBRAS E SERVIÇOS URBANOS; R$ 0,00; R$ 0,00; R$ 0,00; R$ 0,00; R$ 248,24; R$ 8.838,93; R$ 0,00; 0.0
 13210101019908; Rec.de Remun. Dep. Banc. Vinculados - Rec.CFEM; Receitas Correntes; Receita Patrimonial; Valores Mobiliários; Remuneração de Depósitos Bancários - Principal; Juros e Correções Monetárias; Remuneração de Depósitos Bancários; ; Juros e Correções Monetárias; Remuneração de Depósitos Bancários; Não se aplica; Rec.de Remun. Dep. Banc. Vinculados - Rec.CFEM; Arrecadações; SECRETARIA DE OBRAS E SERVIÇOS URBANOS; DIRETORIA DE OBRAS; SECRETARIA DE OBRAS E SERVIÇOS URBANOS; R$ 0,00; R$ 0,00; R$ 0,00; R$ 0,00; R$ 470,83; R$ 6.180,48; R$ 0,00; 0.0
 13210101010201; Rec. de Remun. Dep. Banc/Vinculados- Recursos do FNDE/PNAE; Receitas Correntes; Receita Patrimonial; Valores Mobiliários; Remuneração de Depósitos Bancários - Principal; Juros e Correções Monetárias; Remuneração de Depósitos Bancários; ; Juros e Correções Monetárias; Remuneração de Depósitos Bancários; Não se aplica; Rec. de Remun. Dep. Banc/Vinculados- Recursos do FNDE/PNAE; Arrecadações; SECRETARIA DE EDUCAÇÃO; GABINETE DO SECRETÁRIO  DE EDUC.; SECRETARIA DE EDUCAÇÃO; R$ 0,00; R$ 0,00; R$ 0,00; R$ 0,00; R$ 1.720,32; R$ 5.233,61; R$ 0,00; 0.0
 13210101019910; Remun  Dep Banc  Vinculados- Alien. de Bens; Receitas Correntes; Receita Patrimonial; Valores Mobiliários; Remuneração de Depósitos Bancários - Principal; Juros e Correções Monetárias; Remuneração de Depósitos Bancários; ; Juros e Correções Monetárias; Remuneração de Depósitos Bancários; Não se aplica; Remun  Dep Banc  Vinculados- Alien. de Bens; Arrecadações; SECRETARIA DE ADMINISTRAÇÃO E FINANÇAS; SECRETARIA DE ADMINISTRAÇÃO E FINANÇAS; SECRETARIA DE ADMINISTRAÇÃO E FINANÇAS; R$ 0,00; R$ 0,00; R$ 0,00; R$ 0,00; R$ 1.633,03; R$ 9.093,75; R$ 0,00; 0.0
 13210101019908; Rec.de Remun. Dep. Banc. Vinculados - Rec.CFEM; Receitas Correntes; Receita Patrimonial; Valores Mobiliários; Remuneração de Depósitos Bancários - Principal; Juros e Correções Monetárias; Remuneração de Depósitos Bancários; ; Juros e Correções Monetárias; Remuneração de Depósitos Bancários; Não se aplica; Rec.de Remun. Dep. Banc. Vinculados - Rec.CFEM; Arrecadações; SECRETARIA DE OBRAS E SERVIÇOS URBANOS; DIRETORIA DE OBRAS; SECRETARIA DE OBRAS E SERVIÇOS URBANOS; R$ 0,00; R$ 0,00; R$ 0,00; R$ 0,00; R$ 647,11; R$ 3.004,01; R$ 0,00; 0.0
 13210101019908; Rec.de Remun. Dep. Banc. Vinculados - Rec.CFEM; Receitas Correntes; Receita Patrimonial; Valores Mobiliários; Remuneração de Depósitos Bancários - Principal; Juros e Correções Monetárias; Remuneração de Depósitos Bancários; ; Juros e Correções Monetárias; Remuneração de Depósitos Bancários; Não se aplica; Rec.de Remun. Dep. Banc. Vinculados - Rec.CFEM; Arrecadações; SECRETARIA DE OBRAS E SERVIÇOS URBANOS; DIRETORIA DE OBRAS; SECRETARIA DE OBRAS E SERVIÇOS URBANOS; R$ 0,00; R$ 0,00; R$ 0,00; R$ 0,00; R$ 777,98; R$ 3.781,99; R$ 0,00; 0.0
 13210101010504; Remun Dep Banc Vinculados-Convênios da União Programas de Assistência Social; Receitas Correntes; Receita Patrimonial; Valores Mobiliários; Remuneração de Depósitos Bancários - Principal; Juros e Correções Monetárias; Remuneração de Depósitos Bancários; ; Juros e Correções Monetárias; Remuneração de Depósitos Bancários; Não se aplica; Remun Dep Banc Vinculados-Convênios da União Programas de Assistência Social; Arrecadações; SECRETARIA DE DESENVOLVIMENTO SOCIAL E HABITAÇÃO; FUNDO MUNICIPAL DE ASSISTENCIA SOCIAL; SECRETARIA DE DESENVOLVIMENTO SOCIAL E HABITAÇÃO; R$ 0,00; R$ 0,00; R$ 0,00; R$ 0,00; R$ 185,60; R$ 1.489,29; R$ 0,00; 0.0
 13210101019907; Rec.de Remun. Dep. Banc. Vinculados - Rec. FEP; Receitas Correntes; Receita Patrimonial; Valores Mobiliários; Remuneração de Depósitos Bancários - Principal; Juros e Correções Monetárias; Remuneração de Depósitos Bancários; ; Juros e Correções Monetárias; Remuneração de Depósitos Bancários; Não se aplica; Rec.de Remun. Dep. Banc. Vinculados - Rec. FEP; Arrecadações; SECRETARIA DE OBRAS E SERVIÇOS URBANOS; DIRETORIA DE OBRAS; SECRETARIA DE OBRAS E SERVIÇOS URBANOS; R$ 0,00; R$ 0,00; R$ 0,00; R$ 0,00; R$ 1.164,48; R$ 7.220,57; R$ 0,00; 0.0
 13210101019910; Remun  Dep Banc  Vinculados- Alien. de Bens; Receitas Correntes; Receita Patrimonial; Valores Mobiliários; Remuneração de Depósitos Bancários - Principal; Juros e Correções Monetárias; Remuneração de Depósitos Bancários; ; Juros e Correções Monetárias; Remuneração de Depósitos Bancários; Não se aplica; Remun  Dep Banc  Vinculados- Alien. de Bens; Arrecadações; SECRETARIA DE ADMINISTRAÇÃO E FINANÇAS; SECRETARIA DE ADMINISTRAÇÃO E FINANÇAS; SECRETARIA DE ADMINISTRAÇÃO E FINANÇAS; R$ 0,00; R$ 0,00; R$ 0,00; R$ 0,00; R$ 1.923,98; R$ 11.017,73; R$ 0,00; 0.0
 13210101019901; Rec. de Remun. Dep. Banc./Vinc. - Rec. CIDE; Receitas Correntes; Receita Patrimonial; Valores Mobiliários; Remuneração de Depósitos Bancários - Principal; Juros e Correções Monetárias; Remuneração de Depósitos Bancários; ; Juros e Correções Monetárias; Remuneração de Depósitos Bancários; Não se aplica; Rec. de Remun. Dep. Banc./Vinc. - Rec. CIDE; Arrecadações; SECRETARIA DE OBRAS E SERVIÇOS URBANOS; DIRETORIA DE OBRAS; SECRETARIA DE OBRAS E SERVIÇOS URBANOS; R$ 0,00; R$ 0,00; R$ 0,00; R$ 0,00; R$ 195,84; R$ 11.546,02; R$ 0,00; 0.0
 13210101010201; Rec. de Remun. Dep. Banc/Vinculados- Recursos do FNDE/PNAE; Receitas Correntes; Receita Patrimonial; Valores Mobiliários; Remuneração de Depósitos Bancários - Principal; Juros e Correções Monetárias; Remuneração de Depósitos Bancários; ; Juros e Correções Monetárias; Remuneração de Depósitos Bancários; Não se aplica; Rec. de Remun. Dep. Banc/Vinculados- Recursos do FNDE/PNAE; Arrecadações; SECRETARIA DE EDUCAÇÃO; GABINETE DO SECRETÁRIO  DE EDUC.; SECRETARIA DE EDUCAÇÃO; R$ 0,00; R$ 0,00; R$ 0,00; R$ 0,00; R$ 1.762,52; R$ 6.996,13; R$ 0,00; 0.0
 13210101019910; Remun  Dep Banc  Vinculados- Alien. de Bens; Receitas Correntes; Receita Patrimonial; Valores Mobiliários; Remuneração de Depósitos Bancários - Principal; Juros e Correções Monetárias; Remuneração de Depósitos Bancários; ; Juros e Correções Monetárias; Remuneração de Depósitos Bancários; Não se aplica; Remun  Dep Banc  Vinculados- Alien. de Bens; Arrecadações; SECRETARIA DE ADMINISTRAÇÃO E FINANÇAS; SECRETARIA DE ADMINISTRAÇÃO E FINANÇAS; SECRETARIA DE ADMINISTRAÇÃO E FINANÇAS; R$ 0,00; R$ 0,00; R$ 0,00; R$ 0,00; R$ 1.772,71; R$ 12.790,44; R$ 0,00; 0.0
 13210101019907; Rec.de Remun. Dep. Banc. Vinculados - Rec. FEP; Receitas Correntes; Receita Patrimonial; Valores Mobiliários; Remuneração de Depósitos Bancários - Principal; Juros e Correções Monetárias; Remuneração de Depósitos Bancários; ; Juros e Correções Monetárias; Remuneração de Depósitos Bancários; Não se aplica; Rec.de Remun. Dep. Banc. Vinculados - Rec. FEP; Arrecadações; SECRETARIA DE OBRAS E SERVIÇOS URBANOS; DIRETORIA DE OBRAS; SECRETARIA DE OBRAS E SERVIÇOS URBANOS; R$ 0,00; R$ 0,00; R$ 0,00; R$ 0,00; R$ 657,44; R$ 7.878,01; R$ 0,00; 0.0
 13210101019908; Rec.de Remun. Dep. Banc. Vinculados - Rec.CFEM; Receitas Correntes; Receita Patrimonial; Valores Mobiliários; Remuneração de Depósitos Bancários - Principal; Juros e Correções Monetárias; Remuneração de Depósitos Bancários; ; Juros e Correções Monetárias; Remuneração de Depósitos Bancários; Não se aplica; Rec.de Remun. Dep. Banc. Vinculados - Rec.CFEM; Arrecadações; SECRETARIA DE OBRAS E SERVIÇOS URBANOS; DIRETORIA DE OBRAS; SECRETARIA DE OBRAS E SERVIÇOS URBANOS; R$ 0,00; R$ 0,00; R$ 0,00; R$ 0,00; R$ 735,82; R$ 4.517,81; R$ 0,00; 0.0
 13210101019901; Rec. de Remun. Dep. Banc./Vinc. - Rec. CIDE; Receitas Correntes; Receita Patrimonial; Valores Mobiliários; Remuneração de Depósitos Bancários - Principal; Juros e Correções Monetárias; Remuneração de Depósitos Bancários; ; Juros e Correções Monetárias; Remuneração de Depósitos Bancários; Não se aplica; Rec. de Remun. Dep. Banc./Vinc. - Rec. CIDE; Arrecadações; SECRETARIA DE OBRAS E SERVIÇOS URBANOS; DIRETORIA DE OBRAS; SECRETARIA DE OBRAS E SERVIÇOS URBANOS; R$ 0,00; R$ 0,00; R$ 0,00; R$ 0,00; R$ 199,41; R$ 11.745,43; R$ 0,00; 0.0
 13210101010504; Remun Dep Banc Vinculados-Convênios da União Programas de Assistência Social; Receitas Correntes; Receita Patrimonial; Valores Mobiliários; Remuneração de Depósitos Bancários - Principal; Juros e Correções Monetárias; Remuneração de Depósitos Bancários; ; Juros e Correções Monetárias; Remuneração de Depósitos Bancários; Não se aplica; Remun Dep Banc Vinculados-Convênios da União Programas de Assistência Social; Arrecadações; SECRETARIA DE DESENVOLVIMENTO SOCIAL E HABITAÇÃO; FUNDO MUNICIPAL DE ASSISTENCIA SOCIAL; SECRETARIA DE DESENVOLVIMENTO SOCIAL E HABITAÇÃO; R$ 0,00; R$ 0,00; R$ 0,00; R$ 0,00; R$ 126,14; R$ 1.615,43; R$ 0,00; 0.0
 13210101010201; Rec. de Remun. Dep. Banc/Vinculados- Recursos do FNDE/PNAE; Receitas Correntes; Receita Patrimonial; Valores Mobiliários; Remuneração de Depósitos Bancários - Principal; Juros e Correções Monetárias; Remuneração de Depósitos Bancários; ; Juros e Correções Monetárias; Remuneração de Depósitos Bancários; Não se aplica; Rec. de Remun. Dep. Banc/Vinculados- Recursos do FNDE/PNAE; Arrecadações; SECRETARIA DE EDUCAÇÃO; GABINETE DO SECRETÁRIO  DE EDUC.; SECRETARIA DE EDUCAÇÃO; R$ 0,00; R$ 0,00; R$ 0,00; R$ 0,00; R$ 1.485,86; R$ 8.481,99; R$ 0,00; 0.0
 13210101019910; Remun  Dep Banc  Vinculados- Alien. de Bens; Receitas Correntes; Receita Patrimonial; Valores Mobiliários; Remuneração de Depósitos Bancários - Principal; Juros e Correções Monetárias; Remuneração de Depósitos Bancários; ; Juros e Correções Monetárias; Remuneração de Depósitos Bancários; Não se aplica; Remun  Dep Banc  Vinculados- Alien. de Bens; Arrecadações; SECRETARIA DE ADMINISTRAÇÃO E FINANÇAS; SECRETARIA DE ADMINISTRAÇÃO E FINANÇAS; SECRETARIA DE ADMINISTRAÇÃO E FINANÇAS; R$ 0,00; R$ 0,00; R$ 0,00; R$ 0,00; R$ 1.142,89; R$ 13.933,33; R$ 0,00; 0.0
 13210101019907; Rec.de Remun. Dep. Banc. Vinculados - Rec. FEP; Receitas Correntes; Receita Patrimonial; Valores Mobiliários; Remuneração de Depósitos Bancários - Principal; Juros e Correções Monetárias; Remuneração de Depósitos Bancários; ; Juros e Correções Monetárias; Remuneração de Depósitos Bancários; Não se aplica; Rec.de Remun. Dep. Banc. Vinculados - Rec. FEP; Arrecadações; SECRETARIA DE OBRAS E SERVIÇOS URBANOS; DIRETORIA DE OBRAS; SECRETARIA DE OBRAS E SERVIÇOS URBANOS; R$ 0,00; R$ 0,00; R$ 0,00; R$ 0,00; R$ 309,55; R$ 8.187,56; R$ 0,00; 0.0
 13210101019908; Rec.de Remun. Dep. Banc. Vinculados - Rec.CFEM; Receitas Correntes; Receita Patrimonial; Valores Mobiliários; Remuneração de Depósitos Bancários - Principal; Juros e Correções Monetárias; Remuneração de Depósitos Bancários; ; Juros e Correções Monetárias; Remuneração de Depósitos Bancários; Não se aplica; Rec.de Remun. Dep. Banc. Vinculados - Rec.CFEM; Arrecadações; SECRETARIA DE OBRAS E SERVIÇOS URBANOS; DIRETORIA DE OBRAS; SECRETARIA DE OBRAS E SERVIÇOS URBANOS; R$ 0,00; R$ 0,00; R$ 0,00; R$ 0,00; R$ 432,79; R$ 4.950,60; R$ 0,00; 0.0
 13210101019901; Rec. de Remun. Dep. Banc./Vinc. - Rec. CIDE; Receitas Correntes; Receita Patrimonial; Valores Mobiliários; Remuneração de Depósitos Bancários - Principal; Juros e Correções Monetárias; Remuneração de Depósitos Bancários; ; Juros e Correções Monetárias; Remuneração de Depósitos Bancários; Não se aplica; Rec. de Remun. Dep. Banc./Vinc. - Rec. CIDE; Arrecadações; SECRETARIA DE OBRAS E SERVIÇOS URBANOS; DIRETORIA DE OBRAS; SECRETARIA DE OBRAS E SERVIÇOS URBANOS; R$ 0,00; R$ 0,00; R$ 0,00; R$ 0,00; R$ 210,72; R$ 11.956,15; R$ 0,00; 0.0
 13210101010201; Rec. de Remun. Dep. Banc/Vinculados- Recursos do FNDE/PNAE; Receitas Correntes; Receita Patrimonial; Valores Mobiliários; Remuneração de Depósitos Bancários - Principal; Juros e Correções Monetárias; Remuneração de Depósitos Bancários; ; Juros e Correções Monetárias; Remuneração de Depósitos Bancários; Não se aplica; Rec. de Remun. Dep. Banc/Vinculados- Recursos do FNDE/PNAE; Arrecadações; SECRETARIA DE EDUCAÇÃO; GABINETE DO SECRETÁRIO  DE EDUC.; SECRETARIA DE EDUCAÇÃO; R$ 0,00; R$ 0,00; R$ 0,00; R$ 0,00; R$ 1.449,66; R$ 9.931,65; R$ 0,00; 0.0
 13210101010504; Remun Dep Banc Vinculados-Convênios da União Programas de Assistência Social; Receitas Correntes; Receita Patrimonial; Valores Mobiliários; Remuneração de Depósitos Bancários - Principal; Juros e Correções Monetárias; Remuneração de Depósitos Bancários; ; Juros e Correções Monetárias; Remuneração de Depósitos Bancários; Não se aplica; Remun Dep Banc Vinculados-Convênios da União Programas de Assistência Social; Arrecadações; SECRETARIA DE DESENVOLVIMENTO SOCIAL E HABITAÇÃO; FUNDO MUNICIPAL DE ASSISTENCIA SOCIAL; SECRETARIA DE DESENVOLVIMENTO SOCIAL E HABITAÇÃO; R$ 0,00; R$ 0,00; R$ 0,00; R$ 0,00; R$ 128,49; R$ 1.743,92; R$ 0,00; 0.0
 13210101010201; Rec. de Remun. Dep. Banc/Vinculados- Recursos do FNDE/PNAE; Receitas Correntes; Receita Patrimonial; Valores Mobiliários; Remuneração de Depósitos Bancários - Principal; Juros e Correções Monetárias; Remuneração de Depósitos Bancários; ; Juros e Correções Monetárias; Remuneração de Depósitos Bancários; Não se aplica; Rec. de Remun. Dep. Banc/Vinculados- Recursos do FNDE/PNAE; Arrecadações; SECRETARIA DE EDUCAÇÃO; GABINETE DO SECRETÁRIO  DE EDUC.; SECRETARIA DE EDUCAÇÃO; R$ 0,00; R$ 0,00; R$ 0,00; R$ 0,00; R$ 1.022,97; R$ 10.954,62; R$ 0,00; 0.0
 13210101019907; Rec.de Remun. Dep. Banc. Vinculados - Rec. FEP; Receitas Correntes; Receita Patrimonial; Valores Mobiliários; Remuneração de Depósitos Bancários - Principal; Juros e Correções Monetárias; Remuneração de Depósitos Bancários; ; Juros e Correções Monetárias; Remuneração de Depósitos Bancários; Não se aplica; Rec.de Remun. Dep. Banc. Vinculados - Rec. FEP; Arrecadações; SECRETARIA DE OBRAS E SERVIÇOS URBANOS; DIRETORIA DE OBRAS; SECRETARIA DE OBRAS E SERVIÇOS URBANOS; R$ 0,00; R$ 0,00; R$ 0,00; R$ 0,00; R$ 103,19; R$ 8.290,75; R$ 0,00; 0.0
 13210101019910; Remun  Dep Banc  Vinculados- Alien. de Bens; Receitas Correntes; Receita Patrimonial; Valores Mobiliários; Remuneração de Depósitos Bancários - Principal; Juros e Correções Monetárias; Remuneração de Depósitos Bancários; ; Juros e Correções Monetárias; Remuneração de Depósitos Bancários; Não se aplica; Remun  Dep Banc  Vinculados- Alien. de Bens; Arrecadações; SECRETARIA DE ADMINISTRAÇÃO E FINANÇAS; SECRETARIA DE ADMINISTRAÇÃO E FINANÇAS; SECRETARIA DE ADMINISTRAÇÃO E FINANÇAS; R$ 0,00; R$ 0,00; R$ 0,00; R$ 0,00; R$ 768,94; R$ 14.702,27; R$ 0,00; 0.0
 13210101010407; Rec. de Remun. Dep. Banc/Vinculados-  FMAS/FNAS- FEAS BENF. EVENTUAIS; Receitas Correntes; Receita Patrimonial; Valores Mobiliários; Remuneração de Depósitos Bancários - Principal; Juros e Correções Monetárias; Remuneração de Depósitos Bancários; ; Juros e Correções Monetárias; Remuneração de Depósitos Bancários; Não se aplica; Rec. de Remun. Dep. Banc/Vinculados-  FMAS/FNAS- FEAS BENF. EVENTUAIS; Arrecadações; SECRETARIA DE DESENVOLVIMENTO SOCIAL E HABITAÇÃO; FUNDO MUNICIPAL DE ASSISTENCIA SOCIAL; SECRETARIA DE DESENVOLVIMENTO SOCIAL E HABITAÇÃO; R$ 0,00; R$ 0,00; R$ 0,00; R$ 0,00; R$ 29,34; R$ 29,34; R$ 0,00; 0.0
 13210101010407; Rec. de Remun. Dep. Banc/Vinculados-  FMAS/FNAS- FEAS BENF. EVENTUAIS; Receitas Correntes; Receita Patrimonial; Valores Mobiliários; Remuneração de Depósitos Bancários - Principal; Juros e Correções Monetárias; Remuneração de Depósitos Bancários; ; Juros e Correções Monetárias; Remuneração de Depósitos Bancários; Não se aplica; Rec. de Remun. Dep. Banc/Vinculados-  FMAS/FNAS- FEAS BENF. EVENTUAIS; Arrecadações; SECRETARIA DE DESENVOLVIMENTO SOCIAL E HABITAÇÃO; FUNDO MUNICIPAL DE ASSISTENCIA SOCIAL; SECRETARIA DE DESENVOLVIMENTO SOCIAL E HABITAÇÃO; R$ 0,00; R$ 0,00; R$ 0,00; R$ 0,00; R$ 29,60; R$ 58,94; R$ 0,00; 0.0
 13210101010407; Rec. de Remun. Dep. Banc/Vinculados-  FMAS/FNAS- FEAS BENF. EVENTUAIS; Receitas Correntes; Receita Patrimonial; Valores Mobiliários; Remuneração de Depósitos Bancários - Principal; Juros e Correções Monetárias; Remuneração de Depósitos Bancários; ; Juros e Correções Monetárias; Remuneração de Depósitos Bancários; Não se aplica; Rec. de Remun. Dep. Banc/Vinculados-  FMAS/FNAS- FEAS BENF. EVENTUAIS; Arrecadações; SECRETARIA DE DESENVOLVIMENTO SOCIAL E HABITAÇÃO; FUNDO MUNICIPAL DE ASSISTENCIA SOCIAL; SECRETARIA DE DESENVOLVIMENTO SOCIAL E HABITAÇÃO; R$ 0,00; R$ 0,00; R$ 0,00; R$ 0,00; R$ 63,23; R$ 122,17; R$ 0,00; 0.0
 13210101010407; Rec. de Remun. Dep. Banc/Vinculados-  FMAS/FNAS- FEAS BENF. EVENTUAIS; Receitas Correntes; Receita Patrimonial; Valores Mobiliários; Remuneração de Depósitos Bancários - Principal; Juros e Correções Monetárias; Remuneração de Depósitos Bancários; ; Juros e Correções Monetárias; Remuneração de Depósitos Bancários; Não se aplica; Rec. de Remun. Dep. Banc/Vinculados-  FMAS/FNAS- FEAS BENF. EVENTUAIS; Arrecadações; SECRETARIA DE DESENVOLVIMENTO SOCIAL E HABITAÇÃO; FUNDO MUNICIPAL DE ASSISTENCIA SOCIAL; SECRETARIA DE DESENVOLVIMENTO SOCIAL E HABITAÇÃO; R$ 0,00; R$ 0,00; R$ 0,00; R$ 0,00; R$ 128,92; R$ 251,09; R$ 0,00; 0.0
 13210101010407; Rec. de Remun. Dep. Banc/Vinculados-  FMAS/FNAS- FEAS BENF. EVENTUAIS; Receitas Correntes; Receita Patrimonial; Valores Mobiliários; Remuneração de Depósitos Bancários - Principal; Juros e Correções Monetárias; Remuneração de Depósitos Bancários; ; Juros e Correções Monetárias; Remuneração de Depósitos Bancários; Não se aplica; Rec. de Remun. Dep. Banc/Vinculados-  FMAS/FNAS- FEAS BENF. EVENTUAIS; Arrecadações; SECRETARIA DE DESENVOLVIMENTO SOCIAL E HABITAÇÃO; FUNDO MUNICIPAL DE ASSISTENCIA SOCIAL; SECRETARIA DE DESENVOLVIMENTO SOCIAL E HABITAÇÃO; R$ 0,00; R$ 0,00; R$ 0,00; R$ 0,00; R$ 36,09; R$ 287,18; R$ 0,00; 0.0
 13210101010407; Rec. de Remun. Dep. Banc/Vinculados-  FMAS/FNAS- FEAS BENF. EVENTUAIS; Receitas Correntes; Receita Patrimonial; Valores Mobiliários; Remuneração de Depósitos Bancários - Principal; Juros e Correções Monetárias; Remuneração de Depósitos Bancários; ; Juros e Correções Monetárias; Remuneração de Depósitos Bancários; Não se aplica; Rec. de Remun. Dep. Banc/Vinculados-  FMAS/FNAS- FEAS BENF. EVENTUAIS; Arrecadações; SECRETARIA DE DESENVOLVIMENTO SOCIAL E HABITAÇÃO; FUNDO MUNICIPAL DE ASSISTENCIA SOCIAL; SECRETARIA DE DESENVOLVIMENTO SOCIAL E HABITAÇÃO; R$ 0,00; R$ 0,00; R$ 0,00; R$ 0,00; R$ 18,45; R$ 305,63; R$ 0,00; 0.0
 13210101010407; Rec. de Remun. Dep. Banc/Vinculados-  FMAS/FNAS- FEAS BENF. EVENTUAIS; Receitas Correntes; Receita Patrimonial; Valores Mobiliários; Remuneração de Depósitos Bancários - Principal; Juros e Correções Monetárias; Remuneração de Depósitos Bancários; ; Juros e Correções Monetárias; Remuneração de Depósitos Bancários; Não se aplica; Rec. de Remun. Dep. Banc/Vinculados-  FMAS/FNAS- FEAS BENF. EVENTUAIS; Arrecadações; SECRETARIA DE DESENVOLVIMENTO SOCIAL E HABITAÇÃO; FUNDO MUNICIPAL DE ASSISTENCIA SOCIAL; SECRETARIA DE DESENVOLVIMENTO SOCIAL E HABITAÇÃO; R$ 0,00; R$ 0,00; R$ 0,00; R$ 0,00; R$ 122,00; R$ 427,63; R$ 0,00; 0.0
 13210101010407; Rec. de Remun. Dep. Banc/Vinculados-  FMAS/FNAS- FEAS BENF. EVENTUAIS; Receitas Correntes; Receita Patrimonial; Valores Mobiliários; Remuneração de Depósitos Bancários - Principal; Juros e Correções Monetárias; Remuneração de Depósitos Bancários; ; Juros e Correções Monetárias; Remuneração de Depósitos Bancários; Não se aplica; Rec. de Remun. Dep. Banc/Vinculados-  FMAS/FNAS- FEAS BENF. EVENTUAIS; Arrecadações; SECRETARIA DE DESENVOLVIMENTO SOCIAL E HABITAÇÃO; FUNDO MUNICIPAL DE ASSISTENCIA SOCIAL; SECRETARIA DE DESENVOLVIMENTO SOCIAL E HABITAÇÃO; R$ 0,00; R$ 0,00; R$ 0,00; R$ 0,00; R$ 85,46; R$ 513,09; R$ 0,00; 0.0
 13210101010407; Rec. de Remun. Dep. Banc/Vinculados-  FMAS/FNAS- FEAS BENF. EVENTUAIS; Receitas Correntes; Receita Patrimonial; Valores Mobiliários; Remuneração de Depósitos Bancários - Principal; Juros e Correções Monetárias; Remuneração de Depósitos Bancários; ; Juros e Correções Monetárias; Remuneração de Depósitos Bancários; Não se aplica; Rec. de Remun. Dep. Banc/Vinculados-  FMAS/FNAS- FEAS BENF. EVENTUAIS; Arrecadações; SECRETARIA DE DESENVOLVIMENTO SOCIAL E HABITAÇÃO; FUNDO MUNICIPAL DE ASSISTENCIA SOCIAL; SECRETARIA DE DESENVOLVIMENTO SOCIAL E HABITAÇÃO; R$ 0,00; R$ 0,00; R$ 0,00; R$ 0,00; R$ 179,13; R$ 692,22; R$ 0,00; 0.0
 13210101010407; Rec. de Remun. Dep. Banc/Vinculados-  FMAS/FNAS- FEAS BENF. EVENTUAIS; Receitas Correntes; Receita Patrimonial; Valores Mobiliários; Remuneração de Depósitos Bancários - Principal; Juros e Correções Monetárias; Remuneração de Depósitos Bancários; ; Juros e Correções Monetárias; Remuneração de Depósitos Bancários; Não se aplica; Rec. de Remun. Dep. Banc/Vinculados-  FMAS/FNAS- FEAS BENF. EVENTUAIS; Arrecadações; SECRETARIA DE DESENVOLVIMENTO SOCIAL E HABITAÇÃO; FUNDO MUNICIPAL DE ASSISTENCIA SOCIAL; SECRETARIA DE DESENVOLVIMENTO SOCIAL E HABITAÇÃO; R$ 0,00; R$ 0,00; R$ 0,00; R$ 0,00; R$ 205,22; R$ 897,44; R$ 0,00; 0.0
 13210101010407; Rec. de Remun. Dep. Banc/Vinculados-  FMAS/FNAS- FEAS BENF. EVENTUAIS; Receitas Correntes; Receita Patrimonial; Valores Mobiliários; Remuneração de Depósitos Bancários - Principal; Juros e Correções Monetárias; Remuneração de Depósitos Bancários; ; Juros e Correções Monetárias; Remuneração de Depósitos Bancários; Não se aplica; Rec. de Remun. Dep. Banc/Vinculados-  FMAS/FNAS- FEAS BENF. EVENTUAIS; Arrecadações; SECRETARIA DE DESENVOLVIMENTO SOCIAL E HABITAÇÃO; FUNDO MUNICIPAL DE ASSISTENCIA SOCIAL; SECRETARIA DE DESENVOLVIMENTO SOCIAL E HABITAÇÃO; R$ 0,00; R$ 0,00; R$ 0,00; R$ 0,00; R$ 160,72; R$ 1.058,16; R$ 0,00; 0.0
 13210101010407; Rec. de Remun. Dep. Banc/Vinculados-  FMAS/FNAS- FEAS BENF. EVENTUAIS; Receitas Correntes; Receita Patrimonial; Valores Mobiliários; Remuneração de Depósitos Bancários - Principal; Juros e Correções Monetárias; Remuneração de Depósitos Bancários; ; Juros e Correções Monetárias; Remuneração de Depósitos Bancários; Não se aplica; Rec. de Remun. Dep. Banc/Vinculados-  FMAS/FNAS- FEAS BENF. EVENTUAIS; Arrecadações; SECRETARIA DE DESENVOLVIMENTO SOCIAL E HABITAÇÃO; FUNDO MUNICIPAL DE ASSISTENCIA SOCIAL; SECRETARIA DE DESENVOLVIMENTO SOCIAL E HABITAÇÃO; R$ 0,00; R$ 0,00; R$ 0,00; R$ 0,00; R$ 178,31; R$ 1.236,47; R$ 0,00; 0.0
 11210102000000; Taxas de Inspeção, Contr. e Fisc. - Multas e Juros; Receitas Correntes; Impostos, Taxas e Contribuições de Melhoria; Taxas; Taxas de Inspeção, Contr. e Fisc. - Multas e Juros; Taxas pelo Exercício do Poder de Polícia; Taxas de Inspeção, Controle e Fiscalização; ; Taxas pelo Exercício do Poder de Polícia; Taxas de Inspeção, Controle e Fiscalização; Não se aplica; Taxas de Inspeção, Contr. e Fisc. - Multas e Juros; Arrecadações; SECRETARIA DE ADMINISTRAÇÃO E FINANÇAS; SECRETARIA DE ADMINISTRAÇÃO E FINANÇAS; SECRETARIA DE ADMINISTRAÇÃO E FINANÇAS; R$ 0,00; R$ 0,00; R$ 0,00; R$ 0,00; R$ 454,62; R$ 19.334,75; R$ 0,00; 0.0
 11210101010000; TPP - Tx. de Fiscalização de Vig. Sanitária; Receitas Correntes; Impostos, Taxas e Contribuições de Melhoria; Taxas; Taxas de Inspeção; Taxas pelo Exercício do Poder de Polícia; Taxas de Inspeção, Controle e Fiscalização; ; Taxas pelo Exercício do Poder de Polícia; Taxas de Inspeção, Controle e Fiscalização; Não se aplica; TPP - Tx. de Fiscalização de Vig. Sanitária; Arrecadações; SECRETARIA DE ADMINISTRAÇÃO E FINANÇAS; SECRETARIA DE ADMINISTRAÇÃO E FINANÇAS; SECRETARIA DE ADMINISTRAÇÃO E FINANÇAS; R$ 0,00; R$ 0,00; R$ 0,00; R$ 0,00; R$ 1.163,56; R$ 97.809,51; R$ 0,00; 0.0
 11220102000000; Taxas pela Prestação de Serviços em Geral - Multas e Juros de Mora; Receitas Correntes; Impostos, Taxas e Contribuições de Melhoria; Taxas; Taxas pela Prestação de Serviços em Geral - Multas e Juros de Mora; Taxas pela Prestação de Serviços; Taxas pela Prestação de Serviços; ; Taxas pela Prestação de Serviços; Taxas pela Prestação de Serviços; Não se aplica; Taxas pela Prestação de Serviços em Geral - Multas e Juros de Mora; Arrecadações; SECRETARIA DE ADMINISTRAÇÃO E FINANÇAS; SECRETARIA DE ADMINISTRAÇÃO E FINANÇAS; SECRETARIA DE ADMINISTRAÇÃO E FINANÇAS; R$ 0,00; R$ 0,00; R$ 0,00; R$ 0,00; R$ 21,29; R$ 299,88; R$ 0,00; 0.0
 11210402000000; Taxa de Controle e Fiscalização Ambiental - Multas e Juros de Mora; Receitas Correntes; Impostos, Taxas e Contribuições de Melhoria; Taxas; Taxa de Controle e Fiscalização Ambiental - Multas e Juros de Mora; Taxas pelo Exercício do Poder de Polícia; Taxa de Controle e Fiscalização Ambiental; ; Taxas pelo Exercício do Poder de Polícia; Taxa de Controle e Fiscalização Ambiental; Não se aplica; Taxa de Controle e Fiscalização Ambiental - Multas e Juros de Mora; Arrecadações; SECRETARIA DE ADMINISTRAÇÃO E FINANÇAS; SECRETARIA DE ADMINISTRAÇÃO E FINANÇAS; SECRETARIA DE ADMINISTRAÇÃO E FINANÇAS; R$ 0,00; R$ 0,00; R$ 0,00; R$ 0,00; R$ 6,13; R$ 751,58; R$ 0,00; 0.0
 11210102000000; Taxas de Inspeção, Contr. e Fisc. - Multas e Juros; Receitas Correntes; Impostos, Taxas e Contribuições de Melhoria; Taxas; Taxas de Inspeção, Contr. e Fisc. - Multas e Juros; Taxas pelo Exercício do Poder de Polícia; Taxas de Inspeção, Controle e Fiscalização; ; Taxas pelo Exercício do Poder de Polícia; Taxas de Inspeção, Controle e Fiscalização; Não se aplica; Taxas de Inspeção, Contr. e Fisc. - Multas e Juros; Arrecadações; SECRETARIA DE ADMINISTRAÇÃO E FINANÇAS; SECRETARIA DE ADMINISTRAÇÃO E FINANÇAS; SECRETARIA DE ADMINISTRAÇÃO E FINANÇAS; R$ 0,00; R$ 0,00; R$ 0,00; R$ 0,00; R$ 160,61; R$ 19.495,36; R$ 0,00; 0.0
 11210101010000; TPP - Tx. de Fiscalização de Vig. Sanitária; Receitas Correntes; Impostos, Taxas e Contribuições de Melhoria; Taxas; Taxas de Inspeção; Taxas pelo Exercício do Poder de Polícia; Taxas de Inspeção, Controle e Fiscalização; ; Taxas pelo Exercício do Poder de Polícia; Taxas de Inspeção, Controle e Fiscalização; Não se aplica; TPP - Tx. de Fiscalização de Vig. Sanitária; Arrecadações; SECRETARIA DE ADMINISTRAÇÃO E FINANÇAS; SECRETARIA DE ADMINISTRAÇÃO E FINANÇAS; SECRETARIA DE ADMINISTRAÇÃO E FINANÇAS; R$ 0,00; R$ 0,00; R$ 0,00; R$ 0,00; R$ 67.324,79; R$ 165.134,30; R$ 0,00; 0.0
 11210402000000; Taxa de Controle e Fiscalização Ambiental - Multas e Juros de Mora; Receitas Correntes; Impostos, Taxas e Contribuições de Melhoria; Taxas; Taxa de Controle e Fiscalização Ambiental - Multas e Juros de Mora; Taxas pelo Exercício do Poder de Polícia; Taxa de Controle e Fiscalização Ambiental; ; Taxas pelo Exercício do Poder de Polícia; Taxa de Controle e Fiscalização Ambiental; Não se aplica; Taxa de Controle e Fiscalização Ambiental - Multas e Juros de Mora; Arrecadações; SECRETARIA DE ADMINISTRAÇÃO E FINANÇAS; SECRETARIA DE ADMINISTRAÇÃO E FINANÇAS; SECRETARIA DE ADMINISTRAÇÃO E FINANÇAS; R$ 0,00; R$ 0,00; R$ 0,00; R$ 0,00; R$ 13,66; R$ 765,24; R$ 0,00; 0.0
 11220102000000; Taxas pela Prestação de Serviços em Geral - Multas e Juros de Mora; Receitas Correntes; Impostos, Taxas e Contribuições de Melhoria; Taxas; Taxas pela Prestação de Serviços em Geral - Multas e Juros de Mora; Taxas pela Prestação de Serviços; Taxas pela Prestação de Serviços; ; Taxas pela Prestação de Serviços; Taxas pela Prestação de Serviços; Não se aplica; Taxas pela Prestação de Serviços em Geral - Multas e Juros de Mora; Arrecadações; SECRETARIA DE ADMINISTRAÇÃO E FINANÇAS; SECRETARIA DE ADMINISTRAÇÃO E FINANÇAS; SECRETARIA DE ADMINISTRAÇÃO E FINANÇAS; R$ 0,00; R$ 0,00; R$ 0,00; R$ 0,00; R$ 441,64; R$ 741,52; R$ 0,00; 0.0
 11210102000000; Taxas de Inspeção, Contr. e Fisc. - Multas e Juros; Receitas Correntes; Impostos, Taxas e Contribuições de Melhoria; Taxas; Taxas de Inspeção, Contr. e Fisc. - Multas e Juros; Taxas pelo Exercício do Poder de Polícia; Taxas de Inspeção, Controle e Fiscalização; ; Taxas pelo Exercício do Poder de Polícia; Taxas de Inspeção, Controle e Fiscalização; Não se aplica; Taxas de Inspeção, Contr. e Fisc. - Multas e Juros; Arrecadações; SECRETARIA DE ADMINISTRAÇÃO E FINANÇAS; SECRETARIA DE ADMINISTRAÇÃO E FINANÇAS; SECRETARIA DE ADMINISTRAÇÃO E FINANÇAS; R$ 0,00; R$ 0,00; R$ 0,00; R$ 0,00; R$ 1.251,44; R$ 20.746,80; R$ 0,00; 0.0
 11210101990000; TPP - Tx Outras; Receitas Correntes; Impostos, Taxas e Contribuições de Melhoria; Taxas; Taxas de Inspeção; Taxas pelo Exercício do Poder de Polícia; Taxas de Inspeção, Controle e Fiscalização; ; Taxas pelo Exercício do Poder de Polícia; Taxas de Inspeção, Controle e Fiscalização; Não se aplica; TPP - Tx Outras; Arrecadações; SECRETARIA DE ADMINISTRAÇÃO E FINANÇAS; SECRETARIA DE ADMINISTRAÇÃO E FINANÇAS; SECRETARIA DE ADMINISTRAÇÃO E FINANÇAS; R$ 0,00; R$ 0,00; R$ 0,00; R$ 0,00; R$ 9.450,00; R$ 116.714,70; R$ 0,00; 0.0
 24225401000000; Transferências de Convênios dos Estados destinadas a Programas de Infraestrutura em Transporte - Principal; Receitas de Capital; Transferências de Capital; Transferências dos Estados e do Distrito Federal e de suas Entidades; Transferências de Convênios dos Estados destinadas a Programas de Infraestrutura em Transporte - Principal; Transferências de Convênios dos Estados e DF e de Suas Entidades; Transferências de Convênios dos Estados destinadas a Programas de Infraestrutura em Transporte; ; Transferências de Convênios dos Estados e DF e de Suas Entidades; Transferências de Convênios dos Estados destinadas a Programas de Infraestrutura em Transporte; Não se aplica; Transferências de Convênios dos Estados destinadas a Programas de Infraestrutura em Transporte - Principal; Arrecadações; SECRETARIA DE OBRAS E SERVIÇOS URBANOS; DIRETORIA DE OBRAS; SECRETARIA DE OBRAS E SERVIÇOS URBANOS; R$ 0,00; R$ 0,00; R$ 0,00; R$ 0,00; R$ 5.000.000,00; R$ 5.000.000,00; R$ 0,00; 0.0
 24225401000000; Transferências de Convênios dos Estados destinadas a Programas de Infraestrutura em Transporte - Principal; Receitas de Capital; Transferências de Capital; Transferências dos Estados e do Distrito Federal e de suas Entidades; Transferências de Convênios dos Estados destinadas a Programas de Infraestrutura em Transporte - Principal; Transferências de Convênios dos Estados e DF e de Suas Entidades; Transferências de Convênios dos Estados destinadas a Programas de Infraestrutura em Transporte; ; Transferências de Convênios dos Estados e DF e de Suas Entidades; Transferências de Convênios dos Estados destinadas a Programas de Infraestrutura em Transporte; Não se aplica; Transferências de Convênios dos Estados destinadas a Programas de Infraestrutura em Transporte - Principal; Arrecadações; SECRETARIA DE OBRAS E SERVIÇOS URBANOS; DIRETORIA DE OBRAS; SECRETARIA DE OBRAS E SERVIÇOS URBANOS; R$ 0,00; R$ 0,00; R$ 0,00; R$ 0,00; R$ 5.000.000,00; R$ 10.000.000,00; R$ 0,00; 0.0
 24299901000001; Outras Transf. do Estado E. Imp.- Genérica; Receitas de Capital; Transferências de Capital; Transferências dos Estados e do Distrito Federal e de suas Entidades; Outras Transferências de Recursos dos Estados - Principal; Outras Transferências de Recursos dos Estados; Outras Transferências de Recursos dos Estados; ; Outras Transferências de Recursos dos Estados; Outras Transferências de Recursos dos Estados; Não se aplica; Outras Transf. do Estado E. Imp.- Genérica; Arrecadações; SECRETARIA DE ADMINISTRAÇÃO E FINANÇAS; SECRETARIA DE ADMINISTRAÇÃO E FINANÇAS; SECRETARIA DE ADMINISTRAÇÃO E FINANÇAS; R$ 0,00; R$ 0,00; R$ 0,00; R$ 0,00; R$ 1.600.000,00; R$ 1.600.000,00; R$ 0,00; 0.0
 24299901000001; Outras Transf. do Estado E. Imp.- Genérica; Receitas de Capital; Transferências de Capital; Transferências dos Estados e do Distrito Federal e de suas Entidades; Outras Transferências de Recursos dos Estados - Principal; Outras Transferências de Recursos dos Estados; Outras Transferências de Recursos dos Estados; ; Outras Transferências de Recursos dos Estados; Outras Transferências de Recursos dos Estados; Não se aplica; Outras Transf. do Estado E. Imp.- Genérica; Arrecadações; SECRETARIA DE ADMINISTRAÇÃO E FINANÇAS; SECRETARIA DE ADMINISTRAÇÃO E FINANÇAS; SECRETARIA DE ADMINISTRAÇÃO E FINANÇAS; R$ 0,00; R$ 0,00; R$ 0,00; R$ 0,00; R$ 1.563.179,47; R$ 3.163.179,47; R$ 0,00; 0.0
 24299901000001; Outras Transf. do Estado E. Imp.- Genérica; Receitas de Capital; Transferências de Capital; Transferências dos Estados e do Distrito Federal e de suas Entidades; Outras Transferências de Recursos dos Estados - Principal; Outras Transferências de Recursos dos Estados; Outras Transferências de Recursos dos Estados; ; Outras Transferências de Recursos dos Estados; Outras Transferências de Recursos dos Estados; Não se aplica; Outras Transf. do Estado E. Imp.- Genérica; Arrecadações; SECRETARIA DE ADMINISTRAÇÃO E FINANÇAS; SECRETARIA DE ADMINISTRAÇÃO E FINANÇAS; SECRETARIA DE ADMINISTRAÇÃO E FINANÇAS; R$ 0,00; R$ 0,00; R$ 0,00; R$ 0,00; R$ 1.200.000,00; R$ 4.363.179,47; R$ 0,00; 0.0
 17115201000000; Cota-Parte do Imposto Sobre a Propriedade Territorial Rural - Principal; Receitas Correntes; Transferências Correntes; Transferências da União e de suas Entidades; Cota-Parte do Imposto Sobre a Propriedade Territorial Rural - Principal; Transferências Decorrentes de Participação na Receita da União; Cota-Parte do Imposto Sobre a Propriedade Territorial Rural; ; Transferências Decorrentes de Participação na Receita da União; Cota-Parte do Imposto Sobre a Propriedade Territorial Rural; Não se aplica; Cota-Parte do Imposto Sobre a Propriedade Territorial Rural - Principal; Arrecadações; SECRETARIA DE ADMINISTRAÇÃO E FINANÇAS; SECRETARIA DE ADMINISTRAÇÃO E FINANÇAS; SECRETARIA DE ADMINISTRAÇÃO E FINANÇAS; R$ 131.889,00; R$ 131.889,00; R$ 26.377,80; R$ 0,00; R$ 560,38; R$ 560,38; R$ 105.511,20; 0.4
 17115201000000; Cota-Parte do Imposto Sobre a Propriedade Territorial Rural - Principal; Receitas Correntes; Transferências Correntes; Transferências da União e de suas Entidades; Cota-Parte do Imposto Sobre a Propriedade Territorial Rural - Principal; Transferências Decorrentes de Participação na Receita da União; Cota-Parte do Imposto Sobre a Propriedade Territorial Rural; ; Transferências Decorrentes de Participação na Receita da União; Cota-Parte do Imposto Sobre a Propriedade Territorial Rural; Não se aplica; Cota-Parte do Imposto Sobre a Propriedade Territorial Rural - Principal; Arrecadações; SECRETARIA DE ADMINISTRAÇÃO E FINANÇAS; SECRETARIA DE ADMINISTRAÇÃO E FINANÇAS; SECRETARIA DE ADMINISTRAÇÃO E FINANÇAS; R$ 0,00; R$ 0,00; R$ 0,00; R$ 0,00; R$ 550,40; R$ 1.110,78; R$ 0,00; 0.0
 17115201000000; Cota-Parte do Imposto Sobre a Propriedade Territorial Rural - Principal; Receitas Correntes; Transferências Correntes; Transferências da União e de suas Entidades; Cota-Parte do Imposto Sobre a Propriedade Territorial Rural - Principal; Transferências Decorrentes de Participação na Receita da União; Cota-Parte do Imposto Sobre a Propriedade Territorial Rural; ; Transferências Decorrentes de Participação na Receita da União; Cota-Parte do Imposto Sobre a Propriedade Territorial Rural; Não se aplica; Cota-Parte do Imposto Sobre a Propriedade Territorial Rural - Principal; Arrecadações; SECRETARIA DE ADMINISTRAÇÃO E FINANÇAS; SECRETARIA DE ADMINISTRAÇÃO E FINANÇAS; SECRETARIA DE ADMINISTRAÇÃO E FINANÇAS; R$ 0,00; R$ 0,00; R$ 0,00; R$ 0,00; R$ 226,13; R$ 1.336,91; R$ 0,00; 0.0
 17115201000000; Cota-Parte do Imposto Sobre a Propriedade Territorial Rural - Principal; Receitas Correntes; Transferências Correntes; Transferências da União e de suas Entidades; Cota-Parte do Imposto Sobre a Propriedade Territorial Rural - Principal; Transferências Decorrentes de Participação na Receita da União; Cota-Parte do Imposto Sobre a Propriedade Territorial Rural; ; Transferências Decorrentes de Participação na Receita da União; Cota-Parte do Imposto Sobre a Propriedade Territorial Rural; Não se aplica; Cota-Parte do Imposto Sobre a Propriedade Territorial Rural - Principal; Arrecadações; SECRETARIA DE ADMINISTRAÇÃO E FINANÇAS; SECRETARIA DE ADMINISTRAÇÃO E FINANÇAS; SECRETARIA DE ADMINISTRAÇÃO E FINANÇAS; R$ 0,00; R$ 0,00; R$ 0,00; R$ 0,00; R$ 513,02; R$ 1.849,93; R$ 0,00; 0.0
 17115201000000; Cota-Parte do Imposto Sobre a Propriedade Territorial Rural - Principal; Receitas Correntes; Transferências Correntes; Transferências da União e de suas Entidades; Cota-Parte do Imposto Sobre a Propriedade Territorial Rural - Principal; Transferências Decorrentes de Participação na Receita da União; Cota-Parte do Imposto Sobre a Propriedade Territorial Rural; ; Transferências Decorrentes de Participação na Receita da União; Cota-Parte do Imposto Sobre a Propriedade Territorial Rural; Não se aplica; Cota-Parte do Imposto Sobre a Propriedade Territorial Rural - Principal; Arrecadações; SECRETARIA DE ADMINISTRAÇÃO E FINANÇAS; SECRETARIA DE ADMINISTRAÇÃO E FINANÇAS; SECRETARIA DE ADMINISTRAÇÃO E FINANÇAS; R$ 0,00; R$ 0,00; R$ 0,00; R$ 0,00; R$ 276,78; R$ 2.126,71; R$ 0,00; 0.0
 17115201000000; Cota-Parte do Imposto Sobre a Propriedade Territorial Rural - Principal; Receitas Correntes; Transferências Correntes; Transferências da União e de suas Entidades; Cota-Parte do Imposto Sobre a Propriedade Territorial Rural - Principal; Transferências Decorrentes de Participação na Receita da União; Cota-Parte do Imposto Sobre a Propriedade Territorial Rural; ; Transferências Decorrentes de Participação na Receita da União; Cota-Parte do Imposto Sobre a Propriedade Territorial Rural; Não se aplica; Cota-Parte do Imposto Sobre a Propriedade Territorial Rural - Principal; Arrecadações; SECRETARIA DE ADMINISTRAÇÃO E FINANÇAS; SECRETARIA DE ADMINISTRAÇÃO E FINANÇAS; SECRETARIA DE ADMINISTRAÇÃO E FINANÇAS; R$ 0,00; R$ 0,00; R$ 0,00; R$ 0,00; R$ 181,28; R$ 2.307,99; R$ 0,00; 0.0
 17115201000000; Cota-Parte do Imposto Sobre a Propriedade Territorial Rural - Principal; Receitas Correntes; Transferências Correntes; Transferências da União e de suas Entidades; Cota-Parte do Imposto Sobre a Propriedade Territorial Rural - Principal; Transferências Decorrentes de Participação na Receita da União; Cota-Parte do Imposto Sobre a Propriedade Territorial Rural; ; Transferências Decorrentes de Participação na Receita da União; Cota-Parte do Imposto Sobre a Propriedade Territorial Rural; Não se aplica; Cota-Parte do Imposto Sobre a Propriedade Territorial Rural - Principal; Arrecadações; SECRETARIA DE ADMINISTRAÇÃO E FINANÇAS; SECRETARIA DE ADMINISTRAÇÃO E FINANÇAS; SECRETARIA DE ADMINISTRAÇÃO E FINANÇAS; R$ 0,00; R$ 0,00; R$ 0,00; R$ 0,00; R$ 46,76; R$ 2.354,75; R$ 0,00; 0.0
 17115201000000; Cota-Parte do Imposto Sobre a Propriedade Territorial Rural - Principal; Receitas Correntes; Transferências Correntes; Transferências da União e de suas Entidades; Cota-Parte do Imposto Sobre a Propriedade Territorial Rural - Principal; Transferências Decorrentes de Participação na Receita da União; Cota-Parte do Imposto Sobre a Propriedade Territorial Rural; ; Transferências Decorrentes de Participação na Receita da União; Cota-Parte do Imposto Sobre a Propriedade Territorial Rural; Não se aplica; Cota-Parte do Imposto Sobre a Propriedade Territorial Rural - Principal; Arrecadações; SECRETARIA DE ADMINISTRAÇÃO E FINANÇAS; SECRETARIA DE ADMINISTRAÇÃO E FINANÇAS; SECRETARIA DE ADMINISTRAÇÃO E FINANÇAS; R$ 0,00; R$ 0,00; R$ 0,00; R$ 0,00; R$ 114,16; R$ 2.468,91; R$ 0,00; 0.0
 17115201000000; Cota-Parte do Imposto Sobre a Propriedade Territorial Rural - Principal; Receitas Correntes; Transferências Correntes; Transferências da União e de suas Entidades; Cota-Parte do Imposto Sobre a Propriedade Territorial Rural - Principal; Transferências Decorrentes de Participação na Receita da União; Cota-Parte do Imposto Sobre a Propriedade Territorial Rural; ; Transferências Decorrentes de Participação na Receita da União; Cota-Parte do Imposto Sobre a Propriedade Territorial Rural; Não se aplica; Cota-Parte do Imposto Sobre a Propriedade Territorial Rural - Principal; Arrecadações; SECRETARIA DE ADMINISTRAÇÃO E FINANÇAS; SECRETARIA DE ADMINISTRAÇÃO E FINANÇAS; SECRETARIA DE ADMINISTRAÇÃO E FINANÇAS; R$ 0,00; R$ 0,00; R$ 0,00; R$ 0,00; R$ 1.500,30; R$ 3.969,21; R$ 0,00; 0.0
 17115201000000; Cota-Parte do Imposto Sobre a Propriedade Territorial Rural - Principal; Receitas Correntes; Transferências Correntes; Transferências da União e de suas Entidades; Cota-Parte do Imposto Sobre a Propriedade Territorial Rural - Principal; Transferências Decorrentes de Participação na Receita da União; Cota-Parte do Imposto Sobre a Propriedade Territorial Rural; ; Transferências Decorrentes de Participação na Receita da União; Cota-Parte do Imposto Sobre a Propriedade Territorial Rural; Não se aplica; Cota-Parte do Imposto Sobre a Propriedade Territorial Rural - Principal; Arrecadações; SECRETARIA DE ADMINISTRAÇÃO E FINANÇAS; SECRETARIA DE ADMINISTRAÇÃO E FINANÇAS; SECRETARIA DE ADMINISTRAÇÃO E FINANÇAS; R$ 0,00; R$ 0,00; R$ 0,00; R$ 0,00; R$ 87.469,25; R$ 91.438,46; R$ 0,00; 0.0
 17115201000000; Cota-Parte do Imposto Sobre a Propriedade Territorial Rural - Principal; Receitas Correntes; Transferências Correntes; Transferências da União e de suas Entidades; Cota-Parte do Imposto Sobre a Propriedade Territorial Rural - Principal; Transferências Decorrentes de Participação na Receita da União; Cota-Parte do Imposto Sobre a Propriedade Territorial Rural; ; Transferências Decorrentes de Participação na Receita da União; Cota-Parte do Imposto Sobre a Propriedade Territorial Rural; Não se aplica; Cota-Parte do Imposto Sobre a Propriedade Territorial Rural - Principal; Arrecadações; SECRETARIA DE ADMINISTRAÇÃO E FINANÇAS; SECRETARIA DE ADMINISTRAÇÃO E FINANÇAS; SECRETARIA DE ADMINISTRAÇÃO E FINANÇAS; R$ 0,00; R$ 0,00; R$ 0,00; R$ 0,00; R$ 2.074,64; R$ 93.513,10; R$ 0,00; 0.0
 17115201000000; Cota-Parte do Imposto Sobre a Propriedade Territorial Rural - Principal; Receitas Correntes; Transferências Correntes; Transferências da União e de suas Entidades; Cota-Parte do Imposto Sobre a Propriedade Territorial Rural - Principal; Transferências Decorrentes de Participação na Receita da União; Cota-Parte do Imposto Sobre a Propriedade Territorial Rural; ; Transferências Decorrentes de Participação na Receita da União; Cota-Parte do Imposto Sobre a Propriedade Territorial Rural; Não se aplica; Cota-Parte do Imposto Sobre a Propriedade Territorial Rural - Principal; Arrecadações; SECRETARIA DE ADMINISTRAÇÃO E FINANÇAS; SECRETARIA DE ADMINISTRAÇÃO E FINANÇAS; SECRETARIA DE ADMINISTRAÇÃO E FINANÇAS; R$ 0,00; R$ 0,00; R$ 0,00; R$ 0,00; R$ 1.065,22; R$ 94.578,32; R$ 0,00; 0.0
 17165001010200; Serviço de Conviv. e Fortalec. de Vinc -SCFV; Receitas Correntes; Transferências Correntes; Transferências da União e de suas Entidades; Transferências de Recursos do Fundo Nacional de Assistência Social  FNAS - Principal; Transferências de Recursos do Fundo Nacional de Assistência Social  FNAS; Transferências de Recursos do Fundo Nacional de Assistência Social  FNAS; ; Transferências de Recursos do Fundo Nacional de Assistência Social  FNAS; Transferências de Recursos do Fundo Nacional de Assistência Social  FNAS; Não se aplica; Serviço de Conviv. e Fortalec. de Vinc -SCFV; Arrecadações; SECRETARIA DE DESENVOLVIMENTO SOCIAL E HABITAÇÃO; FUNDO MUNICIPAL DE ASSISTENCIA SOCIAL; SECRETARIA DE DESENVOLVIMENTO SOCIAL E HABITAÇÃO; R$ 0,00; R$ 0,00; R$ 0,00; R$ 0,00; R$ 6.738,75; R$ 6.738,75; R$ 0,00; 0.0
 17165001010200; Serviço de Conviv. e Fortalec. de Vinc -SCFV; Receitas Correntes; Transferências Correntes; Transferências da União e de suas Entidades; Transferências de Recursos do Fundo Nacional de Assistência Social  FNAS - Principal; Transferências de Recursos do Fundo Nacional de Assistência Social  FNAS; Transferências de Recursos do Fundo Nacional de Assistência Social  FNAS; ; Transferências de Recursos do Fundo Nacional de Assistência Social  FNAS; Transferências de Recursos do Fundo Nacional de Assistência Social  FNAS; Não se aplica; Serviço de Conviv. e Fortalec. de Vinc -SCFV; Arrecadações; SECRETARIA DE DESENVOLVIMENTO SOCIAL E HABITAÇÃO; FUNDO MUNICIPAL DE ASSISTENCIA SOCIAL; SECRETARIA DE DESENVOLVIMENTO SOCIAL E HABITAÇÃO; R$ 0,00; R$ 0,00; R$ 0,00; R$ 0,00; R$ 6.738,75; R$ 13.477,50; R$ 0,00; 0.0
 17165001010200; Serviço de Conviv. e Fortalec. de Vinc -SCFV; Receitas Correntes; Transferências Correntes; Transferências da União e de suas Entidades; Transferências de Recursos do Fundo Nacional de Assistência Social  FNAS - Principal; Transferências de Recursos do Fundo Nacional de Assistência Social  FNAS; Transferências de Recursos do Fundo Nacional de Assistência Social  FNAS; ; Transferências de Recursos do Fundo Nacional de Assistência Social  FNAS; Transferências de Recursos do Fundo Nacional de Assistência Social  FNAS; Não se aplica; Serviço de Conviv. e Fortalec. de Vinc -SCFV; Arrecadações; SECRETARIA DE DESENVOLVIMENTO SOCIAL E HABITAÇÃO; FUNDO MUNICIPAL DE ASSISTENCIA SOCIAL; SECRETARIA DE DESENVOLVIMENTO SOCIAL E HABITAÇÃO; R$ 0,00; R$ 0,00; R$ 0,00; R$ 0,00; R$ 6.738,75; R$ 20.216,25; R$ 0,00; 0.0
 17165001010200; Serviço de Conviv. e Fortalec. de Vinc -SCFV; Receitas Correntes; Transferências Correntes; Transferências da União e de suas Entidades; Transferências de Recursos do Fundo Nacional de Assistência Social  FNAS - Principal; Transferências de Recursos do Fundo Nacional de Assistência Social  FNAS; Transferências de Recursos do Fundo Nacional de Assistência Social  FNAS; ; Transferências de Recursos do Fundo Nacional de Assistência Social  FNAS; Transferências de Recursos do Fundo Nacional de Assistência Social  FNAS; Não se aplica; Serviço de Conviv. e Fortalec. de Vinc -SCFV; Arrecadações; SECRETARIA DE DESENVOLVIMENTO SOCIAL E HABITAÇÃO; FUNDO MUNICIPAL DE ASSISTENCIA SOCIAL; SECRETARIA DE DESENVOLVIMENTO SOCIAL E HABITAÇÃO; R$ 0,00; R$ 0,00; R$ 0,00; R$ 0,00; R$ 6.047,04; R$ 26.263,29; R$ 0,00; 0.0
 17165001010200; Serviço de Conviv. e Fortalec. de Vinc -SCFV; Receitas Correntes; Transferências Correntes; Transferências da União e de suas Entidades; Transferências de Recursos do Fundo Nacional de Assistência Social  FNAS - Principal; Transferências de Recursos do Fundo Nacional de Assistência Social  FNAS; Transferências de Recursos do Fundo Nacional de Assistência Social  FNAS; ; Transferências de Recursos do Fundo Nacional de Assistência Social  FNAS; Transferências de Recursos do Fundo Nacional de Assistência Social  FNAS; Não se aplica; Serviço de Conviv. e Fortalec. de Vinc -SCFV; Arrecadações; SECRETARIA DE DESENVOLVIMENTO SOCIAL E HABITAÇÃO; FUNDO MUNICIPAL DE ASSISTENCIA SOCIAL; SECRETARIA DE DESENVOLVIMENTO SOCIAL E HABITAÇÃO; R$ 0,00; R$ 0,00; R$ 0,00; R$ 0,00; R$ 12.094,08; R$ 38.357,37; R$ 0,00; 0.0
 17165001010200; Serviço de Conviv. e Fortalec. de Vinc -SCFV; Receitas Correntes; Transferências Correntes; Transferências da União e de suas Entidades; Transferências de Recursos do Fundo Nacional de Assistência Social  FNAS - Principal; Transferências de Recursos do Fundo Nacional de Assistência Social  FNAS; Transferências de Recursos do Fundo Nacional de Assistência Social  FNAS; ; Transferências de Recursos do Fundo Nacional de Assistência Social  FNAS; Transferências de Recursos do Fundo Nacional de Assistência Social  FNAS; Não se aplica; Serviço de Conviv. e Fortalec. de Vinc -SCFV; Arrecadações; SECRETARIA DE DESENVOLVIMENTO SOCIAL E HABITAÇÃO; FUNDO MUNICIPAL DE ASSISTENCIA SOCIAL; SECRETARIA DE DESENVOLVIMENTO SOCIAL E HABITAÇÃO; R$ 0,00; R$ 0,00; R$ 0,00; R$ 0,00; R$ 5.777,30; R$ 44.134,67; R$ 0,00; 0.0
 17165001010200; Serviço de Conviv. e Fortalec. de Vinc -SCFV; Receitas Correntes; Transferências Correntes; Transferências da União e de suas Entidades; Transferências de Recursos do Fundo Nacional de Assistência Social  FNAS - Principal; Transferências de Recursos do Fundo Nacional de Assistência Social  FNAS; Transferências de Recursos do Fundo Nacional de Assistência Social  FNAS; ; Transferências de Recursos do Fundo Nacional de Assistência Social  FNAS; Transferências de Recursos do Fundo Nacional de Assistência Social  FNAS; Não se aplica; Serviço de Conviv. e Fortalec. de Vinc -SCFV; Arrecadações; SECRETARIA DE DESENVOLVIMENTO SOCIAL E HABITAÇÃO; FUNDO MUNICIPAL DE ASSISTENCIA SOCIAL; SECRETARIA DE DESENVOLVIMENTO SOCIAL E HABITAÇÃO; R$ 0,00; R$ 0,00; R$ 0,00; R$ 0,00; R$ 5.777,30; R$ 49.911,97; R$ 0,00; 0.0
 17165001010200; Serviço de Conviv. e Fortalec. de Vinc -SCFV; Receitas Correntes; Transferências Correntes; Transferências da União e de suas Entidades; Transferências de Recursos do Fundo Nacional de Assistência Social  FNAS - Principal; Transferências de Recursos do Fundo Nacional de Assistência Social  FNAS; Transferências de Recursos do Fundo Nacional de Assistência Social  FNAS; ; Transferências de Recursos do Fundo Nacional de Assistência Social  FNAS; Transferências de Recursos do Fundo Nacional de Assistência Social  FNAS; Não se aplica; Serviço de Conviv. e Fortalec. de Vinc -SCFV; Arrecadações; SECRETARIA DE DESENVOLVIMENTO SOCIAL E HABITAÇÃO; FUNDO MUNICIPAL DE ASSISTENCIA SOCIAL; SECRETARIA DE DESENVOLVIMENTO SOCIAL E HABITAÇÃO; R$ 0,00; R$ 0,00; R$ 0,00; R$ 0,00; R$ 5.777,30; R$ 55.689,27; R$ 0,00; 0.0
 17165001010200; Serviço de Conviv. e Fortalec. de Vinc -SCFV; Receitas Correntes; Transferências Correntes; Transferências da União e de suas Entidades; Transferências de Recursos do Fundo Nacional de Assistência Social  FNAS - Principal; Transferências de Recursos do Fundo Nacional de Assistência Social  FNAS; Transferências de Recursos do Fundo Nacional de Assistência Social  FNAS; ; Transferências de Recursos do Fundo Nacional de Assistência Social  FNAS; Transferências de Recursos do Fundo Nacional de Assistência Social  FNAS; Não se aplica; Serviço de Conviv. e Fortalec. de Vinc -SCFV; Arrecadações; SECRETARIA DE DESENVOLVIMENTO SOCIAL E HABITAÇÃO; FUNDO MUNICIPAL DE ASSISTENCIA SOCIAL; SECRETARIA DE DESENVOLVIMENTO SOCIAL E HABITAÇÃO; R$ 0,00; R$ 0,00; R$ 0,00; R$ 0,00; R$ 6.290,01; R$ 61.979,28; R$ 0,00; 0.0
 17165001010200; Serviço de Conviv. e Fortalec. de Vinc -SCFV; Receitas Correntes; Transferências Correntes; Transferências da União e de suas Entidades; Transferências de Recursos do Fundo Nacional de Assistência Social  FNAS - Principal; Transferências de Recursos do Fundo Nacional de Assistência Social  FNAS; Transferências de Recursos do Fundo Nacional de Assistência Social  FNAS; ; Transferências de Recursos do Fundo Nacional de Assistência Social  FNAS; Transferências de Recursos do Fundo Nacional de Assistência Social  FNAS; Não se aplica; Serviço de Conviv. e Fortalec. de Vinc -SCFV; Arrecadações; SECRETARIA DE DESENVOLVIMENTO SOCIAL E HABITAÇÃO; FUNDO MUNICIPAL DE ASSISTENCIA SOCIAL; SECRETARIA DE DESENVOLVIMENTO SOCIAL E HABITAÇÃO; R$ 0,00; R$ 0,00; R$ 0,00; R$ 0,00; R$ 20.349,33; R$ 82.328,61; R$ 0,00; 0.0
 17165001010100; Proteção e Atend. integral a Familia- PAIF; Receitas Correntes; Transferências Correntes; Transferências da União e de suas Entidades; Transferências de Recursos do Fundo Nacional de Assistência Social  FNAS - Principal; Transferências de Recursos do Fundo Nacional de Assistência Social  FNAS; Transferências de Recursos do Fundo Nacional de Assistência Social  FNAS; ; Transferências de Recursos do Fundo Nacional de Assistência Social  FNAS; Transferências de Recursos do Fundo Nacional de Assistência Social  FNAS; Não se aplica; Proteção e Atend. integral a Familia- PAIF; Arrecadações; SECRETARIA DE DESENVOLVIMENTO SOCIAL E HABITAÇÃO; FUNDO MUNICIPAL DE ASSISTENCIA SOCIAL; SECRETARIA DE DESENVOLVIMENTO SOCIAL E HABITAÇÃO; R$ 0,00; R$ 0,00; R$ 0,00; R$ 0,00; R$ 4.492,50; R$ 4.492,50; R$ 0,00; 0.0
 17165001010100; Proteção e Atend. integral a Familia- PAIF; Receitas Correntes; Transferências Correntes; Transferências da União e de suas Entidades; Transferências de Recursos do Fundo Nacional de Assistência Social  FNAS - Principal; Transferências de Recursos do Fundo Nacional de Assistência Social  FNAS; Transferências de Recursos do Fundo Nacional de Assistência Social  FNAS; ; Transferências de Recursos do Fundo Nacional de Assistência Social  FNAS; Transferências de Recursos do Fundo Nacional de Assistência Social  FNAS; Não se aplica; Proteção e Atend. integral a Familia- PAIF; Arrecadações; SECRETARIA DE DESENVOLVIMENTO SOCIAL E HABITAÇÃO; FUNDO MUNICIPAL DE ASSISTENCIA SOCIAL; SECRETARIA DE DESENVOLVIMENTO SOCIAL E HABITAÇÃO; R$ 0,00; R$ 0,00; R$ 0,00; R$ 0,00; R$ 4.492,51; R$ 8.985,01; R$ 0,00; 0.0
 17165001010100; Proteção e Atend. integral a Familia- PAIF; Receitas Correntes; Transferências Correntes; Transferências da União e de suas Entidades; Transferências de Recursos do Fundo Nacional de Assistência Social  FNAS - Principal; Transferências de Recursos do Fundo Nacional de Assistência Social  FNAS; Transferências de Recursos do Fundo Nacional de Assistência Social  FNAS; ; Transferências de Recursos do Fundo Nacional de Assistência Social  FNAS; Transferências de Recursos do Fundo Nacional de Assistência Social  FNAS; Não se aplica; Proteção e Atend. integral a Familia- PAIF; Arrecadações; SECRETARIA DE DESENVOLVIMENTO SOCIAL E HABITAÇÃO; FUNDO MUNICIPAL DE ASSISTENCIA SOCIAL; SECRETARIA DE DESENVOLVIMENTO SOCIAL E HABITAÇÃO; R$ 0,00; R$ 0,00; R$ 0,00; R$ 0,00; R$ 3.953,34; R$ 12.938,35; R$ 0,00; 0.0
 17165001010100; Proteção e Atend. integral a Familia- PAIF; Receitas Correntes; Transferências Correntes; Transferências da União e de suas Entidades; Transferências de Recursos do Fundo Nacional de Assistência Social  FNAS - Principal; Transferências de Recursos do Fundo Nacional de Assistência Social  FNAS; Transferências de Recursos do Fundo Nacional de Assistência Social  FNAS; ; Transferências de Recursos do Fundo Nacional de Assistência Social  FNAS; Transferências de Recursos do Fundo Nacional de Assistência Social  FNAS; Não se aplica; Proteção e Atend. integral a Familia- PAIF; Arrecadações; SECRETARIA DE DESENVOLVIMENTO SOCIAL E HABITAÇÃO; FUNDO MUNICIPAL DE ASSISTENCIA SOCIAL; SECRETARIA DE DESENVOLVIMENTO SOCIAL E HABITAÇÃO; R$ 0,00; R$ 0,00; R$ 0,00; R$ 0,00; R$ 4.031,36; R$ 16.969,71; R$ 0,00; 0.0
 17165001010100; Proteção e Atend. integral a Familia- PAIF; Receitas Correntes; Transferências Correntes; Transferências da União e de suas Entidades; Transferências de Recursos do Fundo Nacional de Assistência Social  FNAS - Principal; Transferências de Recursos do Fundo Nacional de Assistência Social  FNAS; Transferências de Recursos do Fundo Nacional de Assistência Social  FNAS; ; Transferências de Recursos do Fundo Nacional de Assistência Social  FNAS; Transferências de Recursos do Fundo Nacional de Assistência Social  FNAS; Não se aplica; Proteção e Atend. integral a Familia- PAIF; Arrecadações; SECRETARIA DE DESENVOLVIMENTO SOCIAL E HABITAÇÃO; FUNDO MUNICIPAL DE ASSISTENCIA SOCIAL; SECRETARIA DE DESENVOLVIMENTO SOCIAL E HABITAÇÃO; R$ 0,00; R$ 0,00; R$ 0,00; R$ 0,00; R$ 7.355,06; R$ 24.324,77; R$ 0,00; 0.0
 17165001010100; Proteção e Atend. integral a Familia- PAIF; Receitas Correntes; Transferências Correntes; Transferências da União e de suas Entidades; Transferências de Recursos do Fundo Nacional de Assistência Social  FNAS - Principal; Transferências de Recursos do Fundo Nacional de Assistência Social  FNAS; Transferências de Recursos do Fundo Nacional de Assistência Social  FNAS; ; Transferências de Recursos do Fundo Nacional de Assistência Social  FNAS; Transferências de Recursos do Fundo Nacional de Assistência Social  FNAS; Não se aplica; Proteção e Atend. integral a Familia- PAIF; Arrecadações; SECRETARIA DE DESENVOLVIMENTO SOCIAL E HABITAÇÃO; FUNDO MUNICIPAL DE ASSISTENCIA SOCIAL; SECRETARIA DE DESENVOLVIMENTO SOCIAL E HABITAÇÃO; R$ 0,00; R$ 0,00; R$ 0,00; R$ 0,00; R$ 4.218,00; R$ 28.542,77; R$ 0,00; 0.0
 17165001010100; Proteção e Atend. integral a Familia- PAIF; Receitas Correntes; Transferências Correntes; Transferências da União e de suas Entidades; Transferências de Recursos do Fundo Nacional de Assistência Social  FNAS - Principal; Transferências de Recursos do Fundo Nacional de Assistência Social  FNAS; Transferências de Recursos do Fundo Nacional de Assistência Social  FNAS; ; Transferências de Recursos do Fundo Nacional de Assistência Social  FNAS; Transferências de Recursos do Fundo Nacional de Assistência Social  FNAS; Não se aplica; Proteção e Atend. integral a Familia- PAIF; Arrecadações; SECRETARIA DE DESENVOLVIMENTO SOCIAL E HABITAÇÃO; FUNDO MUNICIPAL DE ASSISTENCIA SOCIAL; SECRETARIA DE DESENVOLVIMENTO SOCIAL E HABITAÇÃO; R$ 0,00; R$ 0,00; R$ 0,00; R$ 0,00; R$ 4.479,53; R$ 33.022,30; R$ 0,00; 0.0
 17165001010100; Proteção e Atend. integral a Familia- PAIF; Receitas Correntes; Transferências Correntes; Transferências da União e de suas Entidades; Transferências de Recursos do Fundo Nacional de Assistência Social  FNAS - Principal; Transferências de Recursos do Fundo Nacional de Assistência Social  FNAS; Transferências de Recursos do Fundo Nacional de Assistência Social  FNAS; ; Transferências de Recursos do Fundo Nacional de Assistência Social  FNAS; Transferências de Recursos do Fundo Nacional de Assistência Social  FNAS; Não se aplica; Proteção e Atend. integral a Familia- PAIF; Arrecadações; SECRETARIA DE DESENVOLVIMENTO SOCIAL E HABITAÇÃO; FUNDO MUNICIPAL DE ASSISTENCIA SOCIAL; SECRETARIA DE DESENVOLVIMENTO SOCIAL E HABITAÇÃO; R$ 0,00; R$ 0,00; R$ 0,00; R$ 0,00; R$ 4.475,94; R$ 37.498,24; R$ 0,00; 0.0
 17165001010100; Proteção e Atend. integral a Familia- PAIF; Receitas Correntes; Transferências Correntes; Transferências da União e de suas Entidades; Transferências de Recursos do Fundo Nacional de Assistência Social  FNAS - Principal; Transferências de Recursos do Fundo Nacional de Assistência Social  FNAS; Transferências de Recursos do Fundo Nacional de Assistência Social  FNAS; ; Transferências de Recursos do Fundo Nacional de Assistência Social  FNAS; Transferências de Recursos do Fundo Nacional de Assistência Social  FNAS; Não se aplica; Proteção e Atend. integral a Familia- PAIF; Arrecadações; SECRETARIA DE DESENVOLVIMENTO SOCIAL E HABITAÇÃO; FUNDO MUNICIPAL DE ASSISTENCIA SOCIAL; SECRETARIA DE DESENVOLVIMENTO SOCIAL E HABITAÇÃO; R$ 0,00; R$ 0,00; R$ 0,00; R$ 0,00; R$ 4.206,00; R$ 41.704,24; R$ 0,00; 0.0
 17165001010100; Proteção e Atend. integral a Familia- PAIF; Receitas Correntes; Transferências Correntes; Transferências da União e de suas Entidades; Transferências de Recursos do Fundo Nacional de Assistência Social  FNAS - Principal; Transferências de Recursos do Fundo Nacional de Assistência Social  FNAS; Transferências de Recursos do Fundo Nacional de Assistência Social  FNAS; ; Transferências de Recursos do Fundo Nacional de Assistência Social  FNAS; Transferências de Recursos do Fundo Nacional de Assistência Social  FNAS; Não se aplica; Proteção e Atend. integral a Familia- PAIF; Arrecadações; SECRETARIA DE DESENVOLVIMENTO SOCIAL E HABITAÇÃO; FUNDO MUNICIPAL DE ASSISTENCIA SOCIAL; SECRETARIA DE DESENVOLVIMENTO SOCIAL E HABITAÇÃO; R$ 0,00; R$ 0,00; R$ 0,00; R$ 0,00; R$ 13.181,48; R$ 54.885,72; R$ 0,00; 0.0
 11130311000000; Imposto sobre a Renda - Retido na Fonte - Trabalho - Principal; Receitas Correntes; Impostos, Taxas e Contribuições de Melhoria; Impostos; Imposto sobre a Renda - Retido na Fonte - Trabalho - Principal; Impostos sobre a Renda e Proventos de Qualquer Natureza; Imposto sobre a Renda - Retido na Fonte; Imposto sobre a Renda - Retido na Fonte - Trabalho; Impostos sobre a Renda e Proventos de Qualquer Natureza; Imposto sobre a Renda - Retido na Fonte; Imposto sobre a Renda - Retido na Fonte - Trabalho; Imposto sobre a Renda - Retido na Fonte - Trabalho - Principal; Arrecadações; SECRETARIA DE ADMINISTRAÇÃO E FINANÇAS; SECRETARIA DE ADMINISTRAÇÃO E FINANÇAS; SECRETARIA DE ADMINISTRAÇÃO E FINANÇAS; R$ 1.885.401,00; R$ 1.885.401,00; R$ 0,00; R$ 0,00; R$ 10.689,35; R$ 10.689,35; R$ 1.885.401,00; 0.57
 11130311000000; Imposto sobre a Renda - Retido na Fonte - Trabalho - Principal; Receitas Correntes; Impostos, Taxas e Contribuições de Melhoria; Impostos; Imposto sobre a Renda - Retido na Fonte - Trabalho - Principal; Impostos sobre a Renda e Proventos de Qualquer Natureza; Imposto sobre a Renda - Retido na Fonte; Imposto sobre a Renda - Retido na Fonte - Trabalho; Impostos sobre a Renda e Proventos de Qualquer Natureza; Imposto sobre a Renda - Retido na Fonte; Imposto sobre a Renda - Retido na Fonte - Trabalho; Imposto sobre a Renda - Retido na Fonte - Trabalho - Principal; Arrecadações; SECRETARIA DE ADMINISTRAÇÃO E FINANÇAS; SECRETARIA DE ADMINISTRAÇÃO E FINANÇAS; SECRETARIA DE ADMINISTRAÇÃO E FINANÇAS; R$ 0,00; R$ 0,00; R$ 0,00; R$ 0,00; R$ 16.139,23; R$ 26.828,58; R$ 0,00; 0.0
 11130311000000; Imposto sobre a Renda - Retido na Fonte - Trabalho - Principal; Receitas Correntes; Impostos, Taxas e Contribuições de Melhoria; Impostos; Imposto sobre a Renda - Retido na Fonte - Trabalho - Principal; Impostos sobre a Renda e Proventos de Qualquer Natureza; Imposto sobre a Renda - Retido na Fonte; Imposto sobre a Renda - Retido na Fonte - Trabalho; Impostos sobre a Renda e Proventos de Qualquer Natureza; Imposto sobre a Renda - Retido na Fonte; Imposto sobre a Renda - Retido na Fonte - Trabalho; Imposto sobre a Renda - Retido na Fonte - Trabalho - Principal; Arrecadações; SECRETARIA DE ADMINISTRAÇÃO E FINANÇAS; SECRETARIA DE ADMINISTRAÇÃO E FINANÇAS; SECRETARIA DE ADMINISTRAÇÃO E FINANÇAS; R$ 0,00; R$ 0,00; R$ 0,00; R$ 0,00; R$ 18.864,58; R$ 45.693,16; R$ 0,00; 0.0
 11130311000000; Imposto sobre a Renda - Retido na Fonte - Trabalho - Principal; Receitas Correntes; Impostos, Taxas e Contribuições de Melhoria; Impostos; Imposto sobre a Renda - Retido na Fonte - Trabalho - Principal; Impostos sobre a Renda e Proventos de Qualquer Natureza; Imposto sobre a Renda - Retido na Fonte; Imposto sobre a Renda - Retido na Fonte - Trabalho; Impostos sobre a Renda e Proventos de Qualquer Natureza; Imposto sobre a Renda - Retido na Fonte; Imposto sobre a Renda - Retido na Fonte - Trabalho; Imposto sobre a Renda - Retido na Fonte - Trabalho - Principal; Arrecadações; SECRETARIA DE ADMINISTRAÇÃO E FINANÇAS; SECRETARIA DE ADMINISTRAÇÃO E FINANÇAS; SECRETARIA DE ADMINISTRAÇÃO E FINANÇAS; R$ 0,00; R$ 0,00; R$ 0,00; R$ 0,00; R$ 18.449,02; R$ 64.142,18; R$ 0,00; 0.0
 11130311000000; Imposto sobre a Renda - Retido na Fonte - Trabalho - Principal; Receitas Correntes; Impostos, Taxas e Contribuições de Melhoria; Impostos; Imposto sobre a Renda - Retido na Fonte - Trabalho - Principal; Impostos sobre a Renda e Proventos de Qualquer Natureza; Imposto sobre a Renda - Retido na Fonte; Imposto sobre a Renda - Retido na Fonte - Trabalho; Impostos sobre a Renda e Proventos de Qualquer Natureza; Imposto sobre a Renda - Retido na Fonte; Imposto sobre a Renda - Retido na Fonte - Trabalho; Imposto sobre a Renda - Retido na Fonte - Trabalho - Principal; Arrecadações; SECRETARIA DE ADMINISTRAÇÃO E FINANÇAS; SECRETARIA DE ADMINISTRAÇÃO E FINANÇAS; SECRETARIA DE ADMINISTRAÇÃO E FINANÇAS; R$ 0,00; R$ 0,00; R$ 0,00; R$ 0,00; R$ 16.449,91; R$ 80.592,09; R$ 0,00; 0.0
 11130311000000; Imposto sobre a Renda - Retido na Fonte - Trabalho - Principal; Receitas Correntes; Impostos, Taxas e Contribuições de Melhoria; Impostos; Imposto sobre a Renda - Retido na Fonte - Trabalho - Principal; Impostos sobre a Renda e Proventos de Qualquer Natureza; Imposto sobre a Renda - Retido na Fonte; Imposto sobre a Renda - Retido na Fonte - Trabalho; Impostos sobre a Renda e Proventos de Qualquer Natureza; Imposto sobre a Renda - Retido na Fonte; Imposto sobre a Renda - Retido na Fonte - Trabalho; Imposto sobre a Renda - Retido na Fonte - Trabalho - Principal; Arrecadações; SECRETARIA DE ADMINISTRAÇÃO E FINANÇAS; SECRETARIA DE ADMINISTRAÇÃO E FINANÇAS; SECRETARIA DE ADMINISTRAÇÃO E FINANÇAS; R$ 0,00; R$ 0,00; R$ 0,00; R$ 0,00; R$ 1.993.080,26; R$ 2.073.672,35; R$ 0,00; 0.0
 11130311000000; Imposto sobre a Renda - Retido na Fonte - Trabalho - Principal; Receitas Correntes; Impostos, Taxas e Contribuições de Melhoria; Impostos; Imposto sobre a Renda - Retido na Fonte - Trabalho - Principal; Impostos sobre a Renda e Proventos de Qualquer Natureza; Imposto sobre a Renda - Retido na Fonte; Imposto sobre a Renda - Retido na Fonte - Trabalho; Impostos sobre a Renda e Proventos de Qualquer Natureza; Imposto sobre a Renda - Retido na Fonte; Imposto sobre a Renda - Retido na Fonte - Trabalho; Imposto sobre a Renda - Retido na Fonte - Trabalho - Principal; Arrecadações; SECRETARIA DE ADMINISTRAÇÃO E FINANÇAS; SECRETARIA DE ADMINISTRAÇÃO E FINANÇAS; SECRETARIA DE ADMINISTRAÇÃO E FINANÇAS; R$ 0,00; R$ 0,00; R$ 0,00; R$ 0,00; R$ 152.437,51; R$ 2.226.109,86; R$ 0,00; 0.0
 11130311000000; Imposto sobre a Renda - Retido na Fonte - Trabalho - Principal; Receitas Correntes; Impostos, Taxas e Contribuições de Melhoria; Impostos; Imposto sobre a Renda - Retido na Fonte - Trabalho - Principal; Impostos sobre a Renda e Proventos de Qualquer Natureza; Imposto sobre a Renda - Retido na Fonte; Imposto sobre a Renda - Retido na Fonte - Trabalho; Impostos sobre a Renda e Proventos de Qualquer Natureza; Imposto sobre a Renda - Retido na Fonte; Imposto sobre a Renda - Retido na Fonte - Trabalho; Imposto sobre a Renda - Retido na Fonte - Trabalho - Principal; Arrecadações; SECRETARIA DE ADMINISTRAÇÃO E FINANÇAS; SECRETARIA DE ADMINISTRAÇÃO E FINANÇAS; SECRETARIA DE ADMINISTRAÇÃO E FINANÇAS; R$ 0,00; R$ 0,00; R$ 0,00; R$ 0,00; R$ 664.574,34; R$ 2.890.684,20; R$ 0,00; 0.0
 11130311000000; Imposto sobre a Renda - Retido na Fonte - Trabalho - Principal; Receitas Correntes; Impostos, Taxas e Contribuições de Melhoria; Impostos; Imposto sobre a Renda - Retido na Fonte - Trabalho - Principal; Impostos sobre a Renda e Proventos de Qualquer Natureza; Imposto sobre a Renda - Retido na Fonte; Imposto sobre a Renda - Retido na Fonte - Trabalho; Impostos sobre a Renda e Proventos de Qualquer Natureza; Imposto sobre a Renda - Retido na Fonte; Imposto sobre a Renda - Retido na Fonte - Trabalho; Imposto sobre a Renda - Retido na Fonte - Trabalho - Principal; Arrecadações; SECRETARIA DE ADMINISTRAÇÃO E FINANÇAS; SECRETARIA DE ADMINISTRAÇÃO E FINANÇAS; SECRETARIA DE ADMINISTRAÇÃO E FINANÇAS; R$ 0,00; R$ 0,00; R$ 0,00; R$ 0,00; R$ 18.368,57; R$ 2.909.052,77; R$ 0,00; 0.0
 11130311000000; Imposto sobre a Renda - Retido na Fonte - Trabalho - Principal; Receitas Correntes; Impostos, Taxas e Contribuições de Melhoria; Impostos; Imposto sobre a Renda - Retido na Fonte - Trabalho - Principal; Impostos sobre a Renda e Proventos de Qualquer Natureza; Imposto sobre a Renda - Retido na Fonte; Imposto sobre a Renda - Retido na Fonte - Trabalho; Impostos sobre a Renda e Proventos de Qualquer Natureza; Imposto sobre a Renda - Retido na Fonte; Imposto sobre a Renda - Retido na Fonte - Trabalho; Imposto sobre a Renda - Retido na Fonte - Trabalho - Principal; Arrecadações; SECRETARIA DE ADMINISTRAÇÃO E FINANÇAS; SECRETARIA DE ADMINISTRAÇÃO E FINANÇAS; SECRETARIA DE ADMINISTRAÇÃO E FINANÇAS; R$ 0,00; R$ 0,00; R$ 0,00; R$ 0,00; R$ 377.876,89; R$ 3.286.929,66; R$ 0,00; 0.0
 11130311000000; Imposto sobre a Renda - Retido na Fonte - Trabalho - Principal; Receitas Correntes; Impostos, Taxas e Contribuições de Melhoria; Impostos; Imposto sobre a Renda - Retido na Fonte - Trabalho - Principal; Impostos sobre a Renda e Proventos de Qualquer Natureza; Imposto sobre a Renda - Retido na Fonte; Imposto sobre a Renda - Retido na Fonte - Trabalho; Impostos sobre a Renda e Proventos de Qualquer Natureza; Imposto sobre a Renda - Retido na Fonte; Imposto sobre a Renda - Retido na Fonte - Trabalho; Imposto sobre a Renda - Retido na Fonte - Trabalho - Principal; Arrecadações; SECRETARIA DE ADMINISTRAÇÃO E FINANÇAS; SECRETARIA DE ADMINISTRAÇÃO E FINANÇAS; SECRETARIA DE ADMINISTRAÇÃO E FINANÇAS; R$ 0,00; R$ 0,00; R$ 0,00; R$ 0,00; R$ 109.777,88; R$ 3.396.707,54; R$ 0,00; 0.0
 11130311000000; Imposto sobre a Renda - Retido na Fonte - Trabalho - Principal; Receitas Correntes; Impostos, Taxas e Contribuições de Melhoria; Impostos; Imposto sobre a Renda - Retido na Fonte - Trabalho - Principal; Impostos sobre a Renda e Proventos de Qualquer Natureza; Imposto sobre a Renda - Retido na Fonte; Imposto sobre a Renda - Retido na Fonte - Trabalho; Impostos sobre a Renda e Proventos de Qualquer Natureza; Imposto sobre a Renda - Retido na Fonte; Imposto sobre a Renda - Retido na Fonte - Trabalho; Imposto sobre a Renda - Retido na Fonte - Trabalho - Principal; Arrecadações; SECRETARIA DE ADMINISTRAÇÃO E FINANÇAS; SECRETARIA DE ADMINISTRAÇÃO E FINANÇAS; SECRETARIA DE ADMINISTRAÇÃO E FINANÇAS; R$ 0,00; R$ 0,00; R$ 0,00; R$ 0,00; R$ 966.806,86; R$ 4.363.514,40; R$ 0,00; 0.0
 11145111000000; Imposto sobre Serviços de Qualquer Natureza - ISSQN - Principal; Receitas Correntes; Impostos, Taxas e Contribuições de Melhoria; Impostos; Imposto sobre Serviços de Qualquer Natureza - ISSQN - Principal; Impostos sobre Produção, Circulação e Serviços; Impostos sobre Serviços; Imposto sobre Serviços de Qualquer Natureza - ISSQN; Impostos sobre Produção, Circulação e Serviços; Impostos sobre Serviços; Imposto sobre Serviços de Qualquer Natureza - ISSQN; Imposto sobre Serviços de Qualquer Natureza - ISSQN - Principal; Arrecadações; SECRETARIA DE ADMINISTRAÇÃO E FINANÇAS; SECRETARIA DE ADMINISTRAÇÃO E FINANÇAS; SECRETARIA DE ADMINISTRAÇÃO E FINANÇAS; R$ 2.344.123,00; R$ 2.344.123,00; R$ 0,00; R$ 0,00; R$ 130.432,20; R$ 130.432,20; R$ 2.344.123,00; 5.56
 11145111000000; Imposto sobre Serviços de Qualquer Natureza - ISSQN - Principal; Receitas Correntes; Impostos, Taxas e Contribuições de Melhoria; Impostos; Imposto sobre Serviços de Qualquer Natureza - ISSQN - Principal; Impostos sobre Produção, Circulação e Serviços; Impostos sobre Serviços; Imposto sobre Serviços de Qualquer Natureza - ISSQN; Impostos sobre Produção, Circulação e Serviços; Impostos sobre Serviços; Imposto sobre Serviços de Qualquer Natureza - ISSQN; Imposto sobre Serviços de Qualquer Natureza - ISSQN - Principal; Arrecadações; SECRETARIA DE ADMINISTRAÇÃO E FINANÇAS; SECRETARIA DE ADMINISTRAÇÃO E FINANÇAS; SECRETARIA DE ADMINISTRAÇÃO E FINANÇAS; R$ 0,00; R$ 0,00; R$ 0,00; R$ 0,00; R$ 109.731,05; R$ 240.163,25; R$ 0,00; 0.0
 11145111000000; Imposto sobre Serviços de Qualquer Natureza - ISSQN - Principal; Receitas Correntes; Impostos, Taxas e Contribuições de Melhoria; Impostos; Imposto sobre Serviços de Qualquer Natureza - ISSQN - Principal; Impostos sobre Produção, Circulação e Serviços; Impostos sobre Serviços; Imposto sobre Serviços de Qualquer Natureza - ISSQN; Impostos sobre Produção, Circulação e Serviços; Impostos sobre Serviços; Imposto sobre Serviços de Qualquer Natureza - ISSQN; Imposto sobre Serviços de Qualquer Natureza - ISSQN - Principal; Arrecadações; SECRETARIA DE ADMINISTRAÇÃO E FINANÇAS; SECRETARIA DE ADMINISTRAÇÃO E FINANÇAS; SECRETARIA DE ADMINISTRAÇÃO E FINANÇAS; R$ 0,00; R$ 0,00; R$ 0,00; R$ 0,00; R$ 137.797,85; R$ 377.961,10; R$ 0,00; 0.0
 11145111000000; Imposto sobre Serviços de Qualquer Natureza - ISSQN - Principal; Receitas Correntes; Impostos, Taxas e Contribuições de Melhoria; Impostos; Imposto sobre Serviços de Qualquer Natureza - ISSQN - Principal; Impostos sobre Produção, Circulação e Serviços; Impostos sobre Serviços; Imposto sobre Serviços de Qualquer Natureza - ISSQN; Impostos sobre Produção, Circulação e Serviços; Impostos sobre Serviços; Imposto sobre Serviços de Qualquer Natureza - ISSQN; Imposto sobre Serviços de Qualquer Natureza - ISSQN - Principal; Arrecadações; SECRETARIA DE ADMINISTRAÇÃO E FINANÇAS; SECRETARIA DE ADMINISTRAÇÃO E FINANÇAS; SECRETARIA DE ADMINISTRAÇÃO E FINANÇAS; R$ 0,00; R$ 0,00; R$ 0,00; R$ 0,00; R$ 175.219,89; R$ 553.180,99; R$ 0,00; 0.0
 11145111000000; Imposto sobre Serviços de Qualquer Natureza - ISSQN - Principal; Receitas Correntes; Impostos, Taxas e Contribuições de Melhoria; Impostos; Imposto sobre Serviços de Qualquer Natureza - ISSQN - Principal; Impostos sobre Produção, Circulação e Serviços; Impostos sobre Serviços; Imposto sobre Serviços de Qualquer Natureza - ISSQN; Impostos sobre Produção, Circulação e Serviços; Impostos sobre Serviços; Imposto sobre Serviços de Qualquer Natureza - ISSQN; Imposto sobre Serviços de Qualquer Natureza - ISSQN - Principal; Arrecadações; SECRETARIA DE ADMINISTRAÇÃO E FINANÇAS; SECRETARIA DE ADMINISTRAÇÃO E FINANÇAS; SECRETARIA DE ADMINISTRAÇÃO E FINANÇAS; R$ 0,00; R$ 0,00; R$ 0,00; R$ 0,00; R$ 168.778,77; R$ 721.959,76; R$ 0,00; 0.0
 11145111000000; Imposto sobre Serviços de Qualquer Natureza - ISSQN - Principal; Receitas Correntes; Impostos, Taxas e Contribuições de Melhoria; Impostos; Imposto sobre Serviços de Qualquer Natureza - ISSQN - Principal; Impostos sobre Produção, Circulação e Serviços; Impostos sobre Serviços; Imposto sobre Serviços de Qualquer Natureza - ISSQN; Impostos sobre Produção, Circulação e Serviços; Impostos sobre Serviços; Imposto sobre Serviços de Qualquer Natureza - ISSQN; Imposto sobre Serviços de Qualquer Natureza - ISSQN - Principal; Arrecadações; SECRETARIA DE ADMINISTRAÇÃO E FINANÇAS; SECRETARIA DE ADMINISTRAÇÃO E FINANÇAS; SECRETARIA DE ADMINISTRAÇÃO E FINANÇAS; R$ 0,00; R$ 0,00; R$ 0,00; R$ 0,00; R$ 140.247,16; R$ 862.206,92; R$ 0,00; 0.0
 11145111000000; Imposto sobre Serviços de Qualquer Natureza - ISSQN - Principal; Receitas Correntes; Impostos, Taxas e Contribuições de Melhoria; Impostos; Imposto sobre Serviços de Qualquer Natureza - ISSQN - Principal; Impostos sobre Produção, Circulação e Serviços; Impostos sobre Serviços; Imposto sobre Serviços de Qualquer Natureza - ISSQN; Impostos sobre Produção, Circulação e Serviços; Impostos sobre Serviços; Imposto sobre Serviços de Qualquer Natureza - ISSQN; Imposto sobre Serviços de Qualquer Natureza - ISSQN - Principal; Arrecadações; SECRETARIA DE ADMINISTRAÇÃO E FINANÇAS; SECRETARIA DE ADMINISTRAÇÃO E FINANÇAS; SECRETARIA DE ADMINISTRAÇÃO E FINANÇAS; R$ 0,00; R$ 0,00; R$ 0,00; R$ 0,00; R$ 129.484,29; R$ 991.691,21; R$ 0,00; 0.0
 11145111000000; Imposto sobre Serviços de Qualquer Natureza - ISSQN - Principal; Receitas Correntes; Impostos, Taxas e Contribuições de Melhoria; Impostos; Imposto sobre Serviços de Qualquer Natureza - ISSQN - Principal; Impostos sobre Produção, Circulação e Serviços; Impostos sobre Serviços; Imposto sobre Serviços de Qualquer Natureza - ISSQN; Impostos sobre Produção, Circulação e Serviços; Impostos sobre Serviços; Imposto sobre Serviços de Qualquer Natureza - ISSQN; Imposto sobre Serviços de Qualquer Natureza - ISSQN - Principal; Arrecadações; SECRETARIA DE ADMINISTRAÇÃO E FINANÇAS; SECRETARIA DE ADMINISTRAÇÃO E FINANÇAS; SECRETARIA DE ADMINISTRAÇÃO E FINANÇAS; R$ 0,00; R$ 0,00; R$ 0,00; R$ 0,00; R$ 476.916,95; R$ 1.468.608,16; R$ 0,00; 0.0
 11145111000000; Imposto sobre Serviços de Qualquer Natureza - ISSQN - Principal; Receitas Correntes; Impostos, Taxas e Contribuições de Melhoria; Impostos; Imposto sobre Serviços de Qualquer Natureza - ISSQN - Principal; Impostos sobre Produção, Circulação e Serviços; Impostos sobre Serviços; Imposto sobre Serviços de Qualquer Natureza - ISSQN; Impostos sobre Produção, Circulação e Serviços; Impostos sobre Serviços; Imposto sobre Serviços de Qualquer Natureza - ISSQN; Imposto sobre Serviços de Qualquer Natureza - ISSQN - Principal; Arrecadações; SECRETARIA DE ADMINISTRAÇÃO E FINANÇAS; SECRETARIA DE ADMINISTRAÇÃO E FINANÇAS; SECRETARIA DE ADMINISTRAÇÃO E FINANÇAS; R$ 0,00; R$ 0,00; R$ 0,00; R$ 0,00; R$ 175.139,62; R$ 1.643.747,78; R$ 0,00; 0.0
 11145111000000; Imposto sobre Serviços de Qualquer Natureza - ISSQN - Principal; Receitas Correntes; Impostos, Taxas e Contribuições de Melhoria; Impostos; Imposto sobre Serviços de Qualquer Natureza - ISSQN - Principal; Impostos sobre Produção, Circulação e Serviços; Impostos sobre Serviços; Imposto sobre Serviços de Qualquer Natureza - ISSQN; Impostos sobre Produção, Circulação e Serviços; Impostos sobre Serviços; Imposto sobre Serviços de Qualquer Natureza - ISSQN; Imposto sobre Serviços de Qualquer Natureza - ISSQN - Principal; Arrecadações; SECRETARIA DE ADMINISTRAÇÃO E FINANÇAS; SECRETARIA DE ADMINISTRAÇÃO E FINANÇAS; SECRETARIA DE ADMINISTRAÇÃO E FINANÇAS; R$ 0,00; R$ 0,00; R$ 0,00; R$ 0,00; R$ 141.789,19; R$ 1.785.536,97; R$ 0,00; 0.0
 11145111000000; Imposto sobre Serviços de Qualquer Natureza - ISSQN - Principal; Receitas Correntes; Impostos, Taxas e Contribuições de Melhoria; Impostos; Imposto sobre Serviços de Qualquer Natureza - ISSQN - Principal; Impostos sobre Produção, Circulação e Serviços; Impostos sobre Serviços; Imposto sobre Serviços de Qualquer Natureza - ISSQN; Impostos sobre Produção, Circulação e Serviços; Impostos sobre Serviços; Imposto sobre Serviços de Qualquer Natureza - ISSQN; Imposto sobre Serviços de Qualquer Natureza - ISSQN - Principal; Arrecadações; SECRETARIA DE ADMINISTRAÇÃO E FINANÇAS; SECRETARIA DE ADMINISTRAÇÃO E FINANÇAS; SECRETARIA DE ADMINISTRAÇÃO E FINANÇAS; R$ 0,00; R$ 0,00; R$ 0,00; R$ 0,00; R$ 207.213,46; R$ 1.992.750,43; R$ 0,00; 0.0
 11145111000000; Imposto sobre Serviços de Qualquer Natureza - ISSQN - Principal; Receitas Correntes; Impostos, Taxas e Contribuições de Melhoria; Impostos; Imposto sobre Serviços de Qualquer Natureza - ISSQN - Principal; Impostos sobre Produção, Circulação e Serviços; Impostos sobre Serviços; Imposto sobre Serviços de Qualquer Natureza - ISSQN; Impostos sobre Produção, Circulação e Serviços; Impostos sobre Serviços; Imposto sobre Serviços de Qualquer Natureza - ISSQN; Imposto sobre Serviços de Qualquer Natureza - ISSQN - Principal; Arrecadações; SECRETARIA DE ADMINISTRAÇÃO E FINANÇAS; SECRETARIA DE ADMINISTRAÇÃO E FINANÇAS; SECRETARIA DE ADMINISTRAÇÃO E FINANÇAS; R$ 0,00; R$ 0,00; R$ 0,00; R$ 0,00; R$ 306.017,07; R$ 2.298.767,50; R$ 0,00; 0.0
 11210401000000; Taxa de Controle e Fiscalização Ambiental - Principal; Receitas Correntes; Impostos, Taxas e Contribuições de Melhoria; Taxas; Taxa de Controle e Fiscalização Ambiental - Principal; Taxas pelo Exercício do Poder de Polícia; Taxa de Controle e Fiscalização Ambiental; ; Taxas pelo Exercício do Poder de Polícia; Taxa de Controle e Fiscalização Ambiental; Não se aplica; Taxa de Controle e Fiscalização Ambiental - Principal; Arrecadações; SECRETARIA DE ADMINISTRAÇÃO E FINANÇAS; SECRETARIA DE ADMINISTRAÇÃO E FINANÇAS; SECRETARIA DE ADMINISTRAÇÃO E FINANÇAS; R$ 0,00; R$ 0,00; R$ 0,00; R$ 0,00; R$ 110,00; R$ 110,00; R$ 0,00; 0.0
 11145113000000; Imposto sobre Serviços de Qualquer Natureza - ISSQN - Dívida Ativa; Receitas Correntes; Impostos, Taxas e Contribuições de Melhoria; Impostos; Imposto sobre Serviços de Qualquer Natureza - ISSQN - Dívida Ativa; Impostos sobre Produção, Circulação e Serviços; Impostos sobre Serviços; Imposto sobre Serviços de Qualquer Natureza - ISSQN; Impostos sobre Produção, Circulação e Serviços; Impostos sobre Serviços; Imposto sobre Serviços de Qualquer Natureza - ISSQN; Imposto sobre Serviços de Qualquer Natureza - ISSQN - Dívida Ativa; Arrecadações; SECRETARIA DE ADMINISTRAÇÃO E FINANÇAS; SECRETARIA DE ADMINISTRAÇÃO E FINANÇAS; SECRETARIA DE ADMINISTRAÇÃO E FINANÇAS; R$ 0,00; R$ 0,00; R$ 0,00; R$ 0,00; R$ 388,80; R$ 3.584,78; R$ 0,00; 0.0
 11225304000000; TPS Limpeza Pública e Manejo de Resíduos Sólidos - DA Multas e Juros; Receitas Correntes; Impostos, Taxas e Contribuições de Melhoria; Taxas; TPS Limpeza Pública e Manejo de Resíduos Sólidos - DA Multas e Juros; Taxas pela Prestação de Serviços; TPS Limpeza Pública e Manejo de Resíduos Sólidos; ; Taxas pela Prestação de Serviços; TPS Limpeza Pública e Manejo de Resíduos Sólidos; Não se aplica; TPS Limpeza Pública e Manejo de Resíduos Sólidos - DA Multas e Juros; Arrecadações; SECRETARIA DE ADMINISTRAÇÃO E FINANÇAS; SECRETARIA DE ADMINISTRAÇÃO E FINANÇAS; SECRETARIA DE ADMINISTRAÇÃO E FINANÇAS; R$ 0,00; R$ 0,00; R$ 0,00; R$ 0,00; R$ 1.459,45; R$ 1.459,45; R$ 0,00; 0.0
 19991221000000; Ônus de Sucumbência - Principal; Receitas Correntes; Outras Receitas Correntes; Demais Receitas Correntes; Ônus de Sucumbência - Principal; Outras Receitas Correntes; Encargos Legais pela Inscrição em Dívida Ativa e Receitas de Ônus de Sucumbência; Ônus de Sucumbência; Outras Receitas Correntes; Encargos Legais pela Inscrição em Dívida Ativa e Receitas de Ônus de Sucumbência; Ônus de Sucumbência; Ônus de Sucumbência - Principal; Arrecadações; SECRETARIA DE ADMINISTRAÇÃO E FINANÇAS; SECRETARIA DE ADMINISTRAÇÃO E FINANÇAS; SECRETARIA DE ADMINISTRAÇÃO E FINANÇAS; R$ 0,00; R$ 0,00; R$ 0,00; R$ 0,00; R$ 21.687,15; R$ 45.003,74; R$ 0,00; 0.0
 11125004000000; Imposto sobre a Propriedade Predial e Territorial Urbana - Dívida Ativa - Multas e Juros de Mora da Dívida Ativa; Receitas Correntes; Impostos, Taxas e Contribuições de Melhoria; Impostos; Imposto sobre a Propriedade Predial e Territorial Urbana - Dívida Ativa - Multas e Juros de Mora da Dívida Ativa; Impostos sobre o Patrimônio; Imposto sobre a Propriedade Predial e Territorial Urbana; ; Impostos sobre o Patrimônio; Imposto sobre a Propriedade Predial e Territorial Urbana; Não se aplica; Imposto sobre a Propriedade Predial e Territorial Urbana - Dívida Ativa - Multas e Juros de Mora da Dívida Ativa; Arrecadações; SECRETARIA DE ADMINISTRAÇÃO E FINANÇAS; SECRETARIA DE ADMINISTRAÇÃO E FINANÇAS; SECRETARIA DE ADMINISTRAÇÃO E FINANÇAS; R$ 0,00; R$ 0,00; R$ 0,00; R$ 0,00; R$ 21.488,38; R$ 150.544,08; R$ 0,00; 0.0
 11225301010000; TPS - Taxa de Limpeza Pública; Receitas Correntes; Impostos, Taxas e Contribuições de Melhoria; Taxas; TPS Limpeza Pública e Manejo de Resíduos Sólidos - Principal; Taxas pela Prestação de Serviços; TPS Limpeza Pública e Manejo de Resíduos Sólidos; ; Taxas pela Prestação de Serviços; TPS Limpeza Pública e Manejo de Resíduos Sólidos; Não se aplica; TPS - Taxa de Limpeza Pública; Arrecadações; SECRETARIA DE ADMINISTRAÇÃO E FINANÇAS; SECRETARIA DE ADMINISTRAÇÃO E FINANÇAS; SECRETARIA DE ADMINISTRAÇÃO E FINANÇAS; R$ 0,00; R$ 0,00; R$ 0,00; R$ 0,00; R$ 6.657,66; R$ 9.104,47; R$ 0,00; 0.0
 11225303000000; TPS Limpeza Pública e Manejo de Resíduos Sólidos - Dívida Ativa; Receitas Correntes; Impostos, Taxas e Contribuições de Melhoria; Taxas; TPS Limpeza Pública e Manejo de Resíduos Sólidos - Dívida Ativa; Taxas pela Prestação de Serviços; TPS Limpeza Pública e Manejo de Resíduos Sólidos; ; Taxas pela Prestação de Serviços; TPS Limpeza Pública e Manejo de Resíduos Sólidos; Não se aplica; TPS Limpeza Pública e Manejo de Resíduos Sólidos - Dívida Ativa; Arrecadações; SECRETARIA DE ADMINISTRAÇÃO E FINANÇAS; SECRETARIA DE ADMINISTRAÇÃO E FINANÇAS; SECRETARIA DE ADMINISTRAÇÃO E FINANÇAS; R$ 0,00; R$ 0,00; R$ 0,00; R$ 0,00; R$ 60.578,78; R$ 91.081,09; R$ 0,00; 0.0
 11210401000000; Taxa de Controle e Fiscalização Ambiental - Principal; Receitas Correntes; Impostos, Taxas e Contribuições de Melhoria; Taxas; Taxa de Controle e Fiscalização Ambiental - Principal; Taxas pelo Exercício do Poder de Polícia; Taxa de Controle e Fiscalização Ambiental; ; Taxas pelo Exercício do Poder de Polícia; Taxa de Controle e Fiscalização Ambiental; Não se aplica; Taxa de Controle e Fiscalização Ambiental - Principal; Arrecadações; SECRETARIA DE ADMINISTRAÇÃO E FINANÇAS; SECRETARIA DE ADMINISTRAÇÃO E FINANÇAS; SECRETARIA DE ADMINISTRAÇÃO E FINANÇAS; R$ 0,00; R$ 0,00; R$ 0,00; R$ 0,00; R$ 2.797,64; R$ 2.907,64; R$ 0,00; 0.0
 11145112000000; Imposto sobre Serviços de Qualquer Natureza - ISSQN - Multas e Juros de Mora; Receitas Correntes; Impostos, Taxas e Contribuições de Melhoria; Impostos; Imposto sobre Serviços de Qualquer Natureza - ISSQN - Multas e Juros de Mora; Impostos sobre Produção, Circulação e Serviços; Impostos sobre Serviços; Imposto sobre Serviços de Qualquer Natureza - ISSQN; Impostos sobre Produção, Circulação e Serviços; Impostos sobre Serviços; Imposto sobre Serviços de Qualquer Natureza - ISSQN; Imposto sobre Serviços de Qualquer Natureza - ISSQN - Multas e Juros de Mora; Arrecadações; SECRETARIA DE ADMINISTRAÇÃO E FINANÇAS; SECRETARIA DE ADMINISTRAÇÃO E FINANÇAS; SECRETARIA DE ADMINISTRAÇÃO E FINANÇAS; R$ 0,00; R$ 0,00; R$ 0,00; R$ 0,00; R$ 1.318,96; R$ 10.376,28; R$ 0,00; 0.0
 19991221000000; Ônus de Sucumbência - Principal; Receitas Correntes; Outras Receitas Correntes; Demais Receitas Correntes; Ônus de Sucumbência - Principal; Outras Receitas Correntes; Encargos Legais pela Inscrição em Dívida Ativa e Receitas de Ônus de Sucumbência; Ônus de Sucumbência; Outras Receitas Correntes; Encargos Legais pela Inscrição em Dívida Ativa e Receitas de Ônus de Sucumbência; Ônus de Sucumbência; Ônus de Sucumbência - Principal; Arrecadações; SECRETARIA DE ADMINISTRAÇÃO E FINANÇAS; SECRETARIA DE ADMINISTRAÇÃO E FINANÇAS; SECRETARIA DE ADMINISTRAÇÃO E FINANÇAS; R$ 0,00; R$ 0,00; R$ 0,00; R$ 0,00; R$ 17.424,20; R$ 62.427,94; R$ 0,00; 0.0
 11145113000000; Imposto sobre Serviços de Qualquer Natureza - ISSQN - Dívida Ativa; Receitas Correntes; Impostos, Taxas e Contribuições de Melhoria; Impostos; Imposto sobre Serviços de Qualquer Natureza - ISSQN - Dívida Ativa; Impostos sobre Produção, Circulação e Serviços; Impostos sobre Serviços; Imposto sobre Serviços de Qualquer Natureza - ISSQN; Impostos sobre Produção, Circulação e Serviços; Impostos sobre Serviços; Imposto sobre Serviços de Qualquer Natureza - ISSQN; Imposto sobre Serviços de Qualquer Natureza - ISSQN - Dívida Ativa; Arrecadações; SECRETARIA DE ADMINISTRAÇÃO E FINANÇAS; SECRETARIA DE ADMINISTRAÇÃO E FINANÇAS; SECRETARIA DE ADMINISTRAÇÃO E FINANÇAS; R$ 0,00; R$ 0,00; R$ 0,00; R$ 0,00; R$ 712,69; R$ 4.297,47; R$ 0,00; 0.0
 11225303000000; TPS Limpeza Pública e Manejo de Resíduos Sólidos - Dívida Ativa; Receitas Correntes; Impostos, Taxas e Contribuições de Melhoria; Taxas; TPS Limpeza Pública e Manejo de Resíduos Sólidos - Dívida Ativa; Taxas pela Prestação de Serviços; TPS Limpeza Pública e Manejo de Resíduos Sólidos; ; Taxas pela Prestação de Serviços; TPS Limpeza Pública e Manejo de Resíduos Sólidos; Não se aplica; TPS Limpeza Pública e Manejo de Resíduos Sólidos - Dívida Ativa; Arrecadações; SECRETARIA DE ADMINISTRAÇÃO E FINANÇAS; SECRETARIA DE ADMINISTRAÇÃO E FINANÇAS; SECRETARIA DE ADMINISTRAÇÃO E FINANÇAS; R$ 0,00; R$ 0,00; R$ 0,00; R$ 0,00; R$ 37.111,92; R$ 185.022,82; R$ 0,00; 0.0
 11145113000000; Imposto sobre Serviços de Qualquer Natureza - ISSQN - Dívida Ativa; Receitas Correntes; Impostos, Taxas e Contribuições de Melhoria; Impostos; Imposto sobre Serviços de Qualquer Natureza - ISSQN - Dívida Ativa; Impostos sobre Produção, Circulação e Serviços; Impostos sobre Serviços; Imposto sobre Serviços de Qualquer Natureza - ISSQN; Impostos sobre Produção, Circulação e Serviços; Impostos sobre Serviços; Imposto sobre Serviços de Qualquer Natureza - ISSQN; Imposto sobre Serviços de Qualquer Natureza - ISSQN - Dívida Ativa; Arrecadações; SECRETARIA DE ADMINISTRAÇÃO E FINANÇAS; SECRETARIA DE ADMINISTRAÇÃO E FINANÇAS; SECRETARIA DE ADMINISTRAÇÃO E FINANÇAS; R$ 0,00; R$ 0,00; R$ 0,00; R$ 0,00; R$ 729,93; R$ 8.715,59; R$ 0,00; 0.0
 11125003000000; Imposto sobre a Propriedade Predial e Territorial Urbana - Dívida Ativa; Receitas Correntes; Impostos, Taxas e Contribuições de Melhoria; Impostos; Imposto sobre a Propriedade Predial e Territorial Urbana - Dívida Ativa; Impostos sobre o Patrimônio; Imposto sobre a Propriedade Predial e Territorial Urbana; ; Impostos sobre o Patrimônio; Imposto sobre a Propriedade Predial e Territorial Urbana; Não se aplica; Imposto sobre a Propriedade Predial e Territorial Urbana - Dívida Ativa; Arrecadações; SECRETARIA DE ADMINISTRAÇÃO E FINANÇAS; SECRETARIA DE ADMINISTRAÇÃO E FINANÇAS; SECRETARIA DE ADMINISTRAÇÃO E FINANÇAS; R$ 0,00; R$ 0,00; R$ 0,00; R$ 0,00; R$ 124.515,02; R$ 909.619,39; R$ 0,00; 0.0
 11225302000000; TPS Limpeza Pública e Manejo de Resíduos Sólidos - Multas e Juros; Receitas Correntes; Impostos, Taxas e Contribuições de Melhoria; Taxas; TPS Limpeza Pública e Manejo de Resíduos Sólidos - Multas e Juros; Taxas pela Prestação de Serviços; TPS Limpeza Pública e Manejo de Resíduos Sólidos; ; Taxas pela Prestação de Serviços; TPS Limpeza Pública e Manejo de Resíduos Sólidos; Não se aplica; TPS Limpeza Pública e Manejo de Resíduos Sólidos - Multas e Juros; Arrecadações; SECRETARIA DE ADMINISTRAÇÃO E FINANÇAS; SECRETARIA DE ADMINISTRAÇÃO E FINANÇAS; SECRETARIA DE ADMINISTRAÇÃO E FINANÇAS; R$ 0,00; R$ 0,00; R$ 0,00; R$ 0,00; R$ 1.924,26; R$ 7.901,80; R$ 0,00; 0.0
 11225301020000; TPS - Taxa de Coleta de Lixo; Receitas Correntes; Impostos, Taxas e Contribuições de Melhoria; Taxas; TPS Limpeza Pública e Manejo de Resíduos Sólidos - Principal; Taxas pela Prestação de Serviços; TPS Limpeza Pública e Manejo de Resíduos Sólidos; ; Taxas pela Prestação de Serviços; TPS Limpeza Pública e Manejo de Resíduos Sólidos; Não se aplica; TPS - Taxa de Coleta de Lixo; Arrecadações; SECRETARIA DE ADMINISTRAÇÃO E FINANÇAS; SECRETARIA DE ADMINISTRAÇÃO E FINANÇAS; SECRETARIA DE ADMINISTRAÇÃO E FINANÇAS; R$ 0,00; R$ 0,00; R$ 0,00; R$ 0,00; R$ 19.576,55; R$ 387.486,46; R$ 0,00; 0.0
 19991221000000; Ônus de Sucumbência - Principal; Receitas Correntes; Outras Receitas Correntes; Demais Receitas Correntes; Ônus de Sucumbência - Principal; Outras Receitas Correntes; Encargos Legais pela Inscrição em Dívida Ativa e Receitas de Ônus de Sucumbência; Ônus de Sucumbência; Outras Receitas Correntes; Encargos Legais pela Inscrição em Dívida Ativa e Receitas de Ônus de Sucumbência; Ônus de Sucumbência; Ônus de Sucumbência - Principal; Arrecadações; SECRETARIA DE ADMINISTRAÇÃO E FINANÇAS; SECRETARIA DE ADMINISTRAÇÃO E FINANÇAS; SECRETARIA DE ADMINISTRAÇÃO E FINANÇAS; R$ 0,00; R$ 0,00; R$ 0,00; R$ 0,00; R$ 7.287,78; R$ 116.681,13; R$ 0,00; 0.0
 11225304000000; TPS Limpeza Pública e Manejo de Resíduos Sólidos - DA Multas e Juros; Receitas Correntes; Impostos, Taxas e Contribuições de Melhoria; Taxas; TPS Limpeza Pública e Manejo de Resíduos Sólidos - DA Multas e Juros; Taxas pela Prestação de Serviços; TPS Limpeza Pública e Manejo de Resíduos Sólidos; ; Taxas pela Prestação de Serviços; TPS Limpeza Pública e Manejo de Resíduos Sólidos; Não se aplica; TPS Limpeza Pública e Manejo de Resíduos Sólidos - DA Multas e Juros; Arrecadações; SECRETARIA DE ADMINISTRAÇÃO E FINANÇAS; SECRETARIA DE ADMINISTRAÇÃO E FINANÇAS; SECRETARIA DE ADMINISTRAÇÃO E FINANÇAS; R$ 0,00; R$ 0,00; R$ 0,00; R$ 0,00; R$ 4.928,54; R$ 27.197,81; R$ 0,00; 0.0
 11125003000000; Imposto sobre a Propriedade Predial e Territorial Urbana - Dívida Ativa; Receitas Correntes; Impostos, Taxas e Contribuições de Melhoria; Impostos; Imposto sobre a Propriedade Predial e Territorial Urbana - Dívida Ativa; Impostos sobre o Patrimônio; Imposto sobre a Propriedade Predial e Territorial Urbana; ; Impostos sobre o Patrimônio; Imposto sobre a Propriedade Predial e Territorial Urbana; Não se aplica; Imposto sobre a Propriedade Predial e Territorial Urbana - Dívida Ativa; Arrecadações; SECRETARIA DE ADMINISTRAÇÃO E FINANÇAS; SECRETARIA DE ADMINISTRAÇÃO E FINANÇAS; SECRETARIA DE ADMINISTRAÇÃO E FINANÇAS; R$ 0,00; R$ 0,00; R$ 0,00; R$ 0,00; R$ 99.332,63; R$ 1.008.952,02; R$ 0,00; 0.0
 19991221000000; Ônus de Sucumbência - Principal; Receitas Correntes; Outras Receitas Correntes; Demais Receitas Correntes; Ônus de Sucumbência - Principal; Outras Receitas Correntes; Encargos Legais pela Inscrição em Dívida Ativa e Receitas de Ônus de Sucumbência; Ônus de Sucumbência; Outras Receitas Correntes; Encargos Legais pela Inscrição em Dívida Ativa e Receitas de Ônus de Sucumbência; Ônus de Sucumbência; Ônus de Sucumbência - Principal; Arrecadações; SECRETARIA DE ADMINISTRAÇÃO E FINANÇAS; SECRETARIA DE ADMINISTRAÇÃO E FINANÇAS; SECRETARIA DE ADMINISTRAÇÃO E FINANÇAS; R$ 0,00; R$ 0,00; R$ 0,00; R$ 0,00; R$ 6.788,85; R$ 123.469,98; R$ 0,00; 0.0
 11220103000000; Taxas pela Prestação de Serviços em Geral - Dívida Ativa; Receitas Correntes; Impostos, Taxas e Contribuições de Melhoria; Taxas; Taxas pela Prestação de Serviços em Geral - Dívida Ativa; Taxas pela Prestação de Serviços; Taxas pela Prestação de Serviços; ; Taxas pela Prestação de Serviços; Taxas pela Prestação de Serviços; Não se aplica; Taxas pela Prestação de Serviços em Geral - Dívida Ativa; Arrecadações; SECRETARIA DE ADMINISTRAÇÃO E FINANÇAS; SECRETARIA DE ADMINISTRAÇÃO E FINANÇAS; SECRETARIA DE ADMINISTRAÇÃO E FINANÇAS; R$ 0,00; R$ 0,00; R$ 0,00; R$ 0,00; R$ 1.696,63; R$ 47.508,29; R$ 0,00; 0.0
 11225303000000; TPS Limpeza Pública e Manejo de Resíduos Sólidos - Dívida Ativa; Receitas Correntes; Impostos, Taxas e Contribuições de Melhoria; Taxas; TPS Limpeza Pública e Manejo de Resíduos Sólidos - Dívida Ativa; Taxas pela Prestação de Serviços; TPS Limpeza Pública e Manejo de Resíduos Sólidos; ; Taxas pela Prestação de Serviços; TPS Limpeza Pública e Manejo de Resíduos Sólidos; Não se aplica; TPS Limpeza Pública e Manejo de Resíduos Sólidos - Dívida Ativa; Arrecadações; SECRETARIA DE ADMINISTRAÇÃO E FINANÇAS; SECRETARIA DE ADMINISTRAÇÃO E FINANÇAS; SECRETARIA DE ADMINISTRAÇÃO E FINANÇAS; R$ 0,00; R$ 0,00; R$ 0,00; R$ 0,00; R$ 34.099,48; R$ 219.122,30; R$ 0,00; 0.0
 11125004000000; Imposto sobre a Propriedade Predial e Territorial Urbana - Dívida Ativa - Multas e Juros de Mora da Dívida Ativa; Receitas Correntes; Impostos, Taxas e Contribuições de Melhoria; Impostos; Imposto sobre a Propriedade Predial e Territorial Urbana - Dívida Ativa - Multas e Juros de Mora da Dívida Ativa; Impostos sobre o Patrimônio; Imposto sobre a Propriedade Predial e Territorial Urbana; ; Impostos sobre o Patrimônio; Imposto sobre a Propriedade Predial e Territorial Urbana; Não se aplica; Imposto sobre a Propriedade Predial e Territorial Urbana - Dívida Ativa - Multas e Juros de Mora da Dívida Ativa; Arrecadações; SECRETARIA DE ADMINISTRAÇÃO E FINANÇAS; SECRETARIA DE ADMINISTRAÇÃO E FINANÇAS; SECRETARIA DE ADMINISTRAÇÃO E FINANÇAS; R$ 0,00; R$ 0,00; R$ 0,00; R$ 0,00; R$ 15.318,53; R$ 227.222,87; R$ 0,00; 0.0
 11225301020000; TPS - Taxa de Coleta de Lixo; Receitas Correntes; Impostos, Taxas e Contribuições de Melhoria; Taxas; TPS Limpeza Pública e Manejo de Resíduos Sólidos - Principal; Taxas pela Prestação de Serviços; TPS Limpeza Pública e Manejo de Resíduos Sólidos; ; Taxas pela Prestação de Serviços; TPS Limpeza Pública e Manejo de Resíduos Sólidos; Não se aplica; TPS - Taxa de Coleta de Lixo; Arrecadações; SECRETARIA DE ADMINISTRAÇÃO E FINANÇAS; SECRETARIA DE ADMINISTRAÇÃO E FINANÇAS; SECRETARIA DE ADMINISTRAÇÃO E FINANÇAS; R$ 0,00; R$ 0,00; R$ 0,00; R$ 0,00; R$ 14.232,92; R$ 401.719,38; R$ 0,00; 0.0
 11125001000000; Imposto sobre a Propriedade Predial e Territorial Urbana - Principal; Receitas Correntes; Impostos, Taxas e Contribuições de Melhoria; Impostos; Imposto sobre a Propriedade Predial e Territorial Urbana - Principal; Impostos sobre o Patrimônio; Imposto sobre a Propriedade Predial e Territorial Urbana; ; Impostos sobre o Patrimônio; Imposto sobre a Propriedade Predial e Territorial Urbana; Não se aplica; Imposto sobre a Propriedade Predial e Territorial Urbana - Principal; Arrecadações; SECRETARIA DE ADMINISTRAÇÃO E FINANÇAS; SECRETARIA DE ADMINISTRAÇÃO E FINANÇAS; SECRETARIA DE ADMINISTRAÇÃO E FINANÇAS; R$ 0,00; R$ 0,00; R$ 0,00; R$ 0,00; R$ 67.445,17; R$ 5.627.230,79; R$ 0,00; 0.0
 11210401000000; Taxa de Controle e Fiscalização Ambiental - Principal; Receitas Correntes; Impostos, Taxas e Contribuições de Melhoria; Taxas; Taxa de Controle e Fiscalização Ambiental - Principal; Taxas pelo Exercício do Poder de Polícia; Taxa de Controle e Fiscalização Ambiental; ; Taxas pelo Exercício do Poder de Polícia; Taxa de Controle e Fiscalização Ambiental; Não se aplica; Taxa de Controle e Fiscalização Ambiental - Principal; Arrecadações; SECRETARIA DE ADMINISTRAÇÃO E FINANÇAS; SECRETARIA DE ADMINISTRAÇÃO E FINANÇAS; SECRETARIA DE ADMINISTRAÇÃO E FINANÇAS; R$ 0,00; R$ 0,00; R$ 0,00; R$ 0,00; R$ 9.716,81; R$ 47.465,12; R$ 0,00; 0.0
 11220104000000; Taxas pela Prestação de Serviços em Geral - Dívida Ativa - Multas e Juros de Mora da Dívida Ativa; Receitas Correntes; Impostos, Taxas e Contribuições de Melhoria; Taxas; Taxas pela Prestação de Serviços em Geral - Dívida Ativa - Multas e Juros de Mora da Dívida Ativa; Taxas pela Prestação de Serviços; Taxas pela Prestação de Serviços; ; Taxas pela Prestação de Serviços; Taxas pela Prestação de Serviços; Não se aplica; Taxas pela Prestação de Serviços em Geral - Dívida Ativa - Multas e Juros de Mora da Dívida Ativa; Arrecadações; SECRETARIA DE ADMINISTRAÇÃO E FINANÇAS; SECRETARIA DE ADMINISTRAÇÃO E FINANÇAS; SECRETARIA DE ADMINISTRAÇÃO E FINANÇAS; R$ 0,00; R$ 0,00; R$ 0,00; R$ 0,00; R$ 372,33; R$ 64.965,04; R$ 0,00; 0.0
 11145113000000; Imposto sobre Serviços de Qualquer Natureza - ISSQN - Dívida Ativa; Receitas Correntes; Impostos, Taxas e Contribuições de Melhoria; Impostos; Imposto sobre Serviços de Qualquer Natureza - ISSQN - Dívida Ativa; Impostos sobre Produção, Circulação e Serviços; Impostos sobre Serviços; Imposto sobre Serviços de Qualquer Natureza - ISSQN; Impostos sobre Produção, Circulação e Serviços; Impostos sobre Serviços; Imposto sobre Serviços de Qualquer Natureza - ISSQN; Imposto sobre Serviços de Qualquer Natureza - ISSQN - Dívida Ativa; Arrecadações; SECRETARIA DE ADMINISTRAÇÃO E FINANÇAS; SECRETARIA DE ADMINISTRAÇÃO E FINANÇAS; SECRETARIA DE ADMINISTRAÇÃO E FINANÇAS; R$ 0,00; R$ 0,00; R$ 0,00; R$ 0,00; R$ 2.339,16; R$ 11.054,75; R$ 0,00; 0.0
 11225302000000; TPS Limpeza Pública e Manejo de Resíduos Sólidos - Multas e Juros; Receitas Correntes; Impostos, Taxas e Contribuições de Melhoria; Taxas; TPS Limpeza Pública e Manejo de Resíduos Sólidos - Multas e Juros; Taxas pela Prestação de Serviços; TPS Limpeza Pública e Manejo de Resíduos Sólidos; ; Taxas pela Prestação de Serviços; TPS Limpeza Pública e Manejo de Resíduos Sólidos; Não se aplica; TPS Limpeza Pública e Manejo de Resíduos Sólidos - Multas e Juros; Arrecadações; SECRETARIA DE ADMINISTRAÇÃO E FINANÇAS; SECRETARIA DE ADMINISTRAÇÃO E FINANÇAS; SECRETARIA DE ADMINISTRAÇÃO E FINANÇAS; R$ 0,00; R$ 0,00; R$ 0,00; R$ 0,00; R$ 1.921,92; R$ 9.823,72; R$ 0,00; 0.0
 11145112000000; Imposto sobre Serviços de Qualquer Natureza - ISSQN - Multas e Juros de Mora; Receitas Correntes; Impostos, Taxas e Contribuições de Melhoria; Impostos; Imposto sobre Serviços de Qualquer Natureza - ISSQN - Multas e Juros de Mora; Impostos sobre Produção, Circulação e Serviços; Impostos sobre Serviços; Imposto sobre Serviços de Qualquer Natureza - ISSQN; Impostos sobre Produção, Circulação e Serviços; Impostos sobre Serviços; Imposto sobre Serviços de Qualquer Natureza - ISSQN; Imposto sobre Serviços de Qualquer Natureza - ISSQN - Multas e Juros de Mora; Arrecadações; SECRETARIA DE ADMINISTRAÇÃO E FINANÇAS; SECRETARIA DE ADMINISTRAÇÃO E FINANÇAS; SECRETARIA DE ADMINISTRAÇÃO E FINANÇAS; R$ 0,00; R$ 0,00; R$ 0,00; R$ 0,00; R$ 2.421,97; R$ 18.762,51; R$ 0,00; 0.0
 11225301010000; TPS - Taxa de Limpeza Pública; Receitas Correntes; Impostos, Taxas e Contribuições de Melhoria; Taxas; TPS Limpeza Pública e Manejo de Resíduos Sólidos - Principal; Taxas pela Prestação de Serviços; TPS Limpeza Pública e Manejo de Resíduos Sólidos; ; Taxas pela Prestação de Serviços; TPS Limpeza Pública e Manejo de Resíduos Sólidos; Não se aplica; TPS - Taxa de Limpeza Pública; Arrecadações; SECRETARIA DE ADMINISTRAÇÃO E FINANÇAS; SECRETARIA DE ADMINISTRAÇÃO E FINANÇAS; SECRETARIA DE ADMINISTRAÇÃO E FINANÇAS; R$ 0,00; R$ 0,00; R$ 0,00; R$ 0,00; R$ 2.479,72; R$ 19.268,94; R$ 0,00; 0.0
 11220101990000; TPS - Taxa de Prestação de Serviços - Outras; Receitas Correntes; Impostos, Taxas e Contribuições de Melhoria; Taxas; Taxas pela Prestação de Serviços em Geral - Principal; Taxas pela Prestação de Serviços; Taxas pela Prestação de Serviços; ; Taxas pela Prestação de Serviços; Taxas pela Prestação de Serviços; Não se aplica; TPS - Taxa de Prestação de Serviços - Outras; Arrecadações; SECRETARIA DE ADMINISTRAÇÃO E FINANÇAS; SECRETARIA DE ADMINISTRAÇÃO E FINANÇAS; SECRETARIA DE ADMINISTRAÇÃO E FINANÇAS; R$ 0,00; R$ 0,00; R$ 0,00; R$ 0,00; R$ 26.117,99; R$ 496.350,98; R$ 0,00; 0.0
 11225301020000; TPS - Taxa de Coleta de Lixo; Receitas Correntes; Impostos, Taxas e Contribuições de Melhoria; Taxas; TPS Limpeza Pública e Manejo de Resíduos Sólidos - Principal; Taxas pela Prestação de Serviços; TPS Limpeza Pública e Manejo de Resíduos Sólidos; ; Taxas pela Prestação de Serviços; TPS Limpeza Pública e Manejo de Resíduos Sólidos; Não se aplica; TPS - Taxa de Coleta de Lixo; Arrecadações; SECRETARIA DE ADMINISTRAÇÃO E FINANÇAS; SECRETARIA DE ADMINISTRAÇÃO E FINANÇAS; SECRETARIA DE ADMINISTRAÇÃO E FINANÇAS; R$ 0,00; R$ 0,00; R$ 0,00; R$ 0,00; R$ 133.398,87; R$ 183.034,48; R$ 0,00; 0.0
 11125003000000; Imposto sobre a Propriedade Predial e Territorial Urbana - Dívida Ativa; Receitas Correntes; Impostos, Taxas e Contribuições de Melhoria; Impostos; Imposto sobre a Propriedade Predial e Territorial Urbana - Dívida Ativa; Impostos sobre o Patrimônio; Imposto sobre a Propriedade Predial e Territorial Urbana; ; Impostos sobre o Patrimônio; Imposto sobre a Propriedade Predial e Territorial Urbana; Não se aplica; Imposto sobre a Propriedade Predial e Territorial Urbana - Dívida Ativa; Arrecadações; SECRETARIA DE ADMINISTRAÇÃO E FINANÇAS; SECRETARIA DE ADMINISTRAÇÃO E FINANÇAS; SECRETARIA DE ADMINISTRAÇÃO E FINANÇAS; R$ 0,00; R$ 0,00; R$ 0,00; R$ 0,00; R$ 165.093,64; R$ 568.932,19; R$ 0,00; 0.0
 11220101990000; TPS - Taxa de Prestação de Serviços - Outras; Receitas Correntes; Impostos, Taxas e Contribuições de Melhoria; Taxas; Taxas pela Prestação de Serviços em Geral - Principal; Taxas pela Prestação de Serviços; Taxas pela Prestação de Serviços; ; Taxas pela Prestação de Serviços; Taxas pela Prestação de Serviços; Não se aplica; TPS - Taxa de Prestação de Serviços - Outras; Arrecadações; SECRETARIA DE ADMINISTRAÇÃO E FINANÇAS; SECRETARIA DE ADMINISTRAÇÃO E FINANÇAS; SECRETARIA DE ADMINISTRAÇÃO E FINANÇAS; R$ 0,00; R$ 0,00; R$ 0,00; R$ 0,00; R$ 2.212,08; R$ 436.487,99; R$ 0,00; 0.0
 11220104000000; Taxas pela Prestação de Serviços em Geral - Dívida Ativa - Multas e Juros de Mora da Dívida Ativa; Receitas Correntes; Impostos, Taxas e Contribuições de Melhoria; Taxas; Taxas pela Prestação de Serviços em Geral - Dívida Ativa - Multas e Juros de Mora da Dívida Ativa; Taxas pela Prestação de Serviços; Taxas pela Prestação de Serviços; ; Taxas pela Prestação de Serviços; Taxas pela Prestação de Serviços; Não se aplica; Taxas pela Prestação de Serviços em Geral - Dívida Ativa - Multas e Juros de Mora da Dívida Ativa; Arrecadações; SECRETARIA DE ADMINISTRAÇÃO E FINANÇAS; SECRETARIA DE ADMINISTRAÇÃO E FINANÇAS; SECRETARIA DE ADMINISTRAÇÃO E FINANÇAS; R$ 0,00; R$ 0,00; R$ 0,00; R$ 0,00; R$ 480,47; R$ 62.684,17; R$ 0,00; 0.0
 11220103000000; Taxas pela Prestação de Serviços em Geral - Dívida Ativa; Receitas Correntes; Impostos, Taxas e Contribuições de Melhoria; Taxas; Taxas pela Prestação de Serviços em Geral - Dívida Ativa; Taxas pela Prestação de Serviços; Taxas pela Prestação de Serviços; ; Taxas pela Prestação de Serviços; Taxas pela Prestação de Serviços; Não se aplica; Taxas pela Prestação de Serviços em Geral - Dívida Ativa; Arrecadações; SECRETARIA DE ADMINISTRAÇÃO E FINANÇAS; SECRETARIA DE ADMINISTRAÇÃO E FINANÇAS; SECRETARIA DE ADMINISTRAÇÃO E FINANÇAS; R$ 0,00; R$ 0,00; R$ 0,00; R$ 0,00; R$ 2.904,83; R$ 39.258,54; R$ 0,00; 0.0
 11125001000000; Imposto sobre a Propriedade Predial e Territorial Urbana - Principal; Receitas Correntes; Impostos, Taxas e Contribuições de Melhoria; Impostos; Imposto sobre a Propriedade Predial e Territorial Urbana - Principal; Impostos sobre o Patrimônio; Imposto sobre a Propriedade Predial e Territorial Urbana; ; Impostos sobre o Patrimônio; Imposto sobre a Propriedade Predial e Territorial Urbana; Não se aplica; Imposto sobre a Propriedade Predial e Territorial Urbana - Principal; Arrecadações; SECRETARIA DE ADMINISTRAÇÃO E FINANÇAS; SECRETARIA DE ADMINISTRAÇÃO E FINANÇAS; SECRETARIA DE ADMINISTRAÇÃO E FINANÇAS; R$ 0,00; R$ 0,00; R$ 0,00; R$ 0,00; R$ 137.456,35; R$ 5.370.784,23; R$ 0,00; 0.0
 11225302000000; TPS Limpeza Pública e Manejo de Resíduos Sólidos - Multas e Juros; Receitas Correntes; Impostos, Taxas e Contribuições de Melhoria; Taxas; TPS Limpeza Pública e Manejo de Resíduos Sólidos - Multas e Juros; Taxas pela Prestação de Serviços; TPS Limpeza Pública e Manejo de Resíduos Sólidos; ; Taxas pela Prestação de Serviços; TPS Limpeza Pública e Manejo de Resíduos Sólidos; Não se aplica; TPS Limpeza Pública e Manejo de Resíduos Sólidos - Multas e Juros; Arrecadações; SECRETARIA DE ADMINISTRAÇÃO E FINANÇAS; SECRETARIA DE ADMINISTRAÇÃO E FINANÇAS; SECRETARIA DE ADMINISTRAÇÃO E FINANÇAS; R$ 0,00; R$ 0,00; R$ 0,00; R$ 0,00; R$ 1.450,91; R$ 1.640,56; R$ 0,00; 0.0
 11225304000000; TPS Limpeza Pública e Manejo de Resíduos Sólidos - DA Multas e Juros; Receitas Correntes; Impostos, Taxas e Contribuições de Melhoria; Taxas; TPS Limpeza Pública e Manejo de Resíduos Sólidos - DA Multas e Juros; Taxas pela Prestação de Serviços; TPS Limpeza Pública e Manejo de Resíduos Sólidos; ; Taxas pela Prestação de Serviços; TPS Limpeza Pública e Manejo de Resíduos Sólidos; Não se aplica; TPS Limpeza Pública e Manejo de Resíduos Sólidos - DA Multas e Juros; Arrecadações; SECRETARIA DE ADMINISTRAÇÃO E FINANÇAS; SECRETARIA DE ADMINISTRAÇÃO E FINANÇAS; SECRETARIA DE ADMINISTRAÇÃO E FINANÇAS; R$ 0,00; R$ 0,00; R$ 0,00; R$ 0,00; R$ 4.793,89; R$ 6.253,34; R$ 0,00; 0.0
 11225302000000; TPS Limpeza Pública e Manejo de Resíduos Sólidos - Multas e Juros; Receitas Correntes; Impostos, Taxas e Contribuições de Melhoria; Taxas; TPS Limpeza Pública e Manejo de Resíduos Sólidos - Multas e Juros; Taxas pela Prestação de Serviços; TPS Limpeza Pública e Manejo de Resíduos Sólidos; ; Taxas pela Prestação de Serviços; TPS Limpeza Pública e Manejo de Resíduos Sólidos; Não se aplica; TPS Limpeza Pública e Manejo de Resíduos Sólidos - Multas e Juros; Arrecadações; SECRETARIA DE ADMINISTRAÇÃO E FINANÇAS; SECRETARIA DE ADMINISTRAÇÃO E FINANÇAS; SECRETARIA DE ADMINISTRAÇÃO E FINANÇAS; R$ 0,00; R$ 0,00; R$ 0,00; R$ 0,00; R$ 1.901,13; R$ 3.541,69; R$ 0,00; 0.0
 11225304000000; TPS Limpeza Pública e Manejo de Resíduos Sólidos - DA Multas e Juros; Receitas Correntes; Impostos, Taxas e Contribuições de Melhoria; Taxas; TPS Limpeza Pública e Manejo de Resíduos Sólidos - DA Multas e Juros; Taxas pela Prestação de Serviços; TPS Limpeza Pública e Manejo de Resíduos Sólidos; ; Taxas pela Prestação de Serviços; TPS Limpeza Pública e Manejo de Resíduos Sólidos; Não se aplica; TPS Limpeza Pública e Manejo de Resíduos Sólidos - DA Multas e Juros; Arrecadações; SECRETARIA DE ADMINISTRAÇÃO E FINANÇAS; SECRETARIA DE ADMINISTRAÇÃO E FINANÇAS; SECRETARIA DE ADMINISTRAÇÃO E FINANÇAS; R$ 0,00; R$ 0,00; R$ 0,00; R$ 0,00; R$ 5.058,69; R$ 11.312,03; R$ 0,00; 0.0
 11225301020000; TPS - Taxa de Coleta de Lixo; Receitas Correntes; Impostos, Taxas e Contribuições de Melhoria; Taxas; TPS Limpeza Pública e Manejo de Resíduos Sólidos - Principal; Taxas pela Prestação de Serviços; TPS Limpeza Pública e Manejo de Resíduos Sólidos; ; Taxas pela Prestação de Serviços; TPS Limpeza Pública e Manejo de Resíduos Sólidos; Não se aplica; TPS - Taxa de Coleta de Lixo; Arrecadações; SECRETARIA DE ADMINISTRAÇÃO E FINANÇAS; SECRETARIA DE ADMINISTRAÇÃO E FINANÇAS; SECRETARIA DE ADMINISTRAÇÃO E FINANÇAS; R$ 0,00; R$ 0,00; R$ 0,00; R$ 0,00; R$ 117.397,44; R$ 300.431,92; R$ 0,00; 0.0
 11225303000000; TPS Limpeza Pública e Manejo de Resíduos Sólidos - Dívida Ativa; Receitas Correntes; Impostos, Taxas e Contribuições de Melhoria; Taxas; TPS Limpeza Pública e Manejo de Resíduos Sólidos - Dívida Ativa; Taxas pela Prestação de Serviços; TPS Limpeza Pública e Manejo de Resíduos Sólidos; ; Taxas pela Prestação de Serviços; TPS Limpeza Pública e Manejo de Resíduos Sólidos; Não se aplica; TPS Limpeza Pública e Manejo de Resíduos Sólidos - Dívida Ativa; Arrecadações; SECRETARIA DE ADMINISTRAÇÃO E FINANÇAS; SECRETARIA DE ADMINISTRAÇÃO E FINANÇAS; SECRETARIA DE ADMINISTRAÇÃO E FINANÇAS; R$ 0,00; R$ 0,00; R$ 0,00; R$ 0,00; R$ 31.936,76; R$ 123.017,85; R$ 0,00; 0.0
 11125001000000; Imposto sobre a Propriedade Predial e Territorial Urbana - Principal; Receitas Correntes; Impostos, Taxas e Contribuições de Melhoria; Impostos; Imposto sobre a Propriedade Predial e Territorial Urbana - Principal; Impostos sobre o Patrimônio; Imposto sobre a Propriedade Predial e Territorial Urbana; ; Impostos sobre o Patrimônio; Imposto sobre a Propriedade Predial e Territorial Urbana; Não se aplica; Imposto sobre a Propriedade Predial e Territorial Urbana - Principal; Arrecadações; SECRETARIA DE ADMINISTRAÇÃO E FINANÇAS; SECRETARIA DE ADMINISTRAÇÃO E FINANÇAS; SECRETARIA DE ADMINISTRAÇÃO E FINANÇAS; R$ 0,00; R$ 0,00; R$ 0,00; R$ 0,00; R$ 77.355,33; R$ 5.448.139,56; R$ 0,00; 0.0
 11220104000000; Taxas pela Prestação de Serviços em Geral - Dívida Ativa - Multas e Juros de Mora da Dívida Ativa; Receitas Correntes; Impostos, Taxas e Contribuições de Melhoria; Taxas; Taxas pela Prestação de Serviços em Geral - Dívida Ativa - Multas e Juros de Mora da Dívida Ativa; Taxas pela Prestação de Serviços; Taxas pela Prestação de Serviços; ; Taxas pela Prestação de Serviços; Taxas pela Prestação de Serviços; Não se aplica; Taxas pela Prestação de Serviços em Geral - Dívida Ativa - Multas e Juros de Mora da Dívida Ativa; Arrecadações; SECRETARIA DE ADMINISTRAÇÃO E FINANÇAS; SECRETARIA DE ADMINISTRAÇÃO E FINANÇAS; SECRETARIA DE ADMINISTRAÇÃO E FINANÇAS; R$ 0,00; R$ 0,00; R$ 0,00; R$ 0,00; R$ 464,75; R$ 63.148,92; R$ 0,00; 0.0
 11210401000000; Taxa de Controle e Fiscalização Ambiental - Principal; Receitas Correntes; Impostos, Taxas e Contribuições de Melhoria; Taxas; Taxa de Controle e Fiscalização Ambiental - Principal; Taxas pelo Exercício do Poder de Polícia; Taxa de Controle e Fiscalização Ambiental; ; Taxas pelo Exercício do Poder de Polícia; Taxa de Controle e Fiscalização Ambiental; Não se aplica; Taxa de Controle e Fiscalização Ambiental - Principal; Arrecadações; SECRETARIA DE ADMINISTRAÇÃO E FINANÇAS; SECRETARIA DE ADMINISTRAÇÃO E FINANÇAS; SECRETARIA DE ADMINISTRAÇÃO E FINANÇAS; R$ 0,00; R$ 0,00; R$ 0,00; R$ 0,00; R$ 6.889,64; R$ 9.797,28; R$ 0,00; 0.0
 11225301010000; TPS - Taxa de Limpeza Pública; Receitas Correntes; Impostos, Taxas e Contribuições de Melhoria; Taxas; TPS Limpeza Pública e Manejo de Resíduos Sólidos - Principal; Taxas pela Prestação de Serviços; TPS Limpeza Pública e Manejo de Resíduos Sólidos; ; Taxas pela Prestação de Serviços; TPS Limpeza Pública e Manejo de Resíduos Sólidos; Não se aplica; TPS - Taxa de Limpeza Pública; Arrecadações; SECRETARIA DE ADMINISTRAÇÃO E FINANÇAS; SECRETARIA DE ADMINISTRAÇÃO E FINANÇAS; SECRETARIA DE ADMINISTRAÇÃO E FINANÇAS; R$ 0,00; R$ 0,00; R$ 0,00; R$ 0,00; R$ 3.284,68; R$ 12.389,15; R$ 0,00; 0.0
 11145112000000; Imposto sobre Serviços de Qualquer Natureza - ISSQN - Multas e Juros de Mora; Receitas Correntes; Impostos, Taxas e Contribuições de Melhoria; Impostos; Imposto sobre Serviços de Qualquer Natureza - ISSQN - Multas e Juros de Mora; Impostos sobre Produção, Circulação e Serviços; Impostos sobre Serviços; Imposto sobre Serviços de Qualquer Natureza - ISSQN; Impostos sobre Produção, Circulação e Serviços; Impostos sobre Serviços; Imposto sobre Serviços de Qualquer Natureza - ISSQN; Imposto sobre Serviços de Qualquer Natureza - ISSQN - Multas e Juros de Mora; Arrecadações; SECRETARIA DE ADMINISTRAÇÃO E FINANÇAS; SECRETARIA DE ADMINISTRAÇÃO E FINANÇAS; SECRETARIA DE ADMINISTRAÇÃO E FINANÇAS; R$ 0,00; R$ 0,00; R$ 0,00; R$ 0,00; R$ 3.470,49; R$ 13.846,77; R$ 0,00; 0.0
 11220101990000; TPS - Taxa de Prestação de Serviços - Outras; Receitas Correntes; Impostos, Taxas e Contribuições de Melhoria; Taxas; Taxas pela Prestação de Serviços em Geral - Principal; Taxas pela Prestação de Serviços; Taxas pela Prestação de Serviços; ; Taxas pela Prestação de Serviços; Taxas pela Prestação de Serviços; Não se aplica; TPS - Taxa de Prestação de Serviços - Outras; Arrecadações; SECRETARIA DE ADMINISTRAÇÃO E FINANÇAS; SECRETARIA DE ADMINISTRAÇÃO E FINANÇAS; SECRETARIA DE ADMINISTRAÇÃO E FINANÇAS; R$ 0,00; R$ 0,00; R$ 0,00; R$ 0,00; R$ 3.345,35; R$ 439.833,34; R$ 0,00; 0.0
 11125004000000; Imposto sobre a Propriedade Predial e Territorial Urbana - Dívida Ativa - Multas e Juros de Mora da Dívida Ativa; Receitas Correntes; Impostos, Taxas e Contribuições de Melhoria; Impostos; Imposto sobre a Propriedade Predial e Territorial Urbana - Dívida Ativa - Multas e Juros de Mora da Dívida Ativa; Impostos sobre o Patrimônio; Imposto sobre a Propriedade Predial e Territorial Urbana; ; Impostos sobre o Patrimônio; Imposto sobre a Propriedade Predial e Territorial Urbana; Não se aplica; Imposto sobre a Propriedade Predial e Territorial Urbana - Dívida Ativa - Multas e Juros de Mora da Dívida Ativa; Arrecadações; SECRETARIA DE ADMINISTRAÇÃO E FINANÇAS; SECRETARIA DE ADMINISTRAÇÃO E FINANÇAS; SECRETARIA DE ADMINISTRAÇÃO E FINANÇAS; R$ 0,00; R$ 0,00; R$ 0,00; R$ 0,00; R$ 20.230,61; R$ 170.774,69; R$ 0,00; 0.0
 11145113000000; Imposto sobre Serviços de Qualquer Natureza - ISSQN - Dívida Ativa; Receitas Correntes; Impostos, Taxas e Contribuições de Melhoria; Impostos; Imposto sobre Serviços de Qualquer Natureza - ISSQN - Dívida Ativa; Impostos sobre Produção, Circulação e Serviços; Impostos sobre Serviços; Imposto sobre Serviços de Qualquer Natureza - ISSQN; Impostos sobre Produção, Circulação e Serviços; Impostos sobre Serviços; Imposto sobre Serviços de Qualquer Natureza - ISSQN; Imposto sobre Serviços de Qualquer Natureza - ISSQN - Dívida Ativa; Arrecadações; SECRETARIA DE ADMINISTRAÇÃO E FINANÇAS; SECRETARIA DE ADMINISTRAÇÃO E FINANÇAS; SECRETARIA DE ADMINISTRAÇÃO E FINANÇAS; R$ 0,00; R$ 0,00; R$ 0,00; R$ 0,00; R$ 2.988,61; R$ 7.286,08; R$ 0,00; 0.0
 11220103000000; Taxas pela Prestação de Serviços em Geral - Dívida Ativa; Receitas Correntes; Impostos, Taxas e Contribuições de Melhoria; Taxas; Taxas pela Prestação de Serviços em Geral - Dívida Ativa; Taxas pela Prestação de Serviços; Taxas pela Prestação de Serviços; ; Taxas pela Prestação de Serviços; Taxas pela Prestação de Serviços; Não se aplica; Taxas pela Prestação de Serviços em Geral - Dívida Ativa; Arrecadações; SECRETARIA DE ADMINISTRAÇÃO E FINANÇAS; SECRETARIA DE ADMINISTRAÇÃO E FINANÇAS; SECRETARIA DE ADMINISTRAÇÃO E FINANÇAS; R$ 0,00; R$ 0,00; R$ 0,00; R$ 0,00; R$ 1.630,64; R$ 40.889,18; R$ 0,00; 0.0
 11125003000000; Imposto sobre a Propriedade Predial e Territorial Urbana - Dívida Ativa; Receitas Correntes; Impostos, Taxas e Contribuições de Melhoria; Impostos; Imposto sobre a Propriedade Predial e Territorial Urbana - Dívida Ativa; Impostos sobre o Patrimônio; Imposto sobre a Propriedade Predial e Territorial Urbana; ; Impostos sobre o Patrimônio; Imposto sobre a Propriedade Predial e Territorial Urbana; Não se aplica; Imposto sobre a Propriedade Predial e Territorial Urbana - Dívida Ativa; Arrecadações; SECRETARIA DE ADMINISTRAÇÃO E FINANÇAS; SECRETARIA DE ADMINISTRAÇÃO E FINANÇAS; SECRETARIA DE ADMINISTRAÇÃO E FINANÇAS; R$ 0,00; R$ 0,00; R$ 0,00; R$ 0,00; R$ 121.263,99; R$ 690.196,18; R$ 0,00; 0.0
 19991221000000; Ônus de Sucumbência - Principal; Receitas Correntes; Outras Receitas Correntes; Demais Receitas Correntes; Ônus de Sucumbência - Principal; Outras Receitas Correntes; Encargos Legais pela Inscrição em Dívida Ativa e Receitas de Ônus de Sucumbência; Ônus de Sucumbência; Outras Receitas Correntes; Encargos Legais pela Inscrição em Dívida Ativa e Receitas de Ônus de Sucumbência; Ônus de Sucumbência; Ônus de Sucumbência - Principal; Arrecadações; SECRETARIA DE ADMINISTRAÇÃO E FINANÇAS; SECRETARIA DE ADMINISTRAÇÃO E FINANÇAS; SECRETARIA DE ADMINISTRAÇÃO E FINANÇAS; R$ 0,00; R$ 0,00; R$ 0,00; R$ 0,00; R$ 9.445,79; R$ 71.873,73; R$ 0,00; 0.0
 11225303000000; TPS Limpeza Pública e Manejo de Resíduos Sólidos - Dívida Ativa; Receitas Correntes; Impostos, Taxas e Contribuições de Melhoria; Taxas; TPS Limpeza Pública e Manejo de Resíduos Sólidos - Dívida Ativa; Taxas pela Prestação de Serviços; TPS Limpeza Pública e Manejo de Resíduos Sólidos; ; Taxas pela Prestação de Serviços; TPS Limpeza Pública e Manejo de Resíduos Sólidos; Não se aplica; TPS Limpeza Pública e Manejo de Resíduos Sólidos - Dívida Ativa; Arrecadações; SECRETARIA DE ADMINISTRAÇÃO E FINANÇAS; SECRETARIA DE ADMINISTRAÇÃO E FINANÇAS; SECRETARIA DE ADMINISTRAÇÃO E FINANÇAS; R$ 0,00; R$ 0,00; R$ 0,00; R$ 0,00; R$ 24.893,05; R$ 147.910,90; R$ 0,00; 0.0
 11125004000000; Imposto sobre a Propriedade Predial e Territorial Urbana - Dívida Ativa - Multas e Juros de Mora da Dívida Ativa; Receitas Correntes; Impostos, Taxas e Contribuições de Melhoria; Impostos; Imposto sobre a Propriedade Predial e Territorial Urbana - Dívida Ativa - Multas e Juros de Mora da Dívida Ativa; Impostos sobre o Patrimônio; Imposto sobre a Propriedade Predial e Territorial Urbana; ; Impostos sobre o Patrimônio; Imposto sobre a Propriedade Predial e Territorial Urbana; Não se aplica; Imposto sobre a Propriedade Predial e Territorial Urbana - Dívida Ativa - Multas e Juros de Mora da Dívida Ativa; Arrecadações; SECRETARIA DE ADMINISTRAÇÃO E FINANÇAS; SECRETARIA DE ADMINISTRAÇÃO E FINANÇAS; SECRETARIA DE ADMINISTRAÇÃO E FINANÇAS; R$ 0,00; R$ 0,00; R$ 0,00; R$ 0,00; R$ 23.321,70; R$ 194.096,39; R$ 0,00; 0.0
 11220103000000; Taxas pela Prestação de Serviços em Geral - Dívida Ativa; Receitas Correntes; Impostos, Taxas e Contribuições de Melhoria; Taxas; Taxas pela Prestação de Serviços em Geral - Dívida Ativa; Taxas pela Prestação de Serviços; Taxas pela Prestação de Serviços; ; Taxas pela Prestação de Serviços; Taxas pela Prestação de Serviços; Não se aplica; Taxas pela Prestação de Serviços em Geral - Dívida Ativa; Arrecadações; SECRETARIA DE ADMINISTRAÇÃO E FINANÇAS; SECRETARIA DE ADMINISTRAÇÃO E FINANÇAS; SECRETARIA DE ADMINISTRAÇÃO E FINANÇAS; R$ 0,00; R$ 0,00; R$ 0,00; R$ 0,00; R$ 1.597,80; R$ 42.486,98; R$ 0,00; 0.0
 11125001000000; Imposto sobre a Propriedade Predial e Territorial Urbana - Principal; Receitas Correntes; Impostos, Taxas e Contribuições de Melhoria; Impostos; Imposto sobre a Propriedade Predial e Territorial Urbana - Principal; Impostos sobre o Patrimônio; Imposto sobre a Propriedade Predial e Territorial Urbana; ; Impostos sobre o Patrimônio; Imposto sobre a Propriedade Predial e Territorial Urbana; Não se aplica; Imposto sobre a Propriedade Predial e Territorial Urbana - Principal; Arrecadações; SECRETARIA DE ADMINISTRAÇÃO E FINANÇAS; SECRETARIA DE ADMINISTRAÇÃO E FINANÇAS; SECRETARIA DE ADMINISTRAÇÃO E FINANÇAS; R$ 0,00; R$ 0,00; R$ 0,00; R$ 0,00; R$ 55.652,98; R$ 5.503.792,54; R$ 0,00; 0.0
 11225301010000; TPS - Taxa de Limpeza Pública; Receitas Correntes; Impostos, Taxas e Contribuições de Melhoria; Taxas; TPS Limpeza Pública e Manejo de Resíduos Sólidos - Principal; Taxas pela Prestação de Serviços; TPS Limpeza Pública e Manejo de Resíduos Sólidos; ; Taxas pela Prestação de Serviços; TPS Limpeza Pública e Manejo de Resíduos Sólidos; Não se aplica; TPS - Taxa de Limpeza Pública; Arrecadações; SECRETARIA DE ADMINISTRAÇÃO E FINANÇAS; SECRETARIA DE ADMINISTRAÇÃO E FINANÇAS; SECRETARIA DE ADMINISTRAÇÃO E FINANÇAS; R$ 0,00; R$ 0,00; R$ 0,00; R$ 0,00; R$ 2.084,32; R$ 14.473,47; R$ 0,00; 0.0
 11225301020000; TPS - Taxa de Coleta de Lixo; Receitas Correntes; Impostos, Taxas e Contribuições de Melhoria; Taxas; TPS Limpeza Pública e Manejo de Resíduos Sólidos - Principal; Taxas pela Prestação de Serviços; TPS Limpeza Pública e Manejo de Resíduos Sólidos; ; Taxas pela Prestação de Serviços; TPS Limpeza Pública e Manejo de Resíduos Sólidos; Não se aplica; TPS - Taxa de Coleta de Lixo; Arrecadações; SECRETARIA DE ADMINISTRAÇÃO E FINANÇAS; SECRETARIA DE ADMINISTRAÇÃO E FINANÇAS; SECRETARIA DE ADMINISTRAÇÃO E FINANÇAS; R$ 0,00; R$ 0,00; R$ 0,00; R$ 0,00; R$ 67.477,99; R$ 367.909,91; R$ 0,00; 0.0
 11220104000000; Taxas pela Prestação de Serviços em Geral - Dívida Ativa - Multas e Juros de Mora da Dívida Ativa; Receitas Correntes; Impostos, Taxas e Contribuições de Melhoria; Taxas; Taxas pela Prestação de Serviços em Geral - Dívida Ativa - Multas e Juros de Mora da Dívida Ativa; Taxas pela Prestação de Serviços; Taxas pela Prestação de Serviços; ; Taxas pela Prestação de Serviços; Taxas pela Prestação de Serviços; Não se aplica; Taxas pela Prestação de Serviços em Geral - Dívida Ativa - Multas e Juros de Mora da Dívida Ativa; Arrecadações; SECRETARIA DE ADMINISTRAÇÃO E FINANÇAS; SECRETARIA DE ADMINISTRAÇÃO E FINANÇAS; SECRETARIA DE ADMINISTRAÇÃO E FINANÇAS; R$ 0,00; R$ 0,00; R$ 0,00; R$ 0,00; R$ 525,14; R$ 63.674,06; R$ 0,00; 0.0
 11225304000000; TPS Limpeza Pública e Manejo de Resíduos Sólidos - DA Multas e Juros; Receitas Correntes; Impostos, Taxas e Contribuições de Melhoria; Taxas; TPS Limpeza Pública e Manejo de Resíduos Sólidos - DA Multas e Juros; Taxas pela Prestação de Serviços; TPS Limpeza Pública e Manejo de Resíduos Sólidos; ; Taxas pela Prestação de Serviços; TPS Limpeza Pública e Manejo de Resíduos Sólidos; Não se aplica; TPS Limpeza Pública e Manejo de Resíduos Sólidos - DA Multas e Juros; Arrecadações; SECRETARIA DE ADMINISTRAÇÃO E FINANÇAS; SECRETARIA DE ADMINISTRAÇÃO E FINANÇAS; SECRETARIA DE ADMINISTRAÇÃO E FINANÇAS; R$ 0,00; R$ 0,00; R$ 0,00; R$ 0,00; R$ 5.414,74; R$ 16.726,77; R$ 0,00; 0.0
 11220101990000; TPS - Taxa de Prestação de Serviços - Outras; Receitas Correntes; Impostos, Taxas e Contribuições de Melhoria; Taxas; Taxas pela Prestação de Serviços em Geral - Principal; Taxas pela Prestação de Serviços; Taxas pela Prestação de Serviços; ; Taxas pela Prestação de Serviços; Taxas pela Prestação de Serviços; Não se aplica; TPS - Taxa de Prestação de Serviços - Outras; Arrecadações; SECRETARIA DE ADMINISTRAÇÃO E FINANÇAS; SECRETARIA DE ADMINISTRAÇÃO E FINANÇAS; SECRETARIA DE ADMINISTRAÇÃO E FINANÇAS; R$ 0,00; R$ 0,00; R$ 0,00; R$ 0,00; R$ 2.219,93; R$ 442.053,27; R$ 0,00; 0.0
 19991221000000; Ônus de Sucumbência - Principal; Receitas Correntes; Outras Receitas Correntes; Demais Receitas Correntes; Ônus de Sucumbência - Principal; Outras Receitas Correntes; Encargos Legais pela Inscrição em Dívida Ativa e Receitas de Ônus de Sucumbência; Ônus de Sucumbência; Outras Receitas Correntes; Encargos Legais pela Inscrição em Dívida Ativa e Receitas de Ônus de Sucumbência; Ônus de Sucumbência; Ônus de Sucumbência - Principal; Arrecadações; SECRETARIA DE ADMINISTRAÇÃO E FINANÇAS; SECRETARIA DE ADMINISTRAÇÃO E FINANÇAS; SECRETARIA DE ADMINISTRAÇÃO E FINANÇAS; R$ 0,00; R$ 0,00; R$ 0,00; R$ 0,00; R$ 37.519,62; R$ 109.393,35; R$ 0,00; 0.0
 11225302000000; TPS Limpeza Pública e Manejo de Resíduos Sólidos - Multas e Juros; Receitas Correntes; Impostos, Taxas e Contribuições de Melhoria; Taxas; TPS Limpeza Pública e Manejo de Resíduos Sólidos - Multas e Juros; Taxas pela Prestação de Serviços; TPS Limpeza Pública e Manejo de Resíduos Sólidos; ; Taxas pela Prestação de Serviços; TPS Limpeza Pública e Manejo de Resíduos Sólidos; Não se aplica; TPS Limpeza Pública e Manejo de Resíduos Sólidos - Multas e Juros; Arrecadações; SECRETARIA DE ADMINISTRAÇÃO E FINANÇAS; SECRETARIA DE ADMINISTRAÇÃO E FINANÇAS; SECRETARIA DE ADMINISTRAÇÃO E FINANÇAS; R$ 0,00; R$ 0,00; R$ 0,00; R$ 0,00; R$ 2.435,85; R$ 5.977,54; R$ 0,00; 0.0
 11125003000000; Imposto sobre a Propriedade Predial e Territorial Urbana - Dívida Ativa; Receitas Correntes; Impostos, Taxas e Contribuições de Melhoria; Impostos; Imposto sobre a Propriedade Predial e Territorial Urbana - Dívida Ativa; Impostos sobre o Patrimônio; Imposto sobre a Propriedade Predial e Territorial Urbana; ; Impostos sobre o Patrimônio; Imposto sobre a Propriedade Predial e Territorial Urbana; Não se aplica; Imposto sobre a Propriedade Predial e Territorial Urbana - Dívida Ativa; Arrecadações; SECRETARIA DE ADMINISTRAÇÃO E FINANÇAS; SECRETARIA DE ADMINISTRAÇÃO E FINANÇAS; SECRETARIA DE ADMINISTRAÇÃO E FINANÇAS; R$ 0,00; R$ 0,00; R$ 0,00; R$ 0,00; R$ 94.908,19; R$ 785.104,37; R$ 0,00; 0.0
 11145112000000; Imposto sobre Serviços de Qualquer Natureza - ISSQN - Multas e Juros de Mora; Receitas Correntes; Impostos, Taxas e Contribuições de Melhoria; Impostos; Imposto sobre Serviços de Qualquer Natureza - ISSQN - Multas e Juros de Mora; Impostos sobre Produção, Circulação e Serviços; Impostos sobre Serviços; Imposto sobre Serviços de Qualquer Natureza - ISSQN; Impostos sobre Produção, Circulação e Serviços; Impostos sobre Serviços; Imposto sobre Serviços de Qualquer Natureza - ISSQN; Imposto sobre Serviços de Qualquer Natureza - ISSQN - Multas e Juros de Mora; Arrecadações; SECRETARIA DE ADMINISTRAÇÃO E FINANÇAS; SECRETARIA DE ADMINISTRAÇÃO E FINANÇAS; SECRETARIA DE ADMINISTRAÇÃO E FINANÇAS; R$ 0,00; R$ 0,00; R$ 0,00; R$ 0,00; R$ 1.271,93; R$ 15.118,70; R$ 0,00; 0.0
 11145113000000; Imposto sobre Serviços de Qualquer Natureza - ISSQN - Dívida Ativa; Receitas Correntes; Impostos, Taxas e Contribuições de Melhoria; Impostos; Imposto sobre Serviços de Qualquer Natureza - ISSQN - Dívida Ativa; Impostos sobre Produção, Circulação e Serviços; Impostos sobre Serviços; Imposto sobre Serviços de Qualquer Natureza - ISSQN; Impostos sobre Produção, Circulação e Serviços; Impostos sobre Serviços; Imposto sobre Serviços de Qualquer Natureza - ISSQN; Imposto sobre Serviços de Qualquer Natureza - ISSQN - Dívida Ativa; Arrecadações; SECRETARIA DE ADMINISTRAÇÃO E FINANÇAS; SECRETARIA DE ADMINISTRAÇÃO E FINANÇAS; SECRETARIA DE ADMINISTRAÇÃO E FINANÇAS; R$ 0,00; R$ 0,00; R$ 0,00; R$ 0,00; R$ 699,58; R$ 7.985,66; R$ 0,00; 0.0
 11210401000000; Taxa de Controle e Fiscalização Ambiental - Principal; Receitas Correntes; Impostos, Taxas e Contribuições de Melhoria; Taxas; Taxa de Controle e Fiscalização Ambiental - Principal; Taxas pelo Exercício do Poder de Polícia; Taxa de Controle e Fiscalização Ambiental; ; Taxas pelo Exercício do Poder de Polícia; Taxa de Controle e Fiscalização Ambiental; Não se aplica; Taxa de Controle e Fiscalização Ambiental - Principal; Arrecadações; SECRETARIA DE ADMINISTRAÇÃO E FINANÇAS; SECRETARIA DE ADMINISTRAÇÃO E FINANÇAS; SECRETARIA DE ADMINISTRAÇÃO E FINANÇAS; R$ 0,00; R$ 0,00; R$ 0,00; R$ 0,00; R$ 10.612,19; R$ 20.409,47; R$ 0,00; 0.0
 11125004000000; Imposto sobre a Propriedade Predial e Territorial Urbana - Dívida Ativa - Multas e Juros de Mora da Dívida Ativa; Receitas Correntes; Impostos, Taxas e Contribuições de Melhoria; Impostos; Imposto sobre a Propriedade Predial e Territorial Urbana - Dívida Ativa - Multas e Juros de Mora da Dívida Ativa; Impostos sobre o Patrimônio; Imposto sobre a Propriedade Predial e Territorial Urbana; ; Impostos sobre o Patrimônio; Imposto sobre a Propriedade Predial e Territorial Urbana; Não se aplica; Imposto sobre a Propriedade Predial e Territorial Urbana - Dívida Ativa - Multas e Juros de Mora da Dívida Ativa; Arrecadações; SECRETARIA DE ADMINISTRAÇÃO E FINANÇAS; SECRETARIA DE ADMINISTRAÇÃO E FINANÇAS; SECRETARIA DE ADMINISTRAÇÃO E FINANÇAS; R$ 0,00; R$ 0,00; R$ 0,00; R$ 0,00; R$ 17.807,95; R$ 211.904,34; R$ 0,00; 0.0
 11125001000000; Imposto sobre a Propriedade Predial e Territorial Urbana - Principal; Receitas Correntes; Impostos, Taxas e Contribuições de Melhoria; Impostos; Imposto sobre a Propriedade Predial e Territorial Urbana - Principal; Impostos sobre o Patrimônio; Imposto sobre a Propriedade Predial e Territorial Urbana; ; Impostos sobre o Patrimônio; Imposto sobre a Propriedade Predial e Territorial Urbana; Não se aplica; Imposto sobre a Propriedade Predial e Territorial Urbana - Principal; Arrecadações; SECRETARIA DE ADMINISTRAÇÃO E FINANÇAS; SECRETARIA DE ADMINISTRAÇÃO E FINANÇAS; SECRETARIA DE ADMINISTRAÇÃO E FINANÇAS; R$ 0,00; R$ 0,00; R$ 0,00; R$ 0,00; R$ 55.993,08; R$ 5.559.785,62; R$ 0,00; 0.0
 11220103000000; Taxas pela Prestação de Serviços em Geral - Dívida Ativa; Receitas Correntes; Impostos, Taxas e Contribuições de Melhoria; Taxas; Taxas pela Prestação de Serviços em Geral - Dívida Ativa; Taxas pela Prestação de Serviços; Taxas pela Prestação de Serviços; ; Taxas pela Prestação de Serviços; Taxas pela Prestação de Serviços; Não se aplica; Taxas pela Prestação de Serviços em Geral - Dívida Ativa; Arrecadações; SECRETARIA DE ADMINISTRAÇÃO E FINANÇAS; SECRETARIA DE ADMINISTRAÇÃO E FINANÇAS; SECRETARIA DE ADMINISTRAÇÃO E FINANÇAS; R$ 0,00; R$ 0,00; R$ 0,00; R$ 0,00; R$ 3.324,68; R$ 45.811,66; R$ 0,00; 0.0
 11225304000000; TPS Limpeza Pública e Manejo de Resíduos Sólidos - DA Multas e Juros; Receitas Correntes; Impostos, Taxas e Contribuições de Melhoria; Taxas; TPS Limpeza Pública e Manejo de Resíduos Sólidos - DA Multas e Juros; Taxas pela Prestação de Serviços; TPS Limpeza Pública e Manejo de Resíduos Sólidos; ; Taxas pela Prestação de Serviços; TPS Limpeza Pública e Manejo de Resíduos Sólidos; Não se aplica; TPS Limpeza Pública e Manejo de Resíduos Sólidos - DA Multas e Juros; Arrecadações; SECRETARIA DE ADMINISTRAÇÃO E FINANÇAS; SECRETARIA DE ADMINISTRAÇÃO E FINANÇAS; SECRETARIA DE ADMINISTRAÇÃO E FINANÇAS; R$ 0,00; R$ 0,00; R$ 0,00; R$ 0,00; R$ 5.542,50; R$ 22.269,27; R$ 0,00; 0.0
 11220104000000; Taxas pela Prestação de Serviços em Geral - Dívida Ativa - Multas e Juros de Mora da Dívida Ativa; Receitas Correntes; Impostos, Taxas e Contribuições de Melhoria; Taxas; Taxas pela Prestação de Serviços em Geral - Dívida Ativa - Multas e Juros de Mora da Dívida Ativa; Taxas pela Prestação de Serviços; Taxas pela Prestação de Serviços; ; Taxas pela Prestação de Serviços; Taxas pela Prestação de Serviços; Não se aplica; Taxas pela Prestação de Serviços em Geral - Dívida Ativa - Multas e Juros de Mora da Dívida Ativa; Arrecadações; SECRETARIA DE ADMINISTRAÇÃO E FINANÇAS; SECRETARIA DE ADMINISTRAÇÃO E FINANÇAS; SECRETARIA DE ADMINISTRAÇÃO E FINANÇAS; R$ 0,00; R$ 0,00; R$ 0,00; R$ 0,00; R$ 918,65; R$ 64.592,71; R$ 0,00; 0.0
 11145112000000; Imposto sobre Serviços de Qualquer Natureza - ISSQN - Multas e Juros de Mora; Receitas Correntes; Impostos, Taxas e Contribuições de Melhoria; Impostos; Imposto sobre Serviços de Qualquer Natureza - ISSQN - Multas e Juros de Mora; Impostos sobre Produção, Circulação e Serviços; Impostos sobre Serviços; Imposto sobre Serviços de Qualquer Natureza - ISSQN; Impostos sobre Produção, Circulação e Serviços; Impostos sobre Serviços; Imposto sobre Serviços de Qualquer Natureza - ISSQN; Imposto sobre Serviços de Qualquer Natureza - ISSQN - Multas e Juros de Mora; Arrecadações; SECRETARIA DE ADMINISTRAÇÃO E FINANÇAS; SECRETARIA DE ADMINISTRAÇÃO E FINANÇAS; SECRETARIA DE ADMINISTRAÇÃO E FINANÇAS; R$ 0,00; R$ 0,00; R$ 0,00; R$ 0,00; R$ 1.221,84; R$ 16.340,54; R$ 0,00; 0.0
 11225301010000; TPS - Taxa de Limpeza Pública; Receitas Correntes; Impostos, Taxas e Contribuições de Melhoria; Taxas; TPS Limpeza Pública e Manejo de Resíduos Sólidos - Principal; Taxas pela Prestação de Serviços; TPS Limpeza Pública e Manejo de Resíduos Sólidos; ; Taxas pela Prestação de Serviços; TPS Limpeza Pública e Manejo de Resíduos Sólidos; Não se aplica; TPS - Taxa de Limpeza Pública; Arrecadações; SECRETARIA DE ADMINISTRAÇÃO E FINANÇAS; SECRETARIA DE ADMINISTRAÇÃO E FINANÇAS; SECRETARIA DE ADMINISTRAÇÃO E FINANÇAS; R$ 0,00; R$ 0,00; R$ 0,00; R$ 0,00; R$ 2.315,75; R$ 16.789,22; R$ 0,00; 0.0
 11220101990000; TPS - Taxa de Prestação de Serviços - Outras; Receitas Correntes; Impostos, Taxas e Contribuições de Melhoria; Taxas; Taxas pela Prestação de Serviços em Geral - Principal; Taxas pela Prestação de Serviços; Taxas pela Prestação de Serviços; ; Taxas pela Prestação de Serviços; Taxas pela Prestação de Serviços; Não se aplica; TPS - Taxa de Prestação de Serviços - Outras; Arrecadações; SECRETARIA DE ADMINISTRAÇÃO E FINANÇAS; SECRETARIA DE ADMINISTRAÇÃO E FINANÇAS; SECRETARIA DE ADMINISTRAÇÃO E FINANÇAS; R$ 0,00; R$ 0,00; R$ 0,00; R$ 0,00; R$ 28.179,72; R$ 470.232,99; R$ 0,00; 0.0
 11210401000000; Taxa de Controle e Fiscalização Ambiental - Principal; Receitas Correntes; Impostos, Taxas e Contribuições de Melhoria; Taxas; Taxa de Controle e Fiscalização Ambiental - Principal; Taxas pelo Exercício do Poder de Polícia; Taxa de Controle e Fiscalização Ambiental; ; Taxas pelo Exercício do Poder de Polícia; Taxa de Controle e Fiscalização Ambiental; Não se aplica; Taxa de Controle e Fiscalização Ambiental - Principal; Arrecadações; SECRETARIA DE ADMINISTRAÇÃO E FINANÇAS; SECRETARIA DE ADMINISTRAÇÃO E FINANÇAS; SECRETARIA DE ADMINISTRAÇÃO E FINANÇAS; R$ 0,00; R$ 0,00; R$ 0,00; R$ 0,00; R$ 17.338,84; R$ 37.748,31; R$ 0,00; 0.0
 11220101990000; TPS - Taxa de Prestação de Serviços - Outras; Receitas Correntes; Impostos, Taxas e Contribuições de Melhoria; Taxas; Taxas pela Prestação de Serviços em Geral - Principal; Taxas pela Prestação de Serviços; Taxas pela Prestação de Serviços; ; Taxas pela Prestação de Serviços; Taxas pela Prestação de Serviços; Não se aplica; TPS - Taxa de Prestação de Serviços - Outras; Arrecadações; SECRETARIA DE ADMINISTRAÇÃO E FINANÇAS; SECRETARIA DE ADMINISTRAÇÃO E FINANÇAS; SECRETARIA DE ADMINISTRAÇÃO E FINANÇAS; R$ 0,00; R$ 0,00; R$ 0,00; R$ 0,00; R$ 24.723,42; R$ 521.074,40; R$ 0,00; 0.0
 11125003000000; Imposto sobre a Propriedade Predial e Territorial Urbana - Dívida Ativa; Receitas Correntes; Impostos, Taxas e Contribuições de Melhoria; Impostos; Imposto sobre a Propriedade Predial e Territorial Urbana - Dívida Ativa; Impostos sobre o Patrimônio; Imposto sobre a Propriedade Predial e Territorial Urbana; ; Impostos sobre o Patrimônio; Imposto sobre a Propriedade Predial e Territorial Urbana; Não se aplica; Imposto sobre a Propriedade Predial e Territorial Urbana - Dívida Ativa; Arrecadações; SECRETARIA DE ADMINISTRAÇÃO E FINANÇAS; SECRETARIA DE ADMINISTRAÇÃO E FINANÇAS; SECRETARIA DE ADMINISTRAÇÃO E FINANÇAS; R$ 0,00; R$ 0,00; R$ 0,00; R$ 0,00; R$ 133.226,87; R$ 1.142.178,89; R$ 0,00; 0.0
 11145113000000; Imposto sobre Serviços de Qualquer Natureza - ISSQN - Dívida Ativa; Receitas Correntes; Impostos, Taxas e Contribuições de Melhoria; Impostos; Imposto sobre Serviços de Qualquer Natureza - ISSQN - Dívida Ativa; Impostos sobre Produção, Circulação e Serviços; Impostos sobre Serviços; Imposto sobre Serviços de Qualquer Natureza - ISSQN; Impostos sobre Produção, Circulação e Serviços; Impostos sobre Serviços; Imposto sobre Serviços de Qualquer Natureza - ISSQN; Imposto sobre Serviços de Qualquer Natureza - ISSQN - Dívida Ativa; Arrecadações; SECRETARIA DE ADMINISTRAÇÃO E FINANÇAS; SECRETARIA DE ADMINISTRAÇÃO E FINANÇAS; SECRETARIA DE ADMINISTRAÇÃO E FINANÇAS; R$ 0,00; R$ 0,00; R$ 0,00; R$ 0,00; R$ 2.409,75; R$ 13.464,50; R$ 0,00; 0.0
 11125001000000; Imposto sobre a Propriedade Predial e Territorial Urbana - Principal; Receitas Correntes; Impostos, Taxas e Contribuições de Melhoria; Impostos; Imposto sobre a Propriedade Predial e Territorial Urbana - Principal; Impostos sobre o Patrimônio; Imposto sobre a Propriedade Predial e Territorial Urbana; ; Impostos sobre o Patrimônio; Imposto sobre a Propriedade Predial e Territorial Urbana; Não se aplica; Imposto sobre a Propriedade Predial e Territorial Urbana - Principal; Arrecadações; SECRETARIA DE ADMINISTRAÇÃO E FINANÇAS; SECRETARIA DE ADMINISTRAÇÃO E FINANÇAS; SECRETARIA DE ADMINISTRAÇÃO E FINANÇAS; R$ 0,00; R$ 0,00; R$ 0,00; R$ 0,00; R$ 49.734,87; R$ 5.676.965,66; R$ 0,00; 0.0
 11225304000000; TPS Limpeza Pública e Manejo de Resíduos Sólidos - DA Multas e Juros; Receitas Correntes; Impostos, Taxas e Contribuições de Melhoria; Taxas; TPS Limpeza Pública e Manejo de Resíduos Sólidos - DA Multas e Juros; Taxas pela Prestação de Serviços; TPS Limpeza Pública e Manejo de Resíduos Sólidos; ; Taxas pela Prestação de Serviços; TPS Limpeza Pública e Manejo de Resíduos Sólidos; Não se aplica; TPS Limpeza Pública e Manejo de Resíduos Sólidos - DA Multas e Juros; Arrecadações; SECRETARIA DE ADMINISTRAÇÃO E FINANÇAS; SECRETARIA DE ADMINISTRAÇÃO E FINANÇAS; SECRETARIA DE ADMINISTRAÇÃO E FINANÇAS; R$ 0,00; R$ 0,00; R$ 0,00; R$ 0,00; R$ 4.154,33; R$ 31.352,14; R$ 0,00; 0.0
 11225302000000; TPS Limpeza Pública e Manejo de Resíduos Sólidos - Multas e Juros; Receitas Correntes; Impostos, Taxas e Contribuições de Melhoria; Taxas; TPS Limpeza Pública e Manejo de Resíduos Sólidos - Multas e Juros; Taxas pela Prestação de Serviços; TPS Limpeza Pública e Manejo de Resíduos Sólidos; ; Taxas pela Prestação de Serviços; TPS Limpeza Pública e Manejo de Resíduos Sólidos; Não se aplica; TPS Limpeza Pública e Manejo de Resíduos Sólidos - Multas e Juros; Arrecadações; SECRETARIA DE ADMINISTRAÇÃO E FINANÇAS; SECRETARIA DE ADMINISTRAÇÃO E FINANÇAS; SECRETARIA DE ADMINISTRAÇÃO E FINANÇAS; R$ 0,00; R$ 0,00; R$ 0,00; R$ 0,00; R$ 2.250,05; R$ 12.073,77; R$ 0,00; 0.0
 11225301010000; TPS - Taxa de Limpeza Pública; Receitas Correntes; Impostos, Taxas e Contribuições de Melhoria; Taxas; TPS Limpeza Pública e Manejo de Resíduos Sólidos - Principal; Taxas pela Prestação de Serviços; TPS Limpeza Pública e Manejo de Resíduos Sólidos; ; Taxas pela Prestação de Serviços; TPS Limpeza Pública e Manejo de Resíduos Sólidos; Não se aplica; TPS - Taxa de Limpeza Pública; Arrecadações; SECRETARIA DE ADMINISTRAÇÃO E FINANÇAS; SECRETARIA DE ADMINISTRAÇÃO E FINANÇAS; SECRETARIA DE ADMINISTRAÇÃO E FINANÇAS; R$ 0,00; R$ 0,00; R$ 0,00; R$ 0,00; R$ 1.878,69; R$ 21.147,63; R$ 0,00; 0.0
 11225303000000; TPS Limpeza Pública e Manejo de Resíduos Sólidos - Dívida Ativa; Receitas Correntes; Impostos, Taxas e Contribuições de Melhoria; Taxas; TPS Limpeza Pública e Manejo de Resíduos Sólidos - Dívida Ativa; Taxas pela Prestação de Serviços; TPS Limpeza Pública e Manejo de Resíduos Sólidos; ; Taxas pela Prestação de Serviços; TPS Limpeza Pública e Manejo de Resíduos Sólidos; Não se aplica; TPS Limpeza Pública e Manejo de Resíduos Sólidos - Dívida Ativa; Arrecadações; SECRETARIA DE ADMINISTRAÇÃO E FINANÇAS; SECRETARIA DE ADMINISTRAÇÃO E FINANÇAS; SECRETARIA DE ADMINISTRAÇÃO E FINANÇAS; R$ 0,00; R$ 0,00; R$ 0,00; R$ 0,00; R$ 34.026,69; R$ 253.148,99; R$ 0,00; 0.0
 11220103000000; Taxas pela Prestação de Serviços em Geral - Dívida Ativa; Receitas Correntes; Impostos, Taxas e Contribuições de Melhoria; Taxas; Taxas pela Prestação de Serviços em Geral - Dívida Ativa; Taxas pela Prestação de Serviços; Taxas pela Prestação de Serviços; ; Taxas pela Prestação de Serviços; Taxas pela Prestação de Serviços; Não se aplica; Taxas pela Prestação de Serviços em Geral - Dívida Ativa; Arrecadações; SECRETARIA DE ADMINISTRAÇÃO E FINANÇAS; SECRETARIA DE ADMINISTRAÇÃO E FINANÇAS; SECRETARIA DE ADMINISTRAÇÃO E FINANÇAS; R$ 0,00; R$ 0,00; R$ 0,00; R$ 0,00; R$ 1.933,59; R$ 49.441,88; R$ 0,00; 0.0
 11220104000000; Taxas pela Prestação de Serviços em Geral - Dívida Ativa - Multas e Juros de Mora da Dívida Ativa; Receitas Correntes; Impostos, Taxas e Contribuições de Melhoria; Taxas; Taxas pela Prestação de Serviços em Geral - Dívida Ativa - Multas e Juros de Mora da Dívida Ativa; Taxas pela Prestação de Serviços; Taxas pela Prestação de Serviços; ; Taxas pela Prestação de Serviços; Taxas pela Prestação de Serviços; Não se aplica; Taxas pela Prestação de Serviços em Geral - Dívida Ativa - Multas e Juros de Mora da Dívida Ativa; Arrecadações; SECRETARIA DE ADMINISTRAÇÃO E FINANÇAS; SECRETARIA DE ADMINISTRAÇÃO E FINANÇAS; SECRETARIA DE ADMINISTRAÇÃO E FINANÇAS; R$ 0,00; R$ 0,00; R$ 0,00; R$ 0,00; R$ 611,32; R$ 65.576,36; R$ 0,00; 0.0
 11145112000000; Imposto sobre Serviços de Qualquer Natureza - ISSQN - Multas e Juros de Mora; Receitas Correntes; Impostos, Taxas e Contribuições de Melhoria; Impostos; Imposto sobre Serviços de Qualquer Natureza - ISSQN - Multas e Juros de Mora; Impostos sobre Produção, Circulação e Serviços; Impostos sobre Serviços; Imposto sobre Serviços de Qualquer Natureza - ISSQN; Impostos sobre Produção, Circulação e Serviços; Impostos sobre Serviços; Imposto sobre Serviços de Qualquer Natureza - ISSQN; Imposto sobre Serviços de Qualquer Natureza - ISSQN - Multas e Juros de Mora; Arrecadações; SECRETARIA DE ADMINISTRAÇÃO E FINANÇAS; SECRETARIA DE ADMINISTRAÇÃO E FINANÇAS; SECRETARIA DE ADMINISTRAÇÃO E FINANÇAS; R$ 0,00; R$ 0,00; R$ 0,00; R$ 0,00; R$ 4.904,96; R$ 23.667,47; R$ 0,00; 0.0
 19991221000000; Ônus de Sucumbência - Principal; Receitas Correntes; Outras Receitas Correntes; Demais Receitas Correntes; Ônus de Sucumbência - Principal; Outras Receitas Correntes; Encargos Legais pela Inscrição em Dívida Ativa e Receitas de Ônus de Sucumbência; Ônus de Sucumbência; Outras Receitas Correntes; Encargos Legais pela Inscrição em Dívida Ativa e Receitas de Ônus de Sucumbência; Ônus de Sucumbência; Ônus de Sucumbência - Principal; Arrecadações; SECRETARIA DE ADMINISTRAÇÃO E FINANÇAS; SECRETARIA DE ADMINISTRAÇÃO E FINANÇAS; SECRETARIA DE ADMINISTRAÇÃO E FINANÇAS; R$ 0,00; R$ 0,00; R$ 0,00; R$ 0,00; R$ 13.715,67; R$ 137.185,65; R$ 0,00; 0.0
 11210401000000; Taxa de Controle e Fiscalização Ambiental - Principal; Receitas Correntes; Impostos, Taxas e Contribuições de Melhoria; Taxas; Taxa de Controle e Fiscalização Ambiental - Principal; Taxas pelo Exercício do Poder de Polícia; Taxa de Controle e Fiscalização Ambiental; ; Taxas pelo Exercício do Poder de Polícia; Taxa de Controle e Fiscalização Ambiental; Não se aplica; Taxa de Controle e Fiscalização Ambiental - Principal; Arrecadações; SECRETARIA DE ADMINISTRAÇÃO E FINANÇAS; SECRETARIA DE ADMINISTRAÇÃO E FINANÇAS; SECRETARIA DE ADMINISTRAÇÃO E FINANÇAS; R$ 0,00; R$ 0,00; R$ 0,00; R$ 0,00; R$ 15.303,86; R$ 62.768,98; R$ 0,00; 0.0
 11125004000000; Imposto sobre a Propriedade Predial e Territorial Urbana - Dívida Ativa - Multas e Juros de Mora da Dívida Ativa; Receitas Correntes; Impostos, Taxas e Contribuições de Melhoria; Impostos; Imposto sobre a Propriedade Predial e Territorial Urbana - Dívida Ativa - Multas e Juros de Mora da Dívida Ativa; Impostos sobre o Patrimônio; Imposto sobre a Propriedade Predial e Territorial Urbana; ; Impostos sobre o Patrimônio; Imposto sobre a Propriedade Predial e Territorial Urbana; Não se aplica; Imposto sobre a Propriedade Predial e Territorial Urbana - Dívida Ativa - Multas e Juros de Mora da Dívida Ativa; Arrecadações; SECRETARIA DE ADMINISTRAÇÃO E FINANÇAS; SECRETARIA DE ADMINISTRAÇÃO E FINANÇAS; SECRETARIA DE ADMINISTRAÇÃO E FINANÇAS; R$ 0,00; R$ 0,00; R$ 0,00; R$ 0,00; R$ 14.528,49; R$ 241.751,36; R$ 0,00; 0.0
 11225301020000; TPS - Taxa de Coleta de Lixo; Receitas Correntes; Impostos, Taxas e Contribuições de Melhoria; Taxas; TPS Limpeza Pública e Manejo de Resíduos Sólidos - Principal; Taxas pela Prestação de Serviços; TPS Limpeza Pública e Manejo de Resíduos Sólidos; ; Taxas pela Prestação de Serviços; TPS Limpeza Pública e Manejo de Resíduos Sólidos; Não se aplica; TPS - Taxa de Coleta de Lixo; Arrecadações; SECRETARIA DE ADMINISTRAÇÃO E FINANÇAS; SECRETARIA DE ADMINISTRAÇÃO E FINANÇAS; SECRETARIA DE ADMINISTRAÇÃO E FINANÇAS; R$ 0,00; R$ 0,00; R$ 0,00; R$ 0,00; R$ 13.344,10; R$ 415.063,48; R$ 0,00; 0.0
 11125001000000; Imposto sobre a Propriedade Predial e Territorial Urbana - Principal; Receitas Correntes; Impostos, Taxas e Contribuições de Melhoria; Impostos; Imposto sobre a Propriedade Predial e Territorial Urbana - Principal; Impostos sobre o Patrimônio; Imposto sobre a Propriedade Predial e Territorial Urbana; ; Impostos sobre o Patrimônio; Imposto sobre a Propriedade Predial e Territorial Urbana; Não se aplica; Imposto sobre a Propriedade Predial e Territorial Urbana - Principal; Arrecadações; SECRETARIA DE ADMINISTRAÇÃO E FINANÇAS; SECRETARIA DE ADMINISTRAÇÃO E FINANÇAS; SECRETARIA DE ADMINISTRAÇÃO E FINANÇAS; R$ 0,00; R$ 0,00; R$ 0,00; R$ 0,00; R$ 43.817,80; R$ 5.720.783,46; R$ 0,00; 0.0
 11220104000000; Taxas pela Prestação de Serviços em Geral - Dívida Ativa - Multas e Juros de Mora da Dívida Ativa; Receitas Correntes; Impostos, Taxas e Contribuições de Melhoria; Taxas; Taxas pela Prestação de Serviços em Geral - Dívida Ativa - Multas e Juros de Mora da Dívida Ativa; Taxas pela Prestação de Serviços; Taxas pela Prestação de Serviços; ; Taxas pela Prestação de Serviços; Taxas pela Prestação de Serviços; Não se aplica; Taxas pela Prestação de Serviços em Geral - Dívida Ativa - Multas e Juros de Mora da Dívida Ativa; Arrecadações; SECRETARIA DE ADMINISTRAÇÃO E FINANÇAS; SECRETARIA DE ADMINISTRAÇÃO E FINANÇAS; SECRETARIA DE ADMINISTRAÇÃO E FINANÇAS; R$ 0,00; R$ 0,00; R$ 0,00; R$ 0,00; R$ 317,01; R$ 65.893,37; R$ 0,00; 0.0
 11225304000000; TPS Limpeza Pública e Manejo de Resíduos Sólidos - DA Multas e Juros; Receitas Correntes; Impostos, Taxas e Contribuições de Melhoria; Taxas; TPS Limpeza Pública e Manejo de Resíduos Sólidos - DA Multas e Juros; Taxas pela Prestação de Serviços; TPS Limpeza Pública e Manejo de Resíduos Sólidos; ; Taxas pela Prestação de Serviços; TPS Limpeza Pública e Manejo de Resíduos Sólidos; Não se aplica; TPS Limpeza Pública e Manejo de Resíduos Sólidos - DA Multas e Juros; Arrecadações; SECRETARIA DE ADMINISTRAÇÃO E FINANÇAS; SECRETARIA DE ADMINISTRAÇÃO E FINANÇAS; SECRETARIA DE ADMINISTRAÇÃO E FINANÇAS; R$ 0,00; R$ 0,00; R$ 0,00; R$ 0,00; R$ 3.652,83; R$ 35.004,97; R$ 0,00; 0.0
 11225303000000; TPS Limpeza Pública e Manejo de Resíduos Sólidos - Dívida Ativa; Receitas Correntes; Impostos, Taxas e Contribuições de Melhoria; Taxas; TPS Limpeza Pública e Manejo de Resíduos Sólidos - Dívida Ativa; Taxas pela Prestação de Serviços; TPS Limpeza Pública e Manejo de Resíduos Sólidos; ; Taxas pela Prestação de Serviços; TPS Limpeza Pública e Manejo de Resíduos Sólidos; Não se aplica; TPS Limpeza Pública e Manejo de Resíduos Sólidos - Dívida Ativa; Arrecadações; SECRETARIA DE ADMINISTRAÇÃO E FINANÇAS; SECRETARIA DE ADMINISTRAÇÃO E FINANÇAS; SECRETARIA DE ADMINISTRAÇÃO E FINANÇAS; R$ 0,00; R$ 0,00; R$ 0,00; R$ 0,00; R$ 37.382,25; R$ 290.531,24; R$ 0,00; 0.0
 11125004000000; Imposto sobre a Propriedade Predial e Territorial Urbana - Dívida Ativa - Multas e Juros de Mora da Dívida Ativa; Receitas Correntes; Impostos, Taxas e Contribuições de Melhoria; Impostos; Imposto sobre a Propriedade Predial e Territorial Urbana - Dívida Ativa - Multas e Juros de Mora da Dívida Ativa; Impostos sobre o Patrimônio; Imposto sobre a Propriedade Predial e Territorial Urbana; ; Impostos sobre o Patrimônio; Imposto sobre a Propriedade Predial e Territorial Urbana; Não se aplica; Imposto sobre a Propriedade Predial e Territorial Urbana - Dívida Ativa - Multas e Juros de Mora da Dívida Ativa; Arrecadações; SECRETARIA DE ADMINISTRAÇÃO E FINANÇAS; SECRETARIA DE ADMINISTRAÇÃO E FINANÇAS; SECRETARIA DE ADMINISTRAÇÃO E FINANÇAS; R$ 0,00; R$ 0,00; R$ 0,00; R$ 0,00; R$ 16.006,04; R$ 257.757,40; R$ 0,00; 0.0
 11220103000000; Taxas pela Prestação de Serviços em Geral - Dívida Ativa; Receitas Correntes; Impostos, Taxas e Contribuições de Melhoria; Taxas; Taxas pela Prestação de Serviços em Geral - Dívida Ativa; Taxas pela Prestação de Serviços; Taxas pela Prestação de Serviços; ; Taxas pela Prestação de Serviços; Taxas pela Prestação de Serviços; Não se aplica; Taxas pela Prestação de Serviços em Geral - Dívida Ativa; Arrecadações; SECRETARIA DE ADMINISTRAÇÃO E FINANÇAS; SECRETARIA DE ADMINISTRAÇÃO E FINANÇAS; SECRETARIA DE ADMINISTRAÇÃO E FINANÇAS; R$ 0,00; R$ 0,00; R$ 0,00; R$ 0,00; R$ 1.438,28; R$ 50.880,16; R$ 0,00; 0.0
 11225302000000; TPS Limpeza Pública e Manejo de Resíduos Sólidos - Multas e Juros; Receitas Correntes; Impostos, Taxas e Contribuições de Melhoria; Taxas; TPS Limpeza Pública e Manejo de Resíduos Sólidos - Multas e Juros; Taxas pela Prestação de Serviços; TPS Limpeza Pública e Manejo de Resíduos Sólidos; ; Taxas pela Prestação de Serviços; TPS Limpeza Pública e Manejo de Resíduos Sólidos; Não se aplica; TPS Limpeza Pública e Manejo de Resíduos Sólidos - Multas e Juros; Arrecadações; SECRETARIA DE ADMINISTRAÇÃO E FINANÇAS; SECRETARIA DE ADMINISTRAÇÃO E FINANÇAS; SECRETARIA DE ADMINISTRAÇÃO E FINANÇAS; R$ 0,00; R$ 0,00; R$ 0,00; R$ 0,00; R$ 2.618,38; R$ 14.692,15; R$ 0,00; 0.0
 11125003000000; Imposto sobre a Propriedade Predial e Territorial Urbana - Dívida Ativa; Receitas Correntes; Impostos, Taxas e Contribuições de Melhoria; Impostos; Imposto sobre a Propriedade Predial e Territorial Urbana - Dívida Ativa; Impostos sobre o Patrimônio; Imposto sobre a Propriedade Predial e Territorial Urbana; ; Impostos sobre o Patrimônio; Imposto sobre a Propriedade Predial e Territorial Urbana; Não se aplica; Imposto sobre a Propriedade Predial e Territorial Urbana - Dívida Ativa; Arrecadações; SECRETARIA DE ADMINISTRAÇÃO E FINANÇAS; SECRETARIA DE ADMINISTRAÇÃO E FINANÇAS; SECRETARIA DE ADMINISTRAÇÃO E FINANÇAS; R$ 0,00; R$ 0,00; R$ 0,00; R$ 0,00; R$ 247.746,19; R$ 1.389.925,08; R$ 0,00; 0.0
 11225301020000; TPS - Taxa de Coleta de Lixo; Receitas Correntes; Impostos, Taxas e Contribuições de Melhoria; Taxas; TPS Limpeza Pública e Manejo de Resíduos Sólidos - Principal; Taxas pela Prestação de Serviços; TPS Limpeza Pública e Manejo de Resíduos Sólidos; ; Taxas pela Prestação de Serviços; TPS Limpeza Pública e Manejo de Resíduos Sólidos; Não se aplica; TPS - Taxa de Coleta de Lixo; Arrecadações; SECRETARIA DE ADMINISTRAÇÃO E FINANÇAS; SECRETARIA DE ADMINISTRAÇÃO E FINANÇAS; SECRETARIA DE ADMINISTRAÇÃO E FINANÇAS; R$ 0,00; R$ 0,00; R$ 0,00; R$ 0,00; R$ 14.414,74; R$ 429.478,22; R$ 0,00; 0.0
 11210401000000; Taxa de Controle e Fiscalização Ambiental - Principal; Receitas Correntes; Impostos, Taxas e Contribuições de Melhoria; Taxas; Taxa de Controle e Fiscalização Ambiental - Principal; Taxas pelo Exercício do Poder de Polícia; Taxa de Controle e Fiscalização Ambiental; ; Taxas pelo Exercício do Poder de Polícia; Taxa de Controle e Fiscalização Ambiental; Não se aplica; Taxa de Controle e Fiscalização Ambiental - Principal; Arrecadações; SECRETARIA DE ADMINISTRAÇÃO E FINANÇAS; SECRETARIA DE ADMINISTRAÇÃO E FINANÇAS; SECRETARIA DE ADMINISTRAÇÃO E FINANÇAS; R$ 0,00; R$ 0,00; R$ 0,00; R$ 0,00; R$ 11.879,58; R$ 74.648,56; R$ 0,00; 0.0
 19991221000000; Ônus de Sucumbência - Principal; Receitas Correntes; Outras Receitas Correntes; Demais Receitas Correntes; Ônus de Sucumbência - Principal; Outras Receitas Correntes; Encargos Legais pela Inscrição em Dívida Ativa e Receitas de Ônus de Sucumbência; Ônus de Sucumbência; Outras Receitas Correntes; Encargos Legais pela Inscrição em Dívida Ativa e Receitas de Ônus de Sucumbência; Ônus de Sucumbência; Ônus de Sucumbência - Principal; Arrecadações; SECRETARIA DE ADMINISTRAÇÃO E FINANÇAS; SECRETARIA DE ADMINISTRAÇÃO E FINANÇAS; SECRETARIA DE ADMINISTRAÇÃO E FINANÇAS; R$ 0,00; R$ 0,00; R$ 0,00; R$ 0,00; R$ 17.772,87; R$ 154.958,52; R$ 0,00; 0.0
 11220101990000; TPS - Taxa de Prestação de Serviços - Outras; Receitas Correntes; Impostos, Taxas e Contribuições de Melhoria; Taxas; Taxas pela Prestação de Serviços em Geral - Principal; Taxas pela Prestação de Serviços; Taxas pela Prestação de Serviços; ; Taxas pela Prestação de Serviços; Taxas pela Prestação de Serviços; Não se aplica; TPS - Taxa de Prestação de Serviços - Outras; Arrecadações; SECRETARIA DE ADMINISTRAÇÃO E FINANÇAS; SECRETARIA DE ADMINISTRAÇÃO E FINANÇAS; SECRETARIA DE ADMINISTRAÇÃO E FINANÇAS; R$ 0,00; R$ 0,00; R$ 0,00; R$ 0,00; R$ 23.813,72; R$ 544.888,12; R$ 0,00; 0.0
 11145112000000; Imposto sobre Serviços de Qualquer Natureza - ISSQN - Multas e Juros de Mora; Receitas Correntes; Impostos, Taxas e Contribuições de Melhoria; Impostos; Imposto sobre Serviços de Qualquer Natureza - ISSQN - Multas e Juros de Mora; Impostos sobre Produção, Circulação e Serviços; Impostos sobre Serviços; Imposto sobre Serviços de Qualquer Natureza - ISSQN; Impostos sobre Produção, Circulação e Serviços; Impostos sobre Serviços; Imposto sobre Serviços de Qualquer Natureza - ISSQN; Imposto sobre Serviços de Qualquer Natureza - ISSQN - Multas e Juros de Mora; Arrecadações; SECRETARIA DE ADMINISTRAÇÃO E FINANÇAS; SECRETARIA DE ADMINISTRAÇÃO E FINANÇAS; SECRETARIA DE ADMINISTRAÇÃO E FINANÇAS; R$ 0,00; R$ 0,00; R$ 0,00; R$ 0,00; R$ 2.111,69; R$ 25.779,16; R$ 0,00; 0.0
 11225301010000; TPS - Taxa de Limpeza Pública; Receitas Correntes; Impostos, Taxas e Contribuições de Melhoria; Taxas; TPS Limpeza Pública e Manejo de Resíduos Sólidos - Principal; Taxas pela Prestação de Serviços; TPS Limpeza Pública e Manejo de Resíduos Sólidos; ; Taxas pela Prestação de Serviços; TPS Limpeza Pública e Manejo de Resíduos Sólidos; Não se aplica; TPS - Taxa de Limpeza Pública; Arrecadações; SECRETARIA DE ADMINISTRAÇÃO E FINANÇAS; SECRETARIA DE ADMINISTRAÇÃO E FINANÇAS; SECRETARIA DE ADMINISTRAÇÃO E FINANÇAS; R$ 0,00; R$ 0,00; R$ 0,00; R$ 0,00; R$ 1.829,67; R$ 22.977,30; R$ 0,00; 0.0
 11145113000000; Imposto sobre Serviços de Qualquer Natureza - ISSQN - Dívida Ativa; Receitas Correntes; Impostos, Taxas e Contribuições de Melhoria; Impostos; Imposto sobre Serviços de Qualquer Natureza - ISSQN - Dívida Ativa; Impostos sobre Produção, Circulação e Serviços; Impostos sobre Serviços; Imposto sobre Serviços de Qualquer Natureza - ISSQN; Impostos sobre Produção, Circulação e Serviços; Impostos sobre Serviços; Imposto sobre Serviços de Qualquer Natureza - ISSQN; Imposto sobre Serviços de Qualquer Natureza - ISSQN - Dívida Ativa; Arrecadações; SECRETARIA DE ADMINISTRAÇÃO E FINANÇAS; SECRETARIA DE ADMINISTRAÇÃO E FINANÇAS; SECRETARIA DE ADMINISTRAÇÃO E FINANÇAS; R$ 0,00; R$ 0,00; R$ 0,00; R$ 0,00; R$ 699,97; R$ 14.164,47; R$ 0,00; 0.0
 11220101990000; TPS - Taxa de Prestação de Serviços - Outras; Receitas Correntes; Impostos, Taxas e Contribuições de Melhoria; Taxas; Taxas pela Prestação de Serviços em Geral - Principal; Taxas pela Prestação de Serviços; Taxas pela Prestação de Serviços; ; Taxas pela Prestação de Serviços; Taxas pela Prestação de Serviços; Não se aplica; TPS - Taxa de Prestação de Serviços - Outras; Arrecadações; SECRETARIA DE ADMINISTRAÇÃO E FINANÇAS; SECRETARIA DE ADMINISTRAÇÃO E FINANÇAS; SECRETARIA DE ADMINISTRAÇÃO E FINANÇAS; R$ 0,00; R$ 0,00; R$ 0,00; R$ 0,00; R$ 45.321,77; R$ 590.209,89; R$ 0,00; 0.0
 11145112000000; Imposto sobre Serviços de Qualquer Natureza - ISSQN - Multas e Juros de Mora; Receitas Correntes; Impostos, Taxas e Contribuições de Melhoria; Impostos; Imposto sobre Serviços de Qualquer Natureza - ISSQN - Multas e Juros de Mora; Impostos sobre Produção, Circulação e Serviços; Impostos sobre Serviços; Imposto sobre Serviços de Qualquer Natureza - ISSQN; Impostos sobre Produção, Circulação e Serviços; Impostos sobre Serviços; Imposto sobre Serviços de Qualquer Natureza - ISSQN; Imposto sobre Serviços de Qualquer Natureza - ISSQN - Multas e Juros de Mora; Arrecadações; SECRETARIA DE ADMINISTRAÇÃO E FINANÇAS; SECRETARIA DE ADMINISTRAÇÃO E FINANÇAS; SECRETARIA DE ADMINISTRAÇÃO E FINANÇAS; R$ 0,00; R$ 0,00; R$ 0,00; R$ 0,00; R$ 3.307,95; R$ 29.087,11; R$ 0,00; 0.0
 11225302000000; TPS Limpeza Pública e Manejo de Resíduos Sólidos - Multas e Juros; Receitas Correntes; Impostos, Taxas e Contribuições de Melhoria; Taxas; TPS Limpeza Pública e Manejo de Resíduos Sólidos - Multas e Juros; Taxas pela Prestação de Serviços; TPS Limpeza Pública e Manejo de Resíduos Sólidos; ; Taxas pela Prestação de Serviços; TPS Limpeza Pública e Manejo de Resíduos Sólidos; Não se aplica; TPS Limpeza Pública e Manejo de Resíduos Sólidos - Multas e Juros; Arrecadações; SECRETARIA DE ADMINISTRAÇÃO E FINANÇAS; SECRETARIA DE ADMINISTRAÇÃO E FINANÇAS; SECRETARIA DE ADMINISTRAÇÃO E FINANÇAS; R$ 0,00; R$ 0,00; R$ 0,00; R$ 0,00; R$ 2.978,03; R$ 17.670,18; R$ 0,00; 0.0
 11225303000000; TPS Limpeza Pública e Manejo de Resíduos Sólidos - Dívida Ativa; Receitas Correntes; Impostos, Taxas e Contribuições de Melhoria; Taxas; TPS Limpeza Pública e Manejo de Resíduos Sólidos - Dívida Ativa; Taxas pela Prestação de Serviços; TPS Limpeza Pública e Manejo de Resíduos Sólidos; ; Taxas pela Prestação de Serviços; TPS Limpeza Pública e Manejo de Resíduos Sólidos; Não se aplica; TPS Limpeza Pública e Manejo de Resíduos Sólidos - Dívida Ativa; Arrecadações; SECRETARIA DE ADMINISTRAÇÃO E FINANÇAS; SECRETARIA DE ADMINISTRAÇÃO E FINANÇAS; SECRETARIA DE ADMINISTRAÇÃO E FINANÇAS; R$ 0,00; R$ 0,00; R$ 0,00; R$ 0,00; R$ 40.970,08; R$ 331.501,32; R$ 0,00; 0.0
 11220103000000; Taxas pela Prestação de Serviços em Geral - Dívida Ativa; Receitas Correntes; Impostos, Taxas e Contribuições de Melhoria; Taxas; Taxas pela Prestação de Serviços em Geral - Dívida Ativa; Taxas pela Prestação de Serviços; Taxas pela Prestação de Serviços; ; Taxas pela Prestação de Serviços; Taxas pela Prestação de Serviços; Não se aplica; Taxas pela Prestação de Serviços em Geral - Dívida Ativa; Arrecadações; SECRETARIA DE ADMINISTRAÇÃO E FINANÇAS; SECRETARIA DE ADMINISTRAÇÃO E FINANÇAS; SECRETARIA DE ADMINISTRAÇÃO E FINANÇAS; R$ 0,00; R$ 0,00; R$ 0,00; R$ 0,00; R$ 2.000,37; R$ 52.880,53; R$ 0,00; 0.0
 11210401000000; Taxa de Controle e Fiscalização Ambiental - Principal; Receitas Correntes; Impostos, Taxas e Contribuições de Melhoria; Taxas; Taxa de Controle e Fiscalização Ambiental - Principal; Taxas pelo Exercício do Poder de Polícia; Taxa de Controle e Fiscalização Ambiental; ; Taxas pelo Exercício do Poder de Polícia; Taxa de Controle e Fiscalização Ambiental; Não se aplica; Taxa de Controle e Fiscalização Ambiental - Principal; Arrecadações; SECRETARIA DE ADMINISTRAÇÃO E FINANÇAS; SECRETARIA DE ADMINISTRAÇÃO E FINANÇAS; SECRETARIA DE ADMINISTRAÇÃO E FINANÇAS; R$ 0,00; R$ 0,00; R$ 0,00; R$ 0,00; R$ 15.289,29; R$ 89.937,85; R$ 0,00; 0.0
 11145113000000; Imposto sobre Serviços de Qualquer Natureza - ISSQN - Dívida Ativa; Receitas Correntes; Impostos, Taxas e Contribuições de Melhoria; Impostos; Imposto sobre Serviços de Qualquer Natureza - ISSQN - Dívida Ativa; Impostos sobre Produção, Circulação e Serviços; Impostos sobre Serviços; Imposto sobre Serviços de Qualquer Natureza - ISSQN; Impostos sobre Produção, Circulação e Serviços; Impostos sobre Serviços; Imposto sobre Serviços de Qualquer Natureza - ISSQN; Imposto sobre Serviços de Qualquer Natureza - ISSQN - Dívida Ativa; Arrecadações; SECRETARIA DE ADMINISTRAÇÃO E FINANÇAS; SECRETARIA DE ADMINISTRAÇÃO E FINANÇAS; SECRETARIA DE ADMINISTRAÇÃO E FINANÇAS; R$ 0,00; R$ 0,00; R$ 0,00; R$ 0,00; R$ 700,09; R$ 14.864,56; R$ 0,00; 0.0
 11220104000000; Taxas pela Prestação de Serviços em Geral - Dívida Ativa - Multas e Juros de Mora da Dívida Ativa; Receitas Correntes; Impostos, Taxas e Contribuições de Melhoria; Taxas; Taxas pela Prestação de Serviços em Geral - Dívida Ativa - Multas e Juros de Mora da Dívida Ativa; Taxas pela Prestação de Serviços; Taxas pela Prestação de Serviços; ; Taxas pela Prestação de Serviços; Taxas pela Prestação de Serviços; Não se aplica; Taxas pela Prestação de Serviços em Geral - Dívida Ativa - Multas e Juros de Mora da Dívida Ativa; Arrecadações; SECRETARIA DE ADMINISTRAÇÃO E FINANÇAS; SECRETARIA DE ADMINISTRAÇÃO E FINANÇAS; SECRETARIA DE ADMINISTRAÇÃO E FINANÇAS; R$ 0,00; R$ 0,00; R$ 0,00; R$ 0,00; R$ 322,05; R$ 66.215,42; R$ 0,00; 0.0
 11225304000000; TPS Limpeza Pública e Manejo de Resíduos Sólidos - DA Multas e Juros; Receitas Correntes; Impostos, Taxas e Contribuições de Melhoria; Taxas; TPS Limpeza Pública e Manejo de Resíduos Sólidos - DA Multas e Juros; Taxas pela Prestação de Serviços; TPS Limpeza Pública e Manejo de Resíduos Sólidos; ; Taxas pela Prestação de Serviços; TPS Limpeza Pública e Manejo de Resíduos Sólidos; Não se aplica; TPS Limpeza Pública e Manejo de Resíduos Sólidos - DA Multas e Juros; Arrecadações; SECRETARIA DE ADMINISTRAÇÃO E FINANÇAS; SECRETARIA DE ADMINISTRAÇÃO E FINANÇAS; SECRETARIA DE ADMINISTRAÇÃO E FINANÇAS; R$ 0,00; R$ 0,00; R$ 0,00; R$ 0,00; R$ 4.102,12; R$ 39.107,09; R$ 0,00; 0.0
 11125001000000; Imposto sobre a Propriedade Predial e Territorial Urbana - Principal; Receitas Correntes; Impostos, Taxas e Contribuições de Melhoria; Impostos; Imposto sobre a Propriedade Predial e Territorial Urbana - Principal; Impostos sobre o Patrimônio; Imposto sobre a Propriedade Predial e Territorial Urbana; ; Impostos sobre o Patrimônio; Imposto sobre a Propriedade Predial e Territorial Urbana; Não se aplica; Imposto sobre a Propriedade Predial e Territorial Urbana - Principal; Arrecadações; SECRETARIA DE ADMINISTRAÇÃO E FINANÇAS; SECRETARIA DE ADMINISTRAÇÃO E FINANÇAS; SECRETARIA DE ADMINISTRAÇÃO E FINANÇAS; R$ 0,00; R$ 0,00; R$ 0,00; R$ 0,00; R$ 32.175,60; R$ 5.752.959,06; R$ 0,00; 0.0
 11125004000000; Imposto sobre a Propriedade Predial e Territorial Urbana - Dívida Ativa - Multas e Juros de Mora da Dívida Ativa; Receitas Correntes; Impostos, Taxas e Contribuições de Melhoria; Impostos; Imposto sobre a Propriedade Predial e Territorial Urbana - Dívida Ativa - Multas e Juros de Mora da Dívida Ativa; Impostos sobre o Patrimônio; Imposto sobre a Propriedade Predial e Territorial Urbana; ; Impostos sobre o Patrimônio; Imposto sobre a Propriedade Predial e Territorial Urbana; Não se aplica; Imposto sobre a Propriedade Predial e Territorial Urbana - Dívida Ativa - Multas e Juros de Mora da Dívida Ativa; Arrecadações; SECRETARIA DE ADMINISTRAÇÃO E FINANÇAS; SECRETARIA DE ADMINISTRAÇÃO E FINANÇAS; SECRETARIA DE ADMINISTRAÇÃO E FINANÇAS; R$ 0,00; R$ 0,00; R$ 0,00; R$ 0,00; R$ 14.211,94; R$ 271.969,34; R$ 0,00; 0.0
 11225301020000; TPS - Taxa de Coleta de Lixo; Receitas Correntes; Impostos, Taxas e Contribuições de Melhoria; Taxas; TPS Limpeza Pública e Manejo de Resíduos Sólidos - Principal; Taxas pela Prestação de Serviços; TPS Limpeza Pública e Manejo de Resíduos Sólidos; ; Taxas pela Prestação de Serviços; TPS Limpeza Pública e Manejo de Resíduos Sólidos; Não se aplica; TPS - Taxa de Coleta de Lixo; Arrecadações; SECRETARIA DE ADMINISTRAÇÃO E FINANÇAS; SECRETARIA DE ADMINISTRAÇÃO E FINANÇAS; SECRETARIA DE ADMINISTRAÇÃO E FINANÇAS; R$ 0,00; R$ 0,00; R$ 0,00; R$ 0,00; R$ 14.461,93; R$ 443.940,15; R$ 0,00; 0.0
 19991221000000; Ônus de Sucumbência - Principal; Receitas Correntes; Outras Receitas Correntes; Demais Receitas Correntes; Ônus de Sucumbência - Principal; Outras Receitas Correntes; Encargos Legais pela Inscrição em Dívida Ativa e Receitas de Ônus de Sucumbência; Ônus de Sucumbência; Outras Receitas Correntes; Encargos Legais pela Inscrição em Dívida Ativa e Receitas de Ônus de Sucumbência; Ônus de Sucumbência; Ônus de Sucumbência - Principal; Arrecadações; SECRETARIA DE ADMINISTRAÇÃO E FINANÇAS; SECRETARIA DE ADMINISTRAÇÃO E FINANÇAS; SECRETARIA DE ADMINISTRAÇÃO E FINANÇAS; R$ 0,00; R$ 0,00; R$ 0,00; R$ 0,00; R$ 10.714,68; R$ 165.673,20; R$ 0,00; 0.0
 11125003000000; Imposto sobre a Propriedade Predial e Territorial Urbana - Dívida Ativa; Receitas Correntes; Impostos, Taxas e Contribuições de Melhoria; Impostos; Imposto sobre a Propriedade Predial e Territorial Urbana - Dívida Ativa; Impostos sobre o Patrimônio; Imposto sobre a Propriedade Predial e Territorial Urbana; ; Impostos sobre o Patrimônio; Imposto sobre a Propriedade Predial e Territorial Urbana; Não se aplica; Imposto sobre a Propriedade Predial e Territorial Urbana - Dívida Ativa; Arrecadações; SECRETARIA DE ADMINISTRAÇÃO E FINANÇAS; SECRETARIA DE ADMINISTRAÇÃO E FINANÇAS; SECRETARIA DE ADMINISTRAÇÃO E FINANÇAS; R$ 0,00; R$ 0,00; R$ 0,00; R$ 0,00; R$ 96.397,41; R$ 1.486.322,49; R$ 0,00; 0.0
 11225301010000; TPS - Taxa de Limpeza Pública; Receitas Correntes; Impostos, Taxas e Contribuições de Melhoria; Taxas; TPS Limpeza Pública e Manejo de Resíduos Sólidos - Principal; Taxas pela Prestação de Serviços; TPS Limpeza Pública e Manejo de Resíduos Sólidos; ; Taxas pela Prestação de Serviços; TPS Limpeza Pública e Manejo de Resíduos Sólidos; Não se aplica; TPS - Taxa de Limpeza Pública; Arrecadações; SECRETARIA DE ADMINISTRAÇÃO E FINANÇAS; SECRETARIA DE ADMINISTRAÇÃO E FINANÇAS; SECRETARIA DE ADMINISTRAÇÃO E FINANÇAS; R$ 0,00; R$ 0,00; R$ 0,00; R$ 0,00; R$ 2.152,34; R$ 25.129,64; R$ 0,00; 0.0
 11225303000000; TPS Limpeza Pública e Manejo de Resíduos Sólidos - Dívida Ativa; Receitas Correntes; Impostos, Taxas e Contribuições de Melhoria; Taxas; TPS Limpeza Pública e Manejo de Resíduos Sólidos - Dívida Ativa; Taxas pela Prestação de Serviços; TPS Limpeza Pública e Manejo de Resíduos Sólidos; ; Taxas pela Prestação de Serviços; TPS Limpeza Pública e Manejo de Resíduos Sólidos; Não se aplica; TPS Limpeza Pública e Manejo de Resíduos Sólidos - Dívida Ativa; Arrecadações; SECRETARIA DE ADMINISTRAÇÃO E FINANÇAS; SECRETARIA DE ADMINISTRAÇÃO E FINANÇAS; SECRETARIA DE ADMINISTRAÇÃO E FINANÇAS; R$ 0,00; R$ 0,00; R$ 0,00; R$ 0,00; R$ 45.534,24; R$ 377.035,56; R$ 0,00; 0.0
 11225304000000; TPS Limpeza Pública e Manejo de Resíduos Sólidos - DA Multas e Juros; Receitas Correntes; Impostos, Taxas e Contribuições de Melhoria; Taxas; TPS Limpeza Pública e Manejo de Resíduos Sólidos - DA Multas e Juros; Taxas pela Prestação de Serviços; TPS Limpeza Pública e Manejo de Resíduos Sólidos; ; Taxas pela Prestação de Serviços; TPS Limpeza Pública e Manejo de Resíduos Sólidos; Não se aplica; TPS Limpeza Pública e Manejo de Resíduos Sólidos - DA Multas e Juros; Arrecadações; SECRETARIA DE ADMINISTRAÇÃO E FINANÇAS; SECRETARIA DE ADMINISTRAÇÃO E FINANÇAS; SECRETARIA DE ADMINISTRAÇÃO E FINANÇAS; R$ 0,00; R$ 0,00; R$ 0,00; R$ 0,00; R$ 4.362,89; R$ 43.469,98; R$ 0,00; 0.0
 11220104000000; Taxas pela Prestação de Serviços em Geral - Dívida Ativa - Multas e Juros de Mora da Dívida Ativa; Receitas Correntes; Impostos, Taxas e Contribuições de Melhoria; Taxas; Taxas pela Prestação de Serviços em Geral - Dívida Ativa - Multas e Juros de Mora da Dívida Ativa; Taxas pela Prestação de Serviços; Taxas pela Prestação de Serviços; ; Taxas pela Prestação de Serviços; Taxas pela Prestação de Serviços; Não se aplica; Taxas pela Prestação de Serviços em Geral - Dívida Ativa - Multas e Juros de Mora da Dívida Ativa; Arrecadações; SECRETARIA DE ADMINISTRAÇÃO E FINANÇAS; SECRETARIA DE ADMINISTRAÇÃO E FINANÇAS; SECRETARIA DE ADMINISTRAÇÃO E FINANÇAS; R$ 0,00; R$ 0,00; R$ 0,00; R$ 0,00; R$ 289,57; R$ 66.504,99; R$ 0,00; 0.0
 19991221000000; Ônus de Sucumbência - Principal; Receitas Correntes; Outras Receitas Correntes; Demais Receitas Correntes; Ônus de Sucumbência - Principal; Outras Receitas Correntes; Encargos Legais pela Inscrição em Dívida Ativa e Receitas de Ônus de Sucumbência; Ônus de Sucumbência; Outras Receitas Correntes; Encargos Legais pela Inscrição em Dívida Ativa e Receitas de Ônus de Sucumbência; Ônus de Sucumbência; Ônus de Sucumbência - Principal; Arrecadações; SECRETARIA DE ADMINISTRAÇÃO E FINANÇAS; SECRETARIA DE ADMINISTRAÇÃO E FINANÇAS; SECRETARIA DE ADMINISTRAÇÃO E FINANÇAS; R$ 0,00; R$ 0,00; R$ 0,00; R$ 0,00; R$ 16.112,84; R$ 181.786,04; R$ 0,00; 0.0
 11220103000000; Taxas pela Prestação de Serviços em Geral - Dívida Ativa; Receitas Correntes; Impostos, Taxas e Contribuições de Melhoria; Taxas; Taxas pela Prestação de Serviços em Geral - Dívida Ativa; Taxas pela Prestação de Serviços; Taxas pela Prestação de Serviços; ; Taxas pela Prestação de Serviços; Taxas pela Prestação de Serviços; Não se aplica; Taxas pela Prestação de Serviços em Geral - Dívida Ativa; Arrecadações; SECRETARIA DE ADMINISTRAÇÃO E FINANÇAS; SECRETARIA DE ADMINISTRAÇÃO E FINANÇAS; SECRETARIA DE ADMINISTRAÇÃO E FINANÇAS; R$ 0,00; R$ 0,00; R$ 0,00; R$ 0,00; R$ 1.344,12; R$ 54.224,65; R$ 0,00; 0.0
 11125004000000; Imposto sobre a Propriedade Predial e Territorial Urbana - Dívida Ativa - Multas e Juros de Mora da Dívida Ativa; Receitas Correntes; Impostos, Taxas e Contribuições de Melhoria; Impostos; Imposto sobre a Propriedade Predial e Territorial Urbana - Dívida Ativa - Multas e Juros de Mora da Dívida Ativa; Impostos sobre o Patrimônio; Imposto sobre a Propriedade Predial e Territorial Urbana; ; Impostos sobre o Patrimônio; Imposto sobre a Propriedade Predial e Territorial Urbana; Não se aplica; Imposto sobre a Propriedade Predial e Territorial Urbana - Dívida Ativa - Multas e Juros de Mora da Dívida Ativa; Arrecadações; SECRETARIA DE ADMINISTRAÇÃO E FINANÇAS; SECRETARIA DE ADMINISTRAÇÃO E FINANÇAS; SECRETARIA DE ADMINISTRAÇÃO E FINANÇAS; R$ 0,00; R$ 0,00; R$ 0,00; R$ 0,00; R$ 17.380,37; R$ 289.349,71; R$ 0,00; 0.0
 11225301020000; TPS - Taxa de Coleta de Lixo; Receitas Correntes; Impostos, Taxas e Contribuições de Melhoria; Taxas; TPS Limpeza Pública e Manejo de Resíduos Sólidos - Principal; Taxas pela Prestação de Serviços; TPS Limpeza Pública e Manejo de Resíduos Sólidos; ; Taxas pela Prestação de Serviços; TPS Limpeza Pública e Manejo de Resíduos Sólidos; Não se aplica; TPS - Taxa de Coleta de Lixo; Arrecadações; SECRETARIA DE ADMINISTRAÇÃO E FINANÇAS; SECRETARIA DE ADMINISTRAÇÃO E FINANÇAS; SECRETARIA DE ADMINISTRAÇÃO E FINANÇAS; R$ 0,00; R$ 0,00; R$ 0,00; R$ 0,00; R$ 28.959,19; R$ 472.899,34; R$ 0,00; 0.0
 11125001000000; Imposto sobre a Propriedade Predial e Territorial Urbana - Principal; Receitas Correntes; Impostos, Taxas e Contribuições de Melhoria; Impostos; Imposto sobre a Propriedade Predial e Territorial Urbana - Principal; Impostos sobre o Patrimônio; Imposto sobre a Propriedade Predial e Territorial Urbana; ; Impostos sobre o Patrimônio; Imposto sobre a Propriedade Predial e Territorial Urbana; Não se aplica; Imposto sobre a Propriedade Predial e Territorial Urbana - Principal; Arrecadações; SECRETARIA DE ADMINISTRAÇÃO E FINANÇAS; SECRETARIA DE ADMINISTRAÇÃO E FINANÇAS; SECRETARIA DE ADMINISTRAÇÃO E FINANÇAS; R$ 0,00; R$ 0,00; R$ 0,00; R$ 0,00; R$ 59.376,11; R$ 5.812.335,17; R$ 0,00; 0.0
 11145113000000; Imposto sobre Serviços de Qualquer Natureza - ISSQN - Dívida Ativa; Receitas Correntes; Impostos, Taxas e Contribuições de Melhoria; Impostos; Imposto sobre Serviços de Qualquer Natureza - ISSQN - Dívida Ativa; Impostos sobre Produção, Circulação e Serviços; Impostos sobre Serviços; Imposto sobre Serviços de Qualquer Natureza - ISSQN; Impostos sobre Produção, Circulação e Serviços; Impostos sobre Serviços; Imposto sobre Serviços de Qualquer Natureza - ISSQN; Imposto sobre Serviços de Qualquer Natureza - ISSQN - Dívida Ativa; Arrecadações; SECRETARIA DE ADMINISTRAÇÃO E FINANÇAS; SECRETARIA DE ADMINISTRAÇÃO E FINANÇAS; SECRETARIA DE ADMINISTRAÇÃO E FINANÇAS; R$ 0,00; R$ 0,00; R$ 0,00; R$ 0,00; R$ 1.308,76; R$ 16.173,32; R$ 0,00; 0.0
 11220101990000; TPS - Taxa de Prestação de Serviços - Outras; Receitas Correntes; Impostos, Taxas e Contribuições de Melhoria; Taxas; Taxas pela Prestação de Serviços em Geral - Principal; Taxas pela Prestação de Serviços; Taxas pela Prestação de Serviços; ; Taxas pela Prestação de Serviços; Taxas pela Prestação de Serviços; Não se aplica; TPS - Taxa de Prestação de Serviços - Outras; Arrecadações; SECRETARIA DE ADMINISTRAÇÃO E FINANÇAS; SECRETARIA DE ADMINISTRAÇÃO E FINANÇAS; SECRETARIA DE ADMINISTRAÇÃO E FINANÇAS; R$ 0,00; R$ 0,00; R$ 0,00; R$ 0,00; R$ 24.375,15; R$ 614.585,04; R$ 0,00; 0.0
 11210401000000; Taxa de Controle e Fiscalização Ambiental - Principal; Receitas Correntes; Impostos, Taxas e Contribuições de Melhoria; Taxas; Taxa de Controle e Fiscalização Ambiental - Principal; Taxas pelo Exercício do Poder de Polícia; Taxa de Controle e Fiscalização Ambiental; ; Taxas pelo Exercício do Poder de Polícia; Taxa de Controle e Fiscalização Ambiental; Não se aplica; Taxa de Controle e Fiscalização Ambiental - Principal; Arrecadações; SECRETARIA DE ADMINISTRAÇÃO E FINANÇAS; SECRETARIA DE ADMINISTRAÇÃO E FINANÇAS; SECRETARIA DE ADMINISTRAÇÃO E FINANÇAS; R$ 0,00; R$ 0,00; R$ 0,00; R$ 0,00; R$ 11.310,40; R$ 101.248,25; R$ 0,00; 0.0
 11225301010000; TPS - Taxa de Limpeza Pública; Receitas Correntes; Impostos, Taxas e Contribuições de Melhoria; Taxas; TPS Limpeza Pública e Manejo de Resíduos Sólidos - Principal; Taxas pela Prestação de Serviços; TPS Limpeza Pública e Manejo de Resíduos Sólidos; ; Taxas pela Prestação de Serviços; TPS Limpeza Pública e Manejo de Resíduos Sólidos; Não se aplica; TPS - Taxa de Limpeza Pública; Arrecadações; SECRETARIA DE ADMINISTRAÇÃO E FINANÇAS; SECRETARIA DE ADMINISTRAÇÃO E FINANÇAS; SECRETARIA DE ADMINISTRAÇÃO E FINANÇAS; R$ 0,00; R$ 0,00; R$ 0,00; R$ 0,00; R$ 3.359,26; R$ 28.488,90; R$ 0,00; 0.0
 11125003000000; Imposto sobre a Propriedade Predial e Territorial Urbana - Dívida Ativa; Receitas Correntes; Impostos, Taxas e Contribuições de Melhoria; Impostos; Imposto sobre a Propriedade Predial e Territorial Urbana - Dívida Ativa; Impostos sobre o Patrimônio; Imposto sobre a Propriedade Predial e Territorial Urbana; ; Impostos sobre o Patrimônio; Imposto sobre a Propriedade Predial e Territorial Urbana; Não se aplica; Imposto sobre a Propriedade Predial e Territorial Urbana - Dívida Ativa; Arrecadações; SECRETARIA DE ADMINISTRAÇÃO E FINANÇAS; SECRETARIA DE ADMINISTRAÇÃO E FINANÇAS; SECRETARIA DE ADMINISTRAÇÃO E FINANÇAS; R$ 0,00; R$ 0,00; R$ 0,00; R$ 0,00; R$ 137.554,54; R$ 1.623.877,03; R$ 0,00; 0.0
 11225302000000; TPS Limpeza Pública e Manejo de Resíduos Sólidos - Multas e Juros; Receitas Correntes; Impostos, Taxas e Contribuições de Melhoria; Taxas; TPS Limpeza Pública e Manejo de Resíduos Sólidos - Multas e Juros; Taxas pela Prestação de Serviços; TPS Limpeza Pública e Manejo de Resíduos Sólidos; ; Taxas pela Prestação de Serviços; TPS Limpeza Pública e Manejo de Resíduos Sólidos; Não se aplica; TPS Limpeza Pública e Manejo de Resíduos Sólidos - Multas e Juros; Arrecadações; SECRETARIA DE ADMINISTRAÇÃO E FINANÇAS; SECRETARIA DE ADMINISTRAÇÃO E FINANÇAS; SECRETARIA DE ADMINISTRAÇÃO E FINANÇAS; R$ 0,00; R$ 0,00; R$ 0,00; R$ 0,00; R$ 4.557,71; R$ 22.227,89; R$ 0,00; 0.0
 11145112000000; Imposto sobre Serviços de Qualquer Natureza - ISSQN - Multas e Juros de Mora; Receitas Correntes; Impostos, Taxas e Contribuições de Melhoria; Impostos; Imposto sobre Serviços de Qualquer Natureza - ISSQN - Multas e Juros de Mora; Impostos sobre Produção, Circulação e Serviços; Impostos sobre Serviços; Imposto sobre Serviços de Qualquer Natureza - ISSQN; Impostos sobre Produção, Circulação e Serviços; Impostos sobre Serviços; Imposto sobre Serviços de Qualquer Natureza - ISSQN; Imposto sobre Serviços de Qualquer Natureza - ISSQN - Multas e Juros de Mora; Arrecadações; SECRETARIA DE ADMINISTRAÇÃO E FINANÇAS; SECRETARIA DE ADMINISTRAÇÃO E FINANÇAS; SECRETARIA DE ADMINISTRAÇÃO E FINANÇAS; R$ 0,00; R$ 0,00; R$ 0,00; R$ 0,00; R$ 2.998,23; R$ 32.085,34; R$ 0,00; 0.0
 11125301000000; Imposto sobre Transmissão Inter Vivos de Bens Imóveis e de Direitos Reais sobre Imóveis - Principal - Rec Ordinario; Receitas Correntes; Impostos, Taxas e Contribuições de Melhoria; Impostos; Imposto sobre Transmissão Inter Vivos de Bens Imóveis e de Direitos Reais sobre Imóveis - Principal - Rec Ordinario; Impostos sobre o Patrimônio; Imposto sobre Transmissão Inter Vivos de Bens Imóveis e de Direitos Reais sobre Imóveis - Principal - Rec Ordinario; ; Impostos sobre o Patrimônio; Imposto sobre Transmissão Inter Vivos de Bens Imóveis e de Direitos Reais sobre Imóveis - Principal - Rec Ordinario; Não se aplica; Imposto sobre Transmissão Inter Vivos de Bens Imóveis e de Direitos Reais sobre Imóveis - Principal - Rec Ordinario; Arrecadações; SECRETARIA DE ADMINISTRAÇÃO E FINANÇAS; SECRETARIA DE ADMINISTRAÇÃO E FINANÇAS; SECRETARIA DE ADMINISTRAÇÃO E FINANÇAS; R$ 0,00; R$ 0,00; R$ 0,00; R$ 0,00; R$ 555.131,98; R$ 2.251.088,64; R$ 0,00; 0.0
 11125002000000; Imposto sobre a Propriedade Predial e Territorial Urbana - Multas e Juros de Mora; Receitas Correntes; Impostos, Taxas e Contribuições de Melhoria; Impostos; Imposto sobre a Propriedade Predial e Territorial Urbana - Multas e Juros de Mora; Impostos sobre o Patrimônio; Imposto sobre a Propriedade Predial e Territorial Urbana; ; Impostos sobre o Patrimônio; Imposto sobre a Propriedade Predial e Territorial Urbana; Não se aplica; Imposto sobre a Propriedade Predial e Territorial Urbana - Multas e Juros de Mora; Arrecadações; SECRETARIA DE ADMINISTRAÇÃO E FINANÇAS; SECRETARIA DE ADMINISTRAÇÃO E FINANÇAS; SECRETARIA DE ADMINISTRAÇÃO E FINANÇAS; R$ 0,00; R$ 0,00; R$ 0,00; R$ 0,00; R$ 3.851,09; R$ 10.523,03; R$ 0,00; 0.0
 11125301000000; Imposto sobre Transmissão Inter Vivos de Bens Imóveis e de Direitos Reais sobre Imóveis - Principal - Rec Ordinario; Receitas Correntes; Impostos, Taxas e Contribuições de Melhoria; Impostos; Imposto sobre Transmissão Inter Vivos de Bens Imóveis e de Direitos Reais sobre Imóveis - Principal - Rec Ordinario; Impostos sobre o Patrimônio; Imposto sobre Transmissão Inter Vivos de Bens Imóveis e de Direitos Reais sobre Imóveis - Principal - Rec Ordinario; ; Impostos sobre o Patrimônio; Imposto sobre Transmissão Inter Vivos de Bens Imóveis e de Direitos Reais sobre Imóveis - Principal - Rec Ordinario; Não se aplica; Imposto sobre Transmissão Inter Vivos de Bens Imóveis e de Direitos Reais sobre Imóveis - Principal - Rec Ordinario; Arrecadações; SECRETARIA DE ADMINISTRAÇÃO E FINANÇAS; SECRETARIA DE ADMINISTRAÇÃO E FINANÇAS; SECRETARIA DE ADMINISTRAÇÃO E FINANÇAS; R$ 0,00; R$ 0,00; R$ 0,00; R$ 0,00; R$ 332.053,16; R$ 2.583.141,80; R$ 0,00; 0.0
 11125002000000; Imposto sobre a Propriedade Predial e Territorial Urbana - Multas e Juros de Mora; Receitas Correntes; Impostos, Taxas e Contribuições de Melhoria; Impostos; Imposto sobre a Propriedade Predial e Territorial Urbana - Multas e Juros de Mora; Impostos sobre o Patrimônio; Imposto sobre a Propriedade Predial e Territorial Urbana; ; Impostos sobre o Patrimônio; Imposto sobre a Propriedade Predial e Territorial Urbana; Não se aplica; Imposto sobre a Propriedade Predial e Territorial Urbana - Multas e Juros de Mora; Arrecadações; SECRETARIA DE ADMINISTRAÇÃO E FINANÇAS; SECRETARIA DE ADMINISTRAÇÃO E FINANÇAS; SECRETARIA DE ADMINISTRAÇÃO E FINANÇAS; R$ 0,00; R$ 0,00; R$ 0,00; R$ 0,00; R$ 3.184,13; R$ 13.707,16; R$ 0,00; 0.0
 11125002000000; Imposto sobre a Propriedade Predial e Territorial Urbana - Multas e Juros de Mora; Receitas Correntes; Impostos, Taxas e Contribuições de Melhoria; Impostos; Imposto sobre a Propriedade Predial e Territorial Urbana - Multas e Juros de Mora; Impostos sobre o Patrimônio; Imposto sobre a Propriedade Predial e Territorial Urbana; ; Impostos sobre o Patrimônio; Imposto sobre a Propriedade Predial e Territorial Urbana; Não se aplica; Imposto sobre a Propriedade Predial e Territorial Urbana - Multas e Juros de Mora; Arrecadações; SECRETARIA DE ADMINISTRAÇÃO E FINANÇAS; SECRETARIA DE ADMINISTRAÇÃO E FINANÇAS; SECRETARIA DE ADMINISTRAÇÃO E FINANÇAS; R$ 0,00; R$ 0,00; R$ 0,00; R$ 0,00; R$ 5.579,21; R$ 19.286,37; R$ 0,00; 0.0
 11125301000000; Imposto sobre Transmissão Inter Vivos de Bens Imóveis e de Direitos Reais sobre Imóveis - Principal - Rec Ordinario; Receitas Correntes; Impostos, Taxas e Contribuições de Melhoria; Impostos; Imposto sobre Transmissão Inter Vivos de Bens Imóveis e de Direitos Reais sobre Imóveis - Principal - Rec Ordinario; Impostos sobre o Patrimônio; Imposto sobre Transmissão Inter Vivos de Bens Imóveis e de Direitos Reais sobre Imóveis - Principal - Rec Ordinario; ; Impostos sobre o Patrimônio; Imposto sobre Transmissão Inter Vivos de Bens Imóveis e de Direitos Reais sobre Imóveis - Principal - Rec Ordinario; Não se aplica; Imposto sobre Transmissão Inter Vivos de Bens Imóveis e de Direitos Reais sobre Imóveis - Principal - Rec Ordinario; Arrecadações; SECRETARIA DE ADMINISTRAÇÃO E FINANÇAS; SECRETARIA DE ADMINISTRAÇÃO E FINANÇAS; SECRETARIA DE ADMINISTRAÇÃO E FINANÇAS; R$ 0,00; R$ 0,00; R$ 0,00; R$ 0,00; R$ 688.207,06; R$ 3.271.348,86; R$ 0,00; 0.0
 11125002000000; Imposto sobre a Propriedade Predial e Territorial Urbana - Multas e Juros de Mora; Receitas Correntes; Impostos, Taxas e Contribuições de Melhoria; Impostos; Imposto sobre a Propriedade Predial e Territorial Urbana - Multas e Juros de Mora; Impostos sobre o Patrimônio; Imposto sobre a Propriedade Predial e Territorial Urbana; ; Impostos sobre o Patrimônio; Imposto sobre a Propriedade Predial e Territorial Urbana; Não se aplica; Imposto sobre a Propriedade Predial e Territorial Urbana - Multas e Juros de Mora; Arrecadações; SECRETARIA DE ADMINISTRAÇÃO E FINANÇAS; SECRETARIA DE ADMINISTRAÇÃO E FINANÇAS; SECRETARIA DE ADMINISTRAÇÃO E FINANÇAS; R$ 78.279,00; R$ 78.279,00; R$ 0,00; R$ 0,00; R$ 4.246,50; R$ 4.246,50; R$ 78.279,00; 5.42
 11125301000000; Imposto sobre Transmissão Inter Vivos de Bens Imóveis e de Direitos Reais sobre Imóveis - Principal - Rec Ordinario; Receitas Correntes; Impostos, Taxas e Contribuições de Melhoria; Impostos; Imposto sobre Transmissão Inter Vivos de Bens Imóveis e de Direitos Reais sobre Imóveis - Principal - Rec Ordinario; Impostos sobre o Patrimônio; Imposto sobre Transmissão Inter Vivos de Bens Imóveis e de Direitos Reais sobre Imóveis - Principal - Rec Ordinario; ; Impostos sobre o Patrimônio; Imposto sobre Transmissão Inter Vivos de Bens Imóveis e de Direitos Reais sobre Imóveis - Principal - Rec Ordinario; Não se aplica; Imposto sobre Transmissão Inter Vivos de Bens Imóveis e de Direitos Reais sobre Imóveis - Principal - Rec Ordinario; Arrecadações; SECRETARIA DE ADMINISTRAÇÃO E FINANÇAS; SECRETARIA DE ADMINISTRAÇÃO E FINANÇAS; SECRETARIA DE ADMINISTRAÇÃO E FINANÇAS; R$ 5.353.247,00; R$ 5.353.247,00; R$ 0,00; R$ 0,00; R$ 397.382,08; R$ 397.382,08; R$ 5.353.247,00; 7.42
 11125301000000; Imposto sobre Transmissão Inter Vivos de Bens Imóveis e de Direitos Reais sobre Imóveis - Principal - Rec Ordinario; Receitas Correntes; Impostos, Taxas e Contribuições de Melhoria; Impostos; Imposto sobre Transmissão Inter Vivos de Bens Imóveis e de Direitos Reais sobre Imóveis - Principal - Rec Ordinario; Impostos sobre o Patrimônio; Imposto sobre Transmissão Inter Vivos de Bens Imóveis e de Direitos Reais sobre Imóveis - Principal - Rec Ordinario; ; Impostos sobre o Patrimônio; Imposto sobre Transmissão Inter Vivos de Bens Imóveis e de Direitos Reais sobre Imóveis - Principal - Rec Ordinario; Não se aplica; Imposto sobre Transmissão Inter Vivos de Bens Imóveis e de Direitos Reais sobre Imóveis - Principal - Rec Ordinario; Arrecadações; SECRETARIA DE ADMINISTRAÇÃO E FINANÇAS; SECRETARIA DE ADMINISTRAÇÃO E FINANÇAS; SECRETARIA DE ADMINISTRAÇÃO E FINANÇAS; R$ 0,00; R$ 0,00; R$ 0,00; R$ 0,00; R$ 458.193,34; R$ 855.575,42; R$ 0,00; 0.0
 11125002000000; Imposto sobre a Propriedade Predial e Territorial Urbana - Multas e Juros de Mora; Receitas Correntes; Impostos, Taxas e Contribuições de Melhoria; Impostos; Imposto sobre a Propriedade Predial e Territorial Urbana - Multas e Juros de Mora; Impostos sobre o Patrimônio; Imposto sobre a Propriedade Predial e Territorial Urbana; ; Impostos sobre o Patrimônio; Imposto sobre a Propriedade Predial e Territorial Urbana; Não se aplica; Imposto sobre a Propriedade Predial e Territorial Urbana - Multas e Juros de Mora; Arrecadações; SECRETARIA DE ADMINISTRAÇÃO E FINANÇAS; SECRETARIA DE ADMINISTRAÇÃO E FINANÇAS; SECRETARIA DE ADMINISTRAÇÃO E FINANÇAS; R$ 0,00; R$ 0,00; R$ 0,00; R$ 0,00; R$ 829,61; R$ 5.076,11; R$ 0,00; 0.0
 11125002000000; Imposto sobre a Propriedade Predial e Territorial Urbana - Multas e Juros de Mora; Receitas Correntes; Impostos, Taxas e Contribuições de Melhoria; Impostos; Imposto sobre a Propriedade Predial e Territorial Urbana - Multas e Juros de Mora; Impostos sobre o Patrimônio; Imposto sobre a Propriedade Predial e Territorial Urbana; ; Impostos sobre o Patrimônio; Imposto sobre a Propriedade Predial e Territorial Urbana; Não se aplica; Imposto sobre a Propriedade Predial e Territorial Urbana - Multas e Juros de Mora; Arrecadações; SECRETARIA DE ADMINISTRAÇÃO E FINANÇAS; SECRETARIA DE ADMINISTRAÇÃO E FINANÇAS; SECRETARIA DE ADMINISTRAÇÃO E FINANÇAS; R$ 0,00; R$ 0,00; R$ 0,00; R$ 0,00; R$ 262,93; R$ 5.339,04; R$ 0,00; 0.0
 11125301000000; Imposto sobre Transmissão Inter Vivos de Bens Imóveis e de Direitos Reais sobre Imóveis - Principal - Rec Ordinario; Receitas Correntes; Impostos, Taxas e Contribuições de Melhoria; Impostos; Imposto sobre Transmissão Inter Vivos de Bens Imóveis e de Direitos Reais sobre Imóveis - Principal - Rec Ordinario; Impostos sobre o Patrimônio; Imposto sobre Transmissão Inter Vivos de Bens Imóveis e de Direitos Reais sobre Imóveis - Principal - Rec Ordinario; ; Impostos sobre o Patrimônio; Imposto sobre Transmissão Inter Vivos de Bens Imóveis e de Direitos Reais sobre Imóveis - Principal - Rec Ordinario; Não se aplica; Imposto sobre Transmissão Inter Vivos de Bens Imóveis e de Direitos Reais sobre Imóveis - Principal - Rec Ordinario; Arrecadações; SECRETARIA DE ADMINISTRAÇÃO E FINANÇAS; SECRETARIA DE ADMINISTRAÇÃO E FINANÇAS; SECRETARIA DE ADMINISTRAÇÃO E FINANÇAS; R$ 0,00; R$ 0,00; R$ 0,00; R$ 0,00; R$ 410.289,53; R$ 1.265.864,95; R$ 0,00; 0.0
 11125301000000; Imposto sobre Transmissão Inter Vivos de Bens Imóveis e de Direitos Reais sobre Imóveis - Principal - Rec Ordinario; Receitas Correntes; Impostos, Taxas e Contribuições de Melhoria; Impostos; Imposto sobre Transmissão Inter Vivos de Bens Imóveis e de Direitos Reais sobre Imóveis - Principal - Rec Ordinario; Impostos sobre o Patrimônio; Imposto sobre Transmissão Inter Vivos de Bens Imóveis e de Direitos Reais sobre Imóveis - Principal - Rec Ordinario; ; Impostos sobre o Patrimônio; Imposto sobre Transmissão Inter Vivos de Bens Imóveis e de Direitos Reais sobre Imóveis - Principal - Rec Ordinario; Não se aplica; Imposto sobre Transmissão Inter Vivos de Bens Imóveis e de Direitos Reais sobre Imóveis - Principal - Rec Ordinario; Arrecadações; SECRETARIA DE ADMINISTRAÇÃO E FINANÇAS; SECRETARIA DE ADMINISTRAÇÃO E FINANÇAS; SECRETARIA DE ADMINISTRAÇÃO E FINANÇAS; R$ 0,00; R$ 0,00; R$ 0,00; R$ 0,00; R$ 430.091,71; R$ 1.695.956,66; R$ 0,00; 0.0
 11125002000000; Imposto sobre a Propriedade Predial e Territorial Urbana - Multas e Juros de Mora; Receitas Correntes; Impostos, Taxas e Contribuições de Melhoria; Impostos; Imposto sobre a Propriedade Predial e Territorial Urbana - Multas e Juros de Mora; Impostos sobre o Patrimônio; Imposto sobre a Propriedade Predial e Territorial Urbana; ; Impostos sobre o Patrimônio; Imposto sobre a Propriedade Predial e Territorial Urbana; Não se aplica; Imposto sobre a Propriedade Predial e Territorial Urbana - Multas e Juros de Mora; Arrecadações; SECRETARIA DE ADMINISTRAÇÃO E FINANÇAS; SECRETARIA DE ADMINISTRAÇÃO E FINANÇAS; SECRETARIA DE ADMINISTRAÇÃO E FINANÇAS; R$ 0,00; R$ 0,00; R$ 0,00; R$ 0,00; R$ 1.332,90; R$ 6.671,94; R$ 0,00; 0.0
 11125301000000; Imposto sobre Transmissão Inter Vivos de Bens Imóveis e de Direitos Reais sobre Imóveis - Principal - Rec Ordinario; Receitas Correntes; Impostos, Taxas e Contribuições de Melhoria; Impostos; Imposto sobre Transmissão Inter Vivos de Bens Imóveis e de Direitos Reais sobre Imóveis - Principal - Rec Ordinario; Impostos sobre o Patrimônio; Imposto sobre Transmissão Inter Vivos de Bens Imóveis e de Direitos Reais sobre Imóveis - Principal - Rec Ordinario; ; Impostos sobre o Patrimônio; Imposto sobre Transmissão Inter Vivos de Bens Imóveis e de Direitos Reais sobre Imóveis - Principal - Rec Ordinario; Não se aplica; Imposto sobre Transmissão Inter Vivos de Bens Imóveis e de Direitos Reais sobre Imóveis - Principal - Rec Ordinario; Arrecadações; SECRETARIA DE ADMINISTRAÇÃO E FINANÇAS; SECRETARIA DE ADMINISTRAÇÃO E FINANÇAS; SECRETARIA DE ADMINISTRAÇÃO E FINANÇAS; R$ 0,00; R$ 0,00; R$ 0,00; R$ 0,00; R$ 405.582,52; R$ 3.676.931,38; R$ 0,00; 0.0
 11125002000000; Imposto sobre a Propriedade Predial e Territorial Urbana - Multas e Juros de Mora; Receitas Correntes; Impostos, Taxas e Contribuições de Melhoria; Impostos; Imposto sobre a Propriedade Predial e Territorial Urbana - Multas e Juros de Mora; Impostos sobre o Patrimônio; Imposto sobre a Propriedade Predial e Territorial Urbana; ; Impostos sobre o Patrimônio; Imposto sobre a Propriedade Predial e Territorial Urbana; Não se aplica; Imposto sobre a Propriedade Predial e Territorial Urbana - Multas e Juros de Mora; Arrecadações; SECRETARIA DE ADMINISTRAÇÃO E FINANÇAS; SECRETARIA DE ADMINISTRAÇÃO E FINANÇAS; SECRETARIA DE ADMINISTRAÇÃO E FINANÇAS; R$ 0,00; R$ 0,00; R$ 0,00; R$ 0,00; R$ 6.879,96; R$ 26.166,33; R$ 0,00; 0.0
 11125002000000; Imposto sobre a Propriedade Predial e Territorial Urbana - Multas e Juros de Mora; Receitas Correntes; Impostos, Taxas e Contribuições de Melhoria; Impostos; Imposto sobre a Propriedade Predial e Territorial Urbana - Multas e Juros de Mora; Impostos sobre o Patrimônio; Imposto sobre a Propriedade Predial e Territorial Urbana; ; Impostos sobre o Patrimônio; Imposto sobre a Propriedade Predial e Territorial Urbana; Não se aplica; Imposto sobre a Propriedade Predial e Territorial Urbana - Multas e Juros de Mora; Arrecadações; SECRETARIA DE ADMINISTRAÇÃO E FINANÇAS; SECRETARIA DE ADMINISTRAÇÃO E FINANÇAS; SECRETARIA DE ADMINISTRAÇÃO E FINANÇAS; R$ 0,00; R$ 0,00; R$ 0,00; R$ 0,00; R$ 6.533,00; R$ 32.699,33; R$ 0,00; 0.0
 11125301000000; Imposto sobre Transmissão Inter Vivos de Bens Imóveis e de Direitos Reais sobre Imóveis - Principal - Rec Ordinario; Receitas Correntes; Impostos, Taxas e Contribuições de Melhoria; Impostos; Imposto sobre Transmissão Inter Vivos de Bens Imóveis e de Direitos Reais sobre Imóveis - Principal - Rec Ordinario; Impostos sobre o Patrimônio; Imposto sobre Transmissão Inter Vivos de Bens Imóveis e de Direitos Reais sobre Imóveis - Principal - Rec Ordinario; ; Impostos sobre o Patrimônio; Imposto sobre Transmissão Inter Vivos de Bens Imóveis e de Direitos Reais sobre Imóveis - Principal - Rec Ordinario; Não se aplica; Imposto sobre Transmissão Inter Vivos de Bens Imóveis e de Direitos Reais sobre Imóveis - Principal - Rec Ordinario; Arrecadações; SECRETARIA DE ADMINISTRAÇÃO E FINANÇAS; SECRETARIA DE ADMINISTRAÇÃO E FINANÇAS; SECRETARIA DE ADMINISTRAÇÃO E FINANÇAS; R$ 0,00; R$ 0,00; R$ 0,00; R$ 0,00; R$ 352.779,46; R$ 4.029.710,84; R$ 0,00; 0.0
 11125002000000; Imposto sobre a Propriedade Predial e Territorial Urbana - Multas e Juros de Mora; Receitas Correntes; Impostos, Taxas e Contribuições de Melhoria; Impostos; Imposto sobre a Propriedade Predial e Territorial Urbana - Multas e Juros de Mora; Impostos sobre o Patrimônio; Imposto sobre a Propriedade Predial e Territorial Urbana; ; Impostos sobre o Patrimônio; Imposto sobre a Propriedade Predial e Territorial Urbana; Não se aplica; Imposto sobre a Propriedade Predial e Territorial Urbana - Multas e Juros de Mora; Arrecadações; SECRETARIA DE ADMINISTRAÇÃO E FINANÇAS; SECRETARIA DE ADMINISTRAÇÃO E FINANÇAS; SECRETARIA DE ADMINISTRAÇÃO E FINANÇAS; R$ 0,00; R$ 0,00; R$ 0,00; R$ 0,00; R$ 5.830,99; R$ 38.530,32; R$ 0,00; 0.0
 11125301000000; Imposto sobre Transmissão Inter Vivos de Bens Imóveis e de Direitos Reais sobre Imóveis - Principal - Rec Ordinario; Receitas Correntes; Impostos, Taxas e Contribuições de Melhoria; Impostos; Imposto sobre Transmissão Inter Vivos de Bens Imóveis e de Direitos Reais sobre Imóveis - Principal - Rec Ordinario; Impostos sobre o Patrimônio; Imposto sobre Transmissão Inter Vivos de Bens Imóveis e de Direitos Reais sobre Imóveis - Principal - Rec Ordinario; ; Impostos sobre o Patrimônio; Imposto sobre Transmissão Inter Vivos de Bens Imóveis e de Direitos Reais sobre Imóveis - Principal - Rec Ordinario; Não se aplica; Imposto sobre Transmissão Inter Vivos de Bens Imóveis e de Direitos Reais sobre Imóveis - Principal - Rec Ordinario; Arrecadações; SECRETARIA DE ADMINISTRAÇÃO E FINANÇAS; SECRETARIA DE ADMINISTRAÇÃO E FINANÇAS; SECRETARIA DE ADMINISTRAÇÃO E FINANÇAS; R$ 0,00; R$ 0,00; R$ 0,00; R$ 0,00; R$ 365.209,55; R$ 4.394.920,39; R$ 0,00; 0.0
 11125301000000; Imposto sobre Transmissão Inter Vivos de Bens Imóveis e de Direitos Reais sobre Imóveis - Principal - Rec Ordinario; Receitas Correntes; Impostos, Taxas e Contribuições de Melhoria; Impostos; Imposto sobre Transmissão Inter Vivos de Bens Imóveis e de Direitos Reais sobre Imóveis - Principal - Rec Ordinario; Impostos sobre o Patrimônio; Imposto sobre Transmissão Inter Vivos de Bens Imóveis e de Direitos Reais sobre Imóveis - Principal - Rec Ordinario; ; Impostos sobre o Patrimônio; Imposto sobre Transmissão Inter Vivos de Bens Imóveis e de Direitos Reais sobre Imóveis - Principal - Rec Ordinario; Não se aplica; Imposto sobre Transmissão Inter Vivos de Bens Imóveis e de Direitos Reais sobre Imóveis - Principal - Rec Ordinario; Arrecadações; SECRETARIA DE ADMINISTRAÇÃO E FINANÇAS; SECRETARIA DE ADMINISTRAÇÃO E FINANÇAS; SECRETARIA DE ADMINISTRAÇÃO E FINANÇAS; R$ 0,00; R$ 0,00; R$ 0,00; R$ 0,00; R$ 272.577,96; R$ 4.667.498,35; R$ 0,00; 0.0
 11125002000000; Imposto sobre a Propriedade Predial e Territorial Urbana - Multas e Juros de Mora; Receitas Correntes; Impostos, Taxas e Contribuições de Melhoria; Impostos; Imposto sobre a Propriedade Predial e Territorial Urbana - Multas e Juros de Mora; Impostos sobre o Patrimônio; Imposto sobre a Propriedade Predial e Territorial Urbana; ; Impostos sobre o Patrimônio; Imposto sobre a Propriedade Predial e Territorial Urbana; Não se aplica; Imposto sobre a Propriedade Predial e Territorial Urbana - Multas e Juros de Mora; Arrecadações; SECRETARIA DE ADMINISTRAÇÃO E FINANÇAS; SECRETARIA DE ADMINISTRAÇÃO E FINANÇAS; SECRETARIA DE ADMINISTRAÇÃO E FINANÇAS; R$ 0,00; R$ 0,00; R$ 0,00; R$ 0,00; R$ 2.129,13; R$ 40.659,45; R$ 0,00; 0.0
 11125301000000; Imposto sobre Transmissão Inter Vivos de Bens Imóveis e de Direitos Reais sobre Imóveis - Principal - Rec Ordinario; Receitas Correntes; Impostos, Taxas e Contribuições de Melhoria; Impostos; Imposto sobre Transmissão Inter Vivos de Bens Imóveis e de Direitos Reais sobre Imóveis - Principal - Rec Ordinario; Impostos sobre o Patrimônio; Imposto sobre Transmissão Inter Vivos de Bens Imóveis e de Direitos Reais sobre Imóveis - Principal - Rec Ordinario; ; Impostos sobre o Patrimônio; Imposto sobre Transmissão Inter Vivos de Bens Imóveis e de Direitos Reais sobre Imóveis - Principal - Rec Ordinario; Não se aplica; Imposto sobre Transmissão Inter Vivos de Bens Imóveis e de Direitos Reais sobre Imóveis - Principal - Rec Ordinario; Arrecadações; SECRETARIA DE ADMINISTRAÇÃO E FINANÇAS; SECRETARIA DE ADMINISTRAÇÃO E FINANÇAS; SECRETARIA DE ADMINISTRAÇÃO E FINANÇAS; R$ 0,00; R$ 0,00; R$ 0,00; R$ 0,00; R$ 324.510,78; R$ 4.992.009,13; R$ 0,00; 0.0
 11125002000000; Imposto sobre a Propriedade Predial e Territorial Urbana - Multas e Juros de Mora; Receitas Correntes; Impostos, Taxas e Contribuições de Melhoria; Impostos; Imposto sobre a Propriedade Predial e Territorial Urbana - Multas e Juros de Mora; Impostos sobre o Patrimônio; Imposto sobre a Propriedade Predial e Territorial Urbana; ; Impostos sobre o Patrimônio; Imposto sobre a Propriedade Predial e Territorial Urbana; Não se aplica; Imposto sobre a Propriedade Predial e Territorial Urbana - Multas e Juros de Mora; Arrecadações; SECRETARIA DE ADMINISTRAÇÃO E FINANÇAS; SECRETARIA DE ADMINISTRAÇÃO E FINANÇAS; SECRETARIA DE ADMINISTRAÇÃO E FINANÇAS; R$ 0,00; R$ 0,00; R$ 0,00; R$ 0,00; R$ 1.558,76; R$ 42.218,21; R$ 0,00; 0.0
 11145113000000; Imposto sobre Serviços de Qualquer Natureza - ISSQN - Dívida Ativa; Receitas Correntes; Impostos, Taxas e Contribuições de Melhoria; Impostos; Imposto sobre Serviços de Qualquer Natureza - ISSQN - Dívida Ativa; Impostos sobre Produção, Circulação e Serviços; Impostos sobre Serviços; Imposto sobre Serviços de Qualquer Natureza - ISSQN; Impostos sobre Produção, Circulação e Serviços; Impostos sobre Serviços; Imposto sobre Serviços de Qualquer Natureza - ISSQN; Imposto sobre Serviços de Qualquer Natureza - ISSQN - Dívida Ativa; Arrecadações; SECRETARIA DE ADMINISTRAÇÃO E FINANÇAS; SECRETARIA DE ADMINISTRAÇÃO E FINANÇAS; SECRETARIA DE ADMINISTRAÇÃO E FINANÇAS; R$ 8.227,00; R$ 8.227,00; R$ 0,00; R$ 0,00; R$ 1.039,78; R$ 1.039,78; R$ 8.227,00; 12.64
 11125001000000; Imposto sobre a Propriedade Predial e Territorial Urbana - Principal; Receitas Correntes; Impostos, Taxas e Contribuições de Melhoria; Impostos; Imposto sobre a Propriedade Predial e Territorial Urbana - Principal; Impostos sobre o Patrimônio; Imposto sobre a Propriedade Predial e Territorial Urbana; ; Impostos sobre o Patrimônio; Imposto sobre a Propriedade Predial e Territorial Urbana; Não se aplica; Imposto sobre a Propriedade Predial e Territorial Urbana - Principal; Arrecadações; SECRETARIA DE ADMINISTRAÇÃO E FINANÇAS; SECRETARIA DE ADMINISTRAÇÃO E FINANÇAS; SECRETARIA DE ADMINISTRAÇÃO E FINANÇAS; R$ 7.264.287,00; R$ 7.264.287,00; R$ 0,00; R$ 0,00; R$ 3.248.274,01; R$ 3.248.274,01; R$ 7.264.287,00; 44.72
 11225303000000; TPS Limpeza Pública e Manejo de Resíduos Sólidos - Dívida Ativa; Receitas Correntes; Impostos, Taxas e Contribuições de Melhoria; Taxas; TPS Limpeza Pública e Manejo de Resíduos Sólidos - Dívida Ativa; Taxas pela Prestação de Serviços; TPS Limpeza Pública e Manejo de Resíduos Sólidos; ; Taxas pela Prestação de Serviços; TPS Limpeza Pública e Manejo de Resíduos Sólidos; Não se aplica; TPS Limpeza Pública e Manejo de Resíduos Sólidos - Dívida Ativa; Arrecadações; SECRETARIA DE ADMINISTRAÇÃO E FINANÇAS; SECRETARIA DE ADMINISTRAÇÃO E FINANÇAS; SECRETARIA DE ADMINISTRAÇÃO E FINANÇAS; R$ 129.600,00; R$ 129.600,00; R$ 0,00; R$ 0,00; R$ 0,00; R$ 0,00; R$ 129.600,00; 0.0
 11125004000000; Imposto sobre a Propriedade Predial e Territorial Urbana - Dívida Ativa - Multas e Juros de Mora da Dívida Ativa; Receitas Correntes; Impostos, Taxas e Contribuições de Melhoria; Impostos; Imposto sobre a Propriedade Predial e Territorial Urbana - Dívida Ativa - Multas e Juros de Mora da Dívida Ativa; Impostos sobre o Patrimônio; Imposto sobre a Propriedade Predial e Territorial Urbana; ; Impostos sobre o Patrimônio; Imposto sobre a Propriedade Predial e Territorial Urbana; Não se aplica; Imposto sobre a Propriedade Predial e Territorial Urbana - Dívida Ativa - Multas e Juros de Mora da Dívida Ativa; Arrecadações; SECRETARIA DE ADMINISTRAÇÃO E FINANÇAS; SECRETARIA DE ADMINISTRAÇÃO E FINANÇAS; SECRETARIA DE ADMINISTRAÇÃO E FINANÇAS; R$ 229.197,00; R$ 229.197,00; R$ 0,00; R$ 0,00; R$ 76.646,29; R$ 76.646,29; R$ 229.197,00; 33.44
 11225302000000; TPS Limpeza Pública e Manejo de Resíduos Sólidos - Multas e Juros; Receitas Correntes; Impostos, Taxas e Contribuições de Melhoria; Taxas; TPS Limpeza Pública e Manejo de Resíduos Sólidos - Multas e Juros; Taxas pela Prestação de Serviços; TPS Limpeza Pública e Manejo de Resíduos Sólidos; ; Taxas pela Prestação de Serviços; TPS Limpeza Pública e Manejo de Resíduos Sólidos; Não se aplica; TPS Limpeza Pública e Manejo de Resíduos Sólidos - Multas e Juros; Arrecadações; SECRETARIA DE ADMINISTRAÇÃO E FINANÇAS; SECRETARIA DE ADMINISTRAÇÃO E FINANÇAS; SECRETARIA DE ADMINISTRAÇÃO E FINANÇAS; R$ 12.960,00; R$ 12.960,00; R$ 0,00; R$ 0,00; R$ 0,00; R$ 0,00; R$ 12.960,00; 0.0
 11220101990000; TPS - Taxa de Prestação de Serviços - Outras; Receitas Correntes; Impostos, Taxas e Contribuições de Melhoria; Taxas; Taxas pela Prestação de Serviços em Geral - Principal; Taxas pela Prestação de Serviços; Taxas pela Prestação de Serviços; ; Taxas pela Prestação de Serviços; Taxas pela Prestação de Serviços; Não se aplica; TPS - Taxa de Prestação de Serviços - Outras; Arrecadações; SECRETARIA DE ADMINISTRAÇÃO E FINANÇAS; SECRETARIA DE ADMINISTRAÇÃO E FINANÇAS; SECRETARIA DE ADMINISTRAÇÃO E FINANÇAS; R$ 60.274,00; R$ 60.274,00; R$ 0,00; R$ 0,00; R$ 283.570,48; R$ 283.570,48; R$ 60.274,00; 470.47
 19991221000000; Ônus de Sucumbência - Principal; Receitas Correntes; Outras Receitas Correntes; Demais Receitas Correntes; Ônus de Sucumbência - Principal; Outras Receitas Correntes; Encargos Legais pela Inscrição em Dívida Ativa e Receitas de Ônus de Sucumbência; Ônus de Sucumbência; Outras Receitas Correntes; Encargos Legais pela Inscrição em Dívida Ativa e Receitas de Ônus de Sucumbência; Ônus de Sucumbência; Ônus de Sucumbência - Principal; Arrecadações; SECRETARIA DE ADMINISTRAÇÃO E FINANÇAS; SECRETARIA DE ADMINISTRAÇÃO E FINANÇAS; SECRETARIA DE ADMINISTRAÇÃO E FINANÇAS; R$ 110.185,00; R$ 110.185,00; R$ 0,00; R$ 0,00; R$ 11.590,31; R$ 11.590,31; R$ 110.185,00; 10.52
 11220103000000; Taxas pela Prestação de Serviços em Geral - Dívida Ativa; Receitas Correntes; Impostos, Taxas e Contribuições de Melhoria; Taxas; Taxas pela Prestação de Serviços em Geral - Dívida Ativa; Taxas pela Prestação de Serviços; Taxas pela Prestação de Serviços; ; Taxas pela Prestação de Serviços; Taxas pela Prestação de Serviços; Não se aplica; Taxas pela Prestação de Serviços em Geral - Dívida Ativa; Arrecadações; SECRETARIA DE ADMINISTRAÇÃO E FINANÇAS; SECRETARIA DE ADMINISTRAÇÃO E FINANÇAS; SECRETARIA DE ADMINISTRAÇÃO E FINANÇAS; R$ 442.661,00; R$ 442.661,00; R$ 0,00; R$ 0,00; R$ 11.031,93; R$ 11.031,93; R$ 442.661,00; 2.49
 11125003000000; Imposto sobre a Propriedade Predial e Territorial Urbana - Dívida Ativa; Receitas Correntes; Impostos, Taxas e Contribuições de Melhoria; Impostos; Imposto sobre a Propriedade Predial e Territorial Urbana - Dívida Ativa; Impostos sobre o Patrimônio; Imposto sobre a Propriedade Predial e Territorial Urbana; ; Impostos sobre o Patrimônio; Imposto sobre a Propriedade Predial e Territorial Urbana; Não se aplica; Imposto sobre a Propriedade Predial e Territorial Urbana - Dívida Ativa; Arrecadações; SECRETARIA DE ADMINISTRAÇÃO E FINANÇAS; SECRETARIA DE ADMINISTRAÇÃO E FINANÇAS; SECRETARIA DE ADMINISTRAÇÃO E FINANÇAS; R$ 1.345.479,00; R$ 1.345.479,00; R$ 0,00; R$ 0,00; R$ 126.472,09; R$ 126.472,09; R$ 1.345.479,00; 9.4
 11220104000000; Taxas pela Prestação de Serviços em Geral - Dívida Ativa - Multas e Juros de Mora da Dívida Ativa; Receitas Correntes; Impostos, Taxas e Contribuições de Melhoria; Taxas; Taxas pela Prestação de Serviços em Geral - Dívida Ativa - Multas e Juros de Mora da Dívida Ativa; Taxas pela Prestação de Serviços; Taxas pela Prestação de Serviços; ; Taxas pela Prestação de Serviços; Taxas pela Prestação de Serviços; Não se aplica; Taxas pela Prestação de Serviços em Geral - Dívida Ativa - Multas e Juros de Mora da Dívida Ativa; Arrecadações; SECRETARIA DE ADMINISTRAÇÃO E FINANÇAS; SECRETARIA DE ADMINISTRAÇÃO E FINANÇAS; SECRETARIA DE ADMINISTRAÇÃO E FINANÇAS; R$ 82.120,00; R$ 82.120,00; R$ 0,00; R$ 0,00; R$ 27.233,81; R$ 27.233,81; R$ 82.120,00; 33.16
 11210401000000; Taxa de Controle e Fiscalização Ambiental - Principal; Receitas Correntes; Impostos, Taxas e Contribuições de Melhoria; Taxas; Taxa de Controle e Fiscalização Ambiental - Principal; Taxas pelo Exercício do Poder de Polícia; Taxa de Controle e Fiscalização Ambiental; ; Taxas pelo Exercício do Poder de Polícia; Taxa de Controle e Fiscalização Ambiental; Não se aplica; Taxa de Controle e Fiscalização Ambiental - Principal; Arrecadações; SECRETARIA DE ADMINISTRAÇÃO E FINANÇAS; SECRETARIA DE ADMINISTRAÇÃO E FINANÇAS; SECRETARIA DE ADMINISTRAÇÃO E FINANÇAS; R$ 9.478,00; R$ 9.478,00; R$ 0,00; R$ 0,00; R$ 0,00; R$ 0,00; R$ 9.478,00; 0.0
 11145112000000; Imposto sobre Serviços de Qualquer Natureza - ISSQN - Multas e Juros de Mora; Receitas Correntes; Impostos, Taxas e Contribuições de Melhoria; Impostos; Imposto sobre Serviços de Qualquer Natureza - ISSQN - Multas e Juros de Mora; Impostos sobre Produção, Circulação e Serviços; Impostos sobre Serviços; Imposto sobre Serviços de Qualquer Natureza - ISSQN; Impostos sobre Produção, Circulação e Serviços; Impostos sobre Serviços; Imposto sobre Serviços de Qualquer Natureza - ISSQN; Imposto sobre Serviços de Qualquer Natureza - ISSQN - Multas e Juros de Mora; Arrecadações; SECRETARIA DE ADMINISTRAÇÃO E FINANÇAS; SECRETARIA DE ADMINISTRAÇÃO E FINANÇAS; SECRETARIA DE ADMINISTRAÇÃO E FINANÇAS; R$ 20.226,00; R$ 20.226,00; R$ 0,00; R$ 0,00; R$ 2.482,74; R$ 2.482,74; R$ 20.226,00; 12.27
 11225301010000; TPS - Taxa de Limpeza Pública; Receitas Correntes; Impostos, Taxas e Contribuições de Melhoria; Taxas; TPS Limpeza Pública e Manejo de Resíduos Sólidos - Principal; Taxas pela Prestação de Serviços; TPS Limpeza Pública e Manejo de Resíduos Sólidos; ; Taxas pela Prestação de Serviços; TPS Limpeza Pública e Manejo de Resíduos Sólidos; Não se aplica; TPS - Taxa de Limpeza Pública; Arrecadações; SECRETARIA DE ADMINISTRAÇÃO E FINANÇAS; SECRETARIA DE ADMINISTRAÇÃO E FINANÇAS; SECRETARIA DE ADMINISTRAÇÃO E FINANÇAS; R$ 832.721,00; R$ 832.721,00; R$ 0,00; R$ 0,00; R$ 0,00; R$ 0,00; R$ 832.721,00; 0.0
 11225304000000; TPS Limpeza Pública e Manejo de Resíduos Sólidos - DA Multas e Juros; Receitas Correntes; Impostos, Taxas e Contribuições de Melhoria; Taxas; TPS Limpeza Pública e Manejo de Resíduos Sólidos - DA Multas e Juros; Taxas pela Prestação de Serviços; TPS Limpeza Pública e Manejo de Resíduos Sólidos; ; Taxas pela Prestação de Serviços; TPS Limpeza Pública e Manejo de Resíduos Sólidos; Não se aplica; TPS Limpeza Pública e Manejo de Resíduos Sólidos - DA Multas e Juros; Arrecadações; SECRETARIA DE ADMINISTRAÇÃO E FINANÇAS; SECRETARIA DE ADMINISTRAÇÃO E FINANÇAS; SECRETARIA DE ADMINISTRAÇÃO E FINANÇAS; R$ 41.040,00; R$ 41.040,00; R$ 0,00; R$ 0,00; R$ 0,00; R$ 0,00; R$ 41.040,00; 0.0
 11225301020000; TPS - Taxa de Coleta de Lixo; Receitas Correntes; Impostos, Taxas e Contribuições de Melhoria; Taxas; TPS Limpeza Pública e Manejo de Resíduos Sólidos - Principal; Taxas pela Prestação de Serviços; TPS Limpeza Pública e Manejo de Resíduos Sólidos; ; Taxas pela Prestação de Serviços; TPS Limpeza Pública e Manejo de Resíduos Sólidos; Não se aplica; TPS - Taxa de Coleta de Lixo; Arrecadações; SECRETARIA DE ADMINISTRAÇÃO E FINANÇAS; SECRETARIA DE ADMINISTRAÇÃO E FINANÇAS; SECRETARIA DE ADMINISTRAÇÃO E FINANÇAS; R$ 2.343.890,00; R$ 2.343.890,00; R$ 0,00; R$ 0,00; R$ 0,00; R$ 0,00; R$ 2.343.890,00; 0.0
 11145113000000; Imposto sobre Serviços de Qualquer Natureza - ISSQN - Dívida Ativa; Receitas Correntes; Impostos, Taxas e Contribuições de Melhoria; Impostos; Imposto sobre Serviços de Qualquer Natureza - ISSQN - Dívida Ativa; Impostos sobre Produção, Circulação e Serviços; Impostos sobre Serviços; Imposto sobre Serviços de Qualquer Natureza - ISSQN; Impostos sobre Produção, Circulação e Serviços; Impostos sobre Serviços; Imposto sobre Serviços de Qualquer Natureza - ISSQN; Imposto sobre Serviços de Qualquer Natureza - ISSQN - Dívida Ativa; Arrecadações; SECRETARIA DE ADMINISTRAÇÃO E FINANÇAS; SECRETARIA DE ADMINISTRAÇÃO E FINANÇAS; SECRETARIA DE ADMINISTRAÇÃO E FINANÇAS; R$ 0,00; R$ 0,00; R$ 0,00; R$ 0,00; R$ 2.156,20; R$ 3.195,98; R$ 0,00; 0.0
 11125001000000; Imposto sobre a Propriedade Predial e Territorial Urbana - Principal; Receitas Correntes; Impostos, Taxas e Contribuições de Melhoria; Impostos; Imposto sobre a Propriedade Predial e Territorial Urbana - Principal; Impostos sobre o Patrimônio; Imposto sobre a Propriedade Predial e Territorial Urbana; ; Impostos sobre o Patrimônio; Imposto sobre a Propriedade Predial e Territorial Urbana; Não se aplica; Imposto sobre a Propriedade Predial e Territorial Urbana - Principal; Arrecadações; SECRETARIA DE ADMINISTRAÇÃO E FINANÇAS; SECRETARIA DE ADMINISTRAÇÃO E FINANÇAS; SECRETARIA DE ADMINISTRAÇÃO E FINANÇAS; R$ 0,00; R$ 0,00; R$ 0,00; R$ 0,00; R$ 1.773.786,35; R$ 5.022.060,36; R$ 0,00; 0.0
 11125004000000; Imposto sobre a Propriedade Predial e Territorial Urbana - Dívida Ativa - Multas e Juros de Mora da Dívida Ativa; Receitas Correntes; Impostos, Taxas e Contribuições de Melhoria; Impostos; Imposto sobre a Propriedade Predial e Territorial Urbana - Dívida Ativa - Multas e Juros de Mora da Dívida Ativa; Impostos sobre o Patrimônio; Imposto sobre a Propriedade Predial e Territorial Urbana; ; Impostos sobre o Patrimônio; Imposto sobre a Propriedade Predial e Territorial Urbana; Não se aplica; Imposto sobre a Propriedade Predial e Territorial Urbana - Dívida Ativa - Multas e Juros de Mora da Dívida Ativa; Arrecadações; SECRETARIA DE ADMINISTRAÇÃO E FINANÇAS; SECRETARIA DE ADMINISTRAÇÃO E FINANÇAS; SECRETARIA DE ADMINISTRAÇÃO E FINANÇAS; R$ 0,00; R$ 0,00; R$ 0,00; R$ 0,00; R$ 30.612,18; R$ 107.258,47; R$ 0,00; 0.0
 11220101990000; TPS - Taxa de Prestação de Serviços - Outras; Receitas Correntes; Impostos, Taxas e Contribuições de Melhoria; Taxas; Taxas pela Prestação de Serviços em Geral - Principal; Taxas pela Prestação de Serviços; Taxas pela Prestação de Serviços; ; Taxas pela Prestação de Serviços; Taxas pela Prestação de Serviços; Não se aplica; TPS - Taxa de Prestação de Serviços - Outras; Arrecadações; SECRETARIA DE ADMINISTRAÇÃO E FINANÇAS; SECRETARIA DE ADMINISTRAÇÃO E FINANÇAS; SECRETARIA DE ADMINISTRAÇÃO E FINANÇAS; R$ 0,00; R$ 0,00; R$ 0,00; R$ 0,00; R$ 137.655,63; R$ 421.226,11; R$ 0,00; 0.0
 11125003000000; Imposto sobre a Propriedade Predial e Territorial Urbana - Dívida Ativa; Receitas Correntes; Impostos, Taxas e Contribuições de Melhoria; Impostos; Imposto sobre a Propriedade Predial e Territorial Urbana - Dívida Ativa; Impostos sobre o Patrimônio; Imposto sobre a Propriedade Predial e Territorial Urbana; ; Impostos sobre o Patrimônio; Imposto sobre a Propriedade Predial e Territorial Urbana; Não se aplica; Imposto sobre a Propriedade Predial e Territorial Urbana - Dívida Ativa; Arrecadações; SECRETARIA DE ADMINISTRAÇÃO E FINANÇAS; SECRETARIA DE ADMINISTRAÇÃO E FINANÇAS; SECRETARIA DE ADMINISTRAÇÃO E FINANÇAS; R$ 0,00; R$ 0,00; R$ 0,00; R$ 0,00; R$ 90.286,46; R$ 216.758,55; R$ 0,00; 0.0
 11220104000000; Taxas pela Prestação de Serviços em Geral - Dívida Ativa - Multas e Juros de Mora da Dívida Ativa; Receitas Correntes; Impostos, Taxas e Contribuições de Melhoria; Taxas; Taxas pela Prestação de Serviços em Geral - Dívida Ativa - Multas e Juros de Mora da Dívida Ativa; Taxas pela Prestação de Serviços; Taxas pela Prestação de Serviços; ; Taxas pela Prestação de Serviços; Taxas pela Prestação de Serviços; Não se aplica; Taxas pela Prestação de Serviços em Geral - Dívida Ativa - Multas e Juros de Mora da Dívida Ativa; Arrecadações; SECRETARIA DE ADMINISTRAÇÃO E FINANÇAS; SECRETARIA DE ADMINISTRAÇÃO E FINANÇAS; SECRETARIA DE ADMINISTRAÇÃO E FINANÇAS; R$ 0,00; R$ 0,00; R$ 0,00; R$ 0,00; R$ 32.298,79; R$ 59.532,60; R$ 0,00; 0.0
 11145112000000; Imposto sobre Serviços de Qualquer Natureza - ISSQN - Multas e Juros de Mora; Receitas Correntes; Impostos, Taxas e Contribuições de Melhoria; Impostos; Imposto sobre Serviços de Qualquer Natureza - ISSQN - Multas e Juros de Mora; Impostos sobre Produção, Circulação e Serviços; Impostos sobre Serviços; Imposto sobre Serviços de Qualquer Natureza - ISSQN; Impostos sobre Produção, Circulação e Serviços; Impostos sobre Serviços; Imposto sobre Serviços de Qualquer Natureza - ISSQN; Imposto sobre Serviços de Qualquer Natureza - ISSQN - Multas e Juros de Mora; Arrecadações; SECRETARIA DE ADMINISTRAÇÃO E FINANÇAS; SECRETARIA DE ADMINISTRAÇÃO E FINANÇAS; SECRETARIA DE ADMINISTRAÇÃO E FINANÇAS; R$ 0,00; R$ 0,00; R$ 0,00; R$ 0,00; R$ 3.223,03; R$ 5.705,77; R$ 0,00; 0.0
 11220103000000; Taxas pela Prestação de Serviços em Geral - Dívida Ativa; Receitas Correntes; Impostos, Taxas e Contribuições de Melhoria; Taxas; Taxas pela Prestação de Serviços em Geral - Dívida Ativa; Taxas pela Prestação de Serviços; Taxas pela Prestação de Serviços; ; Taxas pela Prestação de Serviços; Taxas pela Prestação de Serviços; Não se aplica; Taxas pela Prestação de Serviços em Geral - Dívida Ativa; Arrecadações; SECRETARIA DE ADMINISTRAÇÃO E FINANÇAS; SECRETARIA DE ADMINISTRAÇÃO E FINANÇAS; SECRETARIA DE ADMINISTRAÇÃO E FINANÇAS; R$ 0,00; R$ 0,00; R$ 0,00; R$ 0,00; R$ 10.943,71; R$ 21.975,64; R$ 0,00; 0.0
 19991221000000; Ônus de Sucumbência - Principal; Receitas Correntes; Outras Receitas Correntes; Demais Receitas Correntes; Ônus de Sucumbência - Principal; Outras Receitas Correntes; Encargos Legais pela Inscrição em Dívida Ativa e Receitas de Ônus de Sucumbência; Ônus de Sucumbência; Outras Receitas Correntes; Encargos Legais pela Inscrição em Dívida Ativa e Receitas de Ônus de Sucumbência; Ônus de Sucumbência; Ônus de Sucumbência - Principal; Arrecadações; SECRETARIA DE ADMINISTRAÇÃO E FINANÇAS; SECRETARIA DE ADMINISTRAÇÃO E FINANÇAS; SECRETARIA DE ADMINISTRAÇÃO E FINANÇAS; R$ 0,00; R$ 0,00; R$ 0,00; R$ 0,00; R$ 11.726,28; R$ 23.316,59; R$ 0,00; 0.0
 11225302000000; TPS Limpeza Pública e Manejo de Resíduos Sólidos - Multas e Juros; Receitas Correntes; Impostos, Taxas e Contribuições de Melhoria; Taxas; TPS Limpeza Pública e Manejo de Resíduos Sólidos - Multas e Juros; Taxas pela Prestação de Serviços; TPS Limpeza Pública e Manejo de Resíduos Sólidos; ; Taxas pela Prestação de Serviços; TPS Limpeza Pública e Manejo de Resíduos Sólidos; Não se aplica; TPS Limpeza Pública e Manejo de Resíduos Sólidos - Multas e Juros; Arrecadações; SECRETARIA DE ADMINISTRAÇÃO E FINANÇAS; SECRETARIA DE ADMINISTRAÇÃO E FINANÇAS; SECRETARIA DE ADMINISTRAÇÃO E FINANÇAS; R$ 0,00; R$ 0,00; R$ 0,00; R$ 0,00; R$ 189,65; R$ 189,65; R$ 0,00; 0.0
 11225301010000; TPS - Taxa de Limpeza Pública; Receitas Correntes; Impostos, Taxas e Contribuições de Melhoria; Taxas; TPS Limpeza Pública e Manejo de Resíduos Sólidos - Principal; Taxas pela Prestação de Serviços; TPS Limpeza Pública e Manejo de Resíduos Sólidos; ; Taxas pela Prestação de Serviços; TPS Limpeza Pública e Manejo de Resíduos Sólidos; Não se aplica; TPS - Taxa de Limpeza Pública; Arrecadações; SECRETARIA DE ADMINISTRAÇÃO E FINANÇAS; SECRETARIA DE ADMINISTRAÇÃO E FINANÇAS; SECRETARIA DE ADMINISTRAÇÃO E FINANÇAS; R$ 0,00; R$ 0,00; R$ 0,00; R$ 0,00; R$ 2.446,81; R$ 2.446,81; R$ 0,00; 0.0
 11220101990000; TPS - Taxa de Prestação de Serviços - Outras; Receitas Correntes; Impostos, Taxas e Contribuições de Melhoria; Taxas; Taxas pela Prestação de Serviços em Geral - Principal; Taxas pela Prestação de Serviços; Taxas pela Prestação de Serviços; ; Taxas pela Prestação de Serviços; Taxas pela Prestação de Serviços; Não se aplica; TPS - Taxa de Prestação de Serviços - Outras; Arrecadações; SECRETARIA DE ADMINISTRAÇÃO E FINANÇAS; SECRETARIA DE ADMINISTRAÇÃO E FINANÇAS; SECRETARIA DE ADMINISTRAÇÃO E FINANÇAS; R$ 0,00; R$ 0,00; R$ 0,00; R$ 0,00; R$ 13.049,80; R$ 434.275,91; R$ 0,00; 0.0
 11125004000000; Imposto sobre a Propriedade Predial e Territorial Urbana - Dívida Ativa - Multas e Juros de Mora da Dívida Ativa; Receitas Correntes; Impostos, Taxas e Contribuições de Melhoria; Impostos; Imposto sobre a Propriedade Predial e Territorial Urbana - Dívida Ativa - Multas e Juros de Mora da Dívida Ativa; Impostos sobre o Patrimônio; Imposto sobre a Propriedade Predial e Territorial Urbana; ; Impostos sobre o Patrimônio; Imposto sobre a Propriedade Predial e Territorial Urbana; Não se aplica; Imposto sobre a Propriedade Predial e Territorial Urbana - Dívida Ativa - Multas e Juros de Mora da Dívida Ativa; Arrecadações; SECRETARIA DE ADMINISTRAÇÃO E FINANÇAS; SECRETARIA DE ADMINISTRAÇÃO E FINANÇAS; SECRETARIA DE ADMINISTRAÇÃO E FINANÇAS; R$ 0,00; R$ 0,00; R$ 0,00; R$ 0,00; R$ 21.797,23; R$ 129.055,70; R$ 0,00; 0.0
 11220104000000; Taxas pela Prestação de Serviços em Geral - Dívida Ativa - Multas e Juros de Mora da Dívida Ativa; Receitas Correntes; Impostos, Taxas e Contribuições de Melhoria; Taxas; Taxas pela Prestação de Serviços em Geral - Dívida Ativa - Multas e Juros de Mora da Dívida Ativa; Taxas pela Prestação de Serviços; Taxas pela Prestação de Serviços; ; Taxas pela Prestação de Serviços; Taxas pela Prestação de Serviços; Não se aplica; Taxas pela Prestação de Serviços em Geral - Dívida Ativa - Multas e Juros de Mora da Dívida Ativa; Arrecadações; SECRETARIA DE ADMINISTRAÇÃO E FINANÇAS; SECRETARIA DE ADMINISTRAÇÃO E FINANÇAS; SECRETARIA DE ADMINISTRAÇÃO E FINANÇAS; R$ 0,00; R$ 0,00; R$ 0,00; R$ 0,00; R$ 2.671,10; R$ 62.203,70; R$ 0,00; 0.0
 11125001000000; Imposto sobre a Propriedade Predial e Territorial Urbana - Principal; Receitas Correntes; Impostos, Taxas e Contribuições de Melhoria; Impostos; Imposto sobre a Propriedade Predial e Territorial Urbana - Principal; Impostos sobre o Patrimônio; Imposto sobre a Propriedade Predial e Territorial Urbana; ; Impostos sobre o Patrimônio; Imposto sobre a Propriedade Predial e Territorial Urbana; Não se aplica; Imposto sobre a Propriedade Predial e Territorial Urbana - Principal; Arrecadações; SECRETARIA DE ADMINISTRAÇÃO E FINANÇAS; SECRETARIA DE ADMINISTRAÇÃO E FINANÇAS; SECRETARIA DE ADMINISTRAÇÃO E FINANÇAS; R$ 0,00; R$ 0,00; R$ 0,00; R$ 0,00; R$ 211.267,52; R$ 5.233.327,88; R$ 0,00; 0.0
 11145112000000; Imposto sobre Serviços de Qualquer Natureza - ISSQN - Multas e Juros de Mora; Receitas Correntes; Impostos, Taxas e Contribuições de Melhoria; Impostos; Imposto sobre Serviços de Qualquer Natureza - ISSQN - Multas e Juros de Mora; Impostos sobre Produção, Circulação e Serviços; Impostos sobre Serviços; Imposto sobre Serviços de Qualquer Natureza - ISSQN; Impostos sobre Produção, Circulação e Serviços; Impostos sobre Serviços; Imposto sobre Serviços de Qualquer Natureza - ISSQN; Imposto sobre Serviços de Qualquer Natureza - ISSQN - Multas e Juros de Mora; Arrecadações; SECRETARIA DE ADMINISTRAÇÃO E FINANÇAS; SECRETARIA DE ADMINISTRAÇÃO E FINANÇAS; SECRETARIA DE ADMINISTRAÇÃO E FINANÇAS; R$ 0,00; R$ 0,00; R$ 0,00; R$ 0,00; R$ 3.351,55; R$ 9.057,32; R$ 0,00; 0.0
 11225303000000; TPS Limpeza Pública e Manejo de Resíduos Sólidos - Dívida Ativa; Receitas Correntes; Impostos, Taxas e Contribuições de Melhoria; Taxas; TPS Limpeza Pública e Manejo de Resíduos Sólidos - Dívida Ativa; Taxas pela Prestação de Serviços; TPS Limpeza Pública e Manejo de Resíduos Sólidos; ; Taxas pela Prestação de Serviços; TPS Limpeza Pública e Manejo de Resíduos Sólidos; Não se aplica; TPS Limpeza Pública e Manejo de Resíduos Sólidos - Dívida Ativa; Arrecadações; SECRETARIA DE ADMINISTRAÇÃO E FINANÇAS; SECRETARIA DE ADMINISTRAÇÃO E FINANÇAS; SECRETARIA DE ADMINISTRAÇÃO E FINANÇAS; R$ 0,00; R$ 0,00; R$ 0,00; R$ 0,00; R$ 30.502,31; R$ 30.502,31; R$ 0,00; 0.0
 11220103000000; Taxas pela Prestação de Serviços em Geral - Dívida Ativa; Receitas Correntes; Impostos, Taxas e Contribuições de Melhoria; Taxas; Taxas pela Prestação de Serviços em Geral - Dívida Ativa; Taxas pela Prestação de Serviços; Taxas pela Prestação de Serviços; ; Taxas pela Prestação de Serviços; Taxas pela Prestação de Serviços; Não se aplica; Taxas pela Prestação de Serviços em Geral - Dívida Ativa; Arrecadações; SECRETARIA DE ADMINISTRAÇÃO E FINANÇAS; SECRETARIA DE ADMINISTRAÇÃO E FINANÇAS; SECRETARIA DE ADMINISTRAÇÃO E FINANÇAS; R$ 0,00; R$ 0,00; R$ 0,00; R$ 0,00; R$ 14.378,07; R$ 36.353,71; R$ 0,00; 0.0
 11125003000000; Imposto sobre a Propriedade Predial e Territorial Urbana - Dívida Ativa; Receitas Correntes; Impostos, Taxas e Contribuições de Melhoria; Impostos; Imposto sobre a Propriedade Predial e Territorial Urbana - Dívida Ativa; Impostos sobre o Patrimônio; Imposto sobre a Propriedade Predial e Territorial Urbana; ; Impostos sobre o Patrimônio; Imposto sobre a Propriedade Predial e Territorial Urbana; Não se aplica; Imposto sobre a Propriedade Predial e Territorial Urbana - Dívida Ativa; Arrecadações; SECRETARIA DE ADMINISTRAÇÃO E FINANÇAS; SECRETARIA DE ADMINISTRAÇÃO E FINANÇAS; SECRETARIA DE ADMINISTRAÇÃO E FINANÇAS; R$ 0,00; R$ 0,00; R$ 0,00; R$ 0,00; R$ 187.080,00; R$ 403.838,55; R$ 0,00; 0.0
 11225301020000; TPS - Taxa de Coleta de Lixo; Receitas Correntes; Impostos, Taxas e Contribuições de Melhoria; Taxas; TPS Limpeza Pública e Manejo de Resíduos Sólidos - Principal; Taxas pela Prestação de Serviços; TPS Limpeza Pública e Manejo de Resíduos Sólidos; ; Taxas pela Prestação de Serviços; TPS Limpeza Pública e Manejo de Resíduos Sólidos; Não se aplica; TPS - Taxa de Coleta de Lixo; Arrecadações; SECRETARIA DE ADMINISTRAÇÃO E FINANÇAS; SECRETARIA DE ADMINISTRAÇÃO E FINANÇAS; SECRETARIA DE ADMINISTRAÇÃO E FINANÇAS; R$ 0,00; R$ 0,00; R$ 0,00; R$ 0,00; R$ 49.635,61; R$ 49.635,61; R$ 0,00; 0.0
 11210104000000; Taxas de Inspeção, Contr. e Fisc. - DA - Multas e Juros; Receitas Correntes; Impostos, Taxas e Contribuições de Melhoria; Taxas; Taxas de Inspeção, Contr. e Fisc. - DA - Multas e Juros; Taxas pelo Exercício do Poder de Polícia; Taxas de Inspeção, Controle e Fiscalização; ; Taxas pelo Exercício do Poder de Polícia; Taxas de Inspeção, Controle e Fiscalização; Não se aplica; Taxas de Inspeção, Contr. e Fisc. - DA - Multas e Juros; Arrecadações; SECRETARIA DE ADMINISTRAÇÃO E FINANÇAS; SECRETARIA DE ADMINISTRAÇÃO E FINANÇAS; SECRETARIA DE ADMINISTRAÇÃO E FINANÇAS; R$ 753,00; R$ 753,00; R$ 0,00; R$ 0,00; R$ 1.105,37; R$ 1.105,37; R$ 753,00; 146.8
 11210103000000; Taxas de Inspeção, Contr. e Fisc. - Dívida Ativa; Receitas Correntes; Impostos, Taxas e Contribuições de Melhoria; Taxas; Taxas de Inspeção, Contr. e Fisc. - Dívida Ativa; Taxas pelo Exercício do Poder de Polícia; Taxas de Inspeção, Controle e Fiscalização; ; Taxas pelo Exercício do Poder de Polícia; Taxas de Inspeção, Controle e Fiscalização; Não se aplica; Taxas de Inspeção, Contr. e Fisc. - Dívida Ativa; Arrecadações; SECRETARIA DE ADMINISTRAÇÃO E FINANÇAS; SECRETARIA DE ADMINISTRAÇÃO E FINANÇAS; SECRETARIA DE ADMINISTRAÇÃO E FINANÇAS; R$ 1.117,00; R$ 1.117,00; R$ 0,00; R$ 0,00; R$ 4.790,78; R$ 4.790,78; R$ 1.117,00; 428.9
 11210103000000; Taxas de Inspeção, Contr. e Fisc. - Dívida Ativa; Receitas Correntes; Impostos, Taxas e Contribuições de Melhoria; Taxas; Taxas de Inspeção, Contr. e Fisc. - Dívida Ativa; Taxas pelo Exercício do Poder de Polícia; Taxas de Inspeção, Controle e Fiscalização; ; Taxas pelo Exercício do Poder de Polícia; Taxas de Inspeção, Controle e Fiscalização; Não se aplica; Taxas de Inspeção, Contr. e Fisc. - Dívida Ativa; Arrecadações; SECRETARIA DE ADMINISTRAÇÃO E FINANÇAS; SECRETARIA DE ADMINISTRAÇÃO E FINANÇAS; SECRETARIA DE ADMINISTRAÇÃO E FINANÇAS; R$ 0,00; R$ 0,00; R$ 0,00; R$ 0,00; R$ 2.560,00; R$ 7.350,78; R$ 0,00; 0.0
 11210104000000; Taxas de Inspeção, Contr. e Fisc. - DA - Multas e Juros; Receitas Correntes; Impostos, Taxas e Contribuições de Melhoria; Taxas; Taxas de Inspeção, Contr. e Fisc. - DA - Multas e Juros; Taxas pelo Exercício do Poder de Polícia; Taxas de Inspeção, Controle e Fiscalização; ; Taxas pelo Exercício do Poder de Polícia; Taxas de Inspeção, Controle e Fiscalização; Não se aplica; Taxas de Inspeção, Contr. e Fisc. - DA - Multas e Juros; Arrecadações; SECRETARIA DE ADMINISTRAÇÃO E FINANÇAS; SECRETARIA DE ADMINISTRAÇÃO E FINANÇAS; SECRETARIA DE ADMINISTRAÇÃO E FINANÇAS; R$ 0,00; R$ 0,00; R$ 0,00; R$ 0,00; R$ 1.062,14; R$ 2.167,51; R$ 0,00; 0.0
 11210104000000; Taxas de Inspeção, Contr. e Fisc. - DA - Multas e Juros; Receitas Correntes; Impostos, Taxas e Contribuições de Melhoria; Taxas; Taxas de Inspeção, Contr. e Fisc. - DA - Multas e Juros; Taxas pelo Exercício do Poder de Polícia; Taxas de Inspeção, Controle e Fiscalização; ; Taxas pelo Exercício do Poder de Polícia; Taxas de Inspeção, Controle e Fiscalização; Não se aplica; Taxas de Inspeção, Contr. e Fisc. - DA - Multas e Juros; Arrecadações; SECRETARIA DE ADMINISTRAÇÃO E FINANÇAS; SECRETARIA DE ADMINISTRAÇÃO E FINANÇAS; SECRETARIA DE ADMINISTRAÇÃO E FINANÇAS; R$ 0,00; R$ 0,00; R$ 0,00; R$ 0,00; R$ 172,53; R$ 2.340,04; R$ 0,00; 0.0
 11210103000000; Taxas de Inspeção, Contr. e Fisc. - Dívida Ativa; Receitas Correntes; Impostos, Taxas e Contribuições de Melhoria; Taxas; Taxas de Inspeção, Contr. e Fisc. - Dívida Ativa; Taxas pelo Exercício do Poder de Polícia; Taxas de Inspeção, Controle e Fiscalização; ; Taxas pelo Exercício do Poder de Polícia; Taxas de Inspeção, Controle e Fiscalização; Não se aplica; Taxas de Inspeção, Contr. e Fisc. - Dívida Ativa; Arrecadações; SECRETARIA DE ADMINISTRAÇÃO E FINANÇAS; SECRETARIA DE ADMINISTRAÇÃO E FINANÇAS; SECRETARIA DE ADMINISTRAÇÃO E FINANÇAS; R$ 0,00; R$ 0,00; R$ 0,00; R$ 0,00; R$ 1.331,27; R$ 8.682,05; R$ 0,00; 0.0
 11210103000000; Taxas de Inspeção, Contr. e Fisc. - Dívida Ativa; Receitas Correntes; Impostos, Taxas e Contribuições de Melhoria; Taxas; Taxas de Inspeção, Contr. e Fisc. - Dívida Ativa; Taxas pelo Exercício do Poder de Polícia; Taxas de Inspeção, Controle e Fiscalização; ; Taxas pelo Exercício do Poder de Polícia; Taxas de Inspeção, Controle e Fiscalização; Não se aplica; Taxas de Inspeção, Contr. e Fisc. - Dívida Ativa; Arrecadações; SECRETARIA DE ADMINISTRAÇÃO E FINANÇAS; SECRETARIA DE ADMINISTRAÇÃO E FINANÇAS; SECRETARIA DE ADMINISTRAÇÃO E FINANÇAS; R$ 0,00; R$ 0,00; R$ 0,00; R$ 0,00; R$ 1.865,47; R$ 10.547,52; R$ 0,00; 0.0
 11210104000000; Taxas de Inspeção, Contr. e Fisc. - DA - Multas e Juros; Receitas Correntes; Impostos, Taxas e Contribuições de Melhoria; Taxas; Taxas de Inspeção, Contr. e Fisc. - DA - Multas e Juros; Taxas pelo Exercício do Poder de Polícia; Taxas de Inspeção, Controle e Fiscalização; ; Taxas pelo Exercício do Poder de Polícia; Taxas de Inspeção, Controle e Fiscalização; Não se aplica; Taxas de Inspeção, Contr. e Fisc. - DA - Multas e Juros; Arrecadações; SECRETARIA DE ADMINISTRAÇÃO E FINANÇAS; SECRETARIA DE ADMINISTRAÇÃO E FINANÇAS; SECRETARIA DE ADMINISTRAÇÃO E FINANÇAS; R$ 0,00; R$ 0,00; R$ 0,00; R$ 0,00; R$ 82,29; R$ 2.422,33; R$ 0,00; 0.0
 11210103000000; Taxas de Inspeção, Contr. e Fisc. - Dívida Ativa; Receitas Correntes; Impostos, Taxas e Contribuições de Melhoria; Taxas; Taxas de Inspeção, Contr. e Fisc. - Dívida Ativa; Taxas pelo Exercício do Poder de Polícia; Taxas de Inspeção, Controle e Fiscalização; ; Taxas pelo Exercício do Poder de Polícia; Taxas de Inspeção, Controle e Fiscalização; Não se aplica; Taxas de Inspeção, Contr. e Fisc. - Dívida Ativa; Arrecadações; SECRETARIA DE ADMINISTRAÇÃO E FINANÇAS; SECRETARIA DE ADMINISTRAÇÃO E FINANÇAS; SECRETARIA DE ADMINISTRAÇÃO E FINANÇAS; R$ 0,00; R$ 0,00; R$ 0,00; R$ 0,00; R$ 495,68; R$ 11.043,20; R$ 0,00; 0.0
 11210104000000; Taxas de Inspeção, Contr. e Fisc. - DA - Multas e Juros; Receitas Correntes; Impostos, Taxas e Contribuições de Melhoria; Taxas; Taxas de Inspeção, Contr. e Fisc. - DA - Multas e Juros; Taxas pelo Exercício do Poder de Polícia; Taxas de Inspeção, Controle e Fiscalização; ; Taxas pelo Exercício do Poder de Polícia; Taxas de Inspeção, Controle e Fiscalização; Não se aplica; Taxas de Inspeção, Contr. e Fisc. - DA - Multas e Juros; Arrecadações; SECRETARIA DE ADMINISTRAÇÃO E FINANÇAS; SECRETARIA DE ADMINISTRAÇÃO E FINANÇAS; SECRETARIA DE ADMINISTRAÇÃO E FINANÇAS; R$ 0,00; R$ 0,00; R$ 0,00; R$ 0,00; R$ 81,89; R$ 2.504,22; R$ 0,00; 0.0
 11210104000000; Taxas de Inspeção, Contr. e Fisc. - DA - Multas e Juros; Receitas Correntes; Impostos, Taxas e Contribuições de Melhoria; Taxas; Taxas de Inspeção, Contr. e Fisc. - DA - Multas e Juros; Taxas pelo Exercício do Poder de Polícia; Taxas de Inspeção, Controle e Fiscalização; ; Taxas pelo Exercício do Poder de Polícia; Taxas de Inspeção, Controle e Fiscalização; Não se aplica; Taxas de Inspeção, Contr. e Fisc. - DA - Multas e Juros; Arrecadações; SECRETARIA DE ADMINISTRAÇÃO E FINANÇAS; SECRETARIA DE ADMINISTRAÇÃO E FINANÇAS; SECRETARIA DE ADMINISTRAÇÃO E FINANÇAS; R$ 0,00; R$ 0,00; R$ 0,00; R$ 0,00; R$ 80,59; R$ 2.584,81; R$ 0,00; 0.0
 11210103000000; Taxas de Inspeção, Contr. e Fisc. - Dívida Ativa; Receitas Correntes; Impostos, Taxas e Contribuições de Melhoria; Taxas; Taxas de Inspeção, Contr. e Fisc. - Dívida Ativa; Taxas pelo Exercício do Poder de Polícia; Taxas de Inspeção, Controle e Fiscalização; ; Taxas pelo Exercício do Poder de Polícia; Taxas de Inspeção, Controle e Fiscalização; Não se aplica; Taxas de Inspeção, Contr. e Fisc. - Dívida Ativa; Arrecadações; SECRETARIA DE ADMINISTRAÇÃO E FINANÇAS; SECRETARIA DE ADMINISTRAÇÃO E FINANÇAS; SECRETARIA DE ADMINISTRAÇÃO E FINANÇAS; R$ 0,00; R$ 0,00; R$ 0,00; R$ 0,00; R$ 1.369,81; R$ 12.413,01; R$ 0,00; 0.0
 11210103000000; Taxas de Inspeção, Contr. e Fisc. - Dívida Ativa; Receitas Correntes; Impostos, Taxas e Contribuições de Melhoria; Taxas; Taxas de Inspeção, Contr. e Fisc. - Dívida Ativa; Taxas pelo Exercício do Poder de Polícia; Taxas de Inspeção, Controle e Fiscalização; ; Taxas pelo Exercício do Poder de Polícia; Taxas de Inspeção, Controle e Fiscalização; Não se aplica; Taxas de Inspeção, Contr. e Fisc. - Dívida Ativa; Arrecadações; SECRETARIA DE ADMINISTRAÇÃO E FINANÇAS; SECRETARIA DE ADMINISTRAÇÃO E FINANÇAS; SECRETARIA DE ADMINISTRAÇÃO E FINANÇAS; R$ 0,00; R$ 0,00; R$ 0,00; R$ 0,00; R$ 660,52; R$ 13.073,53; R$ 0,00; 0.0
 11210104000000; Taxas de Inspeção, Contr. e Fisc. - DA - Multas e Juros; Receitas Correntes; Impostos, Taxas e Contribuições de Melhoria; Taxas; Taxas de Inspeção, Contr. e Fisc. - DA - Multas e Juros; Taxas pelo Exercício do Poder de Polícia; Taxas de Inspeção, Controle e Fiscalização; ; Taxas pelo Exercício do Poder de Polícia; Taxas de Inspeção, Controle e Fiscalização; Não se aplica; Taxas de Inspeção, Contr. e Fisc. - DA - Multas e Juros; Arrecadações; SECRETARIA DE ADMINISTRAÇÃO E FINANÇAS; SECRETARIA DE ADMINISTRAÇÃO E FINANÇAS; SECRETARIA DE ADMINISTRAÇÃO E FINANÇAS; R$ 0,00; R$ 0,00; R$ 0,00; R$ 0,00; R$ 238,23; R$ 2.823,04; R$ 0,00; 0.0
 11210103000000; Taxas de Inspeção, Contr. e Fisc. - Dívida Ativa; Receitas Correntes; Impostos, Taxas e Contribuições de Melhoria; Taxas; Taxas de Inspeção, Contr. e Fisc. - Dívida Ativa; Taxas pelo Exercício do Poder de Polícia; Taxas de Inspeção, Controle e Fiscalização; ; Taxas pelo Exercício do Poder de Polícia; Taxas de Inspeção, Controle e Fiscalização; Não se aplica; Taxas de Inspeção, Contr. e Fisc. - Dívida Ativa; Arrecadações; SECRETARIA DE ADMINISTRAÇÃO E FINANÇAS; SECRETARIA DE ADMINISTRAÇÃO E FINANÇAS; SECRETARIA DE ADMINISTRAÇÃO E FINANÇAS; R$ 0,00; R$ 0,00; R$ 0,00; R$ 0,00; R$ 1.249,08; R$ 14.322,61; R$ 0,00; 0.0
 11210104000000; Taxas de Inspeção, Contr. e Fisc. - DA - Multas e Juros; Receitas Correntes; Impostos, Taxas e Contribuições de Melhoria; Taxas; Taxas de Inspeção, Contr. e Fisc. - DA - Multas e Juros; Taxas pelo Exercício do Poder de Polícia; Taxas de Inspeção, Controle e Fiscalização; ; Taxas pelo Exercício do Poder de Polícia; Taxas de Inspeção, Controle e Fiscalização; Não se aplica; Taxas de Inspeção, Contr. e Fisc. - DA - Multas e Juros; Arrecadações; SECRETARIA DE ADMINISTRAÇÃO E FINANÇAS; SECRETARIA DE ADMINISTRAÇÃO E FINANÇAS; SECRETARIA DE ADMINISTRAÇÃO E FINANÇAS; R$ 0,00; R$ 0,00; R$ 0,00; R$ 0,00; R$ 53,95; R$ 2.876,99; R$ 0,00; 0.0
 11210103000000; Taxas de Inspeção, Contr. e Fisc. - Dívida Ativa; Receitas Correntes; Impostos, Taxas e Contribuições de Melhoria; Taxas; Taxas de Inspeção, Contr. e Fisc. - Dívida Ativa; Taxas pelo Exercício do Poder de Polícia; Taxas de Inspeção, Controle e Fiscalização; ; Taxas pelo Exercício do Poder de Polícia; Taxas de Inspeção, Controle e Fiscalização; Não se aplica; Taxas de Inspeção, Contr. e Fisc. - Dívida Ativa; Arrecadações; SECRETARIA DE ADMINISTRAÇÃO E FINANÇAS; SECRETARIA DE ADMINISTRAÇÃO E FINANÇAS; SECRETARIA DE ADMINISTRAÇÃO E FINANÇAS; R$ 0,00; R$ 0,00; R$ 0,00; R$ 0,00; R$ 1.600,58; R$ 15.923,19; R$ 0,00; 0.0
 11210104000000; Taxas de Inspeção, Contr. e Fisc. - DA - Multas e Juros; Receitas Correntes; Impostos, Taxas e Contribuições de Melhoria; Taxas; Taxas de Inspeção, Contr. e Fisc. - DA - Multas e Juros; Taxas pelo Exercício do Poder de Polícia; Taxas de Inspeção, Controle e Fiscalização; ; Taxas pelo Exercício do Poder de Polícia; Taxas de Inspeção, Controle e Fiscalização; Não se aplica; Taxas de Inspeção, Contr. e Fisc. - DA - Multas e Juros; Arrecadações; SECRETARIA DE ADMINISTRAÇÃO E FINANÇAS; SECRETARIA DE ADMINISTRAÇÃO E FINANÇAS; SECRETARIA DE ADMINISTRAÇÃO E FINANÇAS; R$ 0,00; R$ 0,00; R$ 0,00; R$ 0,00; R$ 127,11; R$ 3.004,10; R$ 0,00; 0.0
 11210104000000; Taxas de Inspeção, Contr. e Fisc. - DA - Multas e Juros; Receitas Correntes; Impostos, Taxas e Contribuições de Melhoria; Taxas; Taxas de Inspeção, Contr. e Fisc. - DA - Multas e Juros; Taxas pelo Exercício do Poder de Polícia; Taxas de Inspeção, Controle e Fiscalização; ; Taxas pelo Exercício do Poder de Polícia; Taxas de Inspeção, Controle e Fiscalização; Não se aplica; Taxas de Inspeção, Contr. e Fisc. - DA - Multas e Juros; Arrecadações; SECRETARIA DE ADMINISTRAÇÃO E FINANÇAS; SECRETARIA DE ADMINISTRAÇÃO E FINANÇAS; SECRETARIA DE ADMINISTRAÇÃO E FINANÇAS; R$ 0,00; R$ 0,00; R$ 0,00; R$ 0,00; R$ 2,30; R$ 3.006,40; R$ 0,00; 0.0
 11210103000000; Taxas de Inspeção, Contr. e Fisc. - Dívida Ativa; Receitas Correntes; Impostos, Taxas e Contribuições de Melhoria; Taxas; Taxas de Inspeção, Contr. e Fisc. - Dívida Ativa; Taxas pelo Exercício do Poder de Polícia; Taxas de Inspeção, Controle e Fiscalização; ; Taxas pelo Exercício do Poder de Polícia; Taxas de Inspeção, Controle e Fiscalização; Não se aplica; Taxas de Inspeção, Contr. e Fisc. - Dívida Ativa; Arrecadações; SECRETARIA DE ADMINISTRAÇÃO E FINANÇAS; SECRETARIA DE ADMINISTRAÇÃO E FINANÇAS; SECRETARIA DE ADMINISTRAÇÃO E FINANÇAS; R$ 0,00; R$ 0,00; R$ 0,00; R$ 0,00; R$ 344,13; R$ 16.267,32; R$ 0,00; 0.0
 11210104000000; Taxas de Inspeção, Contr. e Fisc. - DA - Multas e Juros; Receitas Correntes; Impostos, Taxas e Contribuições de Melhoria; Taxas; Taxas de Inspeção, Contr. e Fisc. - DA - Multas e Juros; Taxas pelo Exercício do Poder de Polícia; Taxas de Inspeção, Controle e Fiscalização; ; Taxas pelo Exercício do Poder de Polícia; Taxas de Inspeção, Controle e Fiscalização; Não se aplica; Taxas de Inspeção, Contr. e Fisc. - DA - Multas e Juros; Arrecadações; SECRETARIA DE ADMINISTRAÇÃO E FINANÇAS; SECRETARIA DE ADMINISTRAÇÃO E FINANÇAS; SECRETARIA DE ADMINISTRAÇÃO E FINANÇAS; R$ 0,00; R$ 0,00; R$ 0,00; R$ 0,00; R$ 427,83; R$ 3.434,23; R$ 0,00; 0.0
 11210103000000; Taxas de Inspeção, Contr. e Fisc. - Dívida Ativa; Receitas Correntes; Impostos, Taxas e Contribuições de Melhoria; Taxas; Taxas de Inspeção, Contr. e Fisc. - Dívida Ativa; Taxas pelo Exercício do Poder de Polícia; Taxas de Inspeção, Controle e Fiscalização; ; Taxas pelo Exercício do Poder de Polícia; Taxas de Inspeção, Controle e Fiscalização; Não se aplica; Taxas de Inspeção, Contr. e Fisc. - Dívida Ativa; Arrecadações; SECRETARIA DE ADMINISTRAÇÃO E FINANÇAS; SECRETARIA DE ADMINISTRAÇÃO E FINANÇAS; SECRETARIA DE ADMINISTRAÇÃO E FINANÇAS; R$ 0,00; R$ 0,00; R$ 0,00; R$ 0,00; R$ 1.376,50; R$ 17.643,82; R$ 0,00; 0.0
 11210104000000; Taxas de Inspeção, Contr. e Fisc. - DA - Multas e Juros; Receitas Correntes; Impostos, Taxas e Contribuições de Melhoria; Taxas; Taxas de Inspeção, Contr. e Fisc. - DA - Multas e Juros; Taxas pelo Exercício do Poder de Polícia; Taxas de Inspeção, Controle e Fiscalização; ; Taxas pelo Exercício do Poder de Polícia; Taxas de Inspeção, Controle e Fiscalização; Não se aplica; Taxas de Inspeção, Contr. e Fisc. - DA - Multas e Juros; Arrecadações; SECRETARIA DE ADMINISTRAÇÃO E FINANÇAS; SECRETARIA DE ADMINISTRAÇÃO E FINANÇAS; SECRETARIA DE ADMINISTRAÇÃO E FINANÇAS; R$ 0,00; R$ 0,00; R$ 0,00; R$ 0,00; R$ 13,60; R$ 3.447,83; R$ 0,00; 0.0
 11210103000000; Taxas de Inspeção, Contr. e Fisc. - Dívida Ativa; Receitas Correntes; Impostos, Taxas e Contribuições de Melhoria; Taxas; Taxas de Inspeção, Contr. e Fisc. - Dívida Ativa; Taxas pelo Exercício do Poder de Polícia; Taxas de Inspeção, Controle e Fiscalização; ; Taxas pelo Exercício do Poder de Polícia; Taxas de Inspeção, Controle e Fiscalização; Não se aplica; Taxas de Inspeção, Contr. e Fisc. - Dívida Ativa; Arrecadações; SECRETARIA DE ADMINISTRAÇÃO E FINANÇAS; SECRETARIA DE ADMINISTRAÇÃO E FINANÇAS; SECRETARIA DE ADMINISTRAÇÃO E FINANÇAS; R$ 0,00; R$ 0,00; R$ 0,00; R$ 0,00; R$ 823,75; R$ 18.467,57; R$ 0,00; 0.0
 11210101030000; TPP - Tx Corpo de Bombeiros; Receitas Correntes; Impostos, Taxas e Contribuições de Melhoria; Taxas; Taxas de Inspeção; Taxas pelo Exercício do Poder de Polícia; Taxas de Inspeção, Controle e Fiscalização; ; Taxas pelo Exercício do Poder de Polícia; Taxas de Inspeção, Controle e Fiscalização; Não se aplica; TPP - Tx Corpo de Bombeiros; Arrecadações; SECRETARIA DE ADMINISTRAÇÃO E FINANÇAS; SECRETARIA DE ADMINISTRAÇÃO E FINANÇAS; SECRETARIA DE ADMINISTRAÇÃO E FINANÇAS; R$ 146.096,00; R$ 146.096,00; R$ 0,00; R$ 0,00; R$ 12.035,34; R$ 12.035,34; R$ 146.096,00; 8.24
 11210101030000; TPP - Tx Corpo de Bombeiros; Receitas Correntes; Impostos, Taxas e Contribuições de Melhoria; Taxas; Taxas de Inspeção; Taxas pelo Exercício do Poder de Polícia; Taxas de Inspeção, Controle e Fiscalização; ; Taxas pelo Exercício do Poder de Polícia; Taxas de Inspeção, Controle e Fiscalização; Não se aplica; TPP - Tx Corpo de Bombeiros; Arrecadações; SECRETARIA DE ADMINISTRAÇÃO E FINANÇAS; SECRETARIA DE ADMINISTRAÇÃO E FINANÇAS; SECRETARIA DE ADMINISTRAÇÃO E FINANÇAS; R$ 0,00; R$ 0,00; R$ 0,00; R$ 0,00; R$ 11.967,61; R$ 24.002,95; R$ 0,00; 0.0
 11210101030000; TPP - Tx Corpo de Bombeiros; Receitas Correntes; Impostos, Taxas e Contribuições de Melhoria; Taxas; Taxas de Inspeção; Taxas pelo Exercício do Poder de Polícia; Taxas de Inspeção, Controle e Fiscalização; ; Taxas pelo Exercício do Poder de Polícia; Taxas de Inspeção, Controle e Fiscalização; Não se aplica; TPP - Tx Corpo de Bombeiros; Arrecadações; SECRETARIA DE ADMINISTRAÇÃO E FINANÇAS; SECRETARIA DE ADMINISTRAÇÃO E FINANÇAS; SECRETARIA DE ADMINISTRAÇÃO E FINANÇAS; R$ 0,00; R$ 0,00; R$ 0,00; R$ 0,00; R$ 6.313,39; R$ 30.316,34; R$ 0,00; 0.0
 11210101030000; TPP - Tx Corpo de Bombeiros; Receitas Correntes; Impostos, Taxas e Contribuições de Melhoria; Taxas; Taxas de Inspeção; Taxas pelo Exercício do Poder de Polícia; Taxas de Inspeção, Controle e Fiscalização; ; Taxas pelo Exercício do Poder de Polícia; Taxas de Inspeção, Controle e Fiscalização; Não se aplica; TPP - Tx Corpo de Bombeiros; Arrecadações; SECRETARIA DE ADMINISTRAÇÃO E FINANÇAS; SECRETARIA DE ADMINISTRAÇÃO E FINANÇAS; SECRETARIA DE ADMINISTRAÇÃO E FINANÇAS; R$ 0,00; R$ 0,00; R$ 0,00; R$ 0,00; R$ 5.013,61; R$ 35.329,95; R$ 0,00; 0.0
 11210101030000; TPP - Tx Corpo de Bombeiros; Receitas Correntes; Impostos, Taxas e Contribuições de Melhoria; Taxas; Taxas de Inspeção; Taxas pelo Exercício do Poder de Polícia; Taxas de Inspeção, Controle e Fiscalização; ; Taxas pelo Exercício do Poder de Polícia; Taxas de Inspeção, Controle e Fiscalização; Não se aplica; TPP - Tx Corpo de Bombeiros; Arrecadações; SECRETARIA DE ADMINISTRAÇÃO E FINANÇAS; SECRETARIA DE ADMINISTRAÇÃO E FINANÇAS; SECRETARIA DE ADMINISTRAÇÃO E FINANÇAS; R$ 0,00; R$ 0,00; R$ 0,00; R$ 0,00; R$ 6.271,43; R$ 41.601,38; R$ 0,00; 0.0
 11210101030000; TPP - Tx Corpo de Bombeiros; Receitas Correntes; Impostos, Taxas e Contribuições de Melhoria; Taxas; Taxas de Inspeção; Taxas pelo Exercício do Poder de Polícia; Taxas de Inspeção, Controle e Fiscalização; ; Taxas pelo Exercício do Poder de Polícia; Taxas de Inspeção, Controle e Fiscalização; Não se aplica; TPP - Tx Corpo de Bombeiros; Arrecadações; SECRETARIA DE ADMINISTRAÇÃO E FINANÇAS; SECRETARIA DE ADMINISTRAÇÃO E FINANÇAS; SECRETARIA DE ADMINISTRAÇÃO E FINANÇAS; R$ 0,00; R$ 0,00; R$ 0,00; R$ 0,00; R$ 5.163,96; R$ 46.765,34; R$ 0,00; 0.0
 11210101030000; TPP - Tx Corpo de Bombeiros; Receitas Correntes; Impostos, Taxas e Contribuições de Melhoria; Taxas; Taxas de Inspeção; Taxas pelo Exercício do Poder de Polícia; Taxas de Inspeção, Controle e Fiscalização; ; Taxas pelo Exercício do Poder de Polícia; Taxas de Inspeção, Controle e Fiscalização; Não se aplica; TPP - Tx Corpo de Bombeiros; Arrecadações; SECRETARIA DE ADMINISTRAÇÃO E FINANÇAS; SECRETARIA DE ADMINISTRAÇÃO E FINANÇAS; SECRETARIA DE ADMINISTRAÇÃO E FINANÇAS; R$ 0,00; R$ 0,00; R$ 0,00; R$ 0,00; R$ 4.938,84; R$ 51.704,18; R$ 0,00; 0.0
 11210101030000; TPP - Tx Corpo de Bombeiros; Receitas Correntes; Impostos, Taxas e Contribuições de Melhoria; Taxas; Taxas de Inspeção; Taxas pelo Exercício do Poder de Polícia; Taxas de Inspeção, Controle e Fiscalização; ; Taxas pelo Exercício do Poder de Polícia; Taxas de Inspeção, Controle e Fiscalização; Não se aplica; TPP - Tx Corpo de Bombeiros; Arrecadações; SECRETARIA DE ADMINISTRAÇÃO E FINANÇAS; SECRETARIA DE ADMINISTRAÇÃO E FINANÇAS; SECRETARIA DE ADMINISTRAÇÃO E FINANÇAS; R$ 0,00; R$ 0,00; R$ 0,00; R$ 0,00; R$ 6.535,67; R$ 58.239,85; R$ 0,00; 0.0
 11210101030000; TPP - Tx Corpo de Bombeiros; Receitas Correntes; Impostos, Taxas e Contribuições de Melhoria; Taxas; Taxas de Inspeção; Taxas pelo Exercício do Poder de Polícia; Taxas de Inspeção, Controle e Fiscalização; ; Taxas pelo Exercício do Poder de Polícia; Taxas de Inspeção, Controle e Fiscalização; Não se aplica; TPP - Tx Corpo de Bombeiros; Arrecadações; SECRETARIA DE ADMINISTRAÇÃO E FINANÇAS; SECRETARIA DE ADMINISTRAÇÃO E FINANÇAS; SECRETARIA DE ADMINISTRAÇÃO E FINANÇAS; R$ 0,00; R$ 0,00; R$ 0,00; R$ 0,00; R$ 9.171,26; R$ 67.411,11; R$ 0,00; 0.0
 11210101030000; TPP - Tx Corpo de Bombeiros; Receitas Correntes; Impostos, Taxas e Contribuições de Melhoria; Taxas; Taxas de Inspeção; Taxas pelo Exercício do Poder de Polícia; Taxas de Inspeção, Controle e Fiscalização; ; Taxas pelo Exercício do Poder de Polícia; Taxas de Inspeção, Controle e Fiscalização; Não se aplica; TPP - Tx Corpo de Bombeiros; Arrecadações; SECRETARIA DE ADMINISTRAÇÃO E FINANÇAS; SECRETARIA DE ADMINISTRAÇÃO E FINANÇAS; SECRETARIA DE ADMINISTRAÇÃO E FINANÇAS; R$ 0,00; R$ 0,00; R$ 0,00; R$ 0,00; R$ 6.900,48; R$ 74.311,59; R$ 0,00; 0.0
 11210101030000; TPP - Tx Corpo de Bombeiros; Receitas Correntes; Impostos, Taxas e Contribuições de Melhoria; Taxas; Taxas de Inspeção; Taxas pelo Exercício do Poder de Polícia; Taxas de Inspeção, Controle e Fiscalização; ; Taxas pelo Exercício do Poder de Polícia; Taxas de Inspeção, Controle e Fiscalização; Não se aplica; TPP - Tx Corpo de Bombeiros; Arrecadações; SECRETARIA DE ADMINISTRAÇÃO E FINANÇAS; SECRETARIA DE ADMINISTRAÇÃO E FINANÇAS; SECRETARIA DE ADMINISTRAÇÃO E FINANÇAS; R$ 0,00; R$ 0,00; R$ 0,00; R$ 0,00; R$ 16.213,87; R$ 90.525,46; R$ 0,00; 0.0
 11210101030000; TPP - Tx Corpo de Bombeiros; Receitas Correntes; Impostos, Taxas e Contribuições de Melhoria; Taxas; Taxas de Inspeção; Taxas pelo Exercício do Poder de Polícia; Taxas de Inspeção, Controle e Fiscalização; ; Taxas pelo Exercício do Poder de Polícia; Taxas de Inspeção, Controle e Fiscalização; Não se aplica; TPP - Tx Corpo de Bombeiros; Arrecadações; SECRETARIA DE ADMINISTRAÇÃO E FINANÇAS; SECRETARIA DE ADMINISTRAÇÃO E FINANÇAS; SECRETARIA DE ADMINISTRAÇÃO E FINANÇAS; R$ 0,00; R$ 0,00; R$ 0,00; R$ 0,00; R$ 8.009,06; R$ 98.534,52; R$ 0,00; 0.0
 13210101019918; Remun. Dep. Banc. Transf. União Sec. Prot. e Defesa Civil - Ajuda Humanitária; Receitas Correntes; Receita Patrimonial; Valores Mobiliários; Remuneração de Depósitos Bancários - Principal; Juros e Correções Monetárias; Remuneração de Depósitos Bancários; ; Juros e Correções Monetárias; Remuneração de Depósitos Bancários; Não se aplica; Remun. Dep. Banc. Transf. União Sec. Prot. e Defesa Civil - Ajuda Humanitária; Arrecadações; SECRETARIA DE ADMINISTRAÇÃO E FINANÇAS; SECRETARIA DE ADMINISTRAÇÃO E FINANÇAS; SECRETARIA DE ADMINISTRAÇÃO E FINANÇAS; R$ 0,00; R$ 0,00; R$ 0,00; R$ 0,00; R$ 5,27; R$ 5,27; R$ 0,00; 0.0
 11130341010000; IRRF - Pessoa Jurídica; Receitas Correntes; Impostos, Taxas e Contribuições de Melhoria; Impostos; Imposto sobre a Renda - Retido na Fonte - Outros Rendimentos - Principal; Impostos sobre a Renda e Proventos de Qualquer Natureza; Imposto sobre a Renda - Retido na Fonte; Imposto sobre a Renda - Retido na Fonte - Outros Rendimentos; Impostos sobre a Renda e Proventos de Qualquer Natureza; Imposto sobre a Renda - Retido na Fonte; Imposto sobre a Renda - Retido na Fonte - Outros Rendimentos; IRRF - Pessoa Jurídica; Arrecadações; SECRETARIA DE ADMINISTRAÇÃO E FINANÇAS; SECRETARIA DE ADMINISTRAÇÃO E FINANÇAS; SECRETARIA DE ADMINISTRAÇÃO E FINANÇAS; R$ 7.385,00; R$ 7.385,00; R$ 0,00; R$ 0,00; R$ 664,16; R$ 664,16; R$ 7.385,00; 8.99
 19999921000000; Outras Receitas Não Arrecadadas e Não Projetadas pela RFB - Primárias - Principal; Receitas Correntes; Outras Receitas Correntes; Demais Receitas Correntes; Outras Receitas Não Arrecadadas e Não Projetadas pela RFB - Primárias - Principal; Outras Receitas Correntes; Outras Receitas; Outras Receitas Não Arrecadadas e Não Projetadas pela RFB - Primárias; Outras Receitas Correntes; Outras Receitas; Outras Receitas Não Arrecadadas e Não Projetadas pela RFB - Primárias; Outras Receitas Não Arrecadadas e Não Projetadas pela RFB - Primárias - Principal; Arrecadações; SECRETARIA DE ADMINISTRAÇÃO E FINANÇAS; SECRETARIA DE ADMINISTRAÇÃO E FINANÇAS; SECRETARIA DE ADMINISTRAÇÃO E FINANÇAS; R$ 151.125,00; R$ 151.125,00; R$ 0,00; R$ 0,00; R$ 25.775,11; R$ 25.775,11; R$ 151.125,00; 17.06
 19999921000000; Outras Receitas Não Arrecadadas e Não Projetadas pela RFB - Primárias - Principal; Receitas Correntes; Outras Receitas Correntes; Demais Receitas Correntes; Outras Receitas Não Arrecadadas e Não Projetadas pela RFB - Primárias - Principal; Outras Receitas Correntes; Outras Receitas; Outras Receitas Não Arrecadadas e Não Projetadas pela RFB - Primárias; Outras Receitas Correntes; Outras Receitas; Outras Receitas Não Arrecadadas e Não Projetadas pela RFB - Primárias; Outras Receitas Não Arrecadadas e Não Projetadas pela RFB - Primárias - Principal; Arrecadações; SECRETARIA DE ADMINISTRAÇÃO E FINANÇAS; SECRETARIA DE ADMINISTRAÇÃO E FINANÇAS; SECRETARIA DE ADMINISTRAÇÃO E FINANÇAS; R$ 0,00; R$ 0,00; R$ 0,00; R$ 0,00; R$ 12.314,48; R$ 38.089,59; R$ 0,00; 0.0
 11130341010000; IRRF - Pessoa Jurídica; Receitas Correntes; Impostos, Taxas e Contribuições de Melhoria; Impostos; Imposto sobre a Renda - Retido na Fonte - Outros Rendimentos - Principal; Impostos sobre a Renda e Proventos de Qualquer Natureza; Imposto sobre a Renda - Retido na Fonte; Imposto sobre a Renda - Retido na Fonte - Outros Rendimentos; Impostos sobre a Renda e Proventos de Qualquer Natureza; Imposto sobre a Renda - Retido na Fonte; Imposto sobre a Renda - Retido na Fonte - Outros Rendimentos; IRRF - Pessoa Jurídica; Arrecadações; SECRETARIA DE ADMINISTRAÇÃO E FINANÇAS; SECRETARIA DE ADMINISTRAÇÃO E FINANÇAS; SECRETARIA DE ADMINISTRAÇÃO E FINANÇAS; R$ 0,00; R$ 0,00; R$ 0,00; R$ 0,00; R$ 2.211,80; R$ 2.875,96; R$ 0,00; 0.0
 13210101019918; Remun. Dep. Banc. Transf. União Sec. Prot. e Defesa Civil - Ajuda Humanitária; Receitas Correntes; Receita Patrimonial; Valores Mobiliários; Remuneração de Depósitos Bancários - Principal; Juros e Correções Monetárias; Remuneração de Depósitos Bancários; ; Juros e Correções Monetárias; Remuneração de Depósitos Bancários; Não se aplica; Remun. Dep. Banc. Transf. União Sec. Prot. e Defesa Civil - Ajuda Humanitária; Arrecadações; SECRETARIA DE ADMINISTRAÇÃO E FINANÇAS; SECRETARIA DE ADMINISTRAÇÃO E FINANÇAS; SECRETARIA DE ADMINISTRAÇÃO E FINANÇAS; R$ 0,00; R$ 0,00; R$ 0,00; R$ 0,00; R$ 5,31; R$ 10,58; R$ 0,00; 0.0
 11130341010000; IRRF - Pessoa Jurídica; Receitas Correntes; Impostos, Taxas e Contribuições de Melhoria; Impostos; Imposto sobre a Renda - Retido na Fonte - Outros Rendimentos - Principal; Impostos sobre a Renda e Proventos de Qualquer Natureza; Imposto sobre a Renda - Retido na Fonte; Imposto sobre a Renda - Retido na Fonte - Outros Rendimentos; Impostos sobre a Renda e Proventos de Qualquer Natureza; Imposto sobre a Renda - Retido na Fonte; Imposto sobre a Renda - Retido na Fonte - Outros Rendimentos; IRRF - Pessoa Jurídica; Arrecadações; SECRETARIA DE ADMINISTRAÇÃO E FINANÇAS; SECRETARIA DE ADMINISTRAÇÃO E FINANÇAS; SECRETARIA DE ADMINISTRAÇÃO E FINANÇAS; R$ 0,00; R$ 0,00; R$ 0,00; R$ 0,00; R$ 706,83; R$ 3.582,79; R$ 0,00; 0.0
 13210101019918; Remun. Dep. Banc. Transf. União Sec. Prot. e Defesa Civil - Ajuda Humanitária; Receitas Correntes; Receita Patrimonial; Valores Mobiliários; Remuneração de Depósitos Bancários - Principal; Juros e Correções Monetárias; Remuneração de Depósitos Bancários; ; Juros e Correções Monetárias; Remuneração de Depósitos Bancários; Não se aplica; Remun. Dep. Banc. Transf. União Sec. Prot. e Defesa Civil - Ajuda Humanitária; Arrecadações; SECRETARIA DE ADMINISTRAÇÃO E FINANÇAS; SECRETARIA DE ADMINISTRAÇÃO E FINANÇAS; SECRETARIA DE ADMINISTRAÇÃO E FINANÇAS; R$ 0,00; R$ 0,00; R$ 0,00; R$ 0,00; R$ 5,25; R$ 15,83; R$ 0,00; 0.0
 19999921000000; Outras Receitas Não Arrecadadas e Não Projetadas pela RFB - Primárias - Principal; Receitas Correntes; Outras Receitas Correntes; Demais Receitas Correntes; Outras Receitas Não Arrecadadas e Não Projetadas pela RFB - Primárias - Principal; Outras Receitas Correntes; Outras Receitas; Outras Receitas Não Arrecadadas e Não Projetadas pela RFB - Primárias; Outras Receitas Correntes; Outras Receitas; Outras Receitas Não Arrecadadas e Não Projetadas pela RFB - Primárias; Outras Receitas Não Arrecadadas e Não Projetadas pela RFB - Primárias - Principal; Arrecadações; SECRETARIA DE ADMINISTRAÇÃO E FINANÇAS; SECRETARIA DE ADMINISTRAÇÃO E FINANÇAS; SECRETARIA DE ADMINISTRAÇÃO E FINANÇAS; R$ 0,00; R$ 0,00; R$ 0,00; R$ 0,00; R$ 8.368,52; R$ 46.458,11; R$ 0,00; 0.0
 13210101019918; Remun. Dep. Banc. Transf. União Sec. Prot. e Defesa Civil - Ajuda Humanitária; Receitas Correntes; Receita Patrimonial; Valores Mobiliários; Remuneração de Depósitos Bancários - Principal; Juros e Correções Monetárias; Remuneração de Depósitos Bancários; ; Juros e Correções Monetárias; Remuneração de Depósitos Bancários; Não se aplica; Remun. Dep. Banc. Transf. União Sec. Prot. e Defesa Civil - Ajuda Humanitária; Arrecadações; SECRETARIA DE ADMINISTRAÇÃO E FINANÇAS; SECRETARIA DE ADMINISTRAÇÃO E FINANÇAS; SECRETARIA DE ADMINISTRAÇÃO E FINANÇAS; R$ 0,00; R$ 0,00; R$ 0,00; R$ 0,00; R$ 5,89; R$ 21,72; R$ 0,00; 0.0
 11130341010000; IRRF - Pessoa Jurídica; Receitas Correntes; Impostos, Taxas e Contribuições de Melhoria; Impostos; Imposto sobre a Renda - Retido na Fonte - Outros Rendimentos - Principal; Impostos sobre a Renda e Proventos de Qualquer Natureza; Imposto sobre a Renda - Retido na Fonte; Imposto sobre a Renda - Retido na Fonte - Outros Rendimentos; Impostos sobre a Renda e Proventos de Qualquer Natureza; Imposto sobre a Renda - Retido na Fonte; Imposto sobre a Renda - Retido na Fonte - Outros Rendimentos; IRRF - Pessoa Jurídica; Arrecadações; SECRETARIA DE ADMINISTRAÇÃO E FINANÇAS; SECRETARIA DE ADMINISTRAÇÃO E FINANÇAS; SECRETARIA DE ADMINISTRAÇÃO E FINANÇAS; R$ 0,00; R$ 0,00; R$ 0,00; R$ 0,00; R$ 690,49; R$ 4.273,28; R$ 0,00; 0.0
 19999921000000; Outras Receitas Não Arrecadadas e Não Projetadas pela RFB - Primárias - Principal; Receitas Correntes; Outras Receitas Correntes; Demais Receitas Correntes; Outras Receitas Não Arrecadadas e Não Projetadas pela RFB - Primárias - Principal; Outras Receitas Correntes; Outras Receitas; Outras Receitas Não Arrecadadas e Não Projetadas pela RFB - Primárias; Outras Receitas Correntes; Outras Receitas; Outras Receitas Não Arrecadadas e Não Projetadas pela RFB - Primárias; Outras Receitas Não Arrecadadas e Não Projetadas pela RFB - Primárias - Principal; Arrecadações; SECRETARIA DE ADMINISTRAÇÃO E FINANÇAS; SECRETARIA DE ADMINISTRAÇÃO E FINANÇAS; SECRETARIA DE ADMINISTRAÇÃO E FINANÇAS; R$ 0,00; R$ 0,00; R$ 0,00; R$ 0,00; R$ 5.783,03; R$ 52.241,14; R$ 0,00; 0.0
 19999921000000; Outras Receitas Não Arrecadadas e Não Projetadas pela RFB - Primárias - Principal; Receitas Correntes; Outras Receitas Correntes; Demais Receitas Correntes; Outras Receitas Não Arrecadadas e Não Projetadas pela RFB - Primárias - Principal; Outras Receitas Correntes; Outras Receitas; Outras Receitas Não Arrecadadas e Não Projetadas pela RFB - Primárias; Outras Receitas Correntes; Outras Receitas; Outras Receitas Não Arrecadadas e Não Projetadas pela RFB - Primárias; Outras Receitas Não Arrecadadas e Não Projetadas pela RFB - Primárias - Principal; Arrecadações; SECRETARIA DE ADMINISTRAÇÃO E FINANÇAS; SECRETARIA DE ADMINISTRAÇÃO E FINANÇAS; SECRETARIA DE ADMINISTRAÇÃO E FINANÇAS; R$ 0,00; R$ 0,00; R$ 0,00; R$ 0,00; R$ 3.957,45; R$ 56.198,59; R$ 0,00; 0.0
 13210101019918; Remun. Dep. Banc. Transf. União Sec. Prot. e Defesa Civil - Ajuda Humanitária; Receitas Correntes; Receita Patrimonial; Valores Mobiliários; Remuneração de Depósitos Bancários - Principal; Juros e Correções Monetárias; Remuneração de Depósitos Bancários; ; Juros e Correções Monetárias; Remuneração de Depósitos Bancários; Não se aplica; Remun. Dep. Banc. Transf. União Sec. Prot. e Defesa Civil - Ajuda Humanitária; Arrecadações; SECRETARIA DE ADMINISTRAÇÃO E FINANÇAS; SECRETARIA DE ADMINISTRAÇÃO E FINANÇAS; SECRETARIA DE ADMINISTRAÇÃO E FINANÇAS; R$ 0,00; R$ 0,00; R$ 0,00; R$ 0,00; R$ 6,45; R$ 28,17; R$ 0,00; 0.0
 11130341010000; IRRF - Pessoa Jurídica; Receitas Correntes; Impostos, Taxas e Contribuições de Melhoria; Impostos; Imposto sobre a Renda - Retido na Fonte - Outros Rendimentos - Principal; Impostos sobre a Renda e Proventos de Qualquer Natureza; Imposto sobre a Renda - Retido na Fonte; Imposto sobre a Renda - Retido na Fonte - Outros Rendimentos; Impostos sobre a Renda e Proventos de Qualquer Natureza; Imposto sobre a Renda - Retido na Fonte; Imposto sobre a Renda - Retido na Fonte - Outros Rendimentos; IRRF - Pessoa Jurídica; Arrecadações; SECRETARIA DE ADMINISTRAÇÃO E FINANÇAS; SECRETARIA DE ADMINISTRAÇÃO E FINANÇAS; SECRETARIA DE ADMINISTRAÇÃO E FINANÇAS; R$ 0,00; R$ 0,00; R$ 0,00; R$ 0,00; R$ 799,75; R$ 5.073,03; R$ 0,00; 0.0
 13210101019918; Remun. Dep. Banc. Transf. União Sec. Prot. e Defesa Civil - Ajuda Humanitária; Receitas Correntes; Receita Patrimonial; Valores Mobiliários; Remuneração de Depósitos Bancários - Principal; Juros e Correções Monetárias; Remuneração de Depósitos Bancários; ; Juros e Correções Monetárias; Remuneração de Depósitos Bancários; Não se aplica; Remun. Dep. Banc. Transf. União Sec. Prot. e Defesa Civil - Ajuda Humanitária; Arrecadações; SECRETARIA DE ADMINISTRAÇÃO E FINANÇAS; SECRETARIA DE ADMINISTRAÇÃO E FINANÇAS; SECRETARIA DE ADMINISTRAÇÃO E FINANÇAS; R$ 0,00; R$ 0,00; R$ 0,00; R$ 0,00; R$ 6,30; R$ 34,47; R$ 0,00; 0.0
 19999921000000; Outras Receitas Não Arrecadadas e Não Projetadas pela RFB - Primárias - Principal; Receitas Correntes; Outras Receitas Correntes; Demais Receitas Correntes; Outras Receitas Não Arrecadadas e Não Projetadas pela RFB - Primárias - Principal; Outras Receitas Correntes; Outras Receitas; Outras Receitas Não Arrecadadas e Não Projetadas pela RFB - Primárias; Outras Receitas Correntes; Outras Receitas; Outras Receitas Não Arrecadadas e Não Projetadas pela RFB - Primárias; Outras Receitas Não Arrecadadas e Não Projetadas pela RFB - Primárias - Principal; Arrecadações; SECRETARIA DE ADMINISTRAÇÃO E FINANÇAS; SECRETARIA DE ADMINISTRAÇÃO E FINANÇAS; SECRETARIA DE ADMINISTRAÇÃO E FINANÇAS; R$ 0,00; R$ 0,00; R$ 0,00; R$ 0,00; R$ 1.381,80; R$ 57.580,39; R$ 0,00; 0.0
 11130341010000; IRRF - Pessoa Jurídica; Receitas Correntes; Impostos, Taxas e Contribuições de Melhoria; Impostos; Imposto sobre a Renda - Retido na Fonte - Outros Rendimentos - Principal; Impostos sobre a Renda e Proventos de Qualquer Natureza; Imposto sobre a Renda - Retido na Fonte; Imposto sobre a Renda - Retido na Fonte - Outros Rendimentos; Impostos sobre a Renda e Proventos de Qualquer Natureza; Imposto sobre a Renda - Retido na Fonte; Imposto sobre a Renda - Retido na Fonte - Outros Rendimentos; IRRF - Pessoa Jurídica; Arrecadações; SECRETARIA DE ADMINISTRAÇÃO E FINANÇAS; SECRETARIA DE ADMINISTRAÇÃO E FINANÇAS; SECRETARIA DE ADMINISTRAÇÃO E FINANÇAS; R$ 0,00; R$ 0,00; R$ 0,00; R$ 0,00; R$ 14.533,11; R$ 19.606,14; R$ 0,00; 0.0
 13210101019918; Remun. Dep. Banc. Transf. União Sec. Prot. e Defesa Civil - Ajuda Humanitária; Receitas Correntes; Receita Patrimonial; Valores Mobiliários; Remuneração de Depósitos Bancários - Principal; Juros e Correções Monetárias; Remuneração de Depósitos Bancários; ; Juros e Correções Monetárias; Remuneração de Depósitos Bancários; Não se aplica; Remun. Dep. Banc. Transf. União Sec. Prot. e Defesa Civil - Ajuda Humanitária; Arrecadações; SECRETARIA DE ADMINISTRAÇÃO E FINANÇAS; SECRETARIA DE ADMINISTRAÇÃO E FINANÇAS; SECRETARIA DE ADMINISTRAÇÃO E FINANÇAS; R$ 0,00; R$ 0,00; R$ 0,00; R$ 0,00; R$ 7,42; R$ 41,89; R$ 0,00; 0.0
 19999921000000; Outras Receitas Não Arrecadadas e Não Projetadas pela RFB - Primárias - Principal; Receitas Correntes; Outras Receitas Correntes; Demais Receitas Correntes; Outras Receitas Não Arrecadadas e Não Projetadas pela RFB - Primárias - Principal; Outras Receitas Correntes; Outras Receitas; Outras Receitas Não Arrecadadas e Não Projetadas pela RFB - Primárias; Outras Receitas Correntes; Outras Receitas; Outras Receitas Não Arrecadadas e Não Projetadas pela RFB - Primárias; Outras Receitas Não Arrecadadas e Não Projetadas pela RFB - Primárias - Principal; Arrecadações; SECRETARIA DE ADMINISTRAÇÃO E FINANÇAS; SECRETARIA DE ADMINISTRAÇÃO E FINANÇAS; SECRETARIA DE ADMINISTRAÇÃO E FINANÇAS; R$ 0,00; R$ 0,00; R$ 0,00; R$ 0,00; R$ 587,52; R$ 58.167,91; R$ 0,00; 0.0
 11130341010000; IRRF - Pessoa Jurídica; Receitas Correntes; Impostos, Taxas e Contribuições de Melhoria; Impostos; Imposto sobre a Renda - Retido na Fonte - Outros Rendimentos - Principal; Impostos sobre a Renda e Proventos de Qualquer Natureza; Imposto sobre a Renda - Retido na Fonte; Imposto sobre a Renda - Retido na Fonte - Outros Rendimentos; Impostos sobre a Renda e Proventos de Qualquer Natureza; Imposto sobre a Renda - Retido na Fonte; Imposto sobre a Renda - Retido na Fonte - Outros Rendimentos; IRRF - Pessoa Jurídica; Arrecadações; SECRETARIA DE ADMINISTRAÇÃO E FINANÇAS; SECRETARIA DE ADMINISTRAÇÃO E FINANÇAS; SECRETARIA DE ADMINISTRAÇÃO E FINANÇAS; R$ 0,00; R$ 0,00; R$ 0,00; R$ 0,00; R$ 601,24; R$ 20.207,38; R$ 0,00; 0.0
 13210101019918; Remun. Dep. Banc. Transf. União Sec. Prot. e Defesa Civil - Ajuda Humanitária; Receitas Correntes; Receita Patrimonial; Valores Mobiliários; Remuneração de Depósitos Bancários - Principal; Juros e Correções Monetárias; Remuneração de Depósitos Bancários; ; Juros e Correções Monetárias; Remuneração de Depósitos Bancários; Não se aplica; Remun. Dep. Banc. Transf. União Sec. Prot. e Defesa Civil - Ajuda Humanitária; Arrecadações; SECRETARIA DE ADMINISTRAÇÃO E FINANÇAS; SECRETARIA DE ADMINISTRAÇÃO E FINANÇAS; SECRETARIA DE ADMINISTRAÇÃO E FINANÇAS; R$ 0,00; R$ 0,00; R$ 0,00; R$ 0,00; R$ 6,19; R$ 48,08; R$ 0,00; 0.0
 11130341010000; IRRF - Pessoa Jurídica; Receitas Correntes; Impostos, Taxas e Contribuições de Melhoria; Impostos; Imposto sobre a Renda - Retido na Fonte - Outros Rendimentos - Principal; Impostos sobre a Renda e Proventos de Qualquer Natureza; Imposto sobre a Renda - Retido na Fonte; Imposto sobre a Renda - Retido na Fonte - Outros Rendimentos; Impostos sobre a Renda e Proventos de Qualquer Natureza; Imposto sobre a Renda - Retido na Fonte; Imposto sobre a Renda - Retido na Fonte - Outros Rendimentos; IRRF - Pessoa Jurídica; Arrecadações; SECRETARIA DE ADMINISTRAÇÃO E FINANÇAS; SECRETARIA DE ADMINISTRAÇÃO E FINANÇAS; SECRETARIA DE ADMINISTRAÇÃO E FINANÇAS; R$ 0,00; R$ 0,00; R$ 0,00; R$ 0,00; R$ 549.757,93; R$ 569.965,31; R$ 0,00; 0.0
 19999921000000; Outras Receitas Não Arrecadadas e Não Projetadas pela RFB - Primárias - Principal; Receitas Correntes; Outras Receitas Correntes; Demais Receitas Correntes; Outras Receitas Não Arrecadadas e Não Projetadas pela RFB - Primárias - Principal; Outras Receitas Correntes; Outras Receitas; Outras Receitas Não Arrecadadas e Não Projetadas pela RFB - Primárias; Outras Receitas Correntes; Outras Receitas; Outras Receitas Não Arrecadadas e Não Projetadas pela RFB - Primárias; Outras Receitas Não Arrecadadas e Não Projetadas pela RFB - Primárias - Principal; Arrecadações; SECRETARIA DE ADMINISTRAÇÃO E FINANÇAS; SECRETARIA DE ADMINISTRAÇÃO E FINANÇAS; SECRETARIA DE ADMINISTRAÇÃO E FINANÇAS; R$ 0,00; R$ 0,00; R$ 0,00; R$ 0,00; R$ 295,16; R$ 58.463,07; R$ 0,00; 0.0
 13210101019918; Remun. Dep. Banc. Transf. União Sec. Prot. e Defesa Civil - Ajuda Humanitária; Receitas Correntes; Receita Patrimonial; Valores Mobiliários; Remuneração de Depósitos Bancários - Principal; Juros e Correções Monetárias; Remuneração de Depósitos Bancários; ; Juros e Correções Monetárias; Remuneração de Depósitos Bancários; Não se aplica; Remun. Dep. Banc. Transf. União Sec. Prot. e Defesa Civil - Ajuda Humanitária; Arrecadações; SECRETARIA DE ADMINISTRAÇÃO E FINANÇAS; SECRETARIA DE ADMINISTRAÇÃO E FINANÇAS; SECRETARIA DE ADMINISTRAÇÃO E FINANÇAS; R$ 0,00; R$ 0,00; R$ 0,00; R$ 0,00; R$ -47,96; R$ 0,12; R$ 0,00; 0.0
 19999921000000; Outras Receitas Não Arrecadadas e Não Projetadas pela RFB - Primárias - Principal; Receitas Correntes; Outras Receitas Correntes; Demais Receitas Correntes; Outras Receitas Não Arrecadadas e Não Projetadas pela RFB - Primárias - Principal; Outras Receitas Correntes; Outras Receitas; Outras Receitas Não Arrecadadas e Não Projetadas pela RFB - Primárias; Outras Receitas Correntes; Outras Receitas; Outras Receitas Não Arrecadadas e Não Projetadas pela RFB - Primárias; Outras Receitas Não Arrecadadas e Não Projetadas pela RFB - Primárias - Principal; Arrecadações; SECRETARIA DE ADMINISTRAÇÃO E FINANÇAS; SECRETARIA DE ADMINISTRAÇÃO E FINANÇAS; SECRETARIA DE ADMINISTRAÇÃO E FINANÇAS; R$ 0,00; R$ 0,00; R$ 0,00; R$ 0,00; R$ 409,40; R$ 58.872,47; R$ 0,00; 0.0
 11130341010000; IRRF - Pessoa Jurídica; Receitas Correntes; Impostos, Taxas e Contribuições de Melhoria; Impostos; Imposto sobre a Renda - Retido na Fonte - Outros Rendimentos - Principal; Impostos sobre a Renda e Proventos de Qualquer Natureza; Imposto sobre a Renda - Retido na Fonte; Imposto sobre a Renda - Retido na Fonte - Outros Rendimentos; Impostos sobre a Renda e Proventos de Qualquer Natureza; Imposto sobre a Renda - Retido na Fonte; Imposto sobre a Renda - Retido na Fonte - Outros Rendimentos; IRRF - Pessoa Jurídica; Arrecadações; SECRETARIA DE ADMINISTRAÇÃO E FINANÇAS; SECRETARIA DE ADMINISTRAÇÃO E FINANÇAS; SECRETARIA DE ADMINISTRAÇÃO E FINANÇAS; R$ 0,00; R$ 0,00; R$ 0,00; R$ 0,00; R$ 15.852,26; R$ 585.817,57; R$ 0,00; 0.0
 13210101019918; Remun. Dep. Banc. Transf. União Sec. Prot. e Defesa Civil - Ajuda Humanitária; Receitas Correntes; Receita Patrimonial; Valores Mobiliários; Remuneração de Depósitos Bancários - Principal; Juros e Correções Monetárias; Remuneração de Depósitos Bancários; ; Juros e Correções Monetárias; Remuneração de Depósitos Bancários; Não se aplica; Remun. Dep. Banc. Transf. União Sec. Prot. e Defesa Civil - Ajuda Humanitária; Arrecadações; SECRETARIA DE ADMINISTRAÇÃO E FINANÇAS; SECRETARIA DE ADMINISTRAÇÃO E FINANÇAS; SECRETARIA DE ADMINISTRAÇÃO E FINANÇAS; R$ 0,00; R$ 0,00; R$ 0,00; R$ 0,00; R$ 0,01; R$ 0,13; R$ 0,00; 0.0
 11130341010000; IRRF - Pessoa Jurídica; Receitas Correntes; Impostos, Taxas e Contribuições de Melhoria; Impostos; Imposto sobre a Renda - Retido na Fonte - Outros Rendimentos - Principal; Impostos sobre a Renda e Proventos de Qualquer Natureza; Imposto sobre a Renda - Retido na Fonte; Imposto sobre a Renda - Retido na Fonte - Outros Rendimentos; Impostos sobre a Renda e Proventos de Qualquer Natureza; Imposto sobre a Renda - Retido na Fonte; Imposto sobre a Renda - Retido na Fonte - Outros Rendimentos; IRRF - Pessoa Jurídica; Arrecadações; SECRETARIA DE ADMINISTRAÇÃO E FINANÇAS; SECRETARIA DE ADMINISTRAÇÃO E FINANÇAS; SECRETARIA DE ADMINISTRAÇÃO E FINANÇAS; R$ 0,00; R$ 0,00; R$ 0,00; R$ 0,00; R$ 73.758,22; R$ 659.575,79; R$ 0,00; 0.0
 19999921000000; Outras Receitas Não Arrecadadas e Não Projetadas pela RFB - Primárias - Principal; Receitas Correntes; Outras Receitas Correntes; Demais Receitas Correntes; Outras Receitas Não Arrecadadas e Não Projetadas pela RFB - Primárias - Principal; Outras Receitas Correntes; Outras Receitas; Outras Receitas Não Arrecadadas e Não Projetadas pela RFB - Primárias; Outras Receitas Correntes; Outras Receitas; Outras Receitas Não Arrecadadas e Não Projetadas pela RFB - Primárias; Outras Receitas Não Arrecadadas e Não Projetadas pela RFB - Primárias - Principal; Arrecadações; SECRETARIA DE ADMINISTRAÇÃO E FINANÇAS; SECRETARIA DE ADMINISTRAÇÃO E FINANÇAS; SECRETARIA DE ADMINISTRAÇÃO E FINANÇAS; R$ 0,00; R$ 0,00; R$ 0,00; R$ 0,00; R$ 745.841,57; R$ 804.714,04; R$ 0,00; 0.0
 13210101019918; Remun. Dep. Banc. Transf. União Sec. Prot. e Defesa Civil - Ajuda Humanitária; Receitas Correntes; Receita Patrimonial; Valores Mobiliários; Remuneração de Depósitos Bancários - Principal; Juros e Correções Monetárias; Remuneração de Depósitos Bancários; ; Juros e Correções Monetárias; Remuneração de Depósitos Bancários; Não se aplica; Remun. Dep. Banc. Transf. União Sec. Prot. e Defesa Civil - Ajuda Humanitária; Arrecadações; SECRETARIA DE ADMINISTRAÇÃO E FINANÇAS; SECRETARIA DE ADMINISTRAÇÃO E FINANÇAS; SECRETARIA DE ADMINISTRAÇÃO E FINANÇAS; R$ 0,00; R$ 0,00; R$ 0,00; R$ 0,00; R$ 0,01; R$ 0,14; R$ 0,00; 0.0
 19999921000000; Outras Receitas Não Arrecadadas e Não Projetadas pela RFB - Primárias - Principal; Receitas Correntes; Outras Receitas Correntes; Demais Receitas Correntes; Outras Receitas Não Arrecadadas e Não Projetadas pela RFB - Primárias - Principal; Outras Receitas Correntes; Outras Receitas; Outras Receitas Não Arrecadadas e Não Projetadas pela RFB - Primárias; Outras Receitas Correntes; Outras Receitas; Outras Receitas Não Arrecadadas e Não Projetadas pela RFB - Primárias; Outras Receitas Não Arrecadadas e Não Projetadas pela RFB - Primárias - Principal; Arrecadações; SECRETARIA DE ADMINISTRAÇÃO E FINANÇAS; SECRETARIA DE ADMINISTRAÇÃO E FINANÇAS; SECRETARIA DE ADMINISTRAÇÃO E FINANÇAS; R$ 0,00; R$ 0,00; R$ 0,00; R$ 0,00; R$ 722.405,07; R$ 1.527.119,11; R$ 0,00; 0.0
 11130341010000; IRRF - Pessoa Jurídica; Receitas Correntes; Impostos, Taxas e Contribuições de Melhoria; Impostos; Imposto sobre a Renda - Retido na Fonte - Outros Rendimentos - Principal; Impostos sobre a Renda e Proventos de Qualquer Natureza; Imposto sobre a Renda - Retido na Fonte; Imposto sobre a Renda - Retido na Fonte - Outros Rendimentos; Impostos sobre a Renda e Proventos de Qualquer Natureza; Imposto sobre a Renda - Retido na Fonte; Imposto sobre a Renda - Retido na Fonte - Outros Rendimentos; IRRF - Pessoa Jurídica; Arrecadações; SECRETARIA DE ADMINISTRAÇÃO E FINANÇAS; SECRETARIA DE ADMINISTRAÇÃO E FINANÇAS; SECRETARIA DE ADMINISTRAÇÃO E FINANÇAS; R$ 0,00; R$ 0,00; R$ 0,00; R$ 0,00; R$ 697,38; R$ 660.273,17; R$ 0,00; 0.0
 11130341010000; IRRF - Pessoa Jurídica; Receitas Correntes; Impostos, Taxas e Contribuições de Melhoria; Impostos; Imposto sobre a Renda - Retido na Fonte - Outros Rendimentos - Principal; Impostos sobre a Renda e Proventos de Qualquer Natureza; Imposto sobre a Renda - Retido na Fonte; Imposto sobre a Renda - Retido na Fonte - Outros Rendimentos; Impostos sobre a Renda e Proventos de Qualquer Natureza; Imposto sobre a Renda - Retido na Fonte; Imposto sobre a Renda - Retido na Fonte - Outros Rendimentos; IRRF - Pessoa Jurídica; Arrecadações; SECRETARIA DE ADMINISTRAÇÃO E FINANÇAS; SECRETARIA DE ADMINISTRAÇÃO E FINANÇAS; SECRETARIA DE ADMINISTRAÇÃO E FINANÇAS; R$ 0,00; R$ 0,00; R$ 0,00; R$ 0,00; R$ 130.145,59; R$ 790.418,76; R$ 0,00; 0.0
 19999921000000; Outras Receitas Não Arrecadadas e Não Projetadas pela RFB - Primárias - Principal; Receitas Correntes; Outras Receitas Correntes; Demais Receitas Correntes; Outras Receitas Não Arrecadadas e Não Projetadas pela RFB - Primárias - Principal; Outras Receitas Correntes; Outras Receitas; Outras Receitas Não Arrecadadas e Não Projetadas pela RFB - Primárias; Outras Receitas Correntes; Outras Receitas; Outras Receitas Não Arrecadadas e Não Projetadas pela RFB - Primárias; Outras Receitas Não Arrecadadas e Não Projetadas pela RFB - Primárias - Principal; Arrecadações; SECRETARIA DE ADMINISTRAÇÃO E FINANÇAS; SECRETARIA DE ADMINISTRAÇÃO E FINANÇAS; SECRETARIA DE ADMINISTRAÇÃO E FINANÇAS; R$ 0,00; R$ 0,00; R$ 0,00; R$ 0,00; R$ 1.558.008,76; R$ 3.085.127,87; R$ 0,00; 0.0
 13210101019918; Remun. Dep. Banc. Transf. União Sec. Prot. e Defesa Civil - Ajuda Humanitária; Receitas Correntes; Receita Patrimonial; Valores Mobiliários; Remuneração de Depósitos Bancários - Principal; Juros e Correções Monetárias; Remuneração de Depósitos Bancários; ; Juros e Correções Monetárias; Remuneração de Depósitos Bancários; Não se aplica; Remun. Dep. Banc. Transf. União Sec. Prot. e Defesa Civil - Ajuda Humanitária; Arrecadações; SECRETARIA DE ADMINISTRAÇÃO E FINANÇAS; SECRETARIA DE ADMINISTRAÇÃO E FINANÇAS; SECRETARIA DE ADMINISTRAÇÃO E FINANÇAS; R$ 0,00; R$ 0,00; R$ 0,00; R$ 0,00; R$ 756,04; R$ 756,18; R$ 0,00; 0.0
 13210101010000; Rec. de Remun. Dep. Bancário/vinculados; Receitas Correntes; Receita Patrimonial; Valores Mobiliários; Remuneração de Depósitos Bancários - Principal; Juros e Correções Monetárias; Remuneração de Depósitos Bancários; ; Juros e Correções Monetárias; Remuneração de Depósitos Bancários; Não se aplica; Rec. de Remun. Dep. Bancário/vinculados; Arrecadações; SECRETARIA DE ADMINISTRAÇÃO E FINANÇAS; SECRETARIA DE ADMINISTRAÇÃO E FINANÇAS; SECRETARIA DE ADMINISTRAÇÃO E FINANÇAS; R$ 0,00; R$ 0,00; R$ 0,00; R$ 0,00; R$ 149,34; R$ 149,34; R$ 0,00; 0.0
 19110101010000; Multas de Trânsito; Receitas Correntes; Outras Receitas Correntes; Multas Administrativas, Contratuais e Judiciais; Multas Previstas em Legislação Específica - Principal; Multas Administrativas; Multas Previstas em Legislação Específica; ; Multas Administrativas; Multas Previstas em Legislação Específica; Não se aplica; Multas de Trânsito; Arrecadações; SECRETARIA DE ADMINISTRAÇÃO E FINANÇAS; SECRETARIA DE ADMINISTRAÇÃO E FINANÇAS; SECRETARIA DE ADMINISTRAÇÃO E FINANÇAS; R$ 701.335,00; R$ 701.335,00; R$ 0,00; R$ 0,00; R$ 37.453,10; R$ 37.453,10; R$ 701.335,00; 5.34
 13210101010000; Rec. de Remun. Dep. Bancário/vinculados; Receitas Correntes; Receita Patrimonial; Valores Mobiliários; Remuneração de Depósitos Bancários - Principal; Juros e Correções Monetárias; Remuneração de Depósitos Bancários; ; Juros e Correções Monetárias; Remuneração de Depósitos Bancários; Não se aplica; Rec. de Remun. Dep. Bancário/vinculados; Arrecadações; SECRETARIA DE ADMINISTRAÇÃO E FINANÇAS; SECRETARIA DE ADMINISTRAÇÃO E FINANÇAS; SECRETARIA DE ADMINISTRAÇÃO E FINANÇAS; R$ 0,00; R$ 0,00; R$ 0,00; R$ 0,00; R$ 416,68; R$ 566,02; R$ 0,00; 0.0
 19110101010000; Multas de Trânsito; Receitas Correntes; Outras Receitas Correntes; Multas Administrativas, Contratuais e Judiciais; Multas Previstas em Legislação Específica - Principal; Multas Administrativas; Multas Previstas em Legislação Específica; ; Multas Administrativas; Multas Previstas em Legislação Específica; Não se aplica; Multas de Trânsito; Arrecadações; SECRETARIA DE ADMINISTRAÇÃO E FINANÇAS; SECRETARIA DE ADMINISTRAÇÃO E FINANÇAS; SECRETARIA DE ADMINISTRAÇÃO E FINANÇAS; R$ 0,00; R$ 0,00; R$ 0,00; R$ 0,00; R$ 35.333,86; R$ 72.786,96; R$ 0,00; 0.0
 19110101010000; Multas de Trânsito; Receitas Correntes; Outras Receitas Correntes; Multas Administrativas, Contratuais e Judiciais; Multas Previstas em Legislação Específica - Principal; Multas Administrativas; Multas Previstas em Legislação Específica; ; Multas Administrativas; Multas Previstas em Legislação Específica; Não se aplica; Multas de Trânsito; Arrecadações; SECRETARIA DE ADMINISTRAÇÃO E FINANÇAS; SECRETARIA DE ADMINISTRAÇÃO E FINANÇAS; SECRETARIA DE ADMINISTRAÇÃO E FINANÇAS; R$ 0,00; R$ 0,00; R$ 0,00; R$ 0,00; R$ 46.858,48; R$ 119.645,44; R$ 0,00; 0.0
 13210101010000; Rec. de Remun. Dep. Bancário/vinculados; Receitas Correntes; Receita Patrimonial; Valores Mobiliários; Remuneração de Depósitos Bancários - Principal; Juros e Correções Monetárias; Remuneração de Depósitos Bancários; ; Juros e Correções Monetárias; Remuneração de Depósitos Bancários; Não se aplica; Rec. de Remun. Dep. Bancário/vinculados; Arrecadações; SECRETARIA DE ADMINISTRAÇÃO E FINANÇAS; SECRETARIA DE ADMINISTRAÇÃO E FINANÇAS; SECRETARIA DE ADMINISTRAÇÃO E FINANÇAS; R$ 0,00; R$ 0,00; R$ 0,00; R$ 0,00; R$ 171,50; R$ 737,52; R$ 0,00; 0.0
 13210101010000; Rec. de Remun. Dep. Bancário/vinculados; Receitas Correntes; Receita Patrimonial; Valores Mobiliários; Remuneração de Depósitos Bancários - Principal; Juros e Correções Monetárias; Remuneração de Depósitos Bancários; ; Juros e Correções Monetárias; Remuneração de Depósitos Bancários; Não se aplica; Rec. de Remun. Dep. Bancário/vinculados; Arrecadações; SECRETARIA DE ADMINISTRAÇÃO E FINANÇAS; SECRETARIA DE ADMINISTRAÇÃO E FINANÇAS; SECRETARIA DE ADMINISTRAÇÃO E FINANÇAS; R$ 0,00; R$ 0,00; R$ 0,00; R$ 0,00; R$ 563,85; R$ 1.301,37; R$ 0,00; 0.0
 19110101010000; Multas de Trânsito; Receitas Correntes; Outras Receitas Correntes; Multas Administrativas, Contratuais e Judiciais; Multas Previstas em Legislação Específica - Principal; Multas Administrativas; Multas Previstas em Legislação Específica; ; Multas Administrativas; Multas Previstas em Legislação Específica; Não se aplica; Multas de Trânsito; Arrecadações; SECRETARIA DE ADMINISTRAÇÃO E FINANÇAS; SECRETARIA DE ADMINISTRAÇÃO E FINANÇAS; SECRETARIA DE ADMINISTRAÇÃO E FINANÇAS; R$ 0,00; R$ 0,00; R$ 0,00; R$ 0,00; R$ 67.265,78; R$ 186.911,22; R$ 0,00; 0.0
 13210101010000; Rec. de Remun. Dep. Bancário/vinculados; Receitas Correntes; Receita Patrimonial; Valores Mobiliários; Remuneração de Depósitos Bancários - Principal; Juros e Correções Monetárias; Remuneração de Depósitos Bancários; ; Juros e Correções Monetárias; Remuneração de Depósitos Bancários; Não se aplica; Rec. de Remun. Dep. Bancário/vinculados; Arrecadações; SECRETARIA DE ADMINISTRAÇÃO E FINANÇAS; SECRETARIA DE ADMINISTRAÇÃO E FINANÇAS; SECRETARIA DE ADMINISTRAÇÃO E FINANÇAS; R$ 0,00; R$ 0,00; R$ 0,00; R$ 0,00; R$ 730,13; R$ 2.031,50; R$ 0,00; 0.0
 19110101010000; Multas de Trânsito; Receitas Correntes; Outras Receitas Correntes; Multas Administrativas, Contratuais e Judiciais; Multas Previstas em Legislação Específica - Principal; Multas Administrativas; Multas Previstas em Legislação Específica; ; Multas Administrativas; Multas Previstas em Legislação Específica; Não se aplica; Multas de Trânsito; Arrecadações; SECRETARIA DE ADMINISTRAÇÃO E FINANÇAS; SECRETARIA DE ADMINISTRAÇÃO E FINANÇAS; SECRETARIA DE ADMINISTRAÇÃO E FINANÇAS; R$ 0,00; R$ 0,00; R$ 0,00; R$ 0,00; R$ 64.177,04; R$ 251.088,26; R$ 0,00; 0.0
 19110101010000; Multas de Trânsito; Receitas Correntes; Outras Receitas Correntes; Multas Administrativas, Contratuais e Judiciais; Multas Previstas em Legislação Específica - Principal; Multas Administrativas; Multas Previstas em Legislação Específica; ; Multas Administrativas; Multas Previstas em Legislação Específica; Não se aplica; Multas de Trânsito; Arrecadações; SECRETARIA DE ADMINISTRAÇÃO E FINANÇAS; SECRETARIA DE ADMINISTRAÇÃO E FINANÇAS; SECRETARIA DE ADMINISTRAÇÃO E FINANÇAS; R$ 0,00; R$ 0,00; R$ 0,00; R$ 0,00; R$ 73.165,64; R$ 324.253,90; R$ 0,00; 0.0
 13210101010000; Rec. de Remun. Dep. Bancário/vinculados; Receitas Correntes; Receita Patrimonial; Valores Mobiliários; Remuneração de Depósitos Bancários - Principal; Juros e Correções Monetárias; Remuneração de Depósitos Bancários; ; Juros e Correções Monetárias; Remuneração de Depósitos Bancários; Não se aplica; Rec. de Remun. Dep. Bancário/vinculados; Arrecadações; SECRETARIA DE ADMINISTRAÇÃO E FINANÇAS; SECRETARIA DE ADMINISTRAÇÃO E FINANÇAS; SECRETARIA DE ADMINISTRAÇÃO E FINANÇAS; R$ 0,00; R$ 0,00; R$ 0,00; R$ 0,00; R$ 382,30; R$ 2.413,80; R$ 0,00; 0.0
 19110101010000; Multas de Trânsito; Receitas Correntes; Outras Receitas Correntes; Multas Administrativas, Contratuais e Judiciais; Multas Previstas em Legislação Específica - Principal; Multas Administrativas; Multas Previstas em Legislação Específica; ; Multas Administrativas; Multas Previstas em Legislação Específica; Não se aplica; Multas de Trânsito; Arrecadações; SECRETARIA DE ADMINISTRAÇÃO E FINANÇAS; SECRETARIA DE ADMINISTRAÇÃO E FINANÇAS; SECRETARIA DE ADMINISTRAÇÃO E FINANÇAS; R$ 0,00; R$ 0,00; R$ 0,00; R$ 0,00; R$ 65.880,05; R$ 390.133,95; R$ 0,00; 0.0
 13210101010000; Rec. de Remun. Dep. Bancário/vinculados; Receitas Correntes; Receita Patrimonial; Valores Mobiliários; Remuneração de Depósitos Bancários - Principal; Juros e Correções Monetárias; Remuneração de Depósitos Bancários; ; Juros e Correções Monetárias; Remuneração de Depósitos Bancários; Não se aplica; Rec. de Remun. Dep. Bancário/vinculados; Arrecadações; SECRETARIA DE ADMINISTRAÇÃO E FINANÇAS; SECRETARIA DE ADMINISTRAÇÃO E FINANÇAS; SECRETARIA DE ADMINISTRAÇÃO E FINANÇAS; R$ 0,00; R$ 0,00; R$ 0,00; R$ 0,00; R$ 381,79; R$ 2.795,59; R$ 0,00; 0.0
 13210101010000; Rec. de Remun. Dep. Bancário/vinculados; Receitas Correntes; Receita Patrimonial; Valores Mobiliários; Remuneração de Depósitos Bancários - Principal; Juros e Correções Monetárias; Remuneração de Depósitos Bancários; ; Juros e Correções Monetárias; Remuneração de Depósitos Bancários; Não se aplica; Rec. de Remun. Dep. Bancário/vinculados; Arrecadações; SECRETARIA DE ADMINISTRAÇÃO E FINANÇAS; SECRETARIA DE ADMINISTRAÇÃO E FINANÇAS; SECRETARIA DE ADMINISTRAÇÃO E FINANÇAS; R$ 0,00; R$ 0,00; R$ 0,00; R$ 0,00; R$ 407,77; R$ 3.203,36; R$ 0,00; 0.0
 19110101010000; Multas de Trânsito; Receitas Correntes; Outras Receitas Correntes; Multas Administrativas, Contratuais e Judiciais; Multas Previstas em Legislação Específica - Principal; Multas Administrativas; Multas Previstas em Legislação Específica; ; Multas Administrativas; Multas Previstas em Legislação Específica; Não se aplica; Multas de Trânsito; Arrecadações; SECRETARIA DE ADMINISTRAÇÃO E FINANÇAS; SECRETARIA DE ADMINISTRAÇÃO E FINANÇAS; SECRETARIA DE ADMINISTRAÇÃO E FINANÇAS; R$ 0,00; R$ 0,00; R$ 0,00; R$ 0,00; R$ 83.308,73; R$ 473.442,68; R$ 0,00; 0.0
 13210101010000; Rec. de Remun. Dep. Bancário/vinculados; Receitas Correntes; Receita Patrimonial; Valores Mobiliários; Remuneração de Depósitos Bancários - Principal; Juros e Correções Monetárias; Remuneração de Depósitos Bancários; ; Juros e Correções Monetárias; Remuneração de Depósitos Bancários; Não se aplica; Rec. de Remun. Dep. Bancário/vinculados; Arrecadações; SECRETARIA DE ADMINISTRAÇÃO E FINANÇAS; SECRETARIA DE ADMINISTRAÇÃO E FINANÇAS; SECRETARIA DE ADMINISTRAÇÃO E FINANÇAS; R$ 0,00; R$ 0,00; R$ 0,00; R$ 0,00; R$ 334,38; R$ 3.537,74; R$ 0,00; 0.0
 19110101010000; Multas de Trânsito; Receitas Correntes; Outras Receitas Correntes; Multas Administrativas, Contratuais e Judiciais; Multas Previstas em Legislação Específica - Principal; Multas Administrativas; Multas Previstas em Legislação Específica; ; Multas Administrativas; Multas Previstas em Legislação Específica; Não se aplica; Multas de Trânsito; Arrecadações; SECRETARIA DE ADMINISTRAÇÃO E FINANÇAS; SECRETARIA DE ADMINISTRAÇÃO E FINANÇAS; SECRETARIA DE ADMINISTRAÇÃO E FINANÇAS; R$ 0,00; R$ 0,00; R$ 0,00; R$ 0,00; R$ 64.895,62; R$ 538.338,30; R$ 0,00; 0.0
 19110101010000; Multas de Trânsito; Receitas Correntes; Outras Receitas Correntes; Multas Administrativas, Contratuais e Judiciais; Multas Previstas em Legislação Específica - Principal; Multas Administrativas; Multas Previstas em Legislação Específica; ; Multas Administrativas; Multas Previstas em Legislação Específica; Não se aplica; Multas de Trânsito; Arrecadações; SECRETARIA DE ADMINISTRAÇÃO E FINANÇAS; SECRETARIA DE ADMINISTRAÇÃO E FINANÇAS; SECRETARIA DE ADMINISTRAÇÃO E FINANÇAS; R$ 0,00; R$ 0,00; R$ 0,00; R$ 0,00; R$ 74.140,11; R$ 612.478,41; R$ 0,00; 0.0
 13210101010000; Rec. de Remun. Dep. Bancário/vinculados; Receitas Correntes; Receita Patrimonial; Valores Mobiliários; Remuneração de Depósitos Bancários - Principal; Juros e Correções Monetárias; Remuneração de Depósitos Bancários; ; Juros e Correções Monetárias; Remuneração de Depósitos Bancários; Não se aplica; Rec. de Remun. Dep. Bancário/vinculados; Arrecadações; SECRETARIA DE ADMINISTRAÇÃO E FINANÇAS; SECRETARIA DE ADMINISTRAÇÃO E FINANÇAS; SECRETARIA DE ADMINISTRAÇÃO E FINANÇAS; R$ 0,00; R$ 0,00; R$ 0,00; R$ 0,00; R$ 270,03; R$ 3.807,77; R$ 0,00; 0.0
 13210101010000; Rec. de Remun. Dep. Bancário/vinculados; Receitas Correntes; Receita Patrimonial; Valores Mobiliários; Remuneração de Depósitos Bancários - Principal; Juros e Correções Monetárias; Remuneração de Depósitos Bancários; ; Juros e Correções Monetárias; Remuneração de Depósitos Bancários; Não se aplica; Rec. de Remun. Dep. Bancário/vinculados; Arrecadações; SECRETARIA DE ADMINISTRAÇÃO E FINANÇAS; SECRETARIA DE ADMINISTRAÇÃO E FINANÇAS; SECRETARIA DE ADMINISTRAÇÃO E FINANÇAS; R$ 0,00; R$ 0,00; R$ 0,00; R$ 0,00; R$ 643,89; R$ 4.451,66; R$ 0,00; 0.0
 19110101010000; Multas de Trânsito; Receitas Correntes; Outras Receitas Correntes; Multas Administrativas, Contratuais e Judiciais; Multas Previstas em Legislação Específica - Principal; Multas Administrativas; Multas Previstas em Legislação Específica; ; Multas Administrativas; Multas Previstas em Legislação Específica; Não se aplica; Multas de Trânsito; Arrecadações; SECRETARIA DE ADMINISTRAÇÃO E FINANÇAS; SECRETARIA DE ADMINISTRAÇÃO E FINANÇAS; SECRETARIA DE ADMINISTRAÇÃO E FINANÇAS; R$ 0,00; R$ 0,00; R$ 0,00; R$ 0,00; R$ 78.206,10; R$ 690.684,51; R$ 0,00; 0.0
 19110101010000; Multas de Trânsito; Receitas Correntes; Outras Receitas Correntes; Multas Administrativas, Contratuais e Judiciais; Multas Previstas em Legislação Específica - Principal; Multas Administrativas; Multas Previstas em Legislação Específica; ; Multas Administrativas; Multas Previstas em Legislação Específica; Não se aplica; Multas de Trânsito; Arrecadações; SECRETARIA DE ADMINISTRAÇÃO E FINANÇAS; SECRETARIA DE ADMINISTRAÇÃO E FINANÇAS; SECRETARIA DE ADMINISTRAÇÃO E FINANÇAS; R$ 0,00; R$ 0,00; R$ 0,00; R$ 0,00; R$ 66.848,43; R$ 757.532,94; R$ 0,00; 0.0
 13210101010000; Rec. de Remun. Dep. Bancário/vinculados; Receitas Correntes; Receita Patrimonial; Valores Mobiliários; Remuneração de Depósitos Bancários - Principal; Juros e Correções Monetárias; Remuneração de Depósitos Bancários; ; Juros e Correções Monetárias; Remuneração de Depósitos Bancários; Não se aplica; Rec. de Remun. Dep. Bancário/vinculados; Arrecadações; SECRETARIA DE ADMINISTRAÇÃO E FINANÇAS; SECRETARIA DE ADMINISTRAÇÃO E FINANÇAS; SECRETARIA DE ADMINISTRAÇÃO E FINANÇAS; R$ 0,00; R$ 0,00; R$ 0,00; R$ 0,00; R$ 340,66; R$ 4.792,32; R$ 0,00; 0.0
 17145001000000; Transferências doSalário-Educação - Principal; Receitas Correntes; Transferências Correntes; Transferências da União e de suas Entidades; Transferências doSalário-Educação - Principal; Transferências de Recursos do Fundo Nacional do Desenvolvimento da Educação  FNDE?; Transferências doSalário-Educação; ; Transferências de Recursos do Fundo Nacional do Desenvolvimento da Educação  FNDE?; Transferências doSalário-Educação; Não se aplica; Transferências doSalário-Educação - Principal; Arrecadações; SECRETARIA DE ADMINISTRAÇÃO E FINANÇAS; SECRETARIA DE ADMINISTRAÇÃO E FINANÇAS; SECRETARIA DE ADMINISTRAÇÃO E FINANÇAS; R$ 1.181.031,00; R$ 1.181.031,00; R$ 0,00; R$ 0,00; R$ 168.391,22; R$ 168.391,22; R$ 1.181.031,00; 14.26
 17145001000000; Transferências doSalário-Educação - Principal; Receitas Correntes; Transferências Correntes; Transferências da União e de suas Entidades; Transferências doSalário-Educação - Principal; Transferências de Recursos do Fundo Nacional do Desenvolvimento da Educação  FNDE?; Transferências doSalário-Educação; ; Transferências de Recursos do Fundo Nacional do Desenvolvimento da Educação  FNDE?; Transferências doSalário-Educação; Não se aplica; Transferências doSalário-Educação - Principal; Arrecadações; SECRETARIA DE ADMINISTRAÇÃO E FINANÇAS; SECRETARIA DE ADMINISTRAÇÃO E FINANÇAS; SECRETARIA DE ADMINISTRAÇÃO E FINANÇAS; R$ 0,00; R$ 0,00; R$ 0,00; R$ 0,00; R$ 106.539,60; R$ 274.930,82; R$ 0,00; 0.0
 17145001000000; Transferências doSalário-Educação - Principal; Receitas Correntes; Transferências Correntes; Transferências da União e de suas Entidades; Transferências doSalário-Educação - Principal; Transferências de Recursos do Fundo Nacional do Desenvolvimento da Educação  FNDE?; Transferências doSalário-Educação; ; Transferências de Recursos do Fundo Nacional do Desenvolvimento da Educação  FNDE?; Transferências doSalário-Educação; Não se aplica; Transferências doSalário-Educação - Principal; Arrecadações; SECRETARIA DE ADMINISTRAÇÃO E FINANÇAS; SECRETARIA DE ADMINISTRAÇÃO E FINANÇAS; SECRETARIA DE ADMINISTRAÇÃO E FINANÇAS; R$ 0,00; R$ 0,00; R$ 0,00; R$ 0,00; R$ 106.335,86; R$ 381.266,68; R$ 0,00; 0.0
 17145001000000; Transferências doSalário-Educação - Principal; Receitas Correntes; Transferências Correntes; Transferências da União e de suas Entidades; Transferências doSalário-Educação - Principal; Transferências de Recursos do Fundo Nacional do Desenvolvimento da Educação  FNDE?; Transferências doSalário-Educação; ; Transferências de Recursos do Fundo Nacional do Desenvolvimento da Educação  FNDE?; Transferências doSalário-Educação; Não se aplica; Transferências doSalário-Educação - Principal; Arrecadações; SECRETARIA DE ADMINISTRAÇÃO E FINANÇAS; SECRETARIA DE ADMINISTRAÇÃO E FINANÇAS; SECRETARIA DE ADMINISTRAÇÃO E FINANÇAS; R$ 0,00; R$ 0,00; R$ 0,00; R$ 0,00; R$ 105.328,43; R$ 486.595,11; R$ 0,00; 0.0
 17145001000000; Transferências doSalário-Educação - Principal; Receitas Correntes; Transferências Correntes; Transferências da União e de suas Entidades; Transferências doSalário-Educação - Principal; Transferências de Recursos do Fundo Nacional do Desenvolvimento da Educação  FNDE?; Transferências doSalário-Educação; ; Transferências de Recursos do Fundo Nacional do Desenvolvimento da Educação  FNDE?; Transferências doSalário-Educação; Não se aplica; Transferências doSalário-Educação - Principal; Arrecadações; SECRETARIA DE ADMINISTRAÇÃO E FINANÇAS; SECRETARIA DE ADMINISTRAÇÃO E FINANÇAS; SECRETARIA DE ADMINISTRAÇÃO E FINANÇAS; R$ 0,00; R$ 0,00; R$ 0,00; R$ 0,00; R$ 105.081,48; R$ 591.676,59; R$ 0,00; 0.0
 17145001000000; Transferências doSalário-Educação - Principal; Receitas Correntes; Transferências Correntes; Transferências da União e de suas Entidades; Transferências doSalário-Educação - Principal; Transferências de Recursos do Fundo Nacional do Desenvolvimento da Educação  FNDE?; Transferências doSalário-Educação; ; Transferências de Recursos do Fundo Nacional do Desenvolvimento da Educação  FNDE?; Transferências doSalário-Educação; Não se aplica; Transferências doSalário-Educação - Principal; Arrecadações; SECRETARIA DE ADMINISTRAÇÃO E FINANÇAS; SECRETARIA DE ADMINISTRAÇÃO E FINANÇAS; SECRETARIA DE ADMINISTRAÇÃO E FINANÇAS; R$ 0,00; R$ 0,00; R$ 0,00; R$ 0,00; R$ 108.290,78; R$ 699.967,37; R$ 0,00; 0.0
 17145001000000; Transferências doSalário-Educação - Principal; Receitas Correntes; Transferências Correntes; Transferências da União e de suas Entidades; Transferências doSalário-Educação - Principal; Transferências de Recursos do Fundo Nacional do Desenvolvimento da Educação  FNDE?; Transferências doSalário-Educação; ; Transferências de Recursos do Fundo Nacional do Desenvolvimento da Educação  FNDE?; Transferências doSalário-Educação; Não se aplica; Transferências doSalário-Educação - Principal; Arrecadações; SECRETARIA DE ADMINISTRAÇÃO E FINANÇAS; SECRETARIA DE ADMINISTRAÇÃO E FINANÇAS; SECRETARIA DE ADMINISTRAÇÃO E FINANÇAS; R$ 0,00; R$ 0,00; R$ 0,00; R$ 0,00; R$ 111.934,26; R$ 811.901,63; R$ 0,00; 0.0
 17145001000000; Transferências doSalário-Educação - Principal; Receitas Correntes; Transferências Correntes; Transferências da União e de suas Entidades; Transferências doSalário-Educação - Principal; Transferências de Recursos do Fundo Nacional do Desenvolvimento da Educação  FNDE?; Transferências doSalário-Educação; ; Transferências de Recursos do Fundo Nacional do Desenvolvimento da Educação  FNDE?; Transferências doSalário-Educação; Não se aplica; Transferências doSalário-Educação - Principal; Arrecadações; SECRETARIA DE ADMINISTRAÇÃO E FINANÇAS; SECRETARIA DE ADMINISTRAÇÃO E FINANÇAS; SECRETARIA DE ADMINISTRAÇÃO E FINANÇAS; R$ 0,00; R$ 0,00; R$ 0,00; R$ 0,00; R$ 102.294,17; R$ 914.195,80; R$ 0,00; 0.0
 17145001000000; Transferências doSalário-Educação - Principal; Receitas Correntes; Transferências Correntes; Transferências da União e de suas Entidades; Transferências doSalário-Educação - Principal; Transferências de Recursos do Fundo Nacional do Desenvolvimento da Educação  FNDE?; Transferências doSalário-Educação; ; Transferências de Recursos do Fundo Nacional do Desenvolvimento da Educação  FNDE?; Transferências doSalário-Educação; Não se aplica; Transferências doSalário-Educação - Principal; Arrecadações; SECRETARIA DE ADMINISTRAÇÃO E FINANÇAS; SECRETARIA DE ADMINISTRAÇÃO E FINANÇAS; SECRETARIA DE ADMINISTRAÇÃO E FINANÇAS; R$ 0,00; R$ 0,00; R$ 0,00; R$ 0,00; R$ 101.638,89; R$ 1.015.834,69; R$ 0,00; 0.0
 17145001000000; Transferências doSalário-Educação - Principal; Receitas Correntes; Transferências Correntes; Transferências da União e de suas Entidades; Transferências doSalário-Educação - Principal; Transferências de Recursos do Fundo Nacional do Desenvolvimento da Educação  FNDE?; Transferências doSalário-Educação; ; Transferências de Recursos do Fundo Nacional do Desenvolvimento da Educação  FNDE?; Transferências doSalário-Educação; Não se aplica; Transferências doSalário-Educação - Principal; Arrecadações; SECRETARIA DE ADMINISTRAÇÃO E FINANÇAS; SECRETARIA DE ADMINISTRAÇÃO E FINANÇAS; SECRETARIA DE ADMINISTRAÇÃO E FINANÇAS; R$ 0,00; R$ 0,00; R$ 0,00; R$ 0,00; R$ 112.042,83; R$ 1.127.877,52; R$ 0,00; 0.0
 17145001000000; Transferências doSalário-Educação - Principal; Receitas Correntes; Transferências Correntes; Transferências da União e de suas Entidades; Transferências doSalário-Educação - Principal; Transferências de Recursos do Fundo Nacional do Desenvolvimento da Educação  FNDE?; Transferências doSalário-Educação; ; Transferências de Recursos do Fundo Nacional do Desenvolvimento da Educação  FNDE?; Transferências doSalário-Educação; Não se aplica; Transferências doSalário-Educação - Principal; Arrecadações; SECRETARIA DE ADMINISTRAÇÃO E FINANÇAS; SECRETARIA DE ADMINISTRAÇÃO E FINANÇAS; SECRETARIA DE ADMINISTRAÇÃO E FINANÇAS; R$ 0,00; R$ 0,00; R$ 0,00; R$ 0,00; R$ 106.214,36; R$ 1.234.091,88; R$ 0,00; 0.0
 17145001000000; Transferências doSalário-Educação - Principal; Receitas Correntes; Transferências Correntes; Transferências da União e de suas Entidades; Transferências doSalário-Educação - Principal; Transferências de Recursos do Fundo Nacional do Desenvolvimento da Educação  FNDE?; Transferências doSalário-Educação; ; Transferências de Recursos do Fundo Nacional do Desenvolvimento da Educação  FNDE?; Transferências doSalário-Educação; Não se aplica; Transferências doSalário-Educação - Principal; Arrecadações; SECRETARIA DE ADMINISTRAÇÃO E FINANÇAS; SECRETARIA DE ADMINISTRAÇÃO E FINANÇAS; SECRETARIA DE ADMINISTRAÇÃO E FINANÇAS; R$ 0,00; R$ 0,00; R$ 0,00; R$ 0,00; R$ 105.143,64; R$ 1.339.235,52; R$ 0,00; 0.0
 17195801000000; Transferência Obrigatória Decorrente da Lei Complementar n 176/2020 - Principal; Receitas Correntes; Transferências Correntes; Transferências da União e de suas Entidades; Transferência Obrigatória Decorrente da Lei Complementar n 176/2020 - Principal; Outras Transferências de Recursos da União e de suas Entidades; Transferência Obrigatória Decorrente da Lei Complementar n 176/2020; ; Outras Transferências de Recursos da União e de suas Entidades; Transferência Obrigatória Decorrente da Lei Complementar n 176/2020; Não se aplica; Transferência Obrigatória Decorrente da Lei Complementar n 176/2020 - Principal; Arrecadações; SECRETARIA DE ADMINISTRAÇÃO E FINANÇAS; SECRETARIA DE ADMINISTRAÇÃO E FINANÇAS; SECRETARIA DE ADMINISTRAÇÃO E FINANÇAS; R$ 32.459,00; R$ 32.459,00; R$ 0,00; R$ 0,00; R$ 1.630,99; R$ 1.630,99; R$ 32.459,00; 5.02
 17195801000000; Transferência Obrigatória Decorrente da Lei Complementar n 176/2020 - Principal; Receitas Correntes; Transferências Correntes; Transferências da União e de suas Entidades; Transferência Obrigatória Decorrente da Lei Complementar n 176/2020 - Principal; Outras Transferências de Recursos da União e de suas Entidades; Transferência Obrigatória Decorrente da Lei Complementar n 176/2020; ; Outras Transferências de Recursos da União e de suas Entidades; Transferência Obrigatória Decorrente da Lei Complementar n 176/2020; Não se aplica; Transferência Obrigatória Decorrente da Lei Complementar n 176/2020 - Principal; Arrecadações; SECRETARIA DE ADMINISTRAÇÃO E FINANÇAS; SECRETARIA DE ADMINISTRAÇÃO E FINANÇAS; SECRETARIA DE ADMINISTRAÇÃO E FINANÇAS; R$ 0,00; R$ 0,00; R$ 0,00; R$ 0,00; R$ 1.630,99; R$ 3.261,98; R$ 0,00; 0.0
 17195801000000; Transferência Obrigatória Decorrente da Lei Complementar n 176/2020 - Principal; Receitas Correntes; Transferências Correntes; Transferências da União e de suas Entidades; Transferência Obrigatória Decorrente da Lei Complementar n 176/2020 - Principal; Outras Transferências de Recursos da União e de suas Entidades; Transferência Obrigatória Decorrente da Lei Complementar n 176/2020; ; Outras Transferências de Recursos da União e de suas Entidades; Transferência Obrigatória Decorrente da Lei Complementar n 176/2020; Não se aplica; Transferência Obrigatória Decorrente da Lei Complementar n 176/2020 - Principal; Arrecadações; SECRETARIA DE ADMINISTRAÇÃO E FINANÇAS; SECRETARIA DE ADMINISTRAÇÃO E FINANÇAS; SECRETARIA DE ADMINISTRAÇÃO E FINANÇAS; R$ 0,00; R$ 0,00; R$ 0,00; R$ 0,00; R$ 1.630,99; R$ 4.892,97; R$ 0,00; 0.0
 17195801000000; Transferência Obrigatória Decorrente da Lei Complementar n 176/2020 - Principal; Receitas Correntes; Transferências Correntes; Transferências da União e de suas Entidades; Transferência Obrigatória Decorrente da Lei Complementar n 176/2020 - Principal; Outras Transferências de Recursos da União e de suas Entidades; Transferência Obrigatória Decorrente da Lei Complementar n 176/2020; ; Outras Transferências de Recursos da União e de suas Entidades; Transferência Obrigatória Decorrente da Lei Complementar n 176/2020; Não se aplica; Transferência Obrigatória Decorrente da Lei Complementar n 176/2020 - Principal; Arrecadações; SECRETARIA DE ADMINISTRAÇÃO E FINANÇAS; SECRETARIA DE ADMINISTRAÇÃO E FINANÇAS; SECRETARIA DE ADMINISTRAÇÃO E FINANÇAS; R$ 0,00; R$ 0,00; R$ 0,00; R$ 0,00; R$ 1.630,99; R$ 6.523,96; R$ 0,00; 0.0
 17195801000000; Transferência Obrigatória Decorrente da Lei Complementar n 176/2020 - Principal; Receitas Correntes; Transferências Correntes; Transferências da União e de suas Entidades; Transferência Obrigatória Decorrente da Lei Complementar n 176/2020 - Principal; Outras Transferências de Recursos da União e de suas Entidades; Transferência Obrigatória Decorrente da Lei Complementar n 176/2020; ; Outras Transferências de Recursos da União e de suas Entidades; Transferência Obrigatória Decorrente da Lei Complementar n 176/2020; Não se aplica; Transferência Obrigatória Decorrente da Lei Complementar n 176/2020 - Principal; Arrecadações; SECRETARIA DE ADMINISTRAÇÃO E FINANÇAS; SECRETARIA DE ADMINISTRAÇÃO E FINANÇAS; SECRETARIA DE ADMINISTRAÇÃO E FINANÇAS; R$ 0,00; R$ 0,00; R$ 0,00; R$ 0,00; R$ 1.630,99; R$ 8.154,95; R$ 0,00; 0.0
 17195801000000; Transferência Obrigatória Decorrente da Lei Complementar n 176/2020 - Principal; Receitas Correntes; Transferências Correntes; Transferências da União e de suas Entidades; Transferência Obrigatória Decorrente da Lei Complementar n 176/2020 - Principal; Outras Transferências de Recursos da União e de suas Entidades; Transferência Obrigatória Decorrente da Lei Complementar n 176/2020; ; Outras Transferências de Recursos da União e de suas Entidades; Transferência Obrigatória Decorrente da Lei Complementar n 176/2020; Não se aplica; Transferência Obrigatória Decorrente da Lei Complementar n 176/2020 - Principal; Arrecadações; SECRETARIA DE ADMINISTRAÇÃO E FINANÇAS; SECRETARIA DE ADMINISTRAÇÃO E FINANÇAS; SECRETARIA DE ADMINISTRAÇÃO E FINANÇAS; R$ 0,00; R$ 0,00; R$ 0,00; R$ 0,00; R$ 1.630,99; R$ 9.785,94; R$ 0,00; 0.0
 17195801000000; Transferência Obrigatória Decorrente da Lei Complementar n 176/2020 - Principal; Receitas Correntes; Transferências Correntes; Transferências da União e de suas Entidades; Transferência Obrigatória Decorrente da Lei Complementar n 176/2020 - Principal; Outras Transferências de Recursos da União e de suas Entidades; Transferência Obrigatória Decorrente da Lei Complementar n 176/2020; ; Outras Transferências de Recursos da União e de suas Entidades; Transferência Obrigatória Decorrente da Lei Complementar n 176/2020; Não se aplica; Transferência Obrigatória Decorrente da Lei Complementar n 176/2020 - Principal; Arrecadações; SECRETARIA DE ADMINISTRAÇÃO E FINANÇAS; SECRETARIA DE ADMINISTRAÇÃO E FINANÇAS; SECRETARIA DE ADMINISTRAÇÃO E FINANÇAS; R$ 0,00; R$ 0,00; R$ 0,00; R$ 0,00; R$ 1.630,99; R$ 11.416,93; R$ 0,00; 0.0
 17195801000000; Transferência Obrigatória Decorrente da Lei Complementar n 176/2020 - Principal; Receitas Correntes; Transferências Correntes; Transferências da União e de suas Entidades; Transferência Obrigatória Decorrente da Lei Complementar n 176/2020 - Principal; Outras Transferências de Recursos da União e de suas Entidades; Transferência Obrigatória Decorrente da Lei Complementar n 176/2020; ; Outras Transferências de Recursos da União e de suas Entidades; Transferência Obrigatória Decorrente da Lei Complementar n 176/2020; Não se aplica; Transferência Obrigatória Decorrente da Lei Complementar n 176/2020 - Principal; Arrecadações; SECRETARIA DE ADMINISTRAÇÃO E FINANÇAS; SECRETARIA DE ADMINISTRAÇÃO E FINANÇAS; SECRETARIA DE ADMINISTRAÇÃO E FINANÇAS; R$ 0,00; R$ 0,00; R$ 0,00; R$ 0,00; R$ 1.630,99; R$ 13.047,92; R$ 0,00; 0.0
 17195801000000; Transferência Obrigatória Decorrente da Lei Complementar n 176/2020 - Principal; Receitas Correntes; Transferências Correntes; Transferências da União e de suas Entidades; Transferência Obrigatória Decorrente da Lei Complementar n 176/2020 - Principal; Outras Transferências de Recursos da União e de suas Entidades; Transferência Obrigatória Decorrente da Lei Complementar n 176/2020; ; Outras Transferências de Recursos da União e de suas Entidades; Transferência Obrigatória Decorrente da Lei Complementar n 176/2020; Não se aplica; Transferência Obrigatória Decorrente da Lei Complementar n 176/2020 - Principal; Arrecadações; SECRETARIA DE ADMINISTRAÇÃO E FINANÇAS; SECRETARIA DE ADMINISTRAÇÃO E FINANÇAS; SECRETARIA DE ADMINISTRAÇÃO E FINANÇAS; R$ 0,00; R$ 0,00; R$ 0,00; R$ 0,00; R$ 1.630,99; R$ 14.678,91; R$ 0,00; 0.0
 17195801000000; Transferência Obrigatória Decorrente da Lei Complementar n 176/2020 - Principal; Receitas Correntes; Transferências Correntes; Transferências da União e de suas Entidades; Transferência Obrigatória Decorrente da Lei Complementar n 176/2020 - Principal; Outras Transferências de Recursos da União e de suas Entidades; Transferência Obrigatória Decorrente da Lei Complementar n 176/2020; ; Outras Transferências de Recursos da União e de suas Entidades; Transferência Obrigatória Decorrente da Lei Complementar n 176/2020; Não se aplica; Transferência Obrigatória Decorrente da Lei Complementar n 176/2020 - Principal; Arrecadações; SECRETARIA DE ADMINISTRAÇÃO E FINANÇAS; SECRETARIA DE ADMINISTRAÇÃO E FINANÇAS; SECRETARIA DE ADMINISTRAÇÃO E FINANÇAS; R$ 0,00; R$ 0,00; R$ 0,00; R$ 0,00; R$ 1.630,99; R$ 16.309,90; R$ 0,00; 0.0
 17195801000000; Transferência Obrigatória Decorrente da Lei Complementar n 176/2020 - Principal; Receitas Correntes; Transferências Correntes; Transferências da União e de suas Entidades; Transferência Obrigatória Decorrente da Lei Complementar n 176/2020 - Principal; Outras Transferências de Recursos da União e de suas Entidades; Transferência Obrigatória Decorrente da Lei Complementar n 176/2020; ; Outras Transferências de Recursos da União e de suas Entidades; Transferência Obrigatória Decorrente da Lei Complementar n 176/2020; Não se aplica; Transferência Obrigatória Decorrente da Lei Complementar n 176/2020 - Principal; Arrecadações; SECRETARIA DE ADMINISTRAÇÃO E FINANÇAS; SECRETARIA DE ADMINISTRAÇÃO E FINANÇAS; SECRETARIA DE ADMINISTRAÇÃO E FINANÇAS; R$ 0,00; R$ 0,00; R$ 0,00; R$ 0,00; R$ 1.630,99; R$ 17.940,89; R$ 0,00; 0.0
 17195801000000; Transferência Obrigatória Decorrente da Lei Complementar n 176/2020 - Principal; Receitas Correntes; Transferências Correntes; Transferências da União e de suas Entidades; Transferência Obrigatória Decorrente da Lei Complementar n 176/2020 - Principal; Outras Transferências de Recursos da União e de suas Entidades; Transferência Obrigatória Decorrente da Lei Complementar n 176/2020; ; Outras Transferências de Recursos da União e de suas Entidades; Transferência Obrigatória Decorrente da Lei Complementar n 176/2020; Não se aplica; Transferência Obrigatória Decorrente da Lei Complementar n 176/2020 - Principal; Arrecadações; SECRETARIA DE ADMINISTRAÇÃO E FINANÇAS; SECRETARIA DE ADMINISTRAÇÃO E FINANÇAS; SECRETARIA DE ADMINISTRAÇÃO E FINANÇAS; R$ 0,00; R$ 0,00; R$ 0,00; R$ 0,00; R$ 1.630,99; R$ 19.571,88; R$ 0,00; 0.0
 17215001000000; Cota-Parte do ICMS - Principal; Receitas Correntes; Transferências Correntes; Transferências dos Estados e do Distrito Federal e de suas Entidades; Cota-Parte do ICMS - Principal; Participação na Receita dos Estados e Distrito Federal; Cota-Parte do ICMS; ; Participação na Receita dos Estados e Distrito Federal; Cota-Parte do ICMS; Não se aplica; Cota-Parte do ICMS - Principal; Arrecadações; SECRETARIA DE ADMINISTRAÇÃO E FINANÇAS; SECRETARIA DE ADMINISTRAÇÃO E FINANÇAS; SECRETARIA DE ADMINISTRAÇÃO E FINANÇAS; R$ 11.578.526,00; R$ 11.578.526,00; R$ 2.315.705,00; R$ 0,00; R$ 734.694,03; R$ 734.694,03; R$ 9.262.821,00; 5.95
 17215001000000; Cota-Parte do ICMS - Principal; Receitas Correntes; Transferências Correntes; Transferências dos Estados e do Distrito Federal e de suas Entidades; Cota-Parte do ICMS - Principal; Participação na Receita dos Estados e Distrito Federal; Cota-Parte do ICMS; ; Participação na Receita dos Estados e Distrito Federal; Cota-Parte do ICMS; Não se aplica; Cota-Parte do ICMS - Principal; Arrecadações; SECRETARIA DE ADMINISTRAÇÃO E FINANÇAS; SECRETARIA DE ADMINISTRAÇÃO E FINANÇAS; SECRETARIA DE ADMINISTRAÇÃO E FINANÇAS; R$ 0,00; R$ 0,00; R$ 0,00; R$ 0,00; R$ 714.951,26; R$ 1.449.645,29; R$ 0,00; 0.0
 17215001000000; Cota-Parte do ICMS - Principal; Receitas Correntes; Transferências Correntes; Transferências dos Estados e do Distrito Federal e de suas Entidades; Cota-Parte do ICMS - Principal; Participação na Receita dos Estados e Distrito Federal; Cota-Parte do ICMS; ; Participação na Receita dos Estados e Distrito Federal; Cota-Parte do ICMS; Não se aplica; Cota-Parte do ICMS - Principal; Arrecadações; SECRETARIA DE ADMINISTRAÇÃO E FINANÇAS; SECRETARIA DE ADMINISTRAÇÃO E FINANÇAS; SECRETARIA DE ADMINISTRAÇÃO E FINANÇAS; R$ 0,00; R$ 0,00; R$ 0,00; R$ 0,00; R$ 700.017,14; R$ 2.149.662,43; R$ 0,00; 0.0
 17215001000000; Cota-Parte do ICMS - Principal; Receitas Correntes; Transferências Correntes; Transferências dos Estados e do Distrito Federal e de suas Entidades; Cota-Parte do ICMS - Principal; Participação na Receita dos Estados e Distrito Federal; Cota-Parte do ICMS; ; Participação na Receita dos Estados e Distrito Federal; Cota-Parte do ICMS; Não se aplica; Cota-Parte do ICMS - Principal; Arrecadações; SECRETARIA DE ADMINISTRAÇÃO E FINANÇAS; SECRETARIA DE ADMINISTRAÇÃO E FINANÇAS; SECRETARIA DE ADMINISTRAÇÃO E FINANÇAS; R$ 0,00; R$ 0,00; R$ 0,00; R$ 0,00; R$ 738.694,84; R$ 2.888.357,27; R$ 0,00; 0.0
 17215001000000; Cota-Parte do ICMS - Principal; Receitas Correntes; Transferências Correntes; Transferências dos Estados e do Distrito Federal e de suas Entidades; Cota-Parte do ICMS - Principal; Participação na Receita dos Estados e Distrito Federal; Cota-Parte do ICMS; ; Participação na Receita dos Estados e Distrito Federal; Cota-Parte do ICMS; Não se aplica; Cota-Parte do ICMS - Principal; Arrecadações; SECRETARIA DE ADMINISTRAÇÃO E FINANÇAS; SECRETARIA DE ADMINISTRAÇÃO E FINANÇAS; SECRETARIA DE ADMINISTRAÇÃO E FINANÇAS; R$ 0,00; R$ 0,00; R$ 0,00; R$ 0,00; R$ 703.983,86; R$ 3.592.341,13; R$ 0,00; 0.0
 17215001000000; Cota-Parte do ICMS - Principal; Receitas Correntes; Transferências Correntes; Transferências dos Estados e do Distrito Federal e de suas Entidades; Cota-Parte do ICMS - Principal; Participação na Receita dos Estados e Distrito Federal; Cota-Parte do ICMS; ; Participação na Receita dos Estados e Distrito Federal; Cota-Parte do ICMS; Não se aplica; Cota-Parte do ICMS - Principal; Arrecadações; SECRETARIA DE ADMINISTRAÇÃO E FINANÇAS; SECRETARIA DE ADMINISTRAÇÃO E FINANÇAS; SECRETARIA DE ADMINISTRAÇÃO E FINANÇAS; R$ 0,00; R$ 0,00; R$ 0,00; R$ 0,00; R$ 695.235,35; R$ 4.287.576,48; R$ 0,00; 0.0
 17215001000000; Cota-Parte do ICMS - Principal; Receitas Correntes; Transferências Correntes; Transferências dos Estados e do Distrito Federal e de suas Entidades; Cota-Parte do ICMS - Principal; Participação na Receita dos Estados e Distrito Federal; Cota-Parte do ICMS; ; Participação na Receita dos Estados e Distrito Federal; Cota-Parte do ICMS; Não se aplica; Cota-Parte do ICMS - Principal; Arrecadações; SECRETARIA DE ADMINISTRAÇÃO E FINANÇAS; SECRETARIA DE ADMINISTRAÇÃO E FINANÇAS; SECRETARIA DE ADMINISTRAÇÃO E FINANÇAS; R$ 0,00; R$ 0,00; R$ 0,00; R$ 0,00; R$ 667.918,06; R$ 4.955.494,54; R$ 0,00; 0.0
 17215001000000; Cota-Parte do ICMS - Principal; Receitas Correntes; Transferências Correntes; Transferências dos Estados e do Distrito Federal e de suas Entidades; Cota-Parte do ICMS - Principal; Participação na Receita dos Estados e Distrito Federal; Cota-Parte do ICMS; ; Participação na Receita dos Estados e Distrito Federal; Cota-Parte do ICMS; Não se aplica; Cota-Parte do ICMS - Principal; Arrecadações; SECRETARIA DE ADMINISTRAÇÃO E FINANÇAS; SECRETARIA DE ADMINISTRAÇÃO E FINANÇAS; SECRETARIA DE ADMINISTRAÇÃO E FINANÇAS; R$ 0,00; R$ 0,00; R$ 0,00; R$ 0,00; R$ 699.579,68; R$ 5.655.074,22; R$ 0,00; 0.0
 17215001000000; Cota-Parte do ICMS - Principal; Receitas Correntes; Transferências Correntes; Transferências dos Estados e do Distrito Federal e de suas Entidades; Cota-Parte do ICMS - Principal; Participação na Receita dos Estados e Distrito Federal; Cota-Parte do ICMS; ; Participação na Receita dos Estados e Distrito Federal; Cota-Parte do ICMS; Não se aplica; Cota-Parte do ICMS - Principal; Arrecadações; SECRETARIA DE ADMINISTRAÇÃO E FINANÇAS; SECRETARIA DE ADMINISTRAÇÃO E FINANÇAS; SECRETARIA DE ADMINISTRAÇÃO E FINANÇAS; R$ 0,00; R$ 0,00; R$ 0,00; R$ 0,00; R$ 696.039,31; R$ 6.351.113,53; R$ 0,00; 0.0
 17215001000000; Cota-Parte do ICMS - Principal; Receitas Correntes; Transferências Correntes; Transferências dos Estados e do Distrito Federal e de suas Entidades; Cota-Parte do ICMS - Principal; Participação na Receita dos Estados e Distrito Federal; Cota-Parte do ICMS; ; Participação na Receita dos Estados e Distrito Federal; Cota-Parte do ICMS; Não se aplica; Cota-Parte do ICMS - Principal; Arrecadações; SECRETARIA DE ADMINISTRAÇÃO E FINANÇAS; SECRETARIA DE ADMINISTRAÇÃO E FINANÇAS; SECRETARIA DE ADMINISTRAÇÃO E FINANÇAS; R$ 0,00; R$ 0,00; R$ 0,00; R$ 0,00; R$ 703.985,40; R$ 7.055.098,93; R$ 0,00; 0.0
 17215001000000; Cota-Parte do ICMS - Principal; Receitas Correntes; Transferências Correntes; Transferências dos Estados e do Distrito Federal e de suas Entidades; Cota-Parte do ICMS - Principal; Participação na Receita dos Estados e Distrito Federal; Cota-Parte do ICMS; ; Participação na Receita dos Estados e Distrito Federal; Cota-Parte do ICMS; Não se aplica; Cota-Parte do ICMS - Principal; Arrecadações; SECRETARIA DE ADMINISTRAÇÃO E FINANÇAS; SECRETARIA DE ADMINISTRAÇÃO E FINANÇAS; SECRETARIA DE ADMINISTRAÇÃO E FINANÇAS; R$ 0,00; R$ 0,00; R$ 0,00; R$ 0,00; R$ 746.093,96; R$ 7.801.192,89; R$ 0,00; 0.0
 17215001000000; Cota-Parte do ICMS - Principal; Receitas Correntes; Transferências Correntes; Transferências dos Estados e do Distrito Federal e de suas Entidades; Cota-Parte do ICMS - Principal; Participação na Receita dos Estados e Distrito Federal; Cota-Parte do ICMS; ; Participação na Receita dos Estados e Distrito Federal; Cota-Parte do ICMS; Não se aplica; Cota-Parte do ICMS - Principal; Arrecadações; SECRETARIA DE ADMINISTRAÇÃO E FINANÇAS; SECRETARIA DE ADMINISTRAÇÃO E FINANÇAS; SECRETARIA DE ADMINISTRAÇÃO E FINANÇAS; R$ 0,00; R$ 0,00; R$ 0,00; R$ 0,00; R$ 752.755,25; R$ 8.553.948,14; R$ 0,00; 0.0
 24149901000000; Outras Transferências de Convênios da União e de Suas Entidades - Principal; Receitas de Capital; Transferências de Capital; Transferências da União e de suas Entidades; Outras Transferências de Convênios da União e de Suas Entidades - Principal; Transferências de Convênios da União e de suas Entidades; Outras Transferências de Convênios da União e de Suas Entidades; ; Transferências de Convênios da União e de suas Entidades; Outras Transferências de Convênios da União e de Suas Entidades; Não se aplica; Outras Transferências de Convênios da União e de Suas Entidades - Principal; Arrecadações; SECRETARIA DE ADMINISTRAÇÃO E FINANÇAS; SECRETARIA DE ADMINISTRAÇÃO E FINANÇAS; SECRETARIA DE ADMINISTRAÇÃO E FINANÇAS; R$ 4.771.840,69; R$ 4.771.840,69; R$ 0,00; R$ 0,00; R$ 0,00; R$ 0,00; R$ 4.771.840,69; 0.0
 13210101019916; Rec. de Remun. Dep. Banc. Vinculados- Imp. Federal; Receitas Correntes; Receita Patrimonial; Valores Mobiliários; Remuneração de Depósitos Bancários - Principal; Juros e Correções Monetárias; Remuneração de Depósitos Bancários; ; Juros e Correções Monetárias; Remuneração de Depósitos Bancários; Não se aplica; Rec. de Remun. Dep. Banc. Vinculados- Imp. Federal; Arrecadações; SECRETARIA DE ADMINISTRAÇÃO E FINANÇAS; SECRETARIA DE ADMINISTRAÇÃO E FINANÇAS; SECRETARIA DE ADMINISTRAÇÃO E FINANÇAS; R$ 0,00; R$ 0,00; R$ 0,00; R$ 0,00; R$ 9.043,73; R$ 9.043,73; R$ 0,00; 0.0
 13210101019916; Rec. de Remun. Dep. Banc. Vinculados- Imp. Federal; Receitas Correntes; Receita Patrimonial; Valores Mobiliários; Remuneração de Depósitos Bancários - Principal; Juros e Correções Monetárias; Remuneração de Depósitos Bancários; ; Juros e Correções Monetárias; Remuneração de Depósitos Bancários; Não se aplica; Rec. de Remun. Dep. Banc. Vinculados- Imp. Federal; Arrecadações; SECRETARIA DE ADMINISTRAÇÃO E FINANÇAS; SECRETARIA DE ADMINISTRAÇÃO E FINANÇAS; SECRETARIA DE ADMINISTRAÇÃO E FINANÇAS; R$ 0,00; R$ 0,00; R$ 0,00; R$ 0,00; R$ 7.796,41; R$ 16.840,14; R$ 0,00; 0.0
 13210101019916; Rec. de Remun. Dep. Banc. Vinculados- Imp. Federal; Receitas Correntes; Receita Patrimonial; Valores Mobiliários; Remuneração de Depósitos Bancários - Principal; Juros e Correções Monetárias; Remuneração de Depósitos Bancários; ; Juros e Correções Monetárias; Remuneração de Depósitos Bancários; Não se aplica; Rec. de Remun. Dep. Banc. Vinculados- Imp. Federal; Arrecadações; SECRETARIA DE ADMINISTRAÇÃO E FINANÇAS; SECRETARIA DE ADMINISTRAÇÃO E FINANÇAS; SECRETARIA DE ADMINISTRAÇÃO E FINANÇAS; R$ 0,00; R$ 0,00; R$ 0,00; R$ 0,00; R$ 5.571,82; R$ 22.411,96; R$ 0,00; 0.0
 13210101019916; Rec. de Remun. Dep. Banc. Vinculados- Imp. Federal; Receitas Correntes; Receita Patrimonial; Valores Mobiliários; Remuneração de Depósitos Bancários - Principal; Juros e Correções Monetárias; Remuneração de Depósitos Bancários; ; Juros e Correções Monetárias; Remuneração de Depósitos Bancários; Não se aplica; Rec. de Remun. Dep. Banc. Vinculados- Imp. Federal; Arrecadações; SECRETARIA DE ADMINISTRAÇÃO E FINANÇAS; SECRETARIA DE ADMINISTRAÇÃO E FINANÇAS; SECRETARIA DE ADMINISTRAÇÃO E FINANÇAS; R$ 0,00; R$ 0,00; R$ 0,00; R$ 0,00; R$ 10.186,21; R$ 32.598,17; R$ 0,00; 0.0
 13210101019916; Rec. de Remun. Dep. Banc. Vinculados- Imp. Federal; Receitas Correntes; Receita Patrimonial; Valores Mobiliários; Remuneração de Depósitos Bancários - Principal; Juros e Correções Monetárias; Remuneração de Depósitos Bancários; ; Juros e Correções Monetárias; Remuneração de Depósitos Bancários; Não se aplica; Rec. de Remun. Dep. Banc. Vinculados- Imp. Federal; Arrecadações; SECRETARIA DE ADMINISTRAÇÃO E FINANÇAS; SECRETARIA DE ADMINISTRAÇÃO E FINANÇAS; SECRETARIA DE ADMINISTRAÇÃO E FINANÇAS; R$ 0,00; R$ 0,00; R$ 0,00; R$ 0,00; R$ 16.735,33; R$ 49.333,50; R$ 0,00; 0.0
 24149901000000; Outras Transferências de Convênios da União e de Suas Entidades - Principal; Receitas de Capital; Transferências de Capital; Transferências da União e de suas Entidades; Outras Transferências de Convênios da União e de Suas Entidades - Principal; Transferências de Convênios da União e de suas Entidades; Outras Transferências de Convênios da União e de Suas Entidades; ; Transferências de Convênios da União e de suas Entidades; Outras Transferências de Convênios da União e de Suas Entidades; Não se aplica; Outras Transferências de Convênios da União e de Suas Entidades - Principal; Arrecadações; SECRETARIA DE ADMINISTRAÇÃO E FINANÇAS; SECRETARIA DE ADMINISTRAÇÃO E FINANÇAS; SECRETARIA DE ADMINISTRAÇÃO E FINANÇAS; R$ 0,00; R$ 0,00; R$ 0,00; R$ 0,00; R$ 960.019,00; R$ 960.019,00; R$ 0,00; 0.0
 13210101019916; Rec. de Remun. Dep. Banc. Vinculados- Imp. Federal; Receitas Correntes; Receita Patrimonial; Valores Mobiliários; Remuneração de Depósitos Bancários - Principal; Juros e Correções Monetárias; Remuneração de Depósitos Bancários; ; Juros e Correções Monetárias; Remuneração de Depósitos Bancários; Não se aplica; Rec. de Remun. Dep. Banc. Vinculados- Imp. Federal; Arrecadações; SECRETARIA DE ADMINISTRAÇÃO E FINANÇAS; SECRETARIA DE ADMINISTRAÇÃO E FINANÇAS; SECRETARIA DE ADMINISTRAÇÃO E FINANÇAS; R$ 0,00; R$ 0,00; R$ 0,00; R$ 0,00; R$ 16.705,41; R$ 66.038,91; R$ 0,00; 0.0
 13210101019916; Rec. de Remun. Dep. Banc. Vinculados- Imp. Federal; Receitas Correntes; Receita Patrimonial; Valores Mobiliários; Remuneração de Depósitos Bancários - Principal; Juros e Correções Monetárias; Remuneração de Depósitos Bancários; ; Juros e Correções Monetárias; Remuneração de Depósitos Bancários; Não se aplica; Rec. de Remun. Dep. Banc. Vinculados- Imp. Federal; Arrecadações; SECRETARIA DE ADMINISTRAÇÃO E FINANÇAS; SECRETARIA DE ADMINISTRAÇÃO E FINANÇAS; SECRETARIA DE ADMINISTRAÇÃO E FINANÇAS; R$ 0,00; R$ 0,00; R$ 0,00; R$ 0,00; R$ 31.531,55; R$ 97.570,46; R$ 0,00; 0.0
 13210101019916; Rec. de Remun. Dep. Banc. Vinculados- Imp. Federal; Receitas Correntes; Receita Patrimonial; Valores Mobiliários; Remuneração de Depósitos Bancários - Principal; Juros e Correções Monetárias; Remuneração de Depósitos Bancários; ; Juros e Correções Monetárias; Remuneração de Depósitos Bancários; Não se aplica; Rec. de Remun. Dep. Banc. Vinculados- Imp. Federal; Arrecadações; SECRETARIA DE ADMINISTRAÇÃO E FINANÇAS; SECRETARIA DE ADMINISTRAÇÃO E FINANÇAS; SECRETARIA DE ADMINISTRAÇÃO E FINANÇAS; R$ 0,00; R$ 0,00; R$ 0,00; R$ 0,00; R$ 25.315,52; R$ 122.885,98; R$ 0,00; 0.0
 13210101019916; Rec. de Remun. Dep. Banc. Vinculados- Imp. Federal; Receitas Correntes; Receita Patrimonial; Valores Mobiliários; Remuneração de Depósitos Bancários - Principal; Juros e Correções Monetárias; Remuneração de Depósitos Bancários; ; Juros e Correções Monetárias; Remuneração de Depósitos Bancários; Não se aplica; Rec. de Remun. Dep. Banc. Vinculados- Imp. Federal; Arrecadações; SECRETARIA DE ADMINISTRAÇÃO E FINANÇAS; SECRETARIA DE ADMINISTRAÇÃO E FINANÇAS; SECRETARIA DE ADMINISTRAÇÃO E FINANÇAS; R$ 0,00; R$ 0,00; R$ 0,00; R$ 0,00; R$ -13.728,14; R$ 109.157,84; R$ 0,00; 0.0
 24149901000000; Outras Transferências de Convênios da União e de Suas Entidades - Principal; Receitas de Capital; Transferências de Capital; Transferências da União e de suas Entidades; Outras Transferências de Convênios da União e de Suas Entidades - Principal; Transferências de Convênios da União e de suas Entidades; Outras Transferências de Convênios da União e de Suas Entidades; ; Transferências de Convênios da União e de suas Entidades; Outras Transferências de Convênios da União e de Suas Entidades; Não se aplica; Outras Transferências de Convênios da União e de Suas Entidades - Principal; Arrecadações; SECRETARIA DE ADMINISTRAÇÃO E FINANÇAS; SECRETARIA DE ADMINISTRAÇÃO E FINANÇAS; SECRETARIA DE ADMINISTRAÇÃO E FINANÇAS; R$ 0,00; R$ 0,00; R$ 0,00; R$ 0,00; R$ 481.104,00; R$ 1.441.123,00; R$ 0,00; 0.0
 13210101019916; Rec. de Remun. Dep. Banc. Vinculados- Imp. Federal; Receitas Correntes; Receita Patrimonial; Valores Mobiliários; Remuneração de Depósitos Bancários - Principal; Juros e Correções Monetárias; Remuneração de Depósitos Bancários; ; Juros e Correções Monetárias; Remuneração de Depósitos Bancários; Não se aplica; Rec. de Remun. Dep. Banc. Vinculados- Imp. Federal; Arrecadações; SECRETARIA DE ADMINISTRAÇÃO E FINANÇAS; SECRETARIA DE ADMINISTRAÇÃO E FINANÇAS; SECRETARIA DE ADMINISTRAÇÃO E FINANÇAS; R$ 0,00; R$ 0,00; R$ 0,00; R$ 0,00; R$ 10.611,95; R$ 119.769,79; R$ 0,00; 0.0
 13210101019916; Rec. de Remun. Dep. Banc. Vinculados- Imp. Federal; Receitas Correntes; Receita Patrimonial; Valores Mobiliários; Remuneração de Depósitos Bancários - Principal; Juros e Correções Monetárias; Remuneração de Depósitos Bancários; ; Juros e Correções Monetárias; Remuneração de Depósitos Bancários; Não se aplica; Rec. de Remun. Dep. Banc. Vinculados- Imp. Federal; Arrecadações; SECRETARIA DE ADMINISTRAÇÃO E FINANÇAS; SECRETARIA DE ADMINISTRAÇÃO E FINANÇAS; SECRETARIA DE ADMINISTRAÇÃO E FINANÇAS; R$ 0,00; R$ 0,00; R$ 0,00; R$ 0,00; R$ 680,73; R$ 120.450,52; R$ 0,00; 0.0
 13210101019916; Rec. de Remun. Dep. Banc. Vinculados- Imp. Federal; Receitas Correntes; Receita Patrimonial; Valores Mobiliários; Remuneração de Depósitos Bancários - Principal; Juros e Correções Monetárias; Remuneração de Depósitos Bancários; ; Juros e Correções Monetárias; Remuneração de Depósitos Bancários; Não se aplica; Rec. de Remun. Dep. Banc. Vinculados- Imp. Federal; Arrecadações; SECRETARIA DE ADMINISTRAÇÃO E FINANÇAS; SECRETARIA DE ADMINISTRAÇÃO E FINANÇAS; SECRETARIA DE ADMINISTRAÇÃO E FINANÇAS; R$ 0,00; R$ 0,00; R$ 0,00; R$ 0,00; R$ 10.943,31; R$ 131.393,83; R$ 0,00; 0.0
 24149901000000; Outras Transferências de Convênios da União e de Suas Entidades - Principal; Receitas de Capital; Transferências de Capital; Transferências da União e de suas Entidades; Outras Transferências de Convênios da União e de Suas Entidades - Principal; Transferências de Convênios da União e de suas Entidades; Outras Transferências de Convênios da União e de Suas Entidades; ; Transferências de Convênios da União e de suas Entidades; Outras Transferências de Convênios da União e de Suas Entidades; Não se aplica; Outras Transferências de Convênios da União e de Suas Entidades - Principal; Arrecadações; SECRETARIA DE ADMINISTRAÇÃO E FINANÇAS; SECRETARIA DE ADMINISTRAÇÃO E FINANÇAS; SECRETARIA DE ADMINISTRAÇÃO E FINANÇAS; R$ 0,00; R$ 0,00; R$ 0,00; R$ 0,00; R$ -46.695,50; R$ 1.394.427,50; R$ 0,00; 0.0
 17215101000000; Cota-Parte do IPVA - Principal; Receitas Correntes; Transferências Correntes; Transferências dos Estados e do Distrito Federal e de suas Entidades; Cota-Parte do IPVA - Principal; Participação na Receita dos Estados e Distrito Federal; Cota-Parte do IPVA; ; Participação na Receita dos Estados e Distrito Federal; Cota-Parte do IPVA; Não se aplica; Cota-Parte do IPVA - Principal; Arrecadações; SECRETARIA DE ADMINISTRAÇÃO E FINANÇAS; SECRETARIA DE ADMINISTRAÇÃO E FINANÇAS; SECRETARIA DE ADMINISTRAÇÃO E FINANÇAS; R$ 3.761.720,00; R$ 3.761.720,00; R$ 752.344,00; R$ 0,00; R$ 255.385,07; R$ 255.385,07; R$ 3.009.376,00; 6.36
 17215101000000; Cota-Parte do IPVA - Principal; Receitas Correntes; Transferências Correntes; Transferências dos Estados e do Distrito Federal e de suas Entidades; Cota-Parte do IPVA - Principal; Participação na Receita dos Estados e Distrito Federal; Cota-Parte do IPVA; ; Participação na Receita dos Estados e Distrito Federal; Cota-Parte do IPVA; Não se aplica; Cota-Parte do IPVA - Principal; Arrecadações; SECRETARIA DE ADMINISTRAÇÃO E FINANÇAS; SECRETARIA DE ADMINISTRAÇÃO E FINANÇAS; SECRETARIA DE ADMINISTRAÇÃO E FINANÇAS; R$ 0,00; R$ 0,00; R$ 0,00; R$ 0,00; R$ 225.590,71; R$ 480.975,78; R$ 0,00; 0.0
 17215101000000; Cota-Parte do IPVA - Principal; Receitas Correntes; Transferências Correntes; Transferências dos Estados e do Distrito Federal e de suas Entidades; Cota-Parte do IPVA - Principal; Participação na Receita dos Estados e Distrito Federal; Cota-Parte do IPVA; ; Participação na Receita dos Estados e Distrito Federal; Cota-Parte do IPVA; Não se aplica; Cota-Parte do IPVA - Principal; Arrecadações; SECRETARIA DE ADMINISTRAÇÃO E FINANÇAS; SECRETARIA DE ADMINISTRAÇÃO E FINANÇAS; SECRETARIA DE ADMINISTRAÇÃO E FINANÇAS; R$ 0,00; R$ 0,00; R$ 0,00; R$ 0,00; R$ 262.782,15; R$ 743.757,93; R$ 0,00; 0.0
 17215101000000; Cota-Parte do IPVA - Principal; Receitas Correntes; Transferências Correntes; Transferências dos Estados e do Distrito Federal e de suas Entidades; Cota-Parte do IPVA - Principal; Participação na Receita dos Estados e Distrito Federal; Cota-Parte do IPVA; ; Participação na Receita dos Estados e Distrito Federal; Cota-Parte do IPVA; Não se aplica; Cota-Parte do IPVA - Principal; Arrecadações; SECRETARIA DE ADMINISTRAÇÃO E FINANÇAS; SECRETARIA DE ADMINISTRAÇÃO E FINANÇAS; SECRETARIA DE ADMINISTRAÇÃO E FINANÇAS; R$ 0,00; R$ 0,00; R$ 0,00; R$ 0,00; R$ 276.193,26; R$ 1.019.951,19; R$ 0,00; 0.0
 17215101000000; Cota-Parte do IPVA - Principal; Receitas Correntes; Transferências Correntes; Transferências dos Estados e do Distrito Federal e de suas Entidades; Cota-Parte do IPVA - Principal; Participação na Receita dos Estados e Distrito Federal; Cota-Parte do IPVA; ; Participação na Receita dos Estados e Distrito Federal; Cota-Parte do IPVA; Não se aplica; Cota-Parte do IPVA - Principal; Arrecadações; SECRETARIA DE ADMINISTRAÇÃO E FINANÇAS; SECRETARIA DE ADMINISTRAÇÃO E FINANÇAS; SECRETARIA DE ADMINISTRAÇÃO E FINANÇAS; R$ 0,00; R$ 0,00; R$ 0,00; R$ 0,00; R$ 310.008,14; R$ 1.329.959,33; R$ 0,00; 0.0
 17215101000000; Cota-Parte do IPVA - Principal; Receitas Correntes; Transferências Correntes; Transferências dos Estados e do Distrito Federal e de suas Entidades; Cota-Parte do IPVA - Principal; Participação na Receita dos Estados e Distrito Federal; Cota-Parte do IPVA; ; Participação na Receita dos Estados e Distrito Federal; Cota-Parte do IPVA; Não se aplica; Cota-Parte do IPVA - Principal; Arrecadações; SECRETARIA DE ADMINISTRAÇÃO E FINANÇAS; SECRETARIA DE ADMINISTRAÇÃO E FINANÇAS; SECRETARIA DE ADMINISTRAÇÃO E FINANÇAS; R$ 0,00; R$ 0,00; R$ 0,00; R$ 0,00; R$ 302.445,35; R$ 1.632.404,68; R$ 0,00; 0.0
 17215101000000; Cota-Parte do IPVA - Principal; Receitas Correntes; Transferências Correntes; Transferências dos Estados e do Distrito Federal e de suas Entidades; Cota-Parte do IPVA - Principal; Participação na Receita dos Estados e Distrito Federal; Cota-Parte do IPVA; ; Participação na Receita dos Estados e Distrito Federal; Cota-Parte do IPVA; Não se aplica; Cota-Parte do IPVA - Principal; Arrecadações; SECRETARIA DE ADMINISTRAÇÃO E FINANÇAS; SECRETARIA DE ADMINISTRAÇÃO E FINANÇAS; SECRETARIA DE ADMINISTRAÇÃO E FINANÇAS; R$ 0,00; R$ 0,00; R$ 0,00; R$ 0,00; R$ 311.215,48; R$ 1.943.620,16; R$ 0,00; 0.0
 17215101000000; Cota-Parte do IPVA - Principal; Receitas Correntes; Transferências Correntes; Transferências dos Estados e do Distrito Federal e de suas Entidades; Cota-Parte do IPVA - Principal; Participação na Receita dos Estados e Distrito Federal; Cota-Parte do IPVA; ; Participação na Receita dos Estados e Distrito Federal; Cota-Parte do IPVA; Não se aplica; Cota-Parte do IPVA - Principal; Arrecadações; SECRETARIA DE ADMINISTRAÇÃO E FINANÇAS; SECRETARIA DE ADMINISTRAÇÃO E FINANÇAS; SECRETARIA DE ADMINISTRAÇÃO E FINANÇAS; R$ 0,00; R$ 0,00; R$ 0,00; R$ 0,00; R$ 261.349,96; R$ 2.204.970,12; R$ 0,00; 0.0
 17215101000000; Cota-Parte do IPVA - Principal; Receitas Correntes; Transferências Correntes; Transferências dos Estados e do Distrito Federal e de suas Entidades; Cota-Parte do IPVA - Principal; Participação na Receita dos Estados e Distrito Federal; Cota-Parte do IPVA; ; Participação na Receita dos Estados e Distrito Federal; Cota-Parte do IPVA; Não se aplica; Cota-Parte do IPVA - Principal; Arrecadações; SECRETARIA DE ADMINISTRAÇÃO E FINANÇAS; SECRETARIA DE ADMINISTRAÇÃO E FINANÇAS; SECRETARIA DE ADMINISTRAÇÃO E FINANÇAS; R$ 0,00; R$ 0,00; R$ 0,00; R$ 0,00; R$ 247.001,86; R$ 2.451.971,98; R$ 0,00; 0.0
 17215101000000; Cota-Parte do IPVA - Principal; Receitas Correntes; Transferências Correntes; Transferências dos Estados e do Distrito Federal e de suas Entidades; Cota-Parte do IPVA - Principal; Participação na Receita dos Estados e Distrito Federal; Cota-Parte do IPVA; ; Participação na Receita dos Estados e Distrito Federal; Cota-Parte do IPVA; Não se aplica; Cota-Parte do IPVA - Principal; Arrecadações; SECRETARIA DE ADMINISTRAÇÃO E FINANÇAS; SECRETARIA DE ADMINISTRAÇÃO E FINANÇAS; SECRETARIA DE ADMINISTRAÇÃO E FINANÇAS; R$ 0,00; R$ 0,00; R$ 0,00; R$ 0,00; R$ 233.160,96; R$ 2.685.132,94; R$ 0,00; 0.0
 17215101000000; Cota-Parte do IPVA - Principal; Receitas Correntes; Transferências Correntes; Transferências dos Estados e do Distrito Federal e de suas Entidades; Cota-Parte do IPVA - Principal; Participação na Receita dos Estados e Distrito Federal; Cota-Parte do IPVA; ; Participação na Receita dos Estados e Distrito Federal; Cota-Parte do IPVA; Não se aplica; Cota-Parte do IPVA - Principal; Arrecadações; SECRETARIA DE ADMINISTRAÇÃO E FINANÇAS; SECRETARIA DE ADMINISTRAÇÃO E FINANÇAS; SECRETARIA DE ADMINISTRAÇÃO E FINANÇAS; R$ 0,00; R$ 0,00; R$ 0,00; R$ 0,00; R$ 159.113,44; R$ 2.844.246,38; R$ 0,00; 0.0
 17215101000000; Cota-Parte do IPVA - Principal; Receitas Correntes; Transferências Correntes; Transferências dos Estados e do Distrito Federal e de suas Entidades; Cota-Parte do IPVA - Principal; Participação na Receita dos Estados e Distrito Federal; Cota-Parte do IPVA; ; Participação na Receita dos Estados e Distrito Federal; Cota-Parte do IPVA; Não se aplica; Cota-Parte do IPVA - Principal; Arrecadações; SECRETARIA DE ADMINISTRAÇÃO E FINANÇAS; SECRETARIA DE ADMINISTRAÇÃO E FINANÇAS; SECRETARIA DE ADMINISTRAÇÃO E FINANÇAS; R$ 0,00; R$ 0,00; R$ 0,00; R$ 0,00; R$ 121.342,49; R$ 2.965.588,87; R$ 0,00; 0.0
 13210101010100; Rec. de Remun. Deop. Banc/Vinculados- Fundeb; Receitas Correntes; Receita Patrimonial; Valores Mobiliários; Remuneração de Depósitos Bancários - Principal; Juros e Correções Monetárias; Remuneração de Depósitos Bancários; ; Juros e Correções Monetárias; Remuneração de Depósitos Bancários; Não se aplica; Rec. de Remun. Deop. Banc/Vinculados- Fundeb; Arrecadações; SECRETARIA DE EDUCAÇÃO; GABINETE DO SECRETÁRIO  DE EDUC.; SECRETARIA DE EDUCAÇÃO; R$ 0,00; R$ 0,00; R$ 0,00; R$ 0,00; R$ 7.076,23; R$ 7.076,23; R$ 0,00; 0.0
 17515001000000; Transferências de Recursos do Fundo de Manutenção e Desenvolvimento da Educação Básica e de Valorização dos Profissionais da Educação  FUNDEB - Princ; Receitas Correntes; Transferências Correntes; Transferências de Outras Instituições Públicas; Transferências de Recursos do Fundo de Manutenção e Desenvolvimento da Educação Básica e de Valorização dos Profissionais da Educação  FUNDEB - Princ; Transferências de Recursos do Fundo de Manutenção e Desenvolvimento da Educação Básica e de Valorização dos Profissionais da Educação - FUNDEB; Transferências de Recursos do Fundo de Manutenção e Desenvolvimento da Educação Básica e de Valorização dos Profissionais da Educação  FUNDEB; ; Transferências de Recursos do Fundo de Manutenção e Desenvolvimento da Educação Básica e de Valorização dos Profissionais da Educação - FUNDEB; Transferências de Recursos do Fundo de Manutenção e Desenvolvimento da Educação Básica e de Valorização dos Profissionais da Educação  FUNDEB; Não se aplica; Transferências de Recursos do Fundo de Manutenção e Desenvolvimento da Educação Básica e de Valorização dos Profissionais da Educação  FUNDEB - Princ; Arrecadações; SECRETARIA DE ADMINISTRAÇÃO E FINANÇAS; SECRETARIA DE ADMINISTRAÇÃO E FINANÇAS; SECRETARIA DE ADMINISTRAÇÃO E FINANÇAS; R$ 21.171.876,00; R$ 21.171.876,00; R$ 0,00; R$ 0,00; R$ 1.710.933,92; R$ 1.710.933,92; R$ 21.171.876,00; 8.08
 17515001000000; Transferências de Recursos do Fundo de Manutenção e Desenvolvimento da Educação Básica e de Valorização dos Profissionais da Educação  FUNDEB - Princ; Receitas Correntes; Transferências Correntes; Transferências de Outras Instituições Públicas; Transferências de Recursos do Fundo de Manutenção e Desenvolvimento da Educação Básica e de Valorização dos Profissionais da Educação  FUNDEB - Princ; Transferências de Recursos do Fundo de Manutenção e Desenvolvimento da Educação Básica e de Valorização dos Profissionais da Educação - FUNDEB; Transferências de Recursos do Fundo de Manutenção e Desenvolvimento da Educação Básica e de Valorização dos Profissionais da Educação  FUNDEB; ; Transferências de Recursos do Fundo de Manutenção e Desenvolvimento da Educação Básica e de Valorização dos Profissionais da Educação - FUNDEB; Transferências de Recursos do Fundo de Manutenção e Desenvolvimento da Educação Básica e de Valorização dos Profissionais da Educação  FUNDEB; Não se aplica; Transferências de Recursos do Fundo de Manutenção e Desenvolvimento da Educação Básica e de Valorização dos Profissionais da Educação  FUNDEB - Princ; Arrecadações; SECRETARIA DE ADMINISTRAÇÃO E FINANÇAS; SECRETARIA DE ADMINISTRAÇÃO E FINANÇAS; SECRETARIA DE ADMINISTRAÇÃO E FINANÇAS; R$ 0,00; R$ 0,00; R$ 0,00; R$ 0,00; R$ 1.836.633,95; R$ 3.547.567,87; R$ 0,00; 0.0
 13210101010100; Rec. de Remun. Deop. Banc/Vinculados- Fundeb; Receitas Correntes; Receita Patrimonial; Valores Mobiliários; Remuneração de Depósitos Bancários - Principal; Juros e Correções Monetárias; Remuneração de Depósitos Bancários; ; Juros e Correções Monetárias; Remuneração de Depósitos Bancários; Não se aplica; Rec. de Remun. Deop. Banc/Vinculados- Fundeb; Arrecadações; SECRETARIA DE EDUCAÇÃO; GABINETE DO SECRETÁRIO  DE EDUC.; SECRETARIA DE EDUCAÇÃO; R$ 0,00; R$ 0,00; R$ 0,00; R$ 0,00; R$ 6.972,53; R$ 14.048,76; R$ 0,00; 0.0
 17515001000000; Transferências de Recursos do Fundo de Manutenção e Desenvolvimento da Educação Básica e de Valorização dos Profissionais da Educação  FUNDEB - Princ; Receitas Correntes; Transferências Correntes; Transferências de Outras Instituições Públicas; Transferências de Recursos do Fundo de Manutenção e Desenvolvimento da Educação Básica e de Valorização dos Profissionais da Educação  FUNDEB - Princ; Transferências de Recursos do Fundo de Manutenção e Desenvolvimento da Educação Básica e de Valorização dos Profissionais da Educação - FUNDEB; Transferências de Recursos do Fundo de Manutenção e Desenvolvimento da Educação Básica e de Valorização dos Profissionais da Educação  FUNDEB; ; Transferências de Recursos do Fundo de Manutenção e Desenvolvimento da Educação Básica e de Valorização dos Profissionais da Educação - FUNDEB; Transferências de Recursos do Fundo de Manutenção e Desenvolvimento da Educação Básica e de Valorização dos Profissionais da Educação  FUNDEB; Não se aplica; Transferências de Recursos do Fundo de Manutenção e Desenvolvimento da Educação Básica e de Valorização dos Profissionais da Educação  FUNDEB - Princ; Arrecadações; SECRETARIA DE ADMINISTRAÇÃO E FINANÇAS; SECRETARIA DE ADMINISTRAÇÃO E FINANÇAS; SECRETARIA DE ADMINISTRAÇÃO E FINANÇAS; R$ 0,00; R$ 0,00; R$ 0,00; R$ 0,00; R$ 1.758.213,13; R$ 5.305.781,00; R$ 0,00; 0.0
 13210101010100; Rec. de Remun. Deop. Banc/Vinculados- Fundeb; Receitas Correntes; Receita Patrimonial; Valores Mobiliários; Remuneração de Depósitos Bancários - Principal; Juros e Correções Monetárias; Remuneração de Depósitos Bancários; ; Juros e Correções Monetárias; Remuneração de Depósitos Bancários; Não se aplica; Rec. de Remun. Deop. Banc/Vinculados- Fundeb; Arrecadações; SECRETARIA DE EDUCAÇÃO; GABINETE DO SECRETÁRIO  DE EDUC.; SECRETARIA DE EDUCAÇÃO; R$ 0,00; R$ 0,00; R$ 0,00; R$ 0,00; R$ 7.443,22; R$ 21.491,98; R$ 0,00; 0.0
 17515001000000; Transferências de Recursos do Fundo de Manutenção e Desenvolvimento da Educação Básica e de Valorização dos Profissionais da Educação  FUNDEB - Princ; Receitas Correntes; Transferências Correntes; Transferências de Outras Instituições Públicas; Transferências de Recursos do Fundo de Manutenção e Desenvolvimento da Educação Básica e de Valorização dos Profissionais da Educação  FUNDEB - Princ; Transferências de Recursos do Fundo de Manutenção e Desenvolvimento da Educação Básica e de Valorização dos Profissionais da Educação - FUNDEB; Transferências de Recursos do Fundo de Manutenção e Desenvolvimento da Educação Básica e de Valorização dos Profissionais da Educação  FUNDEB; ; Transferências de Recursos do Fundo de Manutenção e Desenvolvimento da Educação Básica e de Valorização dos Profissionais da Educação - FUNDEB; Transferências de Recursos do Fundo de Manutenção e Desenvolvimento da Educação Básica e de Valorização dos Profissionais da Educação  FUNDEB; Não se aplica; Transferências de Recursos do Fundo de Manutenção e Desenvolvimento da Educação Básica e de Valorização dos Profissionais da Educação  FUNDEB - Princ; Arrecadações; SECRETARIA DE ADMINISTRAÇÃO E FINANÇAS; SECRETARIA DE ADMINISTRAÇÃO E FINANÇAS; SECRETARIA DE ADMINISTRAÇÃO E FINANÇAS; R$ 0,00; R$ 0,00; R$ 0,00; R$ 0,00; R$ 1.752.486,90; R$ 7.058.267,90; R$ 0,00; 0.0
 13210101010100; Rec. de Remun. Deop. Banc/Vinculados- Fundeb; Receitas Correntes; Receita Patrimonial; Valores Mobiliários; Remuneração de Depósitos Bancários - Principal; Juros e Correções Monetárias; Remuneração de Depósitos Bancários; ; Juros e Correções Monetárias; Remuneração de Depósitos Bancários; Não se aplica; Rec. de Remun. Deop. Banc/Vinculados- Fundeb; Arrecadações; SECRETARIA DE EDUCAÇÃO; GABINETE DO SECRETÁRIO  DE EDUC.; SECRETARIA DE EDUCAÇÃO; R$ 0,00; R$ 0,00; R$ 0,00; R$ 0,00; R$ 8.031,44; R$ 29.523,42; R$ 0,00; 0.0
 17515001000000; Transferências de Recursos do Fundo de Manutenção e Desenvolvimento da Educação Básica e de Valorização dos Profissionais da Educação  FUNDEB - Princ; Receitas Correntes; Transferências Correntes; Transferências de Outras Instituições Públicas; Transferências de Recursos do Fundo de Manutenção e Desenvolvimento da Educação Básica e de Valorização dos Profissionais da Educação  FUNDEB - Princ; Transferências de Recursos do Fundo de Manutenção e Desenvolvimento da Educação Básica e de Valorização dos Profissionais da Educação - FUNDEB; Transferências de Recursos do Fundo de Manutenção e Desenvolvimento da Educação Básica e de Valorização dos Profissionais da Educação  FUNDEB; ; Transferências de Recursos do Fundo de Manutenção e Desenvolvimento da Educação Básica e de Valorização dos Profissionais da Educação - FUNDEB; Transferências de Recursos do Fundo de Manutenção e Desenvolvimento da Educação Básica e de Valorização dos Profissionais da Educação  FUNDEB; Não se aplica; Transferências de Recursos do Fundo de Manutenção e Desenvolvimento da Educação Básica e de Valorização dos Profissionais da Educação  FUNDEB - Princ; Arrecadações; SECRETARIA DE ADMINISTRAÇÃO E FINANÇAS; SECRETARIA DE ADMINISTRAÇÃO E FINANÇAS; SECRETARIA DE ADMINISTRAÇÃO E FINANÇAS; R$ 0,00; R$ 0,00; R$ 0,00; R$ 0,00; R$ 1.744.644,72; R$ 8.802.912,62; R$ 0,00; 0.0
 13210101010100; Rec. de Remun. Deop. Banc/Vinculados- Fundeb; Receitas Correntes; Receita Patrimonial; Valores Mobiliários; Remuneração de Depósitos Bancários - Principal; Juros e Correções Monetárias; Remuneração de Depósitos Bancários; ; Juros e Correções Monetárias; Remuneração de Depósitos Bancários; Não se aplica; Rec. de Remun. Deop. Banc/Vinculados- Fundeb; Arrecadações; SECRETARIA DE EDUCAÇÃO; GABINETE DO SECRETÁRIO  DE EDUC.; SECRETARIA DE EDUCAÇÃO; R$ 0,00; R$ 0,00; R$ 0,00; R$ 0,00; R$ 10.014,39; R$ 39.537,81; R$ 0,00; 0.0
 17515001000000; Transferências de Recursos do Fundo de Manutenção e Desenvolvimento da Educação Básica e de Valorização dos Profissionais da Educação  FUNDEB - Princ; Receitas Correntes; Transferências Correntes; Transferências de Outras Instituições Públicas; Transferências de Recursos do Fundo de Manutenção e Desenvolvimento da Educação Básica e de Valorização dos Profissionais da Educação  FUNDEB - Princ; Transferências de Recursos do Fundo de Manutenção e Desenvolvimento da Educação Básica e de Valorização dos Profissionais da Educação - FUNDEB; Transferências de Recursos do Fundo de Manutenção e Desenvolvimento da Educação Básica e de Valorização dos Profissionais da Educação  FUNDEB; ; Transferências de Recursos do Fundo de Manutenção e Desenvolvimento da Educação Básica e de Valorização dos Profissionais da Educação - FUNDEB; Transferências de Recursos do Fundo de Manutenção e Desenvolvimento da Educação Básica e de Valorização dos Profissionais da Educação  FUNDEB; Não se aplica; Transferências de Recursos do Fundo de Manutenção e Desenvolvimento da Educação Básica e de Valorização dos Profissionais da Educação  FUNDEB - Princ; Arrecadações; SECRETARIA DE ADMINISTRAÇÃO E FINANÇAS; SECRETARIA DE ADMINISTRAÇÃO E FINANÇAS; SECRETARIA DE ADMINISTRAÇÃO E FINANÇAS; R$ 0,00; R$ 0,00; R$ 0,00; R$ 0,00; R$ 1.781.875,92; R$ 10.584.788,54; R$ 0,00; 0.0
 13210101010100; Rec. de Remun. Deop. Banc/Vinculados- Fundeb; Receitas Correntes; Receita Patrimonial; Valores Mobiliários; Remuneração de Depósitos Bancários - Principal; Juros e Correções Monetárias; Remuneração de Depósitos Bancários; ; Juros e Correções Monetárias; Remuneração de Depósitos Bancários; Não se aplica; Rec. de Remun. Deop. Banc/Vinculados- Fundeb; Arrecadações; SECRETARIA DE EDUCAÇÃO; GABINETE DO SECRETÁRIO  DE EDUC.; SECRETARIA DE EDUCAÇÃO; R$ 0,00; R$ 0,00; R$ 0,00; R$ 0,00; R$ 11.766,60; R$ 51.304,41; R$ 0,00; 0.0
 17515001000000; Transferências de Recursos do Fundo de Manutenção e Desenvolvimento da Educação Básica e de Valorização dos Profissionais da Educação  FUNDEB - Princ; Receitas Correntes; Transferências Correntes; Transferências de Outras Instituições Públicas; Transferências de Recursos do Fundo de Manutenção e Desenvolvimento da Educação Básica e de Valorização dos Profissionais da Educação  FUNDEB - Princ; Transferências de Recursos do Fundo de Manutenção e Desenvolvimento da Educação Básica e de Valorização dos Profissionais da Educação - FUNDEB; Transferências de Recursos do Fundo de Manutenção e Desenvolvimento da Educação Básica e de Valorização dos Profissionais da Educação  FUNDEB; ; Transferências de Recursos do Fundo de Manutenção e Desenvolvimento da Educação Básica e de Valorização dos Profissionais da Educação - FUNDEB; Transferências de Recursos do Fundo de Manutenção e Desenvolvimento da Educação Básica e de Valorização dos Profissionais da Educação  FUNDEB; Não se aplica; Transferências de Recursos do Fundo de Manutenção e Desenvolvimento da Educação Básica e de Valorização dos Profissionais da Educação  FUNDEB - Princ; Arrecadações; SECRETARIA DE ADMINISTRAÇÃO E FINANÇAS; SECRETARIA DE ADMINISTRAÇÃO E FINANÇAS; SECRETARIA DE ADMINISTRAÇÃO E FINANÇAS; R$ 0,00; R$ 0,00; R$ 0,00; R$ 0,00; R$ 1.591.966,92; R$ 12.176.755,46; R$ 0,00; 0.0
 13210101010100; Rec. de Remun. Deop. Banc/Vinculados- Fundeb; Receitas Correntes; Receita Patrimonial; Valores Mobiliários; Remuneração de Depósitos Bancários - Principal; Juros e Correções Monetárias; Remuneração de Depósitos Bancários; ; Juros e Correções Monetárias; Remuneração de Depósitos Bancários; Não se aplica; Rec. de Remun. Deop. Banc/Vinculados- Fundeb; Arrecadações; SECRETARIA DE EDUCAÇÃO; GABINETE DO SECRETÁRIO  DE EDUC.; SECRETARIA DE EDUCAÇÃO; R$ 0,00; R$ 0,00; R$ 0,00; R$ 0,00; R$ 8.242,32; R$ 59.546,73; R$ 0,00; 0.0
 17515001000000; Transferências de Recursos do Fundo de Manutenção e Desenvolvimento da Educação Básica e de Valorização dos Profissionais da Educação  FUNDEB - Princ; Receitas Correntes; Transferências Correntes; Transferências de Outras Instituições Públicas; Transferências de Recursos do Fundo de Manutenção e Desenvolvimento da Educação Básica e de Valorização dos Profissionais da Educação  FUNDEB - Princ; Transferências de Recursos do Fundo de Manutenção e Desenvolvimento da Educação Básica e de Valorização dos Profissionais da Educação - FUNDEB; Transferências de Recursos do Fundo de Manutenção e Desenvolvimento da Educação Básica e de Valorização dos Profissionais da Educação  FUNDEB; ; Transferências de Recursos do Fundo de Manutenção e Desenvolvimento da Educação Básica e de Valorização dos Profissionais da Educação - FUNDEB; Transferências de Recursos do Fundo de Manutenção e Desenvolvimento da Educação Básica e de Valorização dos Profissionais da Educação  FUNDEB; Não se aplica; Transferências de Recursos do Fundo de Manutenção e Desenvolvimento da Educação Básica e de Valorização dos Profissionais da Educação  FUNDEB - Princ; Arrecadações; SECRETARIA DE ADMINISTRAÇÃO E FINANÇAS; SECRETARIA DE ADMINISTRAÇÃO E FINANÇAS; SECRETARIA DE ADMINISTRAÇÃO E FINANÇAS; R$ 0,00; R$ 0,00; R$ 0,00; R$ 0,00; R$ 1.701.360,53; R$ 13.878.115,99; R$ 0,00; 0.0
 13210101010100; Rec. de Remun. Deop. Banc/Vinculados- Fundeb; Receitas Correntes; Receita Patrimonial; Valores Mobiliários; Remuneração de Depósitos Bancários - Principal; Juros e Correções Monetárias; Remuneração de Depósitos Bancários; ; Juros e Correções Monetárias; Remuneração de Depósitos Bancários; Não se aplica; Rec. de Remun. Deop. Banc/Vinculados- Fundeb; Arrecadações; SECRETARIA DE EDUCAÇÃO; GABINETE DO SECRETÁRIO  DE EDUC.; SECRETARIA DE EDUCAÇÃO; R$ 0,00; R$ 0,00; R$ 0,00; R$ 0,00; R$ 6.612,36; R$ 66.159,09; R$ 0,00; 0.0
 13210101010100; Rec. de Remun. Deop. Banc/Vinculados- Fundeb; Receitas Correntes; Receita Patrimonial; Valores Mobiliários; Remuneração de Depósitos Bancários - Principal; Juros e Correções Monetárias; Remuneração de Depósitos Bancários; ; Juros e Correções Monetárias; Remuneração de Depósitos Bancários; Não se aplica; Rec. de Remun. Deop. Banc/Vinculados- Fundeb; Arrecadações; SECRETARIA DE EDUCAÇÃO; GABINETE DO SECRETÁRIO  DE EDUC.; SECRETARIA DE EDUCAÇÃO; R$ 0,00; R$ 0,00; R$ 0,00; R$ 0,00; R$ 5.912,46; R$ 72.071,55; R$ 0,00; 0.0
 17515001000000; Transferências de Recursos do Fundo de Manutenção e Desenvolvimento da Educação Básica e de Valorização dos Profissionais da Educação  FUNDEB - Princ; Receitas Correntes; Transferências Correntes; Transferências de Outras Instituições Públicas; Transferências de Recursos do Fundo de Manutenção e Desenvolvimento da Educação Básica e de Valorização dos Profissionais da Educação  FUNDEB - Princ; Transferências de Recursos do Fundo de Manutenção e Desenvolvimento da Educação Básica e de Valorização dos Profissionais da Educação - FUNDEB; Transferências de Recursos do Fundo de Manutenção e Desenvolvimento da Educação Básica e de Valorização dos Profissionais da Educação  FUNDEB; ; Transferências de Recursos do Fundo de Manutenção e Desenvolvimento da Educação Básica e de Valorização dos Profissionais da Educação - FUNDEB; Transferências de Recursos do Fundo de Manutenção e Desenvolvimento da Educação Básica e de Valorização dos Profissionais da Educação  FUNDEB; Não se aplica; Transferências de Recursos do Fundo de Manutenção e Desenvolvimento da Educação Básica e de Valorização dos Profissionais da Educação  FUNDEB - Princ; Arrecadações; SECRETARIA DE ADMINISTRAÇÃO E FINANÇAS; SECRETARIA DE ADMINISTRAÇÃO E FINANÇAS; SECRETARIA DE ADMINISTRAÇÃO E FINANÇAS; R$ 0,00; R$ 0,00; R$ 0,00; R$ 0,00; R$ 1.655.419,57; R$ 15.533.535,56; R$ 0,00; 0.0
 13210101010100; Rec. de Remun. Deop. Banc/Vinculados- Fundeb; Receitas Correntes; Receita Patrimonial; Valores Mobiliários; Remuneração de Depósitos Bancários - Principal; Juros e Correções Monetárias; Remuneração de Depósitos Bancários; ; Juros e Correções Monetárias; Remuneração de Depósitos Bancários; Não se aplica; Rec. de Remun. Deop. Banc/Vinculados- Fundeb; Arrecadações; SECRETARIA DE EDUCAÇÃO; GABINETE DO SECRETÁRIO  DE EDUC.; SECRETARIA DE EDUCAÇÃO; R$ 0,00; R$ 0,00; R$ 0,00; R$ 0,00; R$ 6.321,17; R$ 78.392,72; R$ 0,00; 0.0
 17515001000000; Transferências de Recursos do Fundo de Manutenção e Desenvolvimento da Educação Básica e de Valorização dos Profissionais da Educação  FUNDEB - Princ; Receitas Correntes; Transferências Correntes; Transferências de Outras Instituições Públicas; Transferências de Recursos do Fundo de Manutenção e Desenvolvimento da Educação Básica e de Valorização dos Profissionais da Educação  FUNDEB - Princ; Transferências de Recursos do Fundo de Manutenção e Desenvolvimento da Educação Básica e de Valorização dos Profissionais da Educação - FUNDEB; Transferências de Recursos do Fundo de Manutenção e Desenvolvimento da Educação Básica e de Valorização dos Profissionais da Educação  FUNDEB; ; Transferências de Recursos do Fundo de Manutenção e Desenvolvimento da Educação Básica e de Valorização dos Profissionais da Educação - FUNDEB; Transferências de Recursos do Fundo de Manutenção e Desenvolvimento da Educação Básica e de Valorização dos Profissionais da Educação  FUNDEB; Não se aplica; Transferências de Recursos do Fundo de Manutenção e Desenvolvimento da Educação Básica e de Valorização dos Profissionais da Educação  FUNDEB - Princ; Arrecadações; SECRETARIA DE ADMINISTRAÇÃO E FINANÇAS; SECRETARIA DE ADMINISTRAÇÃO E FINANÇAS; SECRETARIA DE ADMINISTRAÇÃO E FINANÇAS; R$ 0,00; R$ 0,00; R$ 0,00; R$ 0,00; R$ 1.680.809,38; R$ 17.214.344,94; R$ 0,00; 0.0
 17515001000000; Transferências de Recursos do Fundo de Manutenção e Desenvolvimento da Educação Básica e de Valorização dos Profissionais da Educação  FUNDEB - Princ; Receitas Correntes; Transferências Correntes; Transferências de Outras Instituições Públicas; Transferências de Recursos do Fundo de Manutenção e Desenvolvimento da Educação Básica e de Valorização dos Profissionais da Educação  FUNDEB - Princ; Transferências de Recursos do Fundo de Manutenção e Desenvolvimento da Educação Básica e de Valorização dos Profissionais da Educação - FUNDEB; Transferências de Recursos do Fundo de Manutenção e Desenvolvimento da Educação Básica e de Valorização dos Profissionais da Educação  FUNDEB; ; Transferências de Recursos do Fundo de Manutenção e Desenvolvimento da Educação Básica e de Valorização dos Profissionais da Educação - FUNDEB; Transferências de Recursos do Fundo de Manutenção e Desenvolvimento da Educação Básica e de Valorização dos Profissionais da Educação  FUNDEB; Não se aplica; Transferências de Recursos do Fundo de Manutenção e Desenvolvimento da Educação Básica e de Valorização dos Profissionais da Educação  FUNDEB - Princ; Arrecadações; SECRETARIA DE ADMINISTRAÇÃO E FINANÇAS; SECRETARIA DE ADMINISTRAÇÃO E FINANÇAS; SECRETARIA DE ADMINISTRAÇÃO E FINANÇAS; R$ 0,00; R$ 0,00; R$ 0,00; R$ 0,00; R$ 1.789.492,55; R$ 19.003.837,49; R$ 0,00; 0.0
 13210101010100; Rec. de Remun. Deop. Banc/Vinculados- Fundeb; Receitas Correntes; Receita Patrimonial; Valores Mobiliários; Remuneração de Depósitos Bancários - Principal; Juros e Correções Monetárias; Remuneração de Depósitos Bancários; ; Juros e Correções Monetárias; Remuneração de Depósitos Bancários; Não se aplica; Rec. de Remun. Deop. Banc/Vinculados- Fundeb; Arrecadações; SECRETARIA DE EDUCAÇÃO; GABINETE DO SECRETÁRIO  DE EDUC.; SECRETARIA DE EDUCAÇÃO; R$ 0,00; R$ 0,00; R$ 0,00; R$ 0,00; R$ 6.734,95; R$ 85.127,67; R$ 0,00; 0.0
 13210101010100; Rec. de Remun. Deop. Banc/Vinculados- Fundeb; Receitas Correntes; Receita Patrimonial; Valores Mobiliários; Remuneração de Depósitos Bancários - Principal; Juros e Correções Monetárias; Remuneração de Depósitos Bancários; ; Juros e Correções Monetárias; Remuneração de Depósitos Bancários; Não se aplica; Rec. de Remun. Deop. Banc/Vinculados- Fundeb; Arrecadações; SECRETARIA DE EDUCAÇÃO; GABINETE DO SECRETÁRIO  DE EDUC.; SECRETARIA DE EDUCAÇÃO; R$ 0,00; R$ 0,00; R$ 0,00; R$ 0,00; R$ 3.888,08; R$ 89.015,75; R$ 0,00; 0.0
 17515001000000; Transferências de Recursos do Fundo de Manutenção e Desenvolvimento da Educação Básica e de Valorização dos Profissionais da Educação  FUNDEB - Princ; Receitas Correntes; Transferências Correntes; Transferências de Outras Instituições Públicas; Transferências de Recursos do Fundo de Manutenção e Desenvolvimento da Educação Básica e de Valorização dos Profissionais da Educação  FUNDEB - Princ; Transferências de Recursos do Fundo de Manutenção e Desenvolvimento da Educação Básica e de Valorização dos Profissionais da Educação - FUNDEB; Transferências de Recursos do Fundo de Manutenção e Desenvolvimento da Educação Básica e de Valorização dos Profissionais da Educação  FUNDEB; ; Transferências de Recursos do Fundo de Manutenção e Desenvolvimento da Educação Básica e de Valorização dos Profissionais da Educação - FUNDEB; Transferências de Recursos do Fundo de Manutenção e Desenvolvimento da Educação Básica e de Valorização dos Profissionais da Educação  FUNDEB; Não se aplica; Transferências de Recursos do Fundo de Manutenção e Desenvolvimento da Educação Básica e de Valorização dos Profissionais da Educação  FUNDEB - Princ; Arrecadações; SECRETARIA DE ADMINISTRAÇÃO E FINANÇAS; SECRETARIA DE ADMINISTRAÇÃO E FINANÇAS; SECRETARIA DE ADMINISTRAÇÃO E FINANÇAS; R$ 0,00; R$ 0,00; R$ 0,00; R$ 0,00; R$ 1.848.650,07; R$ 20.852.487,56; R$ 0,00; 0.0
 13210101010203; Rec. de Remun. Dep. Banc/Vinculados- Rec. do FNDE/SAL. EDUC.; Receitas Correntes; Receita Patrimonial; Valores Mobiliários; Remuneração de Depósitos Bancários - Principal; Juros e Correções Monetárias; Remuneração de Depósitos Bancários; ; Juros e Correções Monetárias; Remuneração de Depósitos Bancários; Não se aplica; Rec. de Remun. Dep. Banc/Vinculados- Rec. do FNDE/SAL. EDUC.; Arrecadações; SECRETARIA DE EDUCAÇÃO; GABINETE DO SECRETÁRIO  DE EDUC.; SECRETARIA DE EDUCAÇÃO; R$ 0,00; R$ 0,00; R$ 0,00; R$ 0,00; R$ 1.258,46; R$ 1.258,46; R$ 0,00; 0.0
 13210101010203; Rec. de Remun. Dep. Banc/Vinculados- Rec. do FNDE/SAL. EDUC.; Receitas Correntes; Receita Patrimonial; Valores Mobiliários; Remuneração de Depósitos Bancários - Principal; Juros e Correções Monetárias; Remuneração de Depósitos Bancários; ; Juros e Correções Monetárias; Remuneração de Depósitos Bancários; Não se aplica; Rec. de Remun. Dep. Banc/Vinculados- Rec. do FNDE/SAL. EDUC.; Arrecadações; SECRETARIA DE EDUCAÇÃO; GABINETE DO SECRETÁRIO  DE EDUC.; SECRETARIA DE EDUCAÇÃO; R$ 0,00; R$ 0,00; R$ 0,00; R$ 0,00; R$ 1.734,37; R$ 2.992,83; R$ 0,00; 0.0
 13210101010203; Rec. de Remun. Dep. Banc/Vinculados- Rec. do FNDE/SAL. EDUC.; Receitas Correntes; Receita Patrimonial; Valores Mobiliários; Remuneração de Depósitos Bancários - Principal; Juros e Correções Monetárias; Remuneração de Depósitos Bancários; ; Juros e Correções Monetárias; Remuneração de Depósitos Bancários; Não se aplica; Rec. de Remun. Dep. Banc/Vinculados- Rec. do FNDE/SAL. EDUC.; Arrecadações; SECRETARIA DE EDUCAÇÃO; GABINETE DO SECRETÁRIO  DE EDUC.; SECRETARIA DE EDUCAÇÃO; R$ 0,00; R$ 0,00; R$ 0,00; R$ 0,00; R$ 2.351,68; R$ 5.344,51; R$ 0,00; 0.0
 13210101010203; Rec. de Remun. Dep. Banc/Vinculados- Rec. do FNDE/SAL. EDUC.; Receitas Correntes; Receita Patrimonial; Valores Mobiliários; Remuneração de Depósitos Bancários - Principal; Juros e Correções Monetárias; Remuneração de Depósitos Bancários; ; Juros e Correções Monetárias; Remuneração de Depósitos Bancários; Não se aplica; Rec. de Remun. Dep. Banc/Vinculados- Rec. do FNDE/SAL. EDUC.; Arrecadações; SECRETARIA DE EDUCAÇÃO; GABINETE DO SECRETÁRIO  DE EDUC.; SECRETARIA DE EDUCAÇÃO; R$ 0,00; R$ 0,00; R$ 0,00; R$ 0,00; R$ 3.404,66; R$ 8.749,17; R$ 0,00; 0.0
 13210101010203; Rec. de Remun. Dep. Banc/Vinculados- Rec. do FNDE/SAL. EDUC.; Receitas Correntes; Receita Patrimonial; Valores Mobiliários; Remuneração de Depósitos Bancários - Principal; Juros e Correções Monetárias; Remuneração de Depósitos Bancários; ; Juros e Correções Monetárias; Remuneração de Depósitos Bancários; Não se aplica; Rec. de Remun. Dep. Banc/Vinculados- Rec. do FNDE/SAL. EDUC.; Arrecadações; SECRETARIA DE EDUCAÇÃO; GABINETE DO SECRETÁRIO  DE EDUC.; SECRETARIA DE EDUCAÇÃO; R$ 0,00; R$ 0,00; R$ 0,00; R$ 0,00; R$ 3.592,63; R$ 12.341,80; R$ 0,00; 0.0
 13210101010203; Rec. de Remun. Dep. Banc/Vinculados- Rec. do FNDE/SAL. EDUC.; Receitas Correntes; Receita Patrimonial; Valores Mobiliários; Remuneração de Depósitos Bancários - Principal; Juros e Correções Monetárias; Remuneração de Depósitos Bancários; ; Juros e Correções Monetárias; Remuneração de Depósitos Bancários; Não se aplica; Rec. de Remun. Dep. Banc/Vinculados- Rec. do FNDE/SAL. EDUC.; Arrecadações; SECRETARIA DE EDUCAÇÃO; GABINETE DO SECRETÁRIO  DE EDUC.; SECRETARIA DE EDUCAÇÃO; R$ 0,00; R$ 0,00; R$ 0,00; R$ 0,00; R$ 2.808,75; R$ 15.150,55; R$ 0,00; 0.0
 13210101010203; Rec. de Remun. Dep. Banc/Vinculados- Rec. do FNDE/SAL. EDUC.; Receitas Correntes; Receita Patrimonial; Valores Mobiliários; Remuneração de Depósitos Bancários - Principal; Juros e Correções Monetárias; Remuneração de Depósitos Bancários; ; Juros e Correções Monetárias; Remuneração de Depósitos Bancários; Não se aplica; Rec. de Remun. Dep. Banc/Vinculados- Rec. do FNDE/SAL. EDUC.; Arrecadações; SECRETARIA DE EDUCAÇÃO; GABINETE DO SECRETÁRIO  DE EDUC.; SECRETARIA DE EDUCAÇÃO; R$ 0,00; R$ 0,00; R$ 0,00; R$ 0,00; R$ 3.169,06; R$ 18.319,61; R$ 0,00; 0.0
 13210101010203; Rec. de Remun. Dep. Banc/Vinculados- Rec. do FNDE/SAL. EDUC.; Receitas Correntes; Receita Patrimonial; Valores Mobiliários; Remuneração de Depósitos Bancários - Principal; Juros e Correções Monetárias; Remuneração de Depósitos Bancários; ; Juros e Correções Monetárias; Remuneração de Depósitos Bancários; Não se aplica; Rec. de Remun. Dep. Banc/Vinculados- Rec. do FNDE/SAL. EDUC.; Arrecadações; SECRETARIA DE EDUCAÇÃO; GABINETE DO SECRETÁRIO  DE EDUC.; SECRETARIA DE EDUCAÇÃO; R$ 0,00; R$ 0,00; R$ 0,00; R$ 0,00; R$ 3.297,54; R$ 21.617,15; R$ 0,00; 0.0
 13210101010501; Rec. de Remun. Dep. Banc/Vinculados - Convênios União; Receitas Correntes; Receita Patrimonial; Valores Mobiliários; Remuneração de Depósitos Bancários - Principal; Juros e Correções Monetárias; Remuneração de Depósitos Bancários; ; Juros e Correções Monetárias; Remuneração de Depósitos Bancários; Não se aplica; Rec. de Remun. Dep. Banc/Vinculados - Convênios União; Arrecadações; SECRETARIA DE ADMINISTRAÇÃO E FINANÇAS; SECRETARIA DE ADMINISTRAÇÃO E FINANÇAS; SECRETARIA DE ADMINISTRAÇÃO E FINANÇAS; R$ 0,00; R$ 0,00; R$ 0,00; R$ 0,00; R$ 27.128,47; R$ 27.128,47; R$ 0,00; 0.0
 13210101010203; Rec. de Remun. Dep. Banc/Vinculados- Rec. do FNDE/SAL. EDUC.; Receitas Correntes; Receita Patrimonial; Valores Mobiliários; Remuneração de Depósitos Bancários - Principal; Juros e Correções Monetárias; Remuneração de Depósitos Bancários; ; Juros e Correções Monetárias; Remuneração de Depósitos Bancários; Não se aplica; Rec. de Remun. Dep. Banc/Vinculados- Rec. do FNDE/SAL. EDUC.; Arrecadações; SECRETARIA DE EDUCAÇÃO; GABINETE DO SECRETÁRIO  DE EDUC.; SECRETARIA DE EDUCAÇÃO; R$ 0,00; R$ 0,00; R$ 0,00; R$ 0,00; R$ 3.023,11; R$ 24.640,26; R$ 0,00; 0.0
 13210101010501; Rec. de Remun. Dep. Banc/Vinculados - Convênios União; Receitas Correntes; Receita Patrimonial; Valores Mobiliários; Remuneração de Depósitos Bancários - Principal; Juros e Correções Monetárias; Remuneração de Depósitos Bancários; ; Juros e Correções Monetárias; Remuneração de Depósitos Bancários; Não se aplica; Rec. de Remun. Dep. Banc/Vinculados - Convênios União; Arrecadações; SECRETARIA DE ADMINISTRAÇÃO E FINANÇAS; SECRETARIA DE ADMINISTRAÇÃO E FINANÇAS; SECRETARIA DE ADMINISTRAÇÃO E FINANÇAS; R$ 0,00; R$ 0,00; R$ 0,00; R$ 0,00; R$ 328,71; R$ 27.457,18; R$ 0,00; 0.0
 13210101010203; Rec. de Remun. Dep. Banc/Vinculados- Rec. do FNDE/SAL. EDUC.; Receitas Correntes; Receita Patrimonial; Valores Mobiliários; Remuneração de Depósitos Bancários - Principal; Juros e Correções Monetárias; Remuneração de Depósitos Bancários; ; Juros e Correções Monetárias; Remuneração de Depósitos Bancários; Não se aplica; Rec. de Remun. Dep. Banc/Vinculados- Rec. do FNDE/SAL. EDUC.; Arrecadações; SECRETARIA DE EDUCAÇÃO; GABINETE DO SECRETÁRIO  DE EDUC.; SECRETARIA DE EDUCAÇÃO; R$ 0,00; R$ 0,00; R$ 0,00; R$ 0,00; R$ 2.443,93; R$ 27.084,19; R$ 0,00; 0.0
 13210101010203; Rec. de Remun. Dep. Banc/Vinculados- Rec. do FNDE/SAL. EDUC.; Receitas Correntes; Receita Patrimonial; Valores Mobiliários; Remuneração de Depósitos Bancários - Principal; Juros e Correções Monetárias; Remuneração de Depósitos Bancários; ; Juros e Correções Monetárias; Remuneração de Depósitos Bancários; Não se aplica; Rec. de Remun. Dep. Banc/Vinculados- Rec. do FNDE/SAL. EDUC.; Arrecadações; SECRETARIA DE EDUCAÇÃO; GABINETE DO SECRETÁRIO  DE EDUC.; SECRETARIA DE EDUCAÇÃO; R$ 0,00; R$ 0,00; R$ 0,00; R$ 0,00; R$ 1.650,90; R$ 28.735,09; R$ 0,00; 0.0
 13210101010203; Rec. de Remun. Dep. Banc/Vinculados- Rec. do FNDE/SAL. EDUC.; Receitas Correntes; Receita Patrimonial; Valores Mobiliários; Remuneração de Depósitos Bancários - Principal; Juros e Correções Monetárias; Remuneração de Depósitos Bancários; ; Juros e Correções Monetárias; Remuneração de Depósitos Bancários; Não se aplica; Rec. de Remun. Dep. Banc/Vinculados- Rec. do FNDE/SAL. EDUC.; Arrecadações; SECRETARIA DE EDUCAÇÃO; GABINETE DO SECRETÁRIO  DE EDUC.; SECRETARIA DE EDUCAÇÃO; R$ 0,00; R$ 0,00; R$ 0,00; R$ 0,00; R$ 1.861,18; R$ 30.596,27; R$ 0,00; 0.0
 13210101010501; Rec. de Remun. Dep. Banc/Vinculados - Convênios União; Receitas Correntes; Receita Patrimonial; Valores Mobiliários; Remuneração de Depósitos Bancários - Principal; Juros e Correções Monetárias; Remuneração de Depósitos Bancários; ; Juros e Correções Monetárias; Remuneração de Depósitos Bancários; Não se aplica; Rec. de Remun. Dep. Banc/Vinculados - Convênios União; Arrecadações; SECRETARIA DE ADMINISTRAÇÃO E FINANÇAS; SECRETARIA DE ADMINISTRAÇÃO E FINANÇAS; SECRETARIA DE ADMINISTRAÇÃO E FINANÇAS; R$ 0,00; R$ 0,00; R$ 0,00; R$ 0,00; R$ 545,07; R$ 28.002,25; R$ 0,00; 0.0
 13210101020000; Remuneração de Depósitos Bancários - Não Vinculados; Receitas Correntes; Receita Patrimonial; Valores Mobiliários; Remuneração de Depósitos Bancários - Principal; Juros e Correções Monetárias; Remuneração de Depósitos Bancários; ; Juros e Correções Monetárias; Remuneração de Depósitos Bancários; Não se aplica; Remuneração de Depósitos Bancários - Não Vinculados; Arrecadações; SECRETARIA DE ADMINISTRAÇÃO E FINANÇAS; SECRETARIA DE ADMINISTRAÇÃO E FINANÇAS; SECRETARIA DE ADMINISTRAÇÃO E FINANÇAS; R$ 291.130,00; R$ 291.130,00; R$ 0,00; R$ 0,00; R$ 36.133,74; R$ 36.133,74; R$ 291.130,00; 12.41
 13210101020000; Remuneração de Depósitos Bancários - Não Vinculados; Receitas Correntes; Receita Patrimonial; Valores Mobiliários; Remuneração de Depósitos Bancários - Principal; Juros e Correções Monetárias; Remuneração de Depósitos Bancários; ; Juros e Correções Monetárias; Remuneração de Depósitos Bancários; Não se aplica; Remuneração de Depósitos Bancários - Não Vinculados; Arrecadações; SECRETARIA DE ADMINISTRAÇÃO E FINANÇAS; SECRETARIA DE ADMINISTRAÇÃO E FINANÇAS; SECRETARIA DE ADMINISTRAÇÃO E FINANÇAS; R$ 0,00; R$ 0,00; R$ 0,00; R$ 0,00; R$ 73.161,21; R$ 109.294,95; R$ 0,00; 0.0
 13210101020000; Remuneração de Depósitos Bancários - Não Vinculados; Receitas Correntes; Receita Patrimonial; Valores Mobiliários; Remuneração de Depósitos Bancários - Principal; Juros e Correções Monetárias; Remuneração de Depósitos Bancários; ; Juros e Correções Monetárias; Remuneração de Depósitos Bancários; Não se aplica; Remuneração de Depósitos Bancários - Não Vinculados; Arrecadações; SECRETARIA DE ADMINISTRAÇÃO E FINANÇAS; SECRETARIA DE ADMINISTRAÇÃO E FINANÇAS; SECRETARIA DE ADMINISTRAÇÃO E FINANÇAS; R$ 0,00; R$ 0,00; R$ 0,00; R$ 0,00; R$ 66.591,22; R$ 175.886,17; R$ 0,00; 0.0
 13210101020000; Remuneração de Depósitos Bancários - Não Vinculados; Receitas Correntes; Receita Patrimonial; Valores Mobiliários; Remuneração de Depósitos Bancários - Principal; Juros e Correções Monetárias; Remuneração de Depósitos Bancários; ; Juros e Correções Monetárias; Remuneração de Depósitos Bancários; Não se aplica; Remuneração de Depósitos Bancários - Não Vinculados; Arrecadações; SECRETARIA DE ADMINISTRAÇÃO E FINANÇAS; SECRETARIA DE ADMINISTRAÇÃO E FINANÇAS; SECRETARIA DE ADMINISTRAÇÃO E FINANÇAS; R$ 0,00; R$ 0,00; R$ 0,00; R$ 0,00; R$ 58.237,61; R$ 234.123,78; R$ 0,00; 0.0
 13210101020000; Remuneração de Depósitos Bancários - Não Vinculados; Receitas Correntes; Receita Patrimonial; Valores Mobiliários; Remuneração de Depósitos Bancários - Principal; Juros e Correções Monetárias; Remuneração de Depósitos Bancários; ; Juros e Correções Monetárias; Remuneração de Depósitos Bancários; Não se aplica; Remuneração de Depósitos Bancários - Não Vinculados; Arrecadações; SECRETARIA DE ADMINISTRAÇÃO E FINANÇAS; SECRETARIA DE ADMINISTRAÇÃO E FINANÇAS; SECRETARIA DE ADMINISTRAÇÃO E FINANÇAS; R$ 0,00; R$ 0,00; R$ 0,00; R$ 0,00; R$ 41.226,91; R$ 275.350,69; R$ 0,00; 0.0
 13210101020000; Remuneração de Depósitos Bancários - Não Vinculados; Receitas Correntes; Receita Patrimonial; Valores Mobiliários; Remuneração de Depósitos Bancários - Principal; Juros e Correções Monetárias; Remuneração de Depósitos Bancários; ; Juros e Correções Monetárias; Remuneração de Depósitos Bancários; Não se aplica; Remuneração de Depósitos Bancários - Não Vinculados; Arrecadações; SECRETARIA DE ADMINISTRAÇÃO E FINANÇAS; SECRETARIA DE ADMINISTRAÇÃO E FINANÇAS; SECRETARIA DE ADMINISTRAÇÃO E FINANÇAS; R$ 0,00; R$ 0,00; R$ 0,00; R$ 0,00; R$ 30.485,71; R$ 305.836,40; R$ 0,00; 0.0
 13210101020000; Remuneração de Depósitos Bancários - Não Vinculados; Receitas Correntes; Receita Patrimonial; Valores Mobiliários; Remuneração de Depósitos Bancários - Principal; Juros e Correções Monetárias; Remuneração de Depósitos Bancários; ; Juros e Correções Monetárias; Remuneração de Depósitos Bancários; Não se aplica; Remuneração de Depósitos Bancários - Não Vinculados; Arrecadações; SECRETARIA DE ADMINISTRAÇÃO E FINANÇAS; SECRETARIA DE ADMINISTRAÇÃO E FINANÇAS; SECRETARIA DE ADMINISTRAÇÃO E FINANÇAS; R$ 0,00; R$ 0,00; R$ 0,00; R$ 0,00; R$ 26.197,71; R$ 332.034,11; R$ 0,00; 0.0
 13210101020000; Remuneração de Depósitos Bancários - Não Vinculados; Receitas Correntes; Receita Patrimonial; Valores Mobiliários; Remuneração de Depósitos Bancários - Principal; Juros e Correções Monetárias; Remuneração de Depósitos Bancários; ; Juros e Correções Monetárias; Remuneração de Depósitos Bancários; Não se aplica; Remuneração de Depósitos Bancários - Não Vinculados; Arrecadações; SECRETARIA DE ADMINISTRAÇÃO E FINANÇAS; SECRETARIA DE ADMINISTRAÇÃO E FINANÇAS; SECRETARIA DE ADMINISTRAÇÃO E FINANÇAS; R$ 0,00; R$ 0,00; R$ 0,00; R$ 0,00; R$ 14.200,14; R$ 346.234,25; R$ 0,00; 0.0
 13210101020000; Remuneração de Depósitos Bancários - Não Vinculados; Receitas Correntes; Receita Patrimonial; Valores Mobiliários; Remuneração de Depósitos Bancários - Principal; Juros e Correções Monetárias; Remuneração de Depósitos Bancários; ; Juros e Correções Monetárias; Remuneração de Depósitos Bancários; Não se aplica; Remuneração de Depósitos Bancários - Não Vinculados; Arrecadações; SECRETARIA DE ADMINISTRAÇÃO E FINANÇAS; SECRETARIA DE ADMINISTRAÇÃO E FINANÇAS; SECRETARIA DE ADMINISTRAÇÃO E FINANÇAS; R$ 0,00; R$ 0,00; R$ 0,00; R$ 0,00; R$ 13.199,80; R$ 359.434,05; R$ 0,00; 0.0
 13210101020000; Remuneração de Depósitos Bancários - Não Vinculados; Receitas Correntes; Receita Patrimonial; Valores Mobiliários; Remuneração de Depósitos Bancários - Principal; Juros e Correções Monetárias; Remuneração de Depósitos Bancários; ; Juros e Correções Monetárias; Remuneração de Depósitos Bancários; Não se aplica; Remuneração de Depósitos Bancários - Não Vinculados; Arrecadações; SECRETARIA DE ADMINISTRAÇÃO E FINANÇAS; SECRETARIA DE ADMINISTRAÇÃO E FINANÇAS; SECRETARIA DE ADMINISTRAÇÃO E FINANÇAS; R$ 0,00; R$ 0,00; R$ 0,00; R$ 0,00; R$ 11.975,62; R$ 371.409,67; R$ 0,00; 0.0
 13210101020000; Remuneração de Depósitos Bancários - Não Vinculados; Receitas Correntes; Receita Patrimonial; Valores Mobiliários; Remuneração de Depósitos Bancários - Principal; Juros e Correções Monetárias; Remuneração de Depósitos Bancários; ; Juros e Correções Monetárias; Remuneração de Depósitos Bancários; Não se aplica; Remuneração de Depósitos Bancários - Não Vinculados; Arrecadações; SECRETARIA DE ADMINISTRAÇÃO E FINANÇAS; SECRETARIA DE ADMINISTRAÇÃO E FINANÇAS; SECRETARIA DE ADMINISTRAÇÃO E FINANÇAS; R$ 0,00; R$ 0,00; R$ 0,00; R$ 0,00; R$ 8.668,05; R$ 380.077,72; R$ 0,00; 0.0
 13210101020000; Remuneração de Depósitos Bancários - Não Vinculados; Receitas Correntes; Receita Patrimonial; Valores Mobiliários; Remuneração de Depósitos Bancários - Principal; Juros e Correções Monetárias; Remuneração de Depósitos Bancários; ; Juros e Correções Monetárias; Remuneração de Depósitos Bancários; Não se aplica; Remuneração de Depósitos Bancários - Não Vinculados; Arrecadações; SECRETARIA DE ADMINISTRAÇÃO E FINANÇAS; SECRETARIA DE ADMINISTRAÇÃO E FINANÇAS; SECRETARIA DE ADMINISTRAÇÃO E FINANÇAS; R$ 0,00; R$ 0,00; R$ 0,00; R$ 0,00; R$ 18.288,76; R$ 398.366,48; R$ 0,00; 0.0
 13210101010401; Rec. de Remun. Dep. Banc/Vinculados-  FMAS/FNAS - PBV-SCFV; Receitas Correntes; Receita Patrimonial; Valores Mobiliários; Remuneração de Depósitos Bancários - Principal; Juros e Correções Monetárias; Remuneração de Depósitos Bancários; ; Juros e Correções Monetárias; Remuneração de Depósitos Bancários; Não se aplica; Rec. de Remun. Dep. Banc/Vinculados-  FMAS/FNAS - PBV-SCFV; Arrecadações; SECRETARIA DE DESENVOLVIMENTO SOCIAL E HABITAÇÃO; FUNDO MUNICIPAL DE ASSISTENCIA SOCIAL; SECRETARIA DE DESENVOLVIMENTO SOCIAL E HABITAÇÃO; R$ 0,00; R$ 0,00; R$ 0,00; R$ 0,00; R$ 215,61; R$ 215,61; R$ 0,00; 0.0
 13210101010401; Rec. de Remun. Dep. Banc/Vinculados-  FMAS/FNAS - PBV-SCFV; Receitas Correntes; Receita Patrimonial; Valores Mobiliários; Remuneração de Depósitos Bancários - Principal; Juros e Correções Monetárias; Remuneração de Depósitos Bancários; ; Juros e Correções Monetárias; Remuneração de Depósitos Bancários; Não se aplica; Rec. de Remun. Dep. Banc/Vinculados-  FMAS/FNAS - PBV-SCFV; Arrecadações; SECRETARIA DE DESENVOLVIMENTO SOCIAL E HABITAÇÃO; FUNDO MUNICIPAL DE ASSISTENCIA SOCIAL; SECRETARIA DE DESENVOLVIMENTO SOCIAL E HABITAÇÃO; R$ 0,00; R$ 0,00; R$ 0,00; R$ 0,00; R$ 192,12; R$ 407,73; R$ 0,00; 0.0
 13210101010401; Rec. de Remun. Dep. Banc/Vinculados-  FMAS/FNAS - PBV-SCFV; Receitas Correntes; Receita Patrimonial; Valores Mobiliários; Remuneração de Depósitos Bancários - Principal; Juros e Correções Monetárias; Remuneração de Depósitos Bancários; ; Juros e Correções Monetárias; Remuneração de Depósitos Bancários; Não se aplica; Rec. de Remun. Dep. Banc/Vinculados-  FMAS/FNAS - PBV-SCFV; Arrecadações; SECRETARIA DE DESENVOLVIMENTO SOCIAL E HABITAÇÃO; FUNDO MUNICIPAL DE ASSISTENCIA SOCIAL; SECRETARIA DE DESENVOLVIMENTO SOCIAL E HABITAÇÃO; R$ 0,00; R$ 0,00; R$ 0,00; R$ 0,00; R$ 235,10; R$ 642,83; R$ 0,00; 0.0
 13210101010401; Rec. de Remun. Dep. Banc/Vinculados-  FMAS/FNAS - PBV-SCFV; Receitas Correntes; Receita Patrimonial; Valores Mobiliários; Remuneração de Depósitos Bancários - Principal; Juros e Correções Monetárias; Remuneração de Depósitos Bancários; ; Juros e Correções Monetárias; Remuneração de Depósitos Bancários; Não se aplica; Rec. de Remun. Dep. Banc/Vinculados-  FMAS/FNAS - PBV-SCFV; Arrecadações; SECRETARIA DE DESENVOLVIMENTO SOCIAL E HABITAÇÃO; FUNDO MUNICIPAL DE ASSISTENCIA SOCIAL; SECRETARIA DE DESENVOLVIMENTO SOCIAL E HABITAÇÃO; R$ 0,00; R$ 0,00; R$ 0,00; R$ 0,00; R$ 322,74; R$ 965,57; R$ 0,00; 0.0
 13210101010401; Rec. de Remun. Dep. Banc/Vinculados-  FMAS/FNAS - PBV-SCFV; Receitas Correntes; Receita Patrimonial; Valores Mobiliários; Remuneração de Depósitos Bancários - Principal; Juros e Correções Monetárias; Remuneração de Depósitos Bancários; ; Juros e Correções Monetárias; Remuneração de Depósitos Bancários; Não se aplica; Rec. de Remun. Dep. Banc/Vinculados-  FMAS/FNAS - PBV-SCFV; Arrecadações; SECRETARIA DE DESENVOLVIMENTO SOCIAL E HABITAÇÃO; FUNDO MUNICIPAL DE ASSISTENCIA SOCIAL; SECRETARIA DE DESENVOLVIMENTO SOCIAL E HABITAÇÃO; R$ 0,00; R$ 0,00; R$ 0,00; R$ 0,00; R$ 302,37; R$ 1.267,94; R$ 0,00; 0.0
 13210101010401; Rec. de Remun. Dep. Banc/Vinculados-  FMAS/FNAS - PBV-SCFV; Receitas Correntes; Receita Patrimonial; Valores Mobiliários; Remuneração de Depósitos Bancários - Principal; Juros e Correções Monetárias; Remuneração de Depósitos Bancários; ; Juros e Correções Monetárias; Remuneração de Depósitos Bancários; Não se aplica; Rec. de Remun. Dep. Banc/Vinculados-  FMAS/FNAS - PBV-SCFV; Arrecadações; SECRETARIA DE DESENVOLVIMENTO SOCIAL E HABITAÇÃO; FUNDO MUNICIPAL DE ASSISTENCIA SOCIAL; SECRETARIA DE DESENVOLVIMENTO SOCIAL E HABITAÇÃO; R$ 0,00; R$ 0,00; R$ 0,00; R$ 0,00; R$ 165,03; R$ 1.432,97; R$ 0,00; 0.0
 13210101010401; Rec. de Remun. Dep. Banc/Vinculados-  FMAS/FNAS - PBV-SCFV; Receitas Correntes; Receita Patrimonial; Valores Mobiliários; Remuneração de Depósitos Bancários - Principal; Juros e Correções Monetárias; Remuneração de Depósitos Bancários; ; Juros e Correções Monetárias; Remuneração de Depósitos Bancários; Não se aplica; Rec. de Remun. Dep. Banc/Vinculados-  FMAS/FNAS - PBV-SCFV; Arrecadações; SECRETARIA DE DESENVOLVIMENTO SOCIAL E HABITAÇÃO; FUNDO MUNICIPAL DE ASSISTENCIA SOCIAL; SECRETARIA DE DESENVOLVIMENTO SOCIAL E HABITAÇÃO; R$ 0,00; R$ 0,00; R$ 0,00; R$ 0,00; R$ 207,95; R$ 1.640,92; R$ 0,00; 0.0
 13210101010401; Rec. de Remun. Dep. Banc/Vinculados-  FMAS/FNAS - PBV-SCFV; Receitas Correntes; Receita Patrimonial; Valores Mobiliários; Remuneração de Depósitos Bancários - Principal; Juros e Correções Monetárias; Remuneração de Depósitos Bancários; ; Juros e Correções Monetárias; Remuneração de Depósitos Bancários; Não se aplica; Rec. de Remun. Dep. Banc/Vinculados-  FMAS/FNAS - PBV-SCFV; Arrecadações; SECRETARIA DE DESENVOLVIMENTO SOCIAL E HABITAÇÃO; FUNDO MUNICIPAL DE ASSISTENCIA SOCIAL; SECRETARIA DE DESENVOLVIMENTO SOCIAL E HABITAÇÃO; R$ 0,00; R$ 0,00; R$ 0,00; R$ 0,00; R$ 222,22; R$ 1.863,14; R$ 0,00; 0.0
 13210101010401; Rec. de Remun. Dep. Banc/Vinculados-  FMAS/FNAS - PBV-SCFV; Receitas Correntes; Receita Patrimonial; Valores Mobiliários; Remuneração de Depósitos Bancários - Principal; Juros e Correções Monetárias; Remuneração de Depósitos Bancários; ; Juros e Correções Monetárias; Remuneração de Depósitos Bancários; Não se aplica; Rec. de Remun. Dep. Banc/Vinculados-  FMAS/FNAS - PBV-SCFV; Arrecadações; SECRETARIA DE DESENVOLVIMENTO SOCIAL E HABITAÇÃO; FUNDO MUNICIPAL DE ASSISTENCIA SOCIAL; SECRETARIA DE DESENVOLVIMENTO SOCIAL E HABITAÇÃO; R$ 0,00; R$ 0,00; R$ 0,00; R$ 0,00; R$ 218,78; R$ 2.081,92; R$ 0,00; 0.0
 13210101010401; Rec. de Remun. Dep. Banc/Vinculados-  FMAS/FNAS - PBV-SCFV; Receitas Correntes; Receita Patrimonial; Valores Mobiliários; Remuneração de Depósitos Bancários - Principal; Juros e Correções Monetárias; Remuneração de Depósitos Bancários; ; Juros e Correções Monetárias; Remuneração de Depósitos Bancários; Não se aplica; Rec. de Remun. Dep. Banc/Vinculados-  FMAS/FNAS - PBV-SCFV; Arrecadações; SECRETARIA DE DESENVOLVIMENTO SOCIAL E HABITAÇÃO; FUNDO MUNICIPAL DE ASSISTENCIA SOCIAL; SECRETARIA DE DESENVOLVIMENTO SOCIAL E HABITAÇÃO; R$ 0,00; R$ 0,00; R$ 0,00; R$ 0,00; R$ 216,52; R$ 2.298,44; R$ 0,00; 0.0
 13210101010401; Rec. de Remun. Dep. Banc/Vinculados-  FMAS/FNAS - PBV-SCFV; Receitas Correntes; Receita Patrimonial; Valores Mobiliários; Remuneração de Depósitos Bancários - Principal; Juros e Correções Monetárias; Remuneração de Depósitos Bancários; ; Juros e Correções Monetárias; Remuneração de Depósitos Bancários; Não se aplica; Rec. de Remun. Dep. Banc/Vinculados-  FMAS/FNAS - PBV-SCFV; Arrecadações; SECRETARIA DE DESENVOLVIMENTO SOCIAL E HABITAÇÃO; FUNDO MUNICIPAL DE ASSISTENCIA SOCIAL; SECRETARIA DE DESENVOLVIMENTO SOCIAL E HABITAÇÃO; R$ 0,00; R$ 0,00; R$ 0,00; R$ 0,00; R$ 172,56; R$ 2.471,00; R$ 0,00; 0.0
 13210101010401; Rec. de Remun. Dep. Banc/Vinculados-  FMAS/FNAS - PBV-SCFV; Receitas Correntes; Receita Patrimonial; Valores Mobiliários; Remuneração de Depósitos Bancários - Principal; Juros e Correções Monetárias; Remuneração de Depósitos Bancários; ; Juros e Correções Monetárias; Remuneração de Depósitos Bancários; Não se aplica; Rec. de Remun. Dep. Banc/Vinculados-  FMAS/FNAS - PBV-SCFV; Arrecadações; SECRETARIA DE DESENVOLVIMENTO SOCIAL E HABITAÇÃO; FUNDO MUNICIPAL DE ASSISTENCIA SOCIAL; SECRETARIA DE DESENVOLVIMENTO SOCIAL E HABITAÇÃO; R$ 0,00; R$ 0,00; R$ 0,00; R$ 0,00; R$ 196,05; R$ 2.667,05; R$ 0,00; 0.0
 13210101019911; Remun  Dep Banc  Vinculados- imp. Generica; Receitas Correntes; Receita Patrimonial; Valores Mobiliários; Remuneração de Depósitos Bancários - Principal; Juros e Correções Monetárias; Remuneração de Depósitos Bancários; ; Juros e Correções Monetárias; Remuneração de Depósitos Bancários; Não se aplica; Remun  Dep Banc  Vinculados- imp. Generica; Arrecadações; SECRETARIA DE ADMINISTRAÇÃO E FINANÇAS; SECRETARIA DE ADMINISTRAÇÃO E FINANÇAS; SECRETARIA DE ADMINISTRAÇÃO E FINANÇAS; R$ 0,00; R$ 0,00; R$ 0,00; R$ 0,00; R$ 22.980,54; R$ 22.980,54; R$ 0,00; 0.0
 13210101019911; Remun  Dep Banc  Vinculados- imp. Generica; Receitas Correntes; Receita Patrimonial; Valores Mobiliários; Remuneração de Depósitos Bancários - Principal; Juros e Correções Monetárias; Remuneração de Depósitos Bancários; ; Juros e Correções Monetárias; Remuneração de Depósitos Bancários; Não se aplica; Remun  Dep Banc  Vinculados- imp. Generica; Arrecadações; SECRETARIA DE ADMINISTRAÇÃO E FINANÇAS; SECRETARIA DE ADMINISTRAÇÃO E FINANÇAS; SECRETARIA DE ADMINISTRAÇÃO E FINANÇAS; R$ 0,00; R$ 0,00; R$ 0,00; R$ 0,00; R$ 20.654,73; R$ 43.635,27; R$ 0,00; 0.0
 13210101019911; Remun  Dep Banc  Vinculados- imp. Generica; Receitas Correntes; Receita Patrimonial; Valores Mobiliários; Remuneração de Depósitos Bancários - Principal; Juros e Correções Monetárias; Remuneração de Depósitos Bancários; ; Juros e Correções Monetárias; Remuneração de Depósitos Bancários; Não se aplica; Remun  Dep Banc  Vinculados- imp. Generica; Arrecadações; SECRETARIA DE ADMINISTRAÇÃO E FINANÇAS; SECRETARIA DE ADMINISTRAÇÃO E FINANÇAS; SECRETARIA DE ADMINISTRAÇÃO E FINANÇAS; R$ 0,00; R$ 0,00; R$ 0,00; R$ 0,00; R$ 16.217,71; R$ 59.852,98; R$ 0,00; 0.0
 13210101019911; Remun  Dep Banc  Vinculados- imp. Generica; Receitas Correntes; Receita Patrimonial; Valores Mobiliários; Remuneração de Depósitos Bancários - Principal; Juros e Correções Monetárias; Remuneração de Depósitos Bancários; ; Juros e Correções Monetárias; Remuneração de Depósitos Bancários; Não se aplica; Remun  Dep Banc  Vinculados- imp. Generica; Arrecadações; SECRETARIA DE ADMINISTRAÇÃO E FINANÇAS; SECRETARIA DE ADMINISTRAÇÃO E FINANÇAS; SECRETARIA DE ADMINISTRAÇÃO E FINANÇAS; R$ 0,00; R$ 0,00; R$ 0,00; R$ 0,00; R$ 14.175,58; R$ 74.028,56; R$ 0,00; 0.0
 13210101019911; Remun  Dep Banc  Vinculados- imp. Generica; Receitas Correntes; Receita Patrimonial; Valores Mobiliários; Remuneração de Depósitos Bancários - Principal; Juros e Correções Monetárias; Remuneração de Depósitos Bancários; ; Juros e Correções Monetárias; Remuneração de Depósitos Bancários; Não se aplica; Remun  Dep Banc  Vinculados- imp. Generica; Arrecadações; SECRETARIA DE ADMINISTRAÇÃO E FINANÇAS; SECRETARIA DE ADMINISTRAÇÃO E FINANÇAS; SECRETARIA DE ADMINISTRAÇÃO E FINANÇAS; R$ 0,00; R$ 0,00; R$ 0,00; R$ 0,00; R$ 15.180,18; R$ 89.208,74; R$ 0,00; 0.0
 13210101019911; Remun  Dep Banc  Vinculados- imp. Generica; Receitas Correntes; Receita Patrimonial; Valores Mobiliários; Remuneração de Depósitos Bancários - Principal; Juros e Correções Monetárias; Remuneração de Depósitos Bancários; ; Juros e Correções Monetárias; Remuneração de Depósitos Bancários; Não se aplica; Remun  Dep Banc  Vinculados- imp. Generica; Arrecadações; SECRETARIA DE ADMINISTRAÇÃO E FINANÇAS; SECRETARIA DE ADMINISTRAÇÃO E FINANÇAS; SECRETARIA DE ADMINISTRAÇÃO E FINANÇAS; R$ 0,00; R$ 0,00; R$ 0,00; R$ 0,00; R$ 18.878,00; R$ 108.086,74; R$ 0,00; 0.0
 13210101019911; Remun  Dep Banc  Vinculados- imp. Generica; Receitas Correntes; Receita Patrimonial; Valores Mobiliários; Remuneração de Depósitos Bancários - Principal; Juros e Correções Monetárias; Remuneração de Depósitos Bancários; ; Juros e Correções Monetárias; Remuneração de Depósitos Bancários; Não se aplica; Remun  Dep Banc  Vinculados- imp. Generica; Arrecadações; SECRETARIA DE ADMINISTRAÇÃO E FINANÇAS; SECRETARIA DE ADMINISTRAÇÃO E FINANÇAS; SECRETARIA DE ADMINISTRAÇÃO E FINANÇAS; R$ 0,00; R$ 0,00; R$ 0,00; R$ 0,00; R$ 31.105,44; R$ 139.192,18; R$ 0,00; 0.0
 13210101019911; Remun  Dep Banc  Vinculados- imp. Generica; Receitas Correntes; Receita Patrimonial; Valores Mobiliários; Remuneração de Depósitos Bancários - Principal; Juros e Correções Monetárias; Remuneração de Depósitos Bancários; ; Juros e Correções Monetárias; Remuneração de Depósitos Bancários; Não se aplica; Remun  Dep Banc  Vinculados- imp. Generica; Arrecadações; SECRETARIA DE ADMINISTRAÇÃO E FINANÇAS; SECRETARIA DE ADMINISTRAÇÃO E FINANÇAS; SECRETARIA DE ADMINISTRAÇÃO E FINANÇAS; R$ 0,00; R$ 0,00; R$ 0,00; R$ 0,00; R$ 28.659,66; R$ 167.851,84; R$ 0,00; 0.0
 13210101019911; Remun  Dep Banc  Vinculados- imp. Generica; Receitas Correntes; Receita Patrimonial; Valores Mobiliários; Remuneração de Depósitos Bancários - Principal; Juros e Correções Monetárias; Remuneração de Depósitos Bancários; ; Juros e Correções Monetárias; Remuneração de Depósitos Bancários; Não se aplica; Remun  Dep Banc  Vinculados- imp. Generica; Arrecadações; SECRETARIA DE ADMINISTRAÇÃO E FINANÇAS; SECRETARIA DE ADMINISTRAÇÃO E FINANÇAS; SECRETARIA DE ADMINISTRAÇÃO E FINANÇAS; R$ 0,00; R$ 0,00; R$ 0,00; R$ 0,00; R$ 35.118,11; R$ 202.969,95; R$ 0,00; 0.0
 13210101019911; Remun  Dep Banc  Vinculados- imp. Generica; Receitas Correntes; Receita Patrimonial; Valores Mobiliários; Remuneração de Depósitos Bancários - Principal; Juros e Correções Monetárias; Remuneração de Depósitos Bancários; ; Juros e Correções Monetárias; Remuneração de Depósitos Bancários; Não se aplica; Remun  Dep Banc  Vinculados- imp. Generica; Arrecadações; SECRETARIA DE ADMINISTRAÇÃO E FINANÇAS; SECRETARIA DE ADMINISTRAÇÃO E FINANÇAS; SECRETARIA DE ADMINISTRAÇÃO E FINANÇAS; R$ 0,00; R$ 0,00; R$ 0,00; R$ 0,00; R$ 35.440,39; R$ 238.410,34; R$ 0,00; 0.0
 13210101019911; Remun  Dep Banc  Vinculados- imp. Generica; Receitas Correntes; Receita Patrimonial; Valores Mobiliários; Remuneração de Depósitos Bancários - Principal; Juros e Correções Monetárias; Remuneração de Depósitos Bancários; ; Juros e Correções Monetárias; Remuneração de Depósitos Bancários; Não se aplica; Remun  Dep Banc  Vinculados- imp. Generica; Arrecadações; SECRETARIA DE ADMINISTRAÇÃO E FINANÇAS; SECRETARIA DE ADMINISTRAÇÃO E FINANÇAS; SECRETARIA DE ADMINISTRAÇÃO E FINANÇAS; R$ 0,00; R$ 0,00; R$ 0,00; R$ 0,00; R$ 25.162,03; R$ 263.572,37; R$ 0,00; 0.0
 13210101019911; Remun  Dep Banc  Vinculados- imp. Generica; Receitas Correntes; Receita Patrimonial; Valores Mobiliários; Remuneração de Depósitos Bancários - Principal; Juros e Correções Monetárias; Remuneração de Depósitos Bancários; ; Juros e Correções Monetárias; Remuneração de Depósitos Bancários; Não se aplica; Remun  Dep Banc  Vinculados- imp. Generica; Arrecadações; SECRETARIA DE ADMINISTRAÇÃO E FINANÇAS; SECRETARIA DE ADMINISTRAÇÃO E FINANÇAS; SECRETARIA DE ADMINISTRAÇÃO E FINANÇAS; R$ 0,00; R$ 0,00; R$ 0,00; R$ 0,00; R$ -69.471,20; R$ 194.101,17; R$ 0,00; 0.0
 13210101010502; Rec. de Remun. Dep. Banc/Vinculados - Convênios Estado; Receitas Correntes; Receita Patrimonial; Valores Mobiliários; Remuneração de Depósitos Bancários - Principal; Juros e Correções Monetárias; Remuneração de Depósitos Bancários; ; Juros e Correções Monetárias; Remuneração de Depósitos Bancários; Não se aplica; Rec. de Remun. Dep. Banc/Vinculados - Convênios Estado; Arrecadações; SECRETARIA DE ADMINISTRAÇÃO E FINANÇAS; SECRETARIA DE ADMINISTRAÇÃO E FINANÇAS; SECRETARIA DE ADMINISTRAÇÃO E FINANÇAS; R$ 0,00; R$ 0,00; R$ 0,00; R$ 0,00; R$ 6.068,29; R$ 6.068,29; R$ 0,00; 0.0
 13210101010502; Rec. de Remun. Dep. Banc/Vinculados - Convênios Estado; Receitas Correntes; Receita Patrimonial; Valores Mobiliários; Remuneração de Depósitos Bancários - Principal; Juros e Correções Monetárias; Remuneração de Depósitos Bancários; ; Juros e Correções Monetárias; Remuneração de Depósitos Bancários; Não se aplica; Rec. de Remun. Dep. Banc/Vinculados - Convênios Estado; Arrecadações; SECRETARIA DE ADMINISTRAÇÃO E FINANÇAS; SECRETARIA DE ADMINISTRAÇÃO E FINANÇAS; SECRETARIA DE ADMINISTRAÇÃO E FINANÇAS; R$ 0,00; R$ 0,00; R$ 0,00; R$ 0,00; R$ 5.516,75; R$ 11.585,04; R$ 0,00; 0.0
 13210101010502; Rec. de Remun. Dep. Banc/Vinculados - Convênios Estado; Receitas Correntes; Receita Patrimonial; Valores Mobiliários; Remuneração de Depósitos Bancários - Principal; Juros e Correções Monetárias; Remuneração de Depósitos Bancários; ; Juros e Correções Monetárias; Remuneração de Depósitos Bancários; Não se aplica; Rec. de Remun. Dep. Banc/Vinculados - Convênios Estado; Arrecadações; SECRETARIA DE ADMINISTRAÇÃO E FINANÇAS; SECRETARIA DE ADMINISTRAÇÃO E FINANÇAS; SECRETARIA DE ADMINISTRAÇÃO E FINANÇAS; R$ 0,00; R$ 0,00; R$ 0,00; R$ 0,00; R$ 5.164,00; R$ 16.749,04; R$ 0,00; 0.0
 13210101010502; Rec. de Remun. Dep. Banc/Vinculados - Convênios Estado; Receitas Correntes; Receita Patrimonial; Valores Mobiliários; Remuneração de Depósitos Bancários - Principal; Juros e Correções Monetárias; Remuneração de Depósitos Bancários; ; Juros e Correções Monetárias; Remuneração de Depósitos Bancários; Não se aplica; Rec. de Remun. Dep. Banc/Vinculados - Convênios Estado; Arrecadações; SECRETARIA DE ADMINISTRAÇÃO E FINANÇAS; SECRETARIA DE ADMINISTRAÇÃO E FINANÇAS; SECRETARIA DE ADMINISTRAÇÃO E FINANÇAS; R$ 0,00; R$ 0,00; R$ 0,00; R$ 0,00; R$ -5.360,52; R$ 11.388,52; R$ 0,00; 0.0
 13210101010502; Rec. de Remun. Dep. Banc/Vinculados - Convênios Estado; Receitas Correntes; Receita Patrimonial; Valores Mobiliários; Remuneração de Depósitos Bancários - Principal; Juros e Correções Monetárias; Remuneração de Depósitos Bancários; ; Juros e Correções Monetárias; Remuneração de Depósitos Bancários; Não se aplica; Rec. de Remun. Dep. Banc/Vinculados - Convênios Estado; Arrecadações; SECRETARIA DE ADMINISTRAÇÃO E FINANÇAS; SECRETARIA DE ADMINISTRAÇÃO E FINANÇAS; SECRETARIA DE ADMINISTRAÇÃO E FINANÇAS; R$ 0,00; R$ 0,00; R$ 0,00; R$ 0,00; R$ 3.034,39; R$ 14.422,91; R$ 0,00; 0.0
 13210101010502; Rec. de Remun. Dep. Banc/Vinculados - Convênios Estado; Receitas Correntes; Receita Patrimonial; Valores Mobiliários; Remuneração de Depósitos Bancários - Principal; Juros e Correções Monetárias; Remuneração de Depósitos Bancários; ; Juros e Correções Monetárias; Remuneração de Depósitos Bancários; Não se aplica; Rec. de Remun. Dep. Banc/Vinculados - Convênios Estado; Arrecadações; SECRETARIA DE ADMINISTRAÇÃO E FINANÇAS; SECRETARIA DE ADMINISTRAÇÃO E FINANÇAS; SECRETARIA DE ADMINISTRAÇÃO E FINANÇAS; R$ 0,00; R$ 0,00; R$ 0,00; R$ 0,00; R$ 2.963,87; R$ 17.386,78; R$ 0,00; 0.0
 13210101010502; Rec. de Remun. Dep. Banc/Vinculados - Convênios Estado; Receitas Correntes; Receita Patrimonial; Valores Mobiliários; Remuneração de Depósitos Bancários - Principal; Juros e Correções Monetárias; Remuneração de Depósitos Bancários; ; Juros e Correções Monetárias; Remuneração de Depósitos Bancários; Não se aplica; Rec. de Remun. Dep. Banc/Vinculados - Convênios Estado; Arrecadações; SECRETARIA DE ADMINISTRAÇÃO E FINANÇAS; SECRETARIA DE ADMINISTRAÇÃO E FINANÇAS; SECRETARIA DE ADMINISTRAÇÃO E FINANÇAS; R$ 0,00; R$ 0,00; R$ 0,00; R$ 0,00; R$ 21.147,56; R$ 38.534,34; R$ 0,00; 0.0
 13210101010502; Rec. de Remun. Dep. Banc/Vinculados - Convênios Estado; Receitas Correntes; Receita Patrimonial; Valores Mobiliários; Remuneração de Depósitos Bancários - Principal; Juros e Correções Monetárias; Remuneração de Depósitos Bancários; ; Juros e Correções Monetárias; Remuneração de Depósitos Bancários; Não se aplica; Rec. de Remun. Dep. Banc/Vinculados - Convênios Estado; Arrecadações; SECRETARIA DE ADMINISTRAÇÃO E FINANÇAS; SECRETARIA DE ADMINISTRAÇÃO E FINANÇAS; SECRETARIA DE ADMINISTRAÇÃO E FINANÇAS; R$ 0,00; R$ 0,00; R$ 0,00; R$ 0,00; R$ 47.719,54; R$ 86.253,88; R$ 0,00; 0.0
 13210101010502; Rec. de Remun. Dep. Banc/Vinculados - Convênios Estado; Receitas Correntes; Receita Patrimonial; Valores Mobiliários; Remuneração de Depósitos Bancários - Principal; Juros e Correções Monetárias; Remuneração de Depósitos Bancários; ; Juros e Correções Monetárias; Remuneração de Depósitos Bancários; Não se aplica; Rec. de Remun. Dep. Banc/Vinculados - Convênios Estado; Arrecadações; SECRETARIA DE ADMINISTRAÇÃO E FINANÇAS; SECRETARIA DE ADMINISTRAÇÃO E FINANÇAS; SECRETARIA DE ADMINISTRAÇÃO E FINANÇAS; R$ 0,00; R$ 0,00; R$ 0,00; R$ 0,00; R$ 48.591,64; R$ 134.845,52; R$ 0,00; 0.0
 13210101010502; Rec. de Remun. Dep. Banc/Vinculados - Convênios Estado; Receitas Correntes; Receita Patrimonial; Valores Mobiliários; Remuneração de Depósitos Bancários - Principal; Juros e Correções Monetárias; Remuneração de Depósitos Bancários; ; Juros e Correções Monetárias; Remuneração de Depósitos Bancários; Não se aplica; Rec. de Remun. Dep. Banc/Vinculados - Convênios Estado; Arrecadações; SECRETARIA DE ADMINISTRAÇÃO E FINANÇAS; SECRETARIA DE ADMINISTRAÇÃO E FINANÇAS; SECRETARIA DE ADMINISTRAÇÃO E FINANÇAS; R$ 0,00; R$ 0,00; R$ 0,00; R$ 0,00; R$ 51.265,06; R$ 186.110,58; R$ 0,00; 0.0
 13210101010502; Rec. de Remun. Dep. Banc/Vinculados - Convênios Estado; Receitas Correntes; Receita Patrimonial; Valores Mobiliários; Remuneração de Depósitos Bancários - Principal; Juros e Correções Monetárias; Remuneração de Depósitos Bancários; ; Juros e Correções Monetárias; Remuneração de Depósitos Bancários; Não se aplica; Rec. de Remun. Dep. Banc/Vinculados - Convênios Estado; Arrecadações; SECRETARIA DE ADMINISTRAÇÃO E FINANÇAS; SECRETARIA DE ADMINISTRAÇÃO E FINANÇAS; SECRETARIA DE ADMINISTRAÇÃO E FINANÇAS; R$ 0,00; R$ 0,00; R$ 0,00; R$ 0,00; R$ 42.021,70; R$ 228.132,28; R$ 0,00; 0.0
 13210101010502; Rec. de Remun. Dep. Banc/Vinculados - Convênios Estado; Receitas Correntes; Receita Patrimonial; Valores Mobiliários; Remuneração de Depósitos Bancários - Principal; Juros e Correções Monetárias; Remuneração de Depósitos Bancários; ; Juros e Correções Monetárias; Remuneração de Depósitos Bancários; Não se aplica; Rec. de Remun. Dep. Banc/Vinculados - Convênios Estado; Arrecadações; SECRETARIA DE ADMINISTRAÇÃO E FINANÇAS; SECRETARIA DE ADMINISTRAÇÃO E FINANÇAS; SECRETARIA DE ADMINISTRAÇÃO E FINANÇAS; R$ 0,00; R$ 0,00; R$ 0,00; R$ 0,00; R$ 178.377,28; R$ 406.509,56; R$ 0,00; 0.0
 17135021010000; Teto Mac ambul. e Hospitalar; Receitas Correntes; Transferências Correntes; Transferências da União e de suas Entidades; Transferências de Recursos do Bloco de Manutenção das Ações e Serviços Públicos de Saúde  Atenção Especializada - Principal; Transferências de Recursos do Sistema Único de Saúde  SUS; Transferências de Recursos do Sistema Único de Saúde  SUS  Repasses Fundo a Fundo - Bloco de Manutenção das Ações e Serviços Públicos de Saúde; Transferências de Recursos do Bloco de Manutenção das Ações e Serviços Públicos de Saúde  Atenção Especializada; Transferências de Recursos do Sistema Único de Saúde  SUS; Transferências de Recursos do Sistema Único de Saúde  SUS  Repasses Fundo a Fundo - Bloco de Manutenção das Ações e Serviços Públicos de Saúde; Transferências de Recursos do Bloco de Manutenção das Ações e Serviços Públicos de Saúde  Atenção Especializada; Teto Mac ambul. e Hospitalar; Arrecadações; FUNDO MUNICIPAL DE SAUDE; FUNDO MUNICIPAL DE SAUDE; FUNDO MUNICIPAL DE SAUDE; R$ 115.846,00; R$ 115.846,00; R$ 0,00; R$ 0,00; R$ 9.336,59; R$ 9.336,59; R$ 115.846,00; 8.06
 17135041010000; Assistencia Farmaceutica -F. Básica; Receitas Correntes; Transferências Correntes; Transferências da União e de suas Entidades; Transferências de Recursos do Bloco de Manutenção das Ações e Serviços Públicos de Saúde  Assistência Farmacêutica - Principal; Transferências de Recursos do Sistema Único de Saúde  SUS; Transferências de Recursos do Sistema Único de Saúde  SUS  Repasses Fundo a Fundo - Bloco de Manutenção das Ações e Serviços Públicos de Saúde; Transferências de Recursos do Bloco de Manutenção das Ações e Serviços Públicos de Saúde  Assistência Farmacêutica; Transferências de Recursos do Sistema Único de Saúde  SUS; Transferências de Recursos do Sistema Único de Saúde  SUS  Repasses Fundo a Fundo - Bloco de Manutenção das Ações e Serviços Públicos de Saúde; Transferências de Recursos do Bloco de Manutenção das Ações e Serviços Públicos de Saúde  Assistência Farmacêutica; Assistencia Farmaceutica -F. Básica; Arrecadações; FUNDO MUNICIPAL DE SAUDE; FUNDO MUNICIPAL DE SAUDE; FUNDO MUNICIPAL DE SAUDE; R$ 70.047,00; R$ 70.047,00; R$ 0,00; R$ 0,00; R$ 15.531,98; R$ 15.531,98; R$ 70.047,00; 22.17
 17135041010000; Assistencia Farmaceutica -F. Básica; Receitas Correntes; Transferências Correntes; Transferências da União e de suas Entidades; Transferências de Recursos do Bloco de Manutenção das Ações e Serviços Públicos de Saúde  Assistência Farmacêutica - Principal; Transferências de Recursos do Sistema Único de Saúde  SUS; Transferências de Recursos do Sistema Único de Saúde  SUS  Repasses Fundo a Fundo - Bloco de Manutenção das Ações e Serviços Públicos de Saúde; Transferências de Recursos do Bloco de Manutenção das Ações e Serviços Públicos de Saúde  Assistência Farmacêutica; Transferências de Recursos do Sistema Único de Saúde  SUS; Transferências de Recursos do Sistema Único de Saúde  SUS  Repasses Fundo a Fundo - Bloco de Manutenção das Ações e Serviços Públicos de Saúde; Transferências de Recursos do Bloco de Manutenção das Ações e Serviços Públicos de Saúde  Assistência Farmacêutica; Assistencia Farmaceutica -F. Básica; Arrecadações; FUNDO MUNICIPAL DE SAUDE; FUNDO MUNICIPAL DE SAUDE; FUNDO MUNICIPAL DE SAUDE; R$ 0,00; R$ 0,00; R$ 0,00; R$ 0,00; R$ 9.531,98; R$ 25.063,96; R$ 0,00; 0.0
 17135021010000; Teto Mac ambul. e Hospitalar; Receitas Correntes; Transferências Correntes; Transferências da União e de suas Entidades; Transferências de Recursos do Bloco de Manutenção das Ações e Serviços Públicos de Saúde  Atenção Especializada - Principal; Transferências de Recursos do Sistema Único de Saúde  SUS; Transferências de Recursos do Sistema Único de Saúde  SUS  Repasses Fundo a Fundo - Bloco de Manutenção das Ações e Serviços Públicos de Saúde; Transferências de Recursos do Bloco de Manutenção das Ações e Serviços Públicos de Saúde  Atenção Especializada; Transferências de Recursos do Sistema Único de Saúde  SUS; Transferências de Recursos do Sistema Único de Saúde  SUS  Repasses Fundo a Fundo - Bloco de Manutenção das Ações e Serviços Públicos de Saúde; Transferências de Recursos do Bloco de Manutenção das Ações e Serviços Públicos de Saúde  Atenção Especializada; Teto Mac ambul. e Hospitalar; Arrecadações; FUNDO MUNICIPAL DE SAUDE; FUNDO MUNICIPAL DE SAUDE; FUNDO MUNICIPAL DE SAUDE; R$ 0,00; R$ 0,00; R$ 0,00; R$ 0,00; R$ 9.336,59; R$ 18.673,18; R$ 0,00; 0.0
 17135041010000; Assistencia Farmaceutica -F. Básica; Receitas Correntes; Transferências Correntes; Transferências da União e de suas Entidades; Transferências de Recursos do Bloco de Manutenção das Ações e Serviços Públicos de Saúde  Assistência Farmacêutica - Principal; Transferências de Recursos do Sistema Único de Saúde  SUS; Transferências de Recursos do Sistema Único de Saúde  SUS  Repasses Fundo a Fundo - Bloco de Manutenção das Ações e Serviços Públicos de Saúde; Transferências de Recursos do Bloco de Manutenção das Ações e Serviços Públicos de Saúde  Assistência Farmacêutica; Transferências de Recursos do Sistema Único de Saúde  SUS; Transferências de Recursos do Sistema Único de Saúde  SUS  Repasses Fundo a Fundo - Bloco de Manutenção das Ações e Serviços Públicos de Saúde; Transferências de Recursos do Bloco de Manutenção das Ações e Serviços Públicos de Saúde  Assistência Farmacêutica; Assistencia Farmaceutica -F. Básica; Arrecadações; FUNDO MUNICIPAL DE SAUDE; FUNDO MUNICIPAL DE SAUDE; FUNDO MUNICIPAL DE SAUDE; R$ 0,00; R$ 0,00; R$ 0,00; R$ 0,00; R$ 9.531,98; R$ 34.595,94; R$ 0,00; 0.0
 17135021010000; Teto Mac ambul. e Hospitalar; Receitas Correntes; Transferências Correntes; Transferências da União e de suas Entidades; Transferências de Recursos do Bloco de Manutenção das Ações e Serviços Públicos de Saúde  Atenção Especializada - Principal; Transferências de Recursos do Sistema Único de Saúde  SUS; Transferências de Recursos do Sistema Único de Saúde  SUS  Repasses Fundo a Fundo - Bloco de Manutenção das Ações e Serviços Públicos de Saúde; Transferências de Recursos do Bloco de Manutenção das Ações e Serviços Públicos de Saúde  Atenção Especializada; Transferências de Recursos do Sistema Único de Saúde  SUS; Transferências de Recursos do Sistema Único de Saúde  SUS  Repasses Fundo a Fundo - Bloco de Manutenção das Ações e Serviços Públicos de Saúde; Transferências de Recursos do Bloco de Manutenção das Ações e Serviços Públicos de Saúde  Atenção Especializada; Teto Mac ambul. e Hospitalar; Arrecadações; FUNDO MUNICIPAL DE SAUDE; FUNDO MUNICIPAL DE SAUDE; FUNDO MUNICIPAL DE SAUDE; R$ 0,00; R$ 0,00; R$ 0,00; R$ 0,00; R$ 9.336,59; R$ 28.009,77; R$ 0,00; 0.0
 17135021010000; Teto Mac ambul. e Hospitalar; Receitas Correntes; Transferências Correntes; Transferências da União e de suas Entidades; Transferências de Recursos do Bloco de Manutenção das Ações e Serviços Públicos de Saúde  Atenção Especializada - Principal; Transferências de Recursos do Sistema Único de Saúde  SUS; Transferências de Recursos do Sistema Único de Saúde  SUS  Repasses Fundo a Fundo - Bloco de Manutenção das Ações e Serviços Públicos de Saúde; Transferências de Recursos do Bloco de Manutenção das Ações e Serviços Públicos de Saúde  Atenção Especializada; Transferências de Recursos do Sistema Único de Saúde  SUS; Transferências de Recursos do Sistema Único de Saúde  SUS  Repasses Fundo a Fundo - Bloco de Manutenção das Ações e Serviços Públicos de Saúde; Transferências de Recursos do Bloco de Manutenção das Ações e Serviços Públicos de Saúde  Atenção Especializada; Teto Mac ambul. e Hospitalar; Arrecadações; FUNDO MUNICIPAL DE SAUDE; FUNDO MUNICIPAL DE SAUDE; FUNDO MUNICIPAL DE SAUDE; R$ 0,00; R$ 0,00; R$ 0,00; R$ 0,00; R$ 9.336,59; R$ 37.346,36; R$ 0,00; 0.0
 17135041010000; Assistencia Farmaceutica -F. Básica; Receitas Correntes; Transferências Correntes; Transferências da União e de suas Entidades; Transferências de Recursos do Bloco de Manutenção das Ações e Serviços Públicos de Saúde  Assistência Farmacêutica - Principal; Transferências de Recursos do Sistema Único de Saúde  SUS; Transferências de Recursos do Sistema Único de Saúde  SUS  Repasses Fundo a Fundo - Bloco de Manutenção das Ações e Serviços Públicos de Saúde; Transferências de Recursos do Bloco de Manutenção das Ações e Serviços Públicos de Saúde  Assistência Farmacêutica; Transferências de Recursos do Sistema Único de Saúde  SUS; Transferências de Recursos do Sistema Único de Saúde  SUS  Repasses Fundo a Fundo - Bloco de Manutenção das Ações e Serviços Públicos de Saúde; Transferências de Recursos do Bloco de Manutenção das Ações e Serviços Públicos de Saúde  Assistência Farmacêutica; Assistencia Farmaceutica -F. Básica; Arrecadações; FUNDO MUNICIPAL DE SAUDE; FUNDO MUNICIPAL DE SAUDE; FUNDO MUNICIPAL DE SAUDE; R$ 0,00; R$ 0,00; R$ 0,00; R$ 0,00; R$ 9.531,98; R$ 44.127,92; R$ 0,00; 0.0
 17135021010000; Teto Mac ambul. e Hospitalar; Receitas Correntes; Transferências Correntes; Transferências da União e de suas Entidades; Transferências de Recursos do Bloco de Manutenção das Ações e Serviços Públicos de Saúde  Atenção Especializada - Principal; Transferências de Recursos do Sistema Único de Saúde  SUS; Transferências de Recursos do Sistema Único de Saúde  SUS  Repasses Fundo a Fundo - Bloco de Manutenção das Ações e Serviços Públicos de Saúde; Transferências de Recursos do Bloco de Manutenção das Ações e Serviços Públicos de Saúde  Atenção Especializada; Transferências de Recursos do Sistema Único de Saúde  SUS; Transferências de Recursos do Sistema Único de Saúde  SUS  Repasses Fundo a Fundo - Bloco de Manutenção das Ações e Serviços Públicos de Saúde; Transferências de Recursos do Bloco de Manutenção das Ações e Serviços Públicos de Saúde  Atenção Especializada; Teto Mac ambul. e Hospitalar; Arrecadações; FUNDO MUNICIPAL DE SAUDE; FUNDO MUNICIPAL DE SAUDE; FUNDO MUNICIPAL DE SAUDE; R$ 0,00; R$ 0,00; R$ 0,00; R$ 0,00; R$ 9.336,59; R$ 46.682,95; R$ 0,00; 0.0
 17135041010000; Assistencia Farmaceutica -F. Básica; Receitas Correntes; Transferências Correntes; Transferências da União e de suas Entidades; Transferências de Recursos do Bloco de Manutenção das Ações e Serviços Públicos de Saúde  Assistência Farmacêutica - Principal; Transferências de Recursos do Sistema Único de Saúde  SUS; Transferências de Recursos do Sistema Único de Saúde  SUS  Repasses Fundo a Fundo - Bloco de Manutenção das Ações e Serviços Públicos de Saúde; Transferências de Recursos do Bloco de Manutenção das Ações e Serviços Públicos de Saúde  Assistência Farmacêutica; Transferências de Recursos do Sistema Único de Saúde  SUS; Transferências de Recursos do Sistema Único de Saúde  SUS  Repasses Fundo a Fundo - Bloco de Manutenção das Ações e Serviços Públicos de Saúde; Transferências de Recursos do Bloco de Manutenção das Ações e Serviços Públicos de Saúde  Assistência Farmacêutica; Assistencia Farmaceutica -F. Básica; Arrecadações; FUNDO MUNICIPAL DE SAUDE; FUNDO MUNICIPAL DE SAUDE; FUNDO MUNICIPAL DE SAUDE; R$ 0,00; R$ 0,00; R$ 0,00; R$ 0,00; R$ 15.531,98; R$ 59.659,90; R$ 0,00; 0.0
 17135021010000; Teto Mac ambul. e Hospitalar; Receitas Correntes; Transferências Correntes; Transferências da União e de suas Entidades; Transferências de Recursos do Bloco de Manutenção das Ações e Serviços Públicos de Saúde  Atenção Especializada - Principal; Transferências de Recursos do Sistema Único de Saúde  SUS; Transferências de Recursos do Sistema Único de Saúde  SUS  Repasses Fundo a Fundo - Bloco de Manutenção das Ações e Serviços Públicos de Saúde; Transferências de Recursos do Bloco de Manutenção das Ações e Serviços Públicos de Saúde  Atenção Especializada; Transferências de Recursos do Sistema Único de Saúde  SUS; Transferências de Recursos do Sistema Único de Saúde  SUS  Repasses Fundo a Fundo - Bloco de Manutenção das Ações e Serviços Públicos de Saúde; Transferências de Recursos do Bloco de Manutenção das Ações e Serviços Públicos de Saúde  Atenção Especializada; Teto Mac ambul. e Hospitalar; Arrecadações; FUNDO MUNICIPAL DE SAUDE; FUNDO MUNICIPAL DE SAUDE; FUNDO MUNICIPAL DE SAUDE; R$ 0,00; R$ 0,00; R$ 0,00; R$ 0,00; R$ 9.336,59; R$ 56.019,54; R$ 0,00; 0.0
 17135041010000; Assistencia Farmaceutica -F. Básica; Receitas Correntes; Transferências Correntes; Transferências da União e de suas Entidades; Transferências de Recursos do Bloco de Manutenção das Ações e Serviços Públicos de Saúde  Assistência Farmacêutica - Principal; Transferências de Recursos do Sistema Único de Saúde  SUS; Transferências de Recursos do Sistema Único de Saúde  SUS  Repasses Fundo a Fundo - Bloco de Manutenção das Ações e Serviços Públicos de Saúde; Transferências de Recursos do Bloco de Manutenção das Ações e Serviços Públicos de Saúde  Assistência Farmacêutica; Transferências de Recursos do Sistema Único de Saúde  SUS; Transferências de Recursos do Sistema Único de Saúde  SUS  Repasses Fundo a Fundo - Bloco de Manutenção das Ações e Serviços Públicos de Saúde; Transferências de Recursos do Bloco de Manutenção das Ações e Serviços Públicos de Saúde  Assistência Farmacêutica; Assistencia Farmaceutica -F. Básica; Arrecadações; FUNDO MUNICIPAL DE SAUDE; FUNDO MUNICIPAL DE SAUDE; FUNDO MUNICIPAL DE SAUDE; R$ 0,00; R$ 0,00; R$ 0,00; R$ 0,00; R$ 9.531,98; R$ 69.191,88; R$ 0,00; 0.0
 17135021010000; Teto Mac ambul. e Hospitalar; Receitas Correntes; Transferências Correntes; Transferências da União e de suas Entidades; Transferências de Recursos do Bloco de Manutenção das Ações e Serviços Públicos de Saúde  Atenção Especializada - Principal; Transferências de Recursos do Sistema Único de Saúde  SUS; Transferências de Recursos do Sistema Único de Saúde  SUS  Repasses Fundo a Fundo - Bloco de Manutenção das Ações e Serviços Públicos de Saúde; Transferências de Recursos do Bloco de Manutenção das Ações e Serviços Públicos de Saúde  Atenção Especializada; Transferências de Recursos do Sistema Único de Saúde  SUS; Transferências de Recursos do Sistema Único de Saúde  SUS  Repasses Fundo a Fundo - Bloco de Manutenção das Ações e Serviços Públicos de Saúde; Transferências de Recursos do Bloco de Manutenção das Ações e Serviços Públicos de Saúde  Atenção Especializada; Teto Mac ambul. e Hospitalar; Arrecadações; FUNDO MUNICIPAL DE SAUDE; FUNDO MUNICIPAL DE SAUDE; FUNDO MUNICIPAL DE SAUDE; R$ 0,00; R$ 0,00; R$ 0,00; R$ 0,00; R$ 9.336,59; R$ 65.356,13; R$ 0,00; 0.0
 17135041010000; Assistencia Farmaceutica -F. Básica; Receitas Correntes; Transferências Correntes; Transferências da União e de suas Entidades; Transferências de Recursos do Bloco de Manutenção das Ações e Serviços Públicos de Saúde  Assistência Farmacêutica - Principal; Transferências de Recursos do Sistema Único de Saúde  SUS; Transferências de Recursos do Sistema Único de Saúde  SUS  Repasses Fundo a Fundo - Bloco de Manutenção das Ações e Serviços Públicos de Saúde; Transferências de Recursos do Bloco de Manutenção das Ações e Serviços Públicos de Saúde  Assistência Farmacêutica; Transferências de Recursos do Sistema Único de Saúde  SUS; Transferências de Recursos do Sistema Único de Saúde  SUS  Repasses Fundo a Fundo - Bloco de Manutenção das Ações e Serviços Públicos de Saúde; Transferências de Recursos do Bloco de Manutenção das Ações e Serviços Públicos de Saúde  Assistência Farmacêutica; Assistencia Farmaceutica -F. Básica; Arrecadações; FUNDO MUNICIPAL DE SAUDE; FUNDO MUNICIPAL DE SAUDE; FUNDO MUNICIPAL DE SAUDE; R$ 0,00; R$ 0,00; R$ 0,00; R$ 0,00; R$ 10.837,80; R$ 80.029,68; R$ 0,00; 0.0
 17135041010000; Assistencia Farmaceutica -F. Básica; Receitas Correntes; Transferências Correntes; Transferências da União e de suas Entidades; Transferências de Recursos do Bloco de Manutenção das Ações e Serviços Públicos de Saúde  Assistência Farmacêutica - Principal; Transferências de Recursos do Sistema Único de Saúde  SUS; Transferências de Recursos do Sistema Único de Saúde  SUS  Repasses Fundo a Fundo - Bloco de Manutenção das Ações e Serviços Públicos de Saúde; Transferências de Recursos do Bloco de Manutenção das Ações e Serviços Públicos de Saúde  Assistência Farmacêutica; Transferências de Recursos do Sistema Único de Saúde  SUS; Transferências de Recursos do Sistema Único de Saúde  SUS  Repasses Fundo a Fundo - Bloco de Manutenção das Ações e Serviços Públicos de Saúde; Transferências de Recursos do Bloco de Manutenção das Ações e Serviços Públicos de Saúde  Assistência Farmacêutica; Assistencia Farmaceutica -F. Básica; Arrecadações; FUNDO MUNICIPAL DE SAUDE; FUNDO MUNICIPAL DE SAUDE; FUNDO MUNICIPAL DE SAUDE; R$ 0,00; R$ 0,00; R$ 0,00; R$ 0,00; R$ 18.672,72; R$ 98.702,40; R$ 0,00; 0.0
 17135021010000; Teto Mac ambul. e Hospitalar; Receitas Correntes; Transferências Correntes; Transferências da União e de suas Entidades; Transferências de Recursos do Bloco de Manutenção das Ações e Serviços Públicos de Saúde  Atenção Especializada - Principal; Transferências de Recursos do Sistema Único de Saúde  SUS; Transferências de Recursos do Sistema Único de Saúde  SUS  Repasses Fundo a Fundo - Bloco de Manutenção das Ações e Serviços Públicos de Saúde; Transferências de Recursos do Bloco de Manutenção das Ações e Serviços Públicos de Saúde  Atenção Especializada; Transferências de Recursos do Sistema Único de Saúde  SUS; Transferências de Recursos do Sistema Único de Saúde  SUS  Repasses Fundo a Fundo - Bloco de Manutenção das Ações e Serviços Públicos de Saúde; Transferências de Recursos do Bloco de Manutenção das Ações e Serviços Públicos de Saúde  Atenção Especializada; Teto Mac ambul. e Hospitalar; Arrecadações; FUNDO MUNICIPAL DE SAUDE; FUNDO MUNICIPAL DE SAUDE; FUNDO MUNICIPAL DE SAUDE; R$ 0,00; R$ 0,00; R$ 0,00; R$ 0,00; R$ 9.336,59; R$ 74.692,72; R$ 0,00; 0.0
 17135021010000; Teto Mac ambul. e Hospitalar; Receitas Correntes; Transferências Correntes; Transferências da União e de suas Entidades; Transferências de Recursos do Bloco de Manutenção das Ações e Serviços Públicos de Saúde  Atenção Especializada - Principal; Transferências de Recursos do Sistema Único de Saúde  SUS; Transferências de Recursos do Sistema Único de Saúde  SUS  Repasses Fundo a Fundo - Bloco de Manutenção das Ações e Serviços Públicos de Saúde; Transferências de Recursos do Bloco de Manutenção das Ações e Serviços Públicos de Saúde  Atenção Especializada; Transferências de Recursos do Sistema Único de Saúde  SUS; Transferências de Recursos do Sistema Único de Saúde  SUS  Repasses Fundo a Fundo - Bloco de Manutenção das Ações e Serviços Públicos de Saúde; Transferências de Recursos do Bloco de Manutenção das Ações e Serviços Públicos de Saúde  Atenção Especializada; Teto Mac ambul. e Hospitalar; Arrecadações; FUNDO MUNICIPAL DE SAUDE; FUNDO MUNICIPAL DE SAUDE; FUNDO MUNICIPAL DE SAUDE; R$ 0,00; R$ 0,00; R$ 0,00; R$ 0,00; R$ 9.336,59; R$ 84.029,31; R$ 0,00; 0.0
 17135041010000; Assistencia Farmaceutica -F. Básica; Receitas Correntes; Transferências Correntes; Transferências da União e de suas Entidades; Transferências de Recursos do Bloco de Manutenção das Ações e Serviços Públicos de Saúde  Assistência Farmacêutica - Principal; Transferências de Recursos do Sistema Único de Saúde  SUS; Transferências de Recursos do Sistema Único de Saúde  SUS  Repasses Fundo a Fundo - Bloco de Manutenção das Ações e Serviços Públicos de Saúde; Transferências de Recursos do Bloco de Manutenção das Ações e Serviços Públicos de Saúde  Assistência Farmacêutica; Transferências de Recursos do Sistema Único de Saúde  SUS; Transferências de Recursos do Sistema Único de Saúde  SUS  Repasses Fundo a Fundo - Bloco de Manutenção das Ações e Serviços Públicos de Saúde; Transferências de Recursos do Bloco de Manutenção das Ações e Serviços Públicos de Saúde  Assistência Farmacêutica; Assistencia Farmaceutica -F. Básica; Arrecadações; FUNDO MUNICIPAL DE SAUDE; FUNDO MUNICIPAL DE SAUDE; FUNDO MUNICIPAL DE SAUDE; R$ 0,00; R$ 0,00; R$ 0,00; R$ 0,00; R$ 18.672,30; R$ 117.374,70; R$ 0,00; 0.0
 17135041010000; Assistencia Farmaceutica -F. Básica; Receitas Correntes; Transferências Correntes; Transferências da União e de suas Entidades; Transferências de Recursos do Bloco de Manutenção das Ações e Serviços Públicos de Saúde  Assistência Farmacêutica - Principal; Transferências de Recursos do Sistema Único de Saúde  SUS; Transferências de Recursos do Sistema Único de Saúde  SUS  Repasses Fundo a Fundo - Bloco de Manutenção das Ações e Serviços Públicos de Saúde; Transferências de Recursos do Bloco de Manutenção das Ações e Serviços Públicos de Saúde  Assistência Farmacêutica; Transferências de Recursos do Sistema Único de Saúde  SUS; Transferências de Recursos do Sistema Único de Saúde  SUS  Repasses Fundo a Fundo - Bloco de Manutenção das Ações e Serviços Públicos de Saúde; Transferências de Recursos do Bloco de Manutenção das Ações e Serviços Públicos de Saúde  Assistência Farmacêutica; Assistencia Farmaceutica -F. Básica; Arrecadações; FUNDO MUNICIPAL DE SAUDE; FUNDO MUNICIPAL DE SAUDE; FUNDO MUNICIPAL DE SAUDE; R$ 0,00; R$ 0,00; R$ 0,00; R$ 0,00; R$ 10.837,80; R$ 128.212,50; R$ 0,00; 0.0
 17135021010000; Teto Mac ambul. e Hospitalar; Receitas Correntes; Transferências Correntes; Transferências da União e de suas Entidades; Transferências de Recursos do Bloco de Manutenção das Ações e Serviços Públicos de Saúde  Atenção Especializada - Principal; Transferências de Recursos do Sistema Único de Saúde  SUS; Transferências de Recursos do Sistema Único de Saúde  SUS  Repasses Fundo a Fundo - Bloco de Manutenção das Ações e Serviços Públicos de Saúde; Transferências de Recursos do Bloco de Manutenção das Ações e Serviços Públicos de Saúde  Atenção Especializada; Transferências de Recursos do Sistema Único de Saúde  SUS; Transferências de Recursos do Sistema Único de Saúde  SUS  Repasses Fundo a Fundo - Bloco de Manutenção das Ações e Serviços Públicos de Saúde; Transferências de Recursos do Bloco de Manutenção das Ações e Serviços Públicos de Saúde  Atenção Especializada; Teto Mac ambul. e Hospitalar; Arrecadações; FUNDO MUNICIPAL DE SAUDE; FUNDO MUNICIPAL DE SAUDE; FUNDO MUNICIPAL DE SAUDE; R$ 0,00; R$ 0,00; R$ 0,00; R$ 0,00; R$ 9.336,59; R$ 93.365,90; R$ 0,00; 0.0
 17135041010000; Assistencia Farmaceutica -F. Básica; Receitas Correntes; Transferências Correntes; Transferências da União e de suas Entidades; Transferências de Recursos do Bloco de Manutenção das Ações e Serviços Públicos de Saúde  Assistência Farmacêutica - Principal; Transferências de Recursos do Sistema Único de Saúde  SUS; Transferências de Recursos do Sistema Único de Saúde  SUS  Repasses Fundo a Fundo - Bloco de Manutenção das Ações e Serviços Públicos de Saúde; Transferências de Recursos do Bloco de Manutenção das Ações e Serviços Públicos de Saúde  Assistência Farmacêutica; Transferências de Recursos do Sistema Único de Saúde  SUS; Transferências de Recursos do Sistema Único de Saúde  SUS  Repasses Fundo a Fundo - Bloco de Manutenção das Ações e Serviços Públicos de Saúde; Transferências de Recursos do Bloco de Manutenção das Ações e Serviços Públicos de Saúde  Assistência Farmacêutica; Assistencia Farmaceutica -F. Básica; Arrecadações; FUNDO MUNICIPAL DE SAUDE; FUNDO MUNICIPAL DE SAUDE; FUNDO MUNICIPAL DE SAUDE; R$ 0,00; R$ 0,00; R$ 0,00; R$ 0,00; R$ 16.837,80; R$ 145.050,30; R$ 0,00; 0.0
 17135021010000; Teto Mac ambul. e Hospitalar; Receitas Correntes; Transferências Correntes; Transferências da União e de suas Entidades; Transferências de Recursos do Bloco de Manutenção das Ações e Serviços Públicos de Saúde  Atenção Especializada - Principal; Transferências de Recursos do Sistema Único de Saúde  SUS; Transferências de Recursos do Sistema Único de Saúde  SUS  Repasses Fundo a Fundo - Bloco de Manutenção das Ações e Serviços Públicos de Saúde; Transferências de Recursos do Bloco de Manutenção das Ações e Serviços Públicos de Saúde  Atenção Especializada; Transferências de Recursos do Sistema Único de Saúde  SUS; Transferências de Recursos do Sistema Único de Saúde  SUS  Repasses Fundo a Fundo - Bloco de Manutenção das Ações e Serviços Públicos de Saúde; Transferências de Recursos do Bloco de Manutenção das Ações e Serviços Públicos de Saúde  Atenção Especializada; Teto Mac ambul. e Hospitalar; Arrecadações; FUNDO MUNICIPAL DE SAUDE; FUNDO MUNICIPAL DE SAUDE; FUNDO MUNICIPAL DE SAUDE; R$ 0,00; R$ 0,00; R$ 0,00; R$ 0,00; R$ 9.336,59; R$ 102.702,49; R$ 0,00; 0.0
 17135041010000; Assistencia Farmaceutica -F. Básica; Receitas Correntes; Transferências Correntes; Transferências da União e de suas Entidades; Transferências de Recursos do Bloco de Manutenção das Ações e Serviços Públicos de Saúde  Assistência Farmacêutica - Principal; Transferências de Recursos do Sistema Único de Saúde  SUS; Transferências de Recursos do Sistema Único de Saúde  SUS  Repasses Fundo a Fundo - Bloco de Manutenção das Ações e Serviços Públicos de Saúde; Transferências de Recursos do Bloco de Manutenção das Ações e Serviços Públicos de Saúde  Assistência Farmacêutica; Transferências de Recursos do Sistema Único de Saúde  SUS; Transferências de Recursos do Sistema Único de Saúde  SUS  Repasses Fundo a Fundo - Bloco de Manutenção das Ações e Serviços Públicos de Saúde; Transferências de Recursos do Bloco de Manutenção das Ações e Serviços Públicos de Saúde  Assistência Farmacêutica; Assistencia Farmaceutica -F. Básica; Arrecadações; FUNDO MUNICIPAL DE SAUDE; FUNDO MUNICIPAL DE SAUDE; FUNDO MUNICIPAL DE SAUDE; R$ 0,00; R$ 0,00; R$ 0,00; R$ 0,00; R$ 10.837,80; R$ 155.888,10; R$ 0,00; 0.0
 17135021010000; Teto Mac ambul. e Hospitalar; Receitas Correntes; Transferências Correntes; Transferências da União e de suas Entidades; Transferências de Recursos do Bloco de Manutenção das Ações e Serviços Públicos de Saúde  Atenção Especializada - Principal; Transferências de Recursos do Sistema Único de Saúde  SUS; Transferências de Recursos do Sistema Único de Saúde  SUS  Repasses Fundo a Fundo - Bloco de Manutenção das Ações e Serviços Públicos de Saúde; Transferências de Recursos do Bloco de Manutenção das Ações e Serviços Públicos de Saúde  Atenção Especializada; Transferências de Recursos do Sistema Único de Saúde  SUS; Transferências de Recursos do Sistema Único de Saúde  SUS  Repasses Fundo a Fundo - Bloco de Manutenção das Ações e Serviços Públicos de Saúde; Transferências de Recursos do Bloco de Manutenção das Ações e Serviços Públicos de Saúde  Atenção Especializada; Teto Mac ambul. e Hospitalar; Arrecadações; FUNDO MUNICIPAL DE SAUDE; FUNDO MUNICIPAL DE SAUDE; FUNDO MUNICIPAL DE SAUDE; R$ 0,00; R$ 0,00; R$ 0,00; R$ 0,00; R$ 9.336,59; R$ 112.039,08; R$ 0,00; 0.0
 13210101010301; Rec. de Remun. Dep. Banc./Vinculados - Saúde/Incremento PAB Emenda indiv.; Receitas Correntes; Receita Patrimonial; Valores Mobiliários; Remuneração de Depósitos Bancários - Principal; Juros e Correções Monetárias; Remuneração de Depósitos Bancários; ; Juros e Correções Monetárias; Remuneração de Depósitos Bancários; Não se aplica; Rec. de Remun. Dep. Banc./Vinculados - Saúde/Incremento PAB Emenda indiv.; Arrecadações; FUNDO MUNICIPAL DE SAUDE; FUNDO MUNICIPAL DE SAUDE; FUNDO MUNICIPAL DE SAUDE; R$ 0,00; R$ 0,00; R$ 0,00; R$ 0,00; R$ 1.002,29; R$ 6.835,25; R$ 0,00; 0.0
 13210101010312; Remun. de Dep. Banc.Vinc./Piso Enfermagem; Receitas Correntes; Receita Patrimonial; Valores Mobiliários; Remuneração de Depósitos Bancários - Principal; Juros e Correções Monetárias; Remuneração de Depósitos Bancários; ; Juros e Correções Monetárias; Remuneração de Depósitos Bancários; Não se aplica; Remun. de Dep. Banc.Vinc./Piso Enfermagem; Arrecadações; FUNDO MUNICIPAL DE SAUDE; FUNDO MUNICIPAL DE SAUDE; FUNDO MUNICIPAL DE SAUDE; R$ 0,00; R$ 0,00; R$ 0,00; R$ 0,00; R$ 459,19; R$ 3.114,45; R$ 0,00; 0.0
 13210101020000; Remuneração de Depósitos Bancários - Não Vinculados; Receitas Correntes; Receita Patrimonial; Valores Mobiliários; Remuneração de Depósitos Bancários - Principal; Juros e Correções Monetárias; Remuneração de Depósitos Bancários; ; Juros e Correções Monetárias; Remuneração de Depósitos Bancários; Não se aplica; Remuneração de Depósitos Bancários - Não Vinculados; Arrecadações; FUNDO MUNICIPAL DE SAUDE; FUNDO MUNICIPAL DE SAUDE; FUNDO MUNICIPAL DE SAUDE; R$ 0,00; R$ 0,00; R$ 0,00; R$ 0,00; R$ 972,90; R$ 12.914,80; R$ 0,00; 0.0
 13210101010311; Remun. de Dep. Banc. de Rec. Farm. FR39; Receitas Correntes; Receita Patrimonial; Valores Mobiliários; Remuneração de Depósitos Bancários - Principal; Juros e Correções Monetárias; Remuneração de Depósitos Bancários; ; Juros e Correções Monetárias; Remuneração de Depósitos Bancários; Não se aplica; Remun. de Dep. Banc. de Rec. Farm. FR39; Arrecadações; FUNDO MUNICIPAL DE SAUDE; FUNDO MUNICIPAL DE SAUDE; FUNDO MUNICIPAL DE SAUDE; R$ 0,00; R$ 0,00; R$ 0,00; R$ 0,00; R$ 1.865,67; R$ 9.838,69; R$ 0,00; 0.0
 13210101010310; Remun. de Dep.Banc.de Rec. AB Estruturação da Rede de Serviços; Receitas Correntes; Receita Patrimonial; Valores Mobiliários; Remuneração de Depósitos Bancários - Principal; Juros e Correções Monetárias; Remuneração de Depósitos Bancários; ; Juros e Correções Monetárias; Remuneração de Depósitos Bancários; Não se aplica; Remun. de Dep.Banc.de Rec. AB Estruturação da Rede de Serviços; Arrecadações; FUNDO MUNICIPAL DE SAUDE; FUNDO MUNICIPAL DE SAUDE; FUNDO MUNICIPAL DE SAUDE; R$ 0,00; R$ 0,00; R$ 0,00; R$ 0,00; R$ 10,19; R$ 73,03; R$ 0,00; 0.0
 13210101010301; Rec. de Remun. Dep. Banc./Vinculados - Saúde/Incremento PAB Emenda indiv.; Receitas Correntes; Receita Patrimonial; Valores Mobiliários; Remuneração de Depósitos Bancários - Principal; Juros e Correções Monetárias; Remuneração de Depósitos Bancários; ; Juros e Correções Monetárias; Remuneração de Depósitos Bancários; Não se aplica; Rec. de Remun. Dep. Banc./Vinculados - Saúde/Incremento PAB Emenda indiv.; Arrecadações; FUNDO MUNICIPAL DE SAUDE; FUNDO MUNICIPAL DE SAUDE; FUNDO MUNICIPAL DE SAUDE; R$ 0,00; R$ 0,00; R$ 0,00; R$ 0,00; R$ 1.038,17; R$ 7.873,42; R$ 0,00; 0.0
 13210101020000; Remuneração de Depósitos Bancários - Não Vinculados; Receitas Correntes; Receita Patrimonial; Valores Mobiliários; Remuneração de Depósitos Bancários - Principal; Juros e Correções Monetárias; Remuneração de Depósitos Bancários; ; Juros e Correções Monetárias; Remuneração de Depósitos Bancários; Não se aplica; Remuneração de Depósitos Bancários - Não Vinculados; Arrecadações; FUNDO MUNICIPAL DE SAUDE; FUNDO MUNICIPAL DE SAUDE; FUNDO MUNICIPAL DE SAUDE; R$ 0,00; R$ 0,00; R$ 0,00; R$ 0,00; R$ 296,02; R$ 13.210,82; R$ 0,00; 0.0
 13210101010311; Remun. de Dep. Banc. de Rec. Farm. FR39; Receitas Correntes; Receita Patrimonial; Valores Mobiliários; Remuneração de Depósitos Bancários - Principal; Juros e Correções Monetárias; Remuneração de Depósitos Bancários; ; Juros e Correções Monetárias; Remuneração de Depósitos Bancários; Não se aplica; Remun. de Dep. Banc. de Rec. Farm. FR39; Arrecadações; FUNDO MUNICIPAL DE SAUDE; FUNDO MUNICIPAL DE SAUDE; FUNDO MUNICIPAL DE SAUDE; R$ 0,00; R$ 0,00; R$ 0,00; R$ 0,00; R$ 1.593,92; R$ 11.432,61; R$ 0,00; 0.0
 13210101010312; Remun. de Dep. Banc.Vinc./Piso Enfermagem; Receitas Correntes; Receita Patrimonial; Valores Mobiliários; Remuneração de Depósitos Bancários - Principal; Juros e Correções Monetárias; Remuneração de Depósitos Bancários; ; Juros e Correções Monetárias; Remuneração de Depósitos Bancários; Não se aplica; Remun. de Dep. Banc.Vinc./Piso Enfermagem; Arrecadações; FUNDO MUNICIPAL DE SAUDE; FUNDO MUNICIPAL DE SAUDE; FUNDO MUNICIPAL DE SAUDE; R$ 0,00; R$ 0,00; R$ 0,00; R$ 0,00; R$ 521,45; R$ 3.635,90; R$ 0,00; 0.0
 13210101010310; Remun. de Dep.Banc.de Rec. AB Estruturação da Rede de Serviços; Receitas Correntes; Receita Patrimonial; Valores Mobiliários; Remuneração de Depósitos Bancários - Principal; Juros e Correções Monetárias; Remuneração de Depósitos Bancários; ; Juros e Correções Monetárias; Remuneração de Depósitos Bancários; Não se aplica; Remun. de Dep.Banc.de Rec. AB Estruturação da Rede de Serviços; Arrecadações; FUNDO MUNICIPAL DE SAUDE; FUNDO MUNICIPAL DE SAUDE; FUNDO MUNICIPAL DE SAUDE; R$ 0,00; R$ 0,00; R$ 0,00; R$ 0,00; R$ 10,78; R$ 83,81; R$ 0,00; 0.0
 13210101010310; Remun. de Dep.Banc.de Rec. AB Estruturação da Rede de Serviços; Receitas Correntes; Receita Patrimonial; Valores Mobiliários; Remuneração de Depósitos Bancários - Principal; Juros e Correções Monetárias; Remuneração de Depósitos Bancários; ; Juros e Correções Monetárias; Remuneração de Depósitos Bancários; Não se aplica; Remun. de Dep.Banc.de Rec. AB Estruturação da Rede de Serviços; Arrecadações; FUNDO MUNICIPAL DE SAUDE; FUNDO MUNICIPAL DE SAUDE; FUNDO MUNICIPAL DE SAUDE; R$ 0,00; R$ 0,00; R$ 0,00; R$ 0,00; R$ 7,99; R$ 7,99; R$ 0,00; 0.0
 13210101010311; Remun. de Dep. Banc. de Rec. Farm. FR39; Receitas Correntes; Receita Patrimonial; Valores Mobiliários; Remuneração de Depósitos Bancários - Principal; Juros e Correções Monetárias; Remuneração de Depósitos Bancários; ; Juros e Correções Monetárias; Remuneração de Depósitos Bancários; Não se aplica; Remun. de Dep. Banc. de Rec. Farm. FR39; Arrecadações; FUNDO MUNICIPAL DE SAUDE; FUNDO MUNICIPAL DE SAUDE; FUNDO MUNICIPAL DE SAUDE; R$ 0,00; R$ 0,00; R$ 0,00; R$ 0,00; R$ 349,40; R$ 349,40; R$ 0,00; 0.0
 13210101020000; Remuneração de Depósitos Bancários - Não Vinculados; Receitas Correntes; Receita Patrimonial; Valores Mobiliários; Remuneração de Depósitos Bancários - Principal; Juros e Correções Monetárias; Remuneração de Depósitos Bancários; ; Juros e Correções Monetárias; Remuneração de Depósitos Bancários; Não se aplica; Remuneração de Depósitos Bancários - Não Vinculados; Arrecadações; FUNDO MUNICIPAL DE SAUDE; FUNDO MUNICIPAL DE SAUDE; FUNDO MUNICIPAL DE SAUDE; R$ 0,00; R$ 0,00; R$ 0,00; R$ 0,00; R$ 5.548,87; R$ 5.548,87; R$ 0,00; 0.0
 13210101010312; Remun. de Dep. Banc.Vinc./Piso Enfermagem; Receitas Correntes; Receita Patrimonial; Valores Mobiliários; Remuneração de Depósitos Bancários - Principal; Juros e Correções Monetárias; Remuneração de Depósitos Bancários; ; Juros e Correções Monetárias; Remuneração de Depósitos Bancários; Não se aplica; Remun. de Dep. Banc.Vinc./Piso Enfermagem; Arrecadações; FUNDO MUNICIPAL DE SAUDE; FUNDO MUNICIPAL DE SAUDE; FUNDO MUNICIPAL DE SAUDE; R$ 0,00; R$ 0,00; R$ 0,00; R$ 0,00; R$ 130,52; R$ 130,52; R$ 0,00; 0.0
 13210101010312; Remun. de Dep. Banc.Vinc./Piso Enfermagem; Receitas Correntes; Receita Patrimonial; Valores Mobiliários; Remuneração de Depósitos Bancários - Principal; Juros e Correções Monetárias; Remuneração de Depósitos Bancários; ; Juros e Correções Monetárias; Remuneração de Depósitos Bancários; Não se aplica; Remun. de Dep. Banc.Vinc./Piso Enfermagem; Arrecadações; FUNDO MUNICIPAL DE SAUDE; FUNDO MUNICIPAL DE SAUDE; FUNDO MUNICIPAL DE SAUDE; R$ 0,00; R$ 0,00; R$ 0,00; R$ 0,00; R$ 184,34; R$ 314,86; R$ 0,00; 0.0
 13210101010311; Remun. de Dep. Banc. de Rec. Farm. FR39; Receitas Correntes; Receita Patrimonial; Valores Mobiliários; Remuneração de Depósitos Bancários - Principal; Juros e Correções Monetárias; Remuneração de Depósitos Bancários; ; Juros e Correções Monetárias; Remuneração de Depósitos Bancários; Não se aplica; Remun. de Dep. Banc. de Rec. Farm. FR39; Arrecadações; FUNDO MUNICIPAL DE SAUDE; FUNDO MUNICIPAL DE SAUDE; FUNDO MUNICIPAL DE SAUDE; R$ 0,00; R$ 0,00; R$ 0,00; R$ 0,00; R$ 494,89; R$ 844,29; R$ 0,00; 0.0
 13210101010310; Remun. de Dep.Banc.de Rec. AB Estruturação da Rede de Serviços; Receitas Correntes; Receita Patrimonial; Valores Mobiliários; Remuneração de Depósitos Bancários - Principal; Juros e Correções Monetárias; Remuneração de Depósitos Bancários; ; Juros e Correções Monetárias; Remuneração de Depósitos Bancários; Não se aplica; Remun. de Dep.Banc.de Rec. AB Estruturação da Rede de Serviços; Arrecadações; FUNDO MUNICIPAL DE SAUDE; FUNDO MUNICIPAL DE SAUDE; FUNDO MUNICIPAL DE SAUDE; R$ 0,00; R$ 0,00; R$ 0,00; R$ 0,00; R$ 7,99; R$ 15,98; R$ 0,00; 0.0
 13210101020000; Remuneração de Depósitos Bancários - Não Vinculados; Receitas Correntes; Receita Patrimonial; Valores Mobiliários; Remuneração de Depósitos Bancários - Principal; Juros e Correções Monetárias; Remuneração de Depósitos Bancários; ; Juros e Correções Monetárias; Remuneração de Depósitos Bancários; Não se aplica; Remuneração de Depósitos Bancários - Não Vinculados; Arrecadações; FUNDO MUNICIPAL DE SAUDE; FUNDO MUNICIPAL DE SAUDE; FUNDO MUNICIPAL DE SAUDE; R$ 0,00; R$ 0,00; R$ 0,00; R$ 0,00; R$ 2.282,13; R$ 7.831,00; R$ 0,00; 0.0
 13210101010312; Remun. de Dep. Banc.Vinc./Piso Enfermagem; Receitas Correntes; Receita Patrimonial; Valores Mobiliários; Remuneração de Depósitos Bancários - Principal; Juros e Correções Monetárias; Remuneração de Depósitos Bancários; ; Juros e Correções Monetárias; Remuneração de Depósitos Bancários; Não se aplica; Remun. de Dep. Banc.Vinc./Piso Enfermagem; Arrecadações; FUNDO MUNICIPAL DE SAUDE; FUNDO MUNICIPAL DE SAUDE; FUNDO MUNICIPAL DE SAUDE; R$ 0,00; R$ 0,00; R$ 0,00; R$ 0,00; R$ 409,96; R$ 724,82; R$ 0,00; 0.0
 13210101020000; Remuneração de Depósitos Bancários - Não Vinculados; Receitas Correntes; Receita Patrimonial; Valores Mobiliários; Remuneração de Depósitos Bancários - Principal; Juros e Correções Monetárias; Remuneração de Depósitos Bancários; ; Juros e Correções Monetárias; Remuneração de Depósitos Bancários; Não se aplica; Remuneração de Depósitos Bancários - Não Vinculados; Arrecadações; FUNDO MUNICIPAL DE SAUDE; FUNDO MUNICIPAL DE SAUDE; FUNDO MUNICIPAL DE SAUDE; R$ 0,00; R$ 0,00; R$ 0,00; R$ 0,00; R$ 434,02; R$ 8.265,02; R$ 0,00; 0.0
 13210101010310; Remun. de Dep.Banc.de Rec. AB Estruturação da Rede de Serviços; Receitas Correntes; Receita Patrimonial; Valores Mobiliários; Remuneração de Depósitos Bancários - Principal; Juros e Correções Monetárias; Remuneração de Depósitos Bancários; ; Juros e Correções Monetárias; Remuneração de Depósitos Bancários; Não se aplica; Remun. de Dep.Banc.de Rec. AB Estruturação da Rede de Serviços; Arrecadações; FUNDO MUNICIPAL DE SAUDE; FUNDO MUNICIPAL DE SAUDE; FUNDO MUNICIPAL DE SAUDE; R$ 0,00; R$ 0,00; R$ 0,00; R$ 0,00; R$ 7,89; R$ 23,87; R$ 0,00; 0.0
 13210101010311; Remun. de Dep. Banc. de Rec. Farm. FR39; Receitas Correntes; Receita Patrimonial; Valores Mobiliários; Remuneração de Depósitos Bancários - Principal; Juros e Correções Monetárias; Remuneração de Depósitos Bancários; ; Juros e Correções Monetárias; Remuneração de Depósitos Bancários; Não se aplica; Remun. de Dep. Banc. de Rec. Farm. FR39; Arrecadações; FUNDO MUNICIPAL DE SAUDE; FUNDO MUNICIPAL DE SAUDE; FUNDO MUNICIPAL DE SAUDE; R$ 0,00; R$ 0,00; R$ 0,00; R$ 0,00; R$ 812,69; R$ 1.656,98; R$ 0,00; 0.0
 13210101010310; Remun. de Dep.Banc.de Rec. AB Estruturação da Rede de Serviços; Receitas Correntes; Receita Patrimonial; Valores Mobiliários; Remuneração de Depósitos Bancários - Principal; Juros e Correções Monetárias; Remuneração de Depósitos Bancários; ; Juros e Correções Monetárias; Remuneração de Depósitos Bancários; Não se aplica; Remun. de Dep.Banc.de Rec. AB Estruturação da Rede de Serviços; Arrecadações; FUNDO MUNICIPAL DE SAUDE; FUNDO MUNICIPAL DE SAUDE; FUNDO MUNICIPAL DE SAUDE; R$ 0,00; R$ 0,00; R$ 0,00; R$ 0,00; R$ 8,85; R$ 32,72; R$ 0,00; 0.0
 13210101010312; Remun. de Dep. Banc.Vinc./Piso Enfermagem; Receitas Correntes; Receita Patrimonial; Valores Mobiliários; Remuneração de Depósitos Bancários - Principal; Juros e Correções Monetárias; Remuneração de Depósitos Bancários; ; Juros e Correções Monetárias; Remuneração de Depósitos Bancários; Não se aplica; Remun. de Dep. Banc.Vinc./Piso Enfermagem; Arrecadações; FUNDO MUNICIPAL DE SAUDE; FUNDO MUNICIPAL DE SAUDE; FUNDO MUNICIPAL DE SAUDE; R$ 0,00; R$ 0,00; R$ 0,00; R$ 0,00; R$ 460,70; R$ 1.185,52; R$ 0,00; 0.0
 13210101020000; Remuneração de Depósitos Bancários - Não Vinculados; Receitas Correntes; Receita Patrimonial; Valores Mobiliários; Remuneração de Depósitos Bancários - Principal; Juros e Correções Monetárias; Remuneração de Depósitos Bancários; ; Juros e Correções Monetárias; Remuneração de Depósitos Bancários; Não se aplica; Remuneração de Depósitos Bancários - Não Vinculados; Arrecadações; FUNDO MUNICIPAL DE SAUDE; FUNDO MUNICIPAL DE SAUDE; FUNDO MUNICIPAL DE SAUDE; R$ 0,00; R$ 0,00; R$ 0,00; R$ 0,00; R$ 497,11; R$ 8.762,13; R$ 0,00; 0.0
 13210101010311; Remun. de Dep. Banc. de Rec. Farm. FR39; Receitas Correntes; Receita Patrimonial; Valores Mobiliários; Remuneração de Depósitos Bancários - Principal; Juros e Correções Monetárias; Remuneração de Depósitos Bancários; ; Juros e Correções Monetárias; Remuneração de Depósitos Bancários; Não se aplica; Remun. de Dep. Banc. de Rec. Farm. FR39; Arrecadações; FUNDO MUNICIPAL DE SAUDE; FUNDO MUNICIPAL DE SAUDE; FUNDO MUNICIPAL DE SAUDE; R$ 0,00; R$ 0,00; R$ 0,00; R$ 0,00; R$ 1.076,66; R$ 2.733,64; R$ 0,00; 0.0
 13210101010311; Remun. de Dep. Banc. de Rec. Farm. FR39; Receitas Correntes; Receita Patrimonial; Valores Mobiliários; Remuneração de Depósitos Bancários - Principal; Juros e Correções Monetárias; Remuneração de Depósitos Bancários; ; Juros e Correções Monetárias; Remuneração de Depósitos Bancários; Não se aplica; Remun. de Dep. Banc. de Rec. Farm. FR39; Arrecadações; FUNDO MUNICIPAL DE SAUDE; FUNDO MUNICIPAL DE SAUDE; FUNDO MUNICIPAL DE SAUDE; R$ 0,00; R$ 0,00; R$ 0,00; R$ 0,00; R$ 1.420,53; R$ 4.154,17; R$ 0,00; 0.0
 13210101010310; Remun. de Dep.Banc.de Rec. AB Estruturação da Rede de Serviços; Receitas Correntes; Receita Patrimonial; Valores Mobiliários; Remuneração de Depósitos Bancários - Principal; Juros e Correções Monetárias; Remuneração de Depósitos Bancários; ; Juros e Correções Monetárias; Remuneração de Depósitos Bancários; Não se aplica; Remun. de Dep.Banc.de Rec. AB Estruturação da Rede de Serviços; Arrecadações; FUNDO MUNICIPAL DE SAUDE; FUNDO MUNICIPAL DE SAUDE; FUNDO MUNICIPAL DE SAUDE; R$ 0,00; R$ 0,00; R$ 0,00; R$ 0,00; R$ 9,64; R$ 42,36; R$ 0,00; 0.0
 13210101010312; Remun. de Dep. Banc.Vinc./Piso Enfermagem; Receitas Correntes; Receita Patrimonial; Valores Mobiliários; Remuneração de Depósitos Bancários - Principal; Juros e Correções Monetárias; Remuneração de Depósitos Bancários; ; Juros e Correções Monetárias; Remuneração de Depósitos Bancários; Não se aplica; Remun. de Dep. Banc.Vinc./Piso Enfermagem; Arrecadações; FUNDO MUNICIPAL DE SAUDE; FUNDO MUNICIPAL DE SAUDE; FUNDO MUNICIPAL DE SAUDE; R$ 0,00; R$ 0,00; R$ 0,00; R$ 0,00; R$ 524,72; R$ 1.710,24; R$ 0,00; 0.0
 13210101020000; Remuneração de Depósitos Bancários - Não Vinculados; Receitas Correntes; Receita Patrimonial; Valores Mobiliários; Remuneração de Depósitos Bancários - Principal; Juros e Correções Monetárias; Remuneração de Depósitos Bancários; ; Juros e Correções Monetárias; Remuneração de Depósitos Bancários; Não se aplica; Remuneração de Depósitos Bancários - Não Vinculados; Arrecadações; FUNDO MUNICIPAL DE SAUDE; FUNDO MUNICIPAL DE SAUDE; FUNDO MUNICIPAL DE SAUDE; R$ 0,00; R$ 0,00; R$ 0,00; R$ 0,00; R$ 407,03; R$ 9.169,16; R$ 0,00; 0.0
 13210101010310; Remun. de Dep.Banc.de Rec. AB Estruturação da Rede de Serviços; Receitas Correntes; Receita Patrimonial; Valores Mobiliários; Remuneração de Depósitos Bancários - Principal; Juros e Correções Monetárias; Remuneração de Depósitos Bancários; ; Juros e Correções Monetárias; Remuneração de Depósitos Bancários; Não se aplica; Remun. de Dep.Banc.de Rec. AB Estruturação da Rede de Serviços; Arrecadações; FUNDO MUNICIPAL DE SAUDE; FUNDO MUNICIPAL DE SAUDE; FUNDO MUNICIPAL DE SAUDE; R$ 0,00; R$ 0,00; R$ 0,00; R$ 0,00; R$ 9,42; R$ 51,78; R$ 0,00; 0.0
 13210101010311; Remun. de Dep. Banc. de Rec. Farm. FR39; Receitas Correntes; Receita Patrimonial; Valores Mobiliários; Remuneração de Depósitos Bancários - Principal; Juros e Correções Monetárias; Remuneração de Depósitos Bancários; ; Juros e Correções Monetárias; Remuneração de Depósitos Bancários; Não se aplica; Remun. de Dep. Banc. de Rec. Farm. FR39; Arrecadações; FUNDO MUNICIPAL DE SAUDE; FUNDO MUNICIPAL DE SAUDE; FUNDO MUNICIPAL DE SAUDE; R$ 0,00; R$ 0,00; R$ 0,00; R$ 0,00; R$ 1.618,51; R$ 5.772,68; R$ 0,00; 0.0
 13210101010312; Remun. de Dep. Banc.Vinc./Piso Enfermagem; Receitas Correntes; Receita Patrimonial; Valores Mobiliários; Remuneração de Depósitos Bancários - Principal; Juros e Correções Monetárias; Remuneração de Depósitos Bancários; ; Juros e Correções Monetárias; Remuneração de Depósitos Bancários; Não se aplica; Remun. de Dep. Banc.Vinc./Piso Enfermagem; Arrecadações; FUNDO MUNICIPAL DE SAUDE; FUNDO MUNICIPAL DE SAUDE; FUNDO MUNICIPAL DE SAUDE; R$ 0,00; R$ 0,00; R$ 0,00; R$ 0,00; R$ 467,96; R$ 2.178,20; R$ 0,00; 0.0
 13210101010301; Rec. de Remun. Dep. Banc./Vinculados - Saúde/Incremento PAB Emenda indiv.; Receitas Correntes; Receita Patrimonial; Valores Mobiliários; Remuneração de Depósitos Bancários - Principal; Juros e Correções Monetárias; Remuneração de Depósitos Bancários; ; Juros e Correções Monetárias; Remuneração de Depósitos Bancários; Não se aplica; Rec. de Remun. Dep. Banc./Vinculados - Saúde/Incremento PAB Emenda indiv.; Arrecadações; FUNDO MUNICIPAL DE SAUDE; FUNDO MUNICIPAL DE SAUDE; FUNDO MUNICIPAL DE SAUDE; R$ 0,00; R$ 0,00; R$ 0,00; R$ 0,00; R$ 3.611,44; R$ 3.611,44; R$ 0,00; 0.0
 13210101020000; Remuneração de Depósitos Bancários - Não Vinculados; Receitas Correntes; Receita Patrimonial; Valores Mobiliários; Remuneração de Depósitos Bancários - Principal; Juros e Correções Monetárias; Remuneração de Depósitos Bancários; ; Juros e Correções Monetárias; Remuneração de Depósitos Bancários; Não se aplica; Remuneração de Depósitos Bancários - Não Vinculados; Arrecadações; FUNDO MUNICIPAL DE SAUDE; FUNDO MUNICIPAL DE SAUDE; FUNDO MUNICIPAL DE SAUDE; R$ 0,00; R$ 0,00; R$ 0,00; R$ 0,00; R$ 837,71; R$ 10.006,87; R$ 0,00; 0.0
 13210101010301; Rec. de Remun. Dep. Banc./Vinculados - Saúde/Incremento PAB Emenda indiv.; Receitas Correntes; Receita Patrimonial; Valores Mobiliários; Remuneração de Depósitos Bancários - Principal; Juros e Correções Monetárias; Remuneração de Depósitos Bancários; ; Juros e Correções Monetárias; Remuneração de Depósitos Bancários; Não se aplica; Rec. de Remun. Dep. Banc./Vinculados - Saúde/Incremento PAB Emenda indiv.; Arrecadações; FUNDO MUNICIPAL DE SAUDE; FUNDO MUNICIPAL DE SAUDE; FUNDO MUNICIPAL DE SAUDE; R$ 0,00; R$ 0,00; R$ 0,00; R$ 0,00; R$ 2.221,52; R$ 5.832,96; R$ 0,00; 0.0
 13210101020000; Remuneração de Depósitos Bancários - Não Vinculados; Receitas Correntes; Receita Patrimonial; Valores Mobiliários; Remuneração de Depósitos Bancários - Principal; Juros e Correções Monetárias; Remuneração de Depósitos Bancários; ; Juros e Correções Monetárias; Remuneração de Depósitos Bancários; Não se aplica; Remuneração de Depósitos Bancários - Não Vinculados; Arrecadações; FUNDO MUNICIPAL DE SAUDE; FUNDO MUNICIPAL DE SAUDE; FUNDO MUNICIPAL DE SAUDE; R$ 0,00; R$ 0,00; R$ 0,00; R$ 0,00; R$ 1.935,03; R$ 11.941,90; R$ 0,00; 0.0
 13210101010312; Remun. de Dep. Banc.Vinc./Piso Enfermagem; Receitas Correntes; Receita Patrimonial; Valores Mobiliários; Remuneração de Depósitos Bancários - Principal; Juros e Correções Monetárias; Remuneração de Depósitos Bancários; ; Juros e Correções Monetárias; Remuneração de Depósitos Bancários; Não se aplica; Remun. de Dep. Banc.Vinc./Piso Enfermagem; Arrecadações; FUNDO MUNICIPAL DE SAUDE; FUNDO MUNICIPAL DE SAUDE; FUNDO MUNICIPAL DE SAUDE; R$ 0,00; R$ 0,00; R$ 0,00; R$ 0,00; R$ 477,06; R$ 2.655,26; R$ 0,00; 0.0
 13210101010311; Remun. de Dep. Banc. de Rec. Farm. FR39; Receitas Correntes; Receita Patrimonial; Valores Mobiliários; Remuneração de Depósitos Bancários - Principal; Juros e Correções Monetárias; Remuneração de Depósitos Bancários; ; Juros e Correções Monetárias; Remuneração de Depósitos Bancários; Não se aplica; Remun. de Dep. Banc. de Rec. Farm. FR39; Arrecadações; FUNDO MUNICIPAL DE SAUDE; FUNDO MUNICIPAL DE SAUDE; FUNDO MUNICIPAL DE SAUDE; R$ 0,00; R$ 0,00; R$ 0,00; R$ 0,00; R$ 2.200,34; R$ 7.973,02; R$ 0,00; 0.0
 13210101010310; Remun. de Dep.Banc.de Rec. AB Estruturação da Rede de Serviços; Receitas Correntes; Receita Patrimonial; Valores Mobiliários; Remuneração de Depósitos Bancários - Principal; Juros e Correções Monetárias; Remuneração de Depósitos Bancários; ; Juros e Correções Monetárias; Remuneração de Depósitos Bancários; Não se aplica; Remun. de Dep.Banc.de Rec. AB Estruturação da Rede de Serviços; Arrecadações; FUNDO MUNICIPAL DE SAUDE; FUNDO MUNICIPAL DE SAUDE; FUNDO MUNICIPAL DE SAUDE; R$ 0,00; R$ 0,00; R$ 0,00; R$ 0,00; R$ 11,06; R$ 62,84; R$ 0,00; 0.0
 13210101010312; Remun. de Dep. Banc.Vinc./Piso Enfermagem; Receitas Correntes; Receita Patrimonial; Valores Mobiliários; Remuneração de Depósitos Bancários - Principal; Juros e Correções Monetárias; Remuneração de Depósitos Bancários; ; Juros e Correções Monetárias; Remuneração de Depósitos Bancários; Não se aplica; Remun. de Dep. Banc.Vinc./Piso Enfermagem; Arrecadações; FUNDO MUNICIPAL DE SAUDE; FUNDO MUNICIPAL DE SAUDE; FUNDO MUNICIPAL DE SAUDE; R$ 0,00; R$ 0,00; R$ 0,00; R$ 0,00; R$ 511,63; R$ 4.147,53; R$ 0,00; 0.0
 13210101010301; Rec. de Remun. Dep. Banc./Vinculados - Saúde/Incremento PAB Emenda indiv.; Receitas Correntes; Receita Patrimonial; Valores Mobiliários; Remuneração de Depósitos Bancários - Principal; Juros e Correções Monetárias; Remuneração de Depósitos Bancários; ; Juros e Correções Monetárias; Remuneração de Depósitos Bancários; Não se aplica; Rec. de Remun. Dep. Banc./Vinculados - Saúde/Incremento PAB Emenda indiv.; Arrecadações; FUNDO MUNICIPAL DE SAUDE; FUNDO MUNICIPAL DE SAUDE; FUNDO MUNICIPAL DE SAUDE; R$ 0,00; R$ 0,00; R$ 0,00; R$ 0,00; R$ 1.036,45; R$ 8.909,87; R$ 0,00; 0.0
 13210101010311; Remun. de Dep. Banc. de Rec. Farm. FR39; Receitas Correntes; Receita Patrimonial; Valores Mobiliários; Remuneração de Depósitos Bancários - Principal; Juros e Correções Monetárias; Remuneração de Depósitos Bancários; ; Juros e Correções Monetárias; Remuneração de Depósitos Bancários; Não se aplica; Remun. de Dep. Banc. de Rec. Farm. FR39; Arrecadações; FUNDO MUNICIPAL DE SAUDE; FUNDO MUNICIPAL DE SAUDE; FUNDO MUNICIPAL DE SAUDE; R$ 0,00; R$ 0,00; R$ 0,00; R$ 0,00; R$ 431,40; R$ 11.864,01; R$ 0,00; 0.0
 13210101010310; Remun. de Dep.Banc.de Rec. AB Estruturação da Rede de Serviços; Receitas Correntes; Receita Patrimonial; Valores Mobiliários; Remuneração de Depósitos Bancários - Principal; Juros e Correções Monetárias; Remuneração de Depósitos Bancários; ; Juros e Correções Monetárias; Remuneração de Depósitos Bancários; Não se aplica; Remun. de Dep.Banc.de Rec. AB Estruturação da Rede de Serviços; Arrecadações; FUNDO MUNICIPAL DE SAUDE; FUNDO MUNICIPAL DE SAUDE; FUNDO MUNICIPAL DE SAUDE; R$ 0,00; R$ 0,00; R$ 0,00; R$ 0,00; R$ 11,42; R$ 95,23; R$ 0,00; 0.0
 13210101020000; Remuneração de Depósitos Bancários - Não Vinculados; Receitas Correntes; Receita Patrimonial; Valores Mobiliários; Remuneração de Depósitos Bancários - Principal; Juros e Correções Monetárias; Remuneração de Depósitos Bancários; ; Juros e Correções Monetárias; Remuneração de Depósitos Bancários; Não se aplica; Remuneração de Depósitos Bancários - Não Vinculados; Arrecadações; FUNDO MUNICIPAL DE SAUDE; FUNDO MUNICIPAL DE SAUDE; FUNDO MUNICIPAL DE SAUDE; R$ 0,00; R$ 0,00; R$ 0,00; R$ 0,00; R$ 405,73; R$ 13.616,55; R$ 0,00; 0.0
 13210101010312; Remun. de Dep. Banc.Vinc./Piso Enfermagem; Receitas Correntes; Receita Patrimonial; Valores Mobiliários; Remuneração de Depósitos Bancários - Principal; Juros e Correções Monetárias; Remuneração de Depósitos Bancários; ; Juros e Correções Monetárias; Remuneração de Depósitos Bancários; Não se aplica; Remun. de Dep. Banc.Vinc./Piso Enfermagem; Arrecadações; FUNDO MUNICIPAL DE SAUDE; FUNDO MUNICIPAL DE SAUDE; FUNDO MUNICIPAL DE SAUDE; R$ 0,00; R$ 0,00; R$ 0,00; R$ 0,00; R$ 350,64; R$ 4.498,17; R$ 0,00; 0.0
 13210101010301; Rec. de Remun. Dep. Banc./Vinculados - Saúde/Incremento PAB Emenda indiv.; Receitas Correntes; Receita Patrimonial; Valores Mobiliários; Remuneração de Depósitos Bancários - Principal; Juros e Correções Monetárias; Remuneração de Depósitos Bancários; ; Juros e Correções Monetárias; Remuneração de Depósitos Bancários; Não se aplica; Rec. de Remun. Dep. Banc./Vinculados - Saúde/Incremento PAB Emenda indiv.; Arrecadações; FUNDO MUNICIPAL DE SAUDE; FUNDO MUNICIPAL DE SAUDE; FUNDO MUNICIPAL DE SAUDE; R$ 0,00; R$ 0,00; R$ 0,00; R$ 0,00; R$ 864,91; R$ 9.774,78; R$ 0,00; 0.0
 13210101020000; Remuneração de Depósitos Bancários - Não Vinculados; Receitas Correntes; Receita Patrimonial; Valores Mobiliários; Remuneração de Depósitos Bancários - Principal; Juros e Correções Monetárias; Remuneração de Depósitos Bancários; ; Juros e Correções Monetárias; Remuneração de Depósitos Bancários; Não se aplica; Remuneração de Depósitos Bancários - Não Vinculados; Arrecadações; FUNDO MUNICIPAL DE SAUDE; FUNDO MUNICIPAL DE SAUDE; FUNDO MUNICIPAL DE SAUDE; R$ 0,00; R$ 0,00; R$ 0,00; R$ 0,00; R$ 446,63; R$ 14.063,18; R$ 0,00; 0.0
 13210101010311; Remun. de Dep. Banc. de Rec. Farm. FR39; Receitas Correntes; Receita Patrimonial; Valores Mobiliários; Remuneração de Depósitos Bancários - Principal; Juros e Correções Monetárias; Remuneração de Depósitos Bancários; ; Juros e Correções Monetárias; Remuneração de Depósitos Bancários; Não se aplica; Remun. de Dep. Banc. de Rec. Farm. FR39; Arrecadações; FUNDO MUNICIPAL DE SAUDE; FUNDO MUNICIPAL DE SAUDE; FUNDO MUNICIPAL DE SAUDE; R$ 0,00; R$ 0,00; R$ 0,00; R$ 0,00; R$ 569,42; R$ 12.433,43; R$ 0,00; 0.0
 13210101010310; Remun. de Dep.Banc.de Rec. AB Estruturação da Rede de Serviços; Receitas Correntes; Receita Patrimonial; Valores Mobiliários; Remuneração de Depósitos Bancários - Principal; Juros e Correções Monetárias; Remuneração de Depósitos Bancários; ; Juros e Correções Monetárias; Remuneração de Depósitos Bancários; Não se aplica; Remun. de Dep.Banc.de Rec. AB Estruturação da Rede de Serviços; Arrecadações; FUNDO MUNICIPAL DE SAUDE; FUNDO MUNICIPAL DE SAUDE; FUNDO MUNICIPAL DE SAUDE; R$ 0,00; R$ 0,00; R$ 0,00; R$ 0,00; R$ 9,51; R$ 104,74; R$ 0,00; 0.0
 13210101010311; Remun. de Dep. Banc. de Rec. Farm. FR39; Receitas Correntes; Receita Patrimonial; Valores Mobiliários; Remuneração de Depósitos Bancários - Principal; Juros e Correções Monetárias; Remuneração de Depósitos Bancários; ; Juros e Correções Monetárias; Remuneração de Depósitos Bancários; Não se aplica; Remun. de Dep. Banc. de Rec. Farm. FR39; Arrecadações; FUNDO MUNICIPAL DE SAUDE; FUNDO MUNICIPAL DE SAUDE; FUNDO MUNICIPAL DE SAUDE; R$ 0,00; R$ 0,00; R$ 0,00; R$ 0,00; R$ 1.234,21; R$ 13.667,64; R$ 0,00; 0.0
 13210101010301; Rec. de Remun. Dep. Banc./Vinculados - Saúde/Incremento PAB Emenda indiv.; Receitas Correntes; Receita Patrimonial; Valores Mobiliários; Remuneração de Depósitos Bancários - Principal; Juros e Correções Monetárias; Remuneração de Depósitos Bancários; ; Juros e Correções Monetárias; Remuneração de Depósitos Bancários; Não se aplica; Rec. de Remun. Dep. Banc./Vinculados - Saúde/Incremento PAB Emenda indiv.; Arrecadações; FUNDO MUNICIPAL DE SAUDE; FUNDO MUNICIPAL DE SAUDE; FUNDO MUNICIPAL DE SAUDE; R$ 0,00; R$ 0,00; R$ 0,00; R$ 0,00; R$ 1.007,51; R$ 10.782,29; R$ 0,00; 0.0
 13210101010312; Remun. de Dep. Banc.Vinc./Piso Enfermagem; Receitas Correntes; Receita Patrimonial; Valores Mobiliários; Remuneração de Depósitos Bancários - Principal; Juros e Correções Monetárias; Remuneração de Depósitos Bancários; ; Juros e Correções Monetárias; Remuneração de Depósitos Bancários; Não se aplica; Remun. de Dep. Banc.Vinc./Piso Enfermagem; Arrecadações; FUNDO MUNICIPAL DE SAUDE; FUNDO MUNICIPAL DE SAUDE; FUNDO MUNICIPAL DE SAUDE; R$ 0,00; R$ 0,00; R$ 0,00; R$ 0,00; R$ 482,17; R$ 4.980,34; R$ 0,00; 0.0
 13210101020000; Remuneração de Depósitos Bancários - Não Vinculados; Receitas Correntes; Receita Patrimonial; Valores Mobiliários; Remuneração de Depósitos Bancários - Principal; Juros e Correções Monetárias; Remuneração de Depósitos Bancários; ; Juros e Correções Monetárias; Remuneração de Depósitos Bancários; Não se aplica; Remuneração de Depósitos Bancários - Não Vinculados; Arrecadações; FUNDO MUNICIPAL DE SAUDE; FUNDO MUNICIPAL DE SAUDE; FUNDO MUNICIPAL DE SAUDE; R$ 0,00; R$ 0,00; R$ 0,00; R$ 0,00; R$ 677,23; R$ 14.740,41; R$ 0,00; 0.0
 13210101010310; Remun. de Dep.Banc.de Rec. AB Estruturação da Rede de Serviços; Receitas Correntes; Receita Patrimonial; Valores Mobiliários; Remuneração de Depósitos Bancários - Principal; Juros e Correções Monetárias; Remuneração de Depósitos Bancários; ; Juros e Correções Monetárias; Remuneração de Depósitos Bancários; Não se aplica; Remun. de Dep.Banc.de Rec. AB Estruturação da Rede de Serviços; Arrecadações; FUNDO MUNICIPAL DE SAUDE; FUNDO MUNICIPAL DE SAUDE; FUNDO MUNICIPAL DE SAUDE; R$ 0,00; R$ 0,00; R$ 0,00; R$ 0,00; R$ 11,06; R$ 115,80; R$ 0,00; 0.0
 17235001020000; Cofinanciamento PSF; Receitas Correntes; Transferências Correntes; Transferências dos Estados e do Distrito Federal e de suas Entidades; Transferências de Recursos do Sistema Único de Saúde  SUS - Principal; Transferências de Recursos do Sistema Único de Saúde  SUS; Transferências de Recursos do Sistema Único de Saúde  SUS; ; Transferências de Recursos do Sistema Único de Saúde  SUS; Transferências de Recursos do Sistema Único de Saúde  SUS; Não se aplica; Cofinanciamento PSF; Arrecadações; FUNDO MUNICIPAL DE SAUDE; FUNDO MUNICIPAL DE SAUDE; FUNDO MUNICIPAL DE SAUDE; R$ 0,00; R$ 0,00; R$ 0,00; R$ 0,00; R$ 19.800,00; R$ 19.800,00; R$ 0,00; 0.0
 17235001030000; Transf. Rec. Est. p/Prog.Saúde NASF; Receitas Correntes; Transferências Correntes; Transferências dos Estados e do Distrito Federal e de suas Entidades; Transferências de Recursos do Sistema Único de Saúde  SUS - Principal; Transferências de Recursos do Sistema Único de Saúde  SUS; Transferências de Recursos do Sistema Único de Saúde  SUS; ; Transferências de Recursos do Sistema Único de Saúde  SUS; Transferências de Recursos do Sistema Único de Saúde  SUS; Não se aplica; Transf. Rec. Est. p/Prog.Saúde NASF; Arrecadações; FUNDO MUNICIPAL DE SAUDE; FUNDO MUNICIPAL DE SAUDE; FUNDO MUNICIPAL DE SAUDE; R$ 0,00; R$ 0,00; R$ 0,00; R$ 0,00; R$ 15.279,06; R$ 15.279,06; R$ 0,00; 0.0
 17235001020000; Cofinanciamento PSF; Receitas Correntes; Transferências Correntes; Transferências dos Estados e do Distrito Federal e de suas Entidades; Transferências de Recursos do Sistema Único de Saúde  SUS - Principal; Transferências de Recursos do Sistema Único de Saúde  SUS; Transferências de Recursos do Sistema Único de Saúde  SUS; ; Transferências de Recursos do Sistema Único de Saúde  SUS; Transferências de Recursos do Sistema Único de Saúde  SUS; Não se aplica; Cofinanciamento PSF; Arrecadações; FUNDO MUNICIPAL DE SAUDE; FUNDO MUNICIPAL DE SAUDE; FUNDO MUNICIPAL DE SAUDE; R$ 0,00; R$ 0,00; R$ 0,00; R$ 0,00; R$ 19.800,00; R$ 39.600,00; R$ 0,00; 0.0
 17235001010000; Farmácia Básica; Receitas Correntes; Transferências Correntes; Transferências dos Estados e do Distrito Federal e de suas Entidades; Transferências de Recursos do Sistema Único de Saúde  SUS - Principal; Transferências de Recursos do Sistema Único de Saúde  SUS; Transferências de Recursos do Sistema Único de Saúde  SUS; ; Transferências de Recursos do Sistema Único de Saúde  SUS; Transferências de Recursos do Sistema Único de Saúde  SUS; Não se aplica; Farmácia Básica; Arrecadações; FUNDO MUNICIPAL DE SAUDE; FUNDO MUNICIPAL DE SAUDE; FUNDO MUNICIPAL DE SAUDE; R$ 0,00; R$ 0,00; R$ 0,00; R$ 0,00; R$ 8.234,24; R$ 8.234,24; R$ 0,00; 0.0
 17235001030000; Transf. Rec. Est. p/Prog.Saúde NASF; Receitas Correntes; Transferências Correntes; Transferências dos Estados e do Distrito Federal e de suas Entidades; Transferências de Recursos do Sistema Único de Saúde  SUS - Principal; Transferências de Recursos do Sistema Único de Saúde  SUS; Transferências de Recursos do Sistema Único de Saúde  SUS; ; Transferências de Recursos do Sistema Único de Saúde  SUS; Transferências de Recursos do Sistema Único de Saúde  SUS; Não se aplica; Transf. Rec. Est. p/Prog.Saúde NASF; Arrecadações; FUNDO MUNICIPAL DE SAUDE; FUNDO MUNICIPAL DE SAUDE; FUNDO MUNICIPAL DE SAUDE; R$ 0,00; R$ 0,00; R$ 0,00; R$ 0,00; R$ 15.279,06; R$ 30.558,12; R$ 0,00; 0.0
 17235001020000; Cofinanciamento PSF; Receitas Correntes; Transferências Correntes; Transferências dos Estados e do Distrito Federal e de suas Entidades; Transferências de Recursos do Sistema Único de Saúde  SUS - Principal; Transferências de Recursos do Sistema Único de Saúde  SUS; Transferências de Recursos do Sistema Único de Saúde  SUS; ; Transferências de Recursos do Sistema Único de Saúde  SUS; Transferências de Recursos do Sistema Único de Saúde  SUS; Não se aplica; Cofinanciamento PSF; Arrecadações; FUNDO MUNICIPAL DE SAUDE; FUNDO MUNICIPAL DE SAUDE; FUNDO MUNICIPAL DE SAUDE; R$ 0,00; R$ 0,00; R$ 0,00; R$ 0,00; R$ 26.800,00; R$ 66.400,00; R$ 0,00; 0.0
 17235001010000; Farmácia Básica; Receitas Correntes; Transferências Correntes; Transferências dos Estados e do Distrito Federal e de suas Entidades; Transferências de Recursos do Sistema Único de Saúde  SUS - Principal; Transferências de Recursos do Sistema Único de Saúde  SUS; Transferências de Recursos do Sistema Único de Saúde  SUS; ; Transferências de Recursos do Sistema Único de Saúde  SUS; Transferências de Recursos do Sistema Único de Saúde  SUS; Não se aplica; Farmácia Básica; Arrecadações; FUNDO MUNICIPAL DE SAUDE; FUNDO MUNICIPAL DE SAUDE; FUNDO MUNICIPAL DE SAUDE; R$ 0,00; R$ 0,00; R$ 0,00; R$ 0,00; R$ 4.117,12; R$ 12.351,36; R$ 0,00; 0.0
 17235001030000; Transf. Rec. Est. p/Prog.Saúde NASF; Receitas Correntes; Transferências Correntes; Transferências dos Estados e do Distrito Federal e de suas Entidades; Transferências de Recursos do Sistema Único de Saúde  SUS - Principal; Transferências de Recursos do Sistema Único de Saúde  SUS; Transferências de Recursos do Sistema Único de Saúde  SUS; ; Transferências de Recursos do Sistema Único de Saúde  SUS; Transferências de Recursos do Sistema Único de Saúde  SUS; Não se aplica; Transf. Rec. Est. p/Prog.Saúde NASF; Arrecadações; FUNDO MUNICIPAL DE SAUDE; FUNDO MUNICIPAL DE SAUDE; FUNDO MUNICIPAL DE SAUDE; R$ 0,00; R$ 0,00; R$ 0,00; R$ 0,00; R$ 2.279,06; R$ 32.837,18; R$ 0,00; 0.0
 17235001020000; Cofinanciamento PSF; Receitas Correntes; Transferências Correntes; Transferências dos Estados e do Distrito Federal e de suas Entidades; Transferências de Recursos do Sistema Único de Saúde  SUS - Principal; Transferências de Recursos do Sistema Único de Saúde  SUS; Transferências de Recursos do Sistema Único de Saúde  SUS; ; Transferências de Recursos do Sistema Único de Saúde  SUS; Transferências de Recursos do Sistema Único de Saúde  SUS; Não se aplica; Cofinanciamento PSF; Arrecadações; FUNDO MUNICIPAL DE SAUDE; FUNDO MUNICIPAL DE SAUDE; FUNDO MUNICIPAL DE SAUDE; R$ 0,00; R$ 0,00; R$ 0,00; R$ 0,00; R$ 19.800,00; R$ 86.200,00; R$ 0,00; 0.0
 17235001010000; Farmácia Básica; Receitas Correntes; Transferências Correntes; Transferências dos Estados e do Distrito Federal e de suas Entidades; Transferências de Recursos do Sistema Único de Saúde  SUS - Principal; Transferências de Recursos do Sistema Único de Saúde  SUS; Transferências de Recursos do Sistema Único de Saúde  SUS; ; Transferências de Recursos do Sistema Único de Saúde  SUS; Transferências de Recursos do Sistema Único de Saúde  SUS; Não se aplica; Farmácia Básica; Arrecadações; FUNDO MUNICIPAL DE SAUDE; FUNDO MUNICIPAL DE SAUDE; FUNDO MUNICIPAL DE SAUDE; R$ 0,00; R$ 0,00; R$ 0,00; R$ 0,00; R$ 4.117,12; R$ 16.468,48; R$ 0,00; 0.0
 17235001030000; Transf. Rec. Est. p/Prog.Saúde NASF; Receitas Correntes; Transferências Correntes; Transferências dos Estados e do Distrito Federal e de suas Entidades; Transferências de Recursos do Sistema Único de Saúde  SUS - Principal; Transferências de Recursos do Sistema Único de Saúde  SUS; Transferências de Recursos do Sistema Único de Saúde  SUS; ; Transferências de Recursos do Sistema Único de Saúde  SUS; Transferências de Recursos do Sistema Único de Saúde  SUS; Não se aplica; Transf. Rec. Est. p/Prog.Saúde NASF; Arrecadações; FUNDO MUNICIPAL DE SAUDE; FUNDO MUNICIPAL DE SAUDE; FUNDO MUNICIPAL DE SAUDE; R$ 0,00; R$ 0,00; R$ 0,00; R$ 0,00; R$ 15.279,06; R$ 48.116,24; R$ 0,00; 0.0
 17235001010000; Farmácia Básica; Receitas Correntes; Transferências Correntes; Transferências dos Estados e do Distrito Federal e de suas Entidades; Transferências de Recursos do Sistema Único de Saúde  SUS - Principal; Transferências de Recursos do Sistema Único de Saúde  SUS; Transferências de Recursos do Sistema Único de Saúde  SUS; ; Transferências de Recursos do Sistema Único de Saúde  SUS; Transferências de Recursos do Sistema Único de Saúde  SUS; Não se aplica; Farmácia Básica; Arrecadações; FUNDO MUNICIPAL DE SAUDE; FUNDO MUNICIPAL DE SAUDE; FUNDO MUNICIPAL DE SAUDE; R$ 0,00; R$ 0,00; R$ 0,00; R$ 0,00; R$ 4.117,12; R$ 20.585,60; R$ 0,00; 0.0
 17235001030000; Transf. Rec. Est. p/Prog.Saúde NASF; Receitas Correntes; Transferências Correntes; Transferências dos Estados e do Distrito Federal e de suas Entidades; Transferências de Recursos do Sistema Único de Saúde  SUS - Principal; Transferências de Recursos do Sistema Único de Saúde  SUS; Transferências de Recursos do Sistema Único de Saúde  SUS; ; Transferências de Recursos do Sistema Único de Saúde  SUS; Transferências de Recursos do Sistema Único de Saúde  SUS; Não se aplica; Transf. Rec. Est. p/Prog.Saúde NASF; Arrecadações; FUNDO MUNICIPAL DE SAUDE; FUNDO MUNICIPAL DE SAUDE; FUNDO MUNICIPAL DE SAUDE; R$ 0,00; R$ 0,00; R$ 0,00; R$ 0,00; R$ 15.279,06; R$ 63.395,30; R$ 0,00; 0.0
 17235001020000; Cofinanciamento PSF; Receitas Correntes; Transferências Correntes; Transferências dos Estados e do Distrito Federal e de suas Entidades; Transferências de Recursos do Sistema Único de Saúde  SUS - Principal; Transferências de Recursos do Sistema Único de Saúde  SUS; Transferências de Recursos do Sistema Único de Saúde  SUS; ; Transferências de Recursos do Sistema Único de Saúde  SUS; Transferências de Recursos do Sistema Único de Saúde  SUS; Não se aplica; Cofinanciamento PSF; Arrecadações; FUNDO MUNICIPAL DE SAUDE; FUNDO MUNICIPAL DE SAUDE; FUNDO MUNICIPAL DE SAUDE; R$ 0,00; R$ 0,00; R$ 0,00; R$ 0,00; R$ 25.800,00; R$ 112.000,00; R$ 0,00; 0.0
 17235001010000; Farmácia Básica; Receitas Correntes; Transferências Correntes; Transferências dos Estados e do Distrito Federal e de suas Entidades; Transferências de Recursos do Sistema Único de Saúde  SUS - Principal; Transferências de Recursos do Sistema Único de Saúde  SUS; Transferências de Recursos do Sistema Único de Saúde  SUS; ; Transferências de Recursos do Sistema Único de Saúde  SUS; Transferências de Recursos do Sistema Único de Saúde  SUS; Não se aplica; Farmácia Básica; Arrecadações; FUNDO MUNICIPAL DE SAUDE; FUNDO MUNICIPAL DE SAUDE; FUNDO MUNICIPAL DE SAUDE; R$ 0,00; R$ 0,00; R$ 0,00; R$ 0,00; R$ 4.117,12; R$ 24.702,72; R$ 0,00; 0.0
 17235001030000; Transf. Rec. Est. p/Prog.Saúde NASF; Receitas Correntes; Transferências Correntes; Transferências dos Estados e do Distrito Federal e de suas Entidades; Transferências de Recursos do Sistema Único de Saúde  SUS - Principal; Transferências de Recursos do Sistema Único de Saúde  SUS; Transferências de Recursos do Sistema Único de Saúde  SUS; ; Transferências de Recursos do Sistema Único de Saúde  SUS; Transferências de Recursos do Sistema Único de Saúde  SUS; Não se aplica; Transf. Rec. Est. p/Prog.Saúde NASF; Arrecadações; FUNDO MUNICIPAL DE SAUDE; FUNDO MUNICIPAL DE SAUDE; FUNDO MUNICIPAL DE SAUDE; R$ 0,00; R$ 0,00; R$ 0,00; R$ 0,00; R$ 15.279,06; R$ 78.674,36; R$ 0,00; 0.0
 17235001020000; Cofinanciamento PSF; Receitas Correntes; Transferências Correntes; Transferências dos Estados e do Distrito Federal e de suas Entidades; Transferências de Recursos do Sistema Único de Saúde  SUS - Principal; Transferências de Recursos do Sistema Único de Saúde  SUS; Transferências de Recursos do Sistema Único de Saúde  SUS; ; Transferências de Recursos do Sistema Único de Saúde  SUS; Transferências de Recursos do Sistema Único de Saúde  SUS; Não se aplica; Cofinanciamento PSF; Arrecadações; FUNDO MUNICIPAL DE SAUDE; FUNDO MUNICIPAL DE SAUDE; FUNDO MUNICIPAL DE SAUDE; R$ 0,00; R$ 0,00; R$ 0,00; R$ 0,00; R$ 25.800,00; R$ 137.800,00; R$ 0,00; 0.0
 17235001020000; Cofinanciamento PSF; Receitas Correntes; Transferências Correntes; Transferências dos Estados e do Distrito Federal e de suas Entidades; Transferências de Recursos do Sistema Único de Saúde  SUS - Principal; Transferências de Recursos do Sistema Único de Saúde  SUS; Transferências de Recursos do Sistema Único de Saúde  SUS; ; Transferências de Recursos do Sistema Único de Saúde  SUS; Transferências de Recursos do Sistema Único de Saúde  SUS; Não se aplica; Cofinanciamento PSF; Arrecadações; FUNDO MUNICIPAL DE SAUDE; FUNDO MUNICIPAL DE SAUDE; FUNDO MUNICIPAL DE SAUDE; R$ 0,00; R$ 0,00; R$ 0,00; R$ 0,00; R$ 25.800,00; R$ 163.600,00; R$ 0,00; 0.0
 17235001010000; Farmácia Básica; Receitas Correntes; Transferências Correntes; Transferências dos Estados e do Distrito Federal e de suas Entidades; Transferências de Recursos do Sistema Único de Saúde  SUS - Principal; Transferências de Recursos do Sistema Único de Saúde  SUS; Transferências de Recursos do Sistema Único de Saúde  SUS; ; Transferências de Recursos do Sistema Único de Saúde  SUS; Transferências de Recursos do Sistema Único de Saúde  SUS; Não se aplica; Farmácia Básica; Arrecadações; FUNDO MUNICIPAL DE SAUDE; FUNDO MUNICIPAL DE SAUDE; FUNDO MUNICIPAL DE SAUDE; R$ 0,00; R$ 0,00; R$ 0,00; R$ 0,00; R$ 4.117,12; R$ 28.819,84; R$ 0,00; 0.0
 17235001030000; Transf. Rec. Est. p/Prog.Saúde NASF; Receitas Correntes; Transferências Correntes; Transferências dos Estados e do Distrito Federal e de suas Entidades; Transferências de Recursos do Sistema Único de Saúde  SUS - Principal; Transferências de Recursos do Sistema Único de Saúde  SUS; Transferências de Recursos do Sistema Único de Saúde  SUS; ; Transferências de Recursos do Sistema Único de Saúde  SUS; Transferências de Recursos do Sistema Único de Saúde  SUS; Não se aplica; Transf. Rec. Est. p/Prog.Saúde NASF; Arrecadações; FUNDO MUNICIPAL DE SAUDE; FUNDO MUNICIPAL DE SAUDE; FUNDO MUNICIPAL DE SAUDE; R$ 0,00; R$ 0,00; R$ 0,00; R$ 0,00; R$ 13.911,63; R$ 92.585,99; R$ 0,00; 0.0
 17235001010000; Farmácia Básica; Receitas Correntes; Transferências Correntes; Transferências dos Estados e do Distrito Federal e de suas Entidades; Transferências de Recursos do Sistema Único de Saúde  SUS - Principal; Transferências de Recursos do Sistema Único de Saúde  SUS; Transferências de Recursos do Sistema Único de Saúde  SUS; ; Transferências de Recursos do Sistema Único de Saúde  SUS; Transferências de Recursos do Sistema Único de Saúde  SUS; Não se aplica; Farmácia Básica; Arrecadações; FUNDO MUNICIPAL DE SAUDE; FUNDO MUNICIPAL DE SAUDE; FUNDO MUNICIPAL DE SAUDE; R$ 0,00; R$ 0,00; R$ 0,00; R$ 0,00; R$ 4.117,12; R$ 32.936,96; R$ 0,00; 0.0
 17235001030000; Transf. Rec. Est. p/Prog.Saúde NASF; Receitas Correntes; Transferências Correntes; Transferências dos Estados e do Distrito Federal e de suas Entidades; Transferências de Recursos do Sistema Único de Saúde  SUS - Principal; Transferências de Recursos do Sistema Único de Saúde  SUS; Transferências de Recursos do Sistema Único de Saúde  SUS; ; Transferências de Recursos do Sistema Único de Saúde  SUS; Transferências de Recursos do Sistema Único de Saúde  SUS; Não se aplica; Transf. Rec. Est. p/Prog.Saúde NASF; Arrecadações; FUNDO MUNICIPAL DE SAUDE; FUNDO MUNICIPAL DE SAUDE; FUNDO MUNICIPAL DE SAUDE; R$ 0,00; R$ 0,00; R$ 0,00; R$ 0,00; R$ 13.911,63; R$ 106.497,62; R$ 0,00; 0.0
 17235001020000; Cofinanciamento PSF; Receitas Correntes; Transferências Correntes; Transferências dos Estados e do Distrito Federal e de suas Entidades; Transferências de Recursos do Sistema Único de Saúde  SUS - Principal; Transferências de Recursos do Sistema Único de Saúde  SUS; Transferências de Recursos do Sistema Único de Saúde  SUS; ; Transferências de Recursos do Sistema Único de Saúde  SUS; Transferências de Recursos do Sistema Único de Saúde  SUS; Não se aplica; Cofinanciamento PSF; Arrecadações; FUNDO MUNICIPAL DE SAUDE; FUNDO MUNICIPAL DE SAUDE; FUNDO MUNICIPAL DE SAUDE; R$ 0,00; R$ 0,00; R$ 0,00; R$ 0,00; R$ 25.800,00; R$ 189.400,00; R$ 0,00; 0.0
 17235001010000; Farmácia Básica; Receitas Correntes; Transferências Correntes; Transferências dos Estados e do Distrito Federal e de suas Entidades; Transferências de Recursos do Sistema Único de Saúde  SUS - Principal; Transferências de Recursos do Sistema Único de Saúde  SUS; Transferências de Recursos do Sistema Único de Saúde  SUS; ; Transferências de Recursos do Sistema Único de Saúde  SUS; Transferências de Recursos do Sistema Único de Saúde  SUS; Não se aplica; Farmácia Básica; Arrecadações; FUNDO MUNICIPAL DE SAUDE; FUNDO MUNICIPAL DE SAUDE; FUNDO MUNICIPAL DE SAUDE; R$ 0,00; R$ 0,00; R$ 0,00; R$ 0,00; R$ 4.117,12; R$ 37.054,08; R$ 0,00; 0.0
 17235001020000; Cofinanciamento PSF; Receitas Correntes; Transferências Correntes; Transferências dos Estados e do Distrito Federal e de suas Entidades; Transferências de Recursos do Sistema Único de Saúde  SUS - Principal; Transferências de Recursos do Sistema Único de Saúde  SUS; Transferências de Recursos do Sistema Único de Saúde  SUS; ; Transferências de Recursos do Sistema Único de Saúde  SUS; Transferências de Recursos do Sistema Único de Saúde  SUS; Não se aplica; Cofinanciamento PSF; Arrecadações; FUNDO MUNICIPAL DE SAUDE; FUNDO MUNICIPAL DE SAUDE; FUNDO MUNICIPAL DE SAUDE; R$ 0,00; R$ 0,00; R$ 0,00; R$ 0,00; R$ 25.800,00; R$ 215.200,00; R$ 0,00; 0.0
 17235001030000; Transf. Rec. Est. p/Prog.Saúde NASF; Receitas Correntes; Transferências Correntes; Transferências dos Estados e do Distrito Federal e de suas Entidades; Transferências de Recursos do Sistema Único de Saúde  SUS - Principal; Transferências de Recursos do Sistema Único de Saúde  SUS; Transferências de Recursos do Sistema Único de Saúde  SUS; ; Transferências de Recursos do Sistema Único de Saúde  SUS; Transferências de Recursos do Sistema Único de Saúde  SUS; Não se aplica; Transf. Rec. Est. p/Prog.Saúde NASF; Arrecadações; FUNDO MUNICIPAL DE SAUDE; FUNDO MUNICIPAL DE SAUDE; FUNDO MUNICIPAL DE SAUDE; R$ 0,00; R$ 0,00; R$ 0,00; R$ 0,00; R$ 10.911,63; R$ 117.409,25; R$ 0,00; 0.0
 17235001010000; Farmácia Básica; Receitas Correntes; Transferências Correntes; Transferências dos Estados e do Distrito Federal e de suas Entidades; Transferências de Recursos do Sistema Único de Saúde  SUS - Principal; Transferências de Recursos do Sistema Único de Saúde  SUS; Transferências de Recursos do Sistema Único de Saúde  SUS; ; Transferências de Recursos do Sistema Único de Saúde  SUS; Transferências de Recursos do Sistema Único de Saúde  SUS; Não se aplica; Farmácia Básica; Arrecadações; FUNDO MUNICIPAL DE SAUDE; FUNDO MUNICIPAL DE SAUDE; FUNDO MUNICIPAL DE SAUDE; R$ 0,00; R$ 0,00; R$ 0,00; R$ 0,00; R$ 4.117,12; R$ 41.171,20; R$ 0,00; 0.0
 17235001020000; Cofinanciamento PSF; Receitas Correntes; Transferências Correntes; Transferências dos Estados e do Distrito Federal e de suas Entidades; Transferências de Recursos do Sistema Único de Saúde  SUS - Principal; Transferências de Recursos do Sistema Único de Saúde  SUS; Transferências de Recursos do Sistema Único de Saúde  SUS; ; Transferências de Recursos do Sistema Único de Saúde  SUS; Transferências de Recursos do Sistema Único de Saúde  SUS; Não se aplica; Cofinanciamento PSF; Arrecadações; FUNDO MUNICIPAL DE SAUDE; FUNDO MUNICIPAL DE SAUDE; FUNDO MUNICIPAL DE SAUDE; R$ 0,00; R$ 0,00; R$ 0,00; R$ 0,00; R$ 25.800,00; R$ 241.000,00; R$ 0,00; 0.0
 17235001030000; Transf. Rec. Est. p/Prog.Saúde NASF; Receitas Correntes; Transferências Correntes; Transferências dos Estados e do Distrito Federal e de suas Entidades; Transferências de Recursos do Sistema Único de Saúde  SUS - Principal; Transferências de Recursos do Sistema Único de Saúde  SUS; Transferências de Recursos do Sistema Único de Saúde  SUS; ; Transferências de Recursos do Sistema Único de Saúde  SUS; Transferências de Recursos do Sistema Único de Saúde  SUS; Não se aplica; Transf. Rec. Est. p/Prog.Saúde NASF; Arrecadações; FUNDO MUNICIPAL DE SAUDE; FUNDO MUNICIPAL DE SAUDE; FUNDO MUNICIPAL DE SAUDE; R$ 0,00; R$ 0,00; R$ 0,00; R$ 0,00; R$ 10.911,63; R$ 128.320,88; R$ 0,00; 0.0
 17235001010000; Farmácia Básica; Receitas Correntes; Transferências Correntes; Transferências dos Estados e do Distrito Federal e de suas Entidades; Transferências de Recursos do Sistema Único de Saúde  SUS - Principal; Transferências de Recursos do Sistema Único de Saúde  SUS; Transferências de Recursos do Sistema Único de Saúde  SUS; ; Transferências de Recursos do Sistema Único de Saúde  SUS; Transferências de Recursos do Sistema Único de Saúde  SUS; Não se aplica; Farmácia Básica; Arrecadações; FUNDO MUNICIPAL DE SAUDE; FUNDO MUNICIPAL DE SAUDE; FUNDO MUNICIPAL DE SAUDE; R$ 0,00; R$ 0,00; R$ 0,00; R$ 0,00; R$ 4.117,12; R$ 45.288,32; R$ 0,00; 0.0
 17235001030000; Transf. Rec. Est. p/Prog.Saúde NASF; Receitas Correntes; Transferências Correntes; Transferências dos Estados e do Distrito Federal e de suas Entidades; Transferências de Recursos do Sistema Único de Saúde  SUS - Principal; Transferências de Recursos do Sistema Único de Saúde  SUS; Transferências de Recursos do Sistema Único de Saúde  SUS; ; Transferências de Recursos do Sistema Único de Saúde  SUS; Transferências de Recursos do Sistema Único de Saúde  SUS; Não se aplica; Transf. Rec. Est. p/Prog.Saúde NASF; Arrecadações; FUNDO MUNICIPAL DE SAUDE; FUNDO MUNICIPAL DE SAUDE; FUNDO MUNICIPAL DE SAUDE; R$ 0,00; R$ 0,00; R$ 0,00; R$ 0,00; R$ 13.911,63; R$ 142.232,51; R$ 0,00; 0.0
 17235001020000; Cofinanciamento PSF; Receitas Correntes; Transferências Correntes; Transferências dos Estados e do Distrito Federal e de suas Entidades; Transferências de Recursos do Sistema Único de Saúde  SUS - Principal; Transferências de Recursos do Sistema Único de Saúde  SUS; Transferências de Recursos do Sistema Único de Saúde  SUS; ; Transferências de Recursos do Sistema Único de Saúde  SUS; Transferências de Recursos do Sistema Único de Saúde  SUS; Não se aplica; Cofinanciamento PSF; Arrecadações; FUNDO MUNICIPAL DE SAUDE; FUNDO MUNICIPAL DE SAUDE; FUNDO MUNICIPAL DE SAUDE; R$ 0,00; R$ 0,00; R$ 0,00; R$ 0,00; R$ 25.800,00; R$ 266.800,00; R$ 0,00; 0.0
 17235001030000; Transf. Rec. Est. p/Prog.Saúde NASF; Receitas Correntes; Transferências Correntes; Transferências dos Estados e do Distrito Federal e de suas Entidades; Transferências de Recursos do Sistema Único de Saúde  SUS - Principal; Transferências de Recursos do Sistema Único de Saúde  SUS; Transferências de Recursos do Sistema Único de Saúde  SUS; ; Transferências de Recursos do Sistema Único de Saúde  SUS; Transferências de Recursos do Sistema Único de Saúde  SUS; Não se aplica; Transf. Rec. Est. p/Prog.Saúde NASF; Arrecadações; FUNDO MUNICIPAL DE SAUDE; FUNDO MUNICIPAL DE SAUDE; FUNDO MUNICIPAL DE SAUDE; R$ 0,00; R$ 0,00; R$ 0,00; R$ 0,00; R$ 27.823,26; R$ 170.055,77; R$ 0,00; 0.0
 17235001020000; Cofinanciamento PSF; Receitas Correntes; Transferências Correntes; Transferências dos Estados e do Distrito Federal e de suas Entidades; Transferências de Recursos do Sistema Único de Saúde  SUS - Principal; Transferências de Recursos do Sistema Único de Saúde  SUS; Transferências de Recursos do Sistema Único de Saúde  SUS; ; Transferências de Recursos do Sistema Único de Saúde  SUS; Transferências de Recursos do Sistema Único de Saúde  SUS; Não se aplica; Cofinanciamento PSF; Arrecadações; FUNDO MUNICIPAL DE SAUDE; FUNDO MUNICIPAL DE SAUDE; FUNDO MUNICIPAL DE SAUDE; R$ 0,00; R$ 0,00; R$ 0,00; R$ 0,00; R$ 51.600,00; R$ 318.400,00; R$ 0,00; 0.0
 17235001010000; Farmácia Básica; Receitas Correntes; Transferências Correntes; Transferências dos Estados e do Distrito Federal e de suas Entidades; Transferências de Recursos do Sistema Único de Saúde  SUS - Principal; Transferências de Recursos do Sistema Único de Saúde  SUS; Transferências de Recursos do Sistema Único de Saúde  SUS; ; Transferências de Recursos do Sistema Único de Saúde  SUS; Transferências de Recursos do Sistema Único de Saúde  SUS; Não se aplica; Farmácia Básica; Arrecadações; FUNDO MUNICIPAL DE SAUDE; FUNDO MUNICIPAL DE SAUDE; FUNDO MUNICIPAL DE SAUDE; R$ 0,00; R$ 0,00; R$ 0,00; R$ 0,00; R$ 4.117,12; R$ 49.405,44; R$ 0,00; 0.0
 17135011010000; Atenção Básica; Receitas Correntes; Transferências Correntes; Transferências da União e de suas Entidades; Transferências de Recursos do Bloco de Manutenção das Ações e Serviços Públicos de Saúde  Atenção Primária - Principal; Transferências de Recursos do Sistema Único de Saúde  SUS; Transferências de Recursos do Sistema Único de Saúde  SUS  Repasses Fundo a Fundo - Bloco de Manutenção das Ações e Serviços Públicos de Saúde; Transferências de Recursos do Bloco de Manutenção das Ações e Serviços Públicos de Saúde  Atenção Primária; Transferências de Recursos do Sistema Único de Saúde  SUS; Transferências de Recursos do Sistema Único de Saúde  SUS  Repasses Fundo a Fundo - Bloco de Manutenção das Ações e Serviços Públicos de Saúde; Transferências de Recursos do Bloco de Manutenção das Ações e Serviços Públicos de Saúde  Atenção Primária; Atenção Básica; Arrecadações; FUNDO MUNICIPAL DE SAUDE; FUNDO MUNICIPAL DE SAUDE; FUNDO MUNICIPAL DE SAUDE; R$ 3.566.537,00; R$ 3.566.537,00; R$ 0,00; R$ 0,00; R$ 246.575,22; R$ 246.575,22; R$ 3.566.537,00; 6.91
 17135011010000; Atenção Básica; Receitas Correntes; Transferências Correntes; Transferências da União e de suas Entidades; Transferências de Recursos do Bloco de Manutenção das Ações e Serviços Públicos de Saúde  Atenção Primária - Principal; Transferências de Recursos do Sistema Único de Saúde  SUS; Transferências de Recursos do Sistema Único de Saúde  SUS  Repasses Fundo a Fundo - Bloco de Manutenção das Ações e Serviços Públicos de Saúde; Transferências de Recursos do Bloco de Manutenção das Ações e Serviços Públicos de Saúde  Atenção Primária; Transferências de Recursos do Sistema Único de Saúde  SUS; Transferências de Recursos do Sistema Único de Saúde  SUS  Repasses Fundo a Fundo - Bloco de Manutenção das Ações e Serviços Públicos de Saúde; Transferências de Recursos do Bloco de Manutenção das Ações e Serviços Públicos de Saúde  Atenção Primária; Atenção Básica; Arrecadações; FUNDO MUNICIPAL DE SAUDE; FUNDO MUNICIPAL DE SAUDE; FUNDO MUNICIPAL DE SAUDE; R$ 0,00; R$ 0,00; R$ 0,00; R$ 0,00; R$ 291.473,91; R$ 538.049,13; R$ 0,00; 0.0
 17135011010000; Atenção Básica; Receitas Correntes; Transferências Correntes; Transferências da União e de suas Entidades; Transferências de Recursos do Bloco de Manutenção das Ações e Serviços Públicos de Saúde  Atenção Primária - Principal; Transferências de Recursos do Sistema Único de Saúde  SUS; Transferências de Recursos do Sistema Único de Saúde  SUS  Repasses Fundo a Fundo - Bloco de Manutenção das Ações e Serviços Públicos de Saúde; Transferências de Recursos do Bloco de Manutenção das Ações e Serviços Públicos de Saúde  Atenção Primária; Transferências de Recursos do Sistema Único de Saúde  SUS; Transferências de Recursos do Sistema Único de Saúde  SUS  Repasses Fundo a Fundo - Bloco de Manutenção das Ações e Serviços Públicos de Saúde; Transferências de Recursos do Bloco de Manutenção das Ações e Serviços Públicos de Saúde  Atenção Primária; Atenção Básica; Arrecadações; FUNDO MUNICIPAL DE SAUDE; FUNDO MUNICIPAL DE SAUDE; FUNDO MUNICIPAL DE SAUDE; R$ 0,00; R$ 0,00; R$ 0,00; R$ 0,00; R$ 346.076,92; R$ 884.126,05; R$ 0,00; 0.0
 17135011010000; Atenção Básica; Receitas Correntes; Transferências Correntes; Transferências da União e de suas Entidades; Transferências de Recursos do Bloco de Manutenção das Ações e Serviços Públicos de Saúde  Atenção Primária - Principal; Transferências de Recursos do Sistema Único de Saúde  SUS; Transferências de Recursos do Sistema Único de Saúde  SUS  Repasses Fundo a Fundo - Bloco de Manutenção das Ações e Serviços Públicos de Saúde; Transferências de Recursos do Bloco de Manutenção das Ações e Serviços Públicos de Saúde  Atenção Primária; Transferências de Recursos do Sistema Único de Saúde  SUS; Transferências de Recursos do Sistema Único de Saúde  SUS  Repasses Fundo a Fundo - Bloco de Manutenção das Ações e Serviços Públicos de Saúde; Transferências de Recursos do Bloco de Manutenção das Ações e Serviços Públicos de Saúde  Atenção Primária; Atenção Básica; Arrecadações; FUNDO MUNICIPAL DE SAUDE; FUNDO MUNICIPAL DE SAUDE; FUNDO MUNICIPAL DE SAUDE; R$ 0,00; R$ 0,00; R$ 0,00; R$ 0,00; R$ 312.296,00; R$ 1.196.422,05; R$ 0,00; 0.0
 17135011010000; Atenção Básica; Receitas Correntes; Transferências Correntes; Transferências da União e de suas Entidades; Transferências de Recursos do Bloco de Manutenção das Ações e Serviços Públicos de Saúde  Atenção Primária - Principal; Transferências de Recursos do Sistema Único de Saúde  SUS; Transferências de Recursos do Sistema Único de Saúde  SUS  Repasses Fundo a Fundo - Bloco de Manutenção das Ações e Serviços Públicos de Saúde; Transferências de Recursos do Bloco de Manutenção das Ações e Serviços Públicos de Saúde  Atenção Primária; Transferências de Recursos do Sistema Único de Saúde  SUS; Transferências de Recursos do Sistema Único de Saúde  SUS  Repasses Fundo a Fundo - Bloco de Manutenção das Ações e Serviços Públicos de Saúde; Transferências de Recursos do Bloco de Manutenção das Ações e Serviços Públicos de Saúde  Atenção Primária; Atenção Básica; Arrecadações; FUNDO MUNICIPAL DE SAUDE; FUNDO MUNICIPAL DE SAUDE; FUNDO MUNICIPAL DE SAUDE; R$ 0,00; R$ 0,00; R$ 0,00; R$ 0,00; R$ 327.147,94; R$ 1.523.569,99; R$ 0,00; 0.0
 17135011010000; Atenção Básica; Receitas Correntes; Transferências Correntes; Transferências da União e de suas Entidades; Transferências de Recursos do Bloco de Manutenção das Ações e Serviços Públicos de Saúde  Atenção Primária - Principal; Transferências de Recursos do Sistema Único de Saúde  SUS; Transferências de Recursos do Sistema Único de Saúde  SUS  Repasses Fundo a Fundo - Bloco de Manutenção das Ações e Serviços Públicos de Saúde; Transferências de Recursos do Bloco de Manutenção das Ações e Serviços Públicos de Saúde  Atenção Primária; Transferências de Recursos do Sistema Único de Saúde  SUS; Transferências de Recursos do Sistema Único de Saúde  SUS  Repasses Fundo a Fundo - Bloco de Manutenção das Ações e Serviços Públicos de Saúde; Transferências de Recursos do Bloco de Manutenção das Ações e Serviços Públicos de Saúde  Atenção Primária; Atenção Básica; Arrecadações; FUNDO MUNICIPAL DE SAUDE; FUNDO MUNICIPAL DE SAUDE; FUNDO MUNICIPAL DE SAUDE; R$ 0,00; R$ 0,00; R$ 0,00; R$ 0,00; R$ 284.110,64; R$ 1.807.680,63; R$ 0,00; 0.0
 17135011010000; Atenção Básica; Receitas Correntes; Transferências Correntes; Transferências da União e de suas Entidades; Transferências de Recursos do Bloco de Manutenção das Ações e Serviços Públicos de Saúde  Atenção Primária - Principal; Transferências de Recursos do Sistema Único de Saúde  SUS; Transferências de Recursos do Sistema Único de Saúde  SUS  Repasses Fundo a Fundo - Bloco de Manutenção das Ações e Serviços Públicos de Saúde; Transferências de Recursos do Bloco de Manutenção das Ações e Serviços Públicos de Saúde  Atenção Primária; Transferências de Recursos do Sistema Único de Saúde  SUS; Transferências de Recursos do Sistema Único de Saúde  SUS  Repasses Fundo a Fundo - Bloco de Manutenção das Ações e Serviços Públicos de Saúde; Transferências de Recursos do Bloco de Manutenção das Ações e Serviços Públicos de Saúde  Atenção Primária; Atenção Básica; Arrecadações; FUNDO MUNICIPAL DE SAUDE; FUNDO MUNICIPAL DE SAUDE; FUNDO MUNICIPAL DE SAUDE; R$ 0,00; R$ 0,00; R$ 0,00; R$ 0,00; R$ 328.897,80; R$ 2.136.578,43; R$ 0,00; 0.0
 17135011010000; Atenção Básica; Receitas Correntes; Transferências Correntes; Transferências da União e de suas Entidades; Transferências de Recursos do Bloco de Manutenção das Ações e Serviços Públicos de Saúde  Atenção Primária - Principal; Transferências de Recursos do Sistema Único de Saúde  SUS; Transferências de Recursos do Sistema Único de Saúde  SUS  Repasses Fundo a Fundo - Bloco de Manutenção das Ações e Serviços Públicos de Saúde; Transferências de Recursos do Bloco de Manutenção das Ações e Serviços Públicos de Saúde  Atenção Primária; Transferências de Recursos do Sistema Único de Saúde  SUS; Transferências de Recursos do Sistema Único de Saúde  SUS  Repasses Fundo a Fundo - Bloco de Manutenção das Ações e Serviços Públicos de Saúde; Transferências de Recursos do Bloco de Manutenção das Ações e Serviços Públicos de Saúde  Atenção Primária; Atenção Básica; Arrecadações; FUNDO MUNICIPAL DE SAUDE; FUNDO MUNICIPAL DE SAUDE; FUNDO MUNICIPAL DE SAUDE; R$ 0,00; R$ 0,00; R$ 0,00; R$ 0,00; R$ 281.625,83; R$ 2.418.204,26; R$ 0,00; 0.0
 17135011010000; Atenção Básica; Receitas Correntes; Transferências Correntes; Transferências da União e de suas Entidades; Transferências de Recursos do Bloco de Manutenção das Ações e Serviços Públicos de Saúde  Atenção Primária - Principal; Transferências de Recursos do Sistema Único de Saúde  SUS; Transferências de Recursos do Sistema Único de Saúde  SUS  Repasses Fundo a Fundo - Bloco de Manutenção das Ações e Serviços Públicos de Saúde; Transferências de Recursos do Bloco de Manutenção das Ações e Serviços Públicos de Saúde  Atenção Primária; Transferências de Recursos do Sistema Único de Saúde  SUS; Transferências de Recursos do Sistema Único de Saúde  SUS  Repasses Fundo a Fundo - Bloco de Manutenção das Ações e Serviços Públicos de Saúde; Transferências de Recursos do Bloco de Manutenção das Ações e Serviços Públicos de Saúde  Atenção Primária; Atenção Básica; Arrecadações; FUNDO MUNICIPAL DE SAUDE; FUNDO MUNICIPAL DE SAUDE; FUNDO MUNICIPAL DE SAUDE; R$ 0,00; R$ 0,00; R$ 0,00; R$ 0,00; R$ 267.950,19; R$ 2.686.154,45; R$ 0,00; 0.0
 17135011010000; Atenção Básica; Receitas Correntes; Transferências Correntes; Transferências da União e de suas Entidades; Transferências de Recursos do Bloco de Manutenção das Ações e Serviços Públicos de Saúde  Atenção Primária - Principal; Transferências de Recursos do Sistema Único de Saúde  SUS; Transferências de Recursos do Sistema Único de Saúde  SUS  Repasses Fundo a Fundo - Bloco de Manutenção das Ações e Serviços Públicos de Saúde; Transferências de Recursos do Bloco de Manutenção das Ações e Serviços Públicos de Saúde  Atenção Primária; Transferências de Recursos do Sistema Único de Saúde  SUS; Transferências de Recursos do Sistema Único de Saúde  SUS  Repasses Fundo a Fundo - Bloco de Manutenção das Ações e Serviços Públicos de Saúde; Transferências de Recursos do Bloco de Manutenção das Ações e Serviços Públicos de Saúde  Atenção Primária; Atenção Básica; Arrecadações; FUNDO MUNICIPAL DE SAUDE; FUNDO MUNICIPAL DE SAUDE; FUNDO MUNICIPAL DE SAUDE; R$ 0,00; R$ 0,00; R$ 0,00; R$ 0,00; R$ 1.885.981,26; R$ 4.572.135,71; R$ 0,00; 0.0
 17135011010000; Atenção Básica; Receitas Correntes; Transferências Correntes; Transferências da União e de suas Entidades; Transferências de Recursos do Bloco de Manutenção das Ações e Serviços Públicos de Saúde  Atenção Primária - Principal; Transferências de Recursos do Sistema Único de Saúde  SUS; Transferências de Recursos do Sistema Único de Saúde  SUS  Repasses Fundo a Fundo - Bloco de Manutenção das Ações e Serviços Públicos de Saúde; Transferências de Recursos do Bloco de Manutenção das Ações e Serviços Públicos de Saúde  Atenção Primária; Transferências de Recursos do Sistema Único de Saúde  SUS; Transferências de Recursos do Sistema Único de Saúde  SUS  Repasses Fundo a Fundo - Bloco de Manutenção das Ações e Serviços Públicos de Saúde; Transferências de Recursos do Bloco de Manutenção das Ações e Serviços Públicos de Saúde  Atenção Primária; Atenção Básica; Arrecadações; FUNDO MUNICIPAL DE SAUDE; FUNDO MUNICIPAL DE SAUDE; FUNDO MUNICIPAL DE SAUDE; R$ 0,00; R$ 0,00; R$ 0,00; R$ 0,00; R$ 255.997,20; R$ 4.828.132,91; R$ 0,00; 0.0
 17135011010000; Atenção Básica; Receitas Correntes; Transferências Correntes; Transferências da União e de suas Entidades; Transferências de Recursos do Bloco de Manutenção das Ações e Serviços Públicos de Saúde  Atenção Primária - Principal; Transferências de Recursos do Sistema Único de Saúde  SUS; Transferências de Recursos do Sistema Único de Saúde  SUS  Repasses Fundo a Fundo - Bloco de Manutenção das Ações e Serviços Públicos de Saúde; Transferências de Recursos do Bloco de Manutenção das Ações e Serviços Públicos de Saúde  Atenção Primária; Transferências de Recursos do Sistema Único de Saúde  SUS; Transferências de Recursos do Sistema Único de Saúde  SUS  Repasses Fundo a Fundo - Bloco de Manutenção das Ações e Serviços Públicos de Saúde; Transferências de Recursos do Bloco de Manutenção das Ações e Serviços Públicos de Saúde  Atenção Primária; Atenção Básica; Arrecadações; FUNDO MUNICIPAL DE SAUDE; FUNDO MUNICIPAL DE SAUDE; FUNDO MUNICIPAL DE SAUDE; R$ 0,00; R$ 0,00; R$ 0,00; R$ 0,00; R$ 396.492,72; R$ 5.224.625,63; R$ 0,00; 0.0
 17135031010000; Vigilância em Saúde; Receitas Correntes; Transferências Correntes; Transferências da União e de suas Entidades; Transferências de Recursos do Bloco de Manutenção das Ações e Serviços Públicos de Saúde  Vigilância em Saúde - Principal; Transferências de Recursos do Sistema Único de Saúde  SUS; Transferências de Recursos do Sistema Único de Saúde  SUS  Repasses Fundo a Fundo - Bloco de Manutenção das Ações e Serviços Públicos de Saúde; Transferências de Recursos do Bloco de Manutenção das Ações e Serviços Públicos de Saúde  Vigilância em Saúde; Transferências de Recursos do Sistema Único de Saúde  SUS; Transferências de Recursos do Sistema Único de Saúde  SUS  Repasses Fundo a Fundo - Bloco de Manutenção das Ações e Serviços Públicos de Saúde; Transferências de Recursos do Bloco de Manutenção das Ações e Serviços Públicos de Saúde  Vigilância em Saúde; Vigilância em Saúde; Arrecadações; FUNDO MUNICIPAL DE SAUDE; FUNDO MUNICIPAL DE SAUDE; FUNDO MUNICIPAL DE SAUDE; R$ 133.811,00; R$ 133.811,00; R$ 0,00; R$ 0,00; R$ 3.220,31; R$ 3.220,31; R$ 133.811,00; 2.41
 17135031010000; Vigilância em Saúde; Receitas Correntes; Transferências Correntes; Transferências da União e de suas Entidades; Transferências de Recursos do Bloco de Manutenção das Ações e Serviços Públicos de Saúde  Vigilância em Saúde - Principal; Transferências de Recursos do Sistema Único de Saúde  SUS; Transferências de Recursos do Sistema Único de Saúde  SUS  Repasses Fundo a Fundo - Bloco de Manutenção das Ações e Serviços Públicos de Saúde; Transferências de Recursos do Bloco de Manutenção das Ações e Serviços Públicos de Saúde  Vigilância em Saúde; Transferências de Recursos do Sistema Único de Saúde  SUS; Transferências de Recursos do Sistema Único de Saúde  SUS  Repasses Fundo a Fundo - Bloco de Manutenção das Ações e Serviços Públicos de Saúde; Transferências de Recursos do Bloco de Manutenção das Ações e Serviços Públicos de Saúde  Vigilância em Saúde; Vigilância em Saúde; Arrecadações; FUNDO MUNICIPAL DE SAUDE; FUNDO MUNICIPAL DE SAUDE; FUNDO MUNICIPAL DE SAUDE; R$ 0,00; R$ 0,00; R$ 0,00; R$ 0,00; R$ 3.942,02; R$ 7.162,33; R$ 0,00; 0.0
 17135031010000; Vigilância em Saúde; Receitas Correntes; Transferências Correntes; Transferências da União e de suas Entidades; Transferências de Recursos do Bloco de Manutenção das Ações e Serviços Públicos de Saúde  Vigilância em Saúde - Principal; Transferências de Recursos do Sistema Único de Saúde  SUS; Transferências de Recursos do Sistema Único de Saúde  SUS  Repasses Fundo a Fundo - Bloco de Manutenção das Ações e Serviços Públicos de Saúde; Transferências de Recursos do Bloco de Manutenção das Ações e Serviços Públicos de Saúde  Vigilância em Saúde; Transferências de Recursos do Sistema Único de Saúde  SUS; Transferências de Recursos do Sistema Único de Saúde  SUS  Repasses Fundo a Fundo - Bloco de Manutenção das Ações e Serviços Públicos de Saúde; Transferências de Recursos do Bloco de Manutenção das Ações e Serviços Públicos de Saúde  Vigilância em Saúde; Vigilância em Saúde; Arrecadações; FUNDO MUNICIPAL DE SAUDE; FUNDO MUNICIPAL DE SAUDE; FUNDO MUNICIPAL DE SAUDE; R$ 0,00; R$ 0,00; R$ 0,00; R$ 0,00; R$ 3.942,02; R$ 11.104,35; R$ 0,00; 0.0
 17135031010000; Vigilância em Saúde; Receitas Correntes; Transferências Correntes; Transferências da União e de suas Entidades; Transferências de Recursos do Bloco de Manutenção das Ações e Serviços Públicos de Saúde  Vigilância em Saúde - Principal; Transferências de Recursos do Sistema Único de Saúde  SUS; Transferências de Recursos do Sistema Único de Saúde  SUS  Repasses Fundo a Fundo - Bloco de Manutenção das Ações e Serviços Públicos de Saúde; Transferências de Recursos do Bloco de Manutenção das Ações e Serviços Públicos de Saúde  Vigilância em Saúde; Transferências de Recursos do Sistema Único de Saúde  SUS; Transferências de Recursos do Sistema Único de Saúde  SUS  Repasses Fundo a Fundo - Bloco de Manutenção das Ações e Serviços Públicos de Saúde; Transferências de Recursos do Bloco de Manutenção das Ações e Serviços Públicos de Saúde  Vigilância em Saúde; Vigilância em Saúde; Arrecadações; FUNDO MUNICIPAL DE SAUDE; FUNDO MUNICIPAL DE SAUDE; FUNDO MUNICIPAL DE SAUDE; R$ 0,00; R$ 0,00; R$ 0,00; R$ 0,00; R$ 14.211,58; R$ 25.315,93; R$ 0,00; 0.0
 17135031010000; Vigilância em Saúde; Receitas Correntes; Transferências Correntes; Transferências da União e de suas Entidades; Transferências de Recursos do Bloco de Manutenção das Ações e Serviços Públicos de Saúde  Vigilância em Saúde - Principal; Transferências de Recursos do Sistema Único de Saúde  SUS; Transferências de Recursos do Sistema Único de Saúde  SUS  Repasses Fundo a Fundo - Bloco de Manutenção das Ações e Serviços Públicos de Saúde; Transferências de Recursos do Bloco de Manutenção das Ações e Serviços Públicos de Saúde  Vigilância em Saúde; Transferências de Recursos do Sistema Único de Saúde  SUS; Transferências de Recursos do Sistema Único de Saúde  SUS  Repasses Fundo a Fundo - Bloco de Manutenção das Ações e Serviços Públicos de Saúde; Transferências de Recursos do Bloco de Manutenção das Ações e Serviços Públicos de Saúde  Vigilância em Saúde; Vigilância em Saúde; Arrecadações; FUNDO MUNICIPAL DE SAUDE; FUNDO MUNICIPAL DE SAUDE; FUNDO MUNICIPAL DE SAUDE; R$ 0,00; R$ 0,00; R$ 0,00; R$ 0,00; R$ 3.942,02; R$ 29.257,95; R$ 0,00; 0.0
 17135031010000; Vigilância em Saúde; Receitas Correntes; Transferências Correntes; Transferências da União e de suas Entidades; Transferências de Recursos do Bloco de Manutenção das Ações e Serviços Públicos de Saúde  Vigilância em Saúde - Principal; Transferências de Recursos do Sistema Único de Saúde  SUS; Transferências de Recursos do Sistema Único de Saúde  SUS  Repasses Fundo a Fundo - Bloco de Manutenção das Ações e Serviços Públicos de Saúde; Transferências de Recursos do Bloco de Manutenção das Ações e Serviços Públicos de Saúde  Vigilância em Saúde; Transferências de Recursos do Sistema Único de Saúde  SUS; Transferências de Recursos do Sistema Único de Saúde  SUS  Repasses Fundo a Fundo - Bloco de Manutenção das Ações e Serviços Públicos de Saúde; Transferências de Recursos do Bloco de Manutenção das Ações e Serviços Públicos de Saúde  Vigilância em Saúde; Vigilância em Saúde; Arrecadações; FUNDO MUNICIPAL DE SAUDE; FUNDO MUNICIPAL DE SAUDE; FUNDO MUNICIPAL DE SAUDE; R$ 0,00; R$ 0,00; R$ 0,00; R$ 0,00; R$ 3.942,02; R$ 33.199,97; R$ 0,00; 0.0
 17135031010000; Vigilância em Saúde; Receitas Correntes; Transferências Correntes; Transferências da União e de suas Entidades; Transferências de Recursos do Bloco de Manutenção das Ações e Serviços Públicos de Saúde  Vigilância em Saúde - Principal; Transferências de Recursos do Sistema Único de Saúde  SUS; Transferências de Recursos do Sistema Único de Saúde  SUS  Repasses Fundo a Fundo - Bloco de Manutenção das Ações e Serviços Públicos de Saúde; Transferências de Recursos do Bloco de Manutenção das Ações e Serviços Públicos de Saúde  Vigilância em Saúde; Transferências de Recursos do Sistema Único de Saúde  SUS; Transferências de Recursos do Sistema Único de Saúde  SUS  Repasses Fundo a Fundo - Bloco de Manutenção das Ações e Serviços Públicos de Saúde; Transferências de Recursos do Bloco de Manutenção das Ações e Serviços Públicos de Saúde  Vigilância em Saúde; Vigilância em Saúde; Arrecadações; FUNDO MUNICIPAL DE SAUDE; FUNDO MUNICIPAL DE SAUDE; FUNDO MUNICIPAL DE SAUDE; R$ 0,00; R$ 0,00; R$ 0,00; R$ 0,00; R$ 9.942,02; R$ 43.141,99; R$ 0,00; 0.0
 17135031010000; Vigilância em Saúde; Receitas Correntes; Transferências Correntes; Transferências da União e de suas Entidades; Transferências de Recursos do Bloco de Manutenção das Ações e Serviços Públicos de Saúde  Vigilância em Saúde - Principal; Transferências de Recursos do Sistema Único de Saúde  SUS; Transferências de Recursos do Sistema Único de Saúde  SUS  Repasses Fundo a Fundo - Bloco de Manutenção das Ações e Serviços Públicos de Saúde; Transferências de Recursos do Bloco de Manutenção das Ações e Serviços Públicos de Saúde  Vigilância em Saúde; Transferências de Recursos do Sistema Único de Saúde  SUS; Transferências de Recursos do Sistema Único de Saúde  SUS  Repasses Fundo a Fundo - Bloco de Manutenção das Ações e Serviços Públicos de Saúde; Transferências de Recursos do Bloco de Manutenção das Ações e Serviços Públicos de Saúde  Vigilância em Saúde; Vigilância em Saúde; Arrecadações; FUNDO MUNICIPAL DE SAUDE; FUNDO MUNICIPAL DE SAUDE; FUNDO MUNICIPAL DE SAUDE; R$ 0,00; R$ 0,00; R$ 0,00; R$ 0,00; R$ 5.942,02; R$ 49.084,01; R$ 0,00; 0.0
 17135031010000; Vigilância em Saúde; Receitas Correntes; Transferências Correntes; Transferências da União e de suas Entidades; Transferências de Recursos do Bloco de Manutenção das Ações e Serviços Públicos de Saúde  Vigilância em Saúde - Principal; Transferências de Recursos do Sistema Único de Saúde  SUS; Transferências de Recursos do Sistema Único de Saúde  SUS  Repasses Fundo a Fundo - Bloco de Manutenção das Ações e Serviços Públicos de Saúde; Transferências de Recursos do Bloco de Manutenção das Ações e Serviços Públicos de Saúde  Vigilância em Saúde; Transferências de Recursos do Sistema Único de Saúde  SUS; Transferências de Recursos do Sistema Único de Saúde  SUS  Repasses Fundo a Fundo - Bloco de Manutenção das Ações e Serviços Públicos de Saúde; Transferências de Recursos do Bloco de Manutenção das Ações e Serviços Públicos de Saúde  Vigilância em Saúde; Vigilância em Saúde; Arrecadações; FUNDO MUNICIPAL DE SAUDE; FUNDO MUNICIPAL DE SAUDE; FUNDO MUNICIPAL DE SAUDE; R$ 0,00; R$ 0,00; R$ 0,00; R$ 0,00; R$ 4.942,02; R$ 54.026,03; R$ 0,00; 0.0
 17135031010000; Vigilância em Saúde; Receitas Correntes; Transferências Correntes; Transferências da União e de suas Entidades; Transferências de Recursos do Bloco de Manutenção das Ações e Serviços Públicos de Saúde  Vigilância em Saúde - Principal; Transferências de Recursos do Sistema Único de Saúde  SUS; Transferências de Recursos do Sistema Único de Saúde  SUS  Repasses Fundo a Fundo - Bloco de Manutenção das Ações e Serviços Públicos de Saúde; Transferências de Recursos do Bloco de Manutenção das Ações e Serviços Públicos de Saúde  Vigilância em Saúde; Transferências de Recursos do Sistema Único de Saúde  SUS; Transferências de Recursos do Sistema Único de Saúde  SUS  Repasses Fundo a Fundo - Bloco de Manutenção das Ações e Serviços Públicos de Saúde; Transferências de Recursos do Bloco de Manutenção das Ações e Serviços Públicos de Saúde  Vigilância em Saúde; Vigilância em Saúde; Arrecadações; FUNDO MUNICIPAL DE SAUDE; FUNDO MUNICIPAL DE SAUDE; FUNDO MUNICIPAL DE SAUDE; R$ 0,00; R$ 0,00; R$ 0,00; R$ 0,00; R$ 3.942,02; R$ 57.968,05; R$ 0,00; 0.0
 17135031010000; Vigilância em Saúde; Receitas Correntes; Transferências Correntes; Transferências da União e de suas Entidades; Transferências de Recursos do Bloco de Manutenção das Ações e Serviços Públicos de Saúde  Vigilância em Saúde - Principal; Transferências de Recursos do Sistema Único de Saúde  SUS; Transferências de Recursos do Sistema Único de Saúde  SUS  Repasses Fundo a Fundo - Bloco de Manutenção das Ações e Serviços Públicos de Saúde; Transferências de Recursos do Bloco de Manutenção das Ações e Serviços Públicos de Saúde  Vigilância em Saúde; Transferências de Recursos do Sistema Único de Saúde  SUS; Transferências de Recursos do Sistema Único de Saúde  SUS  Repasses Fundo a Fundo - Bloco de Manutenção das Ações e Serviços Públicos de Saúde; Transferências de Recursos do Bloco de Manutenção das Ações e Serviços Públicos de Saúde  Vigilância em Saúde; Vigilância em Saúde; Arrecadações; FUNDO MUNICIPAL DE SAUDE; FUNDO MUNICIPAL DE SAUDE; FUNDO MUNICIPAL DE SAUDE; R$ 0,00; R$ 0,00; R$ 0,00; R$ 0,00; R$ 4.942,02; R$ 62.910,07; R$ 0,00; 0.0
 17135031010000; Vigilância em Saúde; Receitas Correntes; Transferências Correntes; Transferências da União e de suas Entidades; Transferências de Recursos do Bloco de Manutenção das Ações e Serviços Públicos de Saúde  Vigilância em Saúde - Principal; Transferências de Recursos do Sistema Único de Saúde  SUS; Transferências de Recursos do Sistema Único de Saúde  SUS  Repasses Fundo a Fundo - Bloco de Manutenção das Ações e Serviços Públicos de Saúde; Transferências de Recursos do Bloco de Manutenção das Ações e Serviços Públicos de Saúde  Vigilância em Saúde; Transferências de Recursos do Sistema Único de Saúde  SUS; Transferências de Recursos do Sistema Único de Saúde  SUS  Repasses Fundo a Fundo - Bloco de Manutenção das Ações e Serviços Públicos de Saúde; Transferências de Recursos do Bloco de Manutenção das Ações e Serviços Públicos de Saúde  Vigilância em Saúde; Vigilância em Saúde; Arrecadações; FUNDO MUNICIPAL DE SAUDE; FUNDO MUNICIPAL DE SAUDE; FUNDO MUNICIPAL DE SAUDE; R$ 0,00; R$ 0,00; R$ 0,00; R$ 0,00; R$ 13.002,86; R$ 75.912,93; R$ 0,00; 0.0
 13210101010313; Remun. de Dep. Banc. Impositiva Genérica Saúde; Receitas Correntes; Receita Patrimonial; Valores Mobiliários; Remuneração de Depósitos Bancários - Principal; Juros e Correções Monetárias; Remuneração de Depósitos Bancários; ; Juros e Correções Monetárias; Remuneração de Depósitos Bancários; Não se aplica; Remun. de Dep. Banc. Impositiva Genérica Saúde; Arrecadações; FUNDO MUNICIPAL DE SAUDE; FUNDO MUNICIPAL DE SAUDE; FUNDO MUNICIPAL DE SAUDE; R$ 0,00; R$ 0,00; R$ 0,00; R$ 0,00; R$ 856,01; R$ 856,01; R$ 0,00; 0.0
 13210101010313; Remun. de Dep. Banc. Impositiva Genérica Saúde; Receitas Correntes; Receita Patrimonial; Valores Mobiliários; Remuneração de Depósitos Bancários - Principal; Juros e Correções Monetárias; Remuneração de Depósitos Bancários; ; Juros e Correções Monetárias; Remuneração de Depósitos Bancários; Não se aplica; Remun. de Dep. Banc. Impositiva Genérica Saúde; Arrecadações; FUNDO MUNICIPAL DE SAUDE; FUNDO MUNICIPAL DE SAUDE; FUNDO MUNICIPAL DE SAUDE; R$ 0,00; R$ 0,00; R$ 0,00; R$ 0,00; R$ 504,86; R$ 1.360,87; R$ 0,00; 0.0
 13210101010313; Remun. de Dep. Banc. Impositiva Genérica Saúde; Receitas Correntes; Receita Patrimonial; Valores Mobiliários; Remuneração de Depósitos Bancários - Principal; Juros e Correções Monetárias; Remuneração de Depósitos Bancários; ; Juros e Correções Monetárias; Remuneração de Depósitos Bancários; Não se aplica; Remun. de Dep. Banc. Impositiva Genérica Saúde; Arrecadações; FUNDO MUNICIPAL DE SAUDE; FUNDO MUNICIPAL DE SAUDE; FUNDO MUNICIPAL DE SAUDE; R$ 0,00; R$ 0,00; R$ 0,00; R$ 0,00; R$ 458,39; R$ 1.819,26; R$ 0,00; 0.0
 13210101010313; Remun. de Dep. Banc. Impositiva Genérica Saúde; Receitas Correntes; Receita Patrimonial; Valores Mobiliários; Remuneração de Depósitos Bancários - Principal; Juros e Correções Monetárias; Remuneração de Depósitos Bancários; ; Juros e Correções Monetárias; Remuneração de Depósitos Bancários; Não se aplica; Remun. de Dep. Banc. Impositiva Genérica Saúde; Arrecadações; FUNDO MUNICIPAL DE SAUDE; FUNDO MUNICIPAL DE SAUDE; FUNDO MUNICIPAL DE SAUDE; R$ 0,00; R$ 0,00; R$ 0,00; R$ 0,00; R$ 514,50; R$ 2.333,76; R$ 0,00; 0.0
 13210101010313; Remun. de Dep. Banc. Impositiva Genérica Saúde; Receitas Correntes; Receita Patrimonial; Valores Mobiliários; Remuneração de Depósitos Bancários - Principal; Juros e Correções Monetárias; Remuneração de Depósitos Bancários; ; Juros e Correções Monetárias; Remuneração de Depósitos Bancários; Não se aplica; Remun. de Dep. Banc. Impositiva Genérica Saúde; Arrecadações; FUNDO MUNICIPAL DE SAUDE; FUNDO MUNICIPAL DE SAUDE; FUNDO MUNICIPAL DE SAUDE; R$ 0,00; R$ 0,00; R$ 0,00; R$ 0,00; R$ 563,55; R$ 2.897,31; R$ 0,00; 0.0
 13210101010313; Remun. de Dep. Banc. Impositiva Genérica Saúde; Receitas Correntes; Receita Patrimonial; Valores Mobiliários; Remuneração de Depósitos Bancários - Principal; Juros e Correções Monetárias; Remuneração de Depósitos Bancários; ; Juros e Correções Monetárias; Remuneração de Depósitos Bancários; Não se aplica; Remun. de Dep. Banc. Impositiva Genérica Saúde; Arrecadações; FUNDO MUNICIPAL DE SAUDE; FUNDO MUNICIPAL DE SAUDE; FUNDO MUNICIPAL DE SAUDE; R$ 0,00; R$ 0,00; R$ 0,00; R$ 0,00; R$ 550,44; R$ 3.447,75; R$ 0,00; 0.0
 13210101010313; Remun. de Dep. Banc. Impositiva Genérica Saúde; Receitas Correntes; Receita Patrimonial; Valores Mobiliários; Remuneração de Depósitos Bancários - Principal; Juros e Correções Monetárias; Remuneração de Depósitos Bancários; ; Juros e Correções Monetárias; Remuneração de Depósitos Bancários; Não se aplica; Remun. de Dep. Banc. Impositiva Genérica Saúde; Arrecadações; FUNDO MUNICIPAL DE SAUDE; FUNDO MUNICIPAL DE SAUDE; FUNDO MUNICIPAL DE SAUDE; R$ 0,00; R$ 0,00; R$ 0,00; R$ 0,00; R$ 597,32; R$ 4.045,07; R$ 0,00; 0.0
 13210101010313; Remun. de Dep. Banc. Impositiva Genérica Saúde; Receitas Correntes; Receita Patrimonial; Valores Mobiliários; Remuneração de Depósitos Bancários - Principal; Juros e Correções Monetárias; Remuneração de Depósitos Bancários; ; Juros e Correções Monetárias; Remuneração de Depósitos Bancários; Não se aplica; Remun. de Dep. Banc. Impositiva Genérica Saúde; Arrecadações; FUNDO MUNICIPAL DE SAUDE; FUNDO MUNICIPAL DE SAUDE; FUNDO MUNICIPAL DE SAUDE; R$ 0,00; R$ 0,00; R$ 0,00; R$ 0,00; R$ 424,09; R$ 4.469,16; R$ 0,00; 0.0
 13210101010313; Remun. de Dep. Banc. Impositiva Genérica Saúde; Receitas Correntes; Receita Patrimonial; Valores Mobiliários; Remuneração de Depósitos Bancários - Principal; Juros e Correções Monetárias; Remuneração de Depósitos Bancários; ; Juros e Correções Monetárias; Remuneração de Depósitos Bancários; Não se aplica; Remun. de Dep. Banc. Impositiva Genérica Saúde; Arrecadações; FUNDO MUNICIPAL DE SAUDE; FUNDO MUNICIPAL DE SAUDE; FUNDO MUNICIPAL DE SAUDE; R$ 0,00; R$ 0,00; R$ 0,00; R$ 0,00; R$ 432,03; R$ 4.901,19; R$ 0,00; 0.0
 13210101010313; Remun. de Dep. Banc. Impositiva Genérica Saúde; Receitas Correntes; Receita Patrimonial; Valores Mobiliários; Remuneração de Depósitos Bancários - Principal; Juros e Correções Monetárias; Remuneração de Depósitos Bancários; ; Juros e Correções Monetárias; Remuneração de Depósitos Bancários; Não se aplica; Remun. de Dep. Banc. Impositiva Genérica Saúde; Arrecadações; FUNDO MUNICIPAL DE SAUDE; FUNDO MUNICIPAL DE SAUDE; FUNDO MUNICIPAL DE SAUDE; R$ 0,00; R$ 0,00; R$ 0,00; R$ 0,00; R$ 2.934,36; R$ 7.835,55; R$ 0,00; 0.0
 13210101010313; Remun. de Dep. Banc. Impositiva Genérica Saúde; Receitas Correntes; Receita Patrimonial; Valores Mobiliários; Remuneração de Depósitos Bancários - Principal; Juros e Correções Monetárias; Remuneração de Depósitos Bancários; ; Juros e Correções Monetárias; Remuneração de Depósitos Bancários; Não se aplica; Remun. de Dep. Banc. Impositiva Genérica Saúde; Arrecadações; FUNDO MUNICIPAL DE SAUDE; FUNDO MUNICIPAL DE SAUDE; FUNDO MUNICIPAL DE SAUDE; R$ 0,00; R$ 0,00; R$ 0,00; R$ 0,00; R$ 2.448,65; R$ 10.284,20; R$ 0,00; 0.0
 13210101010313; Remun. de Dep. Banc. Impositiva Genérica Saúde; Receitas Correntes; Receita Patrimonial; Valores Mobiliários; Remuneração de Depósitos Bancários - Principal; Juros e Correções Monetárias; Remuneração de Depósitos Bancários; ; Juros e Correções Monetárias; Remuneração de Depósitos Bancários; Não se aplica; Remun. de Dep. Banc. Impositiva Genérica Saúde; Arrecadações; FUNDO MUNICIPAL DE SAUDE; FUNDO MUNICIPAL DE SAUDE; FUNDO MUNICIPAL DE SAUDE; R$ 0,00; R$ 0,00; R$ 0,00; R$ 0,00; R$ 9.699,95; R$ 19.984,15; R$ 0,00; 0.0
 17299901010500; Outras Transf. do Estado Emendas Parlamentares Imp. Saúde; Receitas Correntes; Transferências Correntes; Transferências dos Estados e do Distrito Federal e de suas Entidades; Outras Transferências dos Estados e DF - Principal; Outras Transferências dos Estados e Distrito Federal; Outras Transferências dos Estados e DF; ; Outras Transferências dos Estados e Distrito Federal; Outras Transferências dos Estados e DF; Não se aplica; Outras Transf. do Estado Emendas Parlamentares Imp. Saúde; Arrecadações; FUNDO MUNICIPAL DE SAUDE; FUNDO MUNICIPAL DE SAUDE; FUNDO MUNICIPAL DE SAUDE; R$ 0,00; R$ 0,00; R$ 0,00; R$ 0,00; R$ 250.000,00; R$ 250.000,00; R$ 0,00; 0.0
 17299901010500; Outras Transf. do Estado Emendas Parlamentares Imp. Saúde; Receitas Correntes; Transferências Correntes; Transferências dos Estados e do Distrito Federal e de suas Entidades; Outras Transferências dos Estados e DF - Principal; Outras Transferências dos Estados e Distrito Federal; Outras Transferências dos Estados e DF; ; Outras Transferências dos Estados e Distrito Federal; Outras Transferências dos Estados e DF; Não se aplica; Outras Transf. do Estado Emendas Parlamentares Imp. Saúde; Arrecadações; FUNDO MUNICIPAL DE SAUDE; FUNDO MUNICIPAL DE SAUDE; FUNDO MUNICIPAL DE SAUDE; R$ 0,00; R$ 0,00; R$ 0,00; R$ 0,00; R$ 796.411,00; R$ 1.046.411,00; R$ 0,00; 0.0
 24115121000000; Transferências de Recursos do Bloco de Estruturação da Rede de Serviços Públicos de Saúde - Atenção Especializada - Principal; Receitas de Capital; Transferências de Capital; Transferências da União e de suas Entidades; Transferências de Recursos do Bloco de Estruturação da Rede de Serviços Públicos de Saúde - Atenção Especializada - Principal; Transferências de Recursos do Sistema Único de Saúde - SUS; Transferências de Recursos do Sistema Único de Saúde  SUS - Fundo a Fundo - Bloco de Estruturação da Rede de Serviços Públicos de Saúde; Transferências de Recursos do Bloco de Estruturação da Rede de Serviços Públicos de Saúde - Atenção Especializada; Transferências de Recursos do Sistema Único de Saúde - SUS; Transferências de Recursos do Sistema Único de Saúde  SUS - Fundo a Fundo - Bloco de Estruturação da Rede de Serviços Públicos de Saúde; Transferências de Recursos do Bloco de Estruturação da Rede de Serviços Públicos de Saúde - Atenção Especializada; Transferências de Recursos do Bloco de Estruturação da Rede de Serviços Públicos de Saúde - Atenção Especializada - Principal; Arrecadações; FUNDO MUNICIPAL DE SAUDE; FUNDO MUNICIPAL DE SAUDE; FUNDO MUNICIPAL DE SAUDE; R$ 0,00; R$ 0,00; R$ 0,00; R$ 0,00; R$ 385.723,00; R$ 385.723,00; R$ 0,00; 0.0
 13210101010302; Rec. de Remun. Dep. Banc./Vinculados - Saude/SUS PAB; Receitas Correntes; Receita Patrimonial; Valores Mobiliários; Remuneração de Depósitos Bancários - Principal; Juros e Correções Monetárias; Remuneração de Depósitos Bancários; ; Juros e Correções Monetárias; Remuneração de Depósitos Bancários; Não se aplica; Rec. de Remun. Dep. Banc./Vinculados - Saude/SUS PAB; Arrecadações; FUNDO MUNICIPAL DE SAUDE; FUNDO MUNICIPAL DE SAUDE; FUNDO MUNICIPAL DE SAUDE; R$ 0,00; R$ 0,00; R$ 0,00; R$ 0,00; R$ 2.972,13; R$ 2.972,13; R$ 0,00; 0.0
 13210101010302; Rec. de Remun. Dep. Banc./Vinculados - Saude/SUS PAB; Receitas Correntes; Receita Patrimonial; Valores Mobiliários; Remuneração de Depósitos Bancários - Principal; Juros e Correções Monetárias; Remuneração de Depósitos Bancários; ; Juros e Correções Monetárias; Remuneração de Depósitos Bancários; Não se aplica; Rec. de Remun. Dep. Banc./Vinculados - Saude/SUS PAB; Arrecadações; FUNDO MUNICIPAL DE SAUDE; FUNDO MUNICIPAL DE SAUDE; FUNDO MUNICIPAL DE SAUDE; R$ 0,00; R$ 0,00; R$ 0,00; R$ 0,00; R$ 2.088,80; R$ 5.060,93; R$ 0,00; 0.0
 13210101010302; Rec. de Remun. Dep. Banc./Vinculados - Saude/SUS PAB; Receitas Correntes; Receita Patrimonial; Valores Mobiliários; Remuneração de Depósitos Bancários - Principal; Juros e Correções Monetárias; Remuneração de Depósitos Bancários; ; Juros e Correções Monetárias; Remuneração de Depósitos Bancários; Não se aplica; Rec. de Remun. Dep. Banc./Vinculados - Saude/SUS PAB; Arrecadações; FUNDO MUNICIPAL DE SAUDE; FUNDO MUNICIPAL DE SAUDE; FUNDO MUNICIPAL DE SAUDE; R$ 0,00; R$ 0,00; R$ 0,00; R$ 0,00; R$ 3.709,97; R$ 8.770,90; R$ 0,00; 0.0
 13210101010302; Rec. de Remun. Dep. Banc./Vinculados - Saude/SUS PAB; Receitas Correntes; Receita Patrimonial; Valores Mobiliários; Remuneração de Depósitos Bancários - Principal; Juros e Correções Monetárias; Remuneração de Depósitos Bancários; ; Juros e Correções Monetárias; Remuneração de Depósitos Bancários; Não se aplica; Rec. de Remun. Dep. Banc./Vinculados - Saude/SUS PAB; Arrecadações; FUNDO MUNICIPAL DE SAUDE; FUNDO MUNICIPAL DE SAUDE; FUNDO MUNICIPAL DE SAUDE; R$ 0,00; R$ 0,00; R$ 0,00; R$ 0,00; R$ 4.610,77; R$ 13.381,67; R$ 0,00; 0.0
 13210101010302; Rec. de Remun. Dep. Banc./Vinculados - Saude/SUS PAB; Receitas Correntes; Receita Patrimonial; Valores Mobiliários; Remuneração de Depósitos Bancários - Principal; Juros e Correções Monetárias; Remuneração de Depósitos Bancários; ; Juros e Correções Monetárias; Remuneração de Depósitos Bancários; Não se aplica; Rec. de Remun. Dep. Banc./Vinculados - Saude/SUS PAB; Arrecadações; FUNDO MUNICIPAL DE SAUDE; FUNDO MUNICIPAL DE SAUDE; FUNDO MUNICIPAL DE SAUDE; R$ 0,00; R$ 0,00; R$ 0,00; R$ 0,00; R$ 4.548,58; R$ 17.930,25; R$ 0,00; 0.0
 13210101010302; Rec. de Remun. Dep. Banc./Vinculados - Saude/SUS PAB; Receitas Correntes; Receita Patrimonial; Valores Mobiliários; Remuneração de Depósitos Bancários - Principal; Juros e Correções Monetárias; Remuneração de Depósitos Bancários; ; Juros e Correções Monetárias; Remuneração de Depósitos Bancários; Não se aplica; Rec. de Remun. Dep. Banc./Vinculados - Saude/SUS PAB; Arrecadações; FUNDO MUNICIPAL DE SAUDE; FUNDO MUNICIPAL DE SAUDE; FUNDO MUNICIPAL DE SAUDE; R$ 0,00; R$ 0,00; R$ 0,00; R$ 0,00; R$ 2.512,33; R$ 20.442,58; R$ 0,00; 0.0
 13210101010302; Rec. de Remun. Dep. Banc./Vinculados - Saude/SUS PAB; Receitas Correntes; Receita Patrimonial; Valores Mobiliários; Remuneração de Depósitos Bancários - Principal; Juros e Correções Monetárias; Remuneração de Depósitos Bancários; ; Juros e Correções Monetárias; Remuneração de Depósitos Bancários; Não se aplica; Rec. de Remun. Dep. Banc./Vinculados - Saude/SUS PAB; Arrecadações; FUNDO MUNICIPAL DE SAUDE; FUNDO MUNICIPAL DE SAUDE; FUNDO MUNICIPAL DE SAUDE; R$ 0,00; R$ 0,00; R$ 0,00; R$ 0,00; R$ 3.006,99; R$ 23.449,57; R$ 0,00; 0.0
 13210101010302; Rec. de Remun. Dep. Banc./Vinculados - Saude/SUS PAB; Receitas Correntes; Receita Patrimonial; Valores Mobiliários; Remuneração de Depósitos Bancários - Principal; Juros e Correções Monetárias; Remuneração de Depósitos Bancários; ; Juros e Correções Monetárias; Remuneração de Depósitos Bancários; Não se aplica; Rec. de Remun. Dep. Banc./Vinculados - Saude/SUS PAB; Arrecadações; FUNDO MUNICIPAL DE SAUDE; FUNDO MUNICIPAL DE SAUDE; FUNDO MUNICIPAL DE SAUDE; R$ 0,00; R$ 0,00; R$ 0,00; R$ 0,00; R$ 3.365,96; R$ 26.815,53; R$ 0,00; 0.0
 13210101010302; Rec. de Remun. Dep. Banc./Vinculados - Saude/SUS PAB; Receitas Correntes; Receita Patrimonial; Valores Mobiliários; Remuneração de Depósitos Bancários - Principal; Juros e Correções Monetárias; Remuneração de Depósitos Bancários; ; Juros e Correções Monetárias; Remuneração de Depósitos Bancários; Não se aplica; Rec. de Remun. Dep. Banc./Vinculados - Saude/SUS PAB; Arrecadações; FUNDO MUNICIPAL DE SAUDE; FUNDO MUNICIPAL DE SAUDE; FUNDO MUNICIPAL DE SAUDE; R$ 0,00; R$ 0,00; R$ 0,00; R$ 0,00; R$ 3.693,22; R$ 30.508,75; R$ 0,00; 0.0
 13210101010302; Rec. de Remun. Dep. Banc./Vinculados - Saude/SUS PAB; Receitas Correntes; Receita Patrimonial; Valores Mobiliários; Remuneração de Depósitos Bancários - Principal; Juros e Correções Monetárias; Remuneração de Depósitos Bancários; ; Juros e Correções Monetárias; Remuneração de Depósitos Bancários; Não se aplica; Rec. de Remun. Dep. Banc./Vinculados - Saude/SUS PAB; Arrecadações; FUNDO MUNICIPAL DE SAUDE; FUNDO MUNICIPAL DE SAUDE; FUNDO MUNICIPAL DE SAUDE; R$ 0,00; R$ 0,00; R$ 0,00; R$ 0,00; R$ 15.182,53; R$ 45.691,28; R$ 0,00; 0.0
 13210101010302; Rec. de Remun. Dep. Banc./Vinculados - Saude/SUS PAB; Receitas Correntes; Receita Patrimonial; Valores Mobiliários; Remuneração de Depósitos Bancários - Principal; Juros e Correções Monetárias; Remuneração de Depósitos Bancários; ; Juros e Correções Monetárias; Remuneração de Depósitos Bancários; Não se aplica; Rec. de Remun. Dep. Banc./Vinculados - Saude/SUS PAB; Arrecadações; FUNDO MUNICIPAL DE SAUDE; FUNDO MUNICIPAL DE SAUDE; FUNDO MUNICIPAL DE SAUDE; R$ 0,00; R$ 0,00; R$ 0,00; R$ 0,00; R$ 17.195,24; R$ 62.886,52; R$ 0,00; 0.0
 13210101010302; Rec. de Remun. Dep. Banc./Vinculados - Saude/SUS PAB; Receitas Correntes; Receita Patrimonial; Valores Mobiliários; Remuneração de Depósitos Bancários - Principal; Juros e Correções Monetárias; Remuneração de Depósitos Bancários; ; Juros e Correções Monetárias; Remuneração de Depósitos Bancários; Não se aplica; Rec. de Remun. Dep. Banc./Vinculados - Saude/SUS PAB; Arrecadações; FUNDO MUNICIPAL DE SAUDE; FUNDO MUNICIPAL DE SAUDE; FUNDO MUNICIPAL DE SAUDE; R$ 0,00; R$ 0,00; R$ 0,00; R$ 0,00; R$ 16.506,94; R$ 79.393,46; R$ 0,00; 0.0
 13210101010307; Remun.de Dep.Banc.de Rec.Vinc.SUS/Prog. Estrut.Rede Serv. de Atenção Básica; Receitas Correntes; Receita Patrimonial; Valores Mobiliários; Remuneração de Depósitos Bancários - Principal; Juros e Correções Monetárias; Remuneração de Depósitos Bancários; ; Juros e Correções Monetárias; Remuneração de Depósitos Bancários; Não se aplica; Remun.de Dep.Banc.de Rec.Vinc.SUS/Prog. Estrut.Rede Serv. de Atenção Básica; Arrecadações; FUNDO MUNICIPAL DE SAUDE; FUNDO MUNICIPAL DE SAUDE; FUNDO MUNICIPAL DE SAUDE; R$ 0,00; R$ 0,00; R$ 0,00; R$ 0,00; R$ 180,81; R$ 180,81; R$ 0,00; 0.0
 13210101010307; Remun.de Dep.Banc.de Rec.Vinc.SUS/Prog. Estrut.Rede Serv. de Atenção Básica; Receitas Correntes; Receita Patrimonial; Valores Mobiliários; Remuneração de Depósitos Bancários - Principal; Juros e Correções Monetárias; Remuneração de Depósitos Bancários; ; Juros e Correções Monetárias; Remuneração de Depósitos Bancários; Não se aplica; Remun.de Dep.Banc.de Rec.Vinc.SUS/Prog. Estrut.Rede Serv. de Atenção Básica; Arrecadações; FUNDO MUNICIPAL DE SAUDE; FUNDO MUNICIPAL DE SAUDE; FUNDO MUNICIPAL DE SAUDE; R$ 0,00; R$ 0,00; R$ 0,00; R$ 0,00; R$ 182,42; R$ 363,23; R$ 0,00; 0.0
 13210101010307; Remun.de Dep.Banc.de Rec.Vinc.SUS/Prog. Estrut.Rede Serv. de Atenção Básica; Receitas Correntes; Receita Patrimonial; Valores Mobiliários; Remuneração de Depósitos Bancários - Principal; Juros e Correções Monetárias; Remuneração de Depósitos Bancários; ; Juros e Correções Monetárias; Remuneração de Depósitos Bancários; Não se aplica; Remun.de Dep.Banc.de Rec.Vinc.SUS/Prog. Estrut.Rede Serv. de Atenção Básica; Arrecadações; FUNDO MUNICIPAL DE SAUDE; FUNDO MUNICIPAL DE SAUDE; FUNDO MUNICIPAL DE SAUDE; R$ 0,00; R$ 0,00; R$ 0,00; R$ 0,00; R$ 180,16; R$ 543,39; R$ 0,00; 0.0
 13210101010307; Remun.de Dep.Banc.de Rec.Vinc.SUS/Prog. Estrut.Rede Serv. de Atenção Básica; Receitas Correntes; Receita Patrimonial; Valores Mobiliários; Remuneração de Depósitos Bancários - Principal; Juros e Correções Monetárias; Remuneração de Depósitos Bancários; ; Juros e Correções Monetárias; Remuneração de Depósitos Bancários; Não se aplica; Remun.de Dep.Banc.de Rec.Vinc.SUS/Prog. Estrut.Rede Serv. de Atenção Básica; Arrecadações; FUNDO MUNICIPAL DE SAUDE; FUNDO MUNICIPAL DE SAUDE; FUNDO MUNICIPAL DE SAUDE; R$ 0,00; R$ 0,00; R$ 0,00; R$ 0,00; R$ 202,22; R$ 745,61; R$ 0,00; 0.0
 13210101010307; Remun.de Dep.Banc.de Rec.Vinc.SUS/Prog. Estrut.Rede Serv. de Atenção Básica; Receitas Correntes; Receita Patrimonial; Valores Mobiliários; Remuneração de Depósitos Bancários - Principal; Juros e Correções Monetárias; Remuneração de Depósitos Bancários; ; Juros e Correções Monetárias; Remuneração de Depósitos Bancários; Não se aplica; Remun.de Dep.Banc.de Rec.Vinc.SUS/Prog. Estrut.Rede Serv. de Atenção Básica; Arrecadações; FUNDO MUNICIPAL DE SAUDE; FUNDO MUNICIPAL DE SAUDE; FUNDO MUNICIPAL DE SAUDE; R$ 0,00; R$ 0,00; R$ 0,00; R$ 0,00; R$ 221,49; R$ 967,10; R$ 0,00; 0.0
 13210101010307; Remun.de Dep.Banc.de Rec.Vinc.SUS/Prog. Estrut.Rede Serv. de Atenção Básica; Receitas Correntes; Receita Patrimonial; Valores Mobiliários; Remuneração de Depósitos Bancários - Principal; Juros e Correções Monetárias; Remuneração de Depósitos Bancários; ; Juros e Correções Monetárias; Remuneração de Depósitos Bancários; Não se aplica; Remun.de Dep.Banc.de Rec.Vinc.SUS/Prog. Estrut.Rede Serv. de Atenção Básica; Arrecadações; FUNDO MUNICIPAL DE SAUDE; FUNDO MUNICIPAL DE SAUDE; FUNDO MUNICIPAL DE SAUDE; R$ 0,00; R$ 0,00; R$ 0,00; R$ 0,00; R$ 216,35; R$ 1.183,45; R$ 0,00; 0.0
 13210101010307; Remun.de Dep.Banc.de Rec.Vinc.SUS/Prog. Estrut.Rede Serv. de Atenção Básica; Receitas Correntes; Receita Patrimonial; Valores Mobiliários; Remuneração de Depósitos Bancários - Principal; Juros e Correções Monetárias; Remuneração de Depósitos Bancários; ; Juros e Correções Monetárias; Remuneração de Depósitos Bancários; Não se aplica; Remun.de Dep.Banc.de Rec.Vinc.SUS/Prog. Estrut.Rede Serv. de Atenção Básica; Arrecadações; FUNDO MUNICIPAL DE SAUDE; FUNDO MUNICIPAL DE SAUDE; FUNDO MUNICIPAL DE SAUDE; R$ 0,00; R$ 0,00; R$ 0,00; R$ 0,00; R$ 489,74; R$ 1.673,19; R$ 0,00; 0.0
 13210101010307; Remun.de Dep.Banc.de Rec.Vinc.SUS/Prog. Estrut.Rede Serv. de Atenção Básica; Receitas Correntes; Receita Patrimonial; Valores Mobiliários; Remuneração de Depósitos Bancários - Principal; Juros e Correções Monetárias; Remuneração de Depósitos Bancários; ; Juros e Correções Monetárias; Remuneração de Depósitos Bancários; Não se aplica; Remun.de Dep.Banc.de Rec.Vinc.SUS/Prog. Estrut.Rede Serv. de Atenção Básica; Arrecadações; FUNDO MUNICIPAL DE SAUDE; FUNDO MUNICIPAL DE SAUDE; FUNDO MUNICIPAL DE SAUDE; R$ 0,00; R$ 0,00; R$ 0,00; R$ 0,00; R$ 198,16; R$ 1.871,35; R$ 0,00; 0.0
 13210101010307; Remun.de Dep.Banc.de Rec.Vinc.SUS/Prog. Estrut.Rede Serv. de Atenção Básica; Receitas Correntes; Receita Patrimonial; Valores Mobiliários; Remuneração de Depósitos Bancários - Principal; Juros e Correções Monetárias; Remuneração de Depósitos Bancários; ; Juros e Correções Monetárias; Remuneração de Depósitos Bancários; Não se aplica; Remun.de Dep.Banc.de Rec.Vinc.SUS/Prog. Estrut.Rede Serv. de Atenção Básica; Arrecadações; FUNDO MUNICIPAL DE SAUDE; FUNDO MUNICIPAL DE SAUDE; FUNDO MUNICIPAL DE SAUDE; R$ 0,00; R$ 0,00; R$ 0,00; R$ 0,00; R$ 165,30; R$ 2.036,65; R$ 0,00; 0.0
 13210101010307; Remun.de Dep.Banc.de Rec.Vinc.SUS/Prog. Estrut.Rede Serv. de Atenção Básica; Receitas Correntes; Receita Patrimonial; Valores Mobiliários; Remuneração de Depósitos Bancários - Principal; Juros e Correções Monetárias; Remuneração de Depósitos Bancários; ; Juros e Correções Monetárias; Remuneração de Depósitos Bancários; Não se aplica; Remun.de Dep.Banc.de Rec.Vinc.SUS/Prog. Estrut.Rede Serv. de Atenção Básica; Arrecadações; FUNDO MUNICIPAL DE SAUDE; FUNDO MUNICIPAL DE SAUDE; FUNDO MUNICIPAL DE SAUDE; R$ 0,00; R$ 0,00; R$ 0,00; R$ 0,00; R$ 106,35; R$ 2.143,00; R$ 0,00; 0.0
