rel_entidade;tipo;natureza;identificacao;descricao;data_aquisicao;rel_orgao;situacao;valor_atual;tipo_aquisicao
 CAMARA MUNICIPAL DE BALNEARIO GAIVOTA; MOVEIS; Cod.: 557 - Molduras;351; PLACA EM AÇO INXO 23X31 CM FOTO COLORIDA COM ACABAMENTO EM VELUDO MOLDURA EM ALUMINIO DO PRESIDENTE LEGISLATURA 2025/2026; 16/05/2025; PLENARIO; Em uso;R$ 459,00; Compra
 CAMARA MUNICIPAL DE BALNEARIO GAIVOTA; MOVEIS; Cod.: 557 - Molduras;352; PLACA EM AÇO INXO 50X40 CM FOTO COLORIDA COM ACABAMENTO EM VELUDO MOLDURA EM ALUMINIO DA LEGISLATURA 2025/2028 DE VEREADORES PREFEITO E VICE PREFEITO; 16/05/2025; RECEPÇÃO; Em uso;R$ 1.320,00; Compra
 CAMARA MUNICIPAL DE BALNEARIO GAIVOTA; MOVEIS; Cod.: 3 - INFORMATICA;350; notebook acer a515 core I5 intel 16gb cor cinza; 13/02/2025; SECRETARIA GERAL; Em uso;R$ 4.990,00; Compra
 CAMARA MUNICIPAL DE BALNEARIO GAIVOTA; MOVEIS; Cod.: 619 - Ar condicionado;349; AR CONDIONADO  18.000 BTU INVERTE MARCA GREEM; 06/02/2025; PLENARIO; Em uso;R$ 4.305,00; Compra
 CAMARA MUNICIPAL DE BALNEARIO GAIVOTA; MOVEIS; Cod.: 619 - Ar condicionado;348; AR CONDICIONADO 24.000 BTU MARCA TCL  INVERT; 06/02/2025; PLENARIO; Em uso;R$ 4.799,00; Compra
 CAMARA MUNICIPAL DE BALNEARIO GAIVOTA; MOVEIS; MAQUINAS E EQUIPAMENTOS  GRAFICOS;347; IMPRESSORA MULTIFUNCIONAL EPSON ECOTANK L5590; 05/02/2025; SECRETARIA GERAL; Em uso;R$ 1.819,09; Compra
 CAMARA MUNICIPAL DE BALNEARIO GAIVOTA; MOVEIS; Cod.: 3 - INFORMATICA;345; NOTEBOOK ACER A515 INTEL CORE i5 16GB SSD 1TB 15 POLEGADAS COR CINZA WINDWS 11; 30/01/2025; PRESIDÊNCIA; Em uso;R$ 4.990,00; Compra
 CAMARA MUNICIPAL DE BALNEARIO GAIVOTA; MOVEIS; Cod.: 3 - INFORMATICA;344; NOTEBOOK ACER A515 INTEL CORE i5 16GB SSD 1TB 15 POLEGADAS COR CINZA WINDWS 11; 30/01/2025; TESOURARIA/CONTABILIDADE; Em uso;R$ 4.990,00; Compra
 CAMARA MUNICIPAL DE BALNEARIO GAIVOTA; MOVEIS; MAQUINAS E EQUIPAMENTOS  GRAFICOS;346; IMPRESSORA MULTI FUNCIONAL  JATO DE TINTA MARCA EPSON ECOTANK L5590; 29/01/2025; PRESIDÊNCIA; Em uso;R$ 1.799,10; Compra
 CAMARA MUNICIPAL DE BALNEARIO GAIVOTA; MOVEIS; Cod.: 1 - CADEIRA;342; CADEIRA GIRATÓRIA DIRETOR COM BRAÇO E TECIDO POLIÉSTER NYLON COR PRETA; 18/12/2024; PLENARIO; Em uso;R$ 699,00; Compra
 CAMARA MUNICIPAL DE BALNEARIO GAIVOTA; MOVEIS; Cod.: 1 - CADEIRA;343; CADEIRA PRESIDENTE COM BRAÇO TECIDO POLIÉSTER COR PRETO; 18/12/2024; PLENARIO; Em uso;R$ 789,00; Compra
 CAMARA MUNICIPAL DE BALNEARIO GAIVOTA; MOVEIS; Cod.: 1 - CADEIRA;333; CADEIRA GIRATÓRIA DIRETOR COM BRAÇO E TECIDO POLIÉSTER NYLON COR PRETA; 18/12/2024; PLENARIO; Em uso;R$ 699,00; Compra
 CAMARA MUNICIPAL DE BALNEARIO GAIVOTA; MOVEIS; Cod.: 1 - CADEIRA;338; CADEIRA GIRATÓRIA DIRETOR COM BRAÇO E TECIDO POLIÉSTER NYLON COR PRETA; 18/12/2024; PLENARIO; Em uso;R$ 699,00; Compra
 CAMARA MUNICIPAL DE BALNEARIO GAIVOTA; MOVEIS; Cod.: 1 - CADEIRA;336; CADEIRA GIRATÓRIA DIRETOR COM BRAÇO E TECIDO POLIÉSTER NYLON COR PRETA; 18/12/2024; PLENARIO; Em uso;R$ 699,00; Compra
 CAMARA MUNICIPAL DE BALNEARIO GAIVOTA; MOVEIS; Cod.: 1 - CADEIRA;334; CADEIRA GIRATÓRIA DIRETOR COM BRAÇO E TECIDO POLIÉSTER NYLON COR PRETA; 18/12/2024; PLENARIO; Em uso;R$ 699,00; Compra
 CAMARA MUNICIPAL DE BALNEARIO GAIVOTA; MOVEIS; Cod.: 1 - CADEIRA;337; CADEIRA GIRATÓRIA DIRETOR COM BRAÇO E TECIDO POLIÉSTER NYLON COR PRETA; 18/12/2024; PLENARIO; Em uso;R$ 699,00; Compra
 CAMARA MUNICIPAL DE BALNEARIO GAIVOTA; MOVEIS; Cod.: 1 - CADEIRA;331; CADEIRA GIRATÓRIA DIRETOR COM BRAÇO E TECIDO POLIÉSTER NYLON COR PRETA; 18/12/2024; PLENARIO; Em uso;R$ 699,00; Compra
 CAMARA MUNICIPAL DE BALNEARIO GAIVOTA; MOVEIS; Cod.: 1 - CADEIRA;332; CADEIRA GIRATÓRIA DIRETOR COM BRAÇO E TECIDO POLIÉSTER NYLON COR PRETA; 18/12/2024; PLENARIO; Em uso;R$ 699,00; Compra
 CAMARA MUNICIPAL DE BALNEARIO GAIVOTA; MOVEIS; Cod.: 1 - CADEIRA;335; CADEIRA GIRATÓRIA DIRETOR COM BRAÇO E TECIDO POLIÉSTER NYLON COR PRETA; 18/12/2024; PLENARIO; Em uso;R$ 699,00; Compra
 CAMARA MUNICIPAL DE BALNEARIO GAIVOTA; MOVEIS; Cod.: 1 - CADEIRA;339; CADEIRA GIRATÓRIA DIRETOR COM BRAÇO E TECIDO POLIÉSTER NYLON COR PRETA; 18/12/2024; PLENARIO; Em uso;R$ 699,00; Compra
 CAMARA MUNICIPAL DE BALNEARIO GAIVOTA; MOVEIS; Cod.: 1 - CADEIRA;340; CADEIRA GIRATÓRIA DIRETOR COM BRAÇO E TECIDO POLIÉSTER NYLON COR PRETA; 18/12/2024; PLENARIO; Em uso;R$ 699,00; Compra
 CAMARA MUNICIPAL DE BALNEARIO GAIVOTA; MOVEIS; Cod.: 1 - CADEIRA;341; CADEIRA GIRATÓRIA DIRETOR COM BRAÇO E TECIDO POLIÉSTER NYLON COR PRETA; 18/12/2024; PLENARIO; Em uso;R$ 699,00; Compra
 CAMARA MUNICIPAL DE BALNEARIO GAIVOTA; MOVEIS; Cod.: 619 - Ar condicionado;330; AR CONDICIONADO DE 9.000 BTU QUENTE FRIO COR BRANCO MARCA GREE; 26/07/2024; PRESIDÊNCIA; Em uso;R$ 2.361,00; Compra
 CAMARA MUNICIPAL DE BALNEARIO GAIVOTA; MOVEIS; Cod.: 4 - MESAS;328; MESA RETA 25MM PAINEL 1200X600 COM DUAS GAVETAS COR MORRAM; 29/02/2024; PRESIDÊNCIA; Em uso;R$ 610,00; Compra
 CAMARA MUNICIPAL DE BALNEARIO GAIVOTA; MOVEIS; Cod.: 557 - Molduras;326; FOTO PRESIDENTE EXERCÍCIO 2023; 27/02/2024; PLENARIO; Em uso;R$ 445,00; Compra
 CAMARA MUNICIPAL DE BALNEARIO GAIVOTA; MOVEIS; Cod.: 557 - Molduras;327; FOTO PRESIDENTE EXERCÍCIO 2023; 27/02/2024; PLENARIO; Em uso;R$ 445,00; Compra
 CAMARA MUNICIPAL DE BALNEARIO GAIVOTA; MOVEIS; Cod.: 619 - Ar condicionado;329; AR CONDICIONADO 9.000 BTUS  MARCA GREE; 31/01/2024; SECRETARIA GERAL; Em uso;R$ 2.729,00; Compra
 CAMARA MUNICIPAL DE BALNEARIO GAIVOTA; MOVEIS; Cod.: 387 - Computador;323; NOTBOOK 11.6 POLEGADAS COR CINZA MARCA POSITIVO DUO CORE; 07/08/2023; CAMARA MUNICIPAL DE VEREADORES; Em uso;R$ 1.319,55; Compra
 CAMARA MUNICIPAL DE BALNEARIO GAIVOTA; MOVEIS; Cod.: 387 - Computador;324; NOTBOOK 11.6 POLEGADAS COR CINZA MARCA POSITIVO DUO CORE; 07/08/2023; CAMARA MUNICIPAL DE VEREADORES; Em uso;R$ 1.319,55; Compra
 CAMARA MUNICIPAL DE BALNEARIO GAIVOTA; MOVEIS; Cod.: 387 - Computador;325; NOTBOOK 11.6 POLEGADAS COR CINZA MARCA POSITIVO DUO CORE; 07/08/2023; CAMARA MUNICIPAL DE VEREADORES; Em uso;R$ 1.319,55; Compra
 CAMARA MUNICIPAL DE BALNEARIO GAIVOTA; MOVEIS; Cod.: 387 - Computador;322; NOTBOOK 11.6 POLEGADAS COR CINZA MARCA POSITIVO DUO CORE; 07/08/2023; CAMARA MUNICIPAL DE VEREADORES; Em uso;R$ 1.319,55; Compra
 CAMARA MUNICIPAL DE BALNEARIO GAIVOTA; MOVEIS; Cod.: 2 - ELETRONICOS;321; CAIXA DE SOM PRETA; 10/07/2023; CAMARA MUNICIPAL DE VEREADORES; Em uso;R$ 1.299,00; Compra
 PREFEITURA MUNICIPAL DE BALNEÁRIO GAIVOTA; Móveis de Natureza Industrial; ASPIRADOR DE PO;10199; ASPIRADOR ELETROLUX GT 300 PROFIS; 19/05/2023; CORPOS DE BOMBEIRO; Ativo;R$ 430,00; Compra Normal
 PREFEITURA MUNICIPAL DE BALNEÁRIO GAIVOTA; Móveis; ROÇADEIRA;10200; roçadeira fs 220 dm 300-3 stihl; 19/05/2023; CONSERVAÇÃO E LIMPEZA DE VIAS E LOGADOUR; Ativo;R$ 3.099,00; Compra Normal
 PREFEITURA MUNICIPAL DE BALNEÁRIO GAIVOTA; Móveis; LIXADEIRA;10201; LIXADEIRA ORBITAL 200W WORKER; 19/05/2023; MANUTENÇÃO DA SECRETARIA DE EDUCAÇÃO; Ativo;R$ 399,00; Compra Normal
 PREFEITURA MUNICIPAL DE BALNEÁRIO GAIVOTA; Móveis; CELULAR;10202; CELULAR XIAOMI REDMI 10C 4/128GB; 19/05/2023; MANUTENÇÃO DA SECRETARIA DE OBRAS E SERV; Ativo;R$ 1.097,00; Compra Normal
 PREFEITURA MUNICIPAL DE BALNEÁRIO GAIVOTA; Móveis; Balanças;10203; BALANÇA BALMAK ONE ELCO15B (BAT) DIG COMP 15KG; 19/05/2023; PROGRAMA DE ATENDIMENTO INTEGRAL À FAMILIA; Ativo;R$ 579,95; Compra Normal
 PREFEITURA MUNICIPAL DE BALNEÁRIO GAIVOTA; Móveis; MOBILIÁRIO EM GERAL;10204; MOVEIS SOB MEDIDA; 19/05/2023; CORPOS DE BOMBEIRO; Ativo;R$ 7.000,00; Compra Normal
 PREFEITURA MUNICIPAL DE BALNEÁRIO GAIVOTA; Móveis; MOBILIÁRIO EM GERAL;10205; COZINHA COMPACTA MODERNA 9P 1G ALMENDRA VOL3; 19/05/2023; PROTEÇÃO SOCIAL BASICA; Ativo;R$ 1.099,00; Compra Normal
 PREFEITURA MUNICIPAL DE BALNEÁRIO GAIVOTA; Móveis; MOBILIÁRIO EM GERAL;10206; INDEKES: BRASIL BALCAO PIA 160 POP 6115-11 BRA; 19/05/2023; PROTEÇÃO SOCIAL BASICA; Ativo;R$ 459,00; Compra Normal
 PREFEITURA MUNICIPAL DE BALNEÁRIO GAIVOTA; Móveis; MOBILIÁRIO EM GERAL;10207; INOXSUL: PIA 160/53 DUPLA 55446 STANDARD; 19/05/2023; PROTEÇÃO SOCIAL BASICA; Ativo;R$ 499,00; Compra Normal
 PREFEITURA MUNICIPAL DE BALNEÁRIO GAIVOTA; Móveis; MOBILIÁRIO EM GERAL;10208; CADEIRA PRS. GIR. PLUS GOMADA C/AM CROM. C/B CROM. C PT; 19/05/2023; MANUTENÇÃO DA SECRETARIA DE ADMINISTRAÇÃ; Ativo;R$ 1.000,00; Compra Normal
 PREFEITURA MUNICIPAL DE BALNEÁRIO GAIVOTA; Móveis; MOBILIÁRIO EM GERAL;10209; CADEIRA PRE. GIR. PLUS GOMADA C/AM CROM. C/B CROM. C. PT; 19/05/2023; MANUTENÇÃO DA SECRETARIA DE ADMINISTRAÇÃ; Ativo;R$ 1.000,00; Compra Normal
 PREFEITURA MUNICIPAL DE BALNEÁRIO GAIVOTA; Móveis; MOBILIÁRIO EM GERAL;10210; CADEIRA PRES. GIR. PLUS GOMADA C/AM CROM. C/B CROM. C. PT; 19/05/2023; MANUTENÇÃO DA SECRETARIA DE ADMINISTRAÇÃ; Ativo;R$ 1.000,00; Compra Normal
 PREFEITURA MUNICIPAL DE BALNEÁRIO GAIVOTA; Móveis; CELULAR;10211; CELULAR XIAOMI REDMI 10C 4/12GB; 19/05/2023; FUNDO MUNICIPAL DE SAUDE; Ativo;R$ 1.097,00; Compra Normal
 PREFEITURA MUNICIPAL DE BALNEÁRIO GAIVOTA; Móveis; EQUIPAMENTOS MÉDICOS;10212; CANETA DE ALTA ROTAÇÃO ODONTOLOGICA; 19/05/2023; FUNDO MUNICIPAL DE SAUDE; Ativo;R$ 857,23; Compra Normal
 PREFEITURA MUNICIPAL DE BALNEÁRIO GAIVOTA; Móveis; CAIXA TERMICA;10213; CAIXA TERMICA DE POLIURETANO 56L C/RODIZIO; 19/05/2023; FUNDO MUNICIPAL DE SAUDE; Ativo;R$ 1.248,00; Compra Normal
 PREFEITURA MUNICIPAL DE BALNEÁRIO GAIVOTA; Móveis; IMPRESSORA;10214; MULTIFUNCIONAL HP LASERJET PRO M428; 19/05/2023; MANUTENÇÃO DA SECRETARIA DE ADMINISTRAÇÃ; Ativo;R$ 4.990,00; Compra Normal
 PREFEITURA MUNICIPAL DE BALNEÁRIO GAIVOTA; Móveis; FOGÃO A GÁS;10215; FOGAO VENACIO 6B 3D 30 P-5 EXTRA E6D3 VENACIO; 19/05/2023; MANUTENÇÃO DA SECRETARIA DE EDUCAÇÃO; Ativo;R$ 2.040,00; Compra Normal
 PREFEITURA MUNICIPAL DE BALNEÁRIO GAIVOTA; Móveis; FORNO ELETRICO;10216; FORNO VENANCIO FIE 60 P/FOGAO 30X30 VENANCIO; 19/05/2023; MANUTENÇÃO DA SECRETARIA DE EDUCAÇÃO; Ativo;R$ 867,00; Compra Normal
 PREFEITURA MUNICIPAL DE BALNEÁRIO GAIVOTA; Móveis; CADEIRA;10217; CADEIRA DIRET FIXA TRAPEZIO C/B COR C/PRANC LD. C/AM C/C T.; 19/05/2023; MANUTENÇÃO DA SECRETARIA DE EDUCAÇÃO; Ativo;R$ 490,00; Compra Normal
 PREFEITURA MUNICIPAL DE BALNEÁRIO GAIVOTA; Móveis; CADEIRA;10218; CADEIRA DIRET. FIXA TRAPEZIO C/B COR. C/PRANC LD C/AM C/C T.; 19/05/2023; MANUTENÇÃO DA SECRETARIA DE EDUCAÇÃO; Ativo;R$ 490,00; Compra Normal
 PREFEITURA MUNICIPAL DE BALNEÁRIO GAIVOTA; Móveis; CADEIRA;10219; CADEIRA AIRET. FIXA TRAPEZIO; 19/05/2023; MANUTENÇÃO DA SECRETARIA DE EDUCAÇÃO; Ativo;R$ 490,00; Compra Normal
 PREFEITURA MUNICIPAL DE BALNEÁRIO GAIVOTA; Móveis; CADEIRA;10220; CADEIRA DIRET. FIXA TRAPEZIO; 19/05/2023; MANUTENÇÃO DA SECRETARIA DE EDUCAÇÃO; Ativo;R$ 490,00; Compra Normal
 PREFEITURA MUNICIPAL DE BALNEÁRIO GAIVOTA; Móveis; CADEIRA;10221; CADEIRA DIRET FIXA TRAPEZIO; 19/05/2023; MANUTENÇÃO DA SECRETARIA DE EDUCAÇÃO; Ativo;R$ 490,00; Compra Normal
 PREFEITURA MUNICIPAL DE BALNEÁRIO GAIVOTA; Móveis; CADEIRA;10222; CADEIRA DIRET. FIXA TRAPEXIO; 19/05/2023; MANUTENÇÃO DA SECRETARIA DE EDUCAÇÃO; Ativo;R$ 490,00; Compra Normal
 PREFEITURA MUNICIPAL DE BALNEÁRIO GAIVOTA; Móveis; CADEIRA;10223; CADEIRA DIRET. FIXA TRAPEZIO; 19/05/2023; MANUTENÇÃO DA SECRETARIA DE EDUCAÇÃO; Ativo;R$ 490,00; Compra Normal
 PREFEITURA MUNICIPAL DE BALNEÁRIO GAIVOTA; Móveis; CADEIRA;10224; CADEIRA DIRET. FIXA TRAPEZIO; 19/05/2023; MANUTENÇÃO DA SECRETARIA DE EDUCAÇÃO; Ativo;R$ 490,00; Compra Normal
 PREFEITURA MUNICIPAL DE BALNEÁRIO GAIVOTA; Móveis; CADEIRA;10225; CADEIRA DIRET. FIXA TRAPEZIO; 19/05/2023; MANUTENÇÃO DA SECRETARIA DE EDUCAÇÃO; Ativo;R$ 490,00; Compra Normal
 PREFEITURA MUNICIPAL DE BALNEÁRIO GAIVOTA; Móveis; CADEIRA;10226; CADEIRA DIRET. FIXA TRAPEZIO; 19/05/2023; MANUTENÇÃO DA SECRETARIA DE EDUCAÇÃO; Ativo;R$ 490,00; Compra Normal
 PREFEITURA MUNICIPAL DE BALNEÁRIO GAIVOTA; Móveis; CADEIRA;10227; CADEIRA DIRET. FIXA TRAPEZIO; 19/05/2023; MANUTENÇÃO DA SECRETARIA DE EDUCAÇÃO; Ativo;R$ 490,00; Compra Normal
 PREFEITURA MUNICIPAL DE BALNEÁRIO GAIVOTA; Móveis; CADEIRA;10228; CADEIRA DIRET. FIXA TRAPEZIO; 19/05/2023; MANUTENÇÃO DA SECRETARIA DE EDUCAÇÃO; Ativo;R$ 490,00; Compra Normal
 PREFEITURA MUNICIPAL DE BALNEÁRIO GAIVOTA; Móveis; CADEIRA;10229; CADEIRA DIRET. FIXA TRAPEZIO; 19/05/2023; MANUTENÇÃO DA SECRETARIA DE EDUCAÇÃO; Ativo;R$ 490,00; Compra Normal
 PREFEITURA MUNICIPAL DE BALNEÁRIO GAIVOTA; Móveis; CADEIRA;10230; CADEIRA DIRET. FIXA TRAPEZIO; 19/05/2023; MANUTENÇÃO DA SECRETARIA DE EDUCAÇÃO; Ativo;R$ 490,00; Compra Normal
 PREFEITURA MUNICIPAL DE BALNEÁRIO GAIVOTA; Móveis; CADEIRA;10231; CADEIRA DIRET. FIXA TRAPEZIO; 19/05/2023; MANUTENÇÃO DA SECRETARIA DE EDUCAÇÃO; Ativo;R$ 490,00; Compra Normal
 PREFEITURA MUNICIPAL DE BALNEÁRIO GAIVOTA; Móveis; CADEIRA;10232; CADEIRA DIRET. FIXA TRAPEZIO; 19/05/2023; MANUTENÇÃO DA SECRETARIA DE EDUCAÇÃO; Ativo;R$ 490,00; Compra Normal
 PREFEITURA MUNICIPAL DE BALNEÁRIO GAIVOTA; Móveis; CADEIRA;10233; CADEIRA DIRET. FIXA TRAPEZIO; 19/05/2023; MANUTENÇÃO DA SECRETARIA DE EDUCAÇÃO; Ativo;R$ 490,00; Compra Normal
 PREFEITURA MUNICIPAL DE BALNEÁRIO GAIVOTA; Móveis; CADEIRA;10234; CADEIRA DIRET. FIXA TRAPEZIO; 19/05/2023; MANUTENÇÃO DA SECRETARIA DE EDUCAÇÃO; Ativo;R$ 490,00; Compra Normal
 PREFEITURA MUNICIPAL DE BALNEÁRIO GAIVOTA; Móveis; CADEIRA;10235; CADEIRA DIRET. FIXA TRAPEZIO; 19/05/2023; MANUTENÇÃO DA SECRETARIA DE EDUCAÇÃO; Ativo;R$ 490,00; Compra Normal
 PREFEITURA MUNICIPAL DE BALNEÁRIO GAIVOTA; Móveis; CADEIRA;10236; CADEIRA DIRET. FIXA TRAPEZIO; 19/05/2023; MANUTENÇÃO DA SECRETARIA DE EDUCAÇÃO; Ativo;R$ 490,00; Compra Normal
 PREFEITURA MUNICIPAL DE BALNEÁRIO GAIVOTA; Móveis; CADEIRA;10237; CADEIRA DIRET. FIXA TRAPEZIO; 19/05/2023; MANUTENÇÃO DA SECRETARIA DE EDUCAÇÃO; Ativo;R$ 490,00; Compra Normal
 PREFEITURA MUNICIPAL DE BALNEÁRIO GAIVOTA; Móveis; CADEIRA;10238; CADEIRA DIRET. FIXA TRAPEZIO; 19/05/2023; MANUTENÇÃO DA SECRETARIA DE EDUCAÇÃO; Ativo;R$ 490,00; Compra Normal
 PREFEITURA MUNICIPAL DE BALNEÁRIO GAIVOTA; Móveis; CADEIRA;10239; CADEIRA DIRET. FIXA TRAPEZIO; 19/05/2023; MANUTENÇÃO DA SECRETARIA DE EDUCAÇÃO; Ativo;R$ 490,00; Compra Normal
 PREFEITURA MUNICIPAL DE BALNEÁRIO GAIVOTA; Móveis; CADEIRA;10240; CADEIRA DIRET. FIXA TRAPEZIO; 19/05/2023; MANUTENÇÃO DA SECRETARIA DE EDUCAÇÃO; Ativo;R$ 490,00; Compra Normal
 PREFEITURA MUNICIPAL DE BALNEÁRIO GAIVOTA; Móveis; CADEIRA;10241; CADEIRA DIRET. FIXA TRAPEZIO; 19/05/2023; MANUTENÇÃO DA SECRETARIA DE EDUCAÇÃO; Ativo;R$ 490,00; Compra Normal
 PREFEITURA MUNICIPAL DE BALNEÁRIO GAIVOTA; Móveis; CADEIRA;10242; CADEIRA DIRET. FIXA TRAPEZIO; 19/05/2023; MANUTENÇÃO DA SECRETARIA DE EDUCAÇÃO; Ativo;R$ 490,00; Compra Normal
 PREFEITURA MUNICIPAL DE BALNEÁRIO GAIVOTA; Móveis; CADEIRA;10243; CADEIRA DIRET. FIXA TRAPEZIO; 19/05/2023; MANUTENÇÃO DA SECRETARIA DE EDUCAÇÃO; Ativo;R$ 490,00; Compra Normal
 PREFEITURA MUNICIPAL DE BALNEÁRIO GAIVOTA; Móveis; CADEIRA;10244; CADEIRA DIRET. FIXA TRAPEZIO; 19/05/2023; MANUTENÇÃO DA SECRETARIA DE EDUCAÇÃO; Ativo;R$ 490,00; Compra Normal
 PREFEITURA MUNICIPAL DE BALNEÁRIO GAIVOTA; Móveis; CADEIRA;10245; CADEIRA DIRET. FIXA TRAPEZIO; 19/05/2023; MANUTENÇÃO DA SECRETARIA DE EDUCAÇÃO; Ativo;R$ 490,00; Compra Normal
 PREFEITURA MUNICIPAL DE BALNEÁRIO GAIVOTA; Móveis; CADEIRA;10246; CADEIRA DIRET. FIXA TRAPEZIO; 19/05/2023; MANUTENÇÃO DA SECRETARIA DE EDUCAÇÃO; Ativo;R$ 490,00; Compra Normal
 PREFEITURA MUNICIPAL DE BALNEÁRIO GAIVOTA; Móveis; CADEIRA;10247; CADEIRA DIRET. FIXA TRAPEZIO; 19/05/2023; MANUTENÇÃO DA SECRETARIA DE EDUCAÇÃO; Ativo;R$ 490,00; Compra Normal
 PREFEITURA MUNICIPAL DE BALNEÁRIO GAIVOTA; Móveis; CADEIRA;10248; CADEIRA DIRET. FIXA TRAPEZIO; 19/05/2023; MANUTENÇÃO DA SECRETARIA DE EDUCAÇÃO; Ativo;R$ 490,00; Compra Normal
 PREFEITURA MUNICIPAL DE BALNEÁRIO GAIVOTA; Móveis; CADEIRA;10249; CADEIRA DIRET. FIXO TRAPEZIO; 19/05/2023; MANUTENÇÃO DA SECRETARIA DE EDUCAÇÃO; Ativo;R$ 490,00; Compra Normal
 PREFEITURA MUNICIPAL DE BALNEÁRIO GAIVOTA; Móveis; CADEIRA;10250; CADEIRA DIRET. FIXO TRAPEZIO; 19/05/2023; MANUTENÇÃO DA SECRETARIA DE EDUCAÇÃO; Ativo;R$ 490,00; Compra Normal
 PREFEITURA MUNICIPAL DE BALNEÁRIO GAIVOTA; Móveis; CADEIRA;10251; CADEIRA DIRET. FIXO TRAPEZIO; 19/05/2023; MANUTENÇÃO DA SECRETARIA DE EDUCAÇÃO; Ativo;R$ 490,00; Compra Normal
 PREFEITURA MUNICIPAL DE BALNEÁRIO GAIVOTA; Móveis; CADEIRA;10252; CADEIRA DIRET. FIXO TRAPEZIO; 19/05/2023; MANUTENÇÃO DA SECRETARIA DE EDUCAÇÃO; Ativo;R$ 490,00; Compra Normal
 PREFEITURA MUNICIPAL DE BALNEÁRIO GAIVOTA; Móveis; CADEIRA;10253; CADEIRA DIRET. FIXO TRAPEZIO; 19/05/2023; MANUTENÇÃO DA SECRETARIA DE EDUCAÇÃO; Ativo;R$ 490,00; Compra Normal
 PREFEITURA MUNICIPAL DE BALNEÁRIO GAIVOTA; Móveis; CADEIRA;10254; CADEIRA DIRET. FIXO TRAPEZIO; 19/05/2023; MANUTENÇÃO DA SECRETARIA DE EDUCAÇÃO; Ativo;R$ 490,00; Compra Normal
 PREFEITURA MUNICIPAL DE BALNEÁRIO GAIVOTA; Móveis; CADEIRA;10255; CADEIRA DIRET. FIXO TRAPEZIO; 19/05/2023; MANUTENÇÃO DA SECRETARIA DE EDUCAÇÃO; Ativo;R$ 490,00; Compra Normal
 PREFEITURA MUNICIPAL DE BALNEÁRIO GAIVOTA; Móveis; CADEIRA;10256; CADEIRA DIRET. FIXO TRAPEZIO; 19/05/2023; MANUTENÇÃO DA SECRETARIA DE EDUCAÇÃO; Ativo;R$ 490,00; Compra Normal
 PREFEITURA MUNICIPAL DE BALNEÁRIO GAIVOTA; Móveis; CADEIRA;10257; CADEIRA DIRET. FIX TRAPEZIO; 19/05/2023; MANUTENÇÃO DA SECRETARIA DE EDUCAÇÃO; Ativo;R$ 490,00; Compra Normal
 PREFEITURA MUNICIPAL DE BALNEÁRIO GAIVOTA; Móveis; CADEIRA;10258; CADEIRA DIRET. FIXO TRAPEZIO; 19/05/2023; MANUTENÇÃO DA SECRETARIA DE EDUCAÇÃO; Ativo;R$ 490,00; Compra Normal
 PREFEITURA MUNICIPAL DE BALNEÁRIO GAIVOTA; Móveis; CADEIRA;10259; CADEIRA DIRET. FIXO TRAPEZIO; 19/05/2023; MANUTENÇÃO DA SECRETARIA DE EDUCAÇÃO; Ativo;R$ 490,00; Compra Normal
 PREFEITURA MUNICIPAL DE BALNEÁRIO GAIVOTA; Móveis; CADEIRA;10260; CADEIRA DIRET. FIXO TRAPEZIO; 19/05/2023; MANUTENÇÃO DA SECRETARIA DE EDUCAÇÃO; Ativo;R$ 490,00; Compra Normal
 PREFEITURA MUNICIPAL DE BALNEÁRIO GAIVOTA; Móveis; CADEIRA;10261; CADEIRA DIRET. FIXO TRAPEZIO; 19/05/2023; MANUTENÇÃO DA SECRETARIA DE EDUCAÇÃO; Ativo;R$ 490,00; Compra Normal
 PREFEITURA MUNICIPAL DE BALNEÁRIO GAIVOTA; Móveis; CADEIRA;10262; CADEIRA DIRET. FIXO TRAPEZIO; 19/05/2023; MANUTENÇÃO DA SECRETARIA DE EDUCAÇÃO; Ativo;R$ 490,00; Compra Normal
 PREFEITURA MUNICIPAL DE BALNEÁRIO GAIVOTA; Móveis; CADEIRA;10263; CADEIRA DIRET. FIXO TRAPEZIO; 19/05/2023; MANUTENÇÃO DA SECRETARIA DE EDUCAÇÃO; Ativo;R$ 490,00; Compra Normal
 PREFEITURA MUNICIPAL DE BALNEÁRIO GAIVOTA; Móveis; CADEIRA;10264; CADEIRA DIRET. FIXO TRAPEZIO; 19/05/2023; MANUTENÇÃO DA SECRETARIA DE EDUCAÇÃO; Ativo;R$ 490,00; Compra Normal
 PREFEITURA MUNICIPAL DE BALNEÁRIO GAIVOTA; Móveis; CADEIRA;10265; CADEIRA DIRET. FIXO TRAPEZIO; 19/05/2023; MANUTENÇÃO DA SECRETARIA DE EDUCAÇÃO; Ativo;R$ 490,00; Compra Normal
 PREFEITURA MUNICIPAL DE BALNEÁRIO GAIVOTA; Móveis; CADEIRA;10266; CADEIRA DIRET. FIXO TRAPEZIO; 19/05/2023; MANUTENÇÃO DA SECRETARIA DE EDUCAÇÃO; Ativo;R$ 490,00; Compra Normal
 PREFEITURA MUNICIPAL DE BALNEÁRIO GAIVOTA; Móveis; CADEIRA;10267; CADEIRA DIRET. FIXO TRAPEZIO; 19/05/2023; MANUTENÇÃO DA SECRETARIA DE EDUCAÇÃO; Ativo;R$ 490,00; Compra Normal
 PREFEITURA MUNICIPAL DE BALNEÁRIO GAIVOTA; Móveis; EQUIPAMENTOS DOMÉSTICOS;10268; CONDICIONADOR DE AR SPLIT INVERTER NEO TOP ICST9QF; 19/05/2023; FUNDO MUNICIPAL DE SAUDE; Ativo;R$ 1.722,90; Compra Normal
 PREFEITURA MUNICIPAL DE BALNEÁRIO GAIVOTA; Móveis; EQUIPAMENTOS DOMÉSTICOS;10269; CONDICIONADOR DE AR SPLIT INVERTER NEO TOP; 19/05/2023; FUNDO MUNICIPAL DE SAUDE; Ativo;R$ 1.722,90; Compra Normal
 PREFEITURA MUNICIPAL DE BALNEÁRIO GAIVOTA; Móveis; EQUIPAMENTOS DOMÉSTICOS;10270; CONDICIONADOR DE AR SPLIT INVERTER NEO TOP; 19/05/2023; FUNDO MUNICIPAL DE SAUDE; Ativo;R$ 1.722,90; Compra Normal
 PREFEITURA MUNICIPAL DE BALNEÁRIO GAIVOTA; Móveis; EQUIPAMENTOS DOMÉSTICOS;10271; CONDICIONDOR DE AR SPLIT INVERTER NEO TOP; 19/05/2023; FUNDO MUNICIPAL DE SAUDE; Ativo;R$ 1.722,90; Compra Normal
 PREFEITURA MUNICIPAL DE BALNEÁRIO GAIVOTA; Móveis; EQUIPAMENTOS DOMÉSTICOS;10272; CONDICIONADOR AR SPLIT INVERTER NEO TOP; 19/05/2023; FUNDO MUNICIPAL DE SAUDE; Ativo;R$ 1.722,90; Compra Normal
 PREFEITURA MUNICIPAL DE BALNEÁRIO GAIVOTA; Móveis; EQUIPAMENTOS DOMÉSTICOS;10273; CONDICIONADOR DE AR SPLIT INVERTER NEO TOP; 19/05/2023; FUNDO MUNICIPAL DE SAUDE; Ativo;R$ 1.722,90; Compra Normal
 PREFEITURA MUNICIPAL DE BALNEÁRIO GAIVOTA; Móveis; EQUIPAMENTOS DOMÉSTICOS;10274; CONDICIONADOR DE AR SPLIT INVERTER NEO TOP; 19/05/2023; FUNDO MUNICIPAL DE SAUDE; Ativo;R$ 1.722,90; Compra Normal
 PREFEITURA MUNICIPAL DE BALNEÁRIO GAIVOTA; Móveis; IMPRESSORA;10275; MULTIFUNCIONAL EPSON ECOTANK 13250; 19/05/2023; MANUTENÇÃO DA SECRETARIA DE EDUCAÇÃO; Ativo;R$ 1.499,00; Compra Normal
 CÂMARA MUNICIPAL BALNEÁRIO GAIVOTA; MOVEIS; Cod.: 362 - Microfone;311; MICROFONE SUPERLUX PRA 518-AL PRETO; 10/04/2023; CAMARA MUNICIPAL DE VEREADORES; Em uso;R$ 505,29; Compra
 CÂMARA MUNICIPAL BALNEÁRIO GAIVOTA; MOVEIS; Cod.: 362 - Microfone;310; MICROFONE SUPERLUX PRA 518-AL PRETO; 10/04/2023; CAMARA MUNICIPAL DE VEREADORES; Em uso;R$ 505,29; Compra
 CÂMARA MUNICIPAL BALNEÁRIO GAIVOTA; MOVEIS; Cod.: 362 - Microfone;312; MICROFONE SUPERLUX PRA 518-AL PRETO; 10/04/2023; CAMARA MUNICIPAL DE VEREADORES; Em uso;R$ 505,28; Compra
 CÂMARA MUNICIPAL BALNEÁRIO GAIVOTA; MOVEIS; Cod.: 362 - Microfone;314; MICROFONE SUPERLUX PRA 518-AL PRETO; 10/04/2023; CAMARA MUNICIPAL DE VEREADORES; Em uso;R$ 505,28; Compra
 CÂMARA MUNICIPAL BALNEÁRIO GAIVOTA; MOVEIS; Cod.: 362 - Microfone;313; MICROFONE SUPERLUX PRA 518-AL PRETO; 10/04/2023; CAMARA MUNICIPAL DE VEREADORES; Em uso;R$ 505,28; Compra
 CAMARA MUNICIPAL DE BALNEARIO GAIVOTA; MOVEIS; Cod.: 362 - Microfone;308; MICROFONE SUPERLUX PRA 518-AL PRETO; 10/04/2023; CAMARA MUNICIPAL DE VEREADORES; Em uso;R$ 505,29; Compra
 CAMARA MUNICIPAL DE BALNEARIO GAIVOTA; MOVEIS; Cod.: 362 - Microfone;309; MICROFONE SUPERLUX PRA 518-AL PRETO; 10/04/2023; CAMARA MUNICIPAL DE VEREADORES; Em uso;R$ 505,29; Compra
 CÂMARA MUNICIPAL BALNEÁRIO GAIVOTA; MOVEIS; Cod.: 2 - ELETRONICOS;306; TV MARCA TCL 32 POLAGADAS SMART TV WIFI; 16/03/2023; CAMARA MUNICIPAL DE VEREADORES; Em uso;R$ 1.678,00; Compra
 PREFEITURA MUNICIPAL DE BALNEÁRIO GAIVOTA; Móveis; TABLET; -; TABLET SAMSUNG A7; 26/12/2022; FUNDO MUNICIPAL DE SAUDE; Ativo;R$ 1.425,00; Compra Normal
 PREFEITURA MUNICIPAL DE BALNEÁRIO GAIVOTA; Móveis; MICROONDAS; -; MICROONDAS ELECTROLUX BRANCO; 19/12/2022; MANUTENÇÃO DA SECRETARIA DE EDUCAÇÃO; Ativo;R$ 783,00; Compra Normal
 PREFEITURA MUNICIPAL DE BALNEÁRIO GAIVOTA; Móveis; Ar Condicionado; -; AR CONDICIONADO 9.000 BTU'S AGRATTO; 19/12/2022; MANUTENÇÃO DA SECRETARIA DE ADMINISTRAÇÃ; Ativo;R$ 1.770,00; Compra Normal
 PREFEITURA MUNICIPAL DE BALNEÁRIO GAIVOTA; Móveis; FOGÃO A GÁS; -; FOGÃO INDUSTRIAL COM TAMPA INOX; 19/12/2022; MANUTENÇÃO DA SECRETARIA DE EDUCAÇÃO; Ativo;R$ 627,00; Compra Normal
 PREFEITURA MUNICIPAL DE BALNEÁRIO GAIVOTA; Móveis; FOGÃO A GÁS; -; FOGÃO INDUSTRIAL; 19/12/2022; MANUTENÇÃO DA SECRETARIA DE EDUCAÇÃO; Ativo;R$ 1.120,00; Compra Normal
 CÂMARA MUNICIPAL BALNEÁRIO GAIVOTA; MOVEIS; Cod.: 619 - Ar condicionado;305; UM AR  CONDICIONADO QUENTE/FRIO 12.000 BTU COR BRANCO MARCA GREEE; 19/12/2022; CAMARA MUNICIPAL DE VEREADORES; Em uso;R$ 2.017,50; Compra
 CÂMARA MUNICIPAL BALNEÁRIO GAIVOTA; MOVEIS; Cod.: 619 - Ar condicionado;304; UM AR  CONDICIONADO QUENTE/FRIO 12.000 BTU COR BRANCO MARCA GREEE; 19/12/2022; CAMARA MUNICIPAL DE VEREADORES; Em uso;R$ 2.017,50; Compra
 PREFEITURA MUNICIPAL DE BALNEÁRIO GAIVOTA; Móveis; CUBA DE INOX; -; CUBA EM INOX 50X45; 16/12/2022; MANUTENÇÃO DA SECRETARIA DE EDUCAÇÃO; Ativo;R$ 380,00; Compra Normal
 CÂMARA MUNICIPAL BALNEÁRIO GAIVOTA; MOVEIS; Cod.: 6 - PLACAS;303; PLACA TOTEM EM ESTRUTURA DE ALUMÍNIO COM LED INTERNO MEDINDO 2,50 MT DE ALTURA POR 0,80 CM DE LARGURA NA COR PRETA COM O LOGÓTIPO DO PODER LEGISLATIVO; 16/12/2022; CAMARA MUNICIPAL DE VEREADORES; Em uso;R$ 5.200,00; Compra
 PREFEITURA MUNICIPAL DE BALNEÁRIO GAIVOTA; Móveis; CADEIRA; -; CADEIRA SECRETÁRIA; 13/12/2022; FUNDO MUNICIPAL DE SAUDE; Ativo;R$ 940,00; Compra Normal
 PREFEITURA MUNICIPAL DE BALNEÁRIO GAIVOTA; Móveis; CONJUNTO REFEITORIO; -; CONJUNTO REFEITORIO INFANTIL; 29/11/2022; MANUTENÇÃO DA SECRETARIA DE EDUCAÇÃO; Ativo;R$ 2.699,00; Compra Normal
 PREFEITURA MUNICIPAL DE BALNEÁRIO GAIVOTA; Móveis; CONJUNTO REFEITORIO; -; CONJUNTO REFEITORIO INFANTIL SANE; 29/11/2022; MANUTENÇÃO DA SECRETARIA DE EDUCAÇÃO; Ativo;R$ 2.699,00; Compra Normal
 PREFEITURA MUNICIPAL DE BALNEÁRIO GAIVOTA; Móveis; CONJUNTO REFEITORIO; -; CONJUNTO REFEITORIO INFANTIL SANE; 29/11/2022; MANUTENÇÃO DA SECRETARIA DE EDUCAÇÃO; Ativo;R$ 2.699,00; Compra Normal
 PREFEITURA MUNICIPAL DE BALNEÁRIO GAIVOTA; Móveis; CONJUNTO REFEITORIO; -; CONJUNTO REFEITORIO INFANTIL SANE; 29/11/2022; MANUTENÇÃO DA SECRETARIA DE EDUCAÇÃO; Ativo;R$ 2.699,00; Compra Normal
 PREFEITURA MUNICIPAL DE BALNEÁRIO GAIVOTA; Móveis; CONJUNTO REFEITORIO; -; CONJUNTO REFEITORIO INFANTIL SANE; 29/11/2022; MANUTENÇÃO DA SECRETARIA DE EDUCAÇÃO; Ativo;R$ 2.699,00; Compra Normal
 PREFEITURA MUNICIPAL DE BALNEÁRIO GAIVOTA; Móveis; CONJUNTO REFEITORIO; -; CONJUNTO REFEITORIO INFANTIL LTDA; 29/11/2022; MANUTENÇÃO DA SECRETARIA DE EDUCAÇÃO; Ativo;R$ 2.699,00; Compra Normal
 PREFEITURA MUNICIPAL DE BALNEÁRIO GAIVOTA; Móveis; CONJUNTO REFEITORIO; -; CONJUNTO REFEITORIO INFANTIL SANE; 29/11/2022; MANUTENÇÃO DA SECRETARIA DE EDUCAÇÃO; Ativo;R$ 2.699,00; Compra Normal
 PREFEITURA MUNICIPAL DE BALNEÁRIO GAIVOTA; Móveis; CONJUNTO REFEITORIO; -; CONJUNTO REFEITORIO INFATIL; 29/11/2022; MANUTENÇÃO DA SECRETARIA DE EDUCAÇÃO; Ativo;R$ 2.699,00; Compra Normal
 PREFEITURA MUNICIPAL DE BALNEÁRIO GAIVOTA; Móveis; CONJUNTO REFEITORIO; -; CONJUNTO REFEITORIO INFANTIL SANE; 29/11/2022; MANUTENÇÃO DA SECRETARIA DE EDUCAÇÃO; Ativo;R$ 2.699,00; Compra Normal
 PREFEITURA MUNICIPAL DE BALNEÁRIO GAIVOTA; Móveis; CONJUNTO REFEITORIO; -; CONJUNTO REFEITORIO INFANTIL SANE; 29/11/2022; MANUTENÇÃO DA SECRETARIA DE EDUCAÇÃO; Ativo;R$ 2.699,00; Compra Normal
 PREFEITURA MUNICIPAL DE BALNEÁRIO GAIVOTA; Móveis; Balcão; -; BALCÃO COM PORTAS EM L MDF 1,8M; 07/11/2022; MANUTENÇÃO DA SECRETARIA DE EDUCAÇÃO; Ativo;R$ 1.000,00; Compra Normal
 PREFEITURA MUNICIPAL DE BALNEÁRIO GAIVOTA; Móveis; PRATELEIRA; -; PRATELEIRA PARA DISPENSA EM MDF 1,8MM; 07/11/2022; MANUTENÇÃO DA SECRETARIA DE EDUCAÇÃO; Ativo;R$ 1.920,00; Compra Normal
 PREFEITURA MUNICIPAL DE BALNEÁRIO GAIVOTA; Móveis; COLMEIA EM MDF; -; COLMEIA 25 LUGARES EM MDF; 07/11/2022; MANUTENÇÃO DA SECRETARIA DE EDUCAÇÃO; Ativo;R$ 3.900,00; Compra Normal
 PREFEITURA MUNICIPAL DE BALNEÁRIO GAIVOTA; Móveis; COLMEIA EM MDF; -; COLMEIA 25 LUGARES EM MDF; 07/11/2022; MANUTENÇÃO DA SECRETARIA DE EDUCAÇÃO; Ativo;R$ 3.900,00; Compra Normal
 PREFEITURA MUNICIPAL DE BALNEÁRIO GAIVOTA; Móveis; COLMEIA EM MDF; -; COLMEIA 25 LUGARES EM MDF; 07/11/2022; MANUTENÇÃO DA SECRETARIA DE EDUCAÇÃO; Ativo;R$ 3.900,00; Compra Normal
 PREFEITURA MUNICIPAL DE BALNEÁRIO GAIVOTA; Móveis; COMPUTADOR; -; MICRO COMPUTADOR INTEL; 07/11/2022; FUNDO MUNICIPAL DE SAUDE; Ativo;R$ 3.480,98; Compra Normal
 PREFEITURA MUNICIPAL DE BALNEÁRIO GAIVOTA; Móveis; CADEIRA; -; CADEIRA PRESIDENTE GOMADA; 21/10/2022; MANUTENÇÃO DO CONSELHO TUTELAR; Ativo;R$ 660,00; Compra Normal
 PREFEITURA MUNICIPAL DE BALNEÁRIO GAIVOTA; Móveis; CADEIRA; -; CADEIRA PRESIDENTE GOMADA; 21/10/2022; MANUTENÇÃO DO CONSELHO TUTELAR; Ativo;R$ 660,00; Compra Normal
 PREFEITURA MUNICIPAL DE BALNEÁRIO GAIVOTA; Móveis; CADEIRA; -; CADEIRA PRESIDENTE GOMADA; 21/10/2022; MANUTENÇÃO DO CONSELHO TUTELAR; Ativo;R$ 660,00; Compra Normal
 PREFEITURA MUNICIPAL DE BALNEÁRIO GAIVOTA; Móveis; CADEIRA; -; CADEIRA PRESIDENTE GOMADA; 21/10/2022; MANUTENÇÃO DO CONSELHO TUTELAR; Ativo;R$ 660,00; Compra Normal
 PREFEITURA MUNICIPAL DE BALNEÁRIO GAIVOTA; Móveis; MONITORES; -; MONITOR LG LED; 11/10/2022; FUNDO MUNICIPAL DE SAUDE; Ativo;R$ 1.020,00; Compra Normal
 PREFEITURA MUNICIPAL DE BALNEÁRIO GAIVOTA; Móveis; ARQUIVO DE MADEIRA; -; ARQUIVO COM 4 GAVETAS; 10/10/2022; MANUTENÇÃO DO CONSELHO TUTELAR; Ativo;R$ 868,00; Compra Normal
 PREFEITURA MUNICIPAL DE BALNEÁRIO GAIVOTA; Móveis; ARQUIVO DE MADEIRA; -; ARQUIVO COM 4 GAVETAS; 10/10/2022; MANUTENÇÃO DO CONSELHO TUTELAR; Ativo;R$ 868,00; Compra Normal
 PREFEITURA MUNICIPAL DE BALNEÁRIO GAIVOTA; Móveis; ARQUIVO DE MADEIRA; -; ARQUIVO COM 4 GAVETAS; 10/10/2022; MANUTENÇÃO DO CONSELHO TUTELAR; Ativo;R$ 868,00; Compra Normal
 PREFEITURA MUNICIPAL DE BALNEÁRIO GAIVOTA; Móveis; ARQUIVO DE MADEIRA; -; ARQUIVO COM 4 GAVETAS; 10/10/2022; MANUTENÇÃO DO CONSELHO TUTELAR; Ativo;R$ 868,00; Compra Normal
 PREFEITURA MUNICIPAL DE BALNEÁRIO GAIVOTA; Móveis; ARQUIVO DE MADEIRA; -; ARQUIVO COM 4 GAVETAS; 10/10/2022; MANUTENÇÃO DO CONSELHO TUTELAR; Ativo;R$ 868,00; Compra Normal
 PREFEITURA MUNICIPAL DE BALNEÁRIO GAIVOTA; Móveis; ARQUIVO DE MADEIRA; -; ARQUIVO COM 4 GAVETAS; 10/10/2022; MANUTENÇÃO DO CONSELHO TUTELAR; Ativo;R$ 868,00; Compra Normal
 PREFEITURA MUNICIPAL DE BALNEÁRIO GAIVOTA; Móveis; ARQUIVO DE MADEIRA; -; ARQUIVO COM 4 GAVETAS; 10/10/2022; MANUTENÇÃO DO CONSELHO TUTELAR; Ativo;R$ 868,00; Compra Normal
 PREFEITURA MUNICIPAL DE BALNEÁRIO GAIVOTA; Móveis; ARQUIVO DE MADEIRA; -; ARQUIVO COM 4 GAVETAS; 10/10/2022; MANUTENÇÃO DO CONSELHO TUTELAR; Ativo;R$ 868,00; Compra Normal
 PREFEITURA MUNICIPAL DE BALNEÁRIO GAIVOTA; Móveis; ARQUIVO DE MADEIRA; -; ARQUIVO COM 4 GAVETAS; 10/10/2022; MANUTENÇÃO DO CONSELHO TUTELAR; Ativo;R$ 868,00; Compra Normal
 PREFEITURA MUNICIPAL DE BALNEÁRIO GAIVOTA; Móveis; NOTEBOOK; -; NOTEBOOK SAMSUNG; 05/10/2022; DIRETORIA DE AGRICULTURA; Ativo;R$ 3.840,00; Compra Normal
 PREFEITURA MUNICIPAL DE BALNEÁRIO GAIVOTA; Móveis; NOTEBOOK; -; NOTEBOOK SAMSUNG; 05/10/2022; DIRETORIA DE AGRICULTURA; Ativo;R$ 3.840,00; Compra Normal
 PREFEITURA MUNICIPAL DE BALNEÁRIO GAIVOTA; Móveis; FORNO ELETRICO; -; FORNO ELETRICO FISCHER DE EMBUTIR; 05/10/2022; MANUTENÇÃO DA SECRETARIA DE ADMINISTRAÇÃ; Ativo;R$ 2.780,00; Compra Normal
 PREFEITURA MUNICIPAL DE BALNEÁRIO GAIVOTA; Móveis; MICROONDAS; -; MICROONDAS FISCHER DE EMBUTIR 25L; 05/10/2022; MANUTENÇÃO DA SECRETARIA DE ADMINISTRAÇÃ; Ativo;R$ 1.500,00; Compra Normal
 PREFEITURA MUNICIPAL DE BALNEÁRIO GAIVOTA; Móveis; GUARDA VOLUME; -; GUARDA VOLUMES 8 LUGARES; 03/10/2022; MANUTENÇÃO DA SECRETARIA DE EDUCAÇÃO; Ativo;R$ 1.700,00; Compra Normal
 PREFEITURA MUNICIPAL DE BALNEÁRIO GAIVOTA; Móveis; TROCADOR; -; TROCADOR EM MDF 1,8 MM; 03/10/2022; MANUTENÇÃO DA SECRETARIA DE EDUCAÇÃO; Ativo;R$ 2.200,00; Compra Normal
 PREFEITURA MUNICIPAL DE BALNEÁRIO GAIVOTA; Móveis; TROCADOR; -; TROCADOR EM MDF 1,8MM; 03/10/2022; MANUTENÇÃO DA SECRETARIA DE EDUCAÇÃO; Ativo;R$ 2.200,00; Compra Normal
 PREFEITURA MUNICIPAL DE BALNEÁRIO GAIVOTA; Móveis; COLMEIA EM MDF; -; COLMEIA 25 LUGARES EM MDF DE 1,8MM; 03/10/2022; MANUTENÇÃO DA SECRETARIA DE EDUCAÇÃO; Ativo;R$ 3.900,00; Compra Normal
 PREFEITURA MUNICIPAL DE BALNEÁRIO GAIVOTA; Móveis; COLMEIA EM MDF; -; COLMEIA 25 LUGARES EM MDF DE 1,8MM; 03/10/2022; MANUTENÇÃO DA SECRETARIA DE EDUCAÇÃO; Ativo;R$ 3.900,00; Compra Normal
 PREFEITURA MUNICIPAL DE BALNEÁRIO GAIVOTA; Móveis; COLMEIA EM MDF; -; COLMEIA 25 LUGARES EM MDF DE 1,8MM; 03/10/2022; MANUTENÇÃO DA SECRETARIA DE EDUCAÇÃO; Ativo;R$ 3.900,00; Compra Normal
 PREFEITURA MUNICIPAL DE BALNEÁRIO GAIVOTA; Móveis; PIA EM GRANITO; -; PIA DE COZINHA EM GRANITO; 22/09/2022; MANUTENÇÃO DA SECRETARIA DE EDUCAÇÃO; Ativo;R$ 1.870,00; Compra Normal
 PREFEITURA MUNICIPAL DE BALNEÁRIO GAIVOTA; Móveis; CUBA DE INOX; -; CUBA INOX 50X45; 22/09/2022; MANUTENÇÃO DA SECRETARIA DE EDUCAÇÃO; Ativo;R$ 380,00; Compra Normal
 PREFEITURA MUNICIPAL DE BALNEÁRIO GAIVOTA; Móveis; CUBA DE INOX; -; PIA DE COZINHA EM GRANITO; 22/09/2022; MANUTENÇÃO DA SECRETARIA DE EDUCAÇÃO; Ativo;R$ 380,00; Compra Normal
 PREFEITURA MUNICIPAL DE BALNEÁRIO GAIVOTA; Móveis; CUBA DE INOX; -; PIA DE COZINHA EM GRANITO; 22/09/2022; MANUTENÇÃO DA SECRETARIA DE EDUCAÇÃO; Ativo;R$ 2.000,00; Compra Normal
 PREFEITURA MUNICIPAL DE BALNEÁRIO GAIVOTA; Móveis; PIA EM GRANITO; -; PIA DE COZINHA EM GRANITO; 22/09/2022; MANUTENÇÃO DA SECRETARIA DE EDUCAÇÃO; Ativo;R$ 1.400,00; Compra Normal
 PREFEITURA MUNICIPAL DE BALNEÁRIO GAIVOTA; Móveis; Gaveteiro.; -; GAVETEIRO FIXO 3 GAVETAS; 19/09/2022; MANUTENÇÃO DO CONSELHO TUTELAR; Ativo;R$ 370,00; Compra Normal
 PREFEITURA MUNICIPAL DE BALNEÁRIO GAIVOTA; Móveis; Gaveteiro.; -; GAVETEIRO FIXO COM 3 GAVETAS; 19/09/2022; MANUTENÇÃO DO CONSELHO TUTELAR; Ativo;R$ 370,00; Compra Normal
 PREFEITURA MUNICIPAL DE BALNEÁRIO GAIVOTA; Móveis; Gaveteiro.; -; GAVETEIRO FIXO COM 3 GAVETAS; 19/09/2022; MANUTENÇÃO DO CONSELHO TUTELAR; Ativo;R$ 370,00; Compra Normal
 PREFEITURA MUNICIPAL DE BALNEÁRIO GAIVOTA; Móveis; Gaveteiro.; -; GAVETEIRO FIXO COM 3 GAVETAS; 19/09/2022; MANUTENÇÃO DO CONSELHO TUTELAR; Ativo;R$ 370,00; Compra Normal
 PREFEITURA MUNICIPAL DE BALNEÁRIO GAIVOTA; Móveis; MESA; -; MESA DE TRABALHO; 19/09/2022; MANUTENÇÃO DO CONSELHO TUTELAR; Ativo;R$ 854,00; Compra Normal
 PREFEITURA MUNICIPAL DE BALNEÁRIO GAIVOTA; Móveis; MESA; -; MESA DE TRABALHO; 19/09/2022; MANUTENÇÃO DO CONSELHO TUTELAR; Ativo;R$ 854,00; Compra Normal
 PREFEITURA MUNICIPAL DE BALNEÁRIO GAIVOTA; Móveis; MESA; -; MESA DE TRABALHO; 19/09/2022; MANUTENÇÃO DO CONSELHO TUTELAR; Ativo;R$ 854,00; Compra Normal
 PREFEITURA MUNICIPAL DE BALNEÁRIO GAIVOTA; Móveis; MESA; -; MESA DE TRABALHO; 19/09/2022; MANUTENÇÃO DO CONSELHO TUTELAR; Ativo;R$ 854,00; Compra Normal
 PREFEITURA MUNICIPAL DE BALNEÁRIO GAIVOTA; Móveis; IMPRESSORA; -; MULTIFUNCIONAL EPSON COLORIDA; 15/09/2022; MANUTENÇÃO DA SECRETARIA DE EDUCAÇÃO; Ativo;R$ 1.786,00; Compra Normal
 PREFEITURA MUNICIPAL DE BALNEÁRIO GAIVOTA; Móveis; IMPRESSORA; -; MULTIFUNCIONAL EPSON COLORIDA; 15/09/2022; MANUTENÇÃO DA SECRETARIA DE EDUCAÇÃO; Ativo;R$ 1.786,00; Compra Normal
 PREFEITURA MUNICIPAL DE BALNEÁRIO GAIVOTA; Móveis; FREEZER; -; FREEZER 1 PORTA 296L/246L CONSUL; 14/09/2022; MANUTENÇÃO DA SECRETARIA DE EDUCAÇÃO; Ativo;R$ 4.990,00; Compra Normal
 PREFEITURA MUNICIPAL DE BALNEÁRIO GAIVOTA; Móveis; PRATELEIRA; -; PRATELEIRA RETA EM GRANITO; 12/09/2022; MANUTENÇÃO DA SECRETARIA DE EDUCAÇÃO; Ativo;R$ 1.210,00; Compra Normal
 PREFEITURA MUNICIPAL DE BALNEÁRIO GAIVOTA; Móveis; TAMPO DE PEDRA; -; TAMPO TIPO L EM GRANITO; 12/09/2022; MANUTENÇÃO DA SECRETARIA DE EDUCAÇÃO; Ativo;R$ 1.989,00; Compra Normal
 PREFEITURA MUNICIPAL DE BALNEÁRIO GAIVOTA; Móveis; TAMPO DE PEDRA; -; TAMPO RETO GRANITO INSTALADO EM BALCÃO; 12/09/2022; MANUTENÇÃO DA SECRETARIA DE EDUCAÇÃO; Ativo;R$ 1.089,00; Compra Normal
 PREFEITURA MUNICIPAL DE BALNEÁRIO GAIVOTA; Móveis; TAMPO DE PEDRA; -; TAMPO RETO GRANITO INSTALADO EM BALCÃO; 12/09/2022; MANUTENÇÃO DA SECRETARIA DE EDUCAÇÃO; Ativo;R$ 1.089,00; Compra Normal
 PREFEITURA MUNICIPAL DE BALNEÁRIO GAIVOTA; Móveis; MESA; -; MESA SEXTAVADA COM CARTEIRAS INDIVIDUAIS; 05/09/2022; MANUTENÇÃO DA SECRETARIA DE EDUCAÇÃO; Ativo;R$ 3.199,00; Compra Normal
 PREFEITURA MUNICIPAL DE BALNEÁRIO GAIVOTA; Móveis; MESA; -; MESA SEXTAVADA COM CARTEIRAS INDIVIDUAIS; 05/09/2022; MANUTENÇÃO DA SECRETARIA DE EDUCAÇÃO; Ativo;R$ 3.199,00; Compra Normal
 PREFEITURA MUNICIPAL DE BALNEÁRIO GAIVOTA; Móveis; MESA; -; MESA SEXTAVADA COM CARTEIRAS INDIVIDUAIS; 05/09/2022; MANUTENÇÃO DA SECRETARIA DE EDUCAÇÃO; Ativo;R$ 3.199,00; Compra Normal
 PREFEITURA MUNICIPAL DE BALNEÁRIO GAIVOTA; Móveis; MESA; -; MESA SEXTAVADA COM CARTEIRAS INDIVIDUAIS; 05/09/2022; MANUTENÇÃO DA SECRETARIA DE EDUCAÇÃO; Ativo;R$ 3.199,00; Compra Normal
 PREFEITURA MUNICIPAL DE BALNEÁRIO GAIVOTA; Móveis; MESA; -; MESA SEXTAVADA COM CARTEIRAS INDIVIDUAIS; 05/09/2022; MANUTENÇÃO DA SECRETARIA DE EDUCAÇÃO; Ativo;R$ 3.199,00; Compra Normal
 PREFEITURA MUNICIPAL DE BALNEÁRIO GAIVOTA; Móveis; MESA; -; MESA SEXTAVADA COM CARTEIRAS INDIVIDUAIS; 05/09/2022; MANUTENÇÃO DA SECRETARIA DE EDUCAÇÃO; Ativo;R$ 3.199,00; Compra Normal
 PREFEITURA MUNICIPAL DE BALNEÁRIO GAIVOTA; Móveis; MESA; -; MESA SEXTAVADA COM CARTEIRAS INDIVIDUAIS; 05/09/2022; MANUTENÇÃO DA SECRETARIA DE EDUCAÇÃO; Ativo;R$ 3.199,00; Compra Normal
 PREFEITURA MUNICIPAL DE BALNEÁRIO GAIVOTA; Móveis; MESA; -; MESA SEXTAVADA COM CARTEIRAS INDIVIDUAIS; 05/09/2022; MANUTENÇÃO DA SECRETARIA DE EDUCAÇÃO; Ativo;R$ 3.199,00; Compra Normal
 PREFEITURA MUNICIPAL DE BALNEÁRIO GAIVOTA; Móveis; MESA; -; MESA SEXTAVADA COM CARTEIRAS INDIVIDUAIS; 05/09/2022; MANUTENÇÃO DA SECRETARIA DE EDUCAÇÃO; Ativo;R$ 3.199,00; Compra Normal
 PREFEITURA MUNICIPAL DE BALNEÁRIO GAIVOTA; Móveis; GELADEIRA; -; REFRIGERADOR FROS FREE 450L CONSUL; 02/09/2022; MANUTENÇÃO DA SECRETARIA DE EDUCAÇÃO; Ativo;R$ 4.899,00; Compra Normal
 PREFEITURA MUNICIPAL DE BALNEÁRIO GAIVOTA; Móveis; FRUTEIRA; -; FRUTEIRA EM MDF; 01/09/2022; MANUTENÇÃO DA SECRETARIA DE EDUCAÇÃO; Ativo;R$ 1.600,00; Compra Normal
 PREFEITURA MUNICIPAL DE BALNEÁRIO GAIVOTA; Móveis; TROCADOR; -; TROCADOR EM L MDF; 01/09/2022; MANUTENÇÃO DA SECRETARIA DE EDUCAÇÃO; Ativo;R$ 4.400,00; Compra Normal
 PREFEITURA MUNICIPAL DE BALNEÁRIO GAIVOTA; Móveis; TROCADOR; -; TROCADOR EM L MDF; 01/09/2022; MANUTENÇÃO DA SECRETARIA DE EDUCAÇÃO; Ativo;R$ 4.400,00; Compra Normal
 PREFEITURA MUNICIPAL DE BALNEÁRIO GAIVOTA; Móveis; Balcão; -; BALCÃO APARADOR COM PORTAS EM MDF; 01/09/2022; MANUTENÇÃO DA SECRETARIA DE EDUCAÇÃO; Ativo;R$ 1.550,00; Compra Normal
 PREFEITURA MUNICIPAL DE BALNEÁRIO GAIVOTA; Móveis; Balcão; -; BALCÃO APARADOR COM PORTAS EM MDF; 01/09/2022; MANUTENÇÃO DA SECRETARIA DE EDUCAÇÃO; Ativo;R$ 1.550,00; Compra Normal
 PREFEITURA MUNICIPAL DE BALNEÁRIO GAIVOTA; Móveis; Balcão; -; BALCÃO APARADOR COM PORTAS EM MDF; 01/09/2022; MANUTENÇÃO DA SECRETARIA DE EDUCAÇÃO; Ativo;R$ 1.550,00; Compra Normal
 PREFEITURA MUNICIPAL DE BALNEÁRIO GAIVOTA; Móveis; Balcão; -; BALCÃO APARADOR COM PORTAS EM MDF; 01/09/2022; MANUTENÇÃO DA SECRETARIA DE EDUCAÇÃO; Ativo;R$ 1.550,00; Compra Normal
 PREFEITURA MUNICIPAL DE BALNEÁRIO GAIVOTA; Móveis; Arquivo de Aço; -; ARQUIVO COM 4 GAVETAS; 01/09/2022; MANUTENÇÃO DA SECRETARIA DE EDUCAÇÃO; Ativo;R$ 868,00; Compra Normal
 PREFEITURA MUNICIPAL DE BALNEÁRIO GAIVOTA; Móveis; Armário; -; ARMARIO TIPO ARQUIVO COM 2 PORTAS NA COR CINZA; 26/08/2022; FUNDO MUNICIPAL DE SAUDE; Ativo;R$ 995,00; Compra Normal
 PREFEITURA MUNICIPAL DE BALNEÁRIO GAIVOTA; Móveis; Carro; -; SPIN PREMIER AT R7G; 26/08/2022; MANUTENÇÃO DA SECRETARIA DE OBRAS E SERV; Ativo;R$ 131.000,00; Compra Normal
 PREFEITURA MUNICIPAL DE BALNEÁRIO GAIVOTA; Móveis; Armário; -; ARMARIOS TIPO ARQUIVO C/ 2 PORTAS COR CINZA; 26/08/2022; MANUTENÇÃO DO CONSELHO TUTELAR; Ativo;R$ 995,00; Compra Normal
 PREFEITURA MUNICIPAL DE BALNEÁRIO GAIVOTA; Móveis; Armário; -; ARMARIO ARQUIVO C/2 PORTAS COR CINZA; 26/08/2022; MANUTENÇÃO DO CONSELHO TUTELAR; Ativo;R$ 995,00; Compra Normal
 PREFEITURA MUNICIPAL DE BALNEÁRIO GAIVOTA; Móveis; Balcão; -; BALCÃO MOVEIS SUL ATLAS; 24/08/2022; FUNDO MUNICIPAL DE SAUDE; Ativo;R$ 633,00; Compra Normal
 PREFEITURA MUNICIPAL DE BALNEÁRIO GAIVOTA; Móveis; MESA; -; MESA KAPPESBERG REUNIÕES 2,20M CARVALHO; 24/08/2022; DIRETORIA DE INDÚSTRIA E COMÉRCIO; Ativo;R$ 1.250,00; Compra Normal
 PREFEITURA MUNICIPAL DE BALNEÁRIO GAIVOTA; Móveis; MESA; -; MESA KAPPESBERG REUNIÕES 2,20M CARVALHO; 24/08/2022; DIRETORIA DE INDÚSTRIA E COMÉRCIO; Ativo;R$ 1.250,00; Compra Normal
 PREFEITURA MUNICIPAL DE BALNEÁRIO GAIVOTA; Móveis; MAQUINA FOTOGRAFICA; -; MULTIF CANON JT PIXMA G3110; 23/08/2022; DIRETORIA DE PESCA; Ativo;R$ 1.164,90; Compra Normal
 PREFEITURA MUNICIPAL DE BALNEÁRIO GAIVOTA; Móveis; Carro; -; CARRO NOVA STRADA FREEDOM; 22/08/2022; SECRETÁRIO DA CULTURA; Ativo;R$ 102.000,00; Compra Normal
 PREFEITURA MUNICIPAL DE BALNEÁRIO GAIVOTA; Móveis; Gaveteiro.; -; GAVETEIRO FIXO COM 3 GAVETAS; 19/08/2022; MANUTENÇÃO DA SECRETARIA DE EDUCAÇÃO; Ativo;R$ 370,00; Compra Normal
 PREFEITURA MUNICIPAL DE BALNEÁRIO GAIVOTA; Móveis; Gaveteiro.; -; GAVETEIRO FIXO COM 3 GAVETAS; 19/08/2022; MANUTENÇÃO DA SECRETARIA DE EDUCAÇÃO; Ativo;R$ 370,00; Compra Normal
 PREFEITURA MUNICIPAL DE BALNEÁRIO GAIVOTA; Móveis; MESA; -; MESA DE TRABALHO; 19/08/2022; MANUTENÇÃO DA SECRETARIA DE EDUCAÇÃO; Ativo;R$ 900,00; Compra Normal
 PREFEITURA MUNICIPAL DE BALNEÁRIO GAIVOTA; Móveis; MESA; -; MESA DE TRABALHO; 19/08/2022; MANUTENÇÃO DA SECRETARIA DE EDUCAÇÃO; Ativo;R$ 900,00; Compra Normal
 PREFEITURA MUNICIPAL DE BALNEÁRIO GAIVOTA; Móveis; NOTEBOOK; -; NOTEBOOK ACER I5 SSD 256GB; 12/08/2022; SECRETÁRIO DA CULTURA; Ativo;R$ 4.790,00; Compra Normal
 PREFEITURA MUNICIPAL DE BALNEÁRIO GAIVOTA; Móveis; AMBULÂNCIA; -; VEICULO MERCEDES SPRINTER FURGÃO/AMBULÂNCIA; 10/08/2022; FUNDO MUNICIPAL DE SAUDE; Ativo;R$ 261.900,00; Compra Normal
 PREFEITURA MUNICIPAL DE BALNEÁRIO GAIVOTA; Móveis; MICROONDAS; -; FORNO MICROONDAS 31L; 10/08/2022; MANUTENÇÃO DA SECRETARIA DE EDUCAÇÃO; Ativo;R$ 674,00; Compra Normal
 PREFEITURA MUNICIPAL DE BALNEÁRIO GAIVOTA; Móveis; MICROONDAS; -; FORNO MICROONDAS 31L; 10/08/2022; MANUTENÇÃO DA SECRETARIA DE EDUCAÇÃO; Ativo;R$ 674,42; Compra Normal
 PREFEITURA MUNICIPAL DE BALNEÁRIO GAIVOTA; Móveis; MICROONDAS; -; FORNO MICROONDAS 31L; 10/08/2022; MANUTENÇÃO DA SECRETARIA DE EDUCAÇÃO; Ativo;R$ 674,42; Compra Normal
 PREFEITURA MUNICIPAL DE BALNEÁRIO GAIVOTA; Móveis; VEICULOS LEVES; -; SPRINTER FURGAO 416 LONGA ALTA 3,66M 10,5M3 MERCEDES-BENZ; 10/08/2022; FUNDO MUNICIPAL DE SAUDE; Ativo;R$ 261.900,00; Compra Normal
 PREFEITURA MUNICIPAL DE BALNEÁRIO GAIVOTA; Móveis; TORNO DE BANCADA; -; TORNO DE BANCADA PROFISISONAL MORDENTE; 09/08/2022; MANUTENÇÃO DA SECRETARIA DE OBRAS E SERV; Ativo;R$ 368,99; Compra Normal
 PREFEITURA MUNICIPAL DE BALNEÁRIO GAIVOTA; Móveis; NO-BREAK; -; NOBREAK 600VA MARCA NHS - MODELO MINI 4 - 600VA BIVOLT; 02/08/2022; MANUTENÇÃO DA SECRETARIA DE EDUCAÇÃO; Ativo;R$ 419,99; Compra Normal
 PREFEITURA MUNICIPAL DE BALNEÁRIO GAIVOTA; Móveis; NO-BREAK; -; NOBREAK 600VA MARCA NHS - MODELO MINI 4 - 600VA BIVOLT; 02/08/2022; MANUTENÇÃO DA SECRETARIA DE EDUCAÇÃO; Ativo;R$ 419,99; Compra Normal
 PREFEITURA MUNICIPAL DE BALNEÁRIO GAIVOTA; Móveis; MESA; -; MESA DE REUNIÃO 2,5M; 28/07/2022; MANUTENÇÃO DA SECRETARIA DE EDUCAÇÃO; Ativo;R$ 1.849,00; Compra Normal
 PREFEITURA MUNICIPAL DE BALNEÁRIO GAIVOTA; Móveis; COMPUTADOR; -; MICROCOMPUTADOR COM SISTEMA OPERACIONAL WINDOWS 10 PROFESSIONAL; 25/07/2022; MANUTENÇÃO DA SECRETARIA DE EDUCAÇÃO; Ativo;R$ 1.672,91; Compra Normal
 PREFEITURA MUNICIPAL DE BALNEÁRIO GAIVOTA; Móveis; COMPUTADOR; -; MICROCOMPUTADOR COM SISTEMA OPERACIONAL WINDOWS 10 PROFESSIONAL; 25/07/2022; MANUTENÇÃO DA SECRETARIA DE EDUCAÇÃO; Ativo;R$ 1.672,91; Compra Normal
 PREFEITURA MUNICIPAL DE BALNEÁRIO GAIVOTA; Móveis; COMPUTADOR; -; MICROCOMPUTADOR COM SISTEMA OPERACIONAL WINDOWS 10 PROFESSIONAL; 25/07/2022; MANUTENÇÃO DA SECRETARIA DE EDUCAÇÃO; Ativo;R$ 1.672,91; Compra Normal
 PREFEITURA MUNICIPAL DE BALNEÁRIO GAIVOTA; Móveis; COMPUTADOR; -; MICROCOMPUTADOR COM SISTEMA OPERACIONAL WINDOWS 10 PROFESSIONAL; 25/07/2022; MANUTENÇÃO DA SECRETARIA DE EDUCAÇÃO; Ativo;R$ 1.672,91; Compra Normal
 PREFEITURA MUNICIPAL DE BALNEÁRIO GAIVOTA; Móveis; COMPUTADOR; -; MICROCOMPUTADOR COM SISTEMA OPERACIONAL WINDOWS 10 PROFESSIONAL; 25/07/2022; MANUTENÇÃO DA SECRETARIA DE EDUCAÇÃO; Ativo;R$ 1.672,91; Compra Normal
 PREFEITURA MUNICIPAL DE BALNEÁRIO GAIVOTA; Móveis; COMPUTADOR; -; MICROCOMPUTADOR COM SISTEMA OPERACIONAL WINDOWS 10 PROFESSIONAL; 25/07/2022; MANUTENÇÃO DA SECRETARIA DE EDUCAÇÃO; Ativo;R$ 1.672,91; Compra Normal
 PREFEITURA MUNICIPAL DE BALNEÁRIO GAIVOTA; Móveis; COMPUTADOR; -; MICROCOMPUTADOR COM SISTEMA OPERACIONAL WINDOWS 10 PROFESSIONAL; 25/07/2022; MANUTENÇÃO DA SECRETARIA DE EDUCAÇÃO; Ativo;R$ 1.672,91; Compra Normal
 PREFEITURA MUNICIPAL DE BALNEÁRIO GAIVOTA; Móveis; COMPUTADOR; -; MICROCOMPUTADOR COM SISTEMA OPERACIONAL WINDOWS 10 PROFESSIONAL; 25/07/2022; MANUTENÇÃO DA SECRETARIA DE EDUCAÇÃO; Ativo;R$ 1.672,91; Compra Normal
 PREFEITURA MUNICIPAL DE BALNEÁRIO GAIVOTA; Móveis; COMPUTADOR; -; MICROCOMPUTADOR COM SISTEMA OPERACIONAL WINDOWS 10 PROFESSIONAL; 25/07/2022; MANUTENÇÃO DA SECRETARIA DE EDUCAÇÃO; Ativo;R$ 1.672,91; Compra Normal
 PREFEITURA MUNICIPAL DE BALNEÁRIO GAIVOTA; Móveis; Balcão; -; BALCÃO DE ATENDIMENTO PARA USO NA VIGILÂNCIA SANITÁRIA; 22/07/2022; FUNDO MUNICIPAL DE SAUDE; Ativo;R$ 3.080,00; Compra Normal
 PREFEITURA MUNICIPAL DE BALNEÁRIO GAIVOTA; Móveis; FOGÃO A GÁS; -; FOGÃO INDUSTRIAL COM TAMPA INOX; 22/07/2022; MANUTENÇÃO DA SECRETARIA DE EDUCAÇÃO; Ativo;R$ 1.120,00; Compra Normal
 PREFEITURA MUNICIPAL DE BALNEÁRIO GAIVOTA; Móveis; NOTEBOOK; -; NOTEBOOK LENOVO IDEAPAD 3; 22/07/2022; MANUTENÇÃO DA SECRETARIA DE EDUCAÇÃO; Ativo;R$ 3.749,00; Compra Normal
 PREFEITURA MUNICIPAL DE BALNEÁRIO GAIVOTA; Móveis; NOTEBOOK; -; NOTEBOOK LENOVO IDEAPAD 3; 22/07/2022; MANUTENÇÃO DA SECRETARIA DE EDUCAÇÃO; Ativo;R$ 3.749,00; Compra Normal
 PREFEITURA MUNICIPAL DE BALNEÁRIO GAIVOTA; Móveis; NOTEBOOK; -; NOTEBOOK LENOVO IDEAPAD 3; 22/07/2022; MANUTENÇÃO DA SECRETARIA DE EDUCAÇÃO; Ativo;R$ 3.749,00; Compra Normal
 PREFEITURA MUNICIPAL DE BALNEÁRIO GAIVOTA; Móveis; NOTEBOOK; -; NOTEBOOK LENOVO IDEAPAD 3; 22/07/2022; MANUTENÇÃO DA SECRETARIA DE EDUCAÇÃO; Ativo;R$ 3.749,00; Compra Normal
 PREFEITURA MUNICIPAL DE BALNEÁRIO GAIVOTA; Móveis; NOTEBOOK; -; NOTEBOOK LENOVO IDEAPAD 3; 22/07/2022; MANUTENÇÃO DA SECRETARIA DE EDUCAÇÃO; Ativo;R$ 3.749,00; Compra Normal
 PREFEITURA MUNICIPAL DE BALNEÁRIO GAIVOTA; Móveis; NOTEBOOK; -; NOTEBOOK LENOVO IDEAPAD 3; 22/07/2022; MANUTENÇÃO DA SECRETARIA DE EDUCAÇÃO; Ativo;R$ 3.749,00; Compra Normal
 PREFEITURA MUNICIPAL DE BALNEÁRIO GAIVOTA; Móveis; Balcão; -; BALCÃO DIVISÃO SOB MEDIDA; 22/07/2022; MANUTENÇÃO DA SECRETARIA DE ARRECADAÇÃO; Ativo;R$ 1.400,00; Compra Normal
 PREFEITURA MUNICIPAL DE BALNEÁRIO GAIVOTA; Móveis; CELULAR; -; CELULAR ANDROID SAMSUNG GALAXY A03; 21/07/2022; MANUTENÇÃO DA SECRETARIA DE EDUCAÇÃO; Ativo;R$ 1.288,00; Compra Normal
 PREFEITURA MUNICIPAL DE BALNEÁRIO GAIVOTA; Móveis; FOGÃO A GÁS; -; FOGÃO INDUSTRIAL COM TAMPA INOX; 20/07/2022; MANUTENÇÃO DA SECRETARIA DE EDUCAÇÃO; Ativo;R$ 651,00; Compra Normal
 PREFEITURA MUNICIPAL DE BALNEÁRIO GAIVOTA; Móveis; FOGÃO A GÁS; -; FOGÃO INDUSTRIAL; 20/07/2022; MANUTENÇÃO DA SECRETARIA DE EDUCAÇÃO; Ativo;R$ 1.120,00; Compra Normal
 PREFEITURA MUNICIPAL DE BALNEÁRIO GAIVOTA; Móveis; HD EXTERNO; -; SSD PORTATIL KINGSPEC MY LIFE SPACE; 19/07/2022; MANUTENÇÃO DA SECRETARIA DE EDUCAÇÃO; Ativo;R$ 787,99; Compra Normal
 PREFEITURA MUNICIPAL DE BALNEÁRIO GAIVOTA; Móveis; IMPRESSORA; -; IMPRESSORA MULTIFUNCIONAL A LASER MONO; 19/07/2022; MANUTENÇÃO DA SECRETARIA DE EDUCAÇÃO; Ativo;R$ 2.750,00; Compra Normal
 PREFEITURA MUNICIPAL DE BALNEÁRIO GAIVOTA; Móveis; TABLET; -; TABLET M10A 3G - PRETO 2+32GB; 15/07/2022; MANUTENÇÃO DA SECRETARIA DE EDUCAÇÃO; Ativo;R$ 683,37; Compra Normal
 PREFEITURA MUNICIPAL DE BALNEÁRIO GAIVOTA; Móveis; TABLET; -; TABLET M10A 3G - PRETO 2+32GB; 15/07/2022; MANUTENÇÃO DA SECRETARIA DE EDUCAÇÃO; Ativo;R$ 683,37; Compra Normal
 PREFEITURA MUNICIPAL DE BALNEÁRIO GAIVOTA; Móveis; TABLET; -; TABLET M10A 3G - PRETO 2+32GB; 15/07/2022; MANUTENÇÃO DA SECRETARIA DE EDUCAÇÃO; Ativo;R$ 683,37; Compra Normal
 PREFEITURA MUNICIPAL DE BALNEÁRIO GAIVOTA; Móveis; TABLET; -; TABLET M10A 3G - PRETO 2+32GB; 15/07/2022; MANUTENÇÃO DA SECRETARIA DE EDUCAÇÃO; Ativo;R$ 683,37; Compra Normal
 PREFEITURA MUNICIPAL DE BALNEÁRIO GAIVOTA; Móveis; TABLET; -; TABLET M10A 3G - PRETO 2+32GB; 15/07/2022; MANUTENÇÃO DA SECRETARIA DE EDUCAÇÃO; Ativo;R$ 683,37; Compra Normal
 PREFEITURA MUNICIPAL DE BALNEÁRIO GAIVOTA; Móveis; Armário; -; ARMARIO TIPO OFICIO C/ 2 PORTAS EM MDF; 15/07/2022; MANUTENÇÃO DA SECRETARIA DE EDUCAÇÃO; Ativo;R$ 967,00; Compra Normal
 PREFEITURA MUNICIPAL DE BALNEÁRIO GAIVOTA; Móveis; Armário; -; ARMARIO TIPO OFICIO C/ 2 PORTAS EM MDF; 15/07/2022; MANUTENÇÃO DA SECRETARIA DE EDUCAÇÃO; Ativo;R$ 967,00; Compra Normal
 PREFEITURA MUNICIPAL DE BALNEÁRIO GAIVOTA; Móveis; Armário; -; ARMARIO TIPO OFICIO C/ 2 PORTAS EM MDF; 15/07/2022; MANUTENÇÃO DA SECRETARIA DE EDUCAÇÃO; Ativo;R$ 967,00; Compra Normal
 PREFEITURA MUNICIPAL DE BALNEÁRIO GAIVOTA; Móveis; Armário; -; ARMARIO TIPO OFICIO C/ 2 PORTAS EM MDF; 15/07/2022; MANUTENÇÃO DA SECRETARIA DE EDUCAÇÃO; Ativo;R$ 967,00; Compra Normal
 PREFEITURA MUNICIPAL DE BALNEÁRIO GAIVOTA; Móveis; Armário; -; ARMARIO TIPO OFICIO C/ 2 PORTAS EM MDF; 15/07/2022; MANUTENÇÃO DA SECRETARIA DE EDUCAÇÃO; Ativo;R$ 967,00; Compra Normal
 PREFEITURA MUNICIPAL DE BALNEÁRIO GAIVOTA; Móveis; Armário; -; ARMARIO TIPO OFICIO C/ 2 PORTAS EM MDF; 15/07/2022; MANUTENÇÃO DA SECRETARIA DE EDUCAÇÃO; Ativo;R$ 967,00; Compra Normal
 PREFEITURA MUNICIPAL DE BALNEÁRIO GAIVOTA; Móveis; TABLET; -; TABLET M10A 3G - PRETO 2+32GB; 15/07/2022; MANUTENÇÃO DA SECRETARIA DE EDUCAÇÃO; Ativo;R$ 683,37; Compra Normal
 PREFEITURA MUNICIPAL DE BALNEÁRIO GAIVOTA; Móveis; TABLET; -; TABLET M10A 3G - PRETO 2+32GB; 15/07/2022; MANUTENÇÃO DA SECRETARIA DE EDUCAÇÃO; Ativo;R$ 683,37; Compra Normal
 PREFEITURA MUNICIPAL DE BALNEÁRIO GAIVOTA; Móveis; TABLET; -; TABLET M10A 3G - PRETO 2+32GB; 15/07/2022; MANUTENÇÃO DA SECRETARIA DE EDUCAÇÃO; Ativo;R$ 683,37; Compra Normal
 PREFEITURA MUNICIPAL DE BALNEÁRIO GAIVOTA; Móveis; TABLET; -; TABLET M10A 3G - PRETO 2+32GB; 15/07/2022; MANUTENÇÃO DA SECRETARIA DE EDUCAÇÃO; Ativo;R$ 683,37; Compra Normal
 PREFEITURA MUNICIPAL DE BALNEÁRIO GAIVOTA; Móveis; TABLET; -; TABLET M10A 3G - PRETO 2+32GB; 15/07/2022; MANUTENÇÃO DA SECRETARIA DE EDUCAÇÃO; Ativo;R$ 683,37; Compra Normal
 PREFEITURA MUNICIPAL DE BALNEÁRIO GAIVOTA; Móveis; TABLET; -; TABLET M10A 3G - PRETO 2+32GB; 15/07/2022; MANUTENÇÃO DA SECRETARIA DE EDUCAÇÃO; Ativo;R$ 683,37; Compra Normal
 PREFEITURA MUNICIPAL DE BALNEÁRIO GAIVOTA; Móveis; TABLET; -; TABLET M10A 3G - PRETO 2+32GB; 15/07/2022; MANUTENÇÃO DA SECRETARIA DE EDUCAÇÃO; Ativo;R$ 683,37; Compra Normal
 PREFEITURA MUNICIPAL DE BALNEÁRIO GAIVOTA; Móveis; TABLET; -; TABLET M10A 3G - PRETO 2+32GB; 15/07/2022; MANUTENÇÃO DA SECRETARIA DE EDUCAÇÃO; Ativo;R$ 683,37; Compra Normal
 PREFEITURA MUNICIPAL DE BALNEÁRIO GAIVOTA; Móveis; TABLET; -; TABLET M10A 3G - PRETO 2+32GB; 15/07/2022; MANUTENÇÃO DA SECRETARIA DE EDUCAÇÃO; Ativo;R$ 683,37; Compra Normal
 PREFEITURA MUNICIPAL DE BALNEÁRIO GAIVOTA; Móveis; TABLET; -; TABLET M10A 3G - PRETO 2+32GB; 15/07/2022; MANUTENÇÃO DA SECRETARIA DE EDUCAÇÃO; Ativo;R$ 683,37; Compra Normal
 PREFEITURA MUNICIPAL DE BALNEÁRIO GAIVOTA; Móveis; TABLET; -; TABLET M10A 3G - PRETO 2+32GB; 15/07/2022; MANUTENÇÃO DA SECRETARIA DE EDUCAÇÃO; Ativo;R$ 683,37; Compra Normal
 PREFEITURA MUNICIPAL DE BALNEÁRIO GAIVOTA; Móveis; TABLET; -; TABLET M10A 3G - PRETO 2+32GB; 15/07/2022; MANUTENÇÃO DA SECRETARIA DE EDUCAÇÃO; Ativo;R$ 683,37; Compra Normal
 PREFEITURA MUNICIPAL DE BALNEÁRIO GAIVOTA; Móveis; TABLET; -; TABLET M10A 3G - PRETO 2+32GB; 15/07/2022; MANUTENÇÃO DA SECRETARIA DE EDUCAÇÃO; Ativo;R$ 683,37; Compra Normal
 PREFEITURA MUNICIPAL DE BALNEÁRIO GAIVOTA; Móveis; TABLET; -; TABLET M10A 3G - PRETO 2+32GB; 15/07/2022; MANUTENÇÃO DA SECRETARIA DE EDUCAÇÃO; Ativo;R$ 683,37; Compra Normal
 PREFEITURA MUNICIPAL DE BALNEÁRIO GAIVOTA; Móveis; TABLET; -; TABLET M10A 3G - PRETO 2+32GB; 15/07/2022; MANUTENÇÃO DA SECRETARIA DE EDUCAÇÃO; Ativo;R$ 683,37; Compra Normal
 PREFEITURA MUNICIPAL DE BALNEÁRIO GAIVOTA; Móveis; TABLET; -; TABLET M10A 3G - PRETO 2+32GB; 15/07/2022; MANUTENÇÃO DA SECRETARIA DE EDUCAÇÃO; Ativo;R$ 683,37; Compra Normal
 PREFEITURA MUNICIPAL DE BALNEÁRIO GAIVOTA; Móveis; TABLET; -; TABLET M10A 3G - PRETO 2+32GB; 15/07/2022; MANUTENÇÃO DA SECRETARIA DE EDUCAÇÃO; Ativo;R$ 683,37; Compra Normal
 PREFEITURA MUNICIPAL DE BALNEÁRIO GAIVOTA; Móveis; TABLET; -; TABLET M10A 3G - PRETO 2+32GB; 15/07/2022; MANUTENÇÃO DA SECRETARIA DE EDUCAÇÃO; Ativo;R$ 683,37; Compra Normal
 PREFEITURA MUNICIPAL DE BALNEÁRIO GAIVOTA; Móveis; TABLET; -; TABLET M10A 3G - PRETO 2+32GB; 15/07/2022; MANUTENÇÃO DA SECRETARIA DE EDUCAÇÃO; Ativo;R$ 683,37; Compra Normal
 PREFEITURA MUNICIPAL DE BALNEÁRIO GAIVOTA; Móveis; TABLET; -; TABLET M10A 3G - PRETO 2+32GB; 15/07/2022; MANUTENÇÃO DA SECRETARIA DE EDUCAÇÃO; Ativo;R$ 683,37; Compra Normal
 PREFEITURA MUNICIPAL DE BALNEÁRIO GAIVOTA; Móveis; TABLET; -; TABLET M10A 3G - PRETO 2+32GB; 15/07/2022; MANUTENÇÃO DA SECRETARIA DE EDUCAÇÃO; Ativo;R$ 683,37; Compra Normal
 PREFEITURA MUNICIPAL DE BALNEÁRIO GAIVOTA; Móveis; TABLET; -; TABLET M10A 3G - PRETO 2+32GB; 15/07/2022; MANUTENÇÃO DA SECRETARIA DE EDUCAÇÃO; Ativo;R$ 683,37; Compra Normal
 PREFEITURA MUNICIPAL DE BALNEÁRIO GAIVOTA; Móveis; TABLET; -; TABLET M10A 3G - PRETO 2+32GB; 15/07/2022; MANUTENÇÃO DA SECRETARIA DE EDUCAÇÃO; Ativo;R$ 683,37; Compra Normal
 PREFEITURA MUNICIPAL DE BALNEÁRIO GAIVOTA; Móveis; TABLET; -; TABLET M10A 3G - PRETO 2+32GB; 15/07/2022; MANUTENÇÃO DA SECRETARIA DE EDUCAÇÃO; Ativo;R$ 683,37; Compra Normal
 PREFEITURA MUNICIPAL DE BALNEÁRIO GAIVOTA; Móveis; TABLET; -; TABLET M10A 3G - PRETO 2+32GB; 15/07/2022; MANUTENÇÃO DA SECRETARIA DE EDUCAÇÃO; Ativo;R$ 683,37; Compra Normal
 PREFEITURA MUNICIPAL DE BALNEÁRIO GAIVOTA; Móveis; TABLET; -; TABLET M10A 3G - PRETO 2+32GB; 15/07/2022; MANUTENÇÃO DA SECRETARIA DE EDUCAÇÃO; Ativo;R$ 683,37; Compra Normal
 PREFEITURA MUNICIPAL DE BALNEÁRIO GAIVOTA; Móveis; TABLET; -; TABLET M10A 3G - PRETO 2+32GB; 15/07/2022; MANUTENÇÃO DA SECRETARIA DE EDUCAÇÃO; Ativo;R$ 683,37; Compra Normal
 PREFEITURA MUNICIPAL DE BALNEÁRIO GAIVOTA; Móveis; TABLET; -; TABLET M10A 3G - PRETO 2+32GB; 15/07/2022; MANUTENÇÃO DA SECRETARIA DE EDUCAÇÃO; Ativo;R$ 683,37; Compra Normal
 PREFEITURA MUNICIPAL DE BALNEÁRIO GAIVOTA; Móveis; TABLET; -; TABLET M10A 3G - PRETO 2+32GB; 15/07/2022; MANUTENÇÃO DA SECRETARIA DE EDUCAÇÃO; Ativo;R$ 683,37; Compra Normal
 PREFEITURA MUNICIPAL DE BALNEÁRIO GAIVOTA; Móveis; TABLET; -; TABLET M10A 3G - PRETO 2+32GB; 15/07/2022; MANUTENÇÃO DA SECRETARIA DE EDUCAÇÃO; Ativo;R$ 683,37; Compra Normal
 PREFEITURA MUNICIPAL DE BALNEÁRIO GAIVOTA; Móveis; TABLET; -; TABLET M10A 3G - PRETO 2+32GB; 15/07/2022; MANUTENÇÃO DA SECRETARIA DE EDUCAÇÃO; Ativo;R$ 683,37; Compra Normal
 PREFEITURA MUNICIPAL DE BALNEÁRIO GAIVOTA; Móveis; TABLET; -; TABLET M10A 3G - PRETO 2+32GB; 15/07/2022; MANUTENÇÃO DA SECRETARIA DE EDUCAÇÃO; Ativo;R$ 683,37; Compra Normal
 PREFEITURA MUNICIPAL DE BALNEÁRIO GAIVOTA; Móveis; TABLET; -; TABLET M10A 3G - PRETO 2+32GB; 15/07/2022; MANUTENÇÃO DA SECRETARIA DE EDUCAÇÃO; Ativo;R$ 683,37; Compra Normal
 PREFEITURA MUNICIPAL DE BALNEÁRIO GAIVOTA; Móveis; TABLET; -; TABLET M10A 3G - PRETO 2+32GB; 15/07/2022; MANUTENÇÃO DA SECRETARIA DE EDUCAÇÃO; Ativo;R$ 683,37; Compra Normal
 PREFEITURA MUNICIPAL DE BALNEÁRIO GAIVOTA; Móveis; TABLET; -; TABLET M10A 3G - PRETO 2+32GB; 15/07/2022; MANUTENÇÃO DA SECRETARIA DE EDUCAÇÃO; Ativo;R$ 683,37; Compra Normal
 PREFEITURA MUNICIPAL DE BALNEÁRIO GAIVOTA; Móveis; TABLET; -; TABLET M10A 3G - PRETO 2+32GB; 15/07/2022; MANUTENÇÃO DA SECRETARIA DE EDUCAÇÃO; Ativo;R$ 683,37; Compra Normal
 PREFEITURA MUNICIPAL DE BALNEÁRIO GAIVOTA; Móveis; TABLET; -; TABLET M10A 3G - PRETO 2+32GB; 15/07/2022; MANUTENÇÃO DA SECRETARIA DE EDUCAÇÃO; Ativo;R$ 683,37; Compra Normal
 PREFEITURA MUNICIPAL DE BALNEÁRIO GAIVOTA; Móveis; TABLET; -; TABLET M10A 3G - PRETO 2+32GB; 15/07/2022; MANUTENÇÃO DA SECRETARIA DE EDUCAÇÃO; Ativo;R$ 683,37; Compra Normal
 PREFEITURA MUNICIPAL DE BALNEÁRIO GAIVOTA; Móveis; TABLET; -; TABLET M10A 3G - PRETO 2+32GB; 15/07/2022; MANUTENÇÃO DA SECRETARIA DE EDUCAÇÃO; Ativo;R$ 683,37; Compra Normal
 PREFEITURA MUNICIPAL DE BALNEÁRIO GAIVOTA; Móveis; TABLET; -; TABLET M10A 3G - PRETO 2+32GB; 15/07/2022; MANUTENÇÃO DA SECRETARIA DE EDUCAÇÃO; Ativo;R$ 683,37; Compra Normal
 PREFEITURA MUNICIPAL DE BALNEÁRIO GAIVOTA; Móveis; TABLET; -; TABLET M10A 3G - PRETO 2+32GB; 15/07/2022; MANUTENÇÃO DA SECRETARIA DE EDUCAÇÃO; Ativo;R$ 683,37; Compra Normal
 PREFEITURA MUNICIPAL DE BALNEÁRIO GAIVOTA; Móveis; TABLET; -; TABLET M10A 3G - PRETO 2+32GB; 15/07/2022; MANUTENÇÃO DA SECRETARIA DE EDUCAÇÃO; Ativo;R$ 683,37; Compra Normal
 PREFEITURA MUNICIPAL DE BALNEÁRIO GAIVOTA; Móveis; TABLET; -; TABLET M10A 3G - PRETO 2+32GB; 15/07/2022; MANUTENÇÃO DA SECRETARIA DE EDUCAÇÃO; Ativo;R$ 683,37; Compra Normal
 PREFEITURA MUNICIPAL DE BALNEÁRIO GAIVOTA; Móveis; TABLET; -; TABLET M10A 3G - PRETO 2+32GB; 15/07/2022; MANUTENÇÃO DA SECRETARIA DE EDUCAÇÃO; Ativo;R$ 683,37; Compra Normal
 PREFEITURA MUNICIPAL DE BALNEÁRIO GAIVOTA; Móveis; TABLET; -; TABLET M10A 3G - PRETO 2+32GB; 15/07/2022; MANUTENÇÃO DA SECRETARIA DE EDUCAÇÃO; Ativo;R$ 683,37; Compra Normal
 PREFEITURA MUNICIPAL DE BALNEÁRIO GAIVOTA; Móveis; TABLET; -; TABLET M10A 3G - PRETO 2+32GB; 15/07/2022; MANUTENÇÃO DA SECRETARIA DE EDUCAÇÃO; Ativo;R$ 683,37; Compra Normal
 PREFEITURA MUNICIPAL DE BALNEÁRIO GAIVOTA; Móveis; TABLET; -; TABLET M10A 3G - PRETO 2+32GB; 15/07/2022; MANUTENÇÃO DA SECRETARIA DE EDUCAÇÃO; Ativo;R$ 683,37; Compra Normal
 PREFEITURA MUNICIPAL DE BALNEÁRIO GAIVOTA; Móveis; TABLET; -; TABLET M10A 3G - PRETO 2+32GB; 15/07/2022; MANUTENÇÃO DA SECRETARIA DE EDUCAÇÃO; Ativo;R$ 683,37; Compra Normal
 PREFEITURA MUNICIPAL DE BALNEÁRIO GAIVOTA; Móveis; TABLET; -; TABLET M10A 3G - PRETO 2+32GB; 15/07/2022; MANUTENÇÃO DA SECRETARIA DE EDUCAÇÃO; Ativo;R$ 683,37; Compra Normal
 PREFEITURA MUNICIPAL DE BALNEÁRIO GAIVOTA; Móveis; TABLET; -; TABLET M10A 3G - PRETO 2+32GB; 15/07/2022; MANUTENÇÃO DA SECRETARIA DE EDUCAÇÃO; Ativo;R$ 683,37; Compra Normal
 PREFEITURA MUNICIPAL DE BALNEÁRIO GAIVOTA; Móveis; TABLET; -; TABLET M10A 3G - PRETO 2+32GB; 15/07/2022; MANUTENÇÃO DA SECRETARIA DE EDUCAÇÃO; Ativo;R$ 683,37; Compra Normal
 PREFEITURA MUNICIPAL DE BALNEÁRIO GAIVOTA; Móveis; TABLET; -; TABLET M10A 3G - PRETO 2+32GB; 15/07/2022; MANUTENÇÃO DA SECRETARIA DE EDUCAÇÃO; Ativo;R$ 683,37; Compra Normal
 PREFEITURA MUNICIPAL DE BALNEÁRIO GAIVOTA; Móveis; TABLET; -; TABLET M10A 3G - PRETO 2+32GB; 15/07/2022; MANUTENÇÃO DA SECRETARIA DE EDUCAÇÃO; Ativo;R$ 683,37; Compra Normal
 PREFEITURA MUNICIPAL DE BALNEÁRIO GAIVOTA; Móveis; TABLET; -; TABLET M10A 3G - PRETO 2+32GB; 15/07/2022; MANUTENÇÃO DA SECRETARIA DE EDUCAÇÃO; Ativo;R$ 683,37; Compra Normal
 PREFEITURA MUNICIPAL DE BALNEÁRIO GAIVOTA; Móveis; TABLET; -; TABLET M10A 3G - PRETO 2+32GB; 15/07/2022; MANUTENÇÃO DA SECRETARIA DE EDUCAÇÃO; Ativo;R$ 683,37; Compra Normal
 PREFEITURA MUNICIPAL DE BALNEÁRIO GAIVOTA; Móveis; TABLET; -; TABLET M10A 3G - PRETO 2+32GB; 15/07/2022; MANUTENÇÃO DA SECRETARIA DE EDUCAÇÃO; Ativo;R$ 683,37; Compra Normal
 PREFEITURA MUNICIPAL DE BALNEÁRIO GAIVOTA; Móveis; MONITORES; -; MONITOR LG LED 23.8P 24 MP400 IPS HDMI FULL HD 24 MP; 14/07/2022; MANUTENÇÃO DA SECRETARIA DE EDUCAÇÃO; Ativo;R$ 1.020,00; Compra Normal
 PREFEITURA MUNICIPAL DE BALNEÁRIO GAIVOTA; Móveis; COMPUTADOR; -; MONITOR LG LED; 13/07/2022; MANUTENÇÃO DA SECRETARIA DE EDUCAÇÃO; Ativo;R$ 1.020,00; Compra Normal
 PREFEITURA MUNICIPAL DE BALNEÁRIO GAIVOTA; Móveis; MONITORES; -; MONITOR LG LED; 13/07/2022; MANUTENÇÃO DA SECRETARIA DE EDUCAÇÃO; Ativo;R$ 1.020,00; Compra Normal
 PREFEITURA MUNICIPAL DE BALNEÁRIO GAIVOTA; Móveis; MONITORES; -; MONITOR LG LED; 13/07/2022; MANUTENÇÃO DA SECRETARIA DE EDUCAÇÃO; Ativo;R$ 1.020,00; Compra Normal
 PREFEITURA MUNICIPAL DE BALNEÁRIO GAIVOTA; Móveis; MONITORES; -; MONITOR LG LED; 13/07/2022; MANUTENÇÃO DA SECRETARIA DE EDUCAÇÃO; Ativo;R$ 1.020,00; Compra Normal
 PREFEITURA MUNICIPAL DE BALNEÁRIO GAIVOTA; Móveis; MONITORES; -; MONITOR LG LED; 13/07/2022; MANUTENÇÃO DA SECRETARIA DE EDUCAÇÃO; Ativo;R$ 1.020,00; Compra Normal
 PREFEITURA MUNICIPAL DE BALNEÁRIO GAIVOTA; Móveis; MONITORES; -; MONITOR LG LED; 13/07/2022; MANUTENÇÃO DA SECRETARIA DE EDUCAÇÃO; Ativo;R$ 1.020,00; Compra Normal
 PREFEITURA MUNICIPAL DE BALNEÁRIO GAIVOTA; Móveis; MONITORES; -; MONITOR LG LED; 13/07/2022; MANUTENÇÃO DA SECRETARIA DE EDUCAÇÃO; Ativo;R$ 1.020,00; Compra Normal
 PREFEITURA MUNICIPAL DE BALNEÁRIO GAIVOTA; Móveis; MONITORES; -; MONITOR LG LED; 13/07/2022; MANUTENÇÃO DA SECRETARIA DE EDUCAÇÃO; Ativo;R$ 1.020,00; Compra Normal
 PREFEITURA MUNICIPAL DE BALNEÁRIO GAIVOTA; Móveis; IMPRESSORA; -; MULTIFUNCIONAL EPSON COLORIDA; 06/07/2022; SAMAE; Ativo;R$ 1.786,00; Compra Normal
 PREFEITURA MUNICIPAL DE BALNEÁRIO GAIVOTA; Móveis; MESA; -; MESA DE ACRILICO; 04/07/2022; MANUTENÇÃO DA SECRETARIA DE ADMINISTRAÇÃ; Ativo;R$ 1.078,00; Compra Normal
 PREFEITURA MUNICIPAL DE BALNEÁRIO GAIVOTA; Móveis; PULPITO DE ACRILICO; -; PULPITO ACRILICO; 04/07/2022; SECRETÁRIO DA CULTURA; Ativo;R$ 2.200,00; Compra Normal
 CÂMARA MUNICIPAL BALNEÁRIO GAIVOTA; MOVEIS; Cod.: 8 - ELTRO DOMÉSTICOS;302; REFRIGERADOR ELETROLUX DF44 COR BRANCO 220V; 01/07/2022; CAMARA MUNICIPAL DE VEREADORES; Em uso;R$ 3.869,00; Compra
 PREFEITURA MUNICIPAL DE BALNEÁRIO GAIVOTA; Móveis; CADEIRA; -; CADEIRA ESCRITORIO EXECUTIVA; 30/06/2022; MANUTENÇÃO DA SECRETARIA DE ADMINISTRAÇÃ; Ativo;R$ 518,90; Compra Normal
 PREFEITURA MUNICIPAL DE BALNEÁRIO GAIVOTA; Móveis; LAVA ROUPA; -; LAVADORA ELECTROLUX; 01/06/2022; MANUTENÇÃO DA SECRETARIA DE EDUCAÇÃO; Ativo;R$ 2.599,00; Compra Normal
 PREFEITURA MUNICIPAL DE BALNEÁRIO GAIVOTA; Móveis; LAVA ROUPA; -; LAVADORA ELECTROLUX 16KG; 01/06/2022; MANUTENÇÃO DA SECRETARIA DE EDUCAÇÃO; Ativo;R$ 2.998,00; Compra Normal
 PREFEITURA MUNICIPAL DE BALNEÁRIO GAIVOTA; Móveis; NOTEBOOK; -; NOTEBOOK SAMSUNG NEW BOOK; 01/06/2022; FUNDO MUNICIPAL DE SAUDE; Ativo;R$ 4.050,00; Compra Normal
 PREFEITURA MUNICIPAL DE BALNEÁRIO GAIVOTA; Móveis; Arquivo de Aço; -; ARQUIVO DE AÇO 4 GAVETAS RCH COM TRILHO; 26/05/2022; MANUTENÇÃO DA SECRETARIA DE ADMINISTRAÇÃ; Ativo;R$ 1.170,00; Compra Normal
 PREFEITURA MUNICIPAL DE BALNEÁRIO GAIVOTA; Móveis; FOGÃO A GÁS; -; FOGÃOI INDUSTRIAL; 19/05/2022; MANUTENÇÃO DA SECRETARIA DE EDUCAÇÃO; Ativo;R$ 1.100,00; Compra Normal
 PREFEITURA MUNICIPAL DE BALNEÁRIO GAIVOTA; Móveis; COMPUTADOR; -; MICROCOMPUTADOR INTEL I5; 19/05/2022; MANUTENÇÃO DA SECRETARIA DE EDUCAÇÃO; Ativo;R$ 3.480,98; Compra Normal
 PREFEITURA MUNICIPAL DE BALNEÁRIO GAIVOTA; Móveis; COMPUTADOR; -; MICROCOMPUTADOR INTEL I5; 19/05/2022; MANUTENÇÃO DA SECRETARIA DE EDUCAÇÃO; Ativo;R$ 3.480,98; Compra Normal
 PREFEITURA MUNICIPAL DE BALNEÁRIO GAIVOTA; Móveis; Aparelho de Som.; -; CAIXA ACUSTICA PHILCO; 18/05/2022; MANUTENÇÃO DA SECRETARIA DE ADMINISTRAÇÃ; Ativo;R$ 1.099,00; Compra Normal
 PREFEITURA MUNICIPAL DE BALNEÁRIO GAIVOTA; Móveis; Bebedouro.; -; REFRIGERADOR ELECTROLUX BRANCO 122L; 13/05/2022; MANUTENÇÃO DO GABINETE DO PREFEITO; Ativo;R$ 2.431,00; Compra Normal
 PREFEITURA MUNICIPAL DE BALNEÁRIO GAIVOTA; Móveis; COMPUTADOR; -; MICRO COMPUTADOR  ROMAZE R1 COM SISTEMA WINDOWS 10 PROFESSIONAL; 25/04/2022; FUNDO MUNICIPAL DE SAUDE; Ativo;R$ 1.468,87; Compra Normal
 PREFEITURA MUNICIPAL DE BALNEÁRIO GAIVOTA; Móveis; COMPUTADOR; -; MICRO COMPUTADOR  ROMAZE R1 COM SISTEMA WINDOWS 10 PROFESSIONAL; 25/04/2022; FUNDO MUNICIPAL DE SAUDE; Ativo;R$ 1.468,87; Compra Normal
 PREFEITURA MUNICIPAL DE BALNEÁRIO GAIVOTA; Móveis; COMPUTADOR; -; MICRO COMPUTADOR  ROMAZE R1 COM SISTEMA WINDOWS 10 PROFESSIONAL; 25/04/2022; FUNDO MUNICIPAL DE SAUDE; Ativo;R$ 1.468,87; Compra Normal
 PREFEITURA MUNICIPAL DE BALNEÁRIO GAIVOTA; Móveis; COMPUTADOR; -; MICRO COMPUTADOR  ROMAZE R1 COM SISTEMA WINDOWS 10 PROFESSIONAL; 25/04/2022; FUNDO MUNICIPAL DE SAUDE; Ativo;R$ 1.468,87; Compra Normal
 PREFEITURA MUNICIPAL DE BALNEÁRIO GAIVOTA; Móveis; TAMPO DE MESA MDF; -; TAMPO MESA MPDF BRANCO; 06/04/2022; DIRETORIA DE MEIO AMBIENTE; Ativo;R$ 800,00; Compra Normal
 PREFEITURA MUNICIPAL DE BALNEÁRIO GAIVOTA; Móveis; Balcão; -; BALCÃO ATENDIMENTO MDF BRANCO; 06/04/2022; DIRETORIA DE MEIO AMBIENTE; Ativo;R$ 2.750,00; Compra Normal
 PREFEITURA MUNICIPAL DE BALNEÁRIO GAIVOTA; Móveis; CADEIRA; -; CADEIRA ESCRITORIO EXECUTIVA; 06/04/2022; DIRETORIA DE MEIO AMBIENTE; Ativo;R$ 518,90; Compra Normal
 PREFEITURA MUNICIPAL DE BALNEÁRIO GAIVOTA; Móveis; IMPRESSORA; -; IMPRESSORA MULTIFUNCIONAL HP LASERMONO M426DW; 05/04/2022; MANUTENÇÃO DA SECRETARIA DE EDUCAÇÃO; Ativo;R$ 4.180,00; Compra Normal
 PREFEITURA MUNICIPAL DE BALNEÁRIO GAIVOTA; Móveis; Balcão; -; BALCÃO SALMAR SMART 1,60MT; 01/04/2022; MANUTENÇÃO DA SECRETARIA DE EDUCAÇÃO; Ativo;R$ 892,90; Compra Normal
 PREFEITURA MUNICIPAL DE BALNEÁRIO GAIVOTA; Móveis; Balcão; -; BALCÃO SALMAR SMART 1,60MT; 01/04/2022; MANUTENÇÃO DA SECRETARIA DE EDUCAÇÃO; Ativo;R$ 892,90; Compra Normal
 PREFEITURA MUNICIPAL DE BALNEÁRIO GAIVOTA; Móveis; TENDA; -; TENDA GAZEBO PARA UTILIZAÇÃO E MANUTENÇÃO DE USO DA SECRETARIA DE SAÚDE; 31/03/2022; FUNDO MUNICIPAL DE SAUDE; Ativo;R$ 728,00; Compra Normal
 PREFEITURA MUNICIPAL DE BALNEÁRIO GAIVOTA; Móveis; MANGUEIRA; -; MANGUEIRA PARA SOLDA, TOCHA P/MIG5,0MT 103736 PLUS 15 XW155 OXIMIG - OXIMIG; 31/03/2022; MANUTENÇÃO DA SECRETARIA DE OBRAS E SERV; Ativo;R$ 847,00; Compra Normal
 PREFEITURA MUNICIPAL DE BALNEÁRIO GAIVOTA; Móveis; Bebedouro.; -; BEBEDOURO AGRATTO BRANCO; 31/03/2022; MANUTENÇÃO DA SECRETARIA DE ADMINISTRAÇÃ; Ativo;R$ 472,00; Compra Normal
 PREFEITURA MUNICIPAL DE BALNEÁRIO GAIVOTA; Móveis; MICROONDAS; -; MICROONDAS ELECTROLUX BRANCO; 31/03/2022; MANUTENÇÃO DA SECRETARIA DE ADMINISTRAÇÃ; Ativo;R$ 611,90; Compra Normal
 PREFEITURA MUNICIPAL DE BALNEÁRIO GAIVOTA; Móveis; CADEIRA; -; POLTRONA DIPLOMATA BALI CHAMP; 31/03/2022; MANUTENÇÃO DA SECRETARIA DE ADMINISTRAÇÃ; Ativo;R$ 1.059,00; Compra Normal
 PREFEITURA MUNICIPAL DE BALNEÁRIO GAIVOTA; Móveis; CADEIRA; -; POLTRONA DIPLOMATA BALI CHAMP; 31/03/2022; MANUTENÇÃO DO GABINETE DO PREFEITO; Ativo;R$ 1.059,00; Compra Normal
 PREFEITURA MUNICIPAL DE BALNEÁRIO GAIVOTA; Móveis; CADEIRA; -; POLTRONA DIPLOMATA BALI CHAMP; 31/03/2022; MANUTENÇÃO DO GABINETE DO PREFEITO; Ativo;R$ 1.059,00; Compra Normal
 PREFEITURA MUNICIPAL DE BALNEÁRIO GAIVOTA; Móveis; CADEIRA; -; TV AOC 43 POL SMART LED FULL HD HDMI; 31/03/2022; MANUTENÇÃO DO GABINETE DO PREFEITO; Ativo;R$ 2.798,00; Compra Normal
 CÂMARA MUNICIPAL BALNEÁRIO GAIVOTA; MOVEIS; Cod.: 4 - MESAS;301; MESA RETA 25MM PAINEL  1200X600 NG/PR; 31/03/2022; CAMARA MUNICIPAL DE VEREADORES; Em uso;R$ 398,00; Compra
 PREFEITURA MUNICIPAL DE BALNEÁRIO GAIVOTA; Móveis; Ar Condicionado; -; AR CONDICIONADO 9.000 BTU'S AGRATTO; 29/03/2022; MANUTENÇÃO DA SECRETARIA DE ADMINISTRAÇÃ; Ativo;R$ 1.770,00; Compra Normal
 PREFEITURA MUNICIPAL DE BALNEÁRIO GAIVOTA; Móveis; Ar Condicionado; -; AR CONDICIONADO 9.000 BTU'S AGRATTO; 29/03/2022; MANUTENÇÃO DA SECRETARIA DE ADMINISTRAÇÃ; Ativo;R$ 1.770,00; Compra Normal
 PREFEITURA MUNICIPAL DE BALNEÁRIO GAIVOTA; Móveis; Ar Condicionado; -; AR CONDICIONADO 9.000 BTU'S AGRATTO; 29/03/2022; MANUTENÇÃO DA SECRETARIA DE ADMINISTRAÇÃ; Ativo;R$ 1.770,00; Compra Normal
 PREFEITURA MUNICIPAL DE BALNEÁRIO GAIVOTA; Móveis; CADEIRA; -; CADEIRA ESCRITORIO EXECUTIVA; 29/03/2022; MANUTENÇÃO DA SECRETARIA DE ADMINISTRAÇÃ; Ativo;R$ 518,90; Compra Normal
 PREFEITURA MUNICIPAL DE BALNEÁRIO GAIVOTA; Móveis; CADEIRA; -; CADEIRA ESCRITORIO EXECUTIVA; 29/03/2022; MANUTENÇÃO DA SECRETARIA DE ADMINISTRAÇÃ; Ativo;R$ 518,90; Compra Normal
 PREFEITURA MUNICIPAL DE BALNEÁRIO GAIVOTA; Móveis; Ar Condicionado; -; AR CONDICIONADO 9.000 BTU´S SPLIT 220V AGRATTO; 29/03/2022; MANUTENÇÃO DA SECRETARIA DE ADMINISTRAÇÃ; Ativo;R$ 1.770,00; Compra Normal
 PREFEITURA MUNICIPAL DE BALNEÁRIO GAIVOTA; Móveis; Ar Condicionado; -; AR CONDICIONADO 9.000 BTU´S SPLIT 220V AGRATTO; 29/03/2022; MANUTENÇÃO DA SECRETARIA DE ADMINISTRAÇÃ; Ativo;R$ 1.770,00; Compra Normal
 PREFEITURA MUNICIPAL DE BALNEÁRIO GAIVOTA; Móveis; Ar Condicionado; -; AR CONDICIONADO 9.000 BTUS SPLIT AGRATTO; 29/03/2022; FUNDO MUNICIPAL DE SAUDE; Ativo;R$ 1.770,00; Compra Normal
 PREFEITURA MUNICIPAL DE BALNEÁRIO GAIVOTA; Móveis; Ar Condicionado; -; AR CONDICIONADO 9.000 BTUS SPLIT AGRATTO; 29/03/2022; FUNDO MUNICIPAL DE SAUDE; Ativo;R$ 1.770,00; Compra Normal
 PREFEITURA MUNICIPAL DE BALNEÁRIO GAIVOTA; Móveis; Ar Condicionado; -; AR CONDICIONADO 9.000 BTUS SPLIT AGRATTO; 29/03/2022; FUNDO MUNICIPAL DE SAUDE; Ativo;R$ 1.770,00; Compra Normal
 PREFEITURA MUNICIPAL DE BALNEÁRIO GAIVOTA; Móveis; Ar Condicionado; -; AR CONDICIONADO 9.000 BTUS SPLIT AGRATTO; 29/03/2022; FUNDO MUNICIPAL DE SAUDE; Ativo;R$ 1.770,00; Compra Normal
 PREFEITURA MUNICIPAL DE BALNEÁRIO GAIVOTA; Móveis; Ar Condicionado; -; AR CONDICIONADO 9.000 BTUS SPLIT AGRATTO; 29/03/2022; FUNDO MUNICIPAL DE SAUDE; Ativo;R$ 1.770,00; Compra Normal
 PREFEITURA MUNICIPAL DE BALNEÁRIO GAIVOTA; Móveis; EQUIPAMENTOS MÉDICOS; -; APARELHO ELETRO ESTIMULADOR NEURODYN II; 25/03/2022; FUNDO MUNICIPAL DE SAUDE; Ativo;R$ 2.598,00; Compra Normal
 PREFEITURA MUNICIPAL DE BALNEÁRIO GAIVOTA; Móveis; EQUIPAMENTOS MÉDICOS; -; APARELHO ULTRASSOM 1MHZ S35 SONOPULSE COMPACT IBRAMED BIVOLT; 25/03/2022; FUNDO MUNICIPAL DE SAUDE; Ativo;R$ 1.478,00; Compra Normal
 PREFEITURA MUNICIPAL DE BALNEÁRIO GAIVOTA; Móveis; CADEIRA; -; CADEIRA PRESIDENTE MONOBLOCO COM BRAÇO; 25/03/2022; MANUTENÇÃO DA SECRETARIA DE ADMINISTRAÇÃ; Ativo;R$ 839,49; Compra Normal
 PREFEITURA MUNICIPAL DE BALNEÁRIO GAIVOTA; Móveis; CADEIRA; -; CADEIRA PRESIDENTE MONOBLOCO COM BRAÇO; 25/03/2022; MANUTENÇÃO DA SECRETARIA DE ADMINISTRAÇÃ; Ativo;R$ 839,49; Compra Normal
 PREFEITURA MUNICIPAL DE BALNEÁRIO GAIVOTA; Móveis; Quadro; -; QUADRO BRANCO MOLDURA EM ALUMINIO STALO; 23/03/2022; MANUTENÇÃO DO CONSELHO TUTELAR; Ativo;R$ 528,00; Compra Normal
 PREFEITURA MUNICIPAL DE BALNEÁRIO GAIVOTA; Móveis; Quadro; -; QUADRO BRANCO COM MOLDURA EM ALUMINIO STALO; 23/03/2022; MANUTENÇÃO DA SECRETARIA DE EDUCAÇÃO; Ativo;R$ 528,00; Compra Normal
 PREFEITURA MUNICIPAL DE BALNEÁRIO GAIVOTA; Móveis; Quadro; -; QUADRO BRANCO COM MOLDURA EM ALUMINIO STALO; 23/03/2022; MANUTENÇÃO DA SECRETARIA DE EDUCAÇÃO; Ativo;R$ 528,00; Compra Normal
 PREFEITURA MUNICIPAL DE BALNEÁRIO GAIVOTA; Móveis; Quadro; -; QUADRO BRANCO COM MOLDURA EM ALUMINIO STALO; 23/03/2022; MANUTENÇÃO DA SECRETARIA DE EDUCAÇÃO; Ativo;R$ 528,00; Compra Normal
 PREFEITURA MUNICIPAL DE BALNEÁRIO GAIVOTA; Móveis; Quadro; -; QUADRO BRANCO COM MOLDURA EM ALUMINIO STALO; 23/03/2022; MANUTENÇÃO DA SECRETARIA DE EDUCAÇÃO; Ativo;R$ 528,00; Compra Normal
 PREFEITURA MUNICIPAL DE BALNEÁRIO GAIVOTA; Móveis; Quadro; -; QUADRO BRANCO COM MOLDURA EM ALUMINIO STALO; 23/03/2022; MANUTENÇÃO DA SECRETARIA DE EDUCAÇÃO; Ativo;R$ 528,00; Compra Normal
 PREFEITURA MUNICIPAL DE BALNEÁRIO GAIVOTA; Móveis; ESCAVADEIRA; -; ESCAVADEIRA HIDRÁULICA; 22/03/2022; DIRETORIA DE AGRICULTURA; Ativo;R$ 1.550.000,00; Compra Normal
 PREFEITURA MUNICIPAL DE BALNEÁRIO GAIVOTA; Móveis; NOTEBOOK; -; NOTEBOOK LENOVO IDEAPAD 3; 21/03/2022; MANUTENÇÃO DA SECRETARIA DE ADMINISTRAÇÃ; Ativo;R$ 5.010,00; Compra Normal
 PREFEITURA MUNICIPAL DE BALNEÁRIO GAIVOTA; Móveis; PIA EM GRANITO; -; PIA DE GRANITO COM CUBAS DE 2,50M; 18/03/2022; MANUTENÇÃO DA SECRETARIA DE EDUCAÇÃO; Ativo;R$ 2.250,00; Compra Normal
 PREFEITURA MUNICIPAL DE BALNEÁRIO GAIVOTA; Móveis; CADEIRA; -; CADEIRA ESCRITORIO EXECUTIVA; 17/03/2022; MANUTENÇÃO DA SECRETARIA DE ADMINISTRAÇÃ; Ativo;R$ 519,90; Compra Normal
 PREFEITURA MUNICIPAL DE BALNEÁRIO GAIVOTA; Móveis; IMPRESSORA; -; IMPRESSORA MULTIFUNCIONAL HP LASERMONO M426DW; 17/03/2022; MANUTENÇÃO DA SECRETARIA DE ADMINISTRAÇÃ; Ativo;R$ 4.180,00; Compra Normal
 PREFEITURA MUNICIPAL DE BALNEÁRIO GAIVOTA; Móveis; Longarina Secretária; -; LONGARINA DE 3 LUGARES; 17/03/2022; DIRETORIA DE MEIO AMBIENTE; Ativo;R$ 593,00; Compra Normal
 PREFEITURA MUNICIPAL DE BALNEÁRIO GAIVOTA; Móveis; BANCADA; -; BALCÕES 1,60M; 17/03/2022; MANUTENÇÃO DA SECRETARIA DE EDUCAÇÃO; Ativo;R$ 1.890,00; Compra Normal
 PREFEITURA MUNICIPAL DE BALNEÁRIO GAIVOTA; Móveis; Balcão; -; BALCÃO 1,60M; 17/03/2022; MANUTENÇÃO DA SECRETARIA DE EDUCAÇÃO; Ativo;R$ 600,00; Compra Normal
 PREFEITURA MUNICIPAL DE BALNEÁRIO GAIVOTA; Móveis; Balcão; -; BALCÃO 1,60M; 17/03/2022; MANUTENÇÃO DA SECRETARIA DE EDUCAÇÃO; Ativo;R$ 600,00; Compra Normal
 PREFEITURA MUNICIPAL DE BALNEÁRIO GAIVOTA; Móveis; PIA EM GRANITO; -; PIA C/ CUBA 2,5M GRANITO; 17/03/2022; MANUTENÇÃO DA SECRETARIA DE EDUCAÇÃO; Ativo;R$ 1.260,00; Compra Normal
 PREFEITURA MUNICIPAL DE BALNEÁRIO GAIVOTA; Móveis; Balcão; -; BALCÃO PARA RECEPÇÃO/ATENDIMENTO DO POSTO CENTRAL; 15/03/2022; FUNDO MUNICIPAL DE SAUDE; Ativo;R$ 9.000,00; Compra Normal
 PREFEITURA MUNICIPAL DE BALNEÁRIO GAIVOTA; Móveis; MESA; -; MESA 1,20 M SECRETARIA INCOFLEX; 14/03/2022; MANUTENÇÃO DA SECRETARIA DE ADMINISTRAÇÃ; Ativo;R$ 413,00; Compra Normal
 PREFEITURA MUNICIPAL DE BALNEÁRIO GAIVOTA; Móveis; Carro; -; SPRINTER FURGÃO 416 EXTRA LONGA; 11/03/2022; MANUTENÇÃO DA SECRETARIA DE EDUCAÇÃO; Ativo;R$ 189.950,00; Compra Normal
 PREFEITURA MUNICIPAL DE BALNEÁRIO GAIVOTA; Móveis; CADEIRA; -; CADEIRA ESCRITORIO EXECUTIVA; 03/03/2022; MANUTENÇÃO DA SECRETARIA DE ADMINISTRAÇÃ; Ativo;R$ 518,90; Compra Normal
 PREFEITURA MUNICIPAL DE BALNEÁRIO GAIVOTA; Móveis; COMPUTADOR; -; COMPUTADOR; 03/03/2022; MANUTENÇÃO DA SECRETARIA DE ADMINISTRAÇÃ; Ativo;R$ 2.320,00; Compra Normal
 PREFEITURA MUNICIPAL DE BALNEÁRIO GAIVOTA; Móveis; CADEIRA; -; CADEIRA ESCRITORIO EXECUTIVA; 03/03/2022; MANUTENÇÃO DA SECRETARIA DE ADMINISTRAÇÃ; Ativo;R$ 518,00; Compra Normal
 PREFEITURA MUNICIPAL DE BALNEÁRIO GAIVOTA; Móveis; CADEIRA; -; CADEIRA ESCRITORIO EXECUTIVA; 03/03/2022; MANUTENÇÃO DA SECRETARIA DE ADMINISTRAÇÃ; Ativo;R$ 518,00; Compra Normal
 PREFEITURA MUNICIPAL DE BALNEÁRIO GAIVOTA; Móveis; Balcão; -; BALCÃO KAPPESBERG 2PORTAS ESPAÇO P/ LIVROS CARV FRANCES; 03/03/2022; MANUTENÇÃO DO GABINETE DO PREFEITO; Ativo;R$ 1.188,00; Compra Normal
 PREFEITURA MUNICIPAL DE BALNEÁRIO GAIVOTA; Móveis; Balcão; -; BALCÃO ARQUIVO KAPPESBERG 2 GAVETA COM CHAVE; 03/03/2022; MANUTENÇÃO DO GABINETE DO PREFEITO; Ativo;R$ 875,00; Compra Normal
 PREFEITURA MUNICIPAL DE BALNEÁRIO GAIVOTA; Móveis; CADEIRA; -; CADEIRA MOBILAN PRESIDENTE; 03/03/2022; MANUTENÇÃO DO GABINETE DO PREFEITO; Ativo;R$ 1.899,00; Compra Normal
 PREFEITURA MUNICIPAL DE BALNEÁRIO GAIVOTA; Móveis; Conexão canto; -; CONEXÃO KAPPESBERG CANTO; 03/03/2022; MANUTENÇÃO DO GABINETE DO PREFEITO; Ativo;R$ 390,00; Compra Normal
 PREFEITURA MUNICIPAL DE BALNEÁRIO GAIVOTA; Móveis; MESA; -; MESA KAPPESBERG DIRETOR 1,50M; 03/03/2022; MANUTENÇÃO DO GABINETE DO PREFEITO; Ativo;R$ 1.078,00; Compra Normal
 PREFEITURA MUNICIPAL DE BALNEÁRIO GAIVOTA; Móveis; POLTRONA; -; POLTRONA SERRANO LAURA; 03/03/2022; MANUTENÇÃO DO GABINETE DO PREFEITO; Ativo;R$ 998,00; Compra Normal
 PREFEITURA MUNICIPAL DE BALNEÁRIO GAIVOTA; Móveis; POLTRONA; -; POLTRONA SERRANO LAURA; 03/03/2022; MANUTENÇÃO DO GABINETE DO PREFEITO; Ativo;R$ 998,00; Compra Normal
 PREFEITURA MUNICIPAL DE BALNEÁRIO GAIVOTA; Móveis; POLTRONA; -; BALCÃO KAPPESBERG 2PTS ESPAÇO P/ LIVROS; 03/03/2022; MANUTENÇÃO DO GABINETE DO PREFEITO; Ativo;R$ 1.188,00; Compra Normal
 PREFEITURA MUNICIPAL DE BALNEÁRIO GAIVOTA; Móveis; MESA; -; MESA REUNIÃO; 03/03/2022; MANUTENÇÃO DO GABINETE DO PREFEITO; Ativo;R$ 1.370,00; Compra Normal
 PREFEITURA MUNICIPAL DE BALNEÁRIO GAIVOTA; Móveis; MESA; -; MESA 1,50M KAPPESBERG; 03/03/2022; MANUTENÇÃO DO GABINETE DO PREFEITO; Ativo;R$ 1.078,00; Compra Normal
 PREFEITURA MUNICIPAL DE BALNEÁRIO GAIVOTA; Móveis; Bebedouro.; -; BEBEDOURO ELETROLUX BRANCO; 02/03/2022; MANUTENÇÃO DO GABINETE DO PREFEITO; Ativo;R$ 850,00; Compra Normal
 PREFEITURA MUNICIPAL DE BALNEÁRIO GAIVOTA; Móveis; Carro; -; CARRO KWID; 24/02/2022; MANUTENÇÃO DA SECRETARIA DE ADMINISTRAÇÃ; Ativo;R$ 58.490,00; Compra Normal
 PREFEITURA MUNICIPAL DE BALNEÁRIO GAIVOTA; Móveis; COMPUTADOR; -; MICROCOMPUTADOR INTEL I5; 18/02/2022; MANUTENÇÃO DA SECRETARIA DE ADMINISTRAÇÃ; Ativo;R$ 3.649,00; Compra Normal
 PREFEITURA MUNICIPAL DE BALNEÁRIO GAIVOTA; Móveis; IMPRESSORA; -; MULTIFUNCIONAL EPSON COLORIDA; 15/02/2022; DIRETORIA DE AGRICULTURA; Ativo;R$ 1.534,00; Compra Normal
 PREFEITURA MUNICIPAL DE BALNEÁRIO GAIVOTA; Móveis; Armário; -; ARMARIO FECHADO COM 2 PORTAS COM CHAVE; 14/02/2022; MANUTENÇÃO DA SECRETARIA DE ADMINISTRAÇÃ; Ativo;R$ 595,00; Compra Normal
 PREFEITURA MUNICIPAL DE BALNEÁRIO GAIVOTA; Móveis; Armário; -; ARMARIO VERSATIL COM 2 PORTA INCOFLEX; 14/02/2022; MANUTENÇÃO DA SECRETARIA DE ADMINISTRAÇÃ; Ativo;R$ 341,00; Compra Normal
 PREFEITURA MUNICIPAL DE BALNEÁRIO GAIVOTA; Móveis; MESA; -; MESA 1,20M SECRETARIA INCOFLEX CINZA; 14/02/2022; MANUTENÇÃO DA SECRETARIA DE ADMINISTRAÇÃ; Ativo;R$ 413,00; Compra Normal
 PREFEITURA MUNICIPAL DE BALNEÁRIO GAIVOTA; Móveis; MESA; -; MESA EM L INCOFLEX COM 2 GAVETAS; 14/02/2022; MANUTENÇÃO DA SECRETARIA DE ADMINISTRAÇÃ; Ativo;R$ 1.444,00; Compra Normal
 PREFEITURA MUNICIPAL DE BALNEÁRIO GAIVOTA; Móveis; TABLET; -; TABLETSAMSUNG T505N TAB A7 10.4 4G GFT ZF; 09/02/2022; DIRETORIA DE MEIO AMBIENTE; Ativo;R$ 1.425,00; Compra Normal
 PREFEITURA MUNICIPAL DE BALNEÁRIO GAIVOTA; Móveis; TABLET; -; TABLETSAMSUNG T505N TAB A7 10.4 4G GFT ZF; 09/02/2022; MANUTENÇÃO DA SECRETARIA DE ADMINISTRAÇÃ; Ativo;R$ 1.425,00; Compra Normal
 PREFEITURA MUNICIPAL DE BALNEÁRIO GAIVOTA; Móveis; TABLET; -; TABLETSAMSUNG T505N TAB A7 10.4 4G GFT ZF; 09/02/2022; MANUTENÇÃO DA SECRETARIA DE ADMINISTRAÇÃ; Ativo;R$ 1.425,00; Compra Normal
 PREFEITURA MUNICIPAL DE BALNEÁRIO GAIVOTA; Móveis; TABLET; -; TABLETSAMSUNG T505N TAB A7 10.4 4G GFT ZF; 09/02/2022; MANUTENÇÃO DO GABINETE DO PREFEITO; Ativo;R$ 1.425,00; Compra Normal
 PREFEITURA MUNICIPAL DE BALNEÁRIO GAIVOTA; Móveis; TABLET; -; TABLETSAMSUNG T505N TAB A7 10.4 4G GFT ZF; 09/02/2022; FUNDO MUNICIPAL DE SAUDE; Ativo;R$ 1.425,00; Compra Normal
 PREFEITURA MUNICIPAL DE BALNEÁRIO GAIVOTA; Móveis; TABLET; -; TABLET SAMSUNG A7; 09/02/2022; FUNDO MUNICIPAL DE SAUDE; Ativo;R$ 1.425,00; Compra Normal
 PREFEITURA MUNICIPAL DE BALNEÁRIO GAIVOTA; Móveis; TABLET; -; CAMINHA EMPILHAVEL CRESCER; 09/02/2022; FUNDO MUNICIPAL DE SAUDE; Ativo;R$ 1.425,00; Compra Normal
 PREFEITURA MUNICIPAL DE BALNEÁRIO GAIVOTA; Móveis; TABLET; -; TABLET SAMSUNG A7; 09/02/2022; FUNDO MUNICIPAL DE SAUDE; Ativo;R$ 1.425,00; Compra Normal
 PREFEITURA MUNICIPAL DE BALNEÁRIO GAIVOTA; Móveis; TABLET; -; TABLET SAMSUNG A7; 09/02/2022; FUNDO MUNICIPAL DE SAUDE; Ativo;R$ 1.425,00; Compra Normal
 PREFEITURA MUNICIPAL DE BALNEÁRIO GAIVOTA; Móveis; TABLET; -; TABLET SAMSUNG A7; 09/02/2022; FUNDO MUNICIPAL DE SAUDE; Ativo;R$ 1.425,00; Compra Normal
 PREFEITURA MUNICIPAL DE BALNEÁRIO GAIVOTA; Móveis; TABLET; -; TABLET SAMSUNG A7; 09/02/2022; FUNDO MUNICIPAL DE SAUDE; Ativo;R$ 1.425,00; Compra Normal
 PREFEITURA MUNICIPAL DE BALNEÁRIO GAIVOTA; Móveis; TABLET; -; TABLET SAMSUNG A7; 09/02/2022; FUNDO MUNICIPAL DE SAUDE; Ativo;R$ 1.425,00; Compra Normal
 PREFEITURA MUNICIPAL DE BALNEÁRIO GAIVOTA; Móveis; TABLET; -; TABLET SAMSUNG A7; 09/02/2022; FUNDO MUNICIPAL DE SAUDE; Ativo;R$ 1.425,00; Compra Normal
 PREFEITURA MUNICIPAL DE BALNEÁRIO GAIVOTA; Móveis; TABLET; -; TABLET SAMSUNG A7; 09/02/2022; FUNDO MUNICIPAL DE SAUDE; Ativo;R$ 1.425,00; Compra Normal
 PREFEITURA MUNICIPAL DE BALNEÁRIO GAIVOTA; Móveis; TABLET; -; TABLET SAMSUNG A7; 09/02/2022; FUNDO MUNICIPAL DE SAUDE; Ativo;R$ 1.425,00; Compra Normal
 PREFEITURA MUNICIPAL DE BALNEÁRIO GAIVOTA; Móveis; TABLET; -; TABLET SAMSUNG A7; 09/02/2022; FUNDO MUNICIPAL DE SAUDE; Ativo;R$ 1.425,00; Compra Normal
 PREFEITURA MUNICIPAL DE BALNEÁRIO GAIVOTA; Móveis; TABLET; -; TABLET SAMSUNG A7; 09/02/2022; FUNDO MUNICIPAL DE SAUDE; Ativo;R$ 1.425,00; Compra Normal
 PREFEITURA MUNICIPAL DE BALNEÁRIO GAIVOTA; Móveis; TABLET; -; TABLET SAMSUNG A7; 09/02/2022; FUNDO MUNICIPAL DE SAUDE; Ativo;R$ 1.425,00; Compra Normal
 PREFEITURA MUNICIPAL DE BALNEÁRIO GAIVOTA; Móveis; TABLET; -; TABLET SAMSUNG A7; 09/02/2022; FUNDO MUNICIPAL DE SAUDE; Ativo;R$ 1.425,00; Compra Normal
 PREFEITURA MUNICIPAL DE BALNEÁRIO GAIVOTA; Móveis; TABLET; -; TABLET SAMSUNG A7; 09/02/2022; FUNDO MUNICIPAL DE SAUDE; Ativo;R$ 1.425,00; Compra Normal
 PREFEITURA MUNICIPAL DE BALNEÁRIO GAIVOTA; Móveis; TABLET; -; TABLET SAMSUNG A7; 09/02/2022; FUNDO MUNICIPAL DE SAUDE; Ativo;R$ 1.425,00; Compra Normal
 PREFEITURA MUNICIPAL DE BALNEÁRIO GAIVOTA; Móveis; TABLET; -; TABLET SAMSUNG A7; 09/02/2022; FUNDO MUNICIPAL DE SAUDE; Ativo;R$ 1.425,00; Compra Normal
 PREFEITURA MUNICIPAL DE BALNEÁRIO GAIVOTA; Móveis; TABLET; -; TABLET SAMSUNG A7; 09/02/2022; FUNDO MUNICIPAL DE SAUDE; Ativo;R$ 1.425,00; Compra Normal
 PREFEITURA MUNICIPAL DE BALNEÁRIO GAIVOTA; Móveis; TABLET; -; TABLET SAMSUNG A7; 09/02/2022; FUNDO MUNICIPAL DE SAUDE; Ativo;R$ 1.425,00; Compra Normal
 PREFEITURA MUNICIPAL DE BALNEÁRIO GAIVOTA; Móveis; TABLET; -; TABLET SAMSUNG A7; 09/02/2022; FUNDO MUNICIPAL DE SAUDE; Ativo;R$ 1.425,00; Compra Normal
 PREFEITURA MUNICIPAL DE BALNEÁRIO GAIVOTA; Móveis; TABLET; -; TABLET SAMSUNG A7; 09/02/2022; FUNDO MUNICIPAL DE SAUDE; Ativo;R$ 1.425,00; Compra Normal
 PREFEITURA MUNICIPAL DE BALNEÁRIO GAIVOTA; Móveis; TABLET; -; TABLET SAMSUNG A7; 09/02/2022; FUNDO MUNICIPAL DE SAUDE; Ativo;R$ 1.425,00; Compra Normal
 PREFEITURA MUNICIPAL DE BALNEÁRIO GAIVOTA; Móveis; TABLET; -; TABLET SAMSUNG A7; 09/02/2022; FUNDO MUNICIPAL DE SAUDE; Ativo;R$ 1.425,00; Compra Normal
 PREFEITURA MUNICIPAL DE BALNEÁRIO GAIVOTA; Móveis; TABLET; -; TABLET SAMSUNG A7; 09/02/2022; FUNDO MUNICIPAL DE SAUDE; Ativo;R$ 1.425,00; Compra Normal
 PREFEITURA MUNICIPAL DE BALNEÁRIO GAIVOTA; Móveis; TABLET; -; TABLET SAMSUNG A7; 09/02/2022; FUNDO MUNICIPAL DE SAUDE; Ativo;R$ 1.425,00; Compra Normal
 PREFEITURA MUNICIPAL DE BALNEÁRIO GAIVOTA; Móveis; ROÇADEIRA; -; ROÇADEIRA; 08/02/2022; MANUTENÇÃO DA SECRETARIA DE OBRAS E SERV; Ativo;R$ 3.365,00; Compra Normal
 PREFEITURA MUNICIPAL DE BALNEÁRIO GAIVOTA; Móveis; CADEIRA; -; CADEIRA ESCRITORIO EXECUTIVA; 03/02/2022; MANUTENÇÃO DA SECRETARIA DE ADMINISTRAÇÃ; Ativo;R$ 518,90; Compra Normal
 PREFEITURA MUNICIPAL DE BALNEÁRIO GAIVOTA; Móveis; CADEIRA; -; CADEIRA ESCRITORIO EXECUTIVA; 03/02/2022; MANUTENÇÃO DA SECRETARIA DE ADMINISTRAÇÃ; Ativo;R$ 518,90; Compra Normal
 PREFEITURA MUNICIPAL DE BALNEÁRIO GAIVOTA; Móveis; NOTEBOOK; -; NOTEBOOK ACER; 03/02/2022; FUNDO MUNICIPAL DE SAUDE; Ativo;R$ 5.010,00; Compra Normal
 CÂMARA MUNICIPAL BALNEÁRIO GAIVOTA; MOVEIS; Cod.: 7 - MOVEIS;307; conjunto de balcão banheiro new fox branco com lavabo cor branco; 03/02/2022; CAMARA MUNICIPAL DE VEREADORES; Em uso;R$ 730,03; Compra
 PREFEITURA MUNICIPAL DE BALNEÁRIO GAIVOTA; Móveis; Armário; -; ARMARIO FECHADO 02 PORTAS COM CHAVES INCOFLEX; 27/01/2022; MANUTENÇÃO DA SECRETARIA DE EDUCAÇÃO; Ativo;R$ 595,00; Compra Normal
 PREFEITURA MUNICIPAL DE BALNEÁRIO GAIVOTA; Móveis; Armário; -; ARMARIO FECHADO 02 PORTAS COM CHAVES INCOFLEX; 27/01/2022; MANUTENÇÃO DA SECRETARIA DE EDUCAÇÃO; Ativo;R$ 595,00; Compra Normal
 PREFEITURA MUNICIPAL DE BALNEÁRIO GAIVOTA; Móveis; Armário; -; ARMARIO FECHADO 02 PORTAS COM CHAVES INCOFLEX; 27/01/2022; MANUTENÇÃO DA SECRETARIA DE EDUCAÇÃO; Ativo;R$ 595,00; Compra Normal
 PREFEITURA MUNICIPAL DE BALNEÁRIO GAIVOTA; Móveis; MESA; -; MESA 1.50X0.60X0.735 INCOFLEX C/ GAVETAS; 27/01/2022; MANUTENÇÃO DA SECRETARIA DE EDUCAÇÃO; Ativo;R$ 423,00; Compra Normal
 PREFEITURA MUNICIPAL DE BALNEÁRIO GAIVOTA; Móveis; MESA; -; MESA 1.50X0.60X0.735 INCOFLEX C/ GAVETAS; 27/01/2022; MANUTENÇÃO DA SECRETARIA DE EDUCAÇÃO; Ativo;R$ 423,00; Compra Normal
 PREFEITURA MUNICIPAL DE BALNEÁRIO GAIVOTA; Móveis; MESA; -; MESA 1.50X0.60X0.735 INCOFLEX C/ GAVETAS; 27/01/2022; MANUTENÇÃO DA SECRETARIA DE EDUCAÇÃO; Ativo;R$ 423,00; Compra Normal
 PREFEITURA MUNICIPAL DE BALNEÁRIO GAIVOTA; Móveis; MESA; -; MESA 1.50X0.60X0.735 INCOFLEX C/ GAVETAS; 27/01/2022; MANUTENÇÃO DA SECRETARIA DE EDUCAÇÃO; Ativo;R$ 423,00; Compra Normal
 PREFEITURA MUNICIPAL DE BALNEÁRIO GAIVOTA; Móveis; MESA; -; MESA 1.50X0.60X0.735 INCOFLEX C/ GAVETAS; 27/01/2022; MANUTENÇÃO DA SECRETARIA DE EDUCAÇÃO; Ativo;R$ 423,00; Compra Normal
 PREFEITURA MUNICIPAL DE BALNEÁRIO GAIVOTA; Móveis; Ar Condicionado; -; AR CONDICIONADO 9.000 BTU'S APLIT 220V AGRATTO; 27/01/2022; MANUTENÇÃO DA SECRETARIA DE EDUCAÇÃO; Ativo;R$ 1.770,00; Compra Normal
 PREFEITURA MUNICIPAL DE BALNEÁRIO GAIVOTA; Móveis; TELEVISOR; -; SMART TV HQTV32NY 32 POL; 27/01/2022; MANUTENÇÃO DA SECRETARIA DE EDUCAÇÃO; Ativo;R$ 1.498,30; Compra Normal
 PREFEITURA MUNICIPAL DE BALNEÁRIO GAIVOTA; Móveis; TELEVISOR; -; SMART TV HQTV32NY 32 POL; 27/01/2022; MANUTENÇÃO DA SECRETARIA DE EDUCAÇÃO; Ativo;R$ 1.498,30; Compra Normal
 PREFEITURA MUNICIPAL DE BALNEÁRIO GAIVOTA; Móveis; TELEVISOR; -; SMART TV HQTV32NY 32 POL; 27/01/2022; MANUTENÇÃO DA SECRETARIA DE EDUCAÇÃO; Ativo;R$ 1.498,30; Compra Normal
 PREFEITURA MUNICIPAL DE BALNEÁRIO GAIVOTA; Móveis; TELEVISOR; -; SMART TV HQTV32NY 32 POL; 27/01/2022; MANUTENÇÃO DA SECRETARIA DE EDUCAÇÃO; Ativo;R$ 1.498,30; Compra Normal
 PREFEITURA MUNICIPAL DE BALNEÁRIO GAIVOTA; Móveis; TELEVISOR; -; SMART TV HQTV32NY 32 POL; 27/01/2022; MANUTENÇÃO DA SECRETARIA DE EDUCAÇÃO; Ativo;R$ 1.498,30; Compra Normal
 PREFEITURA MUNICIPAL DE BALNEÁRIO GAIVOTA; Móveis; MESA;9201; MESA 1.50X0.60X0.735 INCOFLEX C/ GAVETAS; 27/01/2022; MANUTENÇÃO DA SECRETARIA DE EDUCAÇÃO; Ativo;R$ 423,00; Compra Normal
 PREFEITURA MUNICIPAL DE BALNEÁRIO GAIVOTA; Móveis; TELEVISOR;8967; SMART TV HQTV32NY 32 POL; 27/01/2022; MANUTENÇÃO DA SECRETARIA DE EDUCAÇÃO; Ativo;R$ 1.498,30; Compra Normal
 PREFEITURA MUNICIPAL DE BALNEÁRIO GAIVOTA; Móveis; TELEVISOR;8969; SMART TV HQTV32NY 32 POL; 27/01/2022; MANUTENÇÃO DA SECRETARIA DE EDUCAÇÃO; Ativo;R$ 1.498,30; Compra Normal
 PREFEITURA MUNICIPAL DE BALNEÁRIO GAIVOTA; Móveis; TELEVISOR;8975; SMART TV HQTV32NY 32 POL; 27/01/2022; MANUTENÇÃO DA SECRETARIA DE EDUCAÇÃO; Ativo;R$ 1.498,30; Compra Normal
 PREFEITURA MUNICIPAL DE BALNEÁRIO GAIVOTA; Móveis; TELEVISOR;9697; SMART TV HQTV32NY 32 POL; 27/01/2022; MANUTENÇÃO DA SECRETARIA DE EDUCAÇÃO; Ativo;R$ 1.498,30; Compra Normal
 PREFEITURA MUNICIPAL DE BALNEÁRIO GAIVOTA; Móveis; IMPRESSORA; -; MULTIFUNCIONAL EPSON COLORIDA; 26/01/2022; MANUTENÇÃO DA SECRETARIA DE ADMINISTRAÇÃ; Ativo;R$ 1.534,00; Compra Normal
 PREFEITURA MUNICIPAL DE BALNEÁRIO GAIVOTA; Móveis; IMPRESSORA; -; MULTIFUNCIONAL EPSON L3150; 26/01/2022; MANUTENÇÃO DA SECRETARIA DE ADMINISTRAÇÃ; Ativo;R$ 1.534,00; Compra Normal
 PREFEITURA MUNICIPAL DE BALNEÁRIO GAIVOTA; Móveis; Ar Condicionado; -; AR CONDICIONADO 9.000 BTU'S AGRATTO; 11/01/2022; MANUTENÇÃO DA SECRETARIA DE ADMINISTRAÇÃ; Ativo;R$ 1.770,00; Compra Normal
 PREFEITURA MUNICIPAL DE BALNEÁRIO GAIVOTA; Móveis; Ar Condicionado; -; AR CONDICIONADO 9.000 BTU´S SPLIT 220V AGRATTO; 11/01/2022; MANUTENÇÃO DA SECRETARIA DE ADMINISTRAÇÃ; Ativo;R$ 1.770,00; Compra Normal
 PREFEITURA MUNICIPAL DE BALNEÁRIO GAIVOTA; Móveis; CONCHA FRONTAL; -; CONCHA FRONTAL ÁRA TRATOR; 10/01/2022; MANUTENÇÃO DA SECRETARIA DE OBRAS E SERV; Ativo;R$ 28.450,00; Compra Normal
 CÂMARA MUNICIPAL BALNEÁRIO GAIVOTA; MOVEIS; Cod.: 8 - ELTRO DOMÉSTICOS;300; TV SANSUNG 50 POLEGADAS SMART TV 4K COR PRETA; 05/01/2022; CAMARA MUNICIPAL DE VEREADORES; Em uso;R$ 3.807,00; Compra
 PREFEITURA MUNICIPAL DE BALNEÁRIO GAIVOTA; Móveis; Bebedouro.;8570; BEBEDOURO ELETROLUX BE11B BRANCO BIVOLT; 13/12/2021; MANUTENÇÃO DA SECRETARIA DE ADMINISTRAÇÃ; Ativo;R$ 837,25; Compra Normal
 PREFEITURA MUNICIPAL DE BALNEÁRIO GAIVOTA; Móveis; CAIXA TERMICA;8571; CAIXA TERMICA GLACIAL 70L. MOR; 13/12/2021; MANUTENÇÃO DA SECRETARIA DE EDUCAÇÃO; Ativo;R$ 624,49; Compra Normal
 PREFEITURA MUNICIPAL DE BALNEÁRIO GAIVOTA; Móveis; CAIXA TERMICA;8572; CAIXA TERMICA GLACIAL 70L. MOR; 13/12/2021; MANUTENÇÃO DA SECRETARIA DE EDUCAÇÃO; Ativo;R$ 624,49; Compra Normal
 PREFEITURA MUNICIPAL DE BALNEÁRIO GAIVOTA; Móveis; Bebedouro.;8910; BEBEDOURO ELETROLUX BE11B BRANCO BIVOLT; 13/12/2021; MANUTENÇÃO DA SECRETARIA DE OBRAS E SERV; Ativo;R$ 837,25; Compra Normal
 PREFEITURA MUNICIPAL DE BALNEÁRIO GAIVOTA; Móveis; FOGÃO A GÁS;8907; FOGAO INDUSTRIAL 4 BOCAS SR1084; 13/12/2021; MANUTENÇÃO DO CONSELHO TUTELAR; Ativo;R$ 984,51; Compra Normal
 PREFEITURA MUNICIPAL DE BALNEÁRIO GAIVOTA; Móveis; Ar Condicionado;8588; AR CONDICIONADO 9.000 BTU'S APLIT 220V AGRATTO; 13/12/2021; DIRETORIA DE INDÚSTRIA E COMÉRCIO; Ativo;R$ 1.743,45; Compra Normal
 PREFEITURA MUNICIPAL DE BALNEÁRIO GAIVOTA; Móveis; Ar Condicionado;8574; AR CONDICIONADO 9.000 BTU'S APLIT 220V AGRATTO; 13/12/2021; DIRETORIA DE INDÚSTRIA E COMÉRCIO; Ativo;R$ 1.743,45; Compra Normal
 PREFEITURA MUNICIPAL DE BALNEÁRIO GAIVOTA; Móveis; FREEZER;8573; FREEZER HORIZONTAL 534 LITROS - 220V CONSUL CHB53; 13/12/2021; MANUTENÇÃO DA SECRETARIA DE EDUCAÇÃO; Ativo;R$ 2.807,25; Compra Normal
 PREFEITURA MUNICIPAL DE BALNEÁRIO GAIVOTA; Móveis; VEICULOS LEVES;8940; TIPO: VW/NIVUS HL TSI AD; 13/12/2021; MANUTENÇÃO DA SECRETARIA DE ADMINISTRAÇÃ; Ativo;R$ 119.677,50; Compra Normal
 PREFEITURA MUNICIPAL DE BALNEÁRIO GAIVOTA; Móveis; CONTAINER;8912; CONTEINER DRY HC 40 PES MODUCON; 13/12/2021; MANUTENÇÃO DA SECRETARIA DE OBRAS E SERV; Ativo;R$ 2.758,00; Compra Normal
 PREFEITURA MUNICIPAL DE BALNEÁRIO GAIVOTA; Móveis; CONTAINER;8913; CONTEINER DRY HC 40 PES MODUCON; 13/12/2021; MANUTENÇÃO DA SECRETARIA DE OBRAS E SERV; Ativo;R$ 2.758,00; Compra Normal
 PREFEITURA MUNICIPAL DE BALNEÁRIO GAIVOTA; Móveis; IMPRESSORA;8908; MULTIFUNCIONAL EPSON L3150; 13/12/2021; MANUTENÇÃO DO CONSELHO TUTELAR; Ativo;R$ 1.510,99; Compra Normal
 PREFEITURA MUNICIPAL DE BALNEÁRIO GAIVOTA; Móveis; TELEVISOR;8586; TELEVISOR SAMSUNG 40 40ND460; 13/12/2021; MANUTENÇÃO DA SECRETARIA DE ARRECADAÇÃO; Ativo;R$ 1.956,70; Compra Normal
 PREFEITURA MUNICIPAL DE BALNEÁRIO GAIVOTA; Móveis; ROÇADEIRA;8932; ROÇADEIRA A GASOLINA 2,3CV 1,7 KW FS 220 - CARRETEL DE NYLON - STIHL; 13/12/2021; MANUTENÇÃO DA SECRETARIA DE OBRAS E SERV; Ativo;R$ 2.954,01; Compra Normal
 PREFEITURA MUNICIPAL DE BALNEÁRIO GAIVOTA; Móveis; ESMERILHADEIRA;8931; ESMERILHADEIRA 9 2200W 220V DEWALT DWE490B2 - DEWALT; 13/12/2021; MANUTENÇÃO DA SECRETARIA DE OBRAS E SERV; Ativo;R$ 985,00; Compra Normal
 PREFEITURA MUNICIPAL DE BALNEÁRIO GAIVOTA; Móveis; BOMBA ANTI INCENDIO;8601; BOMBA ANTI INCENDIO FNI 7.5C V FAMAC; 13/12/2021; MANUTENÇÃO DA SECRETARIA DE EDUCAÇÃO; Ativo;R$ 6.107,18; Compra Normal
 PREFEITURA MUNICIPAL DE BALNEÁRIO GAIVOTA; Móveis; BERÇO;8753; MINI BERÇO GRADE FIXA C/COLCHAO SONNO BABY; 13/12/2021; MANUTENÇÃO DA SECRETARIA DE EDUCAÇÃO; Ativo;R$ 334,89; Compra Normal
 PREFEITURA MUNICIPAL DE BALNEÁRIO GAIVOTA; Móveis; BERÇO;8754; MINI BERÇO GRADE FIXA C/COLCHAO SONNO BABY; 13/12/2021; MANUTENÇÃO DA SECRETARIA DE EDUCAÇÃO; Ativo;R$ 334,89; Compra Normal
 PREFEITURA MUNICIPAL DE BALNEÁRIO GAIVOTA; Móveis; BERÇO;8755; MINI BERÇO GRADE FIXA C/COLCHAO SONNO BABY; 13/12/2021; MANUTENÇÃO DA SECRETARIA DE EDUCAÇÃO; Ativo;R$ 334,89; Compra Normal
 PREFEITURA MUNICIPAL DE BALNEÁRIO GAIVOTA; Móveis; BERÇO;8756; MINI BERÇO GRADE FIXA C/COLCHAO SONNO BABY; 13/12/2021; MANUTENÇÃO DA SECRETARIA DE EDUCAÇÃO; Ativo;R$ 334,89; Compra Normal
 PREFEITURA MUNICIPAL DE BALNEÁRIO GAIVOTA; Móveis; BERÇO;8757; MINI BERÇO GRADE FIXA C/COLCHAO SONNO BABY; 13/12/2021; MANUTENÇÃO DA SECRETARIA DE EDUCAÇÃO; Ativo;R$ 334,89; Compra Normal
 PREFEITURA MUNICIPAL DE BALNEÁRIO GAIVOTA; Móveis; BERÇO;8758; MINI BERÇO GRADE FIXA C/COLCHAO SONNO BABY; 13/12/2021; MANUTENÇÃO DA SECRETARIA DE EDUCAÇÃO; Ativo;R$ 334,89; Compra Normal
 PREFEITURA MUNICIPAL DE BALNEÁRIO GAIVOTA; Móveis; BERÇO;8759; MINI BERÇO GRADE FIXA C/COLCHAO SONNO BABY; 13/12/2021; MANUTENÇÃO DA SECRETARIA DE EDUCAÇÃO; Ativo;R$ 334,89; Compra Normal
 PREFEITURA MUNICIPAL DE BALNEÁRIO GAIVOTA; Móveis; BERÇO;8760; MINI BERÇO GRADE FIXA C/COLCHAO SONNO BABY; 13/12/2021; MANUTENÇÃO DA SECRETARIA DE EDUCAÇÃO; Ativo;R$ 334,89; Compra Normal
 PREFEITURA MUNICIPAL DE BALNEÁRIO GAIVOTA; Móveis; BERÇO;8761; MINI BERÇO GRADE FIXA C/COLCHAO SONNO BABY; 13/12/2021; MANUTENÇÃO DA SECRETARIA DE EDUCAÇÃO; Ativo;R$ 334,89; Compra Normal
 PREFEITURA MUNICIPAL DE BALNEÁRIO GAIVOTA; Móveis; BERÇO;8762; MINI BERÇO GRADE FIXA C/COLCHAO SONNO BABY; 13/12/2021; MANUTENÇÃO DA SECRETARIA DE EDUCAÇÃO; Ativo;R$ 334,89; Compra Normal
 PREFEITURA MUNICIPAL DE BALNEÁRIO GAIVOTA; Móveis; BERÇO;8763; MINI BERÇO GRADE FIXA C/COLCHAO SONNO BABY; 13/12/2021; MANUTENÇÃO DA SECRETARIA DE EDUCAÇÃO; Ativo;R$ 334,89; Compra Normal
 PREFEITURA MUNICIPAL DE BALNEÁRIO GAIVOTA; Móveis; BERÇO;8764; MINI BERÇO GRADE FIXA C/COLCHAO SONNO BABY; 13/12/2021; MANUTENÇÃO DA SECRETARIA DE EDUCAÇÃO; Ativo;R$ 334,89; Compra Normal
 PREFEITURA MUNICIPAL DE BALNEÁRIO GAIVOTA; Móveis; BERÇO;8765; MINI BERÇO GRADE FIXA C/COLCHAO SONNO BABY; 13/12/2021; MANUTENÇÃO DA SECRETARIA DE EDUCAÇÃO; Ativo;R$ 334,89; Compra Normal
 PREFEITURA MUNICIPAL DE BALNEÁRIO GAIVOTA; Móveis; BERÇO;8766; MINI BERÇO GRADE FIXA C/COLCHAO SONNO BABY; 13/12/2021; MANUTENÇÃO DA SECRETARIA DE EDUCAÇÃO; Ativo;R$ 334,89; Compra Normal
 PREFEITURA MUNICIPAL DE BALNEÁRIO GAIVOTA; Móveis; BERÇO;8767; MINI BERÇO GRADE FIXA C/COLCHAO SONNO BABY; 13/12/2021; MANUTENÇÃO DA SECRETARIA DE EDUCAÇÃO; Ativo;R$ 334,89; Compra Normal
 PREFEITURA MUNICIPAL DE BALNEÁRIO GAIVOTA; Móveis; BERÇO;8768; MINI BERÇO GRADE FIXA C/COLCHAO SONNO BABY; 13/12/2021; MANUTENÇÃO DA SECRETARIA DE EDUCAÇÃO; Ativo;R$ 334,89; Compra Normal
 PREFEITURA MUNICIPAL DE BALNEÁRIO GAIVOTA; Móveis; BERÇO;8769; MINI BERÇO GRADE FIXA C/COLCHAO SONNO BABY; 13/12/2021; MANUTENÇÃO DA SECRETARIA DE EDUCAÇÃO; Ativo;R$ 334,89; Compra Normal
 PREFEITURA MUNICIPAL DE BALNEÁRIO GAIVOTA; Móveis; BERÇO;8770; MINI BERÇO GRADE FIXA C/COLCHAO SONNO BABY; 13/12/2021; MANUTENÇÃO DA SECRETARIA DE EDUCAÇÃO; Ativo;R$ 334,89; Compra Normal
 PREFEITURA MUNICIPAL DE BALNEÁRIO GAIVOTA; Móveis; BERÇO;8771; MINI BERÇO GRADE FIXA C/COLCHAO SONNO BABY; 13/12/2021; MANUTENÇÃO DA SECRETARIA DE EDUCAÇÃO; Ativo;R$ 334,89; Compra Normal
 PREFEITURA MUNICIPAL DE BALNEÁRIO GAIVOTA; Móveis; BERÇO;8772; MINI BERÇO GRADE FIXA C/COLCHAO SONNO BABY; 13/12/2021; MANUTENÇÃO DA SECRETARIA DE EDUCAÇÃO; Ativo;R$ 334,89; Compra Normal
 PREFEITURA MUNICIPAL DE BALNEÁRIO GAIVOTA; Móveis; BERÇO;8773; MINI BERÇO GRADE FIXA C/COLCHAO SONNO BABY; 13/12/2021; MANUTENÇÃO DA SECRETARIA DE EDUCAÇÃO; Ativo;R$ 334,89; Compra Normal
 PREFEITURA MUNICIPAL DE BALNEÁRIO GAIVOTA; Móveis; BERÇO;8774; MINI BERÇO GRADE FIXA C/COLCHAO SONNO BABY; 13/12/2021; MANUTENÇÃO DA SECRETARIA DE EDUCAÇÃO; Ativo;R$ 334,89; Compra Normal
 PREFEITURA MUNICIPAL DE BALNEÁRIO GAIVOTA; Móveis; BERÇO;8775; MINI BERÇO GRADE FIXA C/COLCHAO SONNO BABY; 13/12/2021; MANUTENÇÃO DA SECRETARIA DE EDUCAÇÃO; Ativo;R$ 334,89; Compra Normal
 PREFEITURA MUNICIPAL DE BALNEÁRIO GAIVOTA; Móveis; BERÇO;8776; MINI BERÇO GRADE FIXA C/COLCHAO SONNO BABY; 13/12/2021; MANUTENÇÃO DA SECRETARIA DE EDUCAÇÃO; Ativo;R$ 334,89; Compra Normal
 PREFEITURA MUNICIPAL DE BALNEÁRIO GAIVOTA; Móveis; BERÇO;8777; MINI BERÇO GRADE FIXA C/COLCHAO SONNO BABY; 13/12/2021; MANUTENÇÃO DA SECRETARIA DE EDUCAÇÃO; Ativo;R$ 334,89; Compra Normal
 PREFEITURA MUNICIPAL DE BALNEÁRIO GAIVOTA; Móveis; BERÇO;8778; MINI BERÇO GRADE FIXA C/COLCHAO SONNO BABY; 13/12/2021; MANUTENÇÃO DA SECRETARIA DE EDUCAÇÃO; Ativo;R$ 334,89; Compra Normal
 PREFEITURA MUNICIPAL DE BALNEÁRIO GAIVOTA; Móveis; BERÇO;8701; MINI BERÇO GRADE FIXA C/COLCHÃO SONO BABY; 13/12/2021; MANUTENÇÃO DA SECRETARIA DE EDUCAÇÃO; Ativo;R$ 334,89; Compra Normal
 PREFEITURA MUNICIPAL DE BALNEÁRIO GAIVOTA; Móveis; BERÇO;8702; MINI BERÇO GRADE FIXA C/COLCHÃO SONO BABY; 13/12/2021; MANUTENÇÃO DA SECRETARIA DE EDUCAÇÃO; Ativo;R$ 334,89; Compra Normal
 PREFEITURA MUNICIPAL DE BALNEÁRIO GAIVOTA; Móveis; BERÇO;8703; MINI BERÇO GRADE FIXA C/COLCHÃO SONO BABY; 13/12/2021; MANUTENÇÃO DA SECRETARIA DE EDUCAÇÃO; Ativo;R$ 334,89; Compra Normal
 PREFEITURA MUNICIPAL DE BALNEÁRIO GAIVOTA; Móveis; BERÇO;8704; MINI BERÇO GRADE FIXA C/COLCHÃO SONO BABY; 13/12/2021; MANUTENÇÃO DA SECRETARIA DE EDUCAÇÃO; Ativo;R$ 334,89; Compra Normal
 PREFEITURA MUNICIPAL DE BALNEÁRIO GAIVOTA; Móveis; BERÇO;8705; MINI BERÇO GRADE FIXA C/COLCHÃO SONO BABY; 13/12/2021; MANUTENÇÃO DA SECRETARIA DE EDUCAÇÃO; Ativo;R$ 334,89; Compra Normal
 PREFEITURA MUNICIPAL DE BALNEÁRIO GAIVOTA; Móveis; BERÇO; -; MINI BERÇO GRADE FIXA C/COLCHÃO SONO BABY; 13/12/2021; MANUTENÇÃO DA SECRETARIA DE EDUCAÇÃO; Ativo;R$ 334,89; Compra Normal
 PREFEITURA MUNICIPAL DE BALNEÁRIO GAIVOTA; Móveis; BERÇO; -; MINI BERÇO GRADE FIXA C/COLCHÃO SONO BABY; 13/12/2021; MANUTENÇÃO DA SECRETARIA DE EDUCAÇÃO; Ativo;R$ 334,89; Compra Normal
 PREFEITURA MUNICIPAL DE BALNEÁRIO GAIVOTA; Móveis; BERÇO; -; MINI BERÇO GRADE FIXA C/COLCHÃO SONO BABY; 13/12/2021; MANUTENÇÃO DA SECRETARIA DE EDUCAÇÃO; Ativo;R$ 334,89; Compra Normal
 PREFEITURA MUNICIPAL DE BALNEÁRIO GAIVOTA; Móveis; BERÇO; -; MINI BERÇO GRADE FIXA C/COLCHÃO SONO BABY; 13/12/2021; MANUTENÇÃO DA SECRETARIA DE EDUCAÇÃO; Ativo;R$ 334,89; Compra Normal
 PREFEITURA MUNICIPAL DE BALNEÁRIO GAIVOTA; Móveis; BERÇO; -; MINI BERÇO GRADE FIXA C/COLCHÃO SONO BABY; 13/12/2021; MANUTENÇÃO DA SECRETARIA DE EDUCAÇÃO; Ativo;R$ 334,89; Compra Normal
 PREFEITURA MUNICIPAL DE BALNEÁRIO GAIVOTA; Móveis; BERÇO;8663; MINI BERÇO GRADE FIXA C/COLCHÃO SONO BABY; 13/12/2021; MANUTENÇÃO DA SECRETARIA DE EDUCAÇÃO; Ativo;R$ 334,89; Compra Normal
 PREFEITURA MUNICIPAL DE BALNEÁRIO GAIVOTA; Móveis; BERÇO;8664; MINI BERÇO GRADE FIXA C/COLCHÃO SONO BABY; 13/12/2021; MANUTENÇÃO DA SECRETARIA DE EDUCAÇÃO; Ativo;R$ 334,89; Compra Normal
 PREFEITURA MUNICIPAL DE BALNEÁRIO GAIVOTA; Móveis; BERÇO;8665; MINI BERÇO GRADE FIXA C/COLCHÃO SONO BABY; 13/12/2021; MANUTENÇÃO DA SECRETARIA DE EDUCAÇÃO; Ativo;R$ 334,89; Compra Normal
 PREFEITURA MUNICIPAL DE BALNEÁRIO GAIVOTA; Móveis; BERÇO; -; MINI BERÇO GRADE FIXA C/COLCHÃO SONO BABY; 13/12/2021; MANUTENÇÃO DA SECRETARIA DE EDUCAÇÃO; Ativo;R$ 334,89; Compra Normal
 PREFEITURA MUNICIPAL DE BALNEÁRIO GAIVOTA; Móveis; Armário; -; ARMARIO FECHADO 02 PORTAS COM CHAVES INCOFLEX; 13/12/2021; DIRETORIA DE AGRICULTURA; Ativo;R$ 586,07; Compra Normal
 PREFEITURA MUNICIPAL DE BALNEÁRIO GAIVOTA; Móveis; Arquivo de Aço; -; P12-CC ARQUIVO P/ PASTAS SUSPENSA 4 GAVETAS; 13/12/2021; DIRETORIA DE AGRICULTURA; Ativo;R$ 723,97; Compra Normal
 PREFEITURA MUNICIPAL DE BALNEÁRIO GAIVOTA; Móveis; Quadro; -; QUADRO BRANCO MOLDURA EM ALUMINIO STALO; 13/12/2021; MANUTENÇÃO DA SECRETARIA DE EDUCAÇÃO; Ativo;R$ 520,08; Compra Normal
 PREFEITURA MUNICIPAL DE BALNEÁRIO GAIVOTA; Móveis; Quadro; -; QUADRO BRANCO MOLDURA EM ALUMINIO STALO; 13/12/2021; MANUTENÇÃO DA SECRETARIA DE EDUCAÇÃO; Ativo;R$ 520,08; Compra Normal
 PREFEITURA MUNICIPAL DE BALNEÁRIO GAIVOTA; Móveis; Ar Condicionado;8568; AR CONDICIONADO 9.000 BTU'S SPLIT 220 V AGRATTO; 13/12/2021; MANUTENÇÃO DA SECRETARIA DE ADMINISTRAÇÃ; Ativo;R$ 1.743,45; Compra Normal
 PREFEITURA MUNICIPAL DE BALNEÁRIO GAIVOTA; Móveis; Ar Condicionado;8569; AR CONDICIONADO 9.000 BTU'S SPLIT 220 V AGRATTO; 13/12/2021; MANUTENÇÃO DA SECRETARIA DE ADMINISTRAÇÃ; Ativo;R$ 1.743,45; Compra Normal
 PREFEITURA MUNICIPAL DE BALNEÁRIO GAIVOTA; Móveis; Bebedouro.;8567; BEBEDOURO ELETROLUX BE11B BRANCO BIVOLT; 13/12/2021; MANUTENÇÃO DA SECRETARIA DE ADMINISTRAÇÃ; Ativo;R$ 837,25; Compra Normal
 PREFEITURA MUNICIPAL DE BALNEÁRIO GAIVOTA; Móveis; BERÇO;9203; MINI BERÇO GRADE FIXA C/COLCHÃO SONO BABY; 13/12/2021; MANUTENÇÃO DA SECRETARIA DE EDUCAÇÃO; Ativo;R$ 334,89; Compra Normal
 PREFEITURA MUNICIPAL DE BALNEÁRIO GAIVOTA; Móveis; BERÇO;9204; MINI BERÇO GRADE FIXA C/COLCHÃO SONO BABY; 13/12/2021; MANUTENÇÃO DA SECRETARIA DE EDUCAÇÃO; Ativo;R$ 334,89; Compra Normal
 PREFEITURA MUNICIPAL DE BALNEÁRIO GAIVOTA; Móveis; BERÇO;9205; MINI BERÇO GRADE FIXA C/COLCHÃO SONO BABY; 13/12/2021; MANUTENÇÃO DA SECRETARIA DE EDUCAÇÃO; Ativo;R$ 334,89; Compra Normal
 PREFEITURA MUNICIPAL DE BALNEÁRIO GAIVOTA; Móveis; BERÇO;9206; MINI BERÇO GRADE FIXA C/COLCHÃO SONO BABY; 13/12/2021; MANUTENÇÃO DA SECRETARIA DE EDUCAÇÃO; Ativo;R$ 334,89; Compra Normal
 PREFEITURA MUNICIPAL DE BALNEÁRIO GAIVOTA; Móveis; BERÇO;9207; MINI BERÇO GRADE FIXA C/COLCHÃO SONO BABY; 13/12/2021; MANUTENÇÃO DA SECRETARIA DE EDUCAÇÃO; Ativo;R$ 334,89; Compra Normal
 PREFEITURA MUNICIPAL DE BALNEÁRIO GAIVOTA; Móveis; BERÇO;9208; MINI BERÇO GRADE FIXA C/COLCHÃO SONO BABY; 13/12/2021; MANUTENÇÃO DA SECRETARIA DE EDUCAÇÃO; Ativo;R$ 334,89; Compra Normal
 PREFEITURA MUNICIPAL DE BALNEÁRIO GAIVOTA; Móveis; BERÇO;9209; MINI BERÇO GRADE FIXA C/COLCHÃO SONO BABY; 13/12/2021; MANUTENÇÃO DA SECRETARIA DE EDUCAÇÃO; Ativo;R$ 334,89; Compra Normal
 PREFEITURA MUNICIPAL DE BALNEÁRIO GAIVOTA; Móveis; BERÇO;9210; MINI BERÇO GRADE FIXA C/COLCHÃO SONO BABY; 13/12/2021; MANUTENÇÃO DA SECRETARIA DE EDUCAÇÃO; Ativo;R$ 334,89; Compra Normal
 PREFEITURA MUNICIPAL DE BALNEÁRIO GAIVOTA; Móveis; BERÇO;9211; MINI BERÇO GRADE FIXA C/COLCHÃO SONO BABY; 13/12/2021; MANUTENÇÃO DA SECRETARIA DE EDUCAÇÃO; Ativo;R$ 334,89; Compra Normal
 PREFEITURA MUNICIPAL DE BALNEÁRIO GAIVOTA; Móveis; BERÇO;9212; MINI BERÇO GRADE FIXA C/COLCHÃO SONO BABY; 13/12/2021; MANUTENÇÃO DA SECRETARIA DE EDUCAÇÃO; Ativo;R$ 334,89; Compra Normal
 PREFEITURA MUNICIPAL DE BALNEÁRIO GAIVOTA; Móveis; Ar Condicionado;8590; SPLIT ELGIN 18000 QUENTE/FRIO EXTERNA CLASSE A ECO; 10/12/2021; MANUTENÇÃO DA SECRETARIA DE EDUCAÇÃO; Ativo;R$ 1.364,22; Compra Normal
 PREFEITURA MUNICIPAL DE BALNEÁRIO GAIVOTA; Móveis; Ar Condicionado;8602; SPLIT ELGIN 18000 QUENTE/FRIO EXTERNA CLASSE A ECO; 10/12/2021; MANUTENÇÃO DA SECRETARIA DE EDUCAÇÃO; Ativo;R$ 1.364,22; Compra Normal
 PREFEITURA MUNICIPAL DE BALNEÁRIO GAIVOTA; Móveis; Ar Condicionado;8603; SPLIT ELGIN 18000 QUENTE/FRIO EXTERNA CLASSE A ECO; 10/12/2021; MANUTENÇÃO DA SECRETARIA DE EDUCAÇÃO; Ativo;R$ 1.364,22; Compra Normal
 PREFEITURA MUNICIPAL DE BALNEÁRIO GAIVOTA; Móveis; Ar Condicionado;8605; SPLIT ELGIN 18000 QUENTE/FRIO EXTERNA CLASSE A ECO; 10/12/2021; MANUTENÇÃO DA SECRETARIA DE EDUCAÇÃO; Ativo;R$ 1.364,22; Compra Normal
 PREFEITURA MUNICIPAL DE BALNEÁRIO GAIVOTA; Móveis; Ar Condicionado;8606; SPLIT ELGIN 18000 QUENTE/FRIO EXTERNA CLASSE A ECO; 10/12/2021; MANUTENÇÃO DA SECRETARIA DE EDUCAÇÃO; Ativo;R$ 1.364,22; Compra Normal
 PREFEITURA MUNICIPAL DE BALNEÁRIO GAIVOTA; Móveis; ESCORREDOR; -; ESCORREDOR SUPER 80 PRATOS 3 ANDARES DINOX; 10/12/2021; MANUTENÇÃO DA SECRETARIA DE EDUCAÇÃO; Ativo;R$ 677,68; Compra Normal
 PREFEITURA MUNICIPAL DE BALNEÁRIO GAIVOTA; Móveis; ESCORREDOR; -; ESCORREDOR SUPER 80 PRATOS 3 ANDARES DINOX; 10/12/2021; MANUTENÇÃO DA SECRETARIA DE EDUCAÇÃO; Ativo;R$ 677,68; Compra Normal
 PREFEITURA MUNICIPAL DE BALNEÁRIO GAIVOTA; Móveis; Ar Condicionado; -; SPLIT ELGIN 12000 Q/F EXTERNA CLASSE A ECO R410; 10/12/2021; MANUTENÇÃO DA SECRETARIA DE ADMINISTRAÇÃ; Ativo;R$ 1.075,62; Compra Normal
 PREFEITURA MUNICIPAL DE BALNEÁRIO GAIVOTA; Móveis; Ar Condicionado;8589; AR CONDICIONADO 9000 BTU'S SPLIT 220V AGRATTO; 10/12/2021; MANUTENÇÃO DA SECRETARIA DE EDUCAÇÃO; Ativo;R$ 1.743,45; Compra Normal
 PREFEITURA MUNICIPAL DE BALNEÁRIO GAIVOTA; Móveis; Ar Condicionado;8593; AR CONDICIONADO 9000 BTU'S SPLIT 220V AGRATTO; 10/12/2021; MANUTENÇÃO DA SECRETARIA DE EDUCAÇÃO; Ativo;R$ 1.743,45; Compra Normal
 PREFEITURA MUNICIPAL DE BALNEÁRIO GAIVOTA; Móveis; Ar Condicionado; -; AR CONDICIONADO 9000 BTU'S SPLIT 220V AGRATTO; 10/12/2021; MANUTENÇÃO DA SECRETARIA DE EDUCAÇÃO; Ativo;R$ 1.743,45; Compra Normal
 PREFEITURA MUNICIPAL DE BALNEÁRIO GAIVOTA; Móveis; Ar Condicionado;8607; AR CONDICIONADO 9000 BTU'S SPLIT 220V AGRATTO; 10/12/2021; MANUTENÇÃO DA SECRETARIA DE EDUCAÇÃO; Ativo;R$ 1.743,45; Compra Normal
 PREFEITURA MUNICIPAL DE BALNEÁRIO GAIVOTA; Móveis; Ar Condicionado; -; AR CONDICIONADO 9000 BTU'S SPLIT 220V AGRATTO; 10/12/2021; MANUTENÇÃO DA SECRETARIA DE EDUCAÇÃO; Ativo;R$ 1.743,45; Compra Normal
 PREFEITURA MUNICIPAL DE BALNEÁRIO GAIVOTA; Móveis; Ar Condicionado; -; AR CONDICIONADO 9000 BTU'S SPLIT 220V AGRATTO; 10/12/2021; MANUTENÇÃO DA SECRETARIA DE EDUCAÇÃO; Ativo;R$ 1.743,45; Compra Normal
 PREFEITURA MUNICIPAL DE BALNEÁRIO GAIVOTA; Móveis; LAVA JATO;8610; LAVADORA DE ALTA PRESSÃO ELECTROLUX 220 VOLTS; 10/12/2021; MANUTENÇÃO DA SECRETARIA DE EDUCAÇÃO; Ativo;R$ 1.257,84; Compra Normal
 PREFEITURA MUNICIPAL DE BALNEÁRIO GAIVOTA; Móveis; Batedeira.;8941; BATEDEIRA PLANETARIA 12 VELOCIDADES 220V MONDIAL; 10/12/2021; MANUTENÇÃO DA SECRETARIA DE EDUCAÇÃO; Ativo;R$ 489,54; Compra Normal
 PREFEITURA MUNICIPAL DE BALNEÁRIO GAIVOTA; Móveis; ESTANTES;8796; EST 6 PRAT 4 COL CH24/20 2000X920X400MM CR; 10/12/2021; FUNDO MUNICIPAL DE SAUDE; Ativo;R$ 295,50; Compra Normal
 PREFEITURA MUNICIPAL DE BALNEÁRIO GAIVOTA; Móveis; ESTANTES;8797; EST 6 PRAT 4 COL CH24/20 2000X920X400MM CR; 10/12/2021; FUNDO MUNICIPAL DE SAUDE; Ativo;R$ 295,50; Compra Normal
 PREFEITURA MUNICIPAL DE BALNEÁRIO GAIVOTA; Móveis; ESTANTES;8798; EST 6 PRAT 4 COL CH24/20 2000X920X400MM CR; 10/12/2021; FUNDO MUNICIPAL DE SAUDE; Ativo;R$ 295,50; Compra Normal
 PREFEITURA MUNICIPAL DE BALNEÁRIO GAIVOTA; Móveis; ESTANTES;8799; EST 6 PRAT 4 COL CH24/20 2000X920X400MM CR; 10/12/2021; FUNDO MUNICIPAL DE SAUDE; Ativo;R$ 295,50; Compra Normal
 PREFEITURA MUNICIPAL DE BALNEÁRIO GAIVOTA; Móveis; ESTANTES;8900; EST 6 PRAT 4 COL CH24/20 2000X920X400MM CR; 10/12/2021; FUNDO MUNICIPAL DE SAUDE; Ativo;R$ 295,50; Compra Normal
 PREFEITURA MUNICIPAL DE BALNEÁRIO GAIVOTA; Móveis; ESTANTES;8901; EST 6 PRAT 4 COL CH24/20 2000X920X400MM CR; 10/12/2021; FUNDO MUNICIPAL DE SAUDE; Ativo;R$ 295,50; Compra Normal
 PREFEITURA MUNICIPAL DE BALNEÁRIO GAIVOTA; Móveis; ESTANTES;8902; EST 6 PRAT 4 COL CH24/20 2000X920X400MM CR; 10/12/2021; FUNDO MUNICIPAL DE SAUDE; Ativo;R$ 295,50; Compra Normal
 PREFEITURA MUNICIPAL DE BALNEÁRIO GAIVOTA; Móveis; ESTANTES;8903; EST 6 PRAT 4 COL CH24/20 2000X920X400MM CR; 10/12/2021; FUNDO MUNICIPAL DE SAUDE; Ativo;R$ 295,50; Compra Normal
 PREFEITURA MUNICIPAL DE BALNEÁRIO GAIVOTA; Móveis; ESTANTES;8904; EST 6 PRAT 4 COL CH24/20 2000X920X400MM CR; 10/12/2021; FUNDO MUNICIPAL DE SAUDE; Ativo;R$ 295,50; Compra Normal
 PREFEITURA MUNICIPAL DE BALNEÁRIO GAIVOTA; Móveis; ESTANTES;8915; EST 6 PRAT 4 COL CH24/20 2000X920X400MM CR; 10/12/2021; FUNDO MUNICIPAL DE SAUDE; Ativo;R$ 295,50; Compra Normal
 PREFEITURA MUNICIPAL DE BALNEÁRIO GAIVOTA; Móveis; ESTANTES;8916; EST 6 PRAT 4 COL CH24/20 2000X920X400MM CR; 10/12/2021; FUNDO MUNICIPAL DE SAUDE; Ativo;R$ 295,50; Compra Normal
 PREFEITURA MUNICIPAL DE BALNEÁRIO GAIVOTA; Móveis; ESTANTES;8917; EST 6 PRAT 4 COL CH24/20 2000X920X400MM CR; 10/12/2021; FUNDO MUNICIPAL DE SAUDE; Ativo;R$ 295,50; Compra Normal
 PREFEITURA MUNICIPAL DE BALNEÁRIO GAIVOTA; Móveis; ESTANTES;8918; EST 6 PRAT 4 COL CH24/20 2000X920X400MM CR; 10/12/2021; FUNDO MUNICIPAL DE SAUDE; Ativo;R$ 295,50; Compra Normal
 PREFEITURA MUNICIPAL DE BALNEÁRIO GAIVOTA; Móveis; ESTANTES;8919; EST 6 PRAT 4 COL CH24/20 2000X920X400MM CR; 10/12/2021; FUNDO MUNICIPAL DE SAUDE; Ativo;R$ 295,50; Compra Normal
 PREFEITURA MUNICIPAL DE BALNEÁRIO GAIVOTA; Móveis; ESTANTES;8920; EST 6 PRAT 4 COL CH24/20 2000X920X400MM CR; 10/12/2021; FUNDO MUNICIPAL DE SAUDE; Ativo;R$ 295,50; Compra Normal
 PREFEITURA MUNICIPAL DE BALNEÁRIO GAIVOTA; Móveis; MICROONDAS;8906; FORNO MICROONDAS 3LT MTCS42MIDEA; 10/12/2021; FUNDO MUNICIPAL DE SAUDE; Ativo;R$ 594,94; Compra Normal
 PREFEITURA MUNICIPAL DE BALNEÁRIO GAIVOTA; Móveis; MICROONDAS;8926; FORNO MICROONDAS 3LT MTCS42MIDEA; 10/12/2021; FUNDO MUNICIPAL DE SAUDE; Ativo;R$ 594,94; Compra Normal
 PREFEITURA MUNICIPAL DE BALNEÁRIO GAIVOTA; Móveis; MICROONDAS;8933; FORNO MICROONDAS 3LT MTCS42MIDEA; 10/12/2021; FUNDO MUNICIPAL DE SAUDE; Ativo;R$ 594,94; Compra Normal
 PREFEITURA MUNICIPAL DE BALNEÁRIO GAIVOTA; Móveis; Ar Condicionado;8905; SPLIT 18000 Q/F INT/EXT AGRATTO INVERTER; 10/12/2021; FUNDO MUNICIPAL DE SAUDE; Ativo;R$ 2.808,99; Compra Normal
 PREFEITURA MUNICIPAL DE BALNEÁRIO GAIVOTA; Móveis; Ar Condicionado;8921; SPLIT 18000 Q/F INT/EXT AGRATTO INVERTER; 10/12/2021; FUNDO MUNICIPAL DE SAUDE; Ativo;R$ 2.808,99; Compra Normal
 PREFEITURA MUNICIPAL DE BALNEÁRIO GAIVOTA; Móveis; FREEZER;8587; FREEZER HORIZONTAL 1 TAMPA 309 LITROS - 220V CONSUL CHA31; 10/12/2021; FUNDO MUNICIPAL DE SAUDE; Ativo;R$ 2.043,87; Compra Normal
 PREFEITURA MUNICIPAL DE BALNEÁRIO GAIVOTA; Móveis; CADEIRA;8780; CADEIRA DE REFEIÇÃO MACARON ALTA DOREL; 10/12/2021; MANUTENÇÃO DA SECRETARIA DE EDUCAÇÃO; Ativo;R$ 358,05; Compra Normal
 PREFEITURA MUNICIPAL DE BALNEÁRIO GAIVOTA; Móveis; CADEIRA;8781; CADEIRA DE REFEIÇÃO MACARON ALTA DOREL; 10/12/2021; MANUTENÇÃO DA SECRETARIA DE EDUCAÇÃO; Ativo;R$ 358,05; Compra Normal
 PREFEITURA MUNICIPAL DE BALNEÁRIO GAIVOTA; Móveis; CADEIRA;8782; CADEIRA DE REFEIÇÃO MACARON ALTA DOREL; 10/12/2021; MANUTENÇÃO DA SECRETARIA DE EDUCAÇÃO; Ativo;R$ 358,05; Compra Normal
 PREFEITURA MUNICIPAL DE BALNEÁRIO GAIVOTA; Móveis; CADEIRA;8783; CADEIRA DE REFEIÇÃO MACARON ALTA DOREL; 10/12/2021; MANUTENÇÃO DA SECRETARIA DE EDUCAÇÃO; Ativo;R$ 358,05; Compra Normal
 PREFEITURA MUNICIPAL DE BALNEÁRIO GAIVOTA; Móveis; CADEIRA;8784; CADEIRA DE REFEIÇÃO MACARON ALTA DOREL; 10/12/2021; MANUTENÇÃO DA SECRETARIA DE EDUCAÇÃO; Ativo;R$ 358,05; Compra Normal
 PREFEITURA MUNICIPAL DE BALNEÁRIO GAIVOTA; Móveis; CADEIRA;8785; CADEIRA DE REFEIÇÃO MACARON ALTA DOREL; 10/12/2021; MANUTENÇÃO DA SECRETARIA DE EDUCAÇÃO; Ativo;R$ 358,05; Compra Normal
 PREFEITURA MUNICIPAL DE BALNEÁRIO GAIVOTA; Móveis; CADEIRA;8694; CADEIRA DE REFEIÇÃO MACARON ALTA DOREL; 10/12/2021; MANUTENÇÃO DA SECRETARIA DE EDUCAÇÃO; Ativo;R$ 358,05; Compra Normal
 PREFEITURA MUNICIPAL DE BALNEÁRIO GAIVOTA; Móveis; CADEIRA;8695; CADEIRA DE REFEIÇÃO MACARON ALTA DOREL; 10/12/2021; MANUTENÇÃO DA SECRETARIA DE EDUCAÇÃO; Ativo;R$ 358,05; Compra Normal
 PREFEITURA MUNICIPAL DE BALNEÁRIO GAIVOTA; Móveis; CADEIRA;8696; CADEIRA DE REFEIÇÃO MACARON ALTA DOREL; 10/12/2021; MANUTENÇÃO DA SECRETARIA DE EDUCAÇÃO; Ativo;R$ 358,05; Compra Normal
 PREFEITURA MUNICIPAL DE BALNEÁRIO GAIVOTA; Móveis; CADEIRA;8697; CADEIRA DE REFEIÇÃO MACARON ALTA DOREL; 10/12/2021; MANUTENÇÃO DA SECRETARIA DE EDUCAÇÃO; Ativo;R$ 358,05; Compra Normal
 PREFEITURA MUNICIPAL DE BALNEÁRIO GAIVOTA; Móveis; CADEIRA;8611; CADEIRA DE REFEIÇÃO MACARON ALTA DOREL; 10/12/2021; MANUTENÇÃO DA SECRETARIA DE EDUCAÇÃO; Ativo;R$ 358,05; Compra Normal
 PREFEITURA MUNICIPAL DE BALNEÁRIO GAIVOTA; Móveis; CADEIRA;8612; CADEIRA DE REFEIÇÃO MACARON ALTA DOREL; 10/12/2021; MANUTENÇÃO DA SECRETARIA DE EDUCAÇÃO; Ativo;R$ 358,05; Compra Normal
 PREFEITURA MUNICIPAL DE BALNEÁRIO GAIVOTA; Móveis; CADEIRA;8613; CADEIRA DE REFEIÇÃO MACARON ALTA DOREL; 10/12/2021; MANUTENÇÃO DA SECRETARIA DE EDUCAÇÃO; Ativo;R$ 358,05; Compra Normal
 PREFEITURA MUNICIPAL DE BALNEÁRIO GAIVOTA; Móveis; CADEIRA;8614; CADEIRA DE REFEIÇÃO MACARON ALTA DOREL; 10/12/2021; MANUTENÇÃO DA SECRETARIA DE EDUCAÇÃO; Ativo;R$ 358,05; Compra Normal
 PREFEITURA MUNICIPAL DE BALNEÁRIO GAIVOTA; Móveis; CADEIRA;8615; CADEIRA DE REFEIÇÃO MACARON ALTA DOREL; 10/12/2021; MANUTENÇÃO DA SECRETARIA DE EDUCAÇÃO; Ativo;R$ 358,05; Compra Normal
 PREFEITURA MUNICIPAL DE BALNEÁRIO GAIVOTA; Móveis; CADEIRA;8616; CADEIRA DE REFEIÇÃO MACARON ALTA DOREL; 10/12/2021; MANUTENÇÃO DA SECRETARIA DE EDUCAÇÃO; Ativo;R$ 358,05; Compra Normal
 PREFEITURA MUNICIPAL DE BALNEÁRIO GAIVOTA; Móveis; CADEIRA;8617; CADEIRA DE REFEIÇÃO MACARON ALTA DOREL; 10/12/2021; MANUTENÇÃO DA SECRETARIA DE EDUCAÇÃO; Ativo;R$ 358,05; Compra Normal
 PREFEITURA MUNICIPAL DE BALNEÁRIO GAIVOTA; Móveis; CADEIRA;8618; CADEIRA DE REFEIÇÃO MACARON ALTA DOREL; 10/12/2021; MANUTENÇÃO DA SECRETARIA DE EDUCAÇÃO; Ativo;R$ 358,05; Compra Normal
 PREFEITURA MUNICIPAL DE BALNEÁRIO GAIVOTA; Móveis; CADEIRA;8619; CADEIRA DE REFEIÇÃO MACARON ALTA DOREL; 10/12/2021; MANUTENÇÃO DA SECRETARIA DE EDUCAÇÃO; Ativo;R$ 358,05; Compra Normal
 PREFEITURA MUNICIPAL DE BALNEÁRIO GAIVOTA; Móveis; CADEIRA;8620; CADEIRA DE REFEIÇÃO MACARON ALTA DOREL; 10/12/2021; MANUTENÇÃO DA SECRETARIA DE EDUCAÇÃO; Ativo;R$ 358,05; Compra Normal
 PREFEITURA MUNICIPAL DE BALNEÁRIO GAIVOTA; Móveis; CADEIRA;8621; CADEIRA DE REFEIÇÃO MACARON ALTA DOREL; 10/12/2021; MANUTENÇÃO DA SECRETARIA DE EDUCAÇÃO; Ativo;R$ 358,05; Compra Normal
 PREFEITURA MUNICIPAL DE BALNEÁRIO GAIVOTA; Móveis; CADEIRA;8622; CADEIRA DE REFEIÇÃO MACARON ALTA DOREL; 10/12/2021; MANUTENÇÃO DA SECRETARIA DE EDUCAÇÃO; Ativo;R$ 358,05; Compra Normal
 PREFEITURA MUNICIPAL DE BALNEÁRIO GAIVOTA; Móveis; Armário; -; ARMARIO FECHADO 02 PORTAS COM CHAVES INCOFLEX; 10/12/2021; PROMOÇÃO DO ESPORTE AMADOR; Ativo;R$ 586,07; Compra Normal
 PREFEITURA MUNICIPAL DE BALNEÁRIO GAIVOTA; Móveis; Liquidificador;8707; LIQUIDIFICADOR INDUSTRIAL 8 LTS KD; 10/12/2021; MANUTENÇÃO DA SECRETARIA DE EDUCAÇÃO; Ativo;R$ 915,06; Compra Normal
 PREFEITURA MUNICIPAL DE BALNEÁRIO GAIVOTA; Móveis; Ar Condicionado;8608; SPLIT ELGING 12000 Q/F EXTERNA CLASSSE A ECO R410; 10/12/2021; MANUTENÇÃO DA SECRETARIA DE EDUCAÇÃO; Ativo;R$ 1.075,62; Compra Normal
 PREFEITURA MUNICIPAL DE BALNEÁRIO GAIVOTA; Móveis; Ar Condicionado;8671; SPLIT ELGING 12000 Q/F EXTERNA CLASSSE A ECO R410; 10/12/2021; MANUTENÇÃO DA SECRETARIA DE EDUCAÇÃO; Ativo;R$ 1.075,62; Compra Normal
 PREFEITURA MUNICIPAL DE BALNEÁRIO GAIVOTA; Móveis; Ar Condicionado;8706; SPLIT ELGING 12000 Q/F INTERNA CLASSSE A ECO R410; 10/12/2021; MANUTENÇÃO DA SECRETARIA DE EDUCAÇÃO; Ativo;R$ 1.075,62; Compra Normal
 PREFEITURA MUNICIPAL DE BALNEÁRIO GAIVOTA; Móveis; Ar Condicionado;8714; SPLIT ELGING 12000 Q/F INTERNA CLASSSE A ECO R410; 10/12/2021; MANUTENÇÃO DA SECRETARIA DE EDUCAÇÃO; Ativo;R$ 1.075,62; Compra Normal
 PREFEITURA MUNICIPAL DE BALNEÁRIO GAIVOTA; Móveis; Ar Condicionado;8715; SPLIT ELGING 12000 Q/F INTERNA CLASSSE A ECO R410; 10/12/2021; MANUTENÇÃO DA SECRETARIA DE EDUCAÇÃO; Ativo;R$ 1.075,62; Compra Normal
 PREFEITURA MUNICIPAL DE BALNEÁRIO GAIVOTA; Móveis; Ar Condicionado;8609; SPLIT ELGIN 18000 QUENTE/FRIO EXTERNA CLASSE A ECO; 10/12/2021; MANUTENÇÃO DA SECRETARIA DE EDUCAÇÃO; Ativo;R$ 1.364,22; Compra Normal
 PREFEITURA MUNICIPAL DE BALNEÁRIO GAIVOTA; Móveis; Ar Condicionado;8672; SPLIT ELGIN 18000 QUENTE/FRIO EXTERNA CLASSE A ECO; 10/12/2021; MANUTENÇÃO DA SECRETARIA DE EDUCAÇÃO; Ativo;R$ 1.364,22; Compra Normal
 PREFEITURA MUNICIPAL DE BALNEÁRIO GAIVOTA; Móveis; Ar Condicionado;8699; SPLIT ELGIN 18000 QUENTE/FRIO EXTERNA CLASSE A ECO; 10/12/2021; MANUTENÇÃO DA SECRETARIA DE EDUCAÇÃO; Ativo;R$ 1.364,22; Compra Normal
 PREFEITURA MUNICIPAL DE BALNEÁRIO GAIVOTA; Móveis; Ar Condicionado; -; SPLIT ELGIN 12000 Q/F EXTERNA CLASSE A ECO R410; 10/12/2021; MANUTENÇÃO DA SECRETARIA DE EDUCAÇÃO; Ativo;R$ 1.075,62; Compra Normal
 PREFEITURA MUNICIPAL DE BALNEÁRIO GAIVOTA; Móveis; Ar Condicionado; -; SPLIT ELGIN 12000 Q/F EXTERNA CLASSE A ECO R410; 10/12/2021; MANUTENÇÃO DA SECRETARIA DE EDUCAÇÃO; Ativo;R$ 1.075,62; Compra Normal
 PREFEITURA MUNICIPAL DE BALNEÁRIO GAIVOTA; Móveis; Ar Condicionado;8600; SPLIT ELGIN 12000 Q/F EXTERNA CLASSE A ECO R410; 10/12/2021; MANUTENÇÃO DA SECRETARIA DE EDUCAÇÃO; Ativo;R$ 1.075,62; Compra Normal
 PREFEITURA MUNICIPAL DE BALNEÁRIO GAIVOTA; Móveis; Ar Condicionado;8594; SPLIT ELGIN 12000 Q/F EXTERNA CLASSE A ECO R410; 10/12/2021; MANUTENÇÃO DA SECRETARIA DE EDUCAÇÃO; Ativo;R$ 1.075,62; Compra Normal
 PREFEITURA MUNICIPAL DE BALNEÁRIO GAIVOTA; Móveis; CADEIRA;9234; CADEIRA DE REFEIÇÃO MACARON ALTA DOREL; 10/12/2021; MANUTENÇÃO DA SECRETARIA DE EDUCAÇÃO; Ativo;R$ 358,05; Compra Normal
 PREFEITURA MUNICIPAL DE BALNEÁRIO GAIVOTA; Móveis; CADEIRA;9235; CADEIRA DE REFEIÇÃO MACARON ALTA DOREL; 10/12/2021; MANUTENÇÃO DA SECRETARIA DE EDUCAÇÃO; Ativo;R$ 358,05; Compra Normal
 PREFEITURA MUNICIPAL DE BALNEÁRIO GAIVOTA; Móveis; CADEIRA;9236; CADEIRA DE REFEIÇÃO MACARON ALTA DOREL; 10/12/2021; MANUTENÇÃO DA SECRETARIA DE EDUCAÇÃO; Ativo;R$ 358,05; Compra Normal
 PREFEITURA MUNICIPAL DE BALNEÁRIO GAIVOTA; Móveis; Liquidificador;8566; LIQUIDIFICADOR INDUSTRIAL 8 LTS KD; 10/12/2021; MANUTENÇÃO DA SECRETARIA DE EDUCAÇÃO; Ativo;R$ 915,06; Compra Normal
 PREFEITURA MUNICIPAL DE BALNEÁRIO GAIVOTA; Móveis; Ar Condicionado;9214; SPLIT ELGING 12000 Q/F EXTERNA CLASSSE A ECO R410; 10/12/2021; MANUTENÇÃO DA SECRETARIA DE EDUCAÇÃO; Ativo;R$ 1.075,62; Compra Normal
 PREFEITURA MUNICIPAL DE BALNEÁRIO GAIVOTA; Móveis; Ar Condicionado;9216; SPLIT ELGING 12000 Q/F EXTERNA CLASSSE A ECO R410; 10/12/2021; MANUTENÇÃO DA SECRETARIA DE EDUCAÇÃO; Ativo;R$ 1.075,62; Compra Normal
 PREFEITURA MUNICIPAL DE BALNEÁRIO GAIVOTA; Móveis; Ar Condicionado;9219; SPLIT ELGING 12000 Q/F EXTERNA CLASSSE A ECO R410; 10/12/2021; MANUTENÇÃO DA SECRETARIA DE EDUCAÇÃO; Ativo;R$ 1.075,62; Compra Normal
 PREFEITURA MUNICIPAL DE BALNEÁRIO GAIVOTA; Móveis; Ar Condicionado;9240; SPLIT ELGING 12000 Q/F EXTERNA CLASSSE A ECO R410; 10/12/2021; MANUTENÇÃO DA SECRETARIA DE EDUCAÇÃO; Ativo;R$ 1.075,62; Compra Normal
 PREFEITURA MUNICIPAL DE BALNEÁRIO GAIVOTA; Móveis; Ar Condicionado;8486; SPLIT ELGING 12000 Q/F INTERNA CLASSSE A ECO R410; 10/12/2021; MANUTENÇÃO DA SECRETARIA DE EDUCAÇÃO; Ativo;R$ 1.075,62; Compra Normal
 PREFEITURA MUNICIPAL DE BALNEÁRIO GAIVOTA; Móveis; Ar Condicionado;8487; SPLIT ELGING 12000 Q/F INTERNA CLASSSE A ECO R410; 10/12/2021; MANUTENÇÃO DA SECRETARIA DE EDUCAÇÃO; Ativo;R$ 1.075,62; Compra Normal
 PREFEITURA MUNICIPAL DE BALNEÁRIO GAIVOTA; Móveis; Ar Condicionado;9213; SPLIT ELGIN 18000 QUENTE/FRIO EXTERNA CLASSE A ECO; 10/12/2021; MANUTENÇÃO DA SECRETARIA DE EDUCAÇÃO; Ativo;R$ 1.364,22; Compra Normal
 PREFEITURA MUNICIPAL DE BALNEÁRIO GAIVOTA; Móveis; Ar Condicionado;9232; SPLIT ELGIN 18000 QUENTE/FRIO EXTERNA CLASSE A ECO; 10/12/2021; MANUTENÇÃO DA SECRETARIA DE EDUCAÇÃO; Ativo;R$ 1.364,22; Compra Normal
 PREFEITURA MUNICIPAL DE BALNEÁRIO GAIVOTA; Móveis; Ar Condicionado;8995; SPLIT ELGIN 18000 QUENTE/FRIO EXTERNA CLASSE A ECO; 10/12/2021; MANUTENÇÃO DA SECRETARIA DE EDUCAÇÃO; Ativo;R$ 1.364,22; Compra Normal
 PREFEITURA MUNICIPAL DE BALNEÁRIO GAIVOTA; Móveis; Ar Condicionado;8999; SPLIT ELGIN 18000 QUENTE/FRIO EXTERNA CLASSE A ECO; 10/12/2021; MANUTENÇÃO DA SECRETARIA DE EDUCAÇÃO; Ativo;R$ 1.364,22; Compra Normal
 PREFEITURA MUNICIPAL DE BALNEÁRIO GAIVOTA; Móveis; ESCORREDOR;9233; ESCORREDOR SUPER 80 PRATOS 3 ANDARES DINOX; 10/12/2021; MANUTENÇÃO DA SECRETARIA DE EDUCAÇÃO; Ativo;R$ 677,68; Compra Normal
 PREFEITURA MUNICIPAL DE BALNEÁRIO GAIVOTA; Móveis; Ar Condicionado;8997; AR CONDICIONADO 9000 BTU'S SPLIT 220V AGRATTO; 10/12/2021; MANUTENÇÃO DA SECRETARIA DE EDUCAÇÃO; Ativo;R$ 1.743,45; Compra Normal
 PREFEITURA MUNICIPAL DE BALNEÁRIO GAIVOTA; Móveis; Ar Condicionado;8996; AR CONDICIONADO 9000 BTU'S SPLIT 220V AGRATTO; 10/12/2021; MANUTENÇÃO DA SECRETARIA DE EDUCAÇÃO; Ativo;R$ 1.743,45; Compra Normal
 PREFEITURA MUNICIPAL DE BALNEÁRIO GAIVOTA; Móveis; TABLET; -; TABLET 8 SAMSUNG T290 WI-FI TAB A AM PRETO ANDROIDE; 01/12/2021; FUNDO MUNICIPAL DE SAUDE; Ativo;R$ 1.067,74; Compra Normal
 PREFEITURA MUNICIPAL DE BALNEÁRIO GAIVOTA; Móveis; COMPUTADOR; -; COMPUTADOR CPU: LGA 1200, RAM 1X8GB DDR4, SSD 240G; 01/12/2021; FUNDO MUNICIPAL DE SAUDE; Ativo;R$ 2.846,65; Compra Normal
 PREFEITURA MUNICIPAL DE BALNEÁRIO GAIVOTA; Móveis; COMPUTADOR; -; COMPUTADOR CPU: LGA 1200, RAM 1X8GB DDR4, SSD 240G; 01/12/2021; FUNDO MUNICIPAL DE SAUDE; Ativo;R$ 2.846,65; Compra Normal
 PREFEITURA MUNICIPAL DE BALNEÁRIO GAIVOTA; Móveis; COMPUTADOR; -; COMPUTADOR CPU: LGA 1200, RAM 1X8GB DDR4, SSD 240G; 01/12/2021; FUNDO MUNICIPAL DE SAUDE; Ativo;R$ 2.846,65; Compra Normal
 PREFEITURA MUNICIPAL DE BALNEÁRIO GAIVOTA; Móveis; Armário; -; ARMARIO 1980X900X400MM FECHADURA; 01/12/2021; FUNDO MUNICIPAL DE SAUDE; Ativo;R$ 831,73; Compra Normal
 PREFEITURA MUNICIPAL DE BALNEÁRIO GAIVOTA; Móveis; Armário; -; ARMARIO 1980X900X400MM FECHADURA; 01/12/2021; FUNDO MUNICIPAL DE SAUDE; Ativo;R$ 831,73; Compra Normal
 PREFEITURA MUNICIPAL DE BALNEÁRIO GAIVOTA; Móveis; Armário; -; ARMARIO 1980X900X400MM FECHADURA; 01/12/2021; FUNDO MUNICIPAL DE SAUDE; Ativo;R$ 831,73; Compra Normal
 PREFEITURA MUNICIPAL DE BALNEÁRIO GAIVOTA; Móveis; Armário; -; ARMARIO 1980X900X400MM FECHADURA; 01/12/2021; FUNDO MUNICIPAL DE SAUDE; Ativo;R$ 831,73; Compra Normal
 PREFEITURA MUNICIPAL DE BALNEÁRIO GAIVOTA; Móveis; Armário; -; ARMARIO 1980X900X400MM FECHADURA; 01/12/2021; FUNDO MUNICIPAL DE SAUDE; Ativo;R$ 831,73; Compra Normal
 PREFEITURA MUNICIPAL DE BALNEÁRIO GAIVOTA; Móveis; Arquivo de Aço; -; ARQUIVO 4 GAV 1330X466X580MM; 01/12/2021; FUNDO MUNICIPAL DE SAUDE; Ativo;R$ 674,57; Compra Normal
 PREFEITURA MUNICIPAL DE BALNEÁRIO GAIVOTA; Móveis; Arquivo de Aço; -; ARQUIVO 4 GAV 1330X466X580MM; 01/12/2021; FUNDO MUNICIPAL DE SAUDE; Ativo;R$ 674,57; Compra Normal
 PREFEITURA MUNICIPAL DE BALNEÁRIO GAIVOTA; Móveis; Arquivo de Aço; -; ARQUIVO 4 GAV 1330X466X580MM; 01/12/2021; FUNDO MUNICIPAL DE SAUDE; Ativo;R$ 674,57; Compra Normal
 PREFEITURA MUNICIPAL DE BALNEÁRIO GAIVOTA; Móveis; Arquivo de Aço; -; ARQUIVO 4 GAV 1330X466X580MM; 01/12/2021; FUNDO MUNICIPAL DE SAUDE; Ativo;R$ 674,57; Compra Normal
 PREFEITURA MUNICIPAL DE BALNEÁRIO GAIVOTA; Móveis; Arquivo de Aço; -; ARQUIVO 4 GAV 1330X466X580MM; 01/12/2021; FUNDO MUNICIPAL DE SAUDE; Ativo;R$ 674,57; Compra Normal
 PREFEITURA MUNICIPAL DE BALNEÁRIO GAIVOTA; Móveis; Arquivo de Aço; -; ARQUIVO P/ PASTAS SUSPENSA 4 GAVETAS; 01/12/2021; FUNDO MUNICIPAL DE SAUDE; Ativo;R$ 723,97; Compra Normal
 PREFEITURA MUNICIPAL DE BALNEÁRIO GAIVOTA; Móveis; VEICULOS LEVES; -; SPRINTER VAN 416 15+1 LUXO MERCEDES-BENZ GERAL; 01/12/2021; FUNDO MUNICIPAL DE SAUDE; Ativo;R$ 185.454,81; Compra Normal
 PREFEITURA MUNICIPAL DE BALNEÁRIO GAIVOTA; Móveis; arado; -; ARADO SUBSOLADOR 05 HASTES-FOLMAQ chassi reforçado com 5 hastes roto moldada inteira sem pino e garras ajustaveis no chassi, largura trabalho 1,7mts. MARCA FOLMAQ, MODELO ASF 5BF, SERIE 1123, COR AZUL, ANO 2021.; 01/12/2021; MANUTENÇÃO DA SECRETARIA DE OBRAS E SERV; Ativo;R$ 79.785,00; Compra Normal
 PREFEITURA MUNICIPAL DE BALNEÁRIO GAIVOTA; Móveis; DISTRIBUIDOR DE CALCARIO; -; DISTRIBUIDOR DE CALCARIO 5500KG ALGOR CAP CARGA 5.5T RODADO TANDEM ARO16 PNEUS 750/16R1 DE 14 LONAS ACION. TOMADA DE FORÇA DO TRATOR ATRAVES DE CARDAN COM PROTEÇÃO NORMAL NR12 C DUPLO DISCO CX TRANS A OLEO MARCA ALGOR COR VERMELHO NR SERIE 003 PESO 1260 MODELO DAS550 ANO FAB 2021; 01/12/2021; MANUTENÇÃO DA SECRETARIA DE OBRAS E SERV; Ativo;R$ 36.632,15; Compra Normal
 PREFEITURA MUNICIPAL DE BALNEÁRIO GAIVOTA; Móveis; Quadro; -; QUADRO BRANCO MOLDURA EM ALUMINIO STALO; 01/12/2021; FUNDO MUNICIPAL DE SAUDE; Ativo;R$ 520,08; Compra Normal
 PREFEITURA MUNICIPAL DE BALNEÁRIO GAIVOTA; Móveis; MESA; -; MESA 1,20 SECRETARIA INCOFLEX CINZA; 01/12/2021; MANUTENÇÃO DO CONSELHO TUTELAR; Ativo;R$ 406,80; Compra Normal
 PREFEITURA MUNICIPAL DE BALNEÁRIO GAIVOTA; Móveis; MESA; -; MESA 1,20 SECRETARIA INCOFLEX CINZA; 01/12/2021; MANUTENÇÃO DO CONSELHO TUTELAR; Ativo;R$ 406,80; Compra Normal
 PREFEITURA MUNICIPAL DE BALNEÁRIO GAIVOTA; Móveis; Arquivo de Aço; -; ARQUIVO P/ PASTAS SUSPENSA 4 GAVETAS; 01/12/2021; MANUTENÇÃO DO CONSELHO TUTELAR; Ativo;R$ 723,97; Compra Normal
 PREFEITURA MUNICIPAL DE BALNEÁRIO GAIVOTA; Móveis; CADEIRA; -; CADEIRA ESCRITÓRIO EXECUTIVA 100301 BEST; 01/12/2021; MANUTENÇÃO DA SECRETARIA DE ARRECADAÇÃO; Ativo;R$ 511,12; Compra Normal
 PREFEITURA MUNICIPAL DE BALNEÁRIO GAIVOTA; Móveis; CADEIRA; -; CADEIRA ESCRITÓRIO EXECUTIVA 100301 BEST; 01/12/2021; MANUTENÇÃO DA SECRETARIA DE ARRECADAÇÃO; Ativo;R$ 511,12; Compra Normal
 PREFEITURA MUNICIPAL DE BALNEÁRIO GAIVOTA; Móveis; GELADEIRA; -; REFRIGERADOR 01 PORTA FROST FREE BRANCA, 220V - MARCA CONSUL; 01/12/2021; MANUTENÇÃO DO CONSELHO TUTELAR; Ativo;R$ 1.934,25; Doação
 PREFEITURA MUNICIPAL DE BALNEÁRIO GAIVOTA; Móveis; CPU; -; CPU COMPUSONIC 16GB MEMORIA SSD 240GB; 01/12/2021; MANUTENÇÃO DA SECRETARIA DE ADMINISTRAÇÃ; Ativo;R$ 4.767,40; Compra Normal
 PREFEITURA MUNICIPAL DE BALNEÁRIO GAIVOTA; Móveis; CPU; -; CPU COMPUSONIC MEMORIA 8 GB SSD 240GB; 01/12/2021; MANUTENÇÃO DA SECRETARIA DE ADMINISTRAÇÃ; Ativo;R$ 3.230,80; Compra Normal
 PREFEITURA MUNICIPAL DE BALNEÁRIO GAIVOTA; Móveis; NO-BREAK; -; NOBREAK NHS MINI 600VA E BIVOLT S.120V OU CONF1 220V BAT 1X7AH/12V 6 TOMADAS; 01/12/2021; MANUTENÇÃO DA SECRETARIA DE ADMINISTRAÇÃ; Ativo;R$ 413,69; Compra Normal
 PREFEITURA MUNICIPAL DE BALNEÁRIO GAIVOTA; Móveis; Liquidificador; -; LIQUIDIFICADOR COMERCIAL 4 LITROS 220V SKYMSEN; 01/12/2021; MANUTENÇÃO DA SECRETARIA DE EDUCAÇÃO; Ativo;R$ 1.078,57; Compra Normal
 PREFEITURA MUNICIPAL DE BALNEÁRIO GAIVOTA; Móveis; Liquidificador; -; LIQUIDIFICADOR COMERCIAL 4 LITROS 220V SKYMSEN; 01/12/2021; MANUTENÇÃO DA SECRETARIA DE EDUCAÇÃO; Ativo;R$ 1.078,57; Compra Normal
 PREFEITURA MUNICIPAL DE BALNEÁRIO GAIVOTA; Móveis; Liquidificador; -; LIQUIDIFICADOR COMERCIAL 4 LITROS 220V SKYMSEN; 01/12/2021; MANUTENÇÃO DA SECRETARIA DE EDUCAÇÃO; Ativo;R$ 1.078,57; Compra Normal
 PREFEITURA MUNICIPAL DE BALNEÁRIO GAIVOTA; Móveis; FREEZER; -; CONGELADOR EVZ21 220V BRANCO 569L; 01/12/2021; MANUTENÇÃO DA SECRETARIA DE EDUCAÇÃO; Ativo;R$ 3.378,55; Compra Normal
 PREFEITURA MUNICIPAL DE BALNEÁRIO GAIVOTA; Móveis; ROUPAS; -; CONJ. FLORAL INF. SEXTAVADO EST.BR AUTORIZAÇÃO DE FORNECIMENTO N. 3322/2021; 01/12/2021; MANUTENÇÃO DA SECRETARIA DE EDUCAÇÃO; Ativo;R$ 1.970,00; Compra Normal
 PREFEITURA MUNICIPAL DE BALNEÁRIO GAIVOTA; Móveis; ROUPAS; -; CONJ. FLORAL INF. SEXTAVADO EST.BR AUTORIZAÇÃO DE FORNECIMENTO N. 3322/2021; 01/12/2021; MANUTENÇÃO DA SECRETARIA DE EDUCAÇÃO; Ativo;R$ 1.970,00; Compra Normal
 PREFEITURA MUNICIPAL DE BALNEÁRIO GAIVOTA; Móveis; ROUPAS; -; CONJ. FLORAL INF. SEXTAVADO EST.BR AUTORIZAÇÃO DE FORNECIMENTO N. 3322/2021; 01/12/2021; MANUTENÇÃO DA SECRETARIA DE EDUCAÇÃO; Ativo;R$ 1.970,00; Compra Normal
 PREFEITURA MUNICIPAL DE BALNEÁRIO GAIVOTA; Móveis; ROUPAS; -; CONJ. FLORAL INF. SEXTAVADO EST.BR AUTORIZAÇÃO DE FORNECIMENTO N. 3322/2021; 01/12/2021; MANUTENÇÃO DA SECRETARIA DE EDUCAÇÃO; Ativo;R$ 1.970,00; Compra Normal
 PREFEITURA MUNICIPAL DE BALNEÁRIO GAIVOTA; Móveis; Quadro; -; PAINEL EM MDF 15 MM ESPESSURA, 06 METROS DE LARGURA; 01/12/2021; MANUTENÇÃO DA SECRETARIA DE EDUCAÇÃO; Ativo;R$ 2.167,00; Compra Normal
 PREFEITURA MUNICIPAL DE BALNEÁRIO GAIVOTA; Móveis; Armário; -; ARMARIO FECHADO 02 PORTAS COM CHAVES INCOFLEX; 01/12/2021; MANUTENÇÃO DA SECRETARIA DE EDUCAÇÃO; Ativo;R$ 586,07; Compra Normal
 PREFEITURA MUNICIPAL DE BALNEÁRIO GAIVOTA; Móveis; Armário; -; ARMARIO FECHADO 02 PORTAS COM CHAVES INCOFLEX; 01/12/2021; MANUTENÇÃO DA SECRETARIA DE EDUCAÇÃO; Ativo;R$ 586,07; Compra Normal
 PREFEITURA MUNICIPAL DE BALNEÁRIO GAIVOTA; Móveis; Armário; -; ARMARIO FECHADO 02 PORTAS COM CHAVES INCOFLEX; 01/12/2021; MANUTENÇÃO DA SECRETARIA DE EDUCAÇÃO; Ativo;R$ 586,07; Compra Normal
 PREFEITURA MUNICIPAL DE BALNEÁRIO GAIVOTA; Móveis; Armário; -; ARMARIO FECHADO 02 PORTAS COM CHAVES INCOFLEX; 01/12/2021; MANUTENÇÃO DA SECRETARIA DE EDUCAÇÃO; Ativo;R$ 586,07; Compra Normal
 PREFEITURA MUNICIPAL DE BALNEÁRIO GAIVOTA; Móveis; Armário; -; ARMARIO FECHADO 02 PORTAS COM CHAVES INCOFLEX; 01/12/2021; MANUTENÇÃO DA SECRETARIA DE EDUCAÇÃO; Ativo;R$ 586,07; Compra Normal
 PREFEITURA MUNICIPAL DE BALNEÁRIO GAIVOTA; Móveis; Armário; -; ARMARIO FECHADO 02 PORTAS COM CHAVES INCOFLEX; 01/12/2021; MANUTENÇÃO DA SECRETARIA DE EDUCAÇÃO; Ativo;R$ 586,07; Compra Normal
 PREFEITURA MUNICIPAL DE BALNEÁRIO GAIVOTA; Móveis; NOTEBOOK;8979; NOTEBOOK LENOVO IDEAPAD 15IML05 15 8GB TELA 15; 01/12/2021; MANUTENÇÃO DA SECRETARIA DE ADMINISTRAÇÃ; Ativo;R$ 4.934,85; Compra Normal
 PREFEITURA MUNICIPAL DE BALNEÁRIO GAIVOTA; Móveis; NOTEBOOK;8974; NOTEBOOK LENOVO IDEAPAD3I 15IML CORE I3 TELA 15; 01/12/2021; MANUTENÇÃO DA SECRETARIA DE ADMINISTRAÇÃ; Ativo;R$ 4.934,85; Compra Normal
 PREFEITURA MUNICIPAL DE BALNEÁRIO GAIVOTA; Móveis; Balcão;8994; BALCÃO EM MDF BRANCO PARA BANHEIRA, TROCADOR E LAVADO COM 06 PORTAS E 03 GAVETAS; 01/12/2021; MANUTENÇÃO DA SECRETARIA DE EDUCAÇÃO; Ativo;R$ 3.152,00; Compra Normal
 PREFEITURA MUNICIPAL DE BALNEÁRIO GAIVOTA; Móveis; Balcão;8989; BALCÃO EM MDF BRANCO PARA TROCADOR E LAVABO COM 05 PORTAS; 01/12/2021; MANUTENÇÃO DA SECRETARIA DE EDUCAÇÃO; Ativo;R$ 1.920,75; Compra Normal
 PREFEITURA MUNICIPAL DE BALNEÁRIO GAIVOTA; Móveis; TAMPO DE PEDRA;8990; TAMPOS EM PEDRAS E RODAPIAS COR CINZA OCRE, P/BALCÕES DOS BANHEIROS, C/ 02 CUBA OVAL DE LOUÇA BRANCA P/ O LAVABO; 01/12/2021; MANUTENÇÃO DA SECRETARIA DE EDUCAÇÃO; Ativo;R$ 3.546,00; Compra Normal
 PREFEITURA MUNICIPAL DE BALNEÁRIO GAIVOTA; Móveis; CUBA DE INOX;8992; CUBA DE INOX PARA BERÇÁRIO 75X40X20; 01/12/2021; MANUTENÇÃO DA SECRETARIA DE EDUCAÇÃO; Ativo;R$ 935,75; Compra Normal
 PREFEITURA MUNICIPAL DE BALNEÁRIO GAIVOTA; Móveis; Armário;8991; ARMARIO COM 20 CASULOS PARA MOCHILAS; 01/12/2021; MANUTENÇÃO DA SECRETARIA DE EDUCAÇÃO; Ativo;R$ 2.068,50; Compra Normal
 PREFEITURA MUNICIPAL DE BALNEÁRIO GAIVOTA; Móveis; Armário;8993; ARMARIO COM 20 CASULOS PARA MOCHILAS; 01/12/2021; MANUTENÇÃO DA SECRETARIA DE EDUCAÇÃO; Ativo;R$ 2.068,50; Compra Normal
 PREFEITURA MUNICIPAL DE BALNEÁRIO GAIVOTA; Móveis; Armário;9215; ARMARIO COM 20 CASULOS PARA MOCHILAS; 01/12/2021; MANUTENÇÃO DA SECRETARIA DE EDUCAÇÃO; Ativo;R$ 2.068,50; Compra Normal
 PREFEITURA MUNICIPAL DE BALNEÁRIO GAIVOTA; Móveis; MONITORES;8977; MONITOR PHILIPS 27'' 272V8A; 01/12/2021; MANUTENÇÃO DA SECRETARIA DE ADMINISTRAÇÃ; Ativo;R$ 1.502,12; Compra Normal
 PREFEITURA MUNICIPAL DE BALNEÁRIO GAIVOTA; Móveis; ROUPAS;8981; CONJ. FLORAL INF. SEXTAVADO EST.BR AUTORIZAÇÃO DE FORNECIMENTO N. 3322/2021; 01/12/2021; MANUTENÇÃO DA SECRETARIA DE EDUCAÇÃO; Ativo;R$ 1.970,00; Compra Normal
 PREFEITURA MUNICIPAL DE BALNEÁRIO GAIVOTA; Móveis; ROUPAS;8982; CONJ. FLORAL INF. SEXTAVADO EST.BR AUTORIZAÇÃO DE FORNECIMENTO N. 3322/2021; 01/12/2021; MANUTENÇÃO DA SECRETARIA DE EDUCAÇÃO; Ativo;R$ 1.970,00; Compra Normal
 PREFEITURA MUNICIPAL DE BALNEÁRIO GAIVOTA; Móveis; ROUPAS;8983; CONJ. FLORAL INF. SEXTAVADO EST.BR AUTORIZAÇÃO DE FORNECIMENTO N. 3322/2021; 01/12/2021; MANUTENÇÃO DA SECRETARIA DE EDUCAÇÃO; Ativo;R$ 1.970,00; Compra Normal
 PREFEITURA MUNICIPAL DE BALNEÁRIO GAIVOTA; Móveis; ROUPAS;8984; CONJ. FLORAL INF. SEXTAVADO EST.BR AUTORIZAÇÃO DE FORNECIMENTO N. 3322/2021; 01/12/2021; MANUTENÇÃO DA SECRETARIA DE EDUCAÇÃO; Ativo;R$ 1.970,00; Compra Normal
 PREFEITURA MUNICIPAL DE BALNEÁRIO GAIVOTA; Móveis; ROUPAS;8985; CONJ. FLORAL INF. SEXTAVADO EST.BR AUTORIZAÇÃO DE FORNECIMENTO N. 3322/2021; 01/12/2021; MANUTENÇÃO DA SECRETARIA DE EDUCAÇÃO; Ativo;R$ 1.970,00; Compra Normal
 PREFEITURA MUNICIPAL DE BALNEÁRIO GAIVOTA; Móveis; ROUPAS;8986; CONJ. FLORAL INF. SEXTAVADO EST.BR AUTORIZAÇÃO DE FORNECIMENTO N. 3322/2021; 01/12/2021; MANUTENÇÃO DA SECRETARIA DE EDUCAÇÃO; Ativo;R$ 1.970,00; Compra Normal
 PREFEITURA MUNICIPAL DE BALNEÁRIO GAIVOTA; Móveis; ROUPAS;8987; CONJ. FLORAL INF. SEXTAVADO EST.BR AUTORIZAÇÃO DE FORNECIMENTO N. 3322/2021; 01/12/2021; MANUTENÇÃO DA SECRETARIA DE EDUCAÇÃO; Ativo;R$ 1.970,00; Compra Normal
 PREFEITURA MUNICIPAL DE BALNEÁRIO GAIVOTA; Móveis; ROUPAS;8988; CONJ. FLORAL INF. SEXTAVADO EST.BR AUTORIZAÇÃO DE FORNECIMENTO N. 3322/2021; 01/12/2021; MANUTENÇÃO DA SECRETARIA DE EDUCAÇÃO; Ativo;R$ 1.970,00; Compra Normal
 PREFEITURA MUNICIPAL DE BALNEÁRIO GAIVOTA; Móveis; Armário;9200; ARMARIO FECHADO 02 PORTAS COM CHAVES INCOFLEX; 01/12/2021; MANUTENÇÃO DA SECRETARIA DE EDUCAÇÃO; Ativo;R$ 586,07; Compra Normal
 PREFEITURA MUNICIPAL DE BALNEÁRIO GAIVOTA; Móveis; LAVA JATO;8502; LAVADORA DE ALTA PRESSÃO ELECTROLUX 220 VOLTS; 30/11/2021; MANUTENÇÃO DA SECRETARIA DE EDUCAÇÃO; Ativo;R$ 1.257,84; Compra Normal
 PREFEITURA MUNICIPAL DE BALNEÁRIO GAIVOTA; Móveis; CADEIRA;8582; CADEIRA ESCRITORIO EXECUTIVA 100301; 30/11/2021; MANUTENÇÃO DA SECRETARIA DE ARRECADAÇÃO; Ativo;R$ 511,12; Compra Normal
 PREFEITURA MUNICIPAL DE BALNEÁRIO GAIVOTA; Móveis; ESTANTES;8585; ESTANTE DE AÇO COM 6 PRATELEIRAS COM REFORÇO NA PARTE INFERIOR E TRAVAMENTO EM FORMA DE X PANDIN; 30/11/2021; DIRETORIA DE MEIO AMBIENTE; Ativo;R$ 750,57; Compra Normal
 PREFEITURA MUNICIPAL DE BALNEÁRIO GAIVOTA; Móveis; ESTANTES;8584; ESTANTE DE AÇO COM 6 PRATELEIRAS COM REFORÇO NA PARTE INFERIOR E TRAVAMENTO EM FORMA DE X PANDIN; 30/11/2021; DIRETORIA DE MEIO AMBIENTE; Ativo;R$ 750,57; Compra Normal
 PREFEITURA MUNICIPAL DE BALNEÁRIO GAIVOTA; Móveis; Armário;8576; ARMARIO VERSATIL COM 2 PORTAS INCOFLEX; 30/11/2021; DIRETORIA DE INDÚSTRIA E COMÉRCIO; Ativo;R$ 335,88; Compra Normal
 PREFEITURA MUNICIPAL DE BALNEÁRIO GAIVOTA; Móveis; MESA;8577; MESA 1.50X060X0.735 INCOFLEX C/GAVETAS; 30/11/2021; DIRETORIA DE INDÚSTRIA E COMÉRCIO; Ativo;R$ 416,65; Compra Normal
 PREFEITURA MUNICIPAL DE BALNEÁRIO GAIVOTA; Móveis; CADEIRA;8575; CAD. GIRAT. SECRET. 3004 SRE L 2048 REGULAGEM-ALTURA INJ. EP - TEC PRETO; 30/11/2021; DIRETORIA DE INDÚSTRIA E COMÉRCIO; Ativo;R$ 413,70; Compra Normal
 PREFEITURA MUNICIPAL DE BALNEÁRIO GAIVOTA; Móveis; CADEIRA;8583; CADEIRA ESCRITÓRIO EXECUTIVA 100301 BEST; 30/11/2021; MANUTENÇÃO DA SECRETARIA DE ARRECADAÇÃO; Baixado;R$ 511,12; Compra Normal
 PREFEITURA MUNICIPAL DE BALNEÁRIO GAIVOTA; Móveis; IMPRESSORA; -; MULTIFUNCIONAL EPSON L3150; 29/11/2021; MANUTENÇÃO DO CONSELHO TUTELAR; Ativo;R$ 1.510,99; Compra Normal
 PREFEITURA MUNICIPAL DE BALNEÁRIO GAIVOTA; Móveis; NO-BREAK;8580; NOBREAK NHS MINI III 600VA E.BIVOLT S.120V OU CONFI 220V BAT IX7AH/12V 6 TOMADAS; 29/11/2021; DIRETORIA DE INDÚSTRIA E COMÉRCIO; Ativo;R$ 413,69; Compra Normal
 PREFEITURA MUNICIPAL DE BALNEÁRIO GAIVOTA; Móveis; SCANNER;8578; LIVE SCANNER REAL SCAN-D SUPREMA; 29/11/2021; MANUTENÇÃO DA SECRETARIA DE ADMINISTRAÇÃ; Ativo;R$ 4.826,50; Compra Normal
 PREFEITURA MUNICIPAL DE BALNEÁRIO GAIVOTA; Móveis; MONITORES;8909; MONITOR LG LED 21.5 190X1080; 29/11/2021; MANUTENÇÃO DO CONSELHO TUTELAR; Ativo;R$ 962,34; Compra Normal
 PREFEITURA MUNICIPAL DE BALNEÁRIO GAIVOTA; Móveis; MICROCOMPUTADOR;8581; UNID. PROC. DIG. MICROCOMP. ROMAZE RI PPB: PORT. INTERMINISTERIAL N''961 DE 22/12/2009, FABRICADO CFE, TERMOS DO DEC. FED. 5906/06; 29/11/2021; DIRETORIA DE INDÚSTRIA E COMÉRCIO; Ativo;R$ 932,76; Compra Normal
 PREFEITURA MUNICIPAL DE BALNEÁRIO GAIVOTA; Móveis; WEBCAM;8579; WEBCAM LOGITECH C920S PRO; 29/11/2021; MANUTENÇÃO DA SECRETARIA DE ADMINISTRAÇÃ; Ativo;R$ 442,26; Compra Normal
 PREFEITURA MUNICIPAL DE BALNEÁRIO GAIVOTA; Móveis; TELEVISOR; -; TV LED 40 TCL 405615; 29/11/2021; MANUTENÇÃO DA SECRETARIA DE EDUCAÇÃO; Ativo;R$ 1.956,70; Compra Normal
 PREFEITURA MUNICIPAL DE BALNEÁRIO GAIVOTA; Móveis; TELEVISOR; -; TV LED 40 TCL 405615; 29/11/2021; MANUTENÇÃO DA SECRETARIA DE EDUCAÇÃO; Ativo;R$ 1.956,70; Compra Normal
 PREFEITURA MUNICIPAL DE BALNEÁRIO GAIVOTA; Móveis; TELEVISOR;8591; TV LED 40 TCL 405615; 29/11/2021; MANUTENÇÃO DA SECRETARIA DE EDUCAÇÃO; Ativo;R$ 1.956,70; Compra Normal
 PREFEITURA MUNICIPAL DE BALNEÁRIO GAIVOTA; Móveis; TELEVISOR;8595; TV LED 40 TCL 405615; 29/11/2021; MANUTENÇÃO DA SECRETARIA DE EDUCAÇÃO; Ativo;R$ 1.956,70; Compra Normal
 PREFEITURA MUNICIPAL DE BALNEÁRIO GAIVOTA; Móveis; TELEVISOR;8604; TV LED 40 TCL 405615; 29/11/2021; MANUTENÇÃO DA SECRETARIA DE EDUCAÇÃO; Ativo;R$ 1.956,70; Compra Normal
 PREFEITURA MUNICIPAL DE BALNEÁRIO GAIVOTA; Móveis; TELEVISOR;8708; SMART TV HQ HQTV32NY 32 POL; 29/11/2021; MANUTENÇÃO DA SECRETARIA DE EDUCAÇÃO; Ativo;R$ 1.475,83; Compra Normal
 PREFEITURA MUNICIPAL DE BALNEÁRIO GAIVOTA; Móveis; TELEVISOR;8709; SMART TV HQ HQTV32NY 32 POL; 29/11/2021; MANUTENÇÃO DA SECRETARIA DE EDUCAÇÃO; Ativo;R$ 1.475,83; Compra Normal
 PREFEITURA MUNICIPAL DE BALNEÁRIO GAIVOTA; Móveis; TELEVISOR;8693; SMART TV HQ HQTV32NY 32 POL; 29/11/2021; MANUTENÇÃO DA SECRETARIA DE EDUCAÇÃO; Ativo;R$ 1.475,83; Compra Normal
 PREFEITURA MUNICIPAL DE BALNEÁRIO GAIVOTA; Móveis; TELEVISOR;8698; SMART TV HQ HQTV32NY 32 POL; 29/11/2021; MANUTENÇÃO DA SECRETARIA DE EDUCAÇÃO; Ativo;R$ 1.475,83; Compra Normal
 PREFEITURA MUNICIPAL DE BALNEÁRIO GAIVOTA; Móveis; TELEVISOR;8700; SMART TV HQ HQTV32NY 32 POL; 29/11/2021; MANUTENÇÃO DA SECRETARIA DE EDUCAÇÃO; Ativo;R$ 1.475,83; Compra Normal
 PREFEITURA MUNICIPAL DE BALNEÁRIO GAIVOTA; Móveis; TELEVISOR;8666; SMART TV HQ HQTV32NY 32 POL; 29/11/2021; MANUTENÇÃO DA SECRETARIA DE EDUCAÇÃO; Ativo;R$ 1.475,83; Compra Normal
 PREFEITURA MUNICIPAL DE BALNEÁRIO GAIVOTA; Móveis; TELEVISOR;8667; SMART TV HQ HQTV32NY 32 POL; 29/11/2021; MANUTENÇÃO DA SECRETARIA DE EDUCAÇÃO; Ativo;R$ 1.475,83; Compra Normal
 PREFEITURA MUNICIPAL DE BALNEÁRIO GAIVOTA; Móveis; TELEVISOR;8668; SMART TV HQ HQTV32NY 32 POL; 29/11/2021; MANUTENÇÃO DA SECRETARIA DE EDUCAÇÃO; Ativo;R$ 1.475,83; Compra Normal
 PREFEITURA MUNICIPAL DE BALNEÁRIO GAIVOTA; Móveis; TELEVISOR;8669; SMART TV HQ HQTV32NY 32 POL; 29/11/2021; MANUTENÇÃO DA SECRETARIA DE EDUCAÇÃO; Ativo;R$ 1.475,83; Compra Normal
 PREFEITURA MUNICIPAL DE BALNEÁRIO GAIVOTA; Móveis; TELEVISOR;8670; SMART TV HQ HQTV32NY 32 POL; 29/11/2021; MANUTENÇÃO DA SECRETARIA DE EDUCAÇÃO; Ativo;R$ 1.475,83; Compra Normal
 PREFEITURA MUNICIPAL DE BALNEÁRIO GAIVOTA; Móveis; TELEVISOR; -; SMART TV HQ HQTV32NY 32 POL; 29/11/2021; MANUTENÇÃO DA SECRETARIA DE EDUCAÇÃO; Ativo;R$ 1.475,83; Compra Normal
 PREFEITURA MUNICIPAL DE BALNEÁRIO GAIVOTA; Móveis; TELEVISOR; -; SMART TV HQ HQTV32NY 32 POL; 29/11/2021; MANUTENÇÃO DA SECRETARIA DE EDUCAÇÃO; Ativo;R$ 1.475,83; Compra Normal
 PREFEITURA MUNICIPAL DE BALNEÁRIO GAIVOTA; Móveis; TELEVISOR; -; SMART TV HQ HQTV32NY 32 POL; 29/11/2021; MANUTENÇÃO DA SECRETARIA DE EDUCAÇÃO; Ativo;R$ 1.475,83; Compra Normal
 PREFEITURA MUNICIPAL DE BALNEÁRIO GAIVOTA; Móveis; TELEVISOR; -; SMART TV HQ HQTV32NY 32 POL; 29/11/2021; MANUTENÇÃO DA SECRETARIA DE EDUCAÇÃO; Ativo;R$ 1.475,83; Compra Normal
 PREFEITURA MUNICIPAL DE BALNEÁRIO GAIVOTA; Móveis; TELEVISOR; -; SMART TV HQ HQTV32NY 32 POL; 29/11/2021; MANUTENÇÃO DA SECRETARIA DE EDUCAÇÃO; Ativo;R$ 1.475,83; Compra Normal
 PREFEITURA MUNICIPAL DE BALNEÁRIO GAIVOTA; Móveis; TELEVISOR;8592; SMART TV HQ HQTV32NY 32 POL; 29/11/2021; MANUTENÇÃO DA SECRETARIA DE EDUCAÇÃO; Ativo;R$ 1.475,83; Compra Normal
 PREFEITURA MUNICIPAL DE BALNEÁRIO GAIVOTA; Móveis; TELEVISOR;8596; SMART TV HQ HQTV32NY 32 POL; 29/11/2021; MANUTENÇÃO DA SECRETARIA DE EDUCAÇÃO; Ativo;R$ 1.475,83; Compra Normal
 PREFEITURA MUNICIPAL DE BALNEÁRIO GAIVOTA; Móveis; TELEVISOR;8598; SMART TV HQ HQTV32NY 32 POL; 29/11/2021; MANUTENÇÃO DA SECRETARIA DE EDUCAÇÃO; Ativo;R$ 1.475,83; Compra Normal
 PREFEITURA MUNICIPAL DE BALNEÁRIO GAIVOTA; Móveis; TELEVISOR;8599; SMART TV HQ HQTV32NY 32 POL; 29/11/2021; MANUTENÇÃO DA SECRETARIA DE EDUCAÇÃO; Ativo;R$ 1.475,83; Compra Normal
 PREFEITURA MUNICIPAL DE BALNEÁRIO GAIVOTA; Móveis; ROÇADEIRA;8929; ROÇADEIRA AGRICOLA CENTRAL E LATERAL TRASEIRA DE 1,2M COR AZUL MARCA METALFREITAS MODELO RTE120 ANO 2021 SERIE 18; 29/11/2021; DIRETORIA DE AGRICULTURA; Ativo;R$ 7.978,50; Compra Normal
 PREFEITURA MUNICIPAL DE BALNEÁRIO GAIVOTA; Móveis; Caminhões;8928; CARRETA AGRICOLA EM MADEIRA DE 6 TON COR: AZUL MARCA: METALFREITAS MODELO: MFMD7T ANO 2021 SERIE:166; 29/11/2021; DIRETORIA DE AGRICULTURA; Ativo;R$ 14.676,50; Compra Normal
 PREFEITURA MUNICIPAL DE BALNEÁRIO GAIVOTA; Móveis; SERRA TICO-TICO; -; WESCO SERRA TICO-TICO 220V CÓD. BARRAS: 6947372519058; 29/11/2021; DIRETORIA DE INDÚSTRIA E COMÉRCIO; Ativo;R$ 337,70; Compra Normal
 PREFEITURA MUNICIPAL DE BALNEÁRIO GAIVOTA; Móveis; CILINDRO;8911; CILINDRO ALTA PRESSÃO G; 29/11/2021; MANUTENÇÃO DA SECRETARIA DE OBRAS E SERV; Ativo;R$ 2.758,00; Compra Normal
 PREFEITURA MUNICIPAL DE BALNEÁRIO GAIVOTA; Móveis; TELEVISOR;9218; TV LED 40 TCL 405615; 29/11/2021; MANUTENÇÃO DA SECRETARIA DE EDUCAÇÃO; Ativo;R$ 1.956,70; Compra Normal
 PREFEITURA MUNICIPAL DE BALNEÁRIO GAIVOTA; Móveis; TELEVISOR;9217; SMART TV HQ HQTV32NY 32 POL; 29/11/2021; MANUTENÇÃO DA SECRETARIA DE EDUCAÇÃO; Ativo;R$ 1.475,83; Compra Normal
 PREFEITURA MUNICIPAL DE BALNEÁRIO GAIVOTA; Móveis; TELEVISOR;9241; SMART TV HQ HQTV32NY 32 POL; 29/11/2021; MANUTENÇÃO DA SECRETARIA DE EDUCAÇÃO; Ativo;R$ 1.475,83; Compra Normal
 PREFEITURA MUNICIPAL DE BALNEÁRIO GAIVOTA; Móveis; TELEVISOR;9202; SMART TV HQ HQTV32NY 32 POL; 29/11/2021; MANUTENÇÃO DA SECRETARIA DE EDUCAÇÃO; Ativo;R$ 1.475,83; Compra Normal
 PREFEITURA MUNICIPAL DE BALNEÁRIO GAIVOTA; Móveis; NO-BREAK;8795; NOBREAK Nhs COMPACT PLUS Iii 1200 Va 600w; 26/11/2021; FUNDO MUNICIPAL DE SAUDE; Ativo;R$ 694,42; Compra Normal
 PREFEITURA MUNICIPAL DE BALNEÁRIO GAIVOTA; Móveis; NO-BREAK;8938; NOBREAK Nhs COMPACT PLUS Iii 1200 Va 600w; 26/11/2021; FUNDO MUNICIPAL DE SAUDE; Ativo;R$ 694,42; Compra Normal
 PREFEITURA MUNICIPAL DE BALNEÁRIO GAIVOTA; Móveis; NO-BREAK; -; NOBREAK Nhs COMPACT PLUS Iii 1200 Va 600w; 26/11/2021; FUNDO MUNICIPAL DE SAUDE; Ativo;R$ 694,42; Compra Normal
 PREFEITURA MUNICIPAL DE BALNEÁRIO GAIVOTA; Móveis; NO-BREAK; -; NOBREAK Nhs COMPACT PLUS Iii 1200 Va 600w; 26/11/2021; FUNDO MUNICIPAL DE SAUDE; Ativo;R$ 694,42; Compra Normal
 PREFEITURA MUNICIPAL DE BALNEÁRIO GAIVOTA; Móveis; Ar Condicionado; -; AR CONDICIONADO SPLIT 18000 Q/F INT/EXT AGRATTO INVERTER; 26/11/2021; FUNDO MUNICIPAL DE SAUDE; Ativo;R$ 2.804,24; Compra Normal
 PREFEITURA MUNICIPAL DE BALNEÁRIO GAIVOTA; Móveis; Ar Condicionado; -; AR CONDICIONADO SPLIT 18000 Q/F INT/EXT AGRATTO INVERTER; 26/11/2021; FUNDO MUNICIPAL DE SAUDE; Ativo;R$ 2.804,24; Compra Normal
 PREFEITURA MUNICIPAL DE BALNEÁRIO GAIVOTA; Móveis; CADEIRA;8786; CADEIRA ESCRITORIO EXECUTIVA 100301 BEST; 26/11/2021; FUNDO MUNICIPAL DE SAUDE; Ativo;R$ 510,25; Compra Normal
 PREFEITURA MUNICIPAL DE BALNEÁRIO GAIVOTA; Móveis; CADEIRA;8787; CADEIRA ESCRITORIO EXECUTIVA 100301 BEST; 26/11/2021; FUNDO MUNICIPAL DE SAUDE; Ativo;R$ 510,25; Compra Normal
 PREFEITURA MUNICIPAL DE BALNEÁRIO GAIVOTA; Móveis; MESA;8794; MESA 1,20X0,60 3GAV. BR/PT PMT 20X40 PT AUTORIZAÇÃO DE FORNECIMENTO 383/2021; 26/11/2021; FUNDO MUNICIPAL DE SAUDE; Ativo;R$ 343,18; Compra Normal
 PREFEITURA MUNICIPAL DE BALNEÁRIO GAIVOTA; Móveis; MESA;8924; MESA 1,20X0,60 3GAV. BR/PT PMT 20X40 PT AUTORIZAÇÃO DE FORNECIMENTO 383/2021; 26/11/2021; FUNDO MUNICIPAL DE SAUDE; Ativo;R$ 343,18; Compra Normal
 PREFEITURA MUNICIPAL DE BALNEÁRIO GAIVOTA; Móveis; MESA; -; MESA 1,20X0,60 3GAV. BR/PT PMT 20X40 PT AUTORIZAÇÃO DE FORNECIMENTO 383/2021; 26/11/2021; FUNDO MUNICIPAL DE SAUDE; Ativo;R$ 343,18; Compra Normal
 PREFEITURA MUNICIPAL DE BALNEÁRIO GAIVOTA; Móveis; MESA; -; MESA 1,20X0,60 3GAV. BR/PT PMT 20X40 PT AUTORIZAÇÃO DE FORNECIMENTO 383/2021; 26/11/2021; FUNDO MUNICIPAL DE SAUDE; Ativo;R$ 343,18; Compra Normal
 PREFEITURA MUNICIPAL DE BALNEÁRIO GAIVOTA; Móveis; MESA; -; MESA 1,20X0,60 3GAV. BR/PT PMT 20X40 PT AUTORIZAÇÃO DE FORNECIMENTO 383/2021; 26/11/2021; FUNDO MUNICIPAL DE SAUDE; Ativo;R$ 343,18; Compra Normal
 PREFEITURA MUNICIPAL DE BALNEÁRIO GAIVOTA; Móveis; MESA; -; MESA 1,20X0,60 3GAV. BR/PT PMT 20X40 PT AUTORIZAÇÃO DE FORNECIMENTO 383/2021; 26/11/2021; FUNDO MUNICIPAL DE SAUDE; Ativo;R$ 343,18; Compra Normal
 PREFEITURA MUNICIPAL DE BALNEÁRIO GAIVOTA; Móveis; MESA; -; MESA 1,20X0,60 3GAV. BR/PT PMT 20X40 PT AUTORIZAÇÃO DE FORNECIMENTO 383/2021; 26/11/2021; FUNDO MUNICIPAL DE SAUDE; Ativo;R$ 343,18; Compra Normal
 PREFEITURA MUNICIPAL DE BALNEÁRIO GAIVOTA; Móveis; MESA; -; MESA 1,20X0,60 3GAV. BR/PT PMT 20X40 PT AUTORIZAÇÃO DE FORNECIMENTO 383/2021; 26/11/2021; FUNDO MUNICIPAL DE SAUDE; Ativo;R$ 343,18; Compra Normal
 PREFEITURA MUNICIPAL DE BALNEÁRIO GAIVOTA; Móveis; MESA; -; MESA 1,20X0,60 3GAV. BR/PT PMT 20X40 PT AUTORIZAÇÃO DE FORNECIMENTO 383/2021; 26/11/2021; FUNDO MUNICIPAL DE SAUDE; Ativo;R$ 343,18; Compra Normal
 PREFEITURA MUNICIPAL DE BALNEÁRIO GAIVOTA; Móveis; Longarina Secretária;8914; LONGARINA DE PLÁSTICO 3L. LONG 500 GRATTOS; 26/11/2021; FUNDO MUNICIPAL DE SAUDE; Ativo;R$ 383,30; Compra Normal
 PREFEITURA MUNICIPAL DE BALNEÁRIO GAIVOTA; Móveis; Longarina Secretária;8925; LONGARINA DE PLÁSTICO 3L. LONG 500 GRATTOS; 26/11/2021; FUNDO MUNICIPAL DE SAUDE; Ativo;R$ 383,30; Compra Normal
 PREFEITURA MUNICIPAL DE BALNEÁRIO GAIVOTA; Móveis; Longarina Secretária;8934; LONGARINA DE PLÁSTICO 3L. LONG 500 GRATTOS; 26/11/2021; FUNDO MUNICIPAL DE SAUDE; Ativo;R$ 383,30; Compra Normal
 PREFEITURA MUNICIPAL DE BALNEÁRIO GAIVOTA; Móveis; Longarina Secretária;8935; LONGARINA DE PLÁSTICO 3L. LONG 500 GRATTOS; 26/11/2021; FUNDO MUNICIPAL DE SAUDE; Ativo;R$ 383,30; Compra Normal
 PREFEITURA MUNICIPAL DE BALNEÁRIO GAIVOTA; Móveis; Longarina Secretária; -; LONGARINA DE PLÁSTICO 3L. LONG 500 GRATTOS; 26/11/2021; FUNDO MUNICIPAL DE SAUDE; Ativo;R$ 383,30; Compra Normal
 PREFEITURA MUNICIPAL DE BALNEÁRIO GAIVOTA; Móveis; CADEIRA;8922; CAD. GIRAT. SECRET. 3004 SRE L 2048 REGULAGEM-ALTURA INJ. EP - TEC PRETO; 26/11/2021; FUNDO MUNICIPAL DE SAUDE; Ativo;R$ 413,00; Compra Normal
 PREFEITURA MUNICIPAL DE BALNEÁRIO GAIVOTA; Móveis; CADEIRA;8927; CAD. GIRAT. SECRET. 3004 SRE L 2048 REGULAGEM-ALTURA INJ. EP - TEC PRETO; 26/11/2021; FUNDO MUNICIPAL DE SAUDE; Ativo;R$ 413,00; Compra Normal
 PREFEITURA MUNICIPAL DE BALNEÁRIO GAIVOTA; Móveis; CADEIRA;8936; CAD. GIRAT. SECRET. 3004 SRE L 2048 REGULAGEM-ALTURA INJ. EP - TEC PRETO; 26/11/2021; FUNDO MUNICIPAL DE SAUDE; Ativo;R$ 413,00; Compra Normal
 PREFEITURA MUNICIPAL DE BALNEÁRIO GAIVOTA; Móveis; CADEIRA;8937; CAD. GIRAT. SECRET. 3004 SRE L 2048 REGULAGEM-ALTURA INJ. EP - TEC PRETO; 26/11/2021; FUNDO MUNICIPAL DE SAUDE; Ativo;R$ 413,00; Compra Normal
 PREFEITURA MUNICIPAL DE BALNEÁRIO GAIVOTA; Móveis; CADEIRA;8939; CAD. GIRAT. SECRET. 3004 SRE L 2048 REGULAGEM-ALTURA INJ. EP - TEC PRETO; 26/11/2021; FUNDO MUNICIPAL DE SAUDE; Ativo;R$ 413,00; Compra Normal
 CAMARA MUNICIPAL DE BALNEARIO GAIVOTA; MOVEIS; Cod.: 596 - Veículos de Passeio e Utilitários;299; VEICULO NISSAN MODELO VERSA 1.6 ADVENCE CVT CHASSI 3N1CN8AEONL809003 COR PRETO ANO FAB 2021 MODELO 2022 MOTOR 462909U; 03/11/2021; CAMARA MUNICIPAL DE VEREADORES; Em uso;R$ 97.804,00; Compra
 CAMARA MUNICIPAL DE BALNEARIO GAIVOTA; MOVEIS; Cod.: 557 - Molduras;295; PLACA EM AÇO INOX 50X40 COM VELUDO EM AZUL E MOLDURA EM ALUMINIO DA LEGISLATURA 2021/2024; 27/10/2021; CAMARA MUNICIPAL DE VEREADORES; Em uso;R$ 1.224,54; Compra
 CAMARA MUNICIPAL DE BALNEARIO GAIVOTA; MOVEIS; Cod.: 557 - Molduras;296; PLACA EM AÇO INOX  23X30 COM VELUDO EM AZUL E MOLDURA EM ALUMINIO DA PRESIDENCIA 2021/2022; 27/10/2021; CAMARA MUNICIPAL DE VEREADORES; Em uso;R$ 367,41; Compra
 CAMARA MUNICIPAL DE BALNEARIO GAIVOTA; MOVEIS; Cod.: 557 - Molduras;297;" PLACA EM AÇO INOX  30X5 CM COM VELUDO EM AZUL E MOLDURA EM ALUMINIO DA INDECAÇÃO PRESIDENTE
2021/2022"; 27/10/2021; CAMARA MUNICIPAL DE VEREADORES; Em uso;R$ 132,31; Compra
 CAMARA MUNICIPAL DE BALNEARIO GAIVOTA; MOVEIS; Cod.: 387 - Computador;298; COMPUTADOR PORTATIL DELL INSPIROM 1R COR PRATA; 08/10/2021; CAMARA MUNICIPAL DE VEREADORES; Em uso;R$ 3.714,73; Compra
 PREFEITURA MUNICIPAL DE BALNEÁRIO GAIVOTA; Móveis; MONITORES;8554; MONITOR LGLED 21.5 1920X1080; 06/10/2021; MANUTENÇÃO DO CONSELHO TUTELAR; Ativo;R$ 950,05; Compra Normal
 PREFEITURA MUNICIPAL DE BALNEÁRIO GAIVOTA; Móveis; MONITORES;8504; MONITOR LG LED 21.5 1920X1080; 06/10/2021; DIRETORIA DE INDÚSTRIA E COMÉRCIO; Ativo;R$ 950,05; Compra Normal
 PREFEITURA MUNICIPAL DE BALNEÁRIO GAIVOTA; Móveis; COMPRESSOR DE AR;8539; COMPRESS AR MOTOMIL 7,6P/24L CMI-7.6/24BR 37810.2; 05/10/2021; PROMOÇÃO DO ESPORTE AMADOR; Ativo;R$ 953,46; Compra Normal
 PREFEITURA MUNICIPAL DE BALNEÁRIO GAIVOTA; Móveis; PARAFUSADEIRA;8540; PARAFUSADEIRA BIV 1000 SMART BOSCH; 05/10/2021; DIRETORIA DE INDÚSTRIA E COMÉRCIO; Ativo;R$ 622,04; Compra Normal
 PREFEITURA MUNICIPAL DE BALNEÁRIO GAIVOTA; Móveis; Armário;8507; ARMARIO VERSÁTIL COM 2 PORTAS INCOFLEX; 05/10/2021; PROMOÇÃO DO ESPORTE AMADOR; Ativo;R$ 331,42; Compra Normal
 PREFEITURA MUNICIPAL DE BALNEÁRIO GAIVOTA; Móveis; MESA;8508; MESA 1.20 SECRETARIA INCOFLEX CINZA; 05/10/2021; PROMOÇÃO DO ESPORTE AMADOR; Ativo;R$ 401,40; Compra Normal
 PREFEITURA MUNICIPAL DE BALNEÁRIO GAIVOTA; Móveis; CADEIRA;8556; CADEIRA GIRATÓRIA COM BRAÇOS DIRETOR BEST; 05/10/2021; MANUTENÇÃO DA SECRETARIA DE ARRECADAÇÃO; Ativo;R$ 504,34; Compra Normal
 PREFEITURA MUNICIPAL DE BALNEÁRIO GAIVOTA; Móveis; CADEIRA;8557; CADEIRA GIRATÓRIA COM BRAÇOS DIRETOR BEST; 05/10/2021; MANUTENÇÃO DA SECRETARIA DE ARRECADAÇÃO; Ativo;R$ 504,34; Compra Normal
 PREFEITURA MUNICIPAL DE BALNEÁRIO GAIVOTA; Móveis; MESA;8555; MESA 1.50X0.60X0.735 INCOFLEX C/ GAVETAS; 05/10/2021; MANUTENÇÃO DA SECRETARIA DE ARRECADAÇÃO; Ativo;R$ 411,12; Compra Normal
 PREFEITURA MUNICIPAL DE BALNEÁRIO GAIVOTA; Móveis; Armário;8505; ARMARIO FECHADO 02 PORTAS COM CHAVES INCOFLEX; 05/10/2021; MANUTENÇÃO DA SECRETARIA DE ADMINISTRAÇÃ; Ativo;R$ 578,30; Compra Normal
 PREFEITURA MUNICIPAL DE BALNEÁRIO GAIVOTA; Móveis; VEICULOS LEVES; -; FIAT/GRAND SIENA 1.4 05 PASSAGEIROS 004 CILINDROS - 0 KM FAB 2021 MOD-2021 LOTAÇÃO OU TONELAGEM: PBT 1.510KG, CMT 1.910 KG. COR-BRANCO BANCHISA REV-TEAR JACQ. CLARK+TEAR JACQ.; 05/10/2021; MANUTENÇÃO DO CONSELHO TUTELAR; Ativo;R$ 48.797,69; Doação
 PREFEITURA MUNICIPAL DE BALNEÁRIO GAIVOTA; Móveis; VEICULOS LEVES; -; ACION. ELET. VIDROS TRASEIROS; 05/10/2021; MANUTENÇÃO DO CONSELHO TUTELAR; Ativo;R$ 659,84; Doação
 PREFEITURA MUNICIPAL DE BALNEÁRIO GAIVOTA; Móveis; VEICULOS LEVES; -; ANTEPARO MOTOR/CAMBIO; 05/10/2021; MANUTENÇÃO DO CONSELHO TUTELAR; Ativo;R$ 133,03; Doação
 PREFEITURA MUNICIPAL DE BALNEÁRIO GAIVOTA; Móveis; VEICULOS LEVES; -; PINTURA SOLIDA (FIAT); 05/10/2021; MANUTENÇÃO DO CONSELHO TUTELAR; Ativo;R$ 658,51; Doação
 PREFEITURA MUNICIPAL DE BALNEÁRIO GAIVOTA; Móveis; maquina mig mag vulcano mig;8512; MAQUINA MIG MAG VULCANO MIG 210M 30 185A 220V MF - BALMER; 04/10/2021; MANUTENÇÃO DA SECRETARIA DE OBRAS E SERV; Ativo;R$ 4.828,11; Compra Normal
 PREFEITURA MUNICIPAL DE BALNEÁRIO GAIVOTA; Móveis; MOTOSERRA; -; MOTOSERRA GASOLINA VONDER; 04/10/2021; MANUTENÇÃO DA SECRETARIA DE OBRAS E SERV; Ativo;R$ 961,74; Compra Normal
 PREFEITURA MUNICIPAL DE BALNEÁRIO GAIVOTA; Móveis; SERRA CIRCULAR;8524; SERRA CIRCULAR SKIL; 04/10/2021; MANUTENÇÃO DA SECRETARIA DE OBRAS E SERV; Ativo;R$ 602,30; Compra Normal
 PREFEITURA MUNICIPAL DE BALNEÁRIO GAIVOTA; Móveis; IMPRESSORA;8506; IMPRESSORA MULTIFUNCIONAL HP LASERJET; 04/10/2021; MANUTENÇÃO DA SECRETARIA DE ADMINISTRAÇÃ; Ativo;R$ 4.060,67; Compra Normal
 PREFEITURA MUNICIPAL DE BALNEÁRIO GAIVOTA; Móveis; CPU;8509; CPU PENTIUM G5420 3.7GHZ/MEMORIA 8GB DDR4/PLACA MAE H310/HD HD500GB/GABINETE/FONTE; 04/10/2021; PROMOÇÃO DO ESPORTE AMADOR; Ativo;R$ 1.923,47; Compra Normal
 PREFEITURA MUNICIPAL DE BALNEÁRIO GAIVOTA; Móveis; CPU;8531; CPU PENTIUM G5420 3.7GHZ/MEMORIA 8GB DDR4/PLACA MAE H310/HD HD500GB/GABINETE/FONTE; 04/10/2021; MANUTENÇÃO DA SECRETARIA DE EDUCAÇÃO; Ativo;R$ 1.923,47; Compra Normal
 PREFEITURA MUNICIPAL DE BALNEÁRIO GAIVOTA; Móveis; CPU; -; CPU PENTIUM G5420 3.7GHZ/MEMORIA 8GB DDR4/PLACA MAE H310/HD HDGB/GABINETE/FONTE; 04/10/2021; DIRETORIA DE AGRICULTURA; Ativo;R$ 1.923,47; Compra Normal
 PREFEITURA MUNICIPAL DE BALNEÁRIO GAIVOTA; Móveis; COMPUTADOR;8534; DESKTOP THINKCENTRE M75Q-1,PROCESADOR AMD RYZEN 5 PRO 3400GE, 8GB DDR4 2666 MHZ, 128GB SSD, INTEL WIRELESS-AC 92600 2X2 BLUETOOTH 5.0 VESA MOUNT, TECLADO USB, MOUSE USB, OFFECE HOME AND BUSINESS 2019, SISTEMA OP WINDOWS 10 PRO 64 BITS, MNT AOC 22P1E COM TRAVA DE SEG E SUPORTE REGULAVEL; 04/10/2021; MANUTENÇÃO DO CONSELHO TUTELAR; Ativo;R$ 5.301,21; Doação
 PREFEITURA MUNICIPAL DE BALNEÁRIO GAIVOTA; Móveis; COMPUTADOR;8535; DESKTOP THINKCENTRE M75Q-1,PROCESADOR AMD RYZEN 5 PRO 3400GE, 8GB DDR4 2666 MHZ, 128GB SSD, INTEL WIRELESS-AC 92600 2X2 BLUETOOTH 5.0 VESA MOUNT, TECLADO USB, MOUSE USB, OFFECE HOME AND BUSINESS 2019, SISTEMA OP WINDOWS 10 PRO 64 BITS, MNT AOC 22P1E COM TRAVA DE SEG E SUPORTE REGULAVEL; 04/10/2021; MANUTENÇÃO DO CONSELHO TUTELAR; Ativo;R$ 5.301,21; Doação
 PREFEITURA MUNICIPAL DE BALNEÁRIO GAIVOTA; Móveis; COMPUTADOR;8536; DESKTOP THINKCENTRE M75Q-1,PROCESADOR AMD RYZEN 5 PRO 3400GE, 8GB DDR4 2666 MHZ, 128GB SSD, INTEL WIRELESS-AC 92600 2X2 BLUETOOTH 5.0 VESA MOUNT, TECLADO USB, MOUSE USB, OFFECE HOME AND BUSINESS 2019, SISTEMA OP WINDOWS 10 PRO 64 BITS, MNT AOC 22P1E COM TRAVA DE SEG E SUPORTE REGULAVEL; 04/10/2021; MANUTENÇÃO DO CONSELHO TUTELAR; Ativo;R$ 5.301,21; Doação
 PREFEITURA MUNICIPAL DE BALNEÁRIO GAIVOTA; Móveis; COMPUTADOR;8537; DESKTOP THINKCENTRE M75Q-1,PROCESADOR AMD RYZEN 5 PRO 3400GE, 8GB DDR4 2666 MHZ, 128GB SSD, INTEL WIRELESS-AC 92600 2X2 BLUETOOTH 5.0 VESA MOUNT, TECLADO USB, MOUSE USB, OFFECE HOME AND BUSINESS 2019, SISTEMA OP WINDOWS 10 PRO 64 BITS, MNT AOC 22P1E COM TRAVA DE SEG E SUPORTE REGULAVEL; 04/10/2021; MANUTENÇÃO DO CONSELHO TUTELAR; Ativo;R$ 5.301,21; Doação
 PREFEITURA MUNICIPAL DE BALNEÁRIO GAIVOTA; Móveis; COMPUTADOR;8538; DESKTOP THINKCENTRE M75Q-1,PROCESADOR AMD RYZEN 5 PRO 3400GE, 8GB DDR4 2666 MHZ, 128GB SSD, INTEL WIRELESS-AC 92600 2X2 BLUETOOTH 5.0 VESA MOUNT, TECLADO USB, MOUSE USB, OFFECE HOME AND BUSINESS 2019, SISTEMA OP WINDOWS 10 PRO 64 BITS, MNT AOC 22P1E COM TRAVA DE SEG E SUPORTE REGULAVEL; 04/10/2021; MANUTENÇÃO DO CONSELHO TUTELAR; Ativo;R$ 5.301,21; Doação
 PREFEITURA MUNICIPAL DE BALNEÁRIO GAIVOTA; Móveis; ESCORREDOR;8544; ESCORREDOR SUPER 80 PRATOS 3 ANDARES DINOX; 01/10/2021; MANUTENÇÃO DA SECRETARIA DE EDUCAÇÃO; Ativo;R$ 667,36; Compra Normal
 PREFEITURA MUNICIPAL DE BALNEÁRIO GAIVOTA; Móveis; ESCORREDOR;8533; ESCORREDOR SUPER 80 PRATOS 3 ANDARES DINOX; 01/10/2021; MANUTENÇÃO DA SECRETARIA DE EDUCAÇÃO; Ativo;R$ 667,36; Compra Normal
 PREFEITURA MUNICIPAL DE BALNEÁRIO GAIVOTA; Móveis; ASPIRADOR DE PO;8514; ASPIRADOR DE PÓ E LIQUIDOS 220V 1380W; 01/10/2021; MANUTENÇÃO DA SECRETARIA DE OBRAS E SERV; Ativo;R$ 2.373,58; Compra Normal
 PREFEITURA MUNICIPAL DE BALNEÁRIO GAIVOTA; Móveis; GELADEIRA;8521; REFRIGERADOR 1 PORTA 261 LITROSCONSUL - CRA30 - 220V; 01/10/2021; FUNDO MUNICIPAL DE SAUDE; Ativo;R$ 1.425,90; Compra Normal
 PREFEITURA MUNICIPAL DE BALNEÁRIO GAIVOTA; Móveis; CPU;8516; CPU PENTIUM G5420 3.7GHZ/MEMORIA 8GB DDR4/PLACA MAE H310/HD HD500GB/GABINETE/FONTE; 01/10/2021; FUNDO MUNICIPAL DE SAUDE; Ativo;R$ 1.920,60; Compra Normal
 PREFEITURA MUNICIPAL DE BALNEÁRIO GAIVOTA; Móveis; MONITORES;8517; MONITOR AOC 23.5; 01/10/2021; FUNDO MUNICIPAL DE SAUDE; Ativo;R$ 944,44; Compra Normal
 PREFEITURA MUNICIPAL DE BALNEÁRIO GAIVOTA; Móveis; IMPRESSORA;8518; MULTIFUNCIONAL EPSON L3150; 01/10/2021; FUNDO MUNICIPAL DE SAUDE; Ativo;R$ 1.487,98; Compra Normal
 PREFEITURA MUNICIPAL DE BALNEÁRIO GAIVOTA; Móveis; NOTEBOOK;8523; NOTEBOOK SAMSUNG; 01/10/2021; FUNDO MUNICIPAL DE SAUDE; Ativo;R$ 4.268,00; Compra Normal
 PREFEITURA MUNICIPAL DE BALNEÁRIO GAIVOTA; Móveis; IMPRESSORA;8519; IMPRESSORA MULTIFUNCIONAL A LASER MONO - MARCA: HP - MODELO: PRO M428FDW - 110 VOLTS; 01/10/2021; FUNDO MUNICIPAL DE SAUDE; Ativo;R$ 2.356,12; Compra Normal
 PREFEITURA MUNICIPAL DE BALNEÁRIO GAIVOTA; Móveis; IMPRESSORA;8520; IMPRESSORA MULTIFUNCIONAL A LASER MONO - MARCA: HP - MODELO: PRO M428FDW - 110 VOLTS; 01/10/2021; FUNDO MUNICIPAL DE SAUDE; Ativo;R$ 2.356,12; Compra Normal
 PREFEITURA MUNICIPAL DE BALNEÁRIO GAIVOTA; Móveis; IMPRESSORA;8525; IMPRESSORA MULTIFUNCIONAL A LASER MONO - MARCA: HP - MODELO: PRO M428FDW - 110 VOLTS; 01/10/2021; FUNDO MUNICIPAL DE SAUDE; Ativo;R$ 2.356,12; Compra Normal
 PREFEITURA MUNICIPAL DE BALNEÁRIO GAIVOTA; Móveis; IMPRESSORA; -; IMPRESSORA MULTIFUNCIONAL A LASER MONO - MARCA: HP - MODELO: PRO M428FDW - 110 VOLTS; 01/10/2021; FUNDO MUNICIPAL DE SAUDE; Ativo;R$ 2.356,12; Compra Normal
 PREFEITURA MUNICIPAL DE BALNEÁRIO GAIVOTA; Móveis; Balcão;8526; BALCÃO PARA PIA 120CM MDT; 01/10/2021; FUNDO MUNICIPAL DE SAUDE; Ativo;R$ 372,48; Compra Normal
 PREFEITURA MUNICIPAL DE BALNEÁRIO GAIVOTA; Móveis; Armário;8545; ARMARIO SOB MEDIDA COM 3 PORTAS C/CHAVE PARA ARMAZ; 01/10/2021; FUNDO MUNICIPAL DE SAUDE; Ativo;R$ 2.400,74; Compra Normal
 PREFEITURA MUNICIPAL DE BALNEÁRIO GAIVOTA; Móveis; Balcão;8522; BALCÃO SOB MEDIDA COM 3 GUICHES 2.00MTS FARMACIA; 01/10/2021; FUNDO MUNICIPAL DE SAUDE; Ativo;R$ 3.899,40; Compra Normal
 PREFEITURA MUNICIPAL DE BALNEÁRIO GAIVOTA; Móveis; LAVA JATO;8500; LAVADORA DE ALTA PRESSÃO ELECTROLUX, UWS31, 2200 LIBRAS - 220 VOLTS; 01/10/2021; MANUTENÇÃO DA SECRETARIA DE EDUCAÇÃO; Ativo;R$ 1.238,68; Compra Normal
 PREFEITURA MUNICIPAL DE BALNEÁRIO GAIVOTA; Móveis; LAVA JATO;8501; LAVADORA DE ALTA PRESSÃO ELECTROLUX, UWS31, 2200 LIBRAS - 220 VOLTS; 01/10/2021; MANUTENÇÃO DA SECRETARIA DE EDUCAÇÃO; Ativo;R$ 1.238,68; Compra Normal
 PREFEITURA MUNICIPAL DE BALNEÁRIO GAIVOTA; Móveis; FORNO ELETRICO;8550; FORNO ELETRICO HOT GRIL LINE - FISCHER 44 LITROS 2; 01/10/2021; MANUTENÇÃO DA SECRETARIA DE EDUCAÇÃO; Ativo;R$ 548,04; Compra Normal
 PREFEITURA MUNICIPAL DE BALNEÁRIO GAIVOTA; Móveis; Balanças;8532; BALANÇA ELETRONICA DIGITAL 40 QUILOS YD; 01/10/2021; MANUTENÇÃO DA SECRETARIA DE EDUCAÇÃO; Ativo;R$ 769,20; Compra Normal
 PREFEITURA MUNICIPAL DE BALNEÁRIO GAIVOTA; Móveis; Balanças;8529; BALANÇA ELETRONICA DIGITAL 40 QUILOS YD; 01/10/2021; MANUTENÇÃO DA SECRETARIA DE EDUCAÇÃO; Ativo;R$ 769,20; Compra Normal
 PREFEITURA MUNICIPAL DE BALNEÁRIO GAIVOTA; Móveis; Balanças;8527; BALANÇA ELETRONICA DIGITAL 40 QUILOS YD; 01/10/2021; MANUTENÇÃO DA SECRETARIA DE EDUCAÇÃO; Ativo;R$ 769,20; Compra Normal
 PREFEITURA MUNICIPAL DE BALNEÁRIO GAIVOTA; Móveis; Balanças;8543; BALANÇA ELETRONICA DIGITAL 40 QUILOS YD; 01/10/2021; MANUTENÇÃO DA SECRETARIA DE EDUCAÇÃO; Ativo;R$ 769,20; Compra Normal
 PREFEITURA MUNICIPAL DE BALNEÁRIO GAIVOTA; Móveis; Balanças;8549; BALANÇA ELETRONICA DIGITAL 40 QUILOS YD; 01/10/2021; MANUTENÇÃO DA SECRETARIA DE EDUCAÇÃO; Ativo;R$ 769,20; Compra Normal
 PREFEITURA MUNICIPAL DE BALNEÁRIO GAIVOTA; Móveis; Balanças;8551; BALANÇA ELETRONICA DIGITAL 40 QUILOS YD; 01/10/2021; MANUTENÇÃO DA SECRETARIA DE EDUCAÇÃO; Ativo;R$ 769,20; Compra Normal
 PREFEITURA MUNICIPAL DE BALNEÁRIO GAIVOTA; Móveis; Balanças;8546; BALANÇA ELETRONICA DIGITAL 40 QUILOS YD; 01/10/2021; MANUTENÇÃO DA SECRETARIA DE EDUCAÇÃO; Ativo;R$ 769,20; Compra Normal
 PREFEITURA MUNICIPAL DE BALNEÁRIO GAIVOTA; Móveis; CARRO DE PRODUTO DE LIMPEZA;8542; CARRO DE TRANSPORTE DE PRODUTO DE LIMPEZA BRALIMPIA; 01/10/2021; MANUTENÇÃO DA SECRETARIA DE EDUCAÇÃO; Ativo;R$ 472,05; Compra Normal
 PREFEITURA MUNICIPAL DE BALNEÁRIO GAIVOTA; Móveis; CARRO DE PRODUTO DE LIMPEZA;8548; CARRO DE TRANSPORTE DE PRODUTO DE LIMPEZA BRALIMPIA; 01/10/2021; MANUTENÇÃO DA SECRETARIA DE EDUCAÇÃO; Ativo;R$ 472,05; Compra Normal
 PREFEITURA MUNICIPAL DE BALNEÁRIO GAIVOTA; Móveis; CARRO DE PRODUTO DE LIMPEZA;8528; CARRO DE TRANSPORTE DE PRODUTO DE LIMPEZA BRALIMPIA; 01/10/2021; MANUTENÇÃO DA SECRETARIA DE EDUCAÇÃO; Ativo;R$ 472,05; Compra Normal
 PREFEITURA MUNICIPAL DE BALNEÁRIO GAIVOTA; Móveis; CARRO DE PRODUTO DE LIMPEZA;8530; CARRO DE TRANSPORTE DE PRODUTO DE LIMPEZA BRALIMPIA; 01/10/2021; MANUTENÇÃO DA SECRETARIA DE EDUCAÇÃO; Ativo;R$ 472,05; Compra Normal
 PREFEITURA MUNICIPAL DE BALNEÁRIO GAIVOTA; Móveis; CARRO DE PRODUTO DE LIMPEZA;8552; CARRO DE TRANSPORTE DE PRODUTO DE LIMPEZA BRALIMPIA; 01/10/2021; MANUTENÇÃO DA SECRETARIA DE EDUCAÇÃO; Ativo;R$ 472,05; Compra Normal
 PREFEITURA MUNICIPAL DE BALNEÁRIO GAIVOTA; Móveis; ESCORREDOR;8547; ESCORREDOR SUPER 30 PRATOS 2 ANDARES DINOX; 01/10/2021; MANUTENÇÃO DA SECRETARIA DE EDUCAÇÃO; Ativo;R$ 397,70; Compra Normal
 PREFEITURA MUNICIPAL DE BALNEÁRIO GAIVOTA; Móveis; ESCORREDOR;8553; ESCORREDOR SUPER 60 PRATOS 3 ANDARES DINOX; 01/10/2021; MANUTENÇÃO DA SECRETARIA DE EDUCAÇÃO; Ativo;R$ 525,74; Compra Normal
 PREFEITURA MUNICIPAL DE BALNEÁRIO GAIVOTA; Móveis; ESCORREDOR;8503; ESCORREDOR SUPER 80 PRATOS 3 ANDARES DINOX; 01/10/2021; MANUTENÇÃO DA SECRETARIA DE EDUCAÇÃO; Ativo;R$ 667,36; Compra Normal
 CAMARA MUNICIPAL DE BALNEARIO GAIVOTA; MOVEIS; Cod.: 536 - Mesa;293; MESA RETA 30MM MEDINDO 1500X600; 03/09/2021; CAMARA MUNICIPAL DE VEREADORES; Em uso;R$ 574,40; Compra
 CAMARA MUNICIPAL DE BALNEARIO GAIVOTA; MOVEIS; Cod.: 518 - Cadeira;294; CADEIRA GIRATORIA DIRETOR COR PRETA; 03/09/2021; CAMARA MUNICIPAL DE VEREADORES; Em uso;R$ 544,18; Compra
 PREFEITURA MUNICIPAL DE BALNEÁRIO GAIVOTA; Móveis; MONITORES; -; MONITOR AOC 23.5; 28/07/2021; DIRETORIA DE MEIO AMBIENTE; Ativo;R$ 933,02; Compra Normal
 PREFEITURA MUNICIPAL DE BALNEÁRIO GAIVOTA; Móveis; BICICLETA;8429; BICICLETAS TROPICAL COM CESTA E ADESIVADAS; 27/07/2021; FUNDO MUNICIPAL DE SAUDE; Ativo;R$ 718,33; Compra Normal
 PREFEITURA MUNICIPAL DE BALNEÁRIO GAIVOTA; Móveis; BICICLETA;8430; BICICLETAS TROPICAL COM CESTA E ADESIVADAS CHASSI 1B87162; 27/07/2021; FUNDO MUNICIPAL DE SAUDE; Ativo;R$ 718,33; Compra Normal
 PREFEITURA MUNICIPAL DE BALNEÁRIO GAIVOTA; Móveis; BICICLETA;8431; BICICLETAS TROPICAL COM CESTA E ADESIVADAS CHASSI 1B87216; 27/07/2021; FUNDO MUNICIPAL DE SAUDE; Ativo;R$ 718,33; Compra Normal
 PREFEITURA MUNICIPAL DE BALNEÁRIO GAIVOTA; Móveis; BICICLETA;8432; BICICLETAS TROPICAL COM CESTA E ADESIVADAS CHASSI 1A88819; 27/07/2021; FUNDO MUNICIPAL DE SAUDE; Ativo;R$ 718,33; Compra Normal
 PREFEITURA MUNICIPAL DE BALNEÁRIO GAIVOTA; Móveis; BICICLETA;8433; BICICLETAS TROPICAL COM CESTA E ADESIVADAS CHASSI 1A89610; 27/07/2021; FUNDO MUNICIPAL DE SAUDE; Ativo;R$ 718,33; Compra Normal
 PREFEITURA MUNICIPAL DE BALNEÁRIO GAIVOTA; Móveis; BICICLETA;8434; BICICLETAS TROPICAL COM CESTA E ADESIVADAS CHASSI 1B87181; 27/07/2021; FUNDO MUNICIPAL DE SAUDE; Ativo;R$ 718,33; Compra Normal
 PREFEITURA MUNICIPAL DE BALNEÁRIO GAIVOTA; Móveis; BICICLETA;8435; BICICLETAS TROPICAL COM CESTA E ADESIVADAS CHASSI 1A88989; 27/07/2021; FUNDO MUNICIPAL DE SAUDE; Ativo;R$ 718,33; Compra Normal
 PREFEITURA MUNICIPAL DE BALNEÁRIO GAIVOTA; Móveis; BICICLETA;8436; BICICLETAS TROPICAL COM CESTA E ADESIVADAS CHASSI 1A89533; 27/07/2021; FUNDO MUNICIPAL DE SAUDE; Ativo;R$ 718,33; Compra Normal
 PREFEITURA MUNICIPAL DE BALNEÁRIO GAIVOTA; Móveis; BICICLETA;8437; BICICLETAS TROPICAL COM CESTA E ADESIVADAS CHASSI 1B87219; 27/07/2021; FUNDO MUNICIPAL DE SAUDE; Ativo;R$ 718,33; Compra Normal
 PREFEITURA MUNICIPAL DE BALNEÁRIO GAIVOTA; Móveis; BICICLETA;8438; BICICLETAS TROPICAL COM CESTA E ADESIVADAS CHASSI 1A89542; 27/07/2021; FUNDO MUNICIPAL DE SAUDE; Ativo;R$ 718,33; Compra Normal
 PREFEITURA MUNICIPAL DE BALNEÁRIO GAIVOTA; Móveis; BICICLETA;8439; BICICLETAS TROPICAL COM CESTA E ADESIVADAS CHASSI 1A88976; 27/07/2021; FUNDO MUNICIPAL DE SAUDE; Ativo;R$ 718,33; Compra Normal
 PREFEITURA MUNICIPAL DE BALNEÁRIO GAIVOTA; Móveis; BICICLETA;8440; BICICLETAS TROPICAL COM CESTA E ADESIVADAS CHASSI 1A88905; 27/07/2021; FUNDO MUNICIPAL DE SAUDE; Ativo;R$ 718,33; Compra Normal
 PREFEITURA MUNICIPAL DE BALNEÁRIO GAIVOTA; Móveis; BICICLETA;8441; BICICLETAS TROPICAL COM CESTA E ADESIVADAS CHASSI 1B87158; 27/07/2021; FUNDO MUNICIPAL DE SAUDE; Ativo;R$ 718,33; Compra Normal
 PREFEITURA MUNICIPAL DE BALNEÁRIO GAIVOTA; Móveis; BICICLETA;8442; BICICLETAS TROPICAL COM CESTA E ADESIVADAS CHASSI 1B87102; 27/07/2021; FUNDO MUNICIPAL DE SAUDE; Ativo;R$ 718,33; Compra Normal
 PREFEITURA MUNICIPAL DE BALNEÁRIO GAIVOTA; Móveis; BICICLETA;8443; BICICLETAS TROPICAL COM CESTA E ADESIVADAS CHASSI 1A88904; 27/07/2021; FUNDO MUNICIPAL DE SAUDE; Ativo;R$ 718,33; Compra Normal
 PREFEITURA MUNICIPAL DE BALNEÁRIO GAIVOTA; Móveis; BICICLETA;8444; BICICLETAS TROPICAL COM CESTA E ADESIVADAS CHASSI 1A88835; 27/07/2021; FUNDO MUNICIPAL DE SAUDE; Ativo;R$ 718,33; Compra Normal
 PREFEITURA MUNICIPAL DE BALNEÁRIO GAIVOTA; Móveis; BICICLETA;8445; BICICLETAS TROPICAL COM CESTA E ADESIVADAS CHASSI 1A88975; 27/07/2021; FUNDO MUNICIPAL DE SAUDE; Ativo;R$ 718,33; Compra Normal
 PREFEITURA MUNICIPAL DE BALNEÁRIO GAIVOTA; Móveis; BICICLETA;8446; BICICLETAS TROPICAL COM CESTA E ADESIVADAS CHASSI 1A89586; 27/07/2021; FUNDO MUNICIPAL DE SAUDE; Ativo;R$ 718,33; Compra Normal
 PREFEITURA MUNICIPAL DE BALNEÁRIO GAIVOTA; Móveis; BICICLETA;8447; BICICLETAS TROPICAL COM CESTA E ADESIVADAS CHASSI 1A88813; 27/07/2021; FUNDO MUNICIPAL DE SAUDE; Ativo;R$ 718,33; Compra Normal
 PREFEITURA MUNICIPAL DE BALNEÁRIO GAIVOTA; Móveis; BICICLETA;8448; BICICLETAS TROPICAL COM CESTA E ADESIVADAS CHASSI 1A89608; 27/07/2021; FUNDO MUNICIPAL DE SAUDE; Ativo;R$ 718,33; Compra Normal
 PREFEITURA MUNICIPAL DE BALNEÁRIO GAIVOTA; Móveis; BICICLETA;8449; BICICLETAS TROPICAL COM CESTA E ADESIVADAS CHASSI 1B87208; 27/07/2021; FUNDO MUNICIPAL DE SAUDE; Ativo;R$ 718,33; Compra Normal
 PREFEITURA MUNICIPAL DE BALNEÁRIO GAIVOTA; Móveis; BICICLETA;8450; BICICLETAS TROPICAL COM CESTA E ADESIVADAS CHASSI 1A89659; 27/07/2021; FUNDO MUNICIPAL DE SAUDE; Ativo;R$ 718,33; Compra Normal
 PREFEITURA MUNICIPAL DE BALNEÁRIO GAIVOTA; Móveis; BICICLETA;8451; BICICLETAS TROPICAL COM CESTA E ADESIVADAS CHASSI 1B8720; 27/07/2021; FUNDO MUNICIPAL DE SAUDE; Ativo;R$ 718,42; Compra Normal
 PREFEITURA MUNICIPAL DE BALNEÁRIO GAIVOTA; Móveis; CARRO DE PRODUTO DE LIMPEZA;8476; CARRO DE TRANSPORTE DE PRODUTOS DE LIMPEZA BRALIMPI; 27/07/2021; MANUTENÇÃO DA SECRETARIA DE ADMINISTRAÇÃ; Ativo;R$ 464,75; Compra Normal
 CAMARA MUNICIPAL DE BALNEARIO GAIVOTA; MOVEIS; Cod.: 143 - Livro;292; UM VOLUME HISTORICO DO LEGISLATIVO CATARINSES 2021; 26/07/2021; CAMARA MUNICIPAL DE VEREADORES; Em uso;R$ 1.356,01; Compra
 PREFEITURA MUNICIPAL DE BALNEÁRIO GAIVOTA; Móveis; CADEIRA;8480; CADEIRA GIRATÓRIA COM BRAÇOS DIRETOR BEST; 20/07/2021; FUNDO MUNICIPAL DE SAUDE; Ativo;R$ 495,56; Compra Normal
 PREFEITURA MUNICIPAL DE BALNEÁRIO GAIVOTA; Móveis; CADEIRA;8482; CADEIRA GIRATÓRIA COM BRAÇOS DIRETOR BEST; 20/07/2021; FUNDO MUNICIPAL DE SAUDE; Ativo;R$ 495,56; Compra Normal
 PREFEITURA MUNICIPAL DE BALNEÁRIO GAIVOTA; Móveis; MESA;8473; MESA 1.50X0.60X0.735 INCOFLEX C/ GAVETAS; 20/07/2021; MANUTENÇÃO DA SECRETARIA DE ADMINISTRAÇÃ; Ativo;R$ 403,95; Compra Normal
 PREFEITURA MUNICIPAL DE BALNEÁRIO GAIVOTA; Móveis; Armário;8472; ARMARIO DE ATENDIMENTO COM 2 PORTAS INCOFLEX; 20/07/2021; MANUTENÇÃO DA SECRETARIA DE ADMINISTRAÇÃ; Ativo;R$ 325,64; Compra Normal
 PREFEITURA MUNICIPAL DE BALNEÁRIO GAIVOTA; Móveis; Armário;8471; ARMARIO DE ATENDIMENTO COM 2 PORTAS INCOFLEX; 20/07/2021; MANUTENÇÃO DA SECRETARIA DE ADMINISTRAÇÃ; Ativo;R$ 325,64; Compra Normal
 PREFEITURA MUNICIPAL DE BALNEÁRIO GAIVOTA; Móveis; MICROONDAS;8481; MICROONDAS LG 38 LITROS; 20/07/2021; APOIO A CRIANÇA E AO ADOLECESTE EM SITUA; Ativo;R$ 611,20; Compra Normal
 PREFEITURA MUNICIPAL DE BALNEÁRIO GAIVOTA; Móveis; MONITORES;8426; MONITOR AOC 21.5; 19/07/2021; MANUTENÇÃO DA SECRETARIA DE ARRECADAÇÃO; Ativo;R$ 933,02; Compra Normal
 PREFEITURA MUNICIPAL DE BALNEÁRIO GAIVOTA; Móveis; IMPRESSORA;8475; MULTIFUNCIONAL EPSON L3150; 19/07/2021; PROMOÇÃO DO ESPORTE AMADOR; Ativo;R$ 1.464,97; Compra Normal
 PREFEITURA MUNICIPAL DE BALNEÁRIO GAIVOTA; Móveis; MONITORES;8424; MONITOR AOC 21.5; 19/07/2021; APOIO A CRIANÇA E AO ADOLECESTE EM SITUA; Ativo;R$ 933,02; Compra Normal
 PREFEITURA MUNICIPAL DE BALNEÁRIO GAIVOTA; Móveis; MONITORES;8419; MONITOR AOC 21.5; 19/07/2021; APOIO A CRIANÇA E AO ADOLECESTE EM SITUA; Ativo;R$ 933,02; Compra Normal
 PREFEITURA MUNICIPAL DE BALNEÁRIO GAIVOTA; Móveis; MONITORES;8422; MONITOR AOC 21.5; 19/07/2021; APOIO A CRIANÇA E AO ADOLECESTE EM SITUA; Ativo;R$ 933,02; Compra Normal
 PREFEITURA MUNICIPAL DE BALNEÁRIO GAIVOTA; Móveis; CADEIRA;8483; CADEIRA GIRATÓRIA COM BRAÇOS DIRETOR BEST; 16/07/2021; MANUTENÇÃO DO GABINETE DO PREFEITO; Ativo;R$ 495,56; Compra Normal
 PREFEITURA MUNICIPAL DE BALNEÁRIO GAIVOTA; Móveis; CADEIRA;8485; CADEIRA GIRATÓRIA COM BRAÇOS DIRETOR BEST; 15/07/2021; FUNDO MUNICIPAL DE SAUDE; Ativo;R$ 495,56; Compra Normal
 PREFEITURA MUNICIPAL DE BALNEÁRIO GAIVOTA; Móveis; CADEIRA;8484; CADEIRA GIRATÓRIA COM BRAÇOS DIRETOR BEST; 15/07/2021; MANUTENÇÃO DA SECRETARIA DE ADMINISTRAÇÃ; Ativo;R$ 495,56; Compra Normal
 PREFEITURA MUNICIPAL DE BALNEÁRIO GAIVOTA; Móveis; CADEIRA;8474; CADEIRA GIRATÓRIA COM BRAÇOS DIRETOR BEST; 15/07/2021; DIRETORIA DE AGRICULTURA; Ativo;R$ 495,56; Compra Normal
 PREFEITURA MUNICIPAL DE BALNEÁRIO GAIVOTA; Móveis; CPU;8423; CPU PENTIUM G5420 3 7GHZ/MEMORIA 8GB DDR4/PLACA MAE 11310/HD HD500GB GABINETE/FONTE; 15/07/2021; APOIO A CRIANÇA E AO ADOLECESTE EM SITUA; Ativo;R$ 1.890,90; Compra Normal
 PREFEITURA MUNICIPAL DE BALNEÁRIO GAIVOTA; Móveis; CPU;8421; CPU PENTIUM G5420 3 7GHZ/MEMORIA 8GB DDR4/PLACA MAE 11310/HD HD500GB GABINETE/FONTE; 15/07/2021; APOIO A CRIANÇA E AO ADOLECESTE EM SITUA; Ativo;R$ 1.890,90; Compra Normal
 PREFEITURA MUNICIPAL DE BALNEÁRIO GAIVOTA; Móveis; CPU;8425; CPU PENTIUM G5420 3 7GH/MEMORIA 8GB DDR4/PLACA MAE H310/HD HD500GB GABINETE/FONTE; 15/07/2021; MANUTENÇÃO DA SECRETARIA DE ARRECADAÇÃO; Ativo;R$ 1.890,90; Compra Normal
 PREFEITURA MUNICIPAL DE BALNEÁRIO GAIVOTA; Móveis; CPU; -; CPU PENTIUM G5420 3.7GHZ/MEMORIA 8GB DDR4/PLACA MAE H310/HD HD500GB/GABINETE/FONTE; 15/07/2021; APOIO A CRIANÇA E AO ADOLECESTE EM SITUA; Ativo;R$ 1.890,90; Compra Normal
 PREFEITURA MUNICIPAL DE BALNEÁRIO GAIVOTA; Móveis; MESA;8477; MESA EM L, INCOFLEX 75X150X170 COM 2 GAVETAS; 14/07/2021; MANUTENÇÃO DA SECRETARIA DE ADMINISTRAÇÃ; Ativo;R$ 689,51; Compra Normal
 PREFEITURA MUNICIPAL DE BALNEÁRIO GAIVOTA; Móveis; ESMERIL; -; MOTO ESMERIL HAMMER; 13/07/2021; MANUTENÇÃO DA SECRETARIA DE OBRAS E SERV; Ativo;R$ 382,00; Compra Normal
 PREFEITURA MUNICIPAL DE BALNEÁRIO GAIVOTA; Móveis; CARRO DE PRODUTO DE LIMPEZA;8478; CARRO DE TRANSPORTE DE PRODUTO DE LIMPEZA BRALIMPI; 09/07/2021; MANUTENÇÃO DA SECRETARIA DE ADMINISTRAÇÃ; Ativo;R$ 464,75; Compra Normal
 PREFEITURA MUNICIPAL DE BALNEÁRIO GAIVOTA; Móveis; TELEVISOR;8479; SMART TV HQ HQTV32NY 32 POL; 07/07/2021; MANUTENÇÃO DO CONSELHO TUTELAR; Ativo;R$ 1.430,89; Compra Normal
 CAMARA MUNICIPAL DE BALNEARIO GAIVOTA; MOVEIS; Cod.: 33 - Aparelho de telefonia;291; APARELHO CELULAR MOTOROLA G10; 01/07/2021; CAMARA MUNICIPAL DE VEREADORES; Em uso;R$ 1.614,12; Compra
 PREFEITURA MUNICIPAL DE BALNEÁRIO GAIVOTA; Móveis; FERRAMENTAS; -; PLAINA ELETRICA WESCO; 18/06/2021; MANUTENÇÃO DA SECRETARIA DE OBRAS E SERV; Ativo;R$ 436,31; Compra Normal
 PREFEITURA MUNICIPAL DE BALNEÁRIO GAIVOTA; Móveis; LIXEIRA;8459; LIXEIRA PEQUENA; 16/06/2021; FUNDO MUNICIPAL DE SAUDE; Ativo;R$ 710,62; Compra Normal
 PREFEITURA MUNICIPAL DE BALNEÁRIO GAIVOTA; Móveis; LIXEIRA;8418; LIXEIRA GRANDE; 16/06/2021; MANUTENÇÃO DA SECRETARIA DE EDUCAÇÃO; Ativo;R$ 2.084,50; Compra Normal
 PREFEITURA MUNICIPAL DE BALNEÁRIO GAIVOTA; Móveis; MOBILIÁRIO EM GERAL;8452; TAMPO EM MARMORE COM CUBA DE INOX COM RODAPE E RODAPIA; 14/06/2021; FUNDO MUNICIPAL DE SAUDE; Ativo;R$ 1.514,40; Compra Normal
 PREFEITURA MUNICIPAL DE BALNEÁRIO GAIVOTA; Móveis; MOBILIÁRIO EM GERAL;8453; BALCAO DE MDF BRANCO COM 5 PORTAS; 14/06/2021; FUNDO MUNICIPAL DE SAUDE; Ativo;R$ 2.176,95; Compra Normal
 PREFEITURA MUNICIPAL DE BALNEÁRIO GAIVOTA; Móveis; PLAINA AGRICOLA;8461; PLAINA TRASEIRA COM LARGURA DE 2,40 METROS AGRICOLA P240 BARCA BUSSE CHASSI 189544  SERIE 189544 ANO FABRICAÇÃO 2021 MARCA IBL.; 08/06/2021; MANUTENÇÃO DA SECRETARIA DE OBRAS E SERV; Ativo;R$ 8.114,10; Compra Normal
 PREFEITURA MUNICIPAL DE BALNEÁRIO GAIVOTA; Móveis; MOBILIÁRIO EM GERAL;8454; BALCAO DE ATENDIMENTO; 07/06/2021; FUNDO MUNICIPAL DE SAUDE; Ativo;R$ 3.489,10; Compra Normal
 PREFEITURA MUNICIPAL DE BALNEÁRIO GAIVOTA; Móveis; VEICULOS LEVES;8460; DUSTER ZEM 1.6 RENAULT CHASSI 93YHJD201NJ887436 RENAVAM 1266458619 PLACA RKY6F95 ANO FABRICAÇÃO 2021 ANO MODELO 2022 COR BRANCA; 04/06/2021; MANUTENÇÃO DA SECRETARIA DE ADMINISTRAÇÃ; Ativo;R$ 88.971,75; Compra Normal
 PREFEITURA MUNICIPAL DE BALNEÁRIO GAIVOTA; Móveis; EQUIPAMENTOS MÉDICOS;8457; COMPRESSOR ODONTO SEM OLEO CD TOP 7/30; 26/05/2021; FUNDO MUNICIPAL DE SAUDE; Ativo;R$ 3.701,53; Compra Normal
 PREFEITURA MUNICIPAL DE BALNEÁRIO GAIVOTA; Móveis; ROÇADEIRA; -; ROÇADEIRA FS 220 DM 300-3 STIHL; 20/05/2021; MANUTENÇÃO DA SECRETARIA DE OBRAS E SERV; Ativo;R$ 2.801,63; Compra Normal
 PREFEITURA MUNICIPAL DE BALNEÁRIO GAIVOTA; Móveis; NOTEBOOK;8412; NOTEBOOK ACER 15,6 A315-56-569F I5-10A 8GB 128SSD WINDOWS 10; 19/05/2021; MANUTENÇÃO DA SECRETARIA DE ADMINISTRAÇÃ; Ativo;R$ 4.677,89; Compra Normal
 PREFEITURA MUNICIPAL DE BALNEÁRIO GAIVOTA; Móveis; EQUIPAMENTOS MÉDICOS;8458; CAMA ELASTICA; 18/05/2021; FUNDO MUNICIPAL DE SAUDE; Ativo;R$ 447,95; Compra Normal
 PREFEITURA MUNICIPAL DE BALNEÁRIO GAIVOTA; Móveis; EQUIPAMENTOS MÉDICOS;8499; PRANCHA SOCORRISTA; 18/05/2021; FUNDO MUNICIPAL DE SAUDE; Ativo;R$ 895,90; Compra Normal
 PREFEITURA MUNICIPAL DE BALNEÁRIO GAIVOTA; Móveis; IMPRESSORAS;8428; IMPRESSORA MULTIFUNCIONAL EPSON L3150; 17/05/2021; MANUTENÇÃO DO CONSELHO TUTELAR; Ativo;R$ 1.430,83; Compra Normal
 PREFEITURA MUNICIPAL DE BALNEÁRIO GAIVOTA; Móveis; GELADEIRA;8415; REFRIGERADOR DF82 220V ELETROLUX; 11/05/2021; MANUTENÇÃO DA SECRETARIA DE EDUCAÇÃO; Ativo;R$ 3.904,37; Compra Normal
 PREFEITURA MUNICIPAL DE BALNEÁRIO GAIVOTA; Móveis; LIXEIRA;8417; LIXEIRA; 10/05/2021; MANUTENÇÃO DA SECRETARIA DE EDUCAÇÃO; Ativo;R$ 1.254,63; Compra Normal
 PREFEITURA MUNICIPAL DE BALNEÁRIO GAIVOTA; Móveis; LIXEIRA;8416; LIXEIRA; 10/05/2021; MANUTENÇÃO DA SECRETARIA DE EDUCAÇÃO; Ativo;R$ 1.254,63; Compra Normal
 PREFEITURA MUNICIPAL DE BALNEÁRIO GAIVOTA; Móveis; MOBILIÁRIO EM GERAL;8413; MESA RETA 25MM PL PAINEL 1200X600 CINZA; 10/05/2021; MANUTENÇÃO DO GABINETE DO PREFEITO; Ativo;R$ 418,21; Compra Normal
 PREFEITURA MUNICIPAL DE BALNEÁRIO GAIVOTA; Móveis; CADEIRA;8427; CADEIRA DIRETOR BEST C200; 10/05/2021; APOIO A CRIANÇA E AO ADOLECESTE EM SITUA; Ativo;R$ 511,15; Compra Normal
 PREFEITURA MUNICIPAL DE BALNEÁRIO GAIVOTA; Móveis; EQUIPAMENTOS MÉDICOS;8462; KIT PROTETOR RADIOLOGICO, MODELO: AVENTAL FRENTE LONGO, OMBRO E COSTA  LONGO, MATERIAL BORRACHA PLUMBIFERA; 05/05/2021; FUNDO MUNICIPAL DE SAUDE; Ativo;R$ 1.659,18; Compra Normal
 PREFEITURA MUNICIPAL DE BALNEÁRIO GAIVOTA; Móveis; NOTEBOOK;8411; NOTEBOOK ACER 15,6 A315-56-569F I5-10A 8GB 128SSD WINDOWS 10; 03/05/2021; MANUTENÇÃO DA SECRETARIA DE ADMINISTRAÇÃ; Ativo;R$ 4.639,10; Compra Normal
 PREFEITURA MUNICIPAL DE BALNEÁRIO GAIVOTA; Móveis; MICROCOMPUTADOR;8333; COMPUTADOR/CPU PENTIUM G5420 3.7GHZ/MEMORIA 8GB DDR4/MB H310/HD 500GB/GABINETE/FONTE; 29/04/2021; APOIO A CRIANÇA E AO ADOLECESTE EM SITUA; Ativo;R$ 1.829,52; Compra Normal
 PREFEITURA MUNICIPAL DE BALNEÁRIO GAIVOTA; Móveis; FECHADURA BIOMETRICA;8331; FECHADURA DIGITAL C/ BIOMETRIA FR220 INTELBRAS; 28/04/2021; MANUTENÇÃO DO GABINETE DO PREFEITO; Ativo;R$ 1.292,90; Compra Normal
 PREFEITURA MUNICIPAL DE BALNEÁRIO GAIVOTA; Móveis; PARAFUSADEIRA;8283; PARAFUSADEIRA A BATERIA GSR 1000 SMART BOSCH; 27/04/2021; MANUTENÇÃO DA SECRETARIA DE OBRAS E SERV; Ativo;R$ 356,18; Compra Normal
 PREFEITURA MUNICIPAL DE BALNEÁRIO GAIVOTA; Móveis; EQUIPAMENTOS MÉDICOS; -; APARELHO DE RAIO X POTENCIA APARELHO: 50A 125KV, TIPO APARELHO MOVEL; 23/04/2021; FUNDO MUNICIPAL DE SAUDE; Ativo;R$ 8.270,58; Compra Normal
 PREFEITURA MUNICIPAL DE BALNEÁRIO GAIVOTA; Móveis; LAVA ROUPA;8338; LAVADORA WANKE LIS 220V 60HZ COM PEDESTAL; 23/04/2021; MANUTENÇÃO DA SECRETARIA DE ADMINISTRAÇÃ; Ativo;R$ 367,45; Compra Normal
 PREFEITURA MUNICIPAL DE BALNEÁRIO GAIVOTA; Móveis; CADEIRA;8395; CADEIRA DIRETOR BEST C200; 23/04/2021; SECRETÁRIO DA CULTURA; Ativo;R$ 506,55; Compra Normal
 PREFEITURA MUNICIPAL DE BALNEÁRIO GAIVOTA; Móveis; ASPIRADOR DE PO;8403; ASPIRADOR DE PO E AQUA ELETROLUX AQP20 PRETO; 22/04/2021; FUNDO MUNICIPAL DE SAUDE; Ativo;R$ 322,08; Compra Normal
 PREFEITURA MUNICIPAL DE BALNEÁRIO GAIVOTA; Móveis; ASPIRADOR DE PO;8404; ASPIRADOR DE PO E AQUA ELETROLUX AQP20 PRETO; 22/04/2021; FUNDO MUNICIPAL DE SAUDE; Ativo;R$ 322,08; Compra Normal
 PREFEITURA MUNICIPAL DE BALNEÁRIO GAIVOTA; Móveis; ASPIRADOR DE PO;8406; ASPIRADOR DE PO E AQUA ELETROLUX AQP20 PRETO; 22/04/2021; FUNDO MUNICIPAL DE SAUDE; Ativo;R$ 322,08; Compra Normal
 PREFEITURA MUNICIPAL DE BALNEÁRIO GAIVOTA; Móveis; ASPIRADOR DE PO;8407; ASPIRADOR DE PO E AQUA ELETROLUX AQP20 PRETO; 22/04/2021; FUNDO MUNICIPAL DE SAUDE; Ativo;R$ 322,08; Compra Normal
 PREFEITURA MUNICIPAL DE BALNEÁRIO GAIVOTA; Móveis; ASPIRADOR DE PO;8408; ASPIRADOR DE PO E AQUA ELETROLUX AQP20 PRETO; 22/04/2021; FUNDO MUNICIPAL DE SAUDE; Ativo;R$ 322,08; Compra Normal
 PREFEITURA MUNICIPAL DE BALNEÁRIO GAIVOTA; Móveis; MESA;8393; MESA 1,20 CINZA C/ GAVETEIRO; 22/04/2021; MANUTENÇÃO DA SECRETARIA DE ADMINISTRAÇÃ; Ativo;R$ 339,64; Compra Normal
 PREFEITURA MUNICIPAL DE BALNEÁRIO GAIVOTA; Móveis; MESA;8394; MESA 1,20 CINZA C/ GAVETEIRO; 22/04/2021; MANUTENÇÃO DA SECRETARIA DE ADMINISTRAÇÃ; Ativo;R$ 339,64; Compra Normal
 PREFEITURA MUNICIPAL DE BALNEÁRIO GAIVOTA; Móveis; MESA;8396; MESA 1,20X60X73 S/GAVETA PALHA WENG; 22/04/2021; MANUTENÇÃO DA SECRETARIA DE ADMINISTRAÇÃ; Ativo;R$ 367,25; Compra Normal
 PREFEITURA MUNICIPAL DE BALNEÁRIO GAIVOTA; Móveis; MONITORES;8335; MONITOR ACER 21,5 P LED V226HQL; 20/04/2021; MANUTENÇÃO DA SECRETARIA DE ADMINISTRAÇÃ; Ativo;R$ 724,12; Compra Normal
 PREFEITURA MUNICIPAL DE BALNEÁRIO GAIVOTA; Móveis; MONITORES;8336; MONITOR ACER 21,5 P LED V226HQL; 20/04/2021; APOIO A CRIANÇA E AO ADOLECESTE EM SITUA; Ativo;R$ 724,12; Compra Normal
 PREFEITURA MUNICIPAL DE BALNEÁRIO GAIVOTA; Móveis; CARRINHO DE TRANSP. DE ALIMENTOS;8398; CARRINHO HGA INOX 430 900X500X40 2 BAND C/ RODIZIO; 19/04/2021; MANUTENÇÃO DA SECRETARIA DE EDUCAÇÃO; Ativo;R$ 1.213,08; Compra Normal
 PREFEITURA MUNICIPAL DE BALNEÁRIO GAIVOTA; Móveis; SOPRADOR TERMICO;8332; SOPRADOR TERMICO 8003 EXP-220V SKIL; 12/04/2021; MANUTENÇÃO DA SECRETARIA DE ADMINISTRAÇÃ; Ativo;R$ 283,59; Compra Normal
 PREFEITURA MUNICIPAL DE BALNEÁRIO GAIVOTA; Móveis; TELEVISOR;8397; TELEVISOR TV AOC 43 POL SMART LED FULL HD HDMI; 12/04/2021; MANUTENÇÃO DA SECRETARIA DE EDUCAÇÃO; Ativo;R$ 2.274,99; Compra Normal
 PREFEITURA MUNICIPAL DE BALNEÁRIO GAIVOTA; Móveis; TELEVISOR;8401; TELEVISOR TV AOC 43 POL SMART LED FULL HD HDMI; 12/04/2021; MANUTENÇÃO DA SECRETARIA DE EDUCAÇÃO; Ativo;R$ 2.274,99; Compra Normal
 PREFEITURA MUNICIPAL DE BALNEÁRIO GAIVOTA; Móveis; MESA;8340; MESA 1,20 CINZA COM GAVETEIRO; 08/04/2021; MANUTENÇÃO DO GABINETE DO PREFEITO; Ativo;R$ 337,06; Compra Normal
 PREFEITURA MUNICIPAL DE BALNEÁRIO GAIVOTA; Móveis; NO-BREAK;8337; NOBREAK NET4+ USM1500BI 115 EXPERT 1500VA; 07/04/2021; MANUTENÇÃO DA SECRETARIA DE ADMINISTRAÇÃ; Ativo;R$ 1.311,81; Compra Normal
 PREFEITURA MUNICIPAL DE BALNEÁRIO GAIVOTA; Móveis; NO-BREAK;8334; NOBREAK NET4+ USM1500BI 115 EXPERT 1500VA; 07/04/2021; MANUTENÇÃO DA SECRETARIA DE ADMINISTRAÇÃ; Ativo;R$ 1.311,81; Compra Normal
 PREFEITURA MUNICIPAL DE BALNEÁRIO GAIVOTA; Móveis; EQUIPAMENTOS MÉDICOS;8275; RESPIRADOR/VENTILADOR PULMONAR RUAH; 06/04/2021; FUNDO MUNICIPAL DE SAUDE; Ativo;R$ 54.567,50; Compra Normal
 PREFEITURA MUNICIPAL DE BALNEÁRIO GAIVOTA; Móveis; EQUIPAMENTOS MÉDICOS;8276; RESPIRADOR/VENTILADOR PULMONAR RUAH; 06/04/2021; FUNDO MUNICIPAL DE SAUDE; Ativo;R$ 54.567,50; Compra Normal
 PREFEITURA MUNICIPAL DE BALNEÁRIO GAIVOTA; Móveis; ESTANTES;8285; ESTANTE EM AÇO C/REFORÇO RCH; 31/03/2021; DIRETORIA DE MEIO AMBIENTE; Ativo;R$ 318,50; Compra Normal
 PREFEITURA MUNICIPAL DE BALNEÁRIO GAIVOTA; Móveis; CADEIRA;8290; CADEIRA PRESIDENTE TECIDO; 31/03/2021; MANUTENÇÃO DA SECRETARIA DE ADMINISTRAÇÃ; Ativo;R$ 500,50; Compra Normal
 PREFEITURA MUNICIPAL DE BALNEÁRIO GAIVOTA; Móveis; CADEIRA;8298; CADEIRA DIRETOR TECIDO; 31/03/2021; MANUTENÇÃO DA SECRETARIA DE ADMINISTRAÇÃ; Ativo;R$ 455,00; Compra Normal
 PREFEITURA MUNICIPAL DE BALNEÁRIO GAIVOTA; Móveis; CADEIRA;8299; CADEIRA DIRETOR TECIDO; 31/03/2021; MANUTENÇÃO DA SECRETARIA DE ADMINISTRAÇÃ; Ativo;R$ 455,00; Compra Normal
 PREFEITURA MUNICIPAL DE BALNEÁRIO GAIVOTA; Móveis; MESA;8280; MESA 1.20X60 COM 02 GAVETAS MSE102CC; 31/03/2021; MANUTENÇÃO DO GABINETE DO PREFEITO; Ativo;R$ 436,80; Compra Normal
 PREFEITURA MUNICIPAL DE BALNEÁRIO GAIVOTA; Móveis; IMPRESSORAS;8291; IMPRESSORA MULTIFUNCIONAL EPSON L3150; 31/03/2021; MANUTENÇÃO DA SECRETARIA DE ARRECADAÇÃO; Ativo;R$ 1.395,94; Compra Normal
 PREFEITURA MUNICIPAL DE BALNEÁRIO GAIVOTA; Móveis; IMPRESSORAS;8293; IMPRESSORA MULTIFUNCIONAL EPSON L3150; 31/03/2021; MANUTENÇÃO DA SECRETARIA DE ADMINISTRAÇÃ; Ativo;R$ 1.395,94; Compra Normal
 PREFEITURA MUNICIPAL DE BALNEÁRIO GAIVOTA; Móveis; GELADEIRA;8292; REFRIGERADOR GELOPAR GREP-04P COMERCIAL INOX AR FORC GELOPAR; 30/03/2021; MANUTENÇÃO DA SECRETARIA DE EDUCAÇÃO; Ativo;R$ 6.672,30; Compra Normal
 PREFEITURA MUNICIPAL DE BALNEÁRIO GAIVOTA; Móveis; Balcão;8278; BALCÃO BAIXO 2 PORTAS INCOFLEX; 30/03/2021; MANUTENÇÃO DO GABINETE DO PREFEITO; Ativo;R$ 652,69; Compra Normal
 PREFEITURA MUNICIPAL DE BALNEÁRIO GAIVOTA; Móveis; FERRAMENTAS;8399; KIT PROPULSORA PNEUMATICA GRAXA 50.1 200KG TAMPA DISCO LUBRI - BREMAN; 30/03/2021; MANUTENÇÃO DA SECRETARIA DE OBRAS E SERV; Ativo;R$ 3.195,26; Compra Normal
 PREFEITURA MUNICIPAL DE BALNEÁRIO GAIVOTA; Móveis; CADEIRA;8307; CADEIRA DIRETOR BEST C200; 29/03/2021; FUNDO MUNICIPAL DE SAUDE; Ativo;R$ 499,70; Compra Normal
 PREFEITURA MUNICIPAL DE BALNEÁRIO GAIVOTA; Móveis; CADEIRA;8315; CADEIRA DIRETOR BEST C200; 29/03/2021; FUNDO MUNICIPAL DE SAUDE; Ativo;R$ 499,70; Compra Normal
 PREFEITURA MUNICIPAL DE BALNEÁRIO GAIVOTA; Móveis; CADEIRA;8279; CADEIRA DIRETOR BEST C200; 29/03/2021; MANUTENÇÃO DO GABINETE DO PREFEITO; Ativo;R$ 499,70; Compra Normal
 PREFEITURA MUNICIPAL DE BALNEÁRIO GAIVOTA; Móveis; NO-BREAK;8287; NOBREAK NET4+ USM1500BI 115 EXPERT; 29/03/2021; MANUTENÇÃO DA SECRETARIA DE ARRECADAÇÃO; Ativo;R$ 1.305,41; Compra Normal
 PREFEITURA MUNICIPAL DE BALNEÁRIO GAIVOTA; Móveis; MICROCOMPUTADOR;8286; COMPUTADOR/CPU INTEL CORE I5 9400/16GB/SSD240GB/PLACA DE VIDEO 1050TI; 29/03/2021; MANUTENÇÃO DA SECRETARIA DE ARRECADAÇÃO; Ativo;R$ 4.397,37; Compra Normal
 PREFEITURA MUNICIPAL DE BALNEÁRIO GAIVOTA; Móveis; NO-BREAK;8289; NOBREAK NET4+ USM1500BI 115 EXPERT; 29/03/2021; MANUTENÇÃO DA SECRETARIA DE ADMINISTRAÇÃ; Ativo;R$ 1.305,41; Compra Normal
 PREFEITURA MUNICIPAL DE BALNEÁRIO GAIVOTA; Móveis; IMPRESSORAS;8309; IMPRESSORA MULTIFUNCIONAL HP LASER MONO M426DW; 24/03/2021; FUNDO MUNICIPAL DE SAUDE; Ativo;R$ 3.787,62; Compra Normal
 PREFEITURA MUNICIPAL DE BALNEÁRIO GAIVOTA; Móveis; IMPRESSORAS;8313; IMPRESSORA MULTIFUNCIONAL HP LASER MONO M426DW; 24/03/2021; FUNDO MUNICIPAL DE SAUDE; Ativo;R$ 3.787,62; Compra Normal
 PREFEITURA MUNICIPAL DE BALNEÁRIO GAIVOTA; Móveis; NOTEBOOK;8306; NOTEBOOK ACER A315-5453 M1 CORE I5/8GB/SSD128GB; 24/03/2021; FUNDO MUNICIPAL DE SAUDE; Ativo;R$ 4.539,71; Compra Normal
 PREFEITURA MUNICIPAL DE BALNEÁRIO GAIVOTA; Móveis; NOTEBOOK;8311; NOTEBOOK ACER A315-5453 M1 CORE I5/8GB/SSD128GB; 24/03/2021; FUNDO MUNICIPAL DE SAUDE; Ativo;R$ 4.539,71; Compra Normal
 PREFEITURA MUNICIPAL DE BALNEÁRIO GAIVOTA; Móveis; NOTEBOOK;8312; NOTEBOOK ACER A315-5453 M1 CORE I5/8GB/SSD128GB; 24/03/2021; FUNDO MUNICIPAL DE SAUDE; Ativo;R$ 4.539,71; Compra Normal
 PREFEITURA MUNICIPAL DE BALNEÁRIO GAIVOTA; Móveis; MONITORES;8288; MONITOR LED 21,5 ACER; 22/03/2021; MANUTENÇÃO DA SECRETARIA DE ARRECADAÇÃO; Ativo;R$ 884,31; Compra Normal
 PREFEITURA MUNICIPAL DE BALNEÁRIO GAIVOTA; Móveis; CADEIRA;8277; CADEIRA DIRETOR BEST C200; 16/03/2021; MANUTENÇÃO DA SECRETARIA DE ADMINISTRAÇÃ; Ativo;R$ 496,24; Compra Normal
 PREFEITURA MUNICIPAL DE BALNEÁRIO GAIVOTA; Móveis; IMPRESSORAS;8297; IMPRESSORA EPSON ECOTANK L3150; 23/02/2021; MANUTENÇÃO DA SECRETARIA DE ADMINISTRAÇÃ; Ativo;R$ 1.247,57; Compra Normal
 PREFEITURA MUNICIPAL DE BALNEÁRIO GAIVOTA; Móveis; SOPRADOR COSTAL;8400; SOPRADOR COSTAL BR-STIHL; 19/02/2021; MANUTENÇÃO DA SECRETARIA DE OBRAS E SERV; Ativo;R$ 1.449,19; Compra Normal
 PREFEITURA MUNICIPAL DE BALNEÁRIO GAIVOTA; Móveis; IMPRESSORAS;8284; IMPRESSORA EPSON ECOTANK L3150; 18/02/2021; MANUTENÇÃO DA SECRETARIA DE ADMINISTRAÇÃ; Ativo;R$ 1.243,83; Compra Normal
 PREFEITURA MUNICIPAL DE BALNEÁRIO GAIVOTA; Móveis; Bebedouro.;8308; BEBEDOURO DE MESA BIVOLT OK; 16/02/2021; FUNDO MUNICIPAL DE SAUDE; Ativo;R$ 673,98; Compra Normal
 PREFEITURA MUNICIPAL DE BALNEÁRIO GAIVOTA; Móveis; Bebedouro.;8314; BEBEDOURO DE MESA BIVOLT OK; 16/02/2021; FUNDO MUNICIPAL DE SAUDE; Ativo;R$ 673,98; Compra Normal
 PREFEITURA MUNICIPAL DE BALNEÁRIO GAIVOTA; Móveis; Bebedouro.;8328; BEBEDOURO DE MESA BIVOLT OK; 16/02/2021; FUNDO MUNICIPAL DE SAUDE; Ativo;R$ 673,98; Compra Normal
 PREFEITURA MUNICIPAL DE BALNEÁRIO GAIVOTA; Móveis; CADEIRA;8305; CADEIRA DIRETOR BEST C200; 10/02/2021; FUNDO MUNICIPAL DE SAUDE; Ativo;R$ 486,65; Compra Normal
 PREFEITURA MUNICIPAL DE BALNEÁRIO GAIVOTA; Móveis; Ventilador;8310; VENTILADOR BRITANIA COLUNA MEGA TURBO 50SIX; 10/02/2021; FUNDO MUNICIPAL DE SAUDE; Ativo;R$ 298,40; Compra Normal
 PREFEITURA MUNICIPAL DE BALNEÁRIO GAIVOTA; Móveis; Ventilador;8327; VENTILADOR BRITANIA COLUNA MEGA TURBO 50SIX; 10/02/2021; FUNDO MUNICIPAL DE SAUDE; Ativo;R$ 298,40; Compra Normal
 PREFEITURA MUNICIPAL DE BALNEÁRIO GAIVOTA; Móveis; Ventilador;8329; VENTILADOR BRITANIA COLUNA MEGA TURBO 50SIX; 10/02/2021; FUNDO MUNICIPAL DE SAUDE; Ativo;R$ 298,40; Compra Normal
 PREFEITURA MUNICIPAL DE BALNEÁRIO GAIVOTA; Móveis; CADEIRA;8302; CADEIRA DIRETOR BEST C200; 05/02/2021; MANUTENÇÃO DA SECRETARIA DE ADMINISTRAÇÃ; Ativo;R$ 485,18; Compra Normal
 PREFEITURA MUNICIPAL DE BALNEÁRIO GAIVOTA; Móveis; CADEIRA;8300; CADEIRA DIRETOR BEST C200; 05/02/2021; MANUTENÇÃO DA SECRETARIA DE ADMINISTRAÇÃ; Ativo;R$ 485,18; Compra Normal
 PREFEITURA MUNICIPAL DE BALNEÁRIO GAIVOTA; Móveis; CADEIRA;8301; CADEIRA DIRETOR BEST C200; 05/02/2021; MANUTENÇÃO DA SECRETARIA DE ARRECADAÇÃO; Ativo;R$ 485,18; Compra Normal
 PREFEITURA MUNICIPAL DE BALNEÁRIO GAIVOTA; Móveis; PARAFUSADEIRA;8330; PARAFUSADEIRA A BATERIA GSR 1000 SMART BOSCH; 03/02/2021; MANUTENÇÃO DA SECRETARIA DE EDUCAÇÃO; Ativo;R$ 359,26; Compra Normal
 PREFEITURA MUNICIPAL DE BALNEÁRIO GAIVOTA; Móveis; MESA;8316; MESA 150X60X73 COM GAVETAS CINZA/CINZA; 03/02/2021; FUNDO MUNICIPAL DE SAUDE; Ativo;R$ 342,70; Compra Normal
 PREFEITURA MUNICIPAL DE BALNEÁRIO GAIVOTA; Móveis; MESA;8402; MESA 150X60X73 COM GAVETAS CINZA/CINZA; 03/02/2021; FUNDO MUNICIPAL DE SAUDE; Ativo;R$ 342,70; Compra Normal
 PREFEITURA MUNICIPAL DE BALNEÁRIO GAIVOTA; Móveis; CADEIRA;8294; CADEIRA DIRETOR BEST C200; 02/02/2021; MANUTENÇÃO DA SECRETARIA DE ADMINISTRAÇÃ; Ativo;R$ 484,29; Compra Normal
 PREFEITURA MUNICIPAL DE BALNEÁRIO GAIVOTA; Móveis; CADEIRA;8295; CADEIRA DIRETOR BEST C200; 02/02/2021; MANUTENÇÃO DA SECRETARIA DE ADMINISTRAÇÃ; Ativo;R$ 484,29; Compra Normal
 PREFEITURA MUNICIPAL DE BALNEÁRIO GAIVOTA; Móveis; CADEIRA;8296; CADEIRA DIRETOR BEST C200; 02/02/2021; MANUTENÇÃO DA SECRETARIA DE ADMINISTRAÇÃ; Ativo;R$ 484,29; Compra Normal
 PREFEITURA MUNICIPAL DE BALNEÁRIO GAIVOTA; Móveis; CADEIRA;8303; CADEIRA DIRETOR BEST C200; 02/02/2021; FUNDO MUNICIPAL DE SAUDE; Ativo;R$ 484,29; Compra Normal
 PREFEITURA MUNICIPAL DE BALNEÁRIO GAIVOTA; Móveis; CADEIRA;8304; CADEIRA DIRETOR BEST C200; 02/02/2021; FUNDO MUNICIPAL DE SAUDE; Ativo;R$ 484,29; Compra Normal
 PREFEITURA MUNICIPAL DE BALNEÁRIO GAIVOTA; Móveis; MONITORES;8261; MONITOR 19,5P LED 20M35PH LG; 25/01/2021; FUNDO MUNICIPAL DE SAUDE; Ativo;R$ 613,53; Compra Normal
 PREFEITURA MUNICIPAL DE BALNEÁRIO GAIVOTA; Móveis; MICROCOMPUTADOR;8259; COMPUTADOR/GABINETE/CPU INTEL CORE I5 10400F 1200/PLACA MAE GIGABYTE B460M DDR4 1200/ MEMORIA KINGSTON DDR4 8GB 2666MHZ/PLACA DE VIDEO GTX1660OC PCYES 6GB/FONTE DE ALIMENTAÇÃO 500W COOLER MASTER 80PLUS/SSD 240GB; 21/01/2021; MANUTENÇÃO DA SECRETARIA DE ARRECADAÇÃO; Ativo;R$ 5.381,02; Compra Normal
 PREFEITURA MUNICIPAL DE BALNEÁRIO GAIVOTA; Móveis; CALCULADORA;8260; CALCULADORA DE IMPRESSAO  ELGIN MR-6125; 14/01/2021; MANUTENÇÃO DA SECRETARIA DE ADMINISTRAÇÃ; Ativo;R$ 422,54; Compra Normal
 PREFEITURA MUNICIPAL DE BALNEÁRIO GAIVOTA; Móveis; ROÇADEIRA; -; ROÇADEIRA FS 220 - STIHL; 12/01/2021; MANUTENÇÃO DA SECRETARIA DE OBRAS E SERV; Ativo;R$ 2.418,59; Compra Normal
 PREFEITURA MUNICIPAL DE BALNEÁRIO GAIVOTA; Móveis; RETROESCAVADEIRA;8256; RETROESCAVADEIRA/TRACAO TRATOR DE RODAS MR/JCB 3CX 2WS4WD/ CHASSI S0R3CXTTHL2936830 PLACA RKW1D01 ANO 2020/2020 MOTOR SD32045064H00265958 RENAVAM 01252950346; 06/01/2021; DIRETORIA DE AGRICULTURA; Ativo;R$ 162.164,05; Compra Normal
 PREFEITURA MUNICIPAL DE BALNEÁRIO GAIVOTA; Móveis; RETROESCAVADEIRA;8257; RETROESCAVADEIRA/TRACAO TRATOR DE RODAS MR/JCB 3CX 2WS4WD/ CHASSI S0R3CXTTCL2936829 PLACA RKW2B41 ANO 2020/2020 MOTOR SD32045064H00264938 RENAVAM 01252371877; 06/01/2021; DIRETORIA DE AGRICULTURA; Ativo;R$ 162.164,05; Compra Normal
 PREFEITURA MUNICIPAL DE BALNEÁRIO GAIVOTA; Móveis; CADEIRA;8272; CADEIRA GIRATORIA ESTOFADA; 30/12/2020; MANUTENÇÃO DA SECRETARIA DE EDUCAÇÃO; Ativo;R$ 323,97; Compra Normal
 PREFEITURA MUNICIPAL DE BALNEÁRIO GAIVOTA; Móveis; MESA;8273; GAVETEIRO 4 GAVETAS; 30/12/2020; MANUTENÇÃO DA SECRETARIA DE EDUCAÇÃO; Ativo;R$ 431,11; Compra Normal
 PREFEITURA MUNICIPAL DE BALNEÁRIO GAIVOTA; Móveis; MESA;8274; MESA OVAL WORKSTATION MATRIX; 30/12/2020; MANUTENÇÃO DA SECRETARIA DE EDUCAÇÃO; Ativo;R$ 750,80; Compra Normal
 PREFEITURA MUNICIPAL DE BALNEÁRIO GAIVOTA; Móveis; MESA;8247; CONJ. MESA EM L 120X100M 2 GAV. CZ; 17/12/2020; MANUTENÇÃO DA SECRETARIA DE ARRECADAÇÃO; Ativo;R$ 669,04; Compra Normal
 PREFEITURA MUNICIPAL DE BALNEÁRIO GAIVOTA; Móveis; MICROCOMPUTADOR;8246; COMPUTADOR/CPU PENTIUM 3.8GHZ/PLACA MAE 1151/HD 500GB/MEMORIA 8GB DDR4/GABINETE; 11/12/2020; APOIO A CRIANÇA E AO ADOLECESTE EM SITUA; Ativo;R$ 1.790,03; Compra Normal
 PREFEITURA MUNICIPAL DE BALNEÁRIO GAIVOTA; Móveis; Balanças;8250; BALANÇA PLATAFORMA 150KG DBP RAMUZA; 01/12/2020; MANUTENÇÃO DA SECRETARIA DE EDUCAÇÃO; Ativo;R$ 1.176,40; Compra Normal
 PREFEITURA MUNICIPAL DE BALNEÁRIO GAIVOTA; Móveis; Bebedouro.;8235; BEBEDOURO INDUSTRIAL 25 LITROS INOX AQUAMAX VOLTAGEM 220V; 01/12/2020; MANUTENÇÃO DA SECRETARIA DE EDUCAÇÃO; Ativo;R$ 1.188,70; Compra Normal
 PREFEITURA MUNICIPAL DE BALNEÁRIO GAIVOTA; Móveis; CENTRIFUGADOR;8248; CENTRIFUGA DE FRUTAS BRITANIA 1000; 01/12/2020; MANUTENÇÃO DA SECRETARIA DE EDUCAÇÃO; Ativo;R$ 446,20; Compra Normal
 PREFEITURA MUNICIPAL DE BALNEÁRIO GAIVOTA; Móveis; GELADEIRA;8253; CONA VF55F BRANCO IMBERA MASTERFRIO; 01/12/2020; MANUTENÇÃO DA SECRETARIA DE EDUCAÇÃO; Ativo;R$ 2.996,20; Compra Normal
 PREFEITURA MUNICIPAL DE BALNEÁRIO GAIVOTA; Móveis; GELADEIRA;8249; FOGAO 04 BOCAS BRANCO ATLAS; 01/12/2020; MANUTENÇÃO DA SECRETARIA DE EDUCAÇÃO; Ativo;R$ 501,50; Compra Normal
 PREFEITURA MUNICIPAL DE BALNEÁRIO GAIVOTA; Móveis; FOGÃO A GÁS;8251; FOGAO INDUSTRIAL 6 QUEIMADORES CENTERMAQ COM FORNO; 01/12/2020; MANUTENÇÃO DA SECRETARIA DE EDUCAÇÃO; Ativo;R$ 1.223,10; Compra Normal
 PREFEITURA MUNICIPAL DE BALNEÁRIO GAIVOTA; Móveis; GELADEIRA;8252; GELADEIRA COMERCAIL GREP-4P GELOPAR; 01/12/2020; MANUTENÇÃO DA SECRETARIA DE EDUCAÇÃO; Ativo;R$ 4.993,70; Compra Normal
 PREFEITURA MUNICIPAL DE BALNEÁRIO GAIVOTA; Móveis; GELADEIRA;8255; GELADEIRA FROSFREE 410 LITROS BRANCA CONSUL; 01/12/2020; MANUTENÇÃO DA SECRETARIA DE EDUCAÇÃO; Ativo;R$ 1.994,10; Compra Normal
 PREFEITURA MUNICIPAL DE BALNEÁRIO GAIVOTA; Móveis; Liquidificador;8236; LIQUIDIFICADOR COMERCIAL LB-15MB 220V SKYMSEN; 01/12/2020; MANUTENÇÃO DA SECRETARIA DE EDUCAÇÃO; Ativo;R$ 1.442,40; Compra Normal
 PREFEITURA MUNICIPAL DE BALNEÁRIO GAIVOTA; Móveis; Liquidificador;8242; LIQUIDIFICADOR COMERCIAL LS-08MB 220V SKYMSEN; 01/12/2020; MANUTENÇÃO DA SECRETARIA DE EDUCAÇÃO; Ativo;R$ 815,10; Compra Normal
 PREFEITURA MUNICIPAL DE BALNEÁRIO GAIVOTA; Móveis; Liquidificador;8245; LIQUIDIFICADOR INDUSTRIAL INOX JL COLOMBO 4 LITROS; 01/12/2020; MANUTENÇÃO DA SECRETARIA DE EDUCAÇÃO; Ativo;R$ 618,80; Compra Normal
 PREFEITURA MUNICIPAL DE BALNEÁRIO GAIVOTA; Móveis; EQUIPAMENTOS DOMÉSTICOS;8254; MULTIPROCESSADOR DE ALIMENTOS 5 EM 1 PHILIPS WALITA; 01/12/2020; MANUTENÇÃO DA SECRETARIA DE EDUCAÇÃO; Ativo;R$ 450,50; Compra Normal
 PREFEITURA MUNICIPAL DE BALNEÁRIO GAIVOTA; Móveis; PURIFICADOR DE AGUA;8237; PURIFICADOR DE AGUA MASTERFRIO; 01/12/2020; MANUTENÇÃO DA SECRETARIA DE EDUCAÇÃO; Ativo;R$ 415,50; Compra Normal
 PREFEITURA MUNICIPAL DE BALNEÁRIO GAIVOTA; Móveis; PURIFICADOR DE AGUA;8238; PURIFICADOR DE AGUA MASTERFRIO; 01/12/2020; MANUTENÇÃO DA SECRETARIA DE EDUCAÇÃO; Ativo;R$ 415,50; Compra Normal
 PREFEITURA MUNICIPAL DE BALNEÁRIO GAIVOTA; Móveis; PURIFICADOR DE AGUA;8239; PURIFICADOR DE AGUA MASTERFRIO; 01/12/2020; MANUTENÇÃO DA SECRETARIA DE EDUCAÇÃO; Ativo;R$ 415,50; Compra Normal
 PREFEITURA MUNICIPAL DE BALNEÁRIO GAIVOTA; Móveis; PURIFICADOR DE AGUA;8240; PURIFICADOR DE AGUA MASTERFRIO; 01/12/2020; MANUTENÇÃO DA SECRETARIA DE EDUCAÇÃO; Ativo;R$ 415,50; Compra Normal
 PREFEITURA MUNICIPAL DE BALNEÁRIO GAIVOTA; Móveis; PURIFICADOR DE AGUA;8241; PURIFICADOR DE AGUA MASTERFRIO; 01/12/2020; MANUTENÇÃO DA SECRETARIA DE EDUCAÇÃO; Ativo;R$ 415,50; Compra Normal
 PREFEITURA MUNICIPAL DE BALNEÁRIO GAIVOTA; Móveis; PURIFICADOR DE AGUA;8243; PURIFICADOR DE AGUA MASTERFRIO; 01/12/2020; MANUTENÇÃO DA SECRETARIA DE EDUCAÇÃO; Ativo;R$ 415,50; Compra Normal
 PREFEITURA MUNICIPAL DE BALNEÁRIO GAIVOTA; Móveis; APARELHO DE COMUNICAÇÃO;8194; SMARTPHONE LG K8 + 16GB; 30/11/2020; FUNDO MUNICIPAL DE SAUDE; Ativo;R$ 721,60; Compra Normal
 PREFEITURA MUNICIPAL DE BALNEÁRIO GAIVOTA; Móveis; CADEIRA;8192; CADEIRA ESCRITORIO EXECUTIVA BASICA DIRETOR UT-C161A BEST; 13/11/2020; PROMOÇÃO DO ESPORTE AMADOR; Ativo;R$ 327,10; Compra Normal
 CAMARA MUNICIPAL DE BALNEARIO GAIVOTA; MOVEIS; Cod.: 7 - MOVEIS;290; PAINEL EM MDF NAVAL COR MOGNO TAMANHO 2,10X 3,00; 03/11/2020; CAMARA MUNICIPAL DE VEREADORES; Em uso;R$ 3.700,06; Compra
 PREFEITURA MUNICIPAL DE BALNEÁRIO GAIVOTA; Móveis; CARREGADOR DE BATERIA;8102; CARREGADOR DE BATERIA 127/220V VONDER; 21/10/2020; MANUTENÇÃO DA SECRETARIA DE EDUCAÇÃO; Ativo;R$ 1.617,87; Compra Normal
 PREFEITURA MUNICIPAL DE BALNEÁRIO GAIVOTA; Móveis; NOTEBOOK;8111; NOTEBOOK ACER A315-56-34A9 PROCESSADOR CORE I3/8GB/1TB/WINDOWS 10/GRAV.; 20/10/2020; MANUTENÇÃO DO CONSELHO TUTELAR; Ativo;R$ 3.316,77; Compra Normal
 PREFEITURA MUNICIPAL DE BALNEÁRIO GAIVOTA; Móveis; Bebedouro.;8118; BEBEDOURO PURIFICADOR DE PRESS O IBBL BAG40C INOX ADULTO/INFANTIL; 13/10/2020; MANUTENÇÃO DA SECRETARIA DE EDUCAÇÃO; Ativo;R$ 1.542,61; Compra Normal
 PREFEITURA MUNICIPAL DE BALNEÁRIO GAIVOTA; Móveis; Bebedouro.;8119; BEBEDOURO PURIFICADOR DE PRESS O IBBL BAG40C INOX ADULTO/INFANTIL; 13/10/2020; MANUTENÇÃO DA SECRETARIA DE EDUCAÇÃO; Ativo;R$ 1.542,61; Compra Normal
 PREFEITURA MUNICIPAL DE BALNEÁRIO GAIVOTA; Móveis; MICROCOMPUTADOR;8120; COMPUTADOR/CPU PENTIUM G5400 3.7GHZ 8º GERAÇÃO/PLACA MAE 1151/HD 500 SATA/ ESTABILIZADOR/TECLADO/MOUSE; 09/10/2020; FUNDO MUNICIPAL DE SAUDE; Ativo;R$ 1.310,72; Compra Normal
 PREFEITURA MUNICIPAL DE BALNEÁRIO GAIVOTA; Móveis; MONITORES;8121; MONITOR AOC 18,5 LED E970SWNL; 09/10/2020; FUNDO MUNICIPAL DE SAUDE; Ativo;R$ 436,65; Compra Normal
 PREFEITURA MUNICIPAL DE BALNEÁRIO GAIVOTA; Móveis; MONITORES;8123; MONITOR PCTOP 21,5 LED PRETO; 01/10/2020; MANUTENÇÃO DA SECRETARIA DE ADMINISTRAÇÃ; Ativo;R$ 621,56; Compra Normal
 PREFEITURA MUNICIPAL DE BALNEÁRIO GAIVOTA; Móveis; Balcão;8071; BALCAO DE ATENDIMENTO EM MDF 2,00X1,50 CINZA; 24/09/2020; APOIO A CRIANÇA E AO ADOLECESTE EM SITUA; Ativo;R$ 1.437,04; Compra Normal
 PREFEITURA MUNICIPAL DE BALNEÁRIO GAIVOTA; Móveis; MONITORES;8043; MONITOR LED 19,5 LG 20M35PD; 17/09/2020; MANUTENÇÃO DA SECRETARIA DE EDUCAÇÃO; Ativo;R$ 486,17; Compra Normal
 PREFEITURA MUNICIPAL DE BALNEÁRIO GAIVOTA; Móveis; LAVA ROUPA;8099; LAVA ROUPA 12KG CONSUL CWH12AB; 14/09/2020; FUNDO MUNICIPAL DE SAUDE; Ativo;R$ 1.489,04; Compra Normal
 PREFEITURA MUNICIPAL DE BALNEÁRIO GAIVOTA; Móveis; MICROCOMPUTADOR;8072; COMPUTADOR/CPU INTEL CORE I3 9100 8GB MEMORIA HD500GB; 14/09/2020; MANUTENÇÃO DA SECRETARIA DE ADMINISTRAÇÃ; Ativo;R$ 1.687,05; Compra Normal
 PREFEITURA MUNICIPAL DE BALNEÁRIO GAIVOTA; Móveis; SECADORA DE ROUPAS;8065; SECADORA BRANCA 11,2KG 220V MIDEA; 09/09/2020; MANUTENÇÃO DA SECRETARIA DE EDUCAÇÃO; Ativo;R$ 1.205,41; Compra Normal
 PREFEITURA MUNICIPAL DE BALNEÁRIO GAIVOTA; Móveis; LAVA ROUPA;8067; LAVA ROUPAS 11KG LAC12 220V - ELETROLUX; 09/09/2020; MANUTENÇÃO DA SECRETARIA DE EDUCAÇÃO; Ativo;R$ 1.176,29; Compra Normal
 PREFEITURA MUNICIPAL DE BALNEÁRIO GAIVOTA; Móveis; EQUIPAMENTOS DOMÉSTICOS;8069; MICROONDAS 30 LITROS BRANCO 220V - MIDEA; 09/09/2020; MANUTENÇÃO DA SECRETARIA DE EDUCAÇÃO; Ativo;R$ 378,61; Compra Normal
 PREFEITURA MUNICIPAL DE BALNEÁRIO GAIVOTA; Móveis; EQUIPAMENTOS DOMÉSTICOS;8070; MICROONDAS 30 LITROS BRANCO 220V - MIDEA; 09/09/2020; MANUTENÇÃO DA SECRETARIA DE EDUCAÇÃO; Ativo;R$ 378,61; Compra Normal
 PREFEITURA MUNICIPAL DE BALNEÁRIO GAIVOTA; Móveis; GELADEIRA;8068; REFRIGERADOR FROST FREE 300L - 220V CRM39 CONSUL; 09/09/2020; MANUTENÇÃO DA SECRETARIA DE EDUCAÇÃO; Ativo;R$ 1.468,27; Compra Normal
 PREFEITURA MUNICIPAL DE BALNEÁRIO GAIVOTA; Móveis; TELEFONE;8066; LG K8 PLUS AZUL 351266050291436,GSM 48966645488, PLANO PRE; 04/09/2020; FUNDO MUNICIPAL DE SAUDE; Ativo;R$ 587,88; Compra Normal
 PREFEITURA MUNICIPAL DE BALNEÁRIO GAIVOTA; Móveis; MONITORES;8054; MONITOR LG 19,5 20M35TD-B (VGA/DVI HD 1600X900; 18/08/2020; FUNDO MUNICIPAL DE SAUDE; Ativo;R$ 477,34; Compra Normal
 PREFEITURA MUNICIPAL DE BALNEÁRIO GAIVOTA; Móveis; NO-BREAK;8020; NOBREAK ENERGYLUX 1200VA; 18/08/2020; MANUTENÇÃO DA SECRETARIA DE ADMINISTRAÇÃ; Ativo;R$ 446,14; Compra Normal
 PREFEITURA MUNICIPAL DE BALNEÁRIO GAIVOTA; Móveis; Batedeira.;8000; BATEDEIRA INDUSTRIAL BPM-12-ST MANA; 05/08/2020; MANUTENÇÃO DA SECRETARIA DE EDUCAÇÃO; Ativo;R$ 2.914,32; Compra Normal
 PREFEITURA MUNICIPAL DE BALNEÁRIO GAIVOTA; Móveis; Ar Condicionado;7998; AR CONDIONADO COND/EVAP 9000BTUS QF INVERTER AGRATTO; 05/08/2020; MANUTENÇÃO DA SECRETARIA DE EDUCAÇÃO; Ativo;R$ 1.261,49; Compra Normal
 PREFEITURA MUNICIPAL DE BALNEÁRIO GAIVOTA; Móveis; Ar Condicionado;7999; AR CONDIONADO COND/EVAP 9000BTUS QF INVERTER AGRATTO; 05/08/2020; MANUTENÇÃO DA SECRETARIA DE EDUCAÇÃO; Ativo;R$ 1.261,49; Compra Normal
 PREFEITURA MUNICIPAL DE BALNEÁRIO GAIVOTA; Móveis; Ar Condicionado;8021; AR CONDICIONADO 30.000 BTUS; 05/08/2020; MANUTENÇÃO DA SECRETARIA DE EDUCAÇÃO; Ativo;R$ 3.718,07; Compra Normal
 PREFEITURA MUNICIPAL DE BALNEÁRIO GAIVOTA; Móveis; TELEFONE;7950; APARELHO CELULAR LG K8 PLUS AZUL 351266050300658, GSM48966454848, PLANO PRE; 28/07/2020; FUNDO MUNICIPAL DE SAUDE; Ativo;R$ 590,19; Compra Normal
 PREFEITURA MUNICIPAL DE BALNEÁRIO GAIVOTA; Móveis; VEICULOS LEVES;7958; FIAT/DOBLO ESSENCE 1.8 7L E FLEX COR BRANCA ANO FAB/MOD. 2020/2021 CHASSI: 9BD1196GDM1157211 RENAVAN 1233074838 PLACA: RDY9H95; 15/07/2020; FUNDO MUNICIPAL DE SAUDE; Ativo;R$ 81.695,40; Compra Normal
 PREFEITURA MUNICIPAL DE BALNEÁRIO GAIVOTA; Móveis; MICROONIBUS;7957; SPRINTER VAN 516 20+1 MERCEDES-BENZ GERAL COMB. DIESEL ANO FAB/MOD 2020/2021 CHASSI: 8AC907857ME187124 PLACA: RDV2C95 RENAVAM: 1232199661 Nº MOTOR: 651958W0110031 COR BRANCA; 14/07/2020; FUNDO MUNICIPAL DE SAUDE; Ativo;R$ 171.727,61; Compra Normal
 PREFEITURA MUNICIPAL DE BALNEÁRIO GAIVOTA; Móveis; SECADORA DE ROUPAS;7952; SECADORA DE ROUPAS WANKE LUANA 220V 60HZ OK; 08/07/2020; FUNDO MUNICIPAL DE SAUDE; Ativo;R$ 310,51; Compra Normal
 PREFEITURA MUNICIPAL DE BALNEÁRIO GAIVOTA; Móveis; Balanças;7949; BALANÇA COMPUTADORA ELGIN DP30 30KGS COM BATERIA PRETO 46BALEC30PC5; 06/07/2020; MANUTENÇÃO DA SECRETARIA DE EDUCAÇÃO; Ativo;R$ 605,54; Compra Normal
 PREFEITURA MUNICIPAL DE BALNEÁRIO GAIVOTA; Móveis; TELEVISOR;7942; TELEVISOR/TV 32P AOC LED SMART WIFI HD USB HDMI - LE32S5970S; 06/07/2020; MANUTENÇÃO DA SECRETARIA DE EDUCAÇÃO; Ativo;R$ 1.243,02; Compra Normal
 PREFEITURA MUNICIPAL DE BALNEÁRIO GAIVOTA; Móveis; TELEVISOR;7943; TELEVISOR/TV 32P AOC LED SMART WIFI HD USB HDMI - LE32S5970S; 06/07/2020; MANUTENÇÃO DA SECRETARIA DE EDUCAÇÃO; Ativo;R$ 1.243,02; Compra Normal
 PREFEITURA MUNICIPAL DE BALNEÁRIO GAIVOTA; Móveis; TELEFONE;7882; APARELHO CELULAR LG LM-X120BMW-K8 PRETO (7893299912771); 26/06/2020; FUNDO MUNICIPAL DE SAUDE; Ativo;R$ 582,14; Compra Normal
 PREFEITURA MUNICIPAL DE BALNEÁRIO GAIVOTA; Móveis; Bebedouro.;7832; BEBEDOURO GELAGUA ESMALTEC EGM30 COMPRESOR BR; 23/06/2020; APOIO A CRIANÇA E AO ADOLECESTE EM SITUA; Ativo;R$ 368,54; Compra Normal
 PREFEITURA MUNICIPAL DE BALNEÁRIO GAIVOTA; Móveis; TELEVISOR;7831; TELEVISOR SAMSUNG TV 43 LED UN43J5290AGXZD F/HD FLAT SMART; 23/06/2020; APOIO A CRIANÇA E AO ADOLECESTE EM SITUA; Ativo;R$ 1.442,47; Compra Normal
 PREFEITURA MUNICIPAL DE BALNEÁRIO GAIVOTA; Móveis; IMPRESSORAS;7825; IMPRESSORA MULTIFUNCIONAL EPSON ECOTANK L3150 WI-FI; 16/06/2020; MANUTENÇÃO DA SECRETARIA DE ADMINISTRAÇÃ; Ativo;R$ 904,81; Compra Normal
 PREFEITURA MUNICIPAL DE BALNEÁRIO GAIVOTA; Móveis; IMPRESSORAS;7830; IMPRESSORA MULTIFUNCIONAL HP LASERJET PRO M428DW; 10/06/2020; MANUTENÇÃO DA SECRETARIA DE ARRECADAÇÃO; Ativo;R$ 2.056,50; Compra Normal
 PREFEITURA MUNICIPAL DE BALNEÁRIO GAIVOTA; Móveis; MICROCOMPUTADOR;7829; COMPUTADOR CPU PENTIUM G5400/PLACA MAE 1151/MEM DDR4 8GB/MONITOR 19,5P/HD SSD240GB/GABINETE/TECLADO/MOUSE; 05/06/2020; MANUTENÇÃO DA SECRETARIA DE ARRECADAÇÃO; Ativo;R$ 1.310,64; Compra Normal
 PREFEITURA MUNICIPAL DE BALNEÁRIO GAIVOTA; Móveis; MICROCOMPUTADOR;7828; COMPUTADOR CPU PENTIUM G5400/PLACA MAE 1151/MEM DDR4 8GB/MONITOR 19,5P/HD SSD240GB/GABINETE/TECLADO/MOUSE; 05/06/2020; MANUTENÇÃO DA SECRETARIA DE ARRECADAÇÃO; Ativo;R$ 1.310,64; Compra Normal
 PREFEITURA MUNICIPAL DE BALNEÁRIO GAIVOTA; Móveis; MONITORES;7827; MONITOR LG 19.5 POLEGAS; 05/06/2020; MANUTENÇÃO DA SECRETARIA DE ARRECADAÇÃO; Ativo;R$ 419,10; Compra Normal
 PREFEITURA MUNICIPAL DE BALNEÁRIO GAIVOTA; Móveis; MONITORES;7826; MONITOR LG 19.5 POLEGAS; 05/06/2020; MANUTENÇÃO DA SECRETARIA DE ARRECADAÇÃO; Ativo;R$ 419,10; Compra Normal
 PREFEITURA MUNICIPAL DE BALNEÁRIO GAIVOTA; Móveis; MESA;7822; MESA RETA 1.20X0,60 2 GRAV. CZ MARANELLO; 03/06/2020; BENS INSERVÍVEIS; Ativo;R$ 257,96; Compra Normal
 PREFEITURA MUNICIPAL DE BALNEÁRIO GAIVOTA; Móveis; MESA;7823; MESA RETA 1.20X0,60 2 GRAV. CZ MARANELLO; 03/06/2020; MANUTENÇÃO DA SECRETARIA DE ARRECADAÇÃO; Ativo;R$ 257,96; Compra Normal
 PREFEITURA MUNICIPAL DE BALNEÁRIO GAIVOTA; Móveis; MESA;7824; MESA RETA 1.40X0,60 2 GRAV. CZ MARANELLO; 03/06/2020; MANUTENÇÃO DA SECRETARIA DE ARRECADAÇÃO; Ativo;R$ 270,13; Compra Normal
 PREFEITURA MUNICIPAL DE BALNEÁRIO GAIVOTA; Móveis; MONITORES;7740; MONITOR PCTOP 21,5 POLEGADAS LED; 27/05/2020; FUNDO MUNICIPAL DE SAUDE; Ativo;R$ 525,76; Compra Normal
 PREFEITURA MUNICIPAL DE BALNEÁRIO GAIVOTA; Móveis; MONITORES;7741; MONITOR PCTOP 21,5 POLEGADAS LED; 27/05/2020; FUNDO MUNICIPAL DE SAUDE; Ativo;R$ 525,76; Compra Normal
 PREFEITURA MUNICIPAL DE BALNEÁRIO GAIVOTA; Móveis; MONITORES;7742; MONITOR PCTOP 21,5 POLEGADAS LED; 27/05/2020; FUNDO MUNICIPAL DE SAUDE; Ativo;R$ 525,76; Compra Normal
 PREFEITURA MUNICIPAL DE BALNEÁRIO GAIVOTA; Móveis; MONITORES;7743; MONITOR PCTOP 21,5 POLEGADAS LED; 27/05/2020; FUNDO MUNICIPAL DE SAUDE; Ativo;R$ 525,76; Compra Normal
 PREFEITURA MUNICIPAL DE BALNEÁRIO GAIVOTA; Móveis; MONITORES;8191; MONITOR PCTOP 21,5 POLEGADAS LED; 27/05/2020; FUNDO MUNICIPAL DE SAUDE; Ativo;R$ 525,76; Compra Normal
 PREFEITURA MUNICIPAL DE BALNEÁRIO GAIVOTA; Móveis; MICROCOMPUTADOR;7745; COMPUTADOR/CPU I3 3,6GHZ MEM 8GB SSD240GB PLACA ME H310 TECLADO MOUSE; 27/05/2020; FUNDO MUNICIPAL DE SAUDE; Ativo;R$ 1.666,68; Compra Normal
 PREFEITURA MUNICIPAL DE BALNEÁRIO GAIVOTA; Móveis; MICROCOMPUTADOR;7746; COMPUTADOR/CPU I3 3,6GHZ MEM 8GB SSD240GB PLACA ME H310 TECLADO MOUSE; 27/05/2020; FUNDO MUNICIPAL DE SAUDE; Ativo;R$ 1.666,68; Compra Normal
 PREFEITURA MUNICIPAL DE BALNEÁRIO GAIVOTA; Móveis; MICROCOMPUTADOR;7747; COMPUTADOR/CPU I3 3,6GHZ MEM 8GB SSD240GB PLACA ME H310 TECLADO MOUSE; 27/05/2020; FUNDO MUNICIPAL DE SAUDE; Ativo;R$ 1.666,68; Compra Normal
 PREFEITURA MUNICIPAL DE BALNEÁRIO GAIVOTA; Móveis; MICROCOMPUTADOR;7748; COMPUTADOR/CPU I3 3,6GHZ MEM 8GB SSD240GB PLACA ME H310 TECLADO MOUSE; 27/05/2020; FUNDO MUNICIPAL DE SAUDE; Ativo;R$ 1.666,68; Compra Normal
 PREFEITURA MUNICIPAL DE BALNEÁRIO GAIVOTA; Móveis; MICROCOMPUTADOR;7749; COMPUTADOR/CPU I3 3,6GHZ MEM 8GB SSD240GB PLACA ME H310 TECLADO MOUSE; 27/05/2020; FUNDO MUNICIPAL DE SAUDE; Ativo;R$ 1.666,68; Compra Normal
 PREFEITURA MUNICIPAL DE BALNEÁRIO GAIVOTA; Móveis; EQUIPAMENTOS MÉDICOS;7723; DETECTOR FETAL PORTATIL COM DISPLAY DF-7001D; 21/05/2020; FUNDO MUNICIPAL DE SAUDE; Baixado;R$ 773,59; Compra Normal
 PREFEITURA MUNICIPAL DE BALNEÁRIO GAIVOTA; Móveis; EQUIPAMENTOS MÉDICOS;7724; DETECTOR FETAL PORTATIL COM DISPLAY DF-7001D; 21/05/2020; FUNDO MUNICIPAL DE SAUDE; Ativo;R$ 656,23; Compra Normal
 PREFEITURA MUNICIPAL DE BALNEÁRIO GAIVOTA; Móveis; EQUIPAMENTOS MÉDICOS;7725; DETECTOR FETAL DE MESA COM DISPLAY DF-7000D; 21/05/2020; FUNDO MUNICIPAL DE SAUDE; Ativo;R$ 837,69; Compra Normal
 PREFEITURA MUNICIPAL DE BALNEÁRIO GAIVOTA; Móveis; EQUIPAMENTOS MÉDICOS;7726; DETECTOR FETAL DE MESA COM DISPLAY DF-7000D; 21/05/2020; FUNDO MUNICIPAL DE SAUDE; Ativo;R$ 837,69; Compra Normal
 PREFEITURA MUNICIPAL DE BALNEÁRIO GAIVOTA; Móveis; EQUIPAMENTOS MÉDICOS;7727; DETECTOR FETAL DE MESA COM DISPLAY DF-7000D; 21/05/2020; FUNDO MUNICIPAL DE SAUDE; Ativo;R$ 837,69; Compra Normal
 PREFEITURA MUNICIPAL DE BALNEÁRIO GAIVOTA; Móveis; EQUIPAMENTOS MÉDICOS;7728; DETECTOR FETAL DE MESA COM DISPLAY DF-7000D; 21/05/2020; FUNDO MUNICIPAL DE SAUDE; Baixado;R$ 987,54; Compra Normal
 PREFEITURA MUNICIPAL DE BALNEÁRIO GAIVOTA; Móveis; EQUIPAMENTOS MÉDICOS;7729; DETECTOR FETAL DE MESA COM DISPLAY DF-7000D; 21/05/2020; FUNDO MUNICIPAL DE SAUDE; Ativo;R$ 837,69; Compra Normal
 PREFEITURA MUNICIPAL DE BALNEÁRIO GAIVOTA; Móveis; IMPRESSORAS;7730; IMPRESSORA MULTIFUNCIONAL LASER MONO LEXMARK B2236DW; 19/05/2020; FUNDO MUNICIPAL DE SAUDE; Ativo;R$ 1.097,40; Compra Normal
 PREFEITURA MUNICIPAL DE BALNEÁRIO GAIVOTA; Móveis; IMPRESSORAS;7731; IMPRESSORA MULTIFUNCIONAL LASER MONO LEXMARK B2236DW; 19/05/2020; MANUTENÇÃO DA SECRETARIA DE ADMINISTRAÇÃ; Ativo;R$ 1.097,40; Compra Normal
 PREFEITURA MUNICIPAL DE BALNEÁRIO GAIVOTA; Móveis; IMPRESSORAS;7732; IMPRESSORA MULTIFUNCIONAL LASER MONO LEXMARK B2236DW; 19/05/2020; FUNDO MUNICIPAL DE SAUDE; Ativo;R$ 1.097,40; Compra Normal
 PREFEITURA MUNICIPAL DE BALNEÁRIO GAIVOTA; Móveis; IMPRESSORAS;7733; IMPRESSORA MULTIFUNCIONAL LASER MONO LEXMARK B2236DW; 19/05/2020; FUNDO MUNICIPAL DE SAUDE; Ativo;R$ 1.097,40; Compra Normal
 PREFEITURA MUNICIPAL DE BALNEÁRIO GAIVOTA; Móveis; IMPRESSORAS;7734; IMPRESSORA MULTIFUNCIONAL LASER MONO LEXMARK B2236DW; 19/05/2020; FUNDO MUNICIPAL DE SAUDE; Ativo;R$ 1.097,40; Compra Normal
 PREFEITURA MUNICIPAL DE BALNEÁRIO GAIVOTA; Móveis; IMPRESSORAS;7735; IMPRESSORA MULTIFUNCIONAL LASER MONO LEXMARK B2236DW; 19/05/2020; DIRETORIA DE AGRICULTURA; Ativo;R$ 1.097,40; Compra Normal
 PREFEITURA MUNICIPAL DE BALNEÁRIO GAIVOTA; Móveis; IMPRESSORAS;7736; IMPRESSORA MULTIFUNCIONAL LASER MONO LEXMARK B2236DW; 19/05/2020; FUNDO MUNICIPAL DE SAUDE; Ativo;R$ 1.097,40; Compra Normal
 PREFEITURA MUNICIPAL DE BALNEÁRIO GAIVOTA; Móveis; IMPRESSORAS;7737; IMPRESSORA MULTIFUNCIONAL LASER MONO LEXMARK B2236DW; 19/05/2020; FUNDO MUNICIPAL DE SAUDE; Ativo;R$ 1.097,40; Compra Normal
 PREFEITURA MUNICIPAL DE BALNEÁRIO GAIVOTA; Móveis; IMPRESSORAS;7738; IMPRESSORA MULTIFUNCIONAL LASER MONO LEXMARK B2236DW; 19/05/2020; FUNDO MUNICIPAL DE SAUDE; Ativo;R$ 1.097,40; Compra Normal
 PREFEITURA MUNICIPAL DE BALNEÁRIO GAIVOTA; Móveis; IMPRESSORAS;7739; IMPRESSORA MULTIFUNCIONAL LASER MONO LEXMARK B2236DW; 19/05/2020; FUNDO MUNICIPAL DE SAUDE; Ativo;R$ 1.097,40; Compra Normal
 CAMARA MUNICIPAL DE BALNEARIO GAIVOTA; MOVEIS; Cod.: 351 - Amplificador de som;289; MODULO DE SOM MACHIBE WVOX A-200; 11/05/2020; CAMARA MUNICIPAL DE VEREADORES; Em uso;R$ 1.056,97; Compra
 CAMARA MUNICIPAL DE BALNEARIO GAIVOTA; MOVEIS; Cod.: 362 - Microfone;288; MICROFONE YOGA GM-6; 11/05/2020; CAMARA MUNICIPAL DE VEREADORES; Em desuso;R$ 336,00; Compra
 CAMARA MUNICIPAL DE BALNEARIO GAIVOTA; MOVEIS; Cod.: 362 - Microfone;287; MICROFONE YOGA GM-6; 11/05/2020; CAMARA MUNICIPAL DE VEREADORES; Em uso;R$ 336,00; Compra
 PREFEITURA MUNICIPAL DE BALNEÁRIO GAIVOTA; Móveis; Arquivo de Aço;7765; ARQUIVO DE ACO RAO 4/61 4 GAVETAS; 08/05/2020; FUNDO MUNICIPAL DE SAUDE; Ativo;R$ 411,51; Compra Normal
 PREFEITURA MUNICIPAL DE BALNEÁRIO GAIVOTA; Móveis; MONITORES;7711; MONITOR LG 19,5 20M35TD-B (VGA/DVI LHD 1600X900); 07/05/2020; MANUTENÇÃO DA SECRETARIA DE ADMINISTRAÇÃ; Ativo;R$ 347,69; Compra Normal
 PREFEITURA MUNICIPAL DE BALNEÁRIO GAIVOTA; Móveis; MONITORES;7712; MONITOR LG 19,5 20M35TD-B (VGA/DVI LHD 1600X900); 07/05/2020; MANUTENÇÃO DA SECRETARIA DE ADMINISTRAÇÃ; Ativo;R$ 410,52; Compra Normal
 PREFEITURA MUNICIPAL DE BALNEÁRIO GAIVOTA; Móveis; Longarina Secretária;7714; LONGARINA 3 LUGARES TECIDO AZUL; 04/05/2020; MANUTENÇÃO DA SECRETARIA DE ARRECADAÇÃO; Ativo;R$ 268,72; Compra Normal
 PREFEITURA MUNICIPAL DE BALNEÁRIO GAIVOTA; Móveis; Longarina Secretária;7715; LONGARINA 3 LUGARES TECIDO AZUL; 04/05/2020; MANUTENÇÃO DA SECRETARIA DE ARRECADAÇÃO; Ativo;R$ 268,72; Compra Normal
 PREFEITURA MUNICIPAL DE BALNEÁRIO GAIVOTA; Móveis; Longarina Secretária;7716; LONGARINA 3 LUGARES TECIDO AZUL; 04/05/2020; MANUTENÇÃO DA SECRETARIA DE ARRECADAÇÃO; Ativo;R$ 268,72; Compra Normal
 PREFEITURA MUNICIPAL DE BALNEÁRIO GAIVOTA; Móveis; Armário;7717; ARMARIO ALTO 2 PORTA FECHADO CINZA; 04/05/2020; MANUTENÇÃO DA SECRETARIA DE ARRECADAÇÃO; Ativo;R$ 350,07; Compra Normal
 PREFEITURA MUNICIPAL DE BALNEÁRIO GAIVOTA; Móveis; Armário;7718; ARMARIO ALTO 2 PORTA FECHADO CINZA; 04/05/2020; MANUTENÇÃO DA SECRETARIA DE ADMINISTRAÇÃ; Ativo;R$ 350,07; Compra Normal
 PREFEITURA MUNICIPAL DE BALNEÁRIO GAIVOTA; Móveis; Arquivo de Aço;7720; ARQUIVO DE ACO RAO 4/61 4 GAVETAS; 04/05/2020; DIRETORIA DE MEIO AMBIENTE; Ativo;R$ 410,45; Compra Normal
 PREFEITURA MUNICIPAL DE BALNEÁRIO GAIVOTA; Móveis; CADEIRA;7719; CADEIRA GIRATORIA PRESIDENTE TECIDO; 04/05/2020; MANUTENÇÃO DA SECRETARIA DE ARRECADAÇÃO; Ativo;R$ 297,82; Compra Normal
 PREFEITURA MUNICIPAL DE BALNEÁRIO GAIVOTA; Móveis; Armário;7721; ARMARIO ALTO 2 PORTA FECHADO CINZA; 04/05/2020; MANUTENÇÃO DA SECRETARIA DE ADMINISTRAÇÃ; Ativo;R$ 350,07; Compra Normal
 PREFEITURA MUNICIPAL DE BALNEÁRIO GAIVOTA; Móveis; Armário;7722; ARMARIO ALTO 2 PORTA FECHADO CINZA; 04/05/2020; BENS INSERVÍVEIS; Ativo;R$ 350,07; Compra Normal
 PREFEITURA MUNICIPAL DE BALNEÁRIO GAIVOTA; Móveis; Longarina Secretária;7713; LONGARINA 3 LUGARES TECIDO AZUL; 04/05/2020; MANUTENÇÃO DA SECRETARIA DE ARRECADAÇÃO; Ativo;R$ 268,72; Compra Normal
 PREFEITURA MUNICIPAL DE BALNEÁRIO GAIVOTA; Móveis; IMPRESSORAS;7708; IMPRESSORA MULTIFUNCIONAL BROTHER LASER MONO DCP-1617NW; 16/04/2020; FUNDO MUNICIPAL DE SAUDE; Ativo;R$ 862,87; Compra Normal
 PREFEITURA MUNICIPAL DE BALNEÁRIO GAIVOTA; Móveis; EQUIPAMENTOS MÉDICOS;7710;" CADEIRA ODONTOLOGICA COMPLETA - LOTE 104-2020; VAL. INDETERMINADA"; 13/04/2020; FUNDO MUNICIPAL DE SAUDE; Ativo;R$ 7.728,00; Compra Normal
 PREFEITURA MUNICIPAL DE BALNEÁRIO GAIVOTA; Móveis; TELEFONE;7700; CELULAR REDMI 6 XIAOMI; 27/03/2020; MANUTENÇÃO DO CONSELHO TUTELAR; Ativo;R$ 617,63; Compra Normal
 PREFEITURA MUNICIPAL DE BALNEÁRIO GAIVOTA; Móveis; TELEFONE;7703; TELEFONE K-10; 26/03/2020; FUNDO MUNICIPAL DE SAUDE; Baixado;R$ 336,22; Compra Normal
 PREFEITURA MUNICIPAL DE BALNEÁRIO GAIVOTA; Móveis; IMPRESSORAS;7701; IMPRESSORA MULTIFUNCIONAL BROTHER LASER MONO-DCP-1617NW; 18/03/2020; MANUTENÇÃO DO CONSELHO TUTELAR; Ativo;R$ 846,17; Compra Normal
 PREFEITURA MUNICIPAL DE BALNEÁRIO GAIVOTA; Móveis; ROÇADEIRA;7683; ROÇADEIRA  FS 220 - STIHL; 16/03/2020; MANUTENÇÃO DA SECRETARIA DE OBRAS E SERV; Baixado;R$ 1.754,27; Compra Normal
 CAMARA MUNICIPAL DE BALNEARIO GAIVOTA; MOVEIS; Cod.: 179 - Porta giratória;286; PORTA DE VIDRO ICOLOR 10MM MEDINDO 2,00 X 2,50 COM MOLA E FERRAGEM; 16/03/2020; CAMARA MUNICIPAL DE VEREADORES; Em uso;R$ 2.494,80; Compra
 CAMARA MUNICIPAL DE BALNEARIO GAIVOTA; MOVEIS; Cod.: 179 - Porta giratória;285; PORTA DE VIDRO ICOLOR 10MM MEDINDO 2,00 X 2,50 COM MOLA E FERRAGEM; 16/03/2020; CAMARA MUNICIPAL DE VEREADORES; Em uso;R$ 2.494,80; Compra
 CAMARA MUNICIPAL DE BALNEARIO GAIVOTA; MOVEIS; Cod.: 391 - Impressora;284; IMPRESSORA MULTIFUNCIONAL EPSON ECOTEK L3150; 12/03/2020; CAMARA MUNICIPAL DE VEREADORES; Em uso;R$ 903,84; Compra
 PREFEITURA MUNICIPAL DE BALNEÁRIO GAIVOTA; Móveis; ROÇADEIRA;7682; ROÇADEIRA  FS 220 - STIHL; 10/03/2020; MANUTENÇÃO DA SECRETARIA DE OBRAS E SERV; Baixado;R$ 1.747,22; Compra Normal
 PREFEITURA MUNICIPAL DE BALNEÁRIO GAIVOTA; Móveis; Balcão;7666; BALCAO 3,05X0,60X1,10 ALTURA COR BRANCA EM MDF; 28/02/2020; MANUTENÇÃO DA SECRETARIA DE ARRECADAÇÃO; Ativo;R$ 635,43; Compra Normal
 PREFEITURA MUNICIPAL DE BALNEÁRIO GAIVOTA; Móveis; MICROCOMPUTADOR;7672; COMPUTADOR/GABINETE CPU PENTIUM/PLACA MAE 1151/HD500GB/DDR4 4GB; 26/02/2020; MANUTENÇÃO DA SECRETARIA DE EDUCAÇÃO; Ativo;R$ 994,44; Compra Normal
 PREFEITURA MUNICIPAL DE BALNEÁRIO GAIVOTA; Móveis; Ar Condicionado;7656; AR CONDICIONADO 9000 BTUS - TCL AGRATTO; 26/02/2020; MANUTENÇÃO DA SECRETARIA DE ARRECADAÇÃO; Ativo;R$ 894,63; Compra Normal
 PREFEITURA MUNICIPAL DE BALNEÁRIO GAIVOTA; Móveis; FOGÃO A GÁS;7677; MUELLER FOGAO 4B MODERATTO G6 BRA; 18/02/2020; FUNDO MUNICIPAL DE SAUDE; Ativo;R$ 293,44; Compra Normal
 PREFEITURA MUNICIPAL DE BALNEÁRIO GAIVOTA; Móveis; IMPRESSORAS;7667; IMPRESSORA MULTIFUNCIONAL HP LASERJET PRO M428DW; 18/02/2020; MANUTENÇÃO DA SECRETARIA DE EDUCAÇÃO; Ativo;R$ 1.885,39; Compra Normal
 PREFEITURA MUNICIPAL DE BALNEÁRIO GAIVOTA; Móveis; Forno de Microondas;7673; ELETROLUX FORNO MICRO-ONDAS 34L MEO44 BRA; 18/02/2020; MANUTENÇÃO DA SECRETARIA DE EDUCAÇÃO; Ativo;R$ 367,15; Compra Normal
 PREFEITURA MUNICIPAL DE BALNEÁRIO GAIVOTA; Móveis; MONITORES;7675; MONITOR LG 19,5 20M35TD-B (VGA/DVI L HD 1600X900); 12/02/2020; FUNDO MUNICIPAL DE SAUDE; Ativo;R$ 309,70; Compra Normal
 PREFEITURA MUNICIPAL DE BALNEÁRIO GAIVOTA; Móveis; MONITORES;7680; MONITOR LG 19,5 20M35TD-B (VGA/DVI HD 1600X900); 12/02/2020; MANUTENÇÃO DA SECRETARIA DE EDUCAÇÃO; Ativo;R$ 309,70; Compra Normal
 PREFEITURA MUNICIPAL DE BALNEÁRIO GAIVOTA; Móveis; Ar Condicionado;7679; AR CONDICIONADO 18.000BTUS - AGRATTO; 11/02/2020; FUNDO MUNICIPAL DE SAUDE; Ativo;R$ 1.403,29; Compra Normal
 PREFEITURA MUNICIPAL DE BALNEÁRIO GAIVOTA; Móveis; Ar Condicionado;7665; AR CONDICIONADO 9000 BTUS - TCL - AGRATTO; 11/02/2020; FUNDO MUNICIPAL DE SAUDE; Ativo;R$ 884,90; Compra Normal
 PREFEITURA MUNICIPAL DE BALNEÁRIO GAIVOTA; Móveis; Ar Condicionado;7664; AR CONDICIONADO 9000 BTUS - TCL - AGRATTO; 11/02/2020; FUNDO MUNICIPAL DE SAUDE; Ativo;R$ 884,90; Compra Normal
 PREFEITURA MUNICIPAL DE BALNEÁRIO GAIVOTA; Móveis; Ar Condicionado;7654; AR CONDICIONADO 9000 BTUS - TCL AGRATTO; 11/02/2020; SECRETÁRIO DA CULTURA; Ativo;R$ 884,90; Compra Normal
 PREFEITURA MUNICIPAL DE BALNEÁRIO GAIVOTA; Móveis; Ar Condicionado;7655; AR CONDICIONADO SPLIT 24000 BTUS - GREE; 11/02/2020; MANUTENÇÃO DA SECRETARIA DE ARRECADAÇÃO; Ativo;R$ 1.896,91; Compra Normal
 PREFEITURA MUNICIPAL DE BALNEÁRIO GAIVOTA; Móveis; Ar Condicionado;7658; AR CONDICIONADO 9000 BTUS - TCL AGRATTO; 11/02/2020; MANUTENÇÃO DA SECRETARIA DE ARRECADAÇÃO; Ativo;R$ 884,90; Compra Normal
 PREFEITURA MUNICIPAL DE BALNEÁRIO GAIVOTA; Móveis; Ar Condicionado;7659; AR CONDICIONADO 9000 BTUS - TCL AGRATTO; 11/02/2020; MANUTENÇÃO DA SECRETARIA DE ARRECADAÇÃO; Ativo;R$ 884,90; Compra Normal
 PREFEITURA MUNICIPAL DE BALNEÁRIO GAIVOTA; Móveis; Ar Condicionado;7660; AR CONDICIONADO 9000 BTUS - TCL AGRATTO; 11/02/2020; MANUTENÇÃO DA SECRETARIA DE ARRECADAÇÃO; Ativo;R$ 884,90; Compra Normal
 PREFEITURA MUNICIPAL DE BALNEÁRIO GAIVOTA; Móveis; Ar Condicionado;7661; AR CONDICIONADO 9000 BTUS - TCL AGRATTO; 11/02/2020; DIRETORIA DE INDÚSTRIA E COMÉRCIO; Ativo;R$ 884,90; Compra Normal
 PREFEITURA MUNICIPAL DE BALNEÁRIO GAIVOTA; Móveis; Ar Condicionado;7662; AR CONDICIONADO 9000 BTUS - TCL AGRATTO; 11/02/2020; DIRETORIA DE MEIO AMBIENTE; Ativo;R$ 884,90; Compra Normal
 PREFEITURA MUNICIPAL DE BALNEÁRIO GAIVOTA; Móveis; Ar Condicionado;7663; AR CONDICIONADO 9000 BTUS - TCL AGRATTO; 11/02/2020; MANUTENÇÃO DA SECRETARIA DE ARRECADAÇÃO; Ativo;R$ 884,90; Compra Normal
 PREFEITURA MUNICIPAL DE BALNEÁRIO GAIVOTA; Móveis; Ar Condicionado;7657; AR CONDICIONADO 9000 BTUS - TCL AGRATTO; 11/02/2020; MANUTENÇÃO DA SECRETARIA DE ARRECADAÇÃO; Ativo;R$ 884,90; Compra Normal
 CAMARA MUNICIPAL DE BALNEARIO GAIVOTA; MOVEIS; Cod.: 8 - ELTRO DOMÉSTICOS;269; LAVA JATO GARTHEN ALTA; 11/02/2020; CAMARA MUNICIPAL DE VEREADORES; Em uso;R$ 692,82; Compra
 CAMARA MUNICIPAL DE BALNEARIO GAIVOTA; MOVEIS; Cod.: 518 - Cadeira;270; POLTRONA PRESIDENTE GIRATORIA EM COURO PRETO; 07/02/2020; CAMARA MUNICIPAL DE VEREADORES; Em uso;R$ 768,34; Compra
 CAMARA MUNICIPAL DE BALNEARIO GAIVOTA; MOVEIS; Cod.: 518 - Cadeira;279; CADEIRA DE APROXIMAÇÃO PRETA, COM BASE CROMADA; 07/02/2020; CAMARA MUNICIPAL DE VEREADORES; Em uso;R$ 361,05; Compra
 CAMARA MUNICIPAL DE BALNEARIO GAIVOTA; MOVEIS; Cod.: 518 - Cadeira;274; CADEIRA DE APROXIMAÇÃO PRETA, COM BASE CROMADA; 07/02/2020; CAMARA MUNICIPAL DE VEREADORES; Em uso;R$ 361,05; Compra
 CAMARA MUNICIPAL DE BALNEARIO GAIVOTA; MOVEIS; Cod.: 518 - Cadeira;277; CADEIRA DE APROXIMAÇÃO PRETA, COM BASE CROMADA; 07/02/2020; CAMARA MUNICIPAL DE VEREADORES; Em uso;R$ 361,05; Compra
 CAMARA MUNICIPAL DE BALNEARIO GAIVOTA; MOVEIS; Cod.: 518 - Cadeira;272; CADEIRA DE APROXIMAÇÃO PRETA, COM BASE CROMADA; 07/02/2020; CAMARA MUNICIPAL DE VEREADORES; Em uso;R$ 361,05; Compra
 CAMARA MUNICIPAL DE BALNEARIO GAIVOTA; MOVEIS; Cod.: 518 - Cadeira;273; CADEIRA DE APROXIMAÇÃO PRETA, COM BASE CROMADA; 07/02/2020; CAMARA MUNICIPAL DE VEREADORES; Em uso;R$ 361,05; Compra
 CAMARA MUNICIPAL DE BALNEARIO GAIVOTA; MOVEIS; Cod.: 518 - Cadeira;275; CADEIRA DE APROXIMAÇÃO PRETA, COM BASE CROMADA; 07/02/2020; CAMARA MUNICIPAL DE VEREADORES; Em uso;R$ 361,05; Compra
 CAMARA MUNICIPAL DE BALNEARIO GAIVOTA; MOVEIS; Cod.: 518 - Cadeira;280; CADEIRA DE APROXIMAÇÃO PRETA, COM BASE CROMADA; 07/02/2020; CAMARA MUNICIPAL DE VEREADORES; Em uso;R$ 361,05; Compra
 CAMARA MUNICIPAL DE BALNEARIO GAIVOTA; MOVEIS; Cod.: 518 - Cadeira;271; POLTRONA PRESIDENTE GIRATORIA EM COURO PRETO; 07/02/2020; CAMARA MUNICIPAL DE VEREADORES; Em uso;R$ 768,34; Compra
 CAMARA MUNICIPAL DE BALNEARIO GAIVOTA; MOVEIS; Cod.: 518 - Cadeira;276; CADEIRA DE APROXIMAÇÃO PRETA, COM BASE CROMADA; 07/02/2020; CAMARA MUNICIPAL DE VEREADORES; Em uso;R$ 361,05; Compra
 CAMARA MUNICIPAL DE BALNEARIO GAIVOTA; MOVEIS; Cod.: 518 - Cadeira;278; CADEIRA DE APROXIMAÇÃO PRETA, COM BASE CROMADA; 07/02/2020; CAMARA MUNICIPAL DE VEREADORES; Em uso;R$ 361,05; Compra
 CAMARA MUNICIPAL DE BALNEARIO GAIVOTA; MOVEIS; Cod.: 518 - Cadeira;281; CADEIRA DE APROXIMAÇÃO PRETA, COM BASE CROMADA; 07/02/2020; CAMARA MUNICIPAL DE VEREADORES; Em uso;R$ 361,05; Compra
 CAMARA MUNICIPAL DE BALNEARIO GAIVOTA; MOVEIS; Cod.: 518 - Cadeira;283; CADEIRA DE APROXIMAÇÃO PRETA, COM BASE CROMADA; 07/02/2020; CAMARA MUNICIPAL DE VEREADORES; Em uso;R$ 361,05; Compra
 CAMARA MUNICIPAL DE BALNEARIO GAIVOTA; MOVEIS; Cod.: 518 - Cadeira;282; CADEIRA DE APROXIMAÇÃO PRETA, COM BASE CROMADA; 07/02/2020; CAMARA MUNICIPAL DE VEREADORES; Em uso;R$ 361,05; Compra
 PREFEITURA MUNICIPAL DE BALNEÁRIO GAIVOTA; Móveis; MICROCOMPUTADOR;7668; MICROCOMPUTADOR/GABINETE CPU CORE I5 8ºGERAÇÃO 16GB/SSD 240/FONTE 300W/TECLADO/MOUSE; 04/02/2020; MANUTENÇÃO DA SECRETARIA DE EDUCAÇÃO; Ativo;R$ 2.104,66; Compra Normal
 PREFEITURA MUNICIPAL DE BALNEÁRIO GAIVOTA; Móveis; MONITORES;7669; MONITOR 21.5; 04/02/2020; MANUTENÇÃO DA SECRETARIA DE EDUCAÇÃO; Ativo;R$ 406,10; Compra Normal
 PREFEITURA MUNICIPAL DE BALNEÁRIO GAIVOTA; Móveis; NO-BREAK;7670; NOBREAK 1300VA STYLOS ADFTRONIC; 04/02/2020; MANUTENÇÃO DA SECRETARIA DE EDUCAÇÃO; Ativo;R$ 349,37; Compra Normal
 PREFEITURA MUNICIPAL DE BALNEÁRIO GAIVOTA; Móveis; IMPRESSORAS;7631; MULTIFUNCIONAL HP LASERJET PRO M428DW; 23/01/2020; FUNDO MUNICIPAL DE SAUDE; Ativo;R$ 1.850,42; Compra Normal
 PREFEITURA MUNICIPAL DE BALNEÁRIO GAIVOTA; Móveis; ESTANTES;7642; ESTANTE DE ACO DESM 400MM 26-20 C-RF EP-6BR CC PANDIN; 17/01/2020; MANUTENÇÃO DA SECRETARIA DE EDUCAÇÃO; Ativo;R$ 227,81; Compra Normal
 PREFEITURA MUNICIPAL DE BALNEÁRIO GAIVOTA; Móveis; ESTANTES;7643; ESTANTE DE ACO DESM 400MM 26-20 C-RF EP-6BR CC PANDIN; 17/01/2020; MANUTENÇÃO DA SECRETARIA DE EDUCAÇÃO; Ativo;R$ 227,81; Compra Normal
 PREFEITURA MUNICIPAL DE BALNEÁRIO GAIVOTA; Móveis; ESTANTES;7644; ESTANTE DE ACO DESM 400MM 26-20 C-RF EP-6BR CC PANDIN; 17/01/2020; MANUTENÇÃO DA SECRETARIA DE EDUCAÇÃO; Ativo;R$ 227,81; Compra Normal
 PREFEITURA MUNICIPAL DE BALNEÁRIO GAIVOTA; Móveis; Forno de Microondas;7639; PANASONIC MICRO-ONDAS 21L HN-ST25JWRUK BRA; 14/01/2020; MANUTENÇÃO DO CONSELHO TUTELAR; Ativo;R$ 258,54; Compra Normal
 PREFEITURA MUNICIPAL DE BALNEÁRIO GAIVOTA; Móveis; MICROCOMPUTADOR;7625; COMPUTADOR/GABINETE CPU I3 8100/MEM 8GB DDR4/HD500GB/SSD 240GB/MOUSE/TECLADO; 10/01/2020; MANUTENÇÃO DA SECRETARIA DE ADMINISTRAÇÃ; Ativo;R$ 1.562,08; Compra Normal
 PREFEITURA MUNICIPAL DE BALNEÁRIO GAIVOTA; Móveis; MICROCOMPUTADOR;7626; MONITOR  ACER 21,5 LED FULL HD V226HQL/DVI/HDMI/VESA; 10/01/2020; MANUTENÇÃO DA SECRETARIA DE ADMINISTRAÇÃ; Ativo;R$ 488,65; Compra Normal
 PREFEITURA MUNICIPAL DE BALNEÁRIO GAIVOTA; Móveis; NO-BREAK;7624; NOBREAK 1300VA STYLOS ADFTRONIC; 02/01/2020; MANUTENÇÃO DA SECRETARIA DE ADMINISTRAÇÃ; Ativo;R$ 341,37; Compra Normal
 PREFEITURA MUNICIPAL DE BALNEÁRIO GAIVOTA; Móveis; VEICULOS LEVES;7622; AUTOMOVEL ONIX 1.0MT JOY BLACK CHASSI 9BGKD48U0LB165641 COR BRANCO ANO 2019 MODELO 2020 MOTOR L53025691 FLEX; 10/12/2019; MANUTENÇÃO DA SECRETARIA DE EDUCAÇÃO; Ativo;R$ 31.627,24; Compra Normal
 PREFEITURA MUNICIPAL DE BALNEÁRIO GAIVOTA; Móveis; ARQUIVO DE MADEIRA;7619; ARQUIVO 4 GAVETAS EM MDF; 29/11/2019; FUNDO MUNICIPAL DE SAUDE; Ativo;R$ 367,95; Compra Normal
 PREFEITURA MUNICIPAL DE BALNEÁRIO GAIVOTA; Móveis; MONITORES;7621; MONITOR LENOVO 19,5 LED E2002B; 26/11/2019; MANUTENÇÃO DA SECRETARIA DE ADMINISTRAÇÃ; Ativo;R$ 406,40; Compra Normal
 PREFEITURA MUNICIPAL DE BALNEÁRIO GAIVOTA; Móveis; IMPRESSORAS;7620; MULTIFUNCIONAL HP DESKJET ADVANTAGE 2135; 05/11/2019; BENS PARA LEILÃO; Baixado;R$ 245,52; Compra Normal
 PREFEITURA MUNICIPAL DE BALNEÁRIO GAIVOTA; Móveis; Balcão;7650; BALCAO PIA 1,20MTS C/ GAVETAS TAMPO DE FORMICA 1,20MT PARANA; 25/10/2019; FUNDO MUNICIPAL DE SAUDE; Ativo;R$ 239,79; Compra Normal
 PREFEITURA MUNICIPAL DE BALNEÁRIO GAIVOTA; Móveis; FORNO ELETRICO;7609; FORNO ELETRICO QUESTO BRNACO POLAR 44LTS S/TIMER; 25/10/2019; MANUTENÇÃO DA SECRETARIA DE EDUCAÇÃO; Ativo;R$ 262,48; Compra Normal
 PREFEITURA MUNICIPAL DE BALNEÁRIO GAIVOTA; Móveis; SWITCH;7638; HUB SWITCH 48 PORTAS TP-LINK TLSG1048 RANKMOUNT 10/100/1000; 08/10/2019; MANUTENÇÃO DA SECRETARIA DE ADMINISTRAÇÃ; Ativo;R$ 961,75; Compra Normal
 PREFEITURA MUNICIPAL DE BALNEÁRIO GAIVOTA; Móveis; RACK P/ EQUIPAMENTOS DE TELECOMUNICACAO;7637; RACK SERVIDOR FECHADO DE PAREDE PRETO 12U 19 570MM; 08/10/2019; MANUTENÇÃO DA SECRETARIA DE ADMINISTRAÇÃ; Ativo;R$ 353,86; Compra Normal
 PREFEITURA MUNICIPAL DE BALNEÁRIO GAIVOTA; Móveis; IMPRESSORAS;7632; MULTIFUNCIONAL LASER MONO BROTHER MFCL2700DW 26PPM/CM10.000; 08/10/2019; MANUTENÇÃO DA SECRETARIA DE ADMINISTRAÇÃ; Ativo;R$ 1.202,38; Compra Normal
 PREFEITURA MUNICIPAL DE BALNEÁRIO GAIVOTA; Móveis; MONITORES;7640; MONITOR LENOVO 19,5 LED E2002B; 08/10/2019; APOIO A CRIANÇA E AO ADOLECESTE EM SITUA; Ativo;R$ 391,71; Compra Normal
 PREFEITURA MUNICIPAL DE BALNEÁRIO GAIVOTA; Móveis; MICROCOMPUTADOR;7633; COMPUTADOR/GABINETE CPU I3 8100/PLACA MAE/ MEM 8GB DDR4/HD500GB; 08/10/2019; MANUTENÇÃO DA SECRETARIA DE ADMINISTRAÇÃ; Ativo;R$ 1.280,34; Compra Normal
 PREFEITURA MUNICIPAL DE BALNEÁRIO GAIVOTA; Móveis; MONITORES;7634; MONITOR LENOVO 19,5 LED E2002B; 08/10/2019; MANUTENÇÃO DA SECRETARIA DE ADMINISTRAÇÃ; Ativo;R$ 391,71; Compra Normal
 PREFEITURA MUNICIPAL DE BALNEÁRIO GAIVOTA; Móveis; MONITORES;7636; MONITOR LENOVO 19,5 LED E2002B; 08/10/2019; MANUTENÇÃO DA SECRETARIA DE ARRECADAÇÃO; Ativo;R$ 391,71; Compra Normal
 PREFEITURA MUNICIPAL DE BALNEÁRIO GAIVOTA; Móveis; CADEIRA;7635; CADEIRA PRESIDENTE BEST C303; 07/10/2019; MANUTENÇÃO DA SECRETARIA DE ADMINISTRAÇÃ; Ativo;R$ 212,16; Compra Normal
 PREFEITURA MUNICIPAL DE BALNEÁRIO GAIVOTA; Móveis; MOBILIÁRIO EM GERAL; -; APARELHOS DE GINASTICAS PARA ACADEMIA AO AR LIVRE. MULTIEXERCITADOR / SIMULADOR DE CAMINHADA / ALONGADOR / JOGO DE BARRAS / BARRA FIXA / PRANCHA ABDOMINAL / REMO / ESQUI / ELIPTICO / ROTACAO DIAGONAL / LIXEIRA; 02/10/2019; FUNDO MUNICIPAL DE SAUDE; Ativo;R$ 12.785,58; Compra Normal
 PREFEITURA MUNICIPAL DE BALNEÁRIO GAIVOTA; Móveis; CONTAINER;7689; CONTAINER DRY 20PES - COM MODIFICACOES; 02/10/2019; MANUTENÇÃO DA SECRETARIA DE ADMINISTRAÇÃ; Ativo;R$ 19.086,42; Compra Normal
 PREFEITURA MUNICIPAL DE BALNEÁRIO GAIVOTA; Móveis; MONITORES;7649; MONITOR 19,5 POLEGADAS LG 20M35TD-B; 25/09/2019; FUNDO MUNICIPAL DE SAUDE; Ativo;R$ 292,26; Compra Normal
 PREFEITURA MUNICIPAL DE BALNEÁRIO GAIVOTA; Móveis; MONITORES;7687; MONITOR 19,5 POLEGADAS LG 20M35TD-B; 25/09/2019; BENS PARA LEILÃO; Ativo;R$ 292,26; Compra Normal
 PREFEITURA MUNICIPAL DE BALNEÁRIO GAIVOTA; Móveis; MOBILIÁRIO EM GERAL;7652; TAMPO EM GRANITO CINZA PARA BANHEIRO; 24/09/2019; FUNDO MUNICIPAL DE SAUDE; Ativo;R$ 229,14; Compra Normal
 PREFEITURA MUNICIPAL DE BALNEÁRIO GAIVOTA; Móveis; Ar Condicionado;7647; AR CONDICIONADO 9000BTUS FF ECO AGRATTO; 20/09/2019; FUNDO MUNICIPAL DE SAUDE; Ativo;R$ 755,05; Compra Normal
 PREFEITURA MUNICIPAL DE BALNEÁRIO GAIVOTA; Móveis; LAVA JATO;7676; LAVA JATO/LAVADORA PRESSÃO KARCHER * K (TURBO)  220V LJ; 11/09/2019; FUNDO MUNICIPAL DE SAUDE; Ativo;R$ 333,80; Compra Normal
 PREFEITURA MUNICIPAL DE BALNEÁRIO GAIVOTA; Móveis; Balanças; -; BALANÇA DE PESO COMPOSTA DPF 300 LJ; 11/09/2019; MANUTENÇÃO DA SECRETARIA DE EDUCAÇÃO; Baixado;R$ 629,07; Compra Normal
 PREFEITURA MUNICIPAL DE BALNEÁRIO GAIVOTA; Móveis; RETROESCAVADEIRA;7684; RETROESCAVADEIRA MARCA RANDON MODELO RD 406 - CHASSI RDV406ATCK0007538 COR AMARELA MOTOR E1S205635 ANO 2019 TRAÇÃO 4X4; 11/09/2019; MANUTENÇÃO DA SECRETARIA DE OBRAS E SERV; Ativo;R$ 135.450,00; Convênio
 CAMARA MUNICIPAL DE BALNEARIO GAIVOTA; MOVEIS; Cod.: 2 - ELETRONICOS;268; MESA DE SOM DIGITAL COM 12 CANAIS SOUNDCRAFTH-16; 21/08/2019; CAMARA MUNICIPAL DE VEREADORES; Em uso;R$ 3.845,69; Compra
 PREFEITURA MUNICIPAL DE BALNEÁRIO GAIVOTA; Móveis; GPS;7593; NAVEGADOR GPS GARMIN E TREX 10; 12/08/2019; DIRETORIA DE MEIO AMBIENTE; Ativo;R$ 337,69; Compra Normal
 PREFEITURA MUNICIPAL DE BALNEÁRIO GAIVOTA; Móveis; CANOA;7690; CANOA EM MADEIRA REVESTIDA EM FIBRA 8.80X1.70; 31/07/2019; PROMOÇÃO DO ESPORTE AMADOR; Ativo;R$ 5.978,00; Compra Normal
 PREFEITURA MUNICIPAL DE BALNEÁRIO GAIVOTA; Móveis; LAVA ROUPA;7610; MAQUINA DE LAVA ROUPA CONSUL 11KG CWH11AB; 29/07/2019; MANUTENÇÃO DA SECRETARIA DE EDUCAÇÃO; Ativo;R$ 771,64; Compra Normal
 PREFEITURA MUNICIPAL DE BALNEÁRIO GAIVOTA; Móveis; NO-BREAK;7651; NOBREAK STYLUS 1300 HOME C/1 BATERIA 7 AH 220V/115V COM SAIDA PARA BATERIA EXTERNA; 29/07/2019; FUNDO MUNICIPAL DE SAUDE; Ativo;R$ 346,13; Compra Normal
 PREFEITURA MUNICIPAL DE BALNEÁRIO GAIVOTA; Móveis; MICROCOMPUTADOR;7596; MONITOR 19,5 LG LCD LED 20M35TD-B; 23/07/2019; MANUTENÇÃO DA SECRETARIA DE ADMINISTRAÇÃ; Ativo;R$ 277,86; Compra Normal
 PREFEITURA MUNICIPAL DE BALNEÁRIO GAIVOTA; Móveis; MICROCOMPUTADOR;7605; MONITOR 18,5 AOC LCD LED E970SWNL WIDESCREEN; 19/07/2019; MANUTENÇÃO DO CONSELHO TUTELAR; Ativo;R$ 252,82; Compra Normal
 PREFEITURA MUNICIPAL DE BALNEÁRIO GAIVOTA; Móveis; Arquivo de Aço;7597; ARQUIVO DE AÇO 04 GAVETAS OF-CORRED OF04LCM-CC PANDIN; 19/07/2019; MANUTENÇÃO DA SECRETARIA DE ADMINISTRAÇÃ; Ativo;R$ 349,42; Compra Normal
 PREFEITURA MUNICIPAL DE BALNEÁRIO GAIVOTA; Móveis; Arquivo de Aço;7598; ARQUIVO DE AÇO 04 GAVETAS OF-CORRED OF04LCM-CC PANDIN; 19/07/2019; MANUTENÇÃO DA SECRETARIA DE ADMINISTRAÇÃ; Ativo;R$ 349,42; Compra Normal
 PREFEITURA MUNICIPAL DE BALNEÁRIO GAIVOTA; Móveis; Arquivo de Aço;7601; ARQUIVO DE AÇO 04 GAVETAS OF-CORRED OF04LCM-CC PANDIN; 19/07/2019; BENS INSERVÍVEIS; Ativo;R$ 349,42; Compra Normal
 PREFEITURA MUNICIPAL DE BALNEÁRIO GAIVOTA; Móveis; MICROCOMPUTADOR;7604; COMPUTADOR/GABINETE CPU I3 8100 3,6GHZ 6MB 8 GERAÇÃO/PLACA MAE H3310 1151/HD 500GB SATA/MEMORIA 4GB DDR4/GRAV DE DVD/TECLADO/MOUSE/ESTABILIZADOR/CX SOM; 19/07/2019; MANUTENÇÃO DO CONSELHO TUTELAR; Ativo;R$ 1.134,97; Compra Normal
 PREFEITURA MUNICIPAL DE BALNEÁRIO GAIVOTA; Móveis; NO-BREAK;7607; NO BREAK STYLUS 1300 HOME C/ 01 BATERIA 7 A/H 220V/115V; 15/07/2019; MANUTENÇÃO DA SECRETARIA DE EDUCAÇÃO; Ativo;R$ 342,28; Compra Normal
 PREFEITURA MUNICIPAL DE BALNEÁRIO GAIVOTA; Móveis; NO-BREAK;7606; NO BREAK STYLUS 1300 HOME C/ 01 BATERIA 7 A/H 220V/115V; 15/07/2019; MANUTENÇÃO DA SECRETARIA DE EDUCAÇÃO; Ativo;R$ 342,28; Compra Normal
 PREFEITURA MUNICIPAL DE BALNEÁRIO GAIVOTA; Móveis; Forno de Microondas;7653; FORNO MICRO-ONDAS PANASONIC 21L NN-ST27JW; 13/07/2019; MANUTENÇÃO DA SECRETARIA DE EDUCAÇÃO; Ativo;R$ 205,48; Compra Normal
 PREFEITURA MUNICIPAL DE BALNEÁRIO GAIVOTA; Móveis; CONTAINER;7688; CACAMBA CONTAINER MARITIMO ADAPTADO PARA IMPLEMENTO ROLL ON/OFF COMP. 6,07M X LARG. 2,39M X HALT. 2,39M VOLUME 34,24M³ CAPACIDADE DE 20 TONELADAS; 08/07/2019; MANUTENÇÃO DA SECRETARIA DE OBRAS E SERV; Ativo;R$ 10.471,77; Compra Normal
 PREFEITURA MUNICIPAL DE BALNEÁRIO GAIVOTA; Móveis; MONITORES;7648; MONITOR AOC 18,5 COM CONEXÃO VGA, LED; 04/07/2019; FUNDO MUNICIPAL DE SAUDE; Ativo;R$ 268,40; Compra Normal
 PREFEITURA MUNICIPAL DE BALNEÁRIO GAIVOTA; Móveis; APARELHO DE COMUNICAÇÃO;7895; CELULAR MOTOROLA MOTO E5 PLAY PRETO; 24/06/2019; MANUTENÇÃO DA SECRETARIA DE ADMINISTRAÇÃ; Ativo;R$ 413,32; Compra Normal
 PREFEITURA MUNICIPAL DE BALNEÁRIO GAIVOTA; Móveis; LAVA ROUPA;8091; LAVA ROUPA/MAQUINA DE LAVAR ROUPA 11KG CWH11AB BRANCA; 24/06/2019; MANUTENÇÃO DA SECRETARIA DE EDUCAÇÃO; Ativo;R$ 819,82; Compra Normal
 PREFEITURA MUNICIPAL DE BALNEÁRIO GAIVOTA; Móveis; LAVA ROUPA;8101; LAVA ROUPA/MAQUINA DE LAVAR ROUPA 11KG CWH11AB BRANCA; 24/06/2019; MANUTENÇÃO DA SECRETARIA DE EDUCAÇÃO; Ativo;R$ 819,82; Compra Normal
 PREFEITURA MUNICIPAL DE BALNEÁRIO GAIVOTA; Móveis; ÔNIBUS;8202; ONIBUS MERCEDES BENZ  MODELO M. BENZ / MPOLO TORINO GVU, ANO 2007/2007, COR BRANCA, PLACA IOB2994, CHASSI 9BM3840787B541702, RENAVAM 931608473; 24/06/2019; MANUTENÇÃO DA SECRETARIA DE EDUCAÇÃO; Ativo;R$ 32.532,50; Compra Normal
 PREFEITURA MUNICIPAL DE BALNEÁRIO GAIVOTA; Móveis; ÔNIBUS;8203; ONIBUS MERCEDES BENZ  MODELO M. BENZ / MPOLO TORINO GVU, ANO 2007/2007, COR BRANCA, PLACA INY8869, CHASSI 9BM3840787B534737, RENAVAM 00926642235; 24/06/2019; MANUTENÇÃO DA SECRETARIA DE EDUCAÇÃO; Ativo;R$ 32.532,50; Compra Normal
 PREFEITURA MUNICIPAL DE BALNEÁRIO GAIVOTA; Móveis; Balcão;7412; ARMARIO/BALCÃO BAIXO COM 2 PORTAS MARCENARIA DUMAR; 21/06/2019; MANUTENÇÃO DA SECRETARIA DE EDUCAÇÃO; Ativo;R$ 762,28; Compra Normal
 PREFEITURA MUNICIPAL DE BALNEÁRIO GAIVOTA; Móveis; Balcão;8076; ARMARIO/BALCÃO BAIXO COM 2 PORTAS MARCENARIA DUMAR; 21/06/2019; MANUTENÇÃO DA SECRETARIA DE EDUCAÇÃO; Ativo;R$ 762,28; Compra Normal
 PREFEITURA MUNICIPAL DE BALNEÁRIO GAIVOTA; Móveis; Balcão;7889; ARMARIO/BALCÃO BAIXO COM 2 PORTAS MARCENARIA DUMAR; 21/06/2019; MANUTENÇÃO DA SECRETARIA DE EDUCAÇÃO; Ativo;R$ 762,28; Compra Normal
 PREFEITURA MUNICIPAL DE BALNEÁRIO GAIVOTA; Móveis; Balcão;7906; ARMARIO/BALCÃO BAIXO COM 2 PORTAS MARCENARIA DUMAR; 21/06/2019; MANUTENÇÃO DA SECRETARIA DE EDUCAÇÃO; Ativo;R$ 762,28; Compra Normal
 PREFEITURA MUNICIPAL DE BALNEÁRIO GAIVOTA; Móveis; Balcão;8030; ARMARIO/BALCÃO BAIXO COM 2 PORTAS MARCENARIA DUMAR; 21/06/2019; MANUTENÇÃO DA SECRETARIA DE EDUCAÇÃO; Ativo;R$ 762,28; Compra Normal
 PREFEITURA MUNICIPAL DE BALNEÁRIO GAIVOTA; Móveis; Balcão;7437; ARMARIO/BALCÃO BAIXO COM 2 PORTAS MARCENARIA DUMAR; 21/06/2019; MANUTENÇÃO DA SECRETARIA DE EDUCAÇÃO; Ativo;R$ 762,28; Compra Normal
 PREFEITURA MUNICIPAL DE BALNEÁRIO GAIVOTA; Móveis; Balcão;7438; ARMARIO/BALCÃO BAIXO COM 2 PORTAS MARCENARIA DUMAR; 21/06/2019; MANUTENÇÃO DA SECRETARIA DE EDUCAÇÃO; Ativo;R$ 762,28; Compra Normal
 PREFEITURA MUNICIPAL DE BALNEÁRIO GAIVOTA; Móveis; Balcão;7914; ARMARIO/BALCÃO BAIXO COM 2 PORTAS MARCENARIA DUMAR; 21/06/2019; MANUTENÇÃO DA SECRETARIA DE EDUCAÇÃO; Ativo;R$ 762,28; Compra Normal
 PREFEITURA MUNICIPAL DE BALNEÁRIO GAIVOTA; Móveis; Arquivo de Aço;7901; ARMARIO EM AÇO 16 PORTAS MT 4V GRP504-16-DI-CC; 21/06/2019; MANUTENÇÃO DA SECRETARIA DE EDUCAÇÃO; Ativo;R$ 349,73; Compra Normal
 PREFEITURA MUNICIPAL DE BALNEÁRIO GAIVOTA; Móveis; Armário;7406; ARMARIO MONT 1980X900X400 AP402SL-CC; 21/06/2019; MANUTENÇÃO DA SECRETARIA DE EDUCAÇÃO; Ativo;R$ 351,64; Compra Normal
 PREFEITURA MUNICIPAL DE BALNEÁRIO GAIVOTA; Móveis; Armário;7407; ARMARIO MONT 1980X900X400 AP402SL-CC; 21/06/2019; MANUTENÇÃO DA SECRETARIA DE EDUCAÇÃO; Ativo;R$ 351,64; Compra Normal
 PREFEITURA MUNICIPAL DE BALNEÁRIO GAIVOTA; Móveis; Armário;7408; ARMARIO MONT 1980X900X400 AP402SL-CC; 21/06/2019; MANUTENÇÃO DA SECRETARIA DE EDUCAÇÃO; Ativo;R$ 351,64; Compra Normal
 PREFEITURA MUNICIPAL DE BALNEÁRIO GAIVOTA; Móveis; Armário;7409; ARMARIO MONT 1980X900X400 AP402SL-CC; 21/06/2019; MANUTENÇÃO DA SECRETARIA DE EDUCAÇÃO; Ativo;R$ 351,64; Compra Normal
 PREFEITURA MUNICIPAL DE BALNEÁRIO GAIVOTA; Móveis; Arquivo de Aço;7410; ARQUIVO DE AÇO 04 GAVETAS PANDIM 71CM; 21/06/2019; MANUTENÇÃO DA SECRETARIA DE EDUCAÇÃO; Ativo;R$ 335,12; Compra Normal
 PREFEITURA MUNICIPAL DE BALNEÁRIO GAIVOTA; Móveis; BALANÇO;1996; BALANÇO TRADICIONAL EM FERRO 4 LUGARES ESPOTES EXPRESS; 21/06/2019; MANUTENÇÃO DA SECRETARIA DE EDUCAÇÃO; Ativo;R$ 1.277,21; Compra Normal
 PREFEITURA MUNICIPAL DE BALNEÁRIO GAIVOTA; Móveis; BERÇO;7612; BERÇO MODELO MEDIO BRANCO SC690 SCHOOL CENTER; 21/06/2019; MANUTENÇÃO DA SECRETARIA DE EDUCAÇÃO; Ativo;R$ 405,92; Compra Normal
 PREFEITURA MUNICIPAL DE BALNEÁRIO GAIVOTA; Móveis; BERÇO;7613; BERÇO MODELO MEDIO BRANCO SC690 SCHOOL CENTER; 21/06/2019; MANUTENÇÃO DA SECRETARIA DE EDUCAÇÃO; Ativo;R$ 405,92; Compra Normal
 PREFEITURA MUNICIPAL DE BALNEÁRIO GAIVOTA; Móveis; BERÇO;7874; BERÇO MODELO MEDIO BRANCO SC690 SCHOOL CENTER; 21/06/2019; MANUTENÇÃO DA SECRETARIA DE EDUCAÇÃO; Ativo;R$ 405,92; Compra Normal
 PREFEITURA MUNICIPAL DE BALNEÁRIO GAIVOTA; Móveis; BERÇO;7875; BERÇO MODELO MEDIO BRANCO SC690 SCHOOL CENTER; 21/06/2019; MANUTENÇÃO DA SECRETARIA DE EDUCAÇÃO; Ativo;R$ 405,92; Compra Normal
 PREFEITURA MUNICIPAL DE BALNEÁRIO GAIVOTA; Móveis; BERÇO;7877; BERÇO MODELO MEDIO BRANCO SC690 SCHOOL CENTER; 21/06/2019; MANUTENÇÃO DA SECRETARIA DE EDUCAÇÃO; Ativo;R$ 405,92; Compra Normal
 PREFEITURA MUNICIPAL DE BALNEÁRIO GAIVOTA; Móveis; BERÇO;7876; BERÇO MODELO MEDIO BRANCO SC690 SCHOOL CENTER; 21/06/2019; MANUTENÇÃO DA SECRETARIA DE EDUCAÇÃO; Ativo;R$ 405,92; Compra Normal
 PREFEITURA MUNICIPAL DE BALNEÁRIO GAIVOTA; Móveis; BERÇO;7879; BERÇO MODELO MEDIO BRANCO SC690 SCHOOL CENTER; 21/06/2019; MANUTENÇÃO DA SECRETARIA DE EDUCAÇÃO; Ativo;R$ 405,92; Compra Normal
 PREFEITURA MUNICIPAL DE BALNEÁRIO GAIVOTA; Móveis; BERÇO;7878; BERÇO MODELO MEDIO BRANCO SC690 SCHOOL CENTER; 21/06/2019; MANUTENÇÃO DA SECRETARIA DE EDUCAÇÃO; Ativo;R$ 405,92; Compra Normal
 PREFEITURA MUNICIPAL DE BALNEÁRIO GAIVOTA; Móveis; BERÇO;7880; BERÇO MODELO MEDIO BRANCO SC690 SCHOOL CENTER; 21/06/2019; MANUTENÇÃO DA SECRETARIA DE EDUCAÇÃO; Ativo;R$ 405,92; Compra Normal
 PREFEITURA MUNICIPAL DE BALNEÁRIO GAIVOTA; Móveis; BERÇO;7881; BERÇO MODELO MEDIO BRANCO SC690 SCHOOL CENTER; 21/06/2019; MANUTENÇÃO DA SECRETARIA DE EDUCAÇÃO; Ativo;R$ 405,92; Compra Normal
 PREFEITURA MUNICIPAL DE BALNEÁRIO GAIVOTA; Móveis; BRINQUEDOS E DIVERSÕES;8037; CASINHA DE BONECA BRINK MOBIL; 21/06/2019; MANUTENÇÃO DA SECRETARIA DE EDUCAÇÃO; Ativo;R$ 3.169,48; Compra Normal
 PREFEITURA MUNICIPAL DE BALNEÁRIO GAIVOTA; Móveis; BRINQUEDOS E DIVERSÕES;4098; EQUIPAMENTO PSICOMOTRICIDADE CURVAS LOMBADINHA LDM; 21/06/2019; MANUTENÇÃO DA SECRETARIA DE EDUCAÇÃO; Ativo;R$ 184,53; Compra Normal
 PREFEITURA MUNICIPAL DE BALNEÁRIO GAIVOTA; Móveis; BRINQUEDOS E DIVERSÕES;8142; EQUIPAMENTO PSICOMOTRICIDADE DEGRAUS E RAMPAS CANTINHO BABY C508 LDM; 21/06/2019; MANUTENÇÃO DA SECRETARIA DE EDUCAÇÃO; Ativo;R$ 379,96; Compra Normal
 PREFEITURA MUNICIPAL DE BALNEÁRIO GAIVOTA; Móveis; BRINQUEDOS E DIVERSÕES;8041; EQUIPAMENTO PSICOMOTRICIDADE PISCINA EM ESPUMA BOLINHA LDM; 21/06/2019; MANUTENÇÃO DA SECRETARIA DE EDUCAÇÃO; Ativo;R$ 343,83; Compra Normal
 PREFEITURA MUNICIPAL DE BALNEÁRIO GAIVOTA; Móveis; BRINQUEDOS E DIVERSÕES;8040; EQUIPAMENTO PSICOMOTRICIDADE TUNEL DOBRAVEL CENTOPEIA BRINK MOBIL; 21/06/2019; MANUTENÇÃO DA SECRETARIA DE EDUCAÇÃO; Ativo;R$ 227,74; Compra Normal
 PREFEITURA MUNICIPAL DE BALNEÁRIO GAIVOTA; Móveis; BRINQUEDOS E DIVERSÕES;8038; ESCORREGADOR GRANDE BRINK MOBIL; 21/06/2019; MANUTENÇÃO DA SECRETARIA DE EDUCAÇÃO; Ativo;R$ 434,69; Compra Normal
 PREFEITURA MUNICIPAL DE BALNEÁRIO GAIVOTA; Móveis; ESTANTES;7411; ARMARIO/ESTANTE BAIXA COM 2 PRATELEIRAS MARCENARIA DUMAR; 21/06/2019; MANUTENÇÃO DA SECRETARIA DE EDUCAÇÃO; Ativo;R$ 699,01; Compra Normal
 PREFEITURA MUNICIPAL DE BALNEÁRIO GAIVOTA; Móveis; ESTANTES;7815; ARMARIO/ESTANTE BAIXA COM 2 PRATELEIRAS MARCENARIA DUMAR; 21/06/2019; MANUTENÇÃO DA SECRETARIA DE EDUCAÇÃO; Ativo;R$ 699,01; Compra Normal
 PREFEITURA MUNICIPAL DE BALNEÁRIO GAIVOTA; Móveis; ESTANTES;7434; ARMARIO/ESTANTE BAIXA COM 2 PRATELEIRAS MARCENARIA DUMAR; 21/06/2019; MANUTENÇÃO DA SECRETARIA DE EDUCAÇÃO; Ativo;R$ 699,01; Compra Normal
 PREFEITURA MUNICIPAL DE BALNEÁRIO GAIVOTA; Móveis; ESTANTES;7911; ARMARIO/ESTANTE BAIXA COM 2 PRATELEIRAS MARCENARIA DUMAR; 21/06/2019; MANUTENÇÃO DA SECRETARIA DE EDUCAÇÃO; Ativo;R$ 699,01; Compra Normal
 PREFEITURA MUNICIPAL DE BALNEÁRIO GAIVOTA; Móveis; ESTANTES;7915; ARMARIO/ESTANTE BAIXA COM 2 PRATELEIRAS MARCENARIA DUMAR; 21/06/2019; MANUTENÇÃO DA SECRETARIA DE EDUCAÇÃO; Ativo;R$ 699,01; Compra Normal
 PREFEITURA MUNICIPAL DE BALNEÁRIO GAIVOTA; Móveis; ESTANTES;7435; ARMARIO/ESTANTE BAIXA COM 2 PRATELEIRAS MARCENARIA DUMAR; 21/06/2019; MANUTENÇÃO DA SECRETARIA DE EDUCAÇÃO; Ativo;R$ 699,01; Compra Normal
 PREFEITURA MUNICIPAL DE BALNEÁRIO GAIVOTA; Móveis; ESTANTES;7436; ARMARIO/ESTANTE BAIXA COM 2 PRATELEIRAS MARCENARIA DUMAR; 21/06/2019; MANUTENÇÃO DA SECRETARIA DE EDUCAÇÃO; Ativo;R$ 699,01; Compra Normal
 PREFEITURA MUNICIPAL DE BALNEÁRIO GAIVOTA; Móveis; ESTANTES;7936; ARMARIO/ESTANTE BAIXA COM 2 PRATELEIRAS MARCENARIA DUMAR; 21/06/2019; MANUTENÇÃO DA SECRETARIA DE EDUCAÇÃO; Ativo;R$ 699,01; Compra Normal
 PREFEITURA MUNICIPAL DE BALNEÁRIO GAIVOTA; Móveis; BRINQUEDOS E DIVERSÕES;7424; GIRA GIRA CARROSSEL 3 LUGARES FRESO; 21/06/2019; MANUTENÇÃO DA SECRETARIA DE EDUCAÇÃO; Ativo;R$ 883,82; Compra Normal
 PREFEITURA MUNICIPAL DE BALNEÁRIO GAIVOTA; Móveis; MESA;7872; MESA DE REUNIAO M7 MARCENARIA DUMAR; 21/06/2019; MANUTENÇÃO DA SECRETARIA DE EDUCAÇÃO; Ativo;R$ 362,71; Compra Normal
 PREFEITURA MUNICIPAL DE BALNEÁRIO GAIVOTA; Móveis; MESA;7888; MESA PARA REFEICAO M8 REDONDA; 21/06/2019; MANUTENÇÃO DA SECRETARIA DE EDUCAÇÃO; Ativo;R$ 212,40; Compra Normal
 PREFEITURA MUNICIPAL DE BALNEÁRIO GAIVOTA; Móveis; MESA;7584; MESA REFEITORIO AMARELO FDE M4C-03; 21/06/2019; MANUTENÇÃO DA SECRETARIA DE EDUCAÇÃO; Ativo;R$ 536,90; Compra Normal
 PREFEITURA MUNICIPAL DE BALNEÁRIO GAIVOTA; Móveis; MESA;8058; MESA REFEITORIO AMARELO FDE M4C-03; 21/06/2019; MANUTENÇÃO DA SECRETARIA DE EDUCAÇÃO; Ativo;R$ 536,90; Compra Normal
 PREFEITURA MUNICIPAL DE BALNEÁRIO GAIVOTA; Móveis; MESA;8057; MESA REFEITORIO AMARELO FDE M4C-03; 21/06/2019; MANUTENÇÃO DA SECRETARIA DE EDUCAÇÃO; Ativo;R$ 536,90; Compra Normal
 PREFEITURA MUNICIPAL DE BALNEÁRIO GAIVOTA; Móveis; MESA;8056; MESA REFEITORIO AMARELO FDE M4C-03; 21/06/2019; MANUTENÇÃO DA SECRETARIA DE EDUCAÇÃO; Ativo;R$ 536,90; Compra Normal
 PREFEITURA MUNICIPAL DE BALNEÁRIO GAIVOTA; Móveis; MESA;8055; MESA REFEITORIO AMARELO FDE M4C-03; 21/06/2019; MANUTENÇÃO DA SECRETARIA DE EDUCAÇÃO; Ativo;R$ 536,90; Compra Normal
 PREFEITURA MUNICIPAL DE BALNEÁRIO GAIVOTA; Móveis; MESA;7526; MESA REFEITORIO AMARELO FDE M4C-03; 21/06/2019; MANUTENÇÃO DA SECRETARIA DE EDUCAÇÃO; Ativo;R$ 536,90; Compra Normal
 PREFEITURA MUNICIPAL DE BALNEÁRIO GAIVOTA; Móveis; MESA;7527; MESA REFEITORIO LARANJA FDE M4C-01; 21/06/2019; MANUTENÇÃO DA SECRETARIA DE EDUCAÇÃO; Ativo;R$ 461,83; Compra Normal
 PREFEITURA MUNICIPAL DE BALNEÁRIO GAIVOTA; Móveis; MESA;8036; MESA REFEITORIO LARANJA FDE M4C-01; 21/06/2019; MANUTENÇÃO DA SECRETARIA DE EDUCAÇÃO; Ativo;R$ 461,83; Compra Normal
 PREFEITURA MUNICIPAL DE BALNEÁRIO GAIVOTA; Móveis; MESA;8035; MESA REFEITORIO LARANJA FDE M4C-01; 21/06/2019; MANUTENÇÃO DA SECRETARIA DE EDUCAÇÃO; Ativo;R$ 461,83; Compra Normal
 PREFEITURA MUNICIPAL DE BALNEÁRIO GAIVOTA; Móveis; MESA;8034; MESA REFEITORIO LARANJA FDE M4C-01; 21/06/2019; MANUTENÇÃO DA SECRETARIA DE EDUCAÇÃO; Ativo;R$ 461,83; Compra Normal
 PREFEITURA MUNICIPAL DE BALNEÁRIO GAIVOTA; Móveis; MESA;7524; MESA REFEITORIO LARANJA FDE M4C-01; 21/06/2019; MANUTENÇÃO DA SECRETARIA DE EDUCAÇÃO; Ativo;R$ 461,83; Compra Normal
 PREFEITURA MUNICIPAL DE BALNEÁRIO GAIVOTA; Móveis; MESA;7525; MESA REFEITORIO LARANJA FDE M4C-01; 21/06/2019; MANUTENÇÃO DA SECRETARIA DE EDUCAÇÃO; Ativo;R$ 461,83; Compra Normal
 PREFEITURA MUNICIPAL DE BALNEÁRIO GAIVOTA; Móveis; Quadro;7522; QUADRO BRANCO TIPO LOUSA MAGNETICO 1200X2000; 21/06/2019; MANUTENÇÃO DA SECRETARIA DE EDUCAÇÃO; Ativo;R$ 243,53; Compra Normal
 PREFEITURA MUNICIPAL DE BALNEÁRIO GAIVOTA; Móveis; Quadro;7523; QUADRO BRANCO TIPO LOUSA MAGNETICO 1200X2000; 21/06/2019; MANUTENÇÃO DA SECRETARIA DE EDUCAÇÃO; Ativo;R$ 243,53; Compra Normal
 PREFEITURA MUNICIPAL DE BALNEÁRIO GAIVOTA; Móveis; Quadro;7419; QUADRO BRANCO TIPO LOUSA MAGNETICO 1200X3000; 21/06/2019; MANUTENÇÃO DA SECRETARIA DE EDUCAÇÃO; Ativo;R$ 316,24; Compra Normal
 PREFEITURA MUNICIPAL DE BALNEÁRIO GAIVOTA; Móveis; Quadro;7420; QUADRO BRANCO TIPO LOUSA MAGNETICO 1200X3000; 21/06/2019; MANUTENÇÃO DA SECRETARIA DE EDUCAÇÃO; Ativo;R$ 316,24; Compra Normal
 PREFEITURA MUNICIPAL DE BALNEÁRIO GAIVOTA; Móveis; BRINQUEDOS E DIVERSÕES;8033; TUNEL LUDICO TENZINHO BRINK MOBIL; 21/06/2019; MANUTENÇÃO DA SECRETARIA DE EDUCAÇÃO; Ativo;R$ 1.488,43; Compra Normal
 PREFEITURA MUNICIPAL DE BALNEÁRIO GAIVOTA; Móveis; IMPRESSORAS;7956; IMPRESSORA MULTIFUNCIONAL HP LASER M130; 14/06/2019; FUNDO MUNICIPAL DE SAUDE; Ativo;R$ 873,88; Compra Normal
 PREFEITURA MUNICIPAL DE BALNEÁRIO GAIVOTA; Móveis; Balcão;8153; PIA CUBA INOX 640X520X250MM C/ ABA DE 20MM; 12/06/2019; MANUTENÇÃO DA SECRETARIA DE EDUCAÇÃO; Ativo;R$ 562,08; Compra Normal
 PREFEITURA MUNICIPAL DE BALNEÁRIO GAIVOTA; Móveis; CAIXA AUCUSTICA;7603; CAIXA ATIVA MULTIUSO 120W/ CABO PARA NOTEBOOK/CAIXA/ MICROFONE DE MAO C/FIO; 10/06/2019; APOIO A CRIANÇA E AO ADOLECESTE EM SITUA; Ativo;R$ 411,39; Compra Normal
 PREFEITURA MUNICIPAL DE BALNEÁRIO GAIVOTA; Móveis; MONITORES;7955; MONITOR LG LED 19,5P 20M37AA; 05/06/2019; FUNDO MUNICIPAL DE SAUDE; Ativo;R$ 277,03; Compra Normal
 PREFEITURA MUNICIPAL DE BALNEÁRIO GAIVOTA; Móveis; MONITORES;7809; MONITOR LG LED 19,5P 20M37AA; 05/06/2019; MANUTENÇÃO DA SECRETARIA DE ADMINISTRAÇÃ; Ativo;R$ 277,03; Compra Normal
 PREFEITURA MUNICIPAL DE BALNEÁRIO GAIVOTA; Móveis; GELADEIRA;7602; GELADEIRA/REFRIGERADOR 1P 240L RE31 BRANCA; 05/06/2019; APOIO A CRIANÇA E AO ADOLECESTE EM SITUA; Ativo;R$ 802,00; Compra Normal
 PREFEITURA MUNICIPAL DE BALNEÁRIO GAIVOTA; Móveis; MICROCOMPUTADOR;7623; COMPUTADOR/GABINETE/CPU I3 8100 3,6GHZ HD 500GB/MEMORIA 4GB/GAV DVD/TECLADO/MOUSE/ CAIXA DE SOM/ESTABILIZADOR; 04/06/2019; FUNDO MUNICIPAL DE SAUDE; Ativo;R$ 1.163,00; Compra Normal
 PREFEITURA MUNICIPAL DE BALNEÁRIO GAIVOTA; Móveis; MICROCOMPUTADOR;7608; CPU PENTIUM G5400 3.7GHZ/HD 500GB/MERORIA 4GB/GRAV DVD; 04/06/2019; FUNDO MUNICIPAL DE SAUDE; Ativo;R$ 811,06; Compra Normal
 PREFEITURA MUNICIPAL DE BALNEÁRIO GAIVOTA; Móveis; EQUIPAMENTOS MÉDICOS;7383; NEURODYN III TENS FENS 2 CANAIS IBRAME; 23/05/2019; FUNDO MUNICIPAL DE SAUDE; Ativo;R$ 453,39; Compra Normal
 PREFEITURA MUNICIPAL DE BALNEÁRIO GAIVOTA; Móveis; Longarina Secretária;7362; LONGARINA 03 LUGARES; 23/05/2019; MANUTENÇÃO DO GABINETE DO PREFEITO; Ativo;R$ 269,84; Compra Normal
 PREFEITURA MUNICIPAL DE BALNEÁRIO GAIVOTA; Móveis; Arquivo de Aço;7382; ARQUIVO MONT 04 GAVETAS OF OF04PE40-PR-NL PANDIN; 17/05/2019; MANUTENÇÃO DA SECRETARIA DE EDUCAÇÃO; Ativo;R$ 331,48; Compra Normal
 PREFEITURA MUNICIPAL DE BALNEÁRIO GAIVOTA; Móveis; MESA;7381; MESA DE PROFESSOR COM 1 GAVETA; 17/05/2019; MANUTENÇÃO DA SECRETARIA DE EDUCAÇÃO; Ativo;R$ 211,20; Compra Normal
 PREFEITURA MUNICIPAL DE BALNEÁRIO GAIVOTA; Móveis; MESA;7380; MESA DE PROFESSOR COM 1 GAVETA; 17/05/2019; MANUTENÇÃO DA SECRETARIA DE EDUCAÇÃO; Ativo;R$ 211,20; Compra Normal
 PREFEITURA MUNICIPAL DE BALNEÁRIO GAIVOTA; Móveis; CADEIRA;7414; CADEIRA ESCRITORIO EXECUTIVA BASICA DIRETOR UT-C161A BEST; 17/05/2019; MANUTENÇÃO DA SECRETARIA DE EDUCAÇÃO; Ativo;R$ 182,56; Compra Normal
 PREFEITURA MUNICIPAL DE BALNEÁRIO GAIVOTA; Móveis; MESA;7413; ESCRIVANINHA MESA CANTO FENIX BCO POLITORNO; 17/05/2019; MANUTENÇÃO DA SECRETARIA DE EDUCAÇÃO; Ativo;R$ 251,29; Compra Normal
 PREFEITURA MUNICIPAL DE BALNEÁRIO GAIVOTA; Móveis; Armário;7425; ARMARIO ROUPEIRO MT 3V 12PTS GRF503-12-DI-CC PANDIN; 17/05/2019; MANUTENÇÃO DA SECRETARIA DE EDUCAÇÃO; Ativo;R$ 738,12; Compra Normal
 PREFEITURA MUNICIPAL DE BALNEÁRIO GAIVOTA; Móveis; Arquivo de Aço;7426; ARQUIVO 04 GAVETAS OF-CORRED OF04LCM-CC PANDIN; 17/05/2019; MANUTENÇÃO DA SECRETARIA DE EDUCAÇÃO; Ativo;R$ 331,48; Compra Normal
 PREFEITURA MUNICIPAL DE BALNEÁRIO GAIVOTA; Móveis; CARTEIRA ESCOLAR;7440; CONJUNTO/CARTEIRA/MESA CIRCULAR INFANTIL; 17/05/2019; MANUTENÇÃO DA SECRETARIA DE EDUCAÇÃO; Ativo;R$ 183,28; Compra Normal
 PREFEITURA MUNICIPAL DE BALNEÁRIO GAIVOTA; Móveis; CARTEIRA ESCOLAR;7439; CONJUNTO/CARTEIRA/MESA CIRCULAR INFANTIL; 17/05/2019; MANUTENÇÃO DA SECRETARIA DE EDUCAÇÃO; Ativo;R$ 183,28; Compra Normal
 PREFEITURA MUNICIPAL DE BALNEÁRIO GAIVOTA; Móveis; MESA;7427; ESCRIVANINHA MESA CANTO FENIX BCO POLITORNO; 17/05/2019; MANUTENÇÃO DA SECRETARIA DE EDUCAÇÃO; Ativo;R$ 251,29; Compra Normal
 PREFEITURA MUNICIPAL DE BALNEÁRIO GAIVOTA; Móveis; MESA;7384; MESA REFEITORIO INFANTIL 1,83X0,70X0,57; 17/05/2019; MANUTENÇÃO DA SECRETARIA DE EDUCAÇÃO; Ativo;R$ 279,93; Compra Normal
 PREFEITURA MUNICIPAL DE BALNEÁRIO GAIVOTA; Móveis; Armário;7423; ARMARIO ROUPEIRO MT 3V 12PTS GRF503-12-BI-CC PANDIN; 17/05/2019; MANUTENÇÃO DA SECRETARIA DE EDUCAÇÃO; Ativo;R$ 738,12; Compra Normal
 PREFEITURA MUNICIPAL DE BALNEÁRIO GAIVOTA; Móveis; Arquivo de Aço;7422; ARQUIVO 4 GAVETAS CORRED OF04LCM-CC PANDIN; 17/05/2019; MANUTENÇÃO DA SECRETARIA DE EDUCAÇÃO; Ativo;R$ 331,48; Compra Normal
 PREFEITURA MUNICIPAL DE BALNEÁRIO GAIVOTA; Móveis; MESA;7389; MESA REUNIAO 2,70X0,90; 16/05/2019; MANUTENÇÃO DA SECRETARIA DE EDUCAÇÃO; Ativo;R$ 469,25; Compra Normal
 PREFEITURA MUNICIPAL DE BALNEÁRIO GAIVOTA; Móveis; MESA;7388; ESCRIVANINHA MESA CANTO FENIX BCO POLITORNO; 16/05/2019; MANUTENÇÃO DA SECRETARIA DE EDUCAÇÃO; Ativo;R$ 251,08; Compra Normal
 PREFEITURA MUNICIPAL DE BALNEÁRIO GAIVOTA; Móveis; MESA;7387; ESCRIVANINHA MESA CANTO FENIX BCO POLITORNO; 16/05/2019; MANUTENÇÃO DA SECRETARIA DE EDUCAÇÃO; Ativo;R$ 251,08; Compra Normal
 PREFEITURA MUNICIPAL DE BALNEÁRIO GAIVOTA; Móveis; MESA;7400; MESA REFEITORIO INFANTIL 1,83X0,70X0,57; 16/05/2019; MANUTENÇÃO DA SECRETARIA DE EDUCAÇÃO; Ativo;R$ 279,69; Compra Normal
 PREFEITURA MUNICIPAL DE BALNEÁRIO GAIVOTA; Móveis; TAPETES;7473; TAPETE SAO CARLOS BALI LISTRA SOB MEDIDA; 09/05/2019; BENS PARA LEILÃO; Baixado;R$ 696,03; Compra Normal
 PREFEITURA MUNICIPAL DE BALNEÁRIO GAIVOTA; Móveis; CADEIRA;7404; CADEIRA ESCRITORIO EXECUTIVA PLUS UT-C161 BEST; 02/05/2019; BENS PARA LEILÃO; Baixado;R$ 231,16; Compra Normal
 PREFEITURA MUNICIPAL DE BALNEÁRIO GAIVOTA; Móveis; CADEIRA;7403; CADEIRA ESCRITORIO EXECUTIVA PLUS UT-C161 BEST; 02/05/2019; MANUTENÇÃO DA SECRETARIA DE ADMINISTRAÇÃ; Ativo;R$ 186,61; Compra Normal
 PREFEITURA MUNICIPAL DE BALNEÁRIO GAIVOTA; Móveis; PLAINA AGRICOLA;7370; PLAINA (LAMINA) REVERSIVEL 3MTS; 25/04/2019; DIRETORIA DE AGRICULTURA; Ativo;R$ 3.091,00; Compra Normal
 PREFEITURA MUNICIPAL DE BALNEÁRIO GAIVOTA; Móveis; Armário;7353; ARMARIO SOB MEDIDA NAPOLE BRANCO 1,90X0,62 MARCENARIA DUMAR; 24/04/2019; MANUTENÇÃO DA SECRETARIA DE EDUCAÇÃO; Ativo;R$ 195,82; Compra Normal
 PREFEITURA MUNICIPAL DE BALNEÁRIO GAIVOTA; Móveis; Armário;7354; ARMARIO SOB MEDIDA NAPOLE BRANCO 1,90X0,62 MARCENARIA DUMAR; 24/04/2019; MANUTENÇÃO DA SECRETARIA DE EDUCAÇÃO; Ativo;R$ 195,82; Compra Normal
 PREFEITURA MUNICIPAL DE BALNEÁRIO GAIVOTA; Móveis; Armário;7355; ARMARIO SOB MEDIDA NAPOLE BRANCO 1,90X0,62 MARCENARIA DUMAR; 24/04/2019; MANUTENÇÃO DA SECRETARIA DE EDUCAÇÃO; Ativo;R$ 195,82; Compra Normal
 PREFEITURA MUNICIPAL DE BALNEÁRIO GAIVOTA; Móveis; Armário;8182; ARMARIO SOB MEDIDA NAPOLE BRANCO 1,90X0,62 MARCENARIA DUMAR; 24/04/2019; MANUTENÇÃO DA SECRETARIA DE EDUCAÇÃO; Ativo;R$ 195,82; Compra Normal
 PREFEITURA MUNICIPAL DE BALNEÁRIO GAIVOTA; Móveis; Armário;7357; ARMARIO SOB MEDIDA NAPOLE BRANCO 1,90X0,62 MARCENARIA DUMAR; 24/04/2019; MANUTENÇÃO DA SECRETARIA DE EDUCAÇÃO; Ativo;R$ 195,82; Compra Normal
 PREFEITURA MUNICIPAL DE BALNEÁRIO GAIVOTA; Móveis; Armário;7367; ARMARIO SOB MEDIDA NAPOLE BRANCO 1,90X0,62 MARCENARIA DUMAR; 24/04/2019; MANUTENÇÃO DA SECRETARIA DE EDUCAÇÃO; Ativo;R$ 195,82; Compra Normal
 PREFEITURA MUNICIPAL DE BALNEÁRIO GAIVOTA; Móveis; Armário;7368; ARMARIO SOB MEDIDA NAPOLE BRANCO 1,90X0,62 MARCENARIA DUMAR; 24/04/2019; MANUTENÇÃO DA SECRETARIA DE EDUCAÇÃO; Ativo;R$ 195,82; Compra Normal
 PREFEITURA MUNICIPAL DE BALNEÁRIO GAIVOTA; Móveis; MESA;7364; MESA CLASSIC 1.60X0,90 CANELA MOVEIS TRADICIONAL; 24/04/2019; MANUTENÇÃO DA SECRETARIA DE EDUCAÇÃO; Ativo;R$ 223,89; Compra Normal
 PREFEITURA MUNICIPAL DE BALNEÁRIO GAIVOTA; Móveis; IMPRESSORAS;7369; IMPRESSORA MULTIFUNCIONAL LASERJET MONO M426DW 40PPM; 23/04/2019; MANUTENÇÃO DA SECRETARIA DE EDUCAÇÃO; Ativo;R$ 1.284,69; Compra Normal
 PREFEITURA MUNICIPAL DE BALNEÁRIO GAIVOTA; Móveis; Armário;7361; ARMARIO PARA VESTIARIO; 11/04/2019; MANUTENÇÃO DA SECRETARIA DE EDUCAÇÃO; Ativo;R$ 222,00; Compra Normal
 PREFEITURA MUNICIPAL DE BALNEÁRIO GAIVOTA; Móveis; Armário;7358; ARMARIO PARA VESTIARIO; 11/04/2019; MANUTENÇÃO DA SECRETARIA DE EDUCAÇÃO; Ativo;R$ 222,00; Compra Normal
 PREFEITURA MUNICIPAL DE BALNEÁRIO GAIVOTA; Móveis; Armário;7352; ARMARIO ESCANINHO; 11/04/2019; MANUTENÇÃO DA SECRETARIA DE ADMINISTRAÇÃ; Ativo;R$ 405,15; Compra Normal
 PREFEITURA MUNICIPAL DE BALNEÁRIO GAIVOTA; Móveis; VEICULOS LEVES;7350; AMBULANCIA DUCATO CARGO MEDIO 3.2 DIESEL MARCA FIAT CHASSI 3C6DFVCK7KE510437 COR BRANCO BRIGTH FAB/MOD 2018/2019 NUMERO MOTOR F1AE3481D7276946 COMBUSTIVEL DISEL RENAVAN 1186873270 PLACA QJQ9703; 29/03/2019; FUNDO MUNICIPAL DE SAUDE; Ativo;R$ 98.683,85; Compra Normal
 PREFEITURA MUNICIPAL DE BALNEÁRIO GAIVOTA; Móveis; PERIFÉRICOS - COMPUTAÇÃO;7286; CANETA DE COLETOR DE ASSINATURA TOPAZ P-T112-B PARA PAD TOPAZ T-S751; 18/03/2019; MANUTENÇÃO DA SECRETARIA DE ADMINISTRAÇÃ; Ativo;R$ 395,86; Compra Normal
 PREFEITURA MUNICIPAL DE BALNEÁRIO GAIVOTA; Móveis; DATA SHOW/PROJETOR;7287; DATA SHOW PROJETOR ACER X127H; 13/03/2019; APOIO A CRIANÇA E AO ADOLECESTE EM SITUA; Ativo;R$ 1.186,92; Compra Normal
 PREFEITURA MUNICIPAL DE BALNEÁRIO GAIVOTA; Móveis; Quadro;7288; QUADRO EM FORMICA; 11/03/2019; MANUTENÇÃO DA SECRETARIA DE EDUCAÇÃO; Ativo;R$ 269,92; Compra Normal
 PREFEITURA MUNICIPAL DE BALNEÁRIO GAIVOTA; Móveis; Quadro;7289; QUADRO EM FORMICA; 11/03/2019; MANUTENÇÃO DA SECRETARIA DE EDUCAÇÃO; Ativo;R$ 269,92; Compra Normal
 PREFEITURA MUNICIPAL DE BALNEÁRIO GAIVOTA; Móveis; LAVA JATO;7405; LAVAJATO ULTRA PRESSAO ELETROLUX; 07/03/2019; MANUTENÇÃO DA SECRETARIA DE EDUCAÇÃO; Ativo;R$ 412,23; Compra Normal
 PREFEITURA MUNICIPAL DE BALNEÁRIO GAIVOTA; Móveis; Balcão;7266; BALCÃO 1.60CM BRANCO 3PTS 3GAV PARANA; 25/02/2019; MANUTENÇÃO DA SECRETARIA DE ADMINISTRAÇÃ; Ativo;R$ 205,68; Compra Normal
 CAMARA MUNICIPAL DE BALNEARIO GAIVOTA; MOVEIS; Cod.: 536 - Mesa;267; MESA EM MDF MEDINDO 4,00 METRO DE COMPRIMENTO POR 1,20 DE LARGURA COR BEGE CLARO; 22/02/2019; CAMARA MUNICIPAL DE VEREADORES; Em uso;R$ 2.623,25; Compra
 PREFEITURA MUNICIPAL DE BALNEÁRIO GAIVOTA; Móveis; FORNO ELETRICO;7285; FORNO ELETRICO 48LT 220V BEST; 21/02/2019; MANUTENÇÃO DO CONSELHO TUTELAR; Ativo;R$ 230,23; Compra Normal
 PREFEITURA MUNICIPAL DE BALNEÁRIO GAIVOTA; Móveis; Forno de Microondas;7284; MICRO-ONDAS 21L NN-ST254WRUK BRA PANASONIC; 13/02/2019; FUNDO MUNICIPAL DE SAUDE; Ativo;R$ 209,89; Compra Normal
 PREFEITURA MUNICIPAL DE BALNEÁRIO GAIVOTA; Móveis; VEICULOS PESADOS;7260; TRATOR AGRICOLA MODELO PLUS90C LS TRACTOR SERIE 2390214484 ANO 2019; 12/02/2019; DIRETORIA DE AGRICULTURA; Ativo;R$ 65.731,35; Compra Normal
 CAMARA MUNICIPAL DE BALNEARIO GAIVOTA; MOVEIS; Cod.: 536 - Mesa;248; BALCAO DUAS PORTAS COR BEGE; 11/02/2019; CAMARA MUNICIPAL DE VEREADORES; Em uso;R$ 245,66; Compra
 CAMARA MUNICIPAL DE BALNEARIO GAIVOTA; MOVEIS; Cod.: 518 - Cadeira;250; CONJUNTO LONGARIA 3 LUGARES COR AZUL; 11/02/2019; CAMARA MUNICIPAL DE VEREADORES; Em uso;R$ 329,60; Compra
 CAMARA MUNICIPAL DE BALNEARIO GAIVOTA; MOVEIS; Cod.: 518 - Cadeira;253; POLTRONA PRESIDENTE EM COURO COR BEGE; 11/02/2019; CAMARA MUNICIPAL DE VEREADORES; Em uso;R$ 881,55; Compra
 CAMARA MUNICIPAL DE BALNEARIO GAIVOTA; MOVEIS; Cod.: 518 - Cadeira;254; POLTRONA TIPO PRESIDENTE COR PRETA; 11/02/2019; CAMARA MUNICIPAL DE VEREADORES; Em uso;R$ 593,11; Compra
 CAMARA MUNICIPAL DE BALNEARIO GAIVOTA; MOVEIS; Cod.: 536 - Mesa;247; CONJUNTO DE MESA EM L 150 COM 3 GAVETAS COR BEGE; 11/02/2019; CAMARA MUNICIPAL DE VEREADORES; Em uso;R$ 593,97; Compra
 CAMARA MUNICIPAL DE BALNEARIO GAIVOTA; MOVEIS; Cod.: 536 - Mesa;246; CONJUNTO DE MESA EM L 150 COM 3 GAVETAS COR BEGE; 11/02/2019; CAMARA MUNICIPAL DE VEREADORES; Em uso;R$ 593,97; Compra
 CAMARA MUNICIPAL DE BALNEARIO GAIVOTA; MOVEIS; Cod.: 536 - Mesa;249; BALCAO DUAS PORTAS COR BEGE; 11/02/2019; CAMARA MUNICIPAL DE VEREADORES; Em uso;R$ 245,66; Compra
 CAMARA MUNICIPAL DE BALNEARIO GAIVOTA; MOVEIS; Cod.: 518 - Cadeira;255; CADEIRA GIRATORIA COR PREATA; 11/02/2019; CAMARA MUNICIPAL DE VEREADORES; Em uso;R$ 317,99; Compra
 CAMARA MUNICIPAL DE BALNEARIO GAIVOTA; MOVEIS; Cod.: 518 - Cadeira;251; CONJUNTO LONGARIA 3 LUGARES COR AZUL; 11/02/2019; CAMARA MUNICIPAL DE VEREADORES; Em uso;R$ 329,60; Compra
 CAMARA MUNICIPAL DE BALNEARIO GAIVOTA; MOVEIS; Cod.: 518 - Cadeira;252; CONJUNTO LONGARIA 3 LUGARES COR AZUL; 11/02/2019; CAMARA MUNICIPAL DE VEREADORES; Em uso;R$ 329,60; Compra
 CAMARA MUNICIPAL DE BALNEARIO GAIVOTA; MOVEIS; Cod.: 518 - Cadeira;257; CADEITA FIXA COR PRETA; 11/02/2019; CAMARA MUNICIPAL DE VEREADORES; Em uso;R$ 270,55; Compra
 CAMARA MUNICIPAL DE BALNEARIO GAIVOTA; MOVEIS; Cod.: 518 - Cadeira;256; CADEIRA GIRATORIA COR PREATA; 11/02/2019; CAMARA MUNICIPAL DE VEREADORES; Em uso;R$ 317,99; Compra
 CAMARA MUNICIPAL DE BALNEARIO GAIVOTA; MOVEIS; Cod.: 518 - Cadeira;258; CADEITA FIXA COR PRETA; 11/02/2019; CAMARA MUNICIPAL DE VEREADORES; Em uso;R$ 270,55; Compra
 CAMARA MUNICIPAL DE BALNEARIO GAIVOTA; MOVEIS; Cod.: 518 - Cadeira;259; CADEITA FIXA COR PRETA; 11/02/2019; CAMARA MUNICIPAL DE VEREADORES; Em uso;R$ 270,55; Compra
 CAMARA MUNICIPAL DE BALNEARIO GAIVOTA; MOVEIS; Cod.: 518 - Cadeira;263; CADEITA FIXA COR PRETA; 11/02/2019; CAMARA MUNICIPAL DE VEREADORES; Em uso;R$ 270,55; Compra
 CAMARA MUNICIPAL DE BALNEARIO GAIVOTA; MOVEIS; Cod.: 518 - Cadeira;262; CADEITA FIXA COR PRETA; 11/02/2019; CAMARA MUNICIPAL DE VEREADORES; Em uso;R$ 270,55; Compra
 CAMARA MUNICIPAL DE BALNEARIO GAIVOTA; MOVEIS; Cod.: 518 - Cadeira;266; CADEITA FIXA COR PRETA; 11/02/2019; CAMARA MUNICIPAL DE VEREADORES; Em uso;R$ 270,55; Compra
 CAMARA MUNICIPAL DE BALNEARIO GAIVOTA; MOVEIS; Cod.: 518 - Cadeira;264; CADEITA FIXA COR PRETA; 11/02/2019; CAMARA MUNICIPAL DE VEREADORES; Em uso;R$ 270,55; Compra
 CAMARA MUNICIPAL DE BALNEARIO GAIVOTA; MOVEIS; Cod.: 518 - Cadeira;260; CADEITA FIXA COR PRETA; 11/02/2019; CAMARA MUNICIPAL DE VEREADORES; Em uso;R$ 270,55; Compra
 CAMARA MUNICIPAL DE BALNEARIO GAIVOTA; MOVEIS; Cod.: 518 - Cadeira;261; CADEITA FIXA COR PRETA; 11/02/2019; CAMARA MUNICIPAL DE VEREADORES; Em uso;R$ 270,55; Compra
 CAMARA MUNICIPAL DE BALNEARIO GAIVOTA; MOVEIS; Cod.: 518 - Cadeira;265; CADEITA FIXA COR PRETA; 11/02/2019; CAMARA MUNICIPAL DE VEREADORES; Em uso;R$ 270,55; Compra
 PREFEITURA MUNICIPAL DE BALNEÁRIO GAIVOTA; Móveis; VEICULOS LEVES;7281; VW KOMBI ANO/MODELO 2008 COR BRANCA COMBUSTIVEL ALCOOL/GASOLINA, POT. 80CV, 03 PORTAS, CAM. MANUAL, FREIO HID. DIR. MEC. JG TAPET, PLACA MFI4983, RENAVAM 961667664; 08/02/2019; MANUTENÇÃO DA SECRETARIA DE OBRAS E SERV; Baixado;R$ 11.470,12; Compra Normal
 PREFEITURA MUNICIPAL DE BALNEÁRIO GAIVOTA; Móveis; Ar Condicionado;7275; AR CONDICIONADO/CONDICONADORA/EVAPORADORA 12000 BTUS QF ELGIN; 05/02/2019; FUNDO MUNICIPAL DE SAUDE; Ativo;R$ 757,11; Compra Normal
 PREFEITURA MUNICIPAL DE BALNEÁRIO GAIVOTA; Móveis; Arquivo de Aço;7267; ARQUIVO DE AÇO C/4 GAVETAS RAO-4/50; 05/02/2019; MANUTENÇÃO DA SECRETARIA DE ADMINISTRAÇÃ; Ativo;R$ 195,65; Compra Normal
 PREFEITURA MUNICIPAL DE BALNEÁRIO GAIVOTA; Móveis; ASPIRADOR DE PO;7277; ASPIRADOR ARNO PO/LIQ. H3PO; 04/02/2019; MANUTENÇÃO DA SECRETARIA DE OBRAS E SERV; Ativo;R$ 239,26; Compra Normal
 CAMARA MUNICIPAL DE BALNEARIO GAIVOTA; MOVEIS; Cod.: 387 - Computador;245; COMPUTADOR PORTATIL DELL INSPIROM 14 ICORE 5 ULTRA FINO COR PRATA; 25/01/2019; CAMARA MUNICIPAL DE VEREADORES; Em uso;R$ 3.080,16; Compra
 CAMARA MUNICIPAL DE BALNEARIO GAIVOTA; MOVEIS; Cod.: 619 - Ar condicionado;243; AR CONDICIONADO FRIO 9.000 MIL BTU ELETROLUX BRANCO; 23/01/2019; CAMARA MUNICIPAL DE VEREADORES; Em uso;R$ 1.118,26; Compra
 CAMARA MUNICIPAL DE BALNEARIO GAIVOTA; MOVEIS; Cod.: 619 - Ar condicionado;244; AR CONDICIONADO FRIO 9.000 MIL BTU ELETROLUX BRANCO; 23/01/2019; CAMARA MUNICIPAL DE VEREADORES; Em uso;R$ 1.118,26; Compra
 PREFEITURA MUNICIPAL DE BALNEÁRIO GAIVOTA; Móveis; MICROCOMPUTADOR;7268; COMPUTADOR/CPU/GABINETE/PROC. I3/PLACA MAE 1151/VGA GTX1050 2GB DDR5/HD500 SATA/MEMORIA 8GB DDR4/GRAVADOURA DE DVD/FONTE 500WT 80PLUS/TECLADO/MOUSE; 21/01/2019; MANUTENÇÃO DA SECRETARIA DE ARRECADAÇÃO; Ativo;R$ 1.631,53; Compra Normal
 PREFEITURA MUNICIPAL DE BALNEÁRIO GAIVOTA; Móveis; MONITORES;7269; MONITOR ACER V226HQL21,5 LED HDMIVGA DVI; 21/01/2019; MANUTENÇÃO DA SECRETARIA DE ARRECADAÇÃO; Ativo;R$ 329,39; Compra Normal
 PREFEITURA MUNICIPAL DE BALNEÁRIO GAIVOTA; Móveis; NO-BREAK;7270; NOBREAK SMS 27392 STATION II UST1200BI ENT BIV/SAIDA 115V; 21/01/2019; MANUTENÇÃO DA SECRETARIA DE ARRECADAÇÃO; Ativo;R$ 342,10; Compra Normal
 PREFEITURA MUNICIPAL DE BALNEÁRIO GAIVOTA; Móveis; IMPRESSORAS;7271; IMPRESSORA MULTIFUNCIONAL HP LASER M130FW 110V; 21/01/2019; MANUTENÇÃO DA SECRETARIA DE ARRECADAÇÃO; Ativo;R$ 769,28; Compra Normal
 PREFEITURA MUNICIPAL DE BALNEÁRIO GAIVOTA; Móveis; ROÇADEIRA;7278; ROÇADEIRA FS220 STIHL; 18/01/2019; MANUTENÇÃO DA SECRETARIA DE OBRAS E SERV; Ativo;R$ 1.144,49; Compra Normal
 PREFEITURA MUNICIPAL DE BALNEÁRIO GAIVOTA; Móveis; ROÇADEIRA;7279; ROÇADEIRA FS220 STIHL; 18/01/2019; MANUTENÇÃO DA SECRETARIA DE OBRAS E SERV; Ativo;R$ 1.144,49; Compra Normal
 PREFEITURA MUNICIPAL DE BALNEÁRIO GAIVOTA; Móveis; ROÇADEIRA;7280; ROÇADEIRA FS220 STIHL; 18/01/2019; MANUTENÇÃO DA SECRETARIA DE OBRAS E SERV; Ativo;R$ 1.144,49; Compra Normal
 CAMARA MUNICIPAL DE BALNEARIO GAIVOTA; MOVEIS; Cod.: 512 - Arquivo de Aço;239; ESTANTE DE AÇO ARQUIVO MORTO; 10/01/2019; CAMARA MUNICIPAL DE VEREADORES; Em uso;R$ 251,93; Compra
 CAMARA MUNICIPAL DE BALNEARIO GAIVOTA; MOVEIS; Cod.: 391 - Impressora;238; IMPRESSORA MULTI FUNCIONAL ECOTEK JATO DE TINTA COR PRETA; 10/01/2019; CAMARA MUNICIPAL DE VEREADORES; Em uso;R$ 1.090,45; Compra
 CAMARA MUNICIPAL DE BALNEARIO GAIVOTA; MOVEIS; Cod.: 512 - Arquivo de Aço;240; ESTANTE DE AÇO ARQUIVO MORTO; 10/01/2019; CAMARA MUNICIPAL DE VEREADORES; Em uso;R$ 251,93; Compra
 CAMARA MUNICIPAL DE BALNEARIO GAIVOTA; MOVEIS; Cod.: 512 - Arquivo de Aço;242; ESTANTE DE AÇO ARQUIVO MORTO; 10/01/2019; CAMARA MUNICIPAL DE VEREADORES; Em uso;R$ 251,93; Compra
 CAMARA MUNICIPAL DE BALNEARIO GAIVOTA; MOVEIS; Cod.: 512 - Arquivo de Aço;241; ESTANTE DE AÇO ARQUIVO MORTO; 10/01/2019; CAMARA MUNICIPAL DE VEREADORES; Em uso;R$ 251,93; Compra
 PREFEITURA MUNICIPAL DE BALNEÁRIO GAIVOTA; Móveis; Ar Condicionado;7274; AR CONDICIONADO 9000BTUS FF ECO AGRATO; 02/01/2019; MANUTENÇÃO DA SECRETARIA DE ADMINISTRAÇÃ; Ativo;R$ 753,17; Compra Normal
 PREFEITURA MUNICIPAL DE BALNEÁRIO GAIVOTA; Móveis; Arquivo de Aço;7263; ARQUIVO DE AÇO C/4 GAVETAS RAO-4/50; 02/01/2019; DIRETORIA DE MEIO AMBIENTE; Ativo;R$ 189,40; Compra Normal
 PREFEITURA MUNICIPAL DE BALNEÁRIO GAIVOTA; Móveis; MONITORES;7259; MONITOR LED 19,5 LG 20M37AA D-SUB/DUAL SMART SOLUTION; 17/12/2018; MANUTENÇÃO DA SECRETARIA DE ADMINISTRAÇÃ; Ativo;R$ 253,85; Compra Normal
 PREFEITURA MUNICIPAL DE BALNEÁRIO GAIVOTA; Móveis; MONITORES;7262; MONITOR LG 19,5 LED 20M37AA DUAL SMART SOLUTION; 17/12/2018; FUNDO MUNICIPAL DE SAUDE; Ativo;R$ 248,87; Compra Normal
 PREFEITURA MUNICIPAL DE BALNEÁRIO GAIVOTA; Móveis; Bebedouro.;7282; PURIFICADOR REFRIGERADO PURUPRESS-40 220V 60HZ INOX IBBL; 12/12/2018; MANUTENÇÃO DA SECRETARIA DE EDUCAÇÃO; Ativo;R$ 416,07; Compra Normal
 PREFEITURA MUNICIPAL DE BALNEÁRIO GAIVOTA; Móveis; Bebedouro.;7283; PURIFICADOR REFRIGERADO PURUPRESS-40 220V 60HZ INOX IBBL; 12/12/2018; MANUTENÇÃO DA SECRETARIA DE EDUCAÇÃO; Ativo;R$ 416,07; Compra Normal
 CAMARA MUNICIPAL DE BALNEARIO GAIVOTA; MOVEIS; Cod.: 7 - MOVEIS;236; BALCAO BNHEIRO 65 CM COM ESPELHEIRA; 12/12/2018; CAMARA MUNICIPAL DE VEREADORES; Em uso;R$ 595,77; Compra
 CAMARA MUNICIPAL DE BALNEARIO GAIVOTA; MOVEIS; Cod.: 7 - MOVEIS;237; BALCAO BNHEIRO 65 CM COM ESPELHEIRA; 12/12/2018; CAMARA MUNICIPAL DE VEREADORES; Em uso;R$ 595,77; Compra
 CAMARA MUNICIPAL DE BALNEARIO GAIVOTA; MOVEIS; Cod.: 5 - DIVISORIAS;235; 22 METROS DE PAINEL HDF COM 3 PORTAS HDF COR MARFIN; 28/11/2018; CAMARA MUNICIPAL DE VEREADORES; Em uso;R$ 3.348,00; Compra
 PREFEITURA MUNICIPAL DE BALNEÁRIO GAIVOTA; Móveis; APARELHO DE COMUNICAÇÃO;7214; CELULAR SAMSUNG GALAXY J2 PRIME-PRETO; 27/11/2018; FUNDO MUNICIPAL DE SAUDE; Ativo;R$ 340,94; Compra Normal
 PREFEITURA MUNICIPAL DE BALNEÁRIO GAIVOTA; Móveis; MÁQUINAS, MOTORES;7224; SOPRADOR COSTAL BR 420 - STIHL; 23/11/2018; MANUTENÇÃO DA SECRETARIA DE OBRAS E SERV; Ativo;R$ 713,76; Compra Normal
 PREFEITURA MUNICIPAL DE BALNEÁRIO GAIVOTA; Móveis; IMPRESSORAS;7211; IMPRESSORA MULTIFUNCIONAL HP LASER M130MW 110V; 23/10/2018; APOIO A CRIANÇA E AO ADOLECESTE EM SITUA; Ativo;R$ 793,80; Compra Normal
 PREFEITURA MUNICIPAL DE BALNEÁRIO GAIVOTA; Móveis; MICROCOMPUTADOR;7210; COMPUTADOR CPU PENTIUM/PLACA MAE/GRAVADOURA DE DVD/HD 500/MEMORIA 4GB GABINETE; 15/10/2018; MANUTENÇÃO DA SECRETARIA DE ADMINISTRAÇÃ; Ativo;R$ 581,89; Compra Normal
 PREFEITURA MUNICIPAL DE BALNEÁRIO GAIVOTA; Móveis; IMPRESSORAS;7209; IMPRESSORA MULTIFUNCIONAL HP LASER M130MW110V; 01/10/2018; MANUTENÇÃO DA SECRETARIA DE ADMINISTRAÇÃ; Ativo;R$ 775,84; Compra Normal
 PREFEITURA MUNICIPAL DE BALNEÁRIO GAIVOTA; Móveis; MONITORES;7213; MONITOR 19,5 LED ACER VGA VESA INCLINACAO 25 V206HQL; 01/10/2018; MANUTENÇÃO DA SECRETARIA DE ADMINISTRAÇÃ; Ativo;R$ 234,60; Compra Normal
 PREFEITURA MUNICIPAL DE BALNEÁRIO GAIVOTA; Móveis; MONITORES;7195; LAVADORA LAV 400 3P TRIFASICO COMPLETA NACIONAL - PRESSURE COMPRESSORES; 27/09/2018; MANUTENÇÃO DA SECRETARIA DE OBRAS E SERV; Ativo;R$ 1.115,05; Compra Normal
 PREFEITURA MUNICIPAL DE BALNEÁRIO GAIVOTA; Móveis; Arquivo de Aço;6944; ARQUIVO DE ACO 4 GAVETAS RCH RAO 4/61; 27/09/2018; MANUTENÇÃO DA SECRETARIA DE ADMINISTRAÇÃ; Ativo;R$ 204,55; Compra Normal
 PREFEITURA MUNICIPAL DE BALNEÁRIO GAIVOTA; Móveis; MONITORES;7212; COMPRESSOR ODONTOLOGICO 50LTS FIAT; 20/09/2018; FUNDO MUNICIPAL DE SAUDE; Ativo;R$ 1.078,98; Compra Normal
 PREFEITURA MUNICIPAL DE BALNEÁRIO GAIVOTA; Móveis; MICROCOMPUTADOR;6947; COMPUTADOR CPU PENTIUM/GRAV. DVD/HD 500GB/MEM. 4GB/ GABINETE; 14/09/2018; MANUTENÇÃO DA SECRETARIA DE EDUCAÇÃO; Ativo;R$ 562,84; Compra Normal
 PREFEITURA MUNICIPAL DE BALNEÁRIO GAIVOTA; Móveis; MONITORES;7194; MONITOR AOC 21,5 LCD LED E2270SWN; 14/09/2018; MANUTENÇÃO DA SECRETARIA DE EDUCAÇÃO; Ativo;R$ 277,22; Compra Normal
 PREFEITURA MUNICIPAL DE BALNEÁRIO GAIVOTA; Móveis; IMPRESSORAS;6946; IMPRESSORA MULTIFUNCIONAL EPSON ECOTANK L396 WI-FI; 04/09/2018; FUNDO MUNICIPAL DE SAUDE; Ativo;R$ 512,85; Compra Normal
 PREFEITURA MUNICIPAL DE BALNEÁRIO GAIVOTA; Móveis; DRONE;6860; DRONE DJI PHANTOM ADVANCED 2.7K COMPLETO; 14/08/2018; MANUTENÇÃO DO GABINETE DO PREFEITO; Ativo;R$ 1.191,07; Compra Normal
 PREFEITURA MUNICIPAL DE BALNEÁRIO GAIVOTA; Móveis; ESTANTES;6833; ESTANTE METALICA COM 28 GAVETAS PLASTICA EMPILHAVEL AZUL 1.50X97 PRETO; 13/08/2018; FUNDO MUNICIPAL DE SAUDE; Ativo;R$ 217,28; Compra Normal
 PREFEITURA MUNICIPAL DE BALNEÁRIO GAIVOTA; Móveis; ESTANTES;6832; ESTANTE METALICA COM 28 GAVETAS PLASTICA EMPILHAVEL AZUL 1.50X97 PRETO; 13/08/2018; FUNDO MUNICIPAL DE SAUDE; Ativo;R$ 217,28; Compra Normal
 PREFEITURA MUNICIPAL DE BALNEÁRIO GAIVOTA; Móveis; ESTANTES;6831; ESTANTE METALICA COM 28 GAVETAS PLASTICA EMPILHAVEL AZUL 1.50X97 PRETO; 13/08/2018; FUNDO MUNICIPAL DE SAUDE; Ativo;R$ 217,28; Compra Normal
 PREFEITURA MUNICIPAL DE BALNEÁRIO GAIVOTA; Móveis; ESTANTES;6830; ESTANTE METALICA COM 28 GAVETAS PLASTICA EMPILHAVEL AZUL 1.50X97 PRETO; 13/08/2018; FUNDO MUNICIPAL DE SAUDE; Ativo;R$ 217,28; Compra Normal
 PREFEITURA MUNICIPAL DE BALNEÁRIO GAIVOTA; Móveis; ESTANTES;6829; ESTANTE METALICA COM 28 GAVETAS PLASTICA EMPILHAVEL AZUL 1.50X97 PRETO; 13/08/2018; FUNDO MUNICIPAL DE SAUDE; Ativo;R$ 217,28; Compra Normal
 PREFEITURA MUNICIPAL DE BALNEÁRIO GAIVOTA; Móveis; ESTANTES;6828; ESTANTE METALICA COM 28 GAVETAS PLASTICA EMPILHAVEL AZUL 1.50X97 PRETO; 13/08/2018; FUNDO MUNICIPAL DE SAUDE; Ativo;R$ 217,28; Compra Normal
 PREFEITURA MUNICIPAL DE BALNEÁRIO GAIVOTA; Móveis; ESTANTES;6834; ESTANTE METALICA COM 28 GAVETAS PLASTICA EMPILHAVEL AZUL 1.50X97 PRETO; 13/08/2018; FUNDO MUNICIPAL DE SAUDE; Ativo;R$ 217,28; Compra Normal
 PREFEITURA MUNICIPAL DE BALNEÁRIO GAIVOTA; Móveis; MESA;6839; CONJUNTO MESA CLASSIC COM CADEIRA BRASIL; 13/08/2018; FUNDO MUNICIPAL DE SAUDE; Ativo;R$ 256,50; Compra Normal
 PREFEITURA MUNICIPAL DE BALNEÁRIO GAIVOTA; Móveis; MESA;6841; ESCRIVANINHA/MESA  FENIX BRACO POLITORNO; 13/08/2018; FUNDO MUNICIPAL DE SAUDE; Ativo;R$ 143,20; Compra Normal
 PREFEITURA MUNICIPAL DE BALNEÁRIO GAIVOTA; Móveis; MESA;6840; ESCRIVANINHA/MESA  FENIX BRACO POLITORNO; 13/08/2018; FUNDO MUNICIPAL DE SAUDE; Ativo;R$ 143,20; Compra Normal
 PREFEITURA MUNICIPAL DE BALNEÁRIO GAIVOTA; Móveis; MESA;6842; MESA 2,00X1,00 BRANCA EM MDF MARCENARIA DUMAR; 13/08/2018; FUNDO MUNICIPAL DE SAUDE; Ativo;R$ 209,19; Compra Normal
 PREFEITURA MUNICIPAL DE BALNEÁRIO GAIVOTA; Móveis; NO-BREAK;6871; SISTEMAS DE BATERIAS / NOBREAK NTX 903EII 3KVA/2,7KW 72VDC E220V S220V B19AH/ 06 BATERIAS DF1000 FREDOM; 09/08/2018; FUNDO MUNICIPAL DE SAUDE; Ativo;R$ 3.332,13; Compra Normal
 PREFEITURA MUNICIPAL DE BALNEÁRIO GAIVOTA; Móveis; IMPRESSORAS;6826; IMPRESSORA MULTIFUNCIONAL LASERJET MONO HP M426DW; 06/08/2018; MANUTENÇÃO DA SECRETARIA DE EDUCAÇÃO; Ativo;R$ 985,92; Compra Normal
 PREFEITURA MUNICIPAL DE BALNEÁRIO GAIVOTA; Móveis; IMPRESSORAS;6859; IMPRESSORA MULTIFUNCIONAL LASERJET MONO HP M426DW; 03/08/2018; MANUTENÇÃO DA SECRETARIA DE ADMINISTRAÇÃ; Ativo;R$ 982,61; Compra Normal
 PREFEITURA MUNICIPAL DE BALNEÁRIO GAIVOTA; Móveis; IMPRESSORAS;6853; IMPRESSORA MONO 40PPM HL-L6202DW BROTHER; 16/07/2018; FUNDO MUNICIPAL DE SAUDE; Baixado;R$ 1.281,69; Compra Normal
 PREFEITURA MUNICIPAL DE BALNEÁRIO GAIVOTA; Móveis; MOBILIÁRIO EM GERAL;6874; BIOMBO TRIPLO - OLH04; 16/07/2018; FUNDO MUNICIPAL DE SAUDE; Ativo;R$ 208,83; Compra Normal
 PREFEITURA MUNICIPAL DE BALNEÁRIO GAIVOTA; Móveis; MOBILIÁRIO EM GERAL;6926; BIOMBO TRIPLO - OLH04; 16/07/2018; FUNDO MUNICIPAL DE SAUDE; Ativo;R$ 208,83; Compra Normal
 PREFEITURA MUNICIPAL DE BALNEÁRIO GAIVOTA; Móveis; EQUIPAMENTOS MÉDICOS;6873; DETECTOR FETAL DF700ID; 16/07/2018; FUNDO MUNICIPAL DE SAUDE; Baixado;R$ 440,23; Compra Normal
 PREFEITURA MUNICIPAL DE BALNEÁRIO GAIVOTA; Móveis; EQUIPAMENTOS MÉDICOS;6875; FOCO CLINICO LED EPOXI LV107 - LEVITA; 16/07/2018; FUNDO MUNICIPAL DE SAUDE; Ativo;R$ 293,28; Compra Normal
 PREFEITURA MUNICIPAL DE BALNEÁRIO GAIVOTA; Móveis; EQUIPAMENTOS MÉDICOS;6876; FOCO CLINICO LED EPOXI LV107 - LEVITA; 16/07/2018; FUNDO MUNICIPAL DE SAUDE; Ativo;R$ 293,28; Compra Normal
 PREFEITURA MUNICIPAL DE BALNEÁRIO GAIVOTA; Móveis; EQUIPAMENTOS MÉDICOS;6877; FOCO CLINICO LED EPOXI LV107 - LEVITA; 16/07/2018; FUNDO MUNICIPAL DE SAUDE; Ativo;R$ 293,28; Compra Normal
 PREFEITURA MUNICIPAL DE BALNEÁRIO GAIVOTA; Móveis; EQUIPAMENTOS MÉDICOS;6895; MESA/MACA GINECOLOGICA; 16/07/2018; FUNDO MUNICIPAL DE SAUDE; Ativo;R$ 714,46; Compra Normal
 PREFEITURA MUNICIPAL DE BALNEÁRIO GAIVOTA; Móveis; Arquivo de Aço;6976; ARQUIVO DE AÇO 3A 04 GAVETAS; 16/07/2018; APOIO A CRIANÇA E AO ADOLECESTE EM SITUA; Ativo;R$ 188,56; Compra Normal
 PREFEITURA MUNICIPAL DE BALNEÁRIO GAIVOTA; Móveis; MESA;6930; MESA 120X60 30MM ROMA COM 2 GAVETAS; 12/07/2018; FUNDO MUNICIPAL DE SAUDE; Ativo;R$ 142,58; Compra Normal
 PREFEITURA MUNICIPAL DE BALNEÁRIO GAIVOTA; Móveis; GELADEIRA;6864; REFRIGERADOR DCW42 362LTS ELECTROLUX; 11/07/2018; MANUTENÇÃO DA SECRETARIA DE EDUCAÇÃO; Ativo;R$ 717,87; Compra Normal
 PREFEITURA MUNICIPAL DE BALNEÁRIO GAIVOTA; Móveis; TELEVISOR;6890; TELEVISOR TV 43P LG 43LV300C LED FULL HD USB HDMI; 22/06/2018; FUNDO MUNICIPAL DE SAUDE; Ativo;R$ 817,11; Compra Normal
 PREFEITURA MUNICIPAL DE BALNEÁRIO GAIVOTA; Móveis; TELEVISOR;6891; TELEVISOR TV 43P LG 43LV300C LED FULL HD USB HDMI; 22/06/2018; FUNDO MUNICIPAL DE SAUDE; Baixado;R$ 1.085,94; Compra Normal
 PREFEITURA MUNICIPAL DE BALNEÁRIO GAIVOTA; Móveis; MICROCOMPUTADOR;6862; COMPUTADOR CPU PENTIUM/PLACA MAE/GRAVADOR DE DVD/HD 500GB/MEM 4GB/GABINETE; 22/06/2018; MANUTENÇÃO DA SECRETARIA DE EDUCAÇÃO; Ativo;R$ 511,70; Compra Normal
 PREFEITURA MUNICIPAL DE BALNEÁRIO GAIVOTA; Móveis; APARELHO DE COMUNICAÇÃO;7122; CELULAR MOTOROLA XT1726 MOTO C PLUS 16GB OURO; 22/06/2018; APOIO A CRIANÇA E AO ADOLECESTE EM SITUA; Ativo;R$ 302,95; Compra Normal
 PREFEITURA MUNICIPAL DE BALNEÁRIO GAIVOTA; Imóveis; CONSTRUÇÕES; -; REFERENTE A SERVICO DE ENGENHARIA PARA EXECUTAR A READEQUACAO DA ESTRUTURA DE COBERTURA DA QUADRA COBERTA DA ESCOLA DE ENSINO FUNDAMENTAL ALBINO BERNARDINO DE MELO. SECRETARIA DE EDUCACAO; 15/06/2018; MANUTENÇÃO DA SECRETARIA DE OBRAS E SERV; Ativo;R$ 13.922,10; Compra Normal
 PREFEITURA MUNICIPAL DE BALNEÁRIO GAIVOTA; Móveis; Balanças;6932; BALANCA ANTOPOMETRICA INFANTIL WELMY 109E; 15/06/2018; FUNDO MUNICIPAL DE SAUDE; Ativo;R$ 404,77; Compra Normal
 PREFEITURA MUNICIPAL DE BALNEÁRIO GAIVOTA; Móveis; Balanças;6933; BALANCA ANTOPOMETRICA INFANTIL WELMY 109E; 15/06/2018; FUNDO MUNICIPAL DE SAUDE; Ativo;R$ 404,77; Compra Normal
 PREFEITURA MUNICIPAL DE BALNEÁRIO GAIVOTA; Móveis; Balanças;6934; BALANCA ANTOPOMETRICA INFANTIL WELMY 109E; 15/06/2018; FUNDO MUNICIPAL DE SAUDE; Ativo;R$ 404,77; Compra Normal
 PREFEITURA MUNICIPAL DE BALNEÁRIO GAIVOTA; Móveis; Balanças;7201; BALANCA ANTOPOMETRICA INFANTIL WELMY 109E; 15/06/2018; FUNDO MUNICIPAL DE SAUDE; Ativo;R$ 404,77; Compra Normal
 PREFEITURA MUNICIPAL DE BALNEÁRIO GAIVOTA; Móveis; Balanças;6912; BALANCA W200/100 WELMY W200/100; 15/06/2018; FUNDO MUNICIPAL DE SAUDE; Ativo;R$ 606,43; Compra Normal
 PREFEITURA MUNICIPAL DE BALNEÁRIO GAIVOTA; Móveis; Balanças;6885; BALANCA W200/100 WELMY W200/100; 15/06/2018; FUNDO MUNICIPAL DE SAUDE; Ativo;R$ 606,43; Compra Normal
 PREFEITURA MUNICIPAL DE BALNEÁRIO GAIVOTA; Móveis; Balanças;6884; BALANCA W300A BRANCA 40X50 LED WELMY W300 WELMY; 15/06/2018; FUNDO MUNICIPAL DE SAUDE; Ativo;R$ 811,77; Compra Normal
 PREFEITURA MUNICIPAL DE BALNEÁRIO GAIVOTA; Móveis; EQUIPAMENTOS MÉDICOS;6886; BISTURI ELETRICO EMAI MOD. BP-150S; 15/06/2018; FUNDO MUNICIPAL DE SAUDE; Ativo;R$ 3.007,73; Compra Normal
 PREFEITURA MUNICIPAL DE BALNEÁRIO GAIVOTA; Móveis; EQUIPAMENTOS MÉDICOS;6887; COLPOSCOPIO BINOCULAR PE-700V; 15/06/2018; FUNDO MUNICIPAL DE SAUDE; Ativo;R$ 10.170,93; Compra Normal
 PREFEITURA MUNICIPAL DE BALNEÁRIO GAIVOTA; Móveis; EQUIPAMENTOS MÉDICOS;6894; DERMATOSCOPIO MISSOURI 501/LED 501 LED 10 VEZES; 15/06/2018; FUNDO MUNICIPAL DE SAUDE; Ativo;R$ 1.055,97; Compra Normal
 PREFEITURA MUNICIPAL DE BALNEÁRIO GAIVOTA; Móveis; EQUIPAMENTOS MÉDICOS;6872; DETECTOR FETAL DF7001D; 15/06/2018; FUNDO MUNICIPAL DE SAUDE; Baixado;R$ 428,18; Compra Normal
 PREFEITURA MUNICIPAL DE BALNEÁRIO GAIVOTA; Móveis; EQUIPAMENTOS MÉDICOS;6888; ESTADIOMETRO DE PAREDE P/ ADULTOS WELMY C/2M; 15/06/2018; FUNDO MUNICIPAL DE SAUDE; Ativo;R$ 150,59; Compra Normal
 PREFEITURA MUNICIPAL DE BALNEÁRIO GAIVOTA; Móveis; MESA;6927; MESA DE MAYO INOX OLH30; 15/06/2018; FUNDO MUNICIPAL DE SAUDE; Ativo;R$ 305,25; Compra Normal
 PREFEITURA MUNICIPAL DE BALNEÁRIO GAIVOTA; Móveis; EQUIPAMENTOS MÉDICOS;6939; OTOSCOPIO MD 2.5V MARK II MD MARK II; 15/06/2018; FUNDO MUNICIPAL DE SAUDE; Ativo;R$ 162,20; Compra Normal
 PREFEITURA MUNICIPAL DE BALNEÁRIO GAIVOTA; Móveis; EQUIPAMENTOS MÉDICOS;6940; OTOSCOPIO MD 2.5V MARK II MD MARK II; 15/06/2018; FUNDO MUNICIPAL DE SAUDE; Ativo;R$ 162,20; Compra Normal
 PREFEITURA MUNICIPAL DE BALNEÁRIO GAIVOTA; Móveis; EQUIPAMENTOS MÉDICOS;6941; OTOSCOPIO MD 2.5V MARK II MD MARK II; 15/06/2018; FUNDO MUNICIPAL DE SAUDE; Ativo;R$ 162,20; Compra Normal
 PREFEITURA MUNICIPAL DE BALNEÁRIO GAIVOTA; Móveis; EQUIPAMENTOS MÉDICOS;6942; OTOSCOPIO MD 2.5V MARK II MD MARK II; 15/06/2018; FUNDO MUNICIPAL DE SAUDE; Ativo;R$ 162,20; Compra Normal
 PREFEITURA MUNICIPAL DE BALNEÁRIO GAIVOTA; Móveis; EQUIPAMENTOS MÉDICOS;6943; OTOSCOPIO MD 2.5V MARK II MD MARK II; 15/06/2018; FUNDO MUNICIPAL DE SAUDE; Ativo;R$ 162,20; Compra Normal
 PREFEITURA MUNICIPAL DE BALNEÁRIO GAIVOTA; Móveis; Balanças;6923; BALANCA ANTOPOMETRICA INFANTIL WELMY 109E; 15/06/2018; FUNDO MUNICIPAL DE SAUDE; Baixado;R$ 404,77; Compra Normal
 PREFEITURA MUNICIPAL DE BALNEÁRIO GAIVOTA; Móveis; ESTANTES;6848; ESTANTE DE ACO C/6 PRAT. 1,98X0,92X0,30 RCH; 14/06/2018; FUNDO MUNICIPAL DE SAUDE; Ativo;R$ 149,80; Compra Normal
 PREFEITURA MUNICIPAL DE BALNEÁRIO GAIVOTA; Móveis; ESTANTES;6849; ESTANTE DE ACO C/6 PRAT. 1,98X0,92X0,30 RCH; 14/06/2018; FUNDO MUNICIPAL DE SAUDE; Ativo;R$ 149,80; Compra Normal
 PREFEITURA MUNICIPAL DE BALNEÁRIO GAIVOTA; Móveis; APARELHO DE COMUNICAÇÃO;7202; RETROPROJETOR/PROJETOR/DATASHOW EPSON X27 2700 LUMENS; 14/06/2018; FUNDO MUNICIPAL DE SAUDE; Ativo;R$ 1.252,83; Compra Normal
 PREFEITURA MUNICIPAL DE BALNEÁRIO GAIVOTA; Móveis; Tela de Projeção;7203; TELA RETROPROJETOR/PROJETOR/DATASHOW TTM180SA 180X180 TRIPE; 14/06/2018; FUNDO MUNICIPAL DE SAUDE; Ativo;R$ 322,97; Compra Normal
 PREFEITURA MUNICIPAL DE BALNEÁRIO GAIVOTA; Móveis; LEITOR DE CODIGO DE BARRAS;6858; LEITOR CB LASER METROL ECLIPSE MK5145; 14/06/2018; FUNDO MUNICIPAL DE SAUDE; Ativo;R$ 160,97; Compra Normal
 PREFEITURA MUNICIPAL DE BALNEÁRIO GAIVOTA; Móveis; NO-BREAK;6856; NOBREAK 1500VA UPS PROFICIONAL TS SHARA; 14/06/2018; FUNDO MUNICIPAL DE SAUDE; Ativo;R$ 362,00; Compra Normal
 PREFEITURA MUNICIPAL DE BALNEÁRIO GAIVOTA; Móveis; NO-BREAK;6892; NOBREAK 1500VA UPS PROFICIONAL TS SHARA; 14/06/2018; FUNDO MUNICIPAL DE SAUDE; Ativo;R$ 362,00; Compra Normal
 PREFEITURA MUNICIPAL DE BALNEÁRIO GAIVOTA; Móveis; NO-BREAK;6857; NOBREAK 1500VA UPS PROFICIONAL TS SHARA; 14/06/2018; FUNDO MUNICIPAL DE SAUDE; Ativo;R$ 362,00; Compra Normal
 PREFEITURA MUNICIPAL DE BALNEÁRIO GAIVOTA; Móveis; NOTEBOOK;6893; NOTEBOOK ACER A515-51-51UX CORE I5/8GB/1TB/15; 14/06/2018; FUNDO MUNICIPAL DE SAUDE; Ativo;R$ 1.418,68; Compra Normal
 PREFEITURA MUNICIPAL DE BALNEÁRIO GAIVOTA; Móveis; MONITORES;6915; MONITOR LCD 19,5 LED LG 20M37AA; 14/06/2018; FUNDO MUNICIPAL DE SAUDE; Ativo;R$ 233,54; Compra Normal
 PREFEITURA MUNICIPAL DE BALNEÁRIO GAIVOTA; Móveis; MONITORES;6878; MONITOR LCD 19,5 LED LG 20M37AA; 14/06/2018; FUNDO MUNICIPAL DE SAUDE; Ativo;R$ 233,54; Compra Normal
 PREFEITURA MUNICIPAL DE BALNEÁRIO GAIVOTA; Móveis; MONITORES;6879; MONITOR LCD 19,5 LED LG 20M37AA; 14/06/2018; FUNDO MUNICIPAL DE SAUDE; Ativo;R$ 233,54; Compra Normal
 PREFEITURA MUNICIPAL DE BALNEÁRIO GAIVOTA; Móveis; MONITORES;6880; MONITOR LCD 19,5 LED LG 20M37AA; 14/06/2018; DENGUE; Ativo;R$ 233,54; Compra Normal
 PREFEITURA MUNICIPAL DE BALNEÁRIO GAIVOTA; Móveis; MONITORES;6914; MONITOR LCD 19,5 LED LG 20M37AA; 14/06/2018; FUNDO MUNICIPAL DE SAUDE; Ativo;R$ 233,54; Compra Normal
 PREFEITURA MUNICIPAL DE BALNEÁRIO GAIVOTA; Móveis; MICROCOMPUTADOR;6913; COMPUTADOR CPU PROC. I3-6100/MB LGA 1151/MEM 8GB/HD 500GB/GRAV DVD/MOUSE/TECLADO; 14/06/2018; FUNDO MUNICIPAL DE SAUDE; Ativo;R$ 958,32; Compra Normal
 PREFEITURA MUNICIPAL DE BALNEÁRIO GAIVOTA; Móveis; MICROCOMPUTADOR;6916; COMPUTADOR CPU PROC. I3-6100/MB LGA 1151/MEM 8GB/HD 500GB/GRAV DVD/MOUSE/TECLADO; 14/06/2018; FUNDO MUNICIPAL DE SAUDE; Ativo;R$ 958,32; Compra Normal
 PREFEITURA MUNICIPAL DE BALNEÁRIO GAIVOTA; Móveis; MICROCOMPUTADOR;7206; COMPUTADOR CPU PROC. I3-6100/MB LGA 1151/MEM 8GB/HD 500GB/GRAV DVD/MOUSE/TECLADO; 14/06/2018; FUNDO MUNICIPAL DE SAUDE; Ativo;R$ 958,32; Compra Normal
 PREFEITURA MUNICIPAL DE BALNEÁRIO GAIVOTA; Móveis; MICROCOMPUTADOR;7207; COMPUTADOR CPU PROC. I3-6100/MB LGA 1151/MEM 8GB/HD 500GB/GRAV DVD/MOUSE/TECLADO; 14/06/2018; FUNDO MUNICIPAL DE SAUDE; Ativo;R$ 958,32; Compra Normal
 PREFEITURA MUNICIPAL DE BALNEÁRIO GAIVOTA; Móveis; MICROCOMPUTADOR;7208; COMPUTADOR CPU PROC. I3-6100/MB LGA 1151/MEM 8GB/HD 500GB/GRAV DVD/MOUSE/TECLADO; 14/06/2018; FUNDO MUNICIPAL DE SAUDE; Ativo;R$ 958,32; Compra Normal
 PREFEITURA MUNICIPAL DE BALNEÁRIO GAIVOTA; Móveis; GELADEIRA;6854; REFRIGERADOR 261L CONSUL 1 PORTA CRA30FB; 14/06/2018; FUNDO MUNICIPAL DE SAUDE; Ativo;R$ 588,01; Compra Normal
 PREFEITURA MUNICIPAL DE BALNEÁRIO GAIVOTA; Móveis; Ar Condicionado;6855; AR CONDICIONADO COND/EVAPORADOR 12000BTUS Q/F ECO AGRAFO; 14/06/2018; FUNDO MUNICIPAL DE SAUDE; Ativo;R$ 971,53; Compra Normal
 PREFEITURA MUNICIPAL DE BALNEÁRIO GAIVOTA; Móveis; Arquivo de Aço;6850; ARMARIO DE ACO 02 PORTAS GERENCIA RAA402; 14/06/2018; FUNDO MUNICIPAL DE SAUDE; Ativo;R$ 284,55; Compra Normal
 PREFEITURA MUNICIPAL DE BALNEÁRIO GAIVOTA; Móveis; Arquivo de Aço;6851; ARMARIO DE ACO 02 PORTAS GERENCIA RAA402; 14/06/2018; FUNDO MUNICIPAL DE SAUDE; Ativo;R$ 284,55; Compra Normal
 PREFEITURA MUNICIPAL DE BALNEÁRIO GAIVOTA; Móveis; Arquivo de Aço;6852; ARQUIVO DE ACO 04 GAVETAS 4/61 RCH; 14/06/2018; FUNDO MUNICIPAL DE SAUDE; Ativo;R$ 219,51; Compra Normal
 PREFEITURA MUNICIPAL DE BALNEÁRIO GAIVOTA; Móveis; CADEIRA;6899; CADEIRA P/ OBESO DIRETOR 4 PES METALCAD; 14/06/2018; FUNDO MUNICIPAL DE SAUDE; Ativo;R$ 161,79; Compra Normal
 PREFEITURA MUNICIPAL DE BALNEÁRIO GAIVOTA; Móveis; ESTANTES;6845; ESTANTE DE ACO C/6 PRAT. 1,98X0,92X0,30 RCH; 14/06/2018; FUNDO MUNICIPAL DE SAUDE; Ativo;R$ 149,80; Compra Normal
 PREFEITURA MUNICIPAL DE BALNEÁRIO GAIVOTA; Móveis; ESTANTES;6846; ESTANTE DE ACO C/6 PRAT. 1,98X0,92X0,30 RCH; 14/06/2018; FUNDO MUNICIPAL DE SAUDE; Ativo;R$ 149,80; Compra Normal
 PREFEITURA MUNICIPAL DE BALNEÁRIO GAIVOTA; Móveis; ESTANTES;6847; ESTANTE DE ACO C/6 PRAT. 1,98X0,92X0,30 RCH; 14/06/2018; FUNDO MUNICIPAL DE SAUDE; Ativo;R$ 149,80; Compra Normal
 PREFEITURA MUNICIPAL DE BALNEÁRIO GAIVOTA; Móveis; FOGÃO A GÁS;6861; FOGAO INDUSTRIAL 06 BOCAS; 04/06/2018; MANUTENÇÃO DA SECRETARIA DE EDUCAÇÃO; Ativo;R$ 638,38; Compra Normal
 PREFEITURA MUNICIPAL DE BALNEÁRIO GAIVOTA; Móveis; FOGÃO A GÁS;6863; FOGAO INDUSTRIAL 06 BOCAS; 04/06/2018; MANUTENÇÃO DA SECRETARIA DE EDUCAÇÃO; Ativo;R$ 638,38; Compra Normal
 PREFEITURA MUNICIPAL DE BALNEÁRIO GAIVOTA; Móveis; GELADEIRA;6672; REFRIGERADOR ELETROLUX DC49A; 30/05/2018; MANUTENÇÃO DA SECRETARIA DE EDUCAÇÃO; Ativo;R$ 956,88; Compra Normal
 PREFEITURA MUNICIPAL DE BALNEÁRIO GAIVOTA; Móveis; Arquivo de Aço;6784; ARQUIVO DE ACO 04 GAVETAS RCH RAO 4/61; 24/05/2018; MANUTENÇÃO DA SECRETARIA DE ARRECADAÇÃO; Ativo;R$ 176,87; Compra Normal
 PREFEITURA MUNICIPAL DE BALNEÁRIO GAIVOTA; Móveis; TELEFONE;7205; CELULAR MULTILASER MS50L P9051 PTO/GRAF; 23/05/2018; MANUTENÇÃO DO CONSELHO TUTELAR; Ativo;R$ 180,17; Compra Normal
 PREFEITURA MUNICIPAL DE BALNEÁRIO GAIVOTA; Móveis; Armário;6795; ARMARIO 2 PORTAS BRANCO; 17/05/2018; MANUTENÇÃO DA SECRETARIA DE EDUCAÇÃO; Ativo;R$ 135,79; Compra Normal
 PREFEITURA MUNICIPAL DE BALNEÁRIO GAIVOTA; Móveis; Armário;6807; ARMARIO 2 PORTAS BRANCO; 17/05/2018; MANUTENÇÃO DA SECRETARIA DE EDUCAÇÃO; Ativo;R$ 135,79; Compra Normal
 PREFEITURA MUNICIPAL DE BALNEÁRIO GAIVOTA; Móveis; Armário;6819; ARMARIO 2 PORTAS BRANCO; 17/05/2018; MANUTENÇÃO DA SECRETARIA DE EDUCAÇÃO; Ativo;R$ 135,79; Compra Normal
 PREFEITURA MUNICIPAL DE BALNEÁRIO GAIVOTA; Móveis; Armário;6870; ARMARIO 2 PORTAS BRANCO; 17/05/2018; MANUTENÇÃO DA SECRETARIA DE EDUCAÇÃO; Ativo;R$ 135,79; Compra Normal
 PREFEITURA MUNICIPAL DE BALNEÁRIO GAIVOTA; Móveis; Armário;6869; ARMARIO 2 PORTAS BRANCO; 17/05/2018; MANUTENÇÃO DA SECRETARIA DE EDUCAÇÃO; Ativo;R$ 135,79; Compra Normal
 PREFEITURA MUNICIPAL DE BALNEÁRIO GAIVOTA; Móveis; Arquivo de Aço;6794; ARQUIVO 04 GAVETAS; 17/05/2018; MANUTENÇÃO DA SECRETARIA DE EDUCAÇÃO; Ativo;R$ 170,35; Compra Normal
 PREFEITURA MUNICIPAL DE BALNEÁRIO GAIVOTA; Móveis; Arquivo de Aço;6808; ARQUIVO 04 GAVETAS; 17/05/2018; MANUTENÇÃO DA SECRETARIA DE EDUCAÇÃO; Ativo;R$ 170,35; Compra Normal
 PREFEITURA MUNICIPAL DE BALNEÁRIO GAIVOTA; Móveis; MOBILIÁRIO EM GERAL;7618; ESCRIVANINHA BRANCA 2 GAVETAS; 17/05/2018; MANUTENÇÃO DA SECRETARIA DE EDUCAÇÃO; Ativo;R$ 147,08; Compra Normal
 PREFEITURA MUNICIPAL DE BALNEÁRIO GAIVOTA; Móveis; MOBILIÁRIO EM GERAL;6805; ESCRIVANINHA BRANCA 2 GAVETAS; 17/05/2018; MANUTENÇÃO DA SECRETARIA DE EDUCAÇÃO; Ativo;R$ 147,08; Compra Normal
 PREFEITURA MUNICIPAL DE BALNEÁRIO GAIVOTA; Móveis; Armário;6868; ARMARIO 2 PORTAS BRANCO; 17/05/2018; MANUTENÇÃO DA SECRETARIA DE EDUCAÇÃO; Ativo;R$ 135,79; Compra Normal
 PREFEITURA MUNICIPAL DE BALNEÁRIO GAIVOTA; Móveis; Arquivo de Aço;6821; ARQUIVO 04 GAVETAS; 17/05/2018; MANUTENÇÃO DA SECRETARIA DE EDUCAÇÃO; Ativo;R$ 170,35; Compra Normal
 PREFEITURA MUNICIPAL DE BALNEÁRIO GAIVOTA; Móveis; Arquivo de Aço;6866; ARQUIVO 04 GAVETAS; 17/05/2018; MANUTENÇÃO DA SECRETARIA DE EDUCAÇÃO; Ativo;R$ 170,35; Compra Normal
 PREFEITURA MUNICIPAL DE BALNEÁRIO GAIVOTA; Móveis; MOBILIÁRIO EM GERAL;6806; ESCRIVANINHA BRANCA 2 GAVETAS; 17/05/2018; MANUTENÇÃO DA SECRETARIA DE EDUCAÇÃO; Ativo;R$ 147,08; Compra Normal
 PREFEITURA MUNICIPAL DE BALNEÁRIO GAIVOTA; Móveis; MOBILIÁRIO EM GERAL;6867; ESCRIVANINHA BRANCA 2 GAVETAS; 17/05/2018; MANUTENÇÃO DA SECRETARIA DE EDUCAÇÃO; Ativo;R$ 147,08; Compra Normal
 PREFEITURA MUNICIPAL DE BALNEÁRIO GAIVOTA; Móveis; MOBILIÁRIO EM GERAL;6823; BANCO 1.90X0.30X0.42; 16/05/2018; MANUTENÇÃO DA SECRETARIA DE EDUCAÇÃO; Ativo;R$ 121,79; Compra Normal
 PREFEITURA MUNICIPAL DE BALNEÁRIO GAIVOTA; Imóveis; CONSTRUÇÕES; -; REFERENTE A SERVICO DE ENGENHARIA PARA A EXECUÇÃO DE REFORMA E AMPLIAÇÃO DO CENTRO DE ENSINO INFANTIL (C.E.I) TIA BENTA, COM UMA AMPLIAÇÃO TOTAL DE 16,30M², CONFORME PROJETOS, MEMORIAL DESCRITIVO, PLANILHA ESTIMATIVA DE QUANTITATIVOS E CUSTOS E CRONOGRAMA FISICO FINANCEIRO.; 16/05/2018; MANUTENÇÃO DA SECRETARIA DE OBRAS E SERV; Ativo;R$ 45.980,43; Compra Normal
 PREFEITURA MUNICIPAL DE BALNEÁRIO GAIVOTA; Móveis; MESA;6797; MESA REFEITORIO 2.0X0.70X0.72; 16/05/2018; MANUTENÇÃO DA SECRETARIA DE EDUCAÇÃO; Ativo;R$ 235,35; Compra Normal
 PREFEITURA MUNICIPAL DE BALNEÁRIO GAIVOTA; Móveis; MESA;6798; MESA REFEITORIO 2.0X0.70X0.72; 16/05/2018; MANUTENÇÃO DA SECRETARIA DE EDUCAÇÃO; Ativo;R$ 235,35; Compra Normal
 PREFEITURA MUNICIPAL DE BALNEÁRIO GAIVOTA; Móveis; MESA;6822; MESA REFEITORIO 2.0X0.70X0.72; 16/05/2018; MANUTENÇÃO DA SECRETARIA DE EDUCAÇÃO; Ativo;R$ 235,35; Compra Normal
 PREFEITURA MUNICIPAL DE BALNEÁRIO GAIVOTA; Móveis; MOBILIÁRIO EM GERAL;6799; BANCO 1.90X0.30X0.42; 16/05/2018; MANUTENÇÃO DA SECRETARIA DE EDUCAÇÃO; Ativo;R$ 121,79; Compra Normal
 PREFEITURA MUNICIPAL DE BALNEÁRIO GAIVOTA; Móveis; MOBILIÁRIO EM GERAL;6796; BANCO 1.90X0.30X0.42; 16/05/2018; MANUTENÇÃO DA SECRETARIA DE EDUCAÇÃO; Ativo;R$ 121,79; Compra Normal
 PREFEITURA MUNICIPAL DE BALNEÁRIO GAIVOTA; Móveis; MOBILIÁRIO EM GERAL;6800; BANCO 1.90X0.30X0.42; 16/05/2018; MANUTENÇÃO DA SECRETARIA DE EDUCAÇÃO; Ativo;R$ 121,79; Compra Normal
 PREFEITURA MUNICIPAL DE BALNEÁRIO GAIVOTA; Móveis; MOBILIÁRIO EM GERAL;6801; BANCO 1.90X0.30X0.42; 16/05/2018; MANUTENÇÃO DA SECRETARIA DE EDUCAÇÃO; Ativo;R$ 121,79; Compra Normal
 PREFEITURA MUNICIPAL DE BALNEÁRIO GAIVOTA; Móveis; MOBILIÁRIO EM GERAL;6824; BANCO 1.90X0.30X0.42; 16/05/2018; MANUTENÇÃO DA SECRETARIA DE EDUCAÇÃO; Ativo;R$ 121,79; Compra Normal
 PREFEITURA MUNICIPAL DE BALNEÁRIO GAIVOTA; Móveis; MOBILIÁRIO EM GERAL;6790; BERÇO 1R11 PP BRANCO RODIAL; 10/05/2018; MANUTENÇÃO DA SECRETARIA DE EDUCAÇÃO; Ativo;R$ 118,55; Compra Normal
 PREFEITURA MUNICIPAL DE BALNEÁRIO GAIVOTA; Móveis; MOBILIÁRIO EM GERAL;6791; BERÇO 1R11 PP BRANCO RODIAL; 10/05/2018; MANUTENÇÃO DA SECRETARIA DE EDUCAÇÃO; Ativo;R$ 118,55; Compra Normal
 PREFEITURA MUNICIPAL DE BALNEÁRIO GAIVOTA; Móveis; MOBILIÁRIO EM GERAL;6792; BERÇO 1R11 PP BRANCO RODIAL; 10/05/2018; MANUTENÇÃO DA SECRETARIA DE EDUCAÇÃO; Ativo;R$ 118,55; Compra Normal
 PREFEITURA MUNICIPAL DE BALNEÁRIO GAIVOTA; Móveis; MOBILIÁRIO EM GERAL;6803; BERÇO 1R11 PP BRANCO RODIAL; 10/05/2018; MANUTENÇÃO DA SECRETARIA DE EDUCAÇÃO; Ativo;R$ 118,55; Compra Normal
 PREFEITURA MUNICIPAL DE BALNEÁRIO GAIVOTA; Móveis; MOBILIÁRIO EM GERAL;6804; BERÇO 1R11 PP BRANCO RODIAL; 10/05/2018; MANUTENÇÃO DA SECRETARIA DE EDUCAÇÃO; Ativo;R$ 118,55; Compra Normal
 PREFEITURA MUNICIPAL DE BALNEÁRIO GAIVOTA; Móveis; MOBILIÁRIO EM GERAL;6810; BERÇO 1R11 PP BRANCO RODIAL; 10/05/2018; BENS INSERVÍVEIS; Ativo;R$ 118,55; Compra Normal
 PREFEITURA MUNICIPAL DE BALNEÁRIO GAIVOTA; Móveis; MOBILIÁRIO EM GERAL;6809; BERÇO 1R11 PP BRANCO RODIAL; 10/05/2018; BENS INSERVÍVEIS; Ativo;R$ 118,55; Compra Normal
 PREFEITURA MUNICIPAL DE BALNEÁRIO GAIVOTA; Móveis; MOBILIÁRIO EM GERAL;6811; BERÇO 1R11 PP BRANCO RODIAL; 10/05/2018; MANUTENÇÃO DA SECRETARIA DE EDUCAÇÃO; Ativo;R$ 118,55; Compra Normal
 PREFEITURA MUNICIPAL DE BALNEÁRIO GAIVOTA; Móveis; MOBILIÁRIO EM GERAL;6812; BERÇO 1R11 PP BRANCO RODIAL; 10/05/2018; MANUTENÇÃO DA SECRETARIA DE EDUCAÇÃO; Ativo;R$ 118,55; Compra Normal
 PREFEITURA MUNICIPAL DE BALNEÁRIO GAIVOTA; Móveis; MOBILIÁRIO EM GERAL;6813; BERÇO 1R11 PP BRANCO RODIAL; 10/05/2018; MANUTENÇÃO DA SECRETARIA DE EDUCAÇÃO; Ativo;R$ 118,55; Compra Normal
 PREFEITURA MUNICIPAL DE BALNEÁRIO GAIVOTA; Móveis; MOBILIÁRIO EM GERAL;6814; BERÇO 1R11 PP BRANCO RODIAL; 10/05/2018; MANUTENÇÃO DA SECRETARIA DE EDUCAÇÃO; Ativo;R$ 118,55; Compra Normal
 PREFEITURA MUNICIPAL DE BALNEÁRIO GAIVOTA; Móveis; MOBILIÁRIO EM GERAL;6815; BERÇO 1R11 PP BRANCO RODIAL; 10/05/2018; BENS INSERVÍVEIS; Ativo;R$ 118,55; Compra Normal
 PREFEITURA MUNICIPAL DE BALNEÁRIO GAIVOTA; Móveis; MOBILIÁRIO EM GERAL;6816; BERÇO 1R11 PP BRANCO RODIAL; 10/05/2018; MANUTENÇÃO DA SECRETARIA DE EDUCAÇÃO; Ativo;R$ 118,55; Compra Normal
 PREFEITURA MUNICIPAL DE BALNEÁRIO GAIVOTA; Móveis; MOBILIÁRIO EM GERAL;6817; BERÇO 1R11 PP BRANCO RODIAL; 10/05/2018; MANUTENÇÃO DA SECRETARIA DE EDUCAÇÃO; Ativo;R$ 118,55; Compra Normal
 PREFEITURA MUNICIPAL DE BALNEÁRIO GAIVOTA; Móveis; MOBILIÁRIO EM GERAL;6818; BERÇO 1R11 PP BRANCO RODIAL; 10/05/2018; MANUTENÇÃO DA SECRETARIA DE EDUCAÇÃO; Ativo;R$ 118,55; Compra Normal
 PREFEITURA MUNICIPAL DE BALNEÁRIO GAIVOTA; Móveis; MOBILIÁRIO EM GERAL;6820; BERÇO 1R11 PP BRANCO RODIAL; 10/05/2018; MANUTENÇÃO DA SECRETARIA DE EDUCAÇÃO; Ativo;R$ 118,55; Compra Normal
 PREFEITURA MUNICIPAL DE BALNEÁRIO GAIVOTA; Móveis; MICROCOMPUTADOR;6785; COMPUTADOR CPU PENTIUM/PLACA MAE/GRAVADOR DE DVD/HD 500GB/MEM 4GB/GABINETE; 09/05/2018; MANUTENÇÃO DO GABINETE DO PREFEITO; Ativo;R$ 484,72; Compra Normal
 PREFEITURA MUNICIPAL DE BALNEÁRIO GAIVOTA; Móveis; IMPRESSORAS;6779; MULTIFUNCIONAL/IMPRESSORA EPSON TANQUE DE TINTA L395 WIFI BRCF46302; 09/05/2018; DIRETORIA DE MEIO AMBIENTE; Ativo;R$ 446,61; Compra Normal
 PREFEITURA MUNICIPAL DE BALNEÁRIO GAIVOTA; Móveis; EQUIPAMENTOS MÉDICOS;6787; MESA PARA EXAMES CLINICOS ESTOFADO L:12/79; 02/05/2018; FUNDO MUNICIPAL DE SAUDE; Ativo;R$ 468,55; Compra Normal
 PREFEITURA MUNICIPAL DE BALNEÁRIO GAIVOTA; Móveis; EQUIPAMENTOS MÉDICOS;6788; MESA PARA EXAMES CLINICOS ESTOFADO L:12/79; 02/05/2018; FUNDO MUNICIPAL DE SAUDE; Ativo;R$ 468,55; Compra Normal
 PREFEITURA MUNICIPAL DE BALNEÁRIO GAIVOTA; Móveis; EQUIPAMENTOS MÉDICOS;6789; MESA PARA EXAMES CLINICOS ESTOFADO L:12/79; 02/05/2018; FUNDO MUNICIPAL DE SAUDE; Ativo;R$ 468,55; Compra Normal
 PREFEITURA MUNICIPAL DE BALNEÁRIO GAIVOTA; Móveis; APARELHO DE COMUNICAÇÃO;6777; CAIXA DE SOM LENOXX CA305 USB/AUX/BLUETOOTH; 30/04/2018; APOIO A CRIANÇA E AO ADOLECESTE EM SITUA; Ativo;R$ 122,82; Compra Normal
 PREFEITURA MUNICIPAL DE BALNEÁRIO GAIVOTA; Móveis; MESA;6775; MESA EM L 150X150X60 S/GAVETAS; 27/04/2018; MANUTENÇÃO DA SECRETARIA DE EDUCAÇÃO; Ativo;R$ 131,16; Compra Normal
 PREFEITURA MUNICIPAL DE BALNEÁRIO GAIVOTA; Móveis; MESA;6776; MESA EM L 150X150X60 S/GAVETAS; 27/04/2018; MANUTENÇÃO DA SECRETARIA DE EDUCAÇÃO; Ativo;R$ 131,16; Compra Normal
 CAMARA MUNICIPAL DE BALNEARIO GAIVOTA; MOVEIS; Cod.: 1 - CADEIRA;232; POLTRONA DIRETOR TECIDO COM REFLEX; 26/04/2018; CAMARA MUNICIPAL DE VEREADORES; Em uso;R$ 329,23; Compra
 CAMARA MUNICIPAL DE BALNEARIO GAIVOTA; MOVEIS; Cod.: 3 - INFORMATICA;234; IMPRESSORA EPSON MULTIFUNCIONAL ECOTANK L575; 26/04/2018; CAMARA MUNICIPAL DE VEREADORES; Em uso;R$ 1.535,21; Compra
 CAMARA MUNICIPAL DE BALNEARIO GAIVOTA; MOVEIS; Cod.: 1 - CADEIRA;233; POLTRONA DIRETOR COM RELAX EM TECIDO; 26/04/2018; CAMARA MUNICIPAL DE VEREADORES; Em uso;R$ 329,23; Compra
 PREFEITURA MUNICIPAL DE BALNEÁRIO GAIVOTA; Móveis; FOGÃO A GÁS;6674; FOGÃO ATLAS 4B MONACO C/ACENDEDOR FORNO AUTOLIMPANTE BRANCO; 25/04/2018; MANUTENÇÃO DA SECRETARIA DE EDUCAÇÃO; Ativo;R$ 133,11; Compra Normal
 CAMARA MUNICIPAL DE BALNEARIO GAIVOTA; MOVEIS; Cod.: 1 - CADEIRA;231; POLTRONA DIRETOR TECIDO COM RELAX; 24/04/2018; CAMARA MUNICIPAL DE VEREADORES; Baixado;R$ 331,84; Compra
 PREFEITURA MUNICIPAL DE BALNEÁRIO GAIVOTA; Móveis; SWITCH;6762; SWITCH DELL NETWORKING X1052; 18/04/2018; MANUTENÇÃO DA SECRETARIA DE ADMINISTRAÇÃ; Ativo;R$ 1.324,17; Compra Normal
 PREFEITURA MUNICIPAL DE BALNEÁRIO GAIVOTA; Móveis; GELADEIRA;6769; REFRIGERADOR FROST FREE BUPLES 332L CONSUL CRM/38NM; 06/04/2018; MANUTENÇÃO DA SECRETARIA DE EDUCAÇÃO; Ativo;R$ 628,78; Compra Normal
 PREFEITURA MUNICIPAL DE BALNEÁRIO GAIVOTA; Móveis; TELEVISOR;6770; TELEVISOR TV AOC 32 LED 32M 1475; 06/04/2018; MANUTENÇÃO DA SECRETARIA DE EDUCAÇÃO; Ativo;R$ 371,84; Compra Normal
 PREFEITURA MUNICIPAL DE BALNEÁRIO GAIVOTA; Móveis; TELEVISOR;6771; TELEVISOR TV AOC 32 LED 32M 1475; 06/04/2018; MANUTENÇÃO DA SECRETARIA DE EDUCAÇÃO; Ativo;R$ 371,84; Compra Normal
 PREFEITURA MUNICIPAL DE BALNEÁRIO GAIVOTA; Móveis; TELEVISOR;6773; TELEVISOR TV AOC 32 LED 32M 1475; 06/04/2018; MANUTENÇÃO DA SECRETARIA DE EDUCAÇÃO; Ativo;R$ 371,84; Compra Normal
 PREFEITURA MUNICIPAL DE BALNEÁRIO GAIVOTA; Móveis; RACK P/ EQUIPAMENTOS DE TELECOMUNICACAO;6768; RACK DE PAREDE 12U X 57MM PRETO TEXTURIZADO SWITCHLAN; 06/04/2018; FUNDO MUNICIPAL DE SAUDE; Ativo;R$ 219,77; Compra Normal
 PREFEITURA MUNICIPAL DE BALNEÁRIO GAIVOTA; Móveis; SWITCH;6765; SWITCH 48P 10/100/1000 TP-LINK TL-SG1048; 06/04/2018; FUNDO MUNICIPAL DE SAUDE; Ativo;R$ 444,93; Compra Normal
 PREFEITURA MUNICIPAL DE BALNEÁRIO GAIVOTA; Móveis; Forno de Microondas;6698; MICRO-ONDAS 30L MIDEA LIVA MTAE42 ESPELHADO; 27/03/2018; MANUTENÇÃO DA SECRETARIA DE EDUCAÇÃO; Ativo;R$ 127,26; Compra Normal
 PREFEITURA MUNICIPAL DE BALNEÁRIO GAIVOTA; Móveis; Quadro;6670; QUADRO LOUSA EM FORMICA; 12/03/2018; MANUTENÇÃO DA SECRETARIA DE EDUCAÇÃO; Ativo;R$ 162,15; Compra Normal
 PREFEITURA MUNICIPAL DE BALNEÁRIO GAIVOTA; Móveis; Forno de Microondas;6673; MICRO-ONDAS 30L MIDEA LIVA MTAE42 ESPELHADO; 08/03/2018; MANUTENÇÃO DA SECRETARIA DE EDUCAÇÃO; Ativo;R$ 158,56; Compra Normal
 PREFEITURA MUNICIPAL DE BALNEÁRIO GAIVOTA; Móveis; Quadro;6662; QUADROS LOUSA EM FORMICA; 27/02/2018; MANUTENÇÃO DA SECRETARIA DE EDUCAÇÃO; Ativo;R$ 159,27; Compra Normal
 PREFEITURA MUNICIPAL DE BALNEÁRIO GAIVOTA; Móveis; Quadro;6661; QUADROS LOUSA EM FORMICA; 27/02/2018; MANUTENÇÃO DA SECRETARIA DE EDUCAÇÃO; Ativo;R$ 159,27; Compra Normal
 PREFEITURA MUNICIPAL DE BALNEÁRIO GAIVOTA; Móveis; Quadro;6660; QUADROS LOUSA EM FORMICA; 27/02/2018; MANUTENÇÃO DA SECRETARIA DE EDUCAÇÃO; Ativo;R$ 159,27; Compra Normal
 PREFEITURA MUNICIPAL DE BALNEÁRIO GAIVOTA; Móveis; Quadro;6659; QUADROS LOUSA EM FORMICA; 27/02/2018; MANUTENÇÃO DA SECRETARIA DE EDUCAÇÃO; Ativo;R$ 159,27; Compra Normal
 PREFEITURA MUNICIPAL DE BALNEÁRIO GAIVOTA; Móveis; FERRAMENTAS;6652; CARREGADOR DE BATERIAS INTEL 40A C/ AUX. PART. 100A - 12/24V FLACH - FLACH; 21/02/2018; MANUTENÇÃO DA SECRETARIA DE OBRAS E SERV; Ativo;R$ 455,93; Compra Normal
 PREFEITURA MUNICIPAL DE BALNEÁRIO GAIVOTA; Móveis; FERRAMENTAS;6663; CANETA DE ALTA ROTAÇÃO MRS 400 PB SILENT; 21/02/2018; FUNDO MUNICIPAL DE SAUDE; Baixado;R$ 291,43; Compra Normal
 PREFEITURA MUNICIPAL DE BALNEÁRIO GAIVOTA; Móveis; FOGÃO A GÁS;6669; FOGAO 04 BOCAS MODERATTO G5 BRA MUELLER; 19/02/2018; MANUTENÇÃO DA SECRETARIA DE EDUCAÇÃO; Ativo;R$ 128,10; Compra Normal
 PREFEITURA MUNICIPAL DE BALNEÁRIO GAIVOTA; Móveis; Arquivo de Aço;6651; ARQUIVO DE AÇO 4 GAVETAS CINZA W3; 05/02/2018; MANUTENÇÃO DA SECRETARIA DE ADMINISTRAÇÃ; Ativo;R$ 151,23; Compra Normal
 PREFEITURA MUNICIPAL DE BALNEÁRIO GAIVOTA; Móveis; Arquivo de Aço;6650; ARQUIVO DE MONT 4 GAVETAS OF PANDIN; 05/02/2018; MANUTENÇÃO DA SECRETARIA DE ADMINISTRAÇÃ; Ativo;R$ 151,23; Compra Normal
 PREFEITURA MUNICIPAL DE BALNEÁRIO GAIVOTA; Móveis; Arquivo de Aço;6649; ARQUIVO DE MONT 4 GAVETAS OF PANDIN; 05/02/2018; MANUTENÇÃO DA SECRETARIA DE ADMINISTRAÇÃ; Ativo;R$ 151,23; Compra Normal
 PREFEITURA MUNICIPAL DE BALNEÁRIO GAIVOTA; Móveis; Arquivo de Aço;6648; ARQUIVO DE MONT 4 GAVETAS OF PANDIN; 05/02/2018; MANUTENÇÃO DA SECRETARIA DE ADMINISTRAÇÃ; Ativo;R$ 151,23; Compra Normal
 PREFEITURA MUNICIPAL DE BALNEÁRIO GAIVOTA; Móveis; Arquivo de Aço;6647; ARQUIVO DE MONT 4 GAVETAS OF PANDIN; 05/02/2018; MANUTENÇÃO DA SECRETARIA DE ADMINISTRAÇÃ; Ativo;R$ 151,23; Compra Normal
 PREFEITURA MUNICIPAL DE BALNEÁRIO GAIVOTA; Móveis; ELETRODOMÉSTICOS;6599; FORNO ELETRICO 44L FE 44-02 PTO AGRATTO; 23/01/2018; MANUTENÇÃO DA SECRETARIA DE EDUCAÇÃO; Ativo;R$ 102,71; Compra Normal
 PREFEITURA MUNICIPAL DE BALNEÁRIO GAIVOTA; Móveis; MICROCOMPUTADOR;6593; COMPUTADOR GABINETE CPU I5/PLACA MAE 1151/HD 500GB/MEM 8GB/GRAV DE DVD/FONTE 500W; 23/01/2018; MANUTENÇÃO DA SECRETARIA DE ARRECADAÇÃO; Ativo;R$ 755,20; Compra Normal
 PREFEITURA MUNICIPAL DE BALNEÁRIO GAIVOTA; Móveis; MICROCOMPUTADOR;6592; COMPUTADOR GABINETE CPU I5/PLACA MAE 1151/HD 500GB/MEM 8GB/GRAV DE DVD/FONTE 500W; 03/01/2018; MANUTENÇÃO DA SECRETARIA DE ADMINISTRAÇÃ; Ativo;R$ 733,43; Compra Normal
 PREFEITURA MUNICIPAL DE BALNEÁRIO GAIVOTA; Móveis; MÁQUINAS, MOTORES;6503; MOTOSSERRA MS170 SABRE DE 30CM - STIHL; 24/11/2017; MANUTENÇÃO DA SECRETARIA DE OBRAS E SERV; Ativo;R$ 226,20; Compra Normal
 PREFEITURA MUNICIPAL DE BALNEÁRIO GAIVOTA; Móveis; BETONEIRA VOLANTE;6553; BETONEIRA VOLANTE HORBACH 130LT-1/2CV; 07/11/2017; MANUTENÇÃO DA SECRETARIA DE OBRAS E SERV; Ativo;R$ 317,10; Compra Normal
 PREFEITURA MUNICIPAL DE BALNEÁRIO GAIVOTA; Móveis; Escada;6504; ESCADA MULTIFUNCIONAL ALUMINIO/ALTOGIRO 4X3; 07/11/2017; MANUTENÇÃO DA SECRETARIA DE OBRAS E SERV; Ativo;R$ 110,34; Compra Normal
 PREFEITURA MUNICIPAL DE BALNEÁRIO GAIVOTA; Móveis; MÁQUINAS, MOTORES;6554; MAQUINA DE CORTAR PISO IRWIN HD-75CM - DUPLEX; 07/11/2017; MANUTENÇÃO DA SECRETARIA DE OBRAS E SERV; Ativo;R$ 103,70; Compra Normal
 PREFEITURA MUNICIPAL DE BALNEÁRIO GAIVOTA; Móveis; FERRAMENTAS;6502; MARTELETE BOSH PERFURADOR ROMP GBH 2-24 C/MALA 800W; 07/11/2017; MANUTENÇÃO DA SECRETARIA DE OBRAS E SERV; Ativo;R$ 225,00; Compra Normal
 PREFEITURA MUNICIPAL DE BALNEÁRIO GAIVOTA; Móveis; FERRAMENTAS;6501; PLAINA BOSCH GHO-16-82 D 630W PROFISSIONAL; 07/11/2017; MANUTENÇÃO DA SECRETARIA DE OBRAS E SERV; Ativo;R$ 191,24; Compra Normal
 CAMARA MUNICIPAL DE BALNEARIO GAIVOTA; MOVEIS; Cod.: 536 - Mesa;230; CONJUNTO DE MESSA AZUL.COM 2 GAVETA; 07/11/2017; CAMARA MUNICIPAL DE VEREADORES; Em uso;R$ 465,85; Compra
 PREFEITURA MUNICIPAL DE BALNEÁRIO GAIVOTA; Móveis; IMPRESSORAS;6415; IMPRESSORA MULTIFUNCIONAL HP LASERJET M426DW; 18/10/2017; MANUTENÇÃO DA SECRETARIA DE EDUCAÇÃO; Ativo;R$ 659,51; Compra Normal
 PREFEITURA MUNICIPAL DE BALNEÁRIO GAIVOTA; Móveis; MOBILIÁRIO EM GERAL;6667; BERCO MINI CAMA HENN BALA DE MENTA 102-10 BRANCO MULTIMOVEIS; 18/10/2017; BENS INSERVÍVEIS; Ativo;R$ 111,88; Compra Normal
 PREFEITURA MUNICIPAL DE BALNEÁRIO GAIVOTA; Móveis; MOBILIÁRIO EM GERAL;6666; BERCO MINI CAMA HENN BALA DE MENTA 102-10 BRANCO MULTIMOVEIS; 18/10/2017; MANUTENÇÃO DA SECRETARIA DE EDUCAÇÃO; Ativo;R$ 111,88; Compra Normal
 PREFEITURA MUNICIPAL DE BALNEÁRIO GAIVOTA; Móveis; MOBILIÁRIO EM GERAL;6420; POLTRONA ACONCHEGO BRANCO CANAA; 18/10/2017; MANUTENÇÃO DA SECRETARIA DE EDUCAÇÃO; Ativo;R$ 114,77; Compra Normal
 PREFEITURA MUNICIPAL DE BALNEÁRIO GAIVOTA; Móveis; MOBILIÁRIO EM GERAL;6421; POLTRONA ACONCHEGO BRANCO CANAA; 18/10/2017; MANUTENÇÃO DA SECRETARIA DE EDUCAÇÃO; Ativo;R$ 114,77; Compra Normal
 PREFEITURA MUNICIPAL DE BALNEÁRIO GAIVOTA; Móveis; Arquivo de Aço;6413; ARQUIVO 4 GAV. PASTA SUSP. C/CHAVE; 06/10/2017; FUNDO MUNICIPAL DE SAUDE; Ativo;R$ 122,42; Compra Normal
 PREFEITURA MUNICIPAL DE BALNEÁRIO GAIVOTA; Móveis; Ar Condicionado;6417; AR CONDICIONADO 9000 BTUS ECO AGRATO; 06/10/2017; MANUTENÇÃO DA SECRETARIA DE EDUCAÇÃO; Ativo;R$ 349,44; Compra Normal
 PREFEITURA MUNICIPAL DE BALNEÁRIO GAIVOTA; Móveis; Ar Condicionado;6418; AR CONDICIONADO 9000 BTUS ECO AGRATO; 06/10/2017; MANUTENÇÃO DA SECRETARIA DE EDUCAÇÃO; Ativo;R$ 349,59; Compra Normal
 PREFEITURA MUNICIPAL DE BALNEÁRIO GAIVOTA; Móveis; VEICULOS LEVES;6416;" DOBLO ESSENCE 1.8 07 LUGARES FLEX; CHASSI:9BD1196GDJ1143558; MOTOR: 370A00113212758; FAB 2017 MOD 2018 COMBUSTIVEL FLEX ALCOOL/GASOLINA COR BRANCO; PLACA QIO-4028; RENAVAM 01132490925"; 04/10/2017; FUNDO MUNICIPAL DE SAUDE; Ativo;R$ 23.923,39; Compra Normal
 PREFEITURA MUNICIPAL DE BALNEÁRIO GAIVOTA; Móveis; MOBILIÁRIO EM GERAL;6341; POLTRONA RECLINAVEL ESTR. RED. EP. ESTOF LV 91-LEVI; 28/09/2017; FUNDO MUNICIPAL DE SAUDE; Ativo;R$ 218,34; Compra Normal
 PREFEITURA MUNICIPAL DE BALNEÁRIO GAIVOTA; Móveis; MOBILIÁRIO EM GERAL;6340; POLTRONA RECLINAVEL ESTR. RED. EP. ESTOF LV 91-LEVI; 28/09/2017; FUNDO MUNICIPAL DE SAUDE; Ativo;R$ 218,34; Compra Normal
 PREFEITURA MUNICIPAL DE BALNEÁRIO GAIVOTA; Móveis; CADEIRA;6333; CADEIRA GIRATORIA EM TELA C/ BRAÇO; 19/09/2017; MANUTENÇÃO DA SECRETARIA DE ADMINISTRAÇÃ; Ativo;R$ 104,02; Compra Normal
 PREFEITURA MUNICIPAL DE BALNEÁRIO GAIVOTA; Móveis; CADEIRA;6337; CADEIRA DE RODAS ADULTO; 15/09/2017; FUNDO MUNICIPAL DE SAUDE; Ativo;R$ 398,21; Compra Normal
 PREFEITURA MUNICIPAL DE BALNEÁRIO GAIVOTA; Móveis; CADEIRA;6338; CADEIRA DE RODAS ADULTO; 15/09/2017; FUNDO MUNICIPAL DE SAUDE; Ativo;R$ 398,21; Compra Normal
 PREFEITURA MUNICIPAL DE BALNEÁRIO GAIVOTA; Móveis; CADEIRA;6339; CADEIRA DE RODAS ADULTO; 15/09/2017; FUNDO MUNICIPAL DE SAUDE; Ativo;R$ 398,21; Compra Normal
 PREFEITURA MUNICIPAL DE BALNEÁRIO GAIVOTA; Móveis; GELADEIRA;6336; REFIGERADOR 2 A 6 GRAUS PROPRIO PARA CONSERVAÇÃO DE SANGUE E DERIVADOS, EQUIPAMENTO  INDREL RVV 22D (V)-220V, SÉRIE: 48714; 06/09/2017; FUNDO MUNICIPAL DE SAUDE; Ativo;R$ 2.808,75; Compra Normal
 PREFEITURA MUNICIPAL DE BALNEÁRIO GAIVOTA; Móveis; GELADEIRA;5263; REFRIGERADOR DC44 220V/60HZ BRANCO ELECTROLUX; 01/09/2017; MANUTENÇÃO DA SECRETARIA DE EDUCAÇÃO; Ativo;R$ 527,35; Compra Normal
 PREFEITURA MUNICIPAL DE BALNEÁRIO GAIVOTA; Móveis; Armário;6270; ARMARIO VITRINE 2 PORTAS; 29/08/2017; FUNDO MUNICIPAL DE SAUDE; Ativo;R$ 185,56; Compra Normal
 PREFEITURA MUNICIPAL DE BALNEÁRIO GAIVOTA; Móveis; MESA;6295; MESA ESCRIT. 120X60X73 RETA C/2 GAV. BR/BR; 29/08/2017; FUNDO MUNICIPAL DE SAUDE; Ativo;R$ 130,21; Compra Normal
 PREFEITURA MUNICIPAL DE BALNEÁRIO GAIVOTA; Móveis; MESA;6300; MESA ESCRIT. 120X60X73 RETA C/2 GAV. BR/BR; 29/08/2017; FUNDO MUNICIPAL DE SAUDE; Ativo;R$ 130,21; Compra Normal
 PREFEITURA MUNICIPAL DE BALNEÁRIO GAIVOTA; Móveis; MESA;6299; MESA ESCRIT. 120X60X73 RETA C/2 GAV. BR/BR; 29/08/2017; FUNDO MUNICIPAL DE SAUDE; Ativo;R$ 130,21; Compra Normal
 PREFEITURA MUNICIPAL DE BALNEÁRIO GAIVOTA; Móveis; Tela de Projeção;6296; TELA PROJETOR TRIPE 1.80X1.80; 29/08/2017; FUNDO MUNICIPAL DE SAUDE; Ativo;R$ 131,27; Compra Normal
 PREFEITURA MUNICIPAL DE BALNEÁRIO GAIVOTA; Móveis; MICROCOMPUTADOR;6291; COMPUTADOR GABINETE CPU I7 3.6GHZ 16B MEMORIA DDR4/HD 1TB/PLACA MAE/FONTE ATX 500W 80PLUS BRONZE GRAV DE DVD/TECLADO/MOUSE; 11/08/2017; FUNDO MUNICIPAL DE SAUDE; Ativo;R$ 1.223,23; Compra Normal
 PREFEITURA MUNICIPAL DE BALNEÁRIO GAIVOTA; Móveis; IMPRESSORAS;6258; IMPRESSORA LASERJET MONO HP PRO M402DNE REDE/DUPLEX 40PPM; 11/08/2017; FUNDO MUNICIPAL DE SAUDE; Ativo;R$ 394,49; Compra Normal
 PREFEITURA MUNICIPAL DE BALNEÁRIO GAIVOTA; Móveis; IMPRESSORAS;6257; IMPRESSORA LASERJET MONO HP PRO M402DNE REDE/DUPLEX 40PPM; 11/08/2017; FUNDO MUNICIPAL DE SAUDE; Ativo;R$ 394,49; Compra Normal
 PREFEITURA MUNICIPAL DE BALNEÁRIO GAIVOTA; Móveis; EQUIPAMENTOS MÉDICOS;6298; BP-100 PLUS - BISTURI ELETRONICO - EMA; 03/08/2017; FUNDO MUNICIPAL DE SAUDE; Ativo;R$ 501,94; Compra Normal
 PREFEITURA MUNICIPAL DE BALNEÁRIO GAIVOTA; Móveis; DESFIBRILADOR;8196; DESFIBRILADOR LIFE 400 FUTURA - SEMI AUTOMATICO BASICO - CMOS DRAKE; 24/07/2017; FUNDO MUNICIPAL DE SAUDE; Ativo;R$ 1.353,71; Compra Normal
 PREFEITURA MUNICIPAL DE BALNEÁRIO GAIVOTA; Móveis; DESFIBRILADOR;8124; DESFIBRILADOR LIFE 400 FUTURA - SEMI AUTOMATICO BASICO - CMOS DRAKE; 24/07/2017; FUNDO MUNICIPAL DE SAUDE; Ativo;R$ 1.353,71; Compra Normal
 PREFEITURA MUNICIPAL DE BALNEÁRIO GAIVOTA; Móveis; MICROCOMPUTADOR;6391; MICROCOMPUTADOR I3 NETWAY NI5500; 19/07/2017; FUNDO MUNICIPAL DE SAUDE; Ativo;R$ 601,96; Compra Normal
 PREFEITURA MUNICIPAL DE BALNEÁRIO GAIVOTA; Móveis; MICROCOMPUTADOR;6261; MICROCOMPUTADOR I3 NETWAY NI5500; 19/07/2017; FUNDO MUNICIPAL DE SAUDE; Ativo;R$ 601,96; Compra Normal
 PREFEITURA MUNICIPAL DE BALNEÁRIO GAIVOTA; Móveis; MICROCOMPUTADOR;6364; MICROCOMPUTADOR I3 NETWAY NI5500; 19/07/2017; FUNDO MUNICIPAL DE SAUDE; Ativo;R$ 601,96; Compra Normal
 PREFEITURA MUNICIPAL DE BALNEÁRIO GAIVOTA; Móveis; MICROCOMPUTADOR;6259; MICROCOMPUTADOR NETWAY NI3500; 19/07/2017; FUNDO MUNICIPAL DE SAUDE; Ativo;R$ 470,85; Compra Normal
 PREFEITURA MUNICIPAL DE BALNEÁRIO GAIVOTA; Móveis; IMPRESSORAS;6056; MULTIFUNCIONAL LASER MONO DCPL5652DN 42PPM 50000 PAGINAS; 19/07/2017; FUNDO MUNICIPAL DE SAUDE; Ativo;R$ 558,10; Compra Normal
 PREFEITURA MUNICIPAL DE BALNEÁRIO GAIVOTA; Móveis; IMPRESSORAS;6263; MULTIFUNCIONAL LASER MONO DCPL5652DN 42PPM 50000 PAGINAS; 19/07/2017; FUNDO MUNICIPAL DE SAUDE; Ativo;R$ 558,10; Compra Normal
 PREFEITURA MUNICIPAL DE BALNEÁRIO GAIVOTA; Móveis; IMPRESSORAS;6315; MULTIFUNCIONAL LASER MONO DCPL5652DN 42PPM 50000 PAGINAS; 19/07/2017; FUNDO MUNICIPAL DE SAUDE; Ativo;R$ 558,10; Compra Normal
 PREFEITURA MUNICIPAL DE BALNEÁRIO GAIVOTA; Móveis; NO-BREAK;6262; NOBREAK ENERGYLUX WORK 1400VA; 19/07/2017; FUNDO MUNICIPAL DE SAUDE; Baixado;R$ 615,03; Compra Normal
 PREFEITURA MUNICIPAL DE BALNEÁRIO GAIVOTA; Móveis; NO-BREAK;6459; NOBREAK ENERGYLUX WORK 1400VA; 19/07/2017; FUNDO MUNICIPAL DE SAUDE; Baixado;R$ 309,03; Compra Normal
 PREFEITURA MUNICIPAL DE BALNEÁRIO GAIVOTA; Móveis; MOBILIÁRIO EM GERAL;6205; MESA REUNIAO; 18/07/2017; MANUTENÇÃO DA SECRETARIA DE EDUCAÇÃO; Ativo;R$ 321,06; Compra Normal
 PREFEITURA MUNICIPAL DE BALNEÁRIO GAIVOTA; Móveis; MOBILIÁRIO EM GERAL;6164; MESA REUNIAO 16 LUGARES; 18/07/2017; MANUTENÇÃO DA SECRETARIA DE EDUCAÇÃO; Ativo;R$ 357,54; Compra Normal
 CAMARA MUNICIPAL DE BALNEARIO GAIVOTA; MOVEIS; Cod.: 3 - INFORMATICA;229; NOTBOOK ACER INTEL CELEROM QUAND CORE N3450 WINDOWS 10 COR PRETO; 17/07/2017; CAMARA MUNICIPAL DE VEREADORES; Em uso;R$ 1.554,98; Compra
 PREFEITURA MUNICIPAL DE BALNEÁRIO GAIVOTA; Móveis; MOBILIÁRIO EM GERAL;6180; BANCO DE REFEITORIO INFANTIL; 10/07/2017; MANUTENÇÃO DA SECRETARIA DE EDUCAÇÃO; Ativo;R$ 95,74; Compra Normal
 PREFEITURA MUNICIPAL DE BALNEÁRIO GAIVOTA; Móveis; MOBILIÁRIO EM GERAL;6181; BANCO DE REFEITORIO INFANTIL; 10/07/2017; MANUTENÇÃO DA SECRETARIA DE EDUCAÇÃO; Ativo;R$ 95,74; Compra Normal
 PREFEITURA MUNICIPAL DE BALNEÁRIO GAIVOTA; Móveis; MOBILIÁRIO EM GERAL;6182; BANCO DE REFEITORIO INFANTIL; 10/07/2017; MANUTENÇÃO DA SECRETARIA DE EDUCAÇÃO; Ativo;R$ 95,74; Compra Normal
 PREFEITURA MUNICIPAL DE BALNEÁRIO GAIVOTA; Móveis; MOBILIÁRIO EM GERAL;6183; BANCO DE REFEITORIO INFANTIL; 10/07/2017; MANUTENÇÃO DA SECRETARIA DE EDUCAÇÃO; Ativo;R$ 95,74; Compra Normal
 PREFEITURA MUNICIPAL DE BALNEÁRIO GAIVOTA; Móveis; MOBILIÁRIO EM GERAL;6191; BANCO DE REFEITORIO INFANTIL; 10/07/2017; MANUTENÇÃO DA SECRETARIA DE EDUCAÇÃO; Ativo;R$ 95,74; Compra Normal
 PREFEITURA MUNICIPAL DE BALNEÁRIO GAIVOTA; Móveis; MOBILIÁRIO EM GERAL;6192; BANCO DE REFEITORIO INFANTIL; 10/07/2017; MANUTENÇÃO DA SECRETARIA DE EDUCAÇÃO; Ativo;R$ 95,74; Compra Normal
 PREFEITURA MUNICIPAL DE BALNEÁRIO GAIVOTA; Móveis; Armário;6194; ARMARIO COM CHAVE; 10/07/2017; MANUTENÇÃO DA SECRETARIA DE EDUCAÇÃO; Ativo;R$ 79,52; Compra Normal
 PREFEITURA MUNICIPAL DE BALNEÁRIO GAIVOTA; Móveis; Armário;6145; ARMARIO COM CHAVE; 10/07/2017; MANUTENÇÃO DA SECRETARIA DE EDUCAÇÃO; Ativo;R$ 79,52; Compra Normal
 PREFEITURA MUNICIPAL DE BALNEÁRIO GAIVOTA; Móveis; MOBILIÁRIO EM GERAL;6177; BANCO DE REFEITORIO; 10/07/2017; MANUTENÇÃO DA SECRETARIA DE EDUCAÇÃO; Ativo;R$ 91,33; Compra Normal
 PREFEITURA MUNICIPAL DE BALNEÁRIO GAIVOTA; Móveis; MOBILIÁRIO EM GERAL;6176; BANCO DE REFEITORIO; 10/07/2017; MANUTENÇÃO DA SECRETARIA DE EDUCAÇÃO; Ativo;R$ 91,33; Compra Normal
 PREFEITURA MUNICIPAL DE BALNEÁRIO GAIVOTA; Móveis; MOBILIÁRIO EM GERAL;6175; BANCO DE REFEITORIO; 10/07/2017; MANUTENÇÃO DA SECRETARIA DE EDUCAÇÃO; Ativo;R$ 91,33; Compra Normal
 PREFEITURA MUNICIPAL DE BALNEÁRIO GAIVOTA; Móveis; MOBILIÁRIO EM GERAL;6174; BANCO DE REFEITORIO; 10/07/2017; MANUTENÇÃO DA SECRETARIA DE EDUCAÇÃO; Ativo;R$ 91,33; Compra Normal
 PREFEITURA MUNICIPAL DE BALNEÁRIO GAIVOTA; Móveis; MOBILIÁRIO EM GERAL;6167; BANCO DE REFEITORIO; 10/07/2017; MANUTENÇÃO DA SECRETARIA DE EDUCAÇÃO; Ativo;R$ 91,33; Compra Normal
 PREFEITURA MUNICIPAL DE BALNEÁRIO GAIVOTA; Móveis; MOBILIÁRIO EM GERAL;6166; BANCO DE REFEITORIO; 10/07/2017; MANUTENÇÃO DA SECRETARIA DE EDUCAÇÃO; Ativo;R$ 91,33; Compra Normal
 PREFEITURA MUNICIPAL DE BALNEÁRIO GAIVOTA; Móveis; MOBILIÁRIO EM GERAL;6178; MESA DE REFEITORIO INFANTIL; 10/07/2017; MANUTENÇÃO DA SECRETARIA DE EDUCAÇÃO; Ativo;R$ 239,35; Compra Normal
 PREFEITURA MUNICIPAL DE BALNEÁRIO GAIVOTA; Móveis; MOBILIÁRIO EM GERAL;6179; MESA DE REFEITORIO INFANTIL; 10/07/2017; MANUTENÇÃO DA SECRETARIA DE EDUCAÇÃO; Ativo;R$ 239,35; Compra Normal
 PREFEITURA MUNICIPAL DE BALNEÁRIO GAIVOTA; Móveis; MOBILIÁRIO EM GERAL;6260; MESA DE REFEITORIO INFANTIL; 10/07/2017; MANUTENÇÃO DA SECRETARIA DE EDUCAÇÃO; Ativo;R$ 239,35; Compra Normal
 PREFEITURA MUNICIPAL DE BALNEÁRIO GAIVOTA; Móveis; MOBILIÁRIO EM GERAL;6143; ESCRIVANINHA; 10/07/2017; MANUTENÇÃO DA SECRETARIA DE EDUCAÇÃO; Ativo;R$ 88,56; Compra Normal
 PREFEITURA MUNICIPAL DE BALNEÁRIO GAIVOTA; Móveis; MOBILIÁRIO EM GERAL;6142; ESCRIVANINHA; 10/07/2017; MANUTENÇÃO DA SECRETARIA DE EDUCAÇÃO; Ativo;R$ 88,56; Compra Normal
 PREFEITURA MUNICIPAL DE BALNEÁRIO GAIVOTA; Móveis; Batedeira.;6226; BATEDEIRA PLANETARIO ORBITAL BAT504 AMARELA CADENCE; 08/07/2017; MANUTENÇÃO DA SECRETARIA DE EDUCAÇÃO; Ativo;R$ 87,71; Compra Normal
 PREFEITURA MUNICIPAL DE BALNEÁRIO GAIVOTA; Móveis; FREEZER;6224; FREEZER 246L CONSUL VERTICAL CVU30EBBNA BRANCO 220VOLTS; 08/07/2017; MANUTENÇÃO DA SECRETARIA DE EDUCAÇÃO; Ativo;R$ 457,21; Compra Normal
 PREFEITURA MUNICIPAL DE BALNEÁRIO GAIVOTA; Móveis; EQUIPAMENTOS DOMÉSTICOS;6343; PURIFICADOR MF40 220V INOX METALFRIO; 08/07/2017; MANUTENÇÃO DA SECRETARIA DE EDUCAÇÃO; Ativo;R$ 207,40; Compra Normal
 PREFEITURA MUNICIPAL DE BALNEÁRIO GAIVOTA; Móveis; EQUIPAMENTOS DOMÉSTICOS;6342; PURIFICADOR MF40 220V INOX METALFRIO; 08/07/2017; MANUTENÇÃO DA SECRETARIA DE EDUCAÇÃO; Ativo;R$ 207,40; Compra Normal
 PREFEITURA MUNICIPAL DE BALNEÁRIO GAIVOTA; Móveis; GELADEIRA;6676; REFRIGERADOR FROST FREE ELECTROLUX DF52 220V; 08/07/2017; MANUTENÇÃO DA SECRETARIA DE EDUCAÇÃO; Ativo;R$ 688,94; Compra Normal
 PREFEITURA MUNICIPAL DE BALNEÁRIO GAIVOTA; Móveis; IMPRESSORAS;6197; IMPRESSORA MULTIFUNCIONAL HP LASER JET M426DW; 08/07/2017; MANUTENÇÃO DA SECRETARIA DE EDUCAÇÃO; Ativo;R$ 545,42; Compra Normal
 PREFEITURA MUNICIPAL DE BALNEÁRIO GAIVOTA; Móveis; NO-BREAK;6227; NOBREAK ENERGYLUX WORK 1400VA; 08/07/2017; BENS PARA LEILÃO; Baixado;R$ 302,44; Compra Normal
 PREFEITURA MUNICIPAL DE BALNEÁRIO GAIVOTA; Móveis; IMPRESSORAS;6605; IMPRESSORA MULTIFUNCIONAL ECOTANK L395 EPSON; 08/07/2017; MANUTENÇÃO DA SECRETARIA DE EDUCAÇÃO; Ativo;R$ 296,08; Compra Normal
 PREFEITURA MUNICIPAL DE BALNEÁRIO GAIVOTA; Móveis; MOBILIÁRIO EM GERAL;6249; BERÇO MINI CAMA HENN BALA DE MENTA L02-10 BRANCO MULTIMOVEIS; 08/07/2017; MANUTENÇÃO DA SECRETARIA DE EDUCAÇÃO; Ativo;R$ 92,48; Compra Normal
 PREFEITURA MUNICIPAL DE BALNEÁRIO GAIVOTA; Móveis; MOBILIÁRIO EM GERAL;6248; BERÇO MINI CAMA HENN BALA DE MENTA L02-10 BRANCO MULTIMOVEIS; 08/07/2017; MANUTENÇÃO DA SECRETARIA DE EDUCAÇÃO; Ativo;R$ 92,48; Compra Normal
 PREFEITURA MUNICIPAL DE BALNEÁRIO GAIVOTA; Móveis; MOBILIÁRIO EM GERAL;6247; BERÇO MINI CAMA HENN BALA DE MENTA L02-10 BRANCO MULTIMOVEIS; 08/07/2017; MANUTENÇÃO DA SECRETARIA DE EDUCAÇÃO; Ativo;R$ 92,48; Compra Normal
 PREFEITURA MUNICIPAL DE BALNEÁRIO GAIVOTA; Móveis; MOBILIÁRIO EM GERAL;6232; BERÇO MINI CAMA HENN BALA DE METAL L02-10 BRANCO MULTIMOVEIS; 08/07/2017; MANUTENÇÃO DA SECRETARIA DE EDUCAÇÃO; Ativo;R$ 92,48; Compra Normal
 PREFEITURA MUNICIPAL DE BALNEÁRIO GAIVOTA; Móveis; MOBILIÁRIO EM GERAL;6246; BERÇO MINI CAMA HENN BALA DE MENTA L02-10 BRANCO MULTIMOVEIS; 08/07/2017; MANUTENÇÃO DA SECRETARIA DE EDUCAÇÃO; Ativo;R$ 92,48; Compra Normal
 PREFEITURA MUNICIPAL DE BALNEÁRIO GAIVOTA; Móveis; MOBILIÁRIO EM GERAL;6245; BERÇO MINI CAMA HENN BALA DE MENTA L02-10 BRANCO MULTIMOVEIS; 08/07/2017; MANUTENÇÃO DA SECRETARIA DE EDUCAÇÃO; Ativo;R$ 92,48; Compra Normal
 PREFEITURA MUNICIPAL DE BALNEÁRIO GAIVOTA; Móveis; MOBILIÁRIO EM GERAL;6244; BERÇO MINI CAMA HENN BALA DE MENTA L02-10 BRANCO MULTIMOVEIS; 08/07/2017; MANUTENÇÃO DA SECRETARIA DE EDUCAÇÃO; Ativo;R$ 92,48; Compra Normal
 PREFEITURA MUNICIPAL DE BALNEÁRIO GAIVOTA; Móveis; MOBILIÁRIO EM GERAL;6243; BERÇO MINI CAMA HENN BALA DE MENTA L02-10 BRANCO MULTIMOVEIS; 08/07/2017; MANUTENÇÃO DA SECRETARIA DE EDUCAÇÃO; Ativo;R$ 92,48; Compra Normal
 PREFEITURA MUNICIPAL DE BALNEÁRIO GAIVOTA; Móveis; MOBILIÁRIO EM GERAL;6242; BERÇO MINI CAMA HENN BALA DE MENTA L02-10 BRANCO MULTIMOVEIS; 08/07/2017; MANUTENÇÃO DA SECRETARIA DE EDUCAÇÃO; Ativo;R$ 92,48; Compra Normal
 PREFEITURA MUNICIPAL DE BALNEÁRIO GAIVOTA; Móveis; MOBILIÁRIO EM GERAL;6241; BERÇO MINI CAMA HENN BALA DE MENTA L02-10 BRANCO MULTIMOVEIS; 08/07/2017; MANUTENÇÃO DA SECRETARIA DE EDUCAÇÃO; Ativo;R$ 92,48; Compra Normal
 PREFEITURA MUNICIPAL DE BALNEÁRIO GAIVOTA; Móveis; MOBILIÁRIO EM GERAL;6240; BERÇO MINI CAMA HENN BALA DE MENTA L02-10 BRANCO MULTIMOVEIS; 08/07/2017; MANUTENÇÃO DA SECRETARIA DE EDUCAÇÃO; Ativo;R$ 92,48; Compra Normal
 PREFEITURA MUNICIPAL DE BALNEÁRIO GAIVOTA; Móveis; MOBILIÁRIO EM GERAL;6239; BERÇO MINI CAMA HENN BALA DE MENTA L02-10 BRANCO MULTIMOVEIS; 08/07/2017; MANUTENÇÃO DA SECRETARIA DE EDUCAÇÃO; Ativo;R$ 92,48; Compra Normal
 PREFEITURA MUNICIPAL DE BALNEÁRIO GAIVOTA; Móveis; MOBILIÁRIO EM GERAL;6238; BERÇO MINI CAMA HENN BALA DE MENTA L02-10 BRANCO MULTIMOVEIS; 08/07/2017; MANUTENÇÃO DA SECRETARIA DE EDUCAÇÃO; Ativo;R$ 92,48; Compra Normal
 PREFEITURA MUNICIPAL DE BALNEÁRIO GAIVOTA; Móveis; MOBILIÁRIO EM GERAL;6237; BERÇO MINI CAMA HENN BALA DE MENTA L02-10 BRANCO MULTIMOVEIS; 08/07/2017; MANUTENÇÃO DA SECRETARIA DE EDUCAÇÃO; Ativo;R$ 92,48; Compra Normal
 PREFEITURA MUNICIPAL DE BALNEÁRIO GAIVOTA; Móveis; MOBILIÁRIO EM GERAL;6236; BERÇO MINI CAMA HENN BALA DE MENTA L02-10 BRANCO MULTIMOVEIS; 08/07/2017; MANUTENÇÃO DA SECRETARIA DE EDUCAÇÃO; Ativo;R$ 92,48; Compra Normal
 PREFEITURA MUNICIPAL DE BALNEÁRIO GAIVOTA; Móveis; MOBILIÁRIO EM GERAL;6235; BERÇO MINI CAMA HENN BALA DE MENTA L02-10 BRANCO MULTIMOVEIS; 08/07/2017; MANUTENÇÃO DA SECRETARIA DE EDUCAÇÃO; Ativo;R$ 92,48; Compra Normal
 PREFEITURA MUNICIPAL DE BALNEÁRIO GAIVOTA; Móveis; MOBILIÁRIO EM GERAL;6234; BERÇO MINI CAMA HENN BALA DE MENTA L02-10 BRANCO MULTIMOVEIS; 08/07/2017; MANUTENÇÃO DA SECRETARIA DE EDUCAÇÃO; Ativo;R$ 92,48; Compra Normal
 PREFEITURA MUNICIPAL DE BALNEÁRIO GAIVOTA; Móveis; MOBILIÁRIO EM GERAL;6233; BERÇO MINI CAMA HENN BALA DE MENTA L02-10 BRANCO MULTIMOVEIS; 08/07/2017; MANUTENÇÃO DA SECRETARIA DE EDUCAÇÃO; Ativo;R$ 92,48; Compra Normal
 PREFEITURA MUNICIPAL DE BALNEÁRIO GAIVOTA; Móveis; Ar Condicionado;6423; AR CONDICIONADO/EVAPORADOR 12000BTUS Q/F ECO; 05/07/2017; MANUTENÇÃO DA SECRETARIA DE EDUCAÇÃO; Ativo;R$ 389,51; Compra Normal
 PREFEITURA MUNICIPAL DE BALNEÁRIO GAIVOTA; Móveis; Ar Condicionado;6422; AR CONDICIONADO/EVAPORADOR 12000BTUS Q/F ECO; 05/07/2017; MANUTENÇÃO DA SECRETARIA DE EDUCAÇÃO; Ativo;R$ 389,51; Compra Normal
 PREFEITURA MUNICIPAL DE BALNEÁRIO GAIVOTA; Móveis; Ar Condicionado;6425; AR CONDICIONADO/EVAPORADOR 9000BTUS Q/F ECO; 05/07/2017; MANUTENÇÃO DA SECRETARIA DE EDUCAÇÃO; Ativo;R$ 305,65; Compra Normal
 PREFEITURA MUNICIPAL DE BALNEÁRIO GAIVOTA; Móveis; Ar Condicionado;6424; AR CONDICIONADO/EVAPORADOR 9000BTUS Q/F ECO; 05/07/2017; MANUTENÇÃO DA SECRETARIA DE EDUCAÇÃO; Ativo;R$ 305,65; Compra Normal
 PREFEITURA MUNICIPAL DE BALNEÁRIO GAIVOTA; Móveis; FOGÃO A GÁS;6146; FOGÃO INDUSTRIAL 6 BOCAS COM FORNO; 05/07/2017; MANUTENÇÃO DA SECRETARIA DE EDUCAÇÃO; Ativo;R$ 445,44; Compra Normal
 PREFEITURA MUNICIPAL DE BALNEÁRIO GAIVOTA; Móveis; EQUIPAMENTOS DOMÉSTICOS;6195; LAVADORA 16K ELETROLUX 220V; 05/07/2017; MANUTENÇÃO DA SECRETARIA DE EDUCAÇÃO; Ativo;R$ 456,33; Compra Normal
 PREFEITURA MUNICIPAL DE BALNEÁRIO GAIVOTA; Móveis; Liquidificador;6225; LIQUIDIFICADOR INDUSTRIAL INOX ALTA ROTACAO 700W 2LITROS 220V; 05/07/2017; MANUTENÇÃO DA SECRETARIA DE EDUCAÇÃO; Ativo;R$ 131,26; Compra Normal
 PREFEITURA MUNICIPAL DE BALNEÁRIO GAIVOTA; Móveis; MICROCOMPUTADOR;6138; COMPUTADOR CPU PROCESSADOR I5, MEM 8GB, HD 500GB, TECLADO, MOUSE, CX SOM, ESTABILIZADOR 300VA; 05/07/2017; MANUTENÇÃO DA SECRETARIA DE EDUCAÇÃO; Ativo;R$ 473,87; Compra Normal
 PREFEITURA MUNICIPAL DE BALNEÁRIO GAIVOTA; Móveis; MONITORES;6139; MONITOR 19 POLEGADAS; 05/07/2017; MANUTENÇÃO DA SECRETARIA DE EDUCAÇÃO; Ativo;R$ 114,68; Compra Normal
 PREFEITURA MUNICIPAL DE BALNEÁRIO GAIVOTA; Móveis; MICROCOMPUTADOR;6136; COMPUTADOR CPU PROCESSADOR I5, MEM 8GB, HD 500GB, TECLADO, MOUSE, CX SOM, ESTABILIZADOR 300VA; 05/07/2017; MANUTENÇÃO DA SECRETARIA DE EDUCAÇÃO; Ativo;R$ 473,87; Compra Normal
 PREFEITURA MUNICIPAL DE BALNEÁRIO GAIVOTA; Móveis; MONITORES;6137; MONITOR 19 POLEGADAS; 05/07/2017; MANUTENÇÃO DA SECRETARIA DE EDUCAÇÃO; Ativo;R$ 114,68; Compra Normal
 PREFEITURA MUNICIPAL DE BALNEÁRIO GAIVOTA; Móveis; CADEIRA;6173; CADEIRA ALIMENTAÇÃO P/ CRIANÇA GALZERANO; 05/07/2017; MANUTENÇÃO DA SECRETARIA DE EDUCAÇÃO; Ativo;R$ 84,81; Compra Normal
 PREFEITURA MUNICIPAL DE BALNEÁRIO GAIVOTA; Móveis; CADEIRA;6172; CADEIRA ALIMENTAÇÃO P/ CRIANÇA GALZERANO; 05/07/2017; MANUTENÇÃO DA SECRETARIA DE EDUCAÇÃO; Ativo;R$ 84,81; Compra Normal
 PREFEITURA MUNICIPAL DE BALNEÁRIO GAIVOTA; Móveis; CADEIRA;6171; CADEIRA ALIMENTAÇÃO P/ CRIANÇA GALZERANO; 05/07/2017; MANUTENÇÃO DA SECRETARIA DE EDUCAÇÃO; Ativo;R$ 84,81; Compra Normal
 PREFEITURA MUNICIPAL DE BALNEÁRIO GAIVOTA; Móveis; CADEIRA;6170; CADEIRA ALIMENTAÇÃO P/ CRIANÇA GALZERANO; 05/07/2017; MANUTENÇÃO DA SECRETARIA DE EDUCAÇÃO; Ativo;R$ 84,81; Compra Normal
 PREFEITURA MUNICIPAL DE BALNEÁRIO GAIVOTA; Móveis; CADEIRA;6169; CADEIRA ALIMENTAÇÃO P/ CRIANÇA GALZERANO; 05/07/2017; MANUTENÇÃO DA SECRETARIA DE EDUCAÇÃO; Ativo;R$ 84,81; Compra Normal
 PREFEITURA MUNICIPAL DE BALNEÁRIO GAIVOTA; Móveis; CADEIRA;6168; CADEIRA ALIMENTAÇÃO P/ CRIANÇA GALZERANO; 05/07/2017; MANUTENÇÃO DA SECRETARIA DE EDUCAÇÃO; Ativo;R$ 84,81; Compra Normal
 PREFEITURA MUNICIPAL DE BALNEÁRIO GAIVOTA; Móveis; IMPRESSORAS;6292; IMPRESSORA LASERJET MONO HP PRO M402DNE REDE/DUPLEX 40PPM; 04/07/2017; FUNDO MUNICIPAL DE SAUDE; Ativo;R$ 366,03; Compra Normal
 PREFEITURA MUNICIPAL DE BALNEÁRIO GAIVOTA; Móveis; IMPRESSORAS;6293; IMPRESSORA LASERJET MONO HP PRO M402DNE REDE/DUPLEX 40PPM; 04/07/2017; FUNDO MUNICIPAL DE SAUDE; Ativo;R$ 366,03; Compra Normal
 PREFEITURA MUNICIPAL DE BALNEÁRIO GAIVOTA; Móveis; EQUIPAMENTOS MÉDICOS;6269; DERMATOSCOPIO MD 2.5V SIGMA 1000 COM ESTOJO LUXO E 2 LENTES; 04/07/2017; FUNDO MUNICIPAL DE SAUDE; Baixado;R$ 334,31; Compra Normal
 PREFEITURA MUNICIPAL DE BALNEÁRIO GAIVOTA; Móveis; EQUIPAMENTOS MÉDICOS; -; DERMATOSCOPIO MD 2.5V SIGMA 1000 COM ESTOJO LUXO E 2 LENTES; 04/07/2017; FUNDO MUNICIPAL DE SAUDE; Baixado;R$ 334,31; Compra Normal
 PREFEITURA MUNICIPAL DE BALNEÁRIO GAIVOTA; Móveis; EQUIPAMENTOS MÉDICOS; -; DERMATOSCOPIO MD 2.5V SIGMA 1000 COM ESTOJO LUXO E 2 LENTES; 04/07/2017; FUNDO MUNICIPAL DE SAUDE; Baixado;R$ 334,31; Compra Normal
 PREFEITURA MUNICIPAL DE BALNEÁRIO GAIVOTA; Móveis; EQUIPAMENTOS MÉDICOS;6102; CARRO MACA COM GRADE E SUPORTE DE SORO - OLIMEDIC; 04/07/2017; FUNDO MUNICIPAL DE SAUDE; Ativo;R$ 212,81; Compra Normal
 PREFEITURA MUNICIPAL DE BALNEÁRIO GAIVOTA; Móveis; EQUIPAMENTOS MÉDICOS;6460; CARRO MACA COM GRADE E SUPORTE DE SORO - OLIMEDIC; 04/07/2017; FUNDO MUNICIPAL DE SAUDE; Ativo;R$ 212,81; Compra Normal
 PREFEITURA MUNICIPAL DE BALNEÁRIO GAIVOTA; Móveis; EQUIPAMENTOS MÉDICOS;6268; CARRO MACA COM GRADE E SUPORTE DE SORO - OLIMEDIC; 04/07/2017; FUNDO MUNICIPAL DE SAUDE; Ativo;R$ 212,81; Compra Normal
 PREFEITURA MUNICIPAL DE BALNEÁRIO GAIVOTA; Móveis; MOBILIÁRIO EM GERAL;6264; BIOMBO TRIPLO - OLIMEDIC; 04/07/2017; FUNDO MUNICIPAL DE SAUDE; Ativo;R$ 76,14; Compra Normal
 PREFEITURA MUNICIPAL DE BALNEÁRIO GAIVOTA; Móveis; MOBILIÁRIO EM GERAL;6265; BIOMBO TRIPLO - OLIMEDIC; 04/07/2017; FUNDO MUNICIPAL DE SAUDE; Ativo;R$ 76,14; Compra Normal
 PREFEITURA MUNICIPAL DE BALNEÁRIO GAIVOTA; Móveis; MOBILIÁRIO EM GERAL;6380; BIOMBO TRIPLO - OLIMEDIC; 04/07/2017; FUNDO MUNICIPAL DE SAUDE; Ativo;R$ 76,14; Compra Normal
 PREFEITURA MUNICIPAL DE BALNEÁRIO GAIVOTA; Móveis; MOBILIÁRIO EM GERAL;6495; BIOMBO TRIPLO - OLIMEDIC; 04/07/2017; FUNDO MUNICIPAL DE SAUDE; Ativo;R$ 76,14; Compra Normal
 PREFEITURA MUNICIPAL DE BALNEÁRIO GAIVOTA; Móveis; MOBILIÁRIO EM GERAL;6106; BIOMBO TRIPLO - OLIMEDIC; 04/07/2017; FUNDO MUNICIPAL DE SAUDE; Ativo;R$ 76,14; Compra Normal
 PREFEITURA MUNICIPAL DE BALNEÁRIO GAIVOTA; Móveis; EQUIPAMENTOS MÉDICOS;6103; CARRO CURATIVO - OLIMEDIC; 04/07/2017; FUNDO MUNICIPAL DE SAUDE; Ativo;R$ 153,69; Compra Normal
 PREFEITURA MUNICIPAL DE BALNEÁRIO GAIVOTA; Móveis; EQUIPAMENTOS MÉDICOS;8125; COMPRESSOR DE AR SUPER 50 220V/60HZ - FIAC; 04/07/2017; FUNDO MUNICIPAL DE SAUDE; Ativo;R$ 491,82; Compra Normal
 PREFEITURA MUNICIPAL DE BALNEÁRIO GAIVOTA; Móveis; EQUIPAMENTOS MÉDICOS;6523; FOCO CLINICO LED BIVOLT, BASE C/ RODIZIOS FLEXNEW; 04/07/2017; FUNDO MUNICIPAL DE SAUDE; Ativo;R$ 82,76; Compra Normal
 PREFEITURA MUNICIPAL DE BALNEÁRIO GAIVOTA; Móveis; EQUIPAMENTOS MÉDICOS;6124; FOCO CLINICO LED BIVOLT, BASE C/ RODIZIOS FLEXNEW; 04/07/2017; FUNDO MUNICIPAL DE SAUDE; Ativo;R$ 82,76; Compra Normal
 PREFEITURA MUNICIPAL DE BALNEÁRIO GAIVOTA; Móveis; EQUIPAMENTOS MÉDICOS;6281; MESA DE EXAMES CLINICOS INOX COM SUPORTE DE PAPEL LENCOL OLIMEDIC; 04/07/2017; FUNDO MUNICIPAL DE SAUDE; Baixado;R$ 204,30; Compra Normal
 PREFEITURA MUNICIPAL DE BALNEÁRIO GAIVOTA; Móveis; EQUIPAMENTOS MÉDICOS;6041; MESA DE EXAMES CLINICOS INOX COM SUPORTE DE PAPEL LENCOL OLIMEDIC; 04/07/2017; FUNDO MUNICIPAL DE SAUDE; Ativo;R$ 130,05; Compra Normal
 PREFEITURA MUNICIPAL DE BALNEÁRIO GAIVOTA; Móveis; EQUIPAMENTOS MÉDICOS;6448; MICROSCOPIO BINOC OCULARES 10X/18MM 16X/11MM REVOLVER QUINTUPLO. OBJ. ACROM. 4X, 10X, 20X, 40X E 100XS, KO- COLEMAN; 04/07/2017; FUNDO MUNICIPAL DE SAUDE; Ativo;R$ 827,58; Compra Normal
 PREFEITURA MUNICIPAL DE BALNEÁRIO GAIVOTA; Móveis; Balanças;6126; BALANCA ADULTO ANTROPOMETRICA, CAPACIDADE 200KG - BALMAK; 04/07/2017; BENS INSERVÍVEIS; Ativo;R$ 260,10; Compra Normal
 PREFEITURA MUNICIPAL DE BALNEÁRIO GAIVOTA; Móveis; Balanças;6493; BALANCA ADULTO ANTROPOMETRICA, CAPACIDADE 200KG - BALMAK; 04/07/2017; FUNDO MUNICIPAL DE SAUDE; Ativo;R$ 260,10; Compra Normal
 PREFEITURA MUNICIPAL DE BALNEÁRIO GAIVOTA; Móveis; Balanças;6494; BALANCA ADULTO ANTROPOMETRICA, CAPACIDADE 200KG - BALMAK; 04/07/2017; FUNDO MUNICIPAL DE SAUDE; Ativo;R$ 260,10; Compra Normal
 PREFEITURA MUNICIPAL DE BALNEÁRIO GAIVOTA; Móveis; EQUIPAMENTOS MÉDICOS;6492; ELETROCARDIOGRAMFO NIHON KOHDEN; 04/07/2017; FUNDO MUNICIPAL DE SAUDE; Baixado;R$ 1.968,69; Compra Normal
 PREFEITURA MUNICIPAL DE BALNEÁRIO GAIVOTA; Móveis; EQUIPAMENTOS MÉDICOS;6491; ELETROCARDIOGRAMFO NIHON KOHDEN; 04/07/2017; FUNDO MUNICIPAL DE SAUDE; Ativo;R$ 1.253,19; Compra Normal
 PREFEITURA MUNICIPAL DE BALNEÁRIO GAIVOTA; Móveis; EQUIPAMENTOS MÉDICOS; -; CABO EM METAL 2.5V DO LARINGOSCOPIO CONVENCIONAL MEDIO TIPO C COM 05 LAMINAS - MD; 04/07/2017; FUNDO MUNICIPAL DE SAUDE; Baixado;R$ 208,01; Compra Normal
 PREFEITURA MUNICIPAL DE BALNEÁRIO GAIVOTA; Móveis; EQUIPAMENTOS MÉDICOS; -; CABO EM METAL 2.5V DO LARINGOSCOPIO CONVENCIONAL MEDIO TIPO C COM 03 LAMINAS - MD; 04/07/2017; FUNDO MUNICIPAL DE SAUDE; Baixado;R$ 142,80; Compra Normal
 PREFEITURA MUNICIPAL DE BALNEÁRIO GAIVOTA; Móveis; EQUIPAMENTOS MÉDICOS; -; CABO EM METAL 2.5V DO LARINGOSCOPIO CONVENCIONAL MEDIO TIPO C COM 03 LAMINAS - MD; 04/07/2017; FUNDO MUNICIPAL DE SAUDE; Baixado;R$ 142,80; Compra Normal
 PREFEITURA MUNICIPAL DE BALNEÁRIO GAIVOTA; Móveis; EQUIPAMENTOS MÉDICOS;6590; SCALER JET JATO DE BICARBONATO - KONDENTECH; 04/07/2017; FUNDO MUNICIPAL DE SAUDE; Ativo;R$ 439,80; Compra Normal
 PREFEITURA MUNICIPAL DE BALNEÁRIO GAIVOTA; Móveis; Armário;6109; ARMARIO 1,60X0,40; 29/06/2017; FUNDO MUNICIPAL DE SAUDE; Ativo;R$ 163,80; Compra Normal
 PREFEITURA MUNICIPAL DE BALNEÁRIO GAIVOTA; Móveis; Armário;6479; ARMARIO 1,60X0,40; 29/06/2017; FUNDO MUNICIPAL DE SAUDE; Ativo;R$ 163,80; Compra Normal
 PREFEITURA MUNICIPAL DE BALNEÁRIO GAIVOTA; Móveis; Armário;6051; ARMARIO 1,60X0,40; 29/06/2017; FUNDO MUNICIPAL DE SAUDE; Ativo;R$ 163,80; Compra Normal
 PREFEITURA MUNICIPAL DE BALNEÁRIO GAIVOTA; Móveis; Armário;6320; ARMARIO 1,60X0,40; 29/06/2017; FUNDO MUNICIPAL DE SAUDE; Ativo;R$ 163,80; Compra Normal
 PREFEITURA MUNICIPAL DE BALNEÁRIO GAIVOTA; Móveis; Armário;6273; ARMARIO 1,60X0,40; 29/06/2017; FUNDO MUNICIPAL DE SAUDE; Ativo;R$ 163,80; Compra Normal
 PREFEITURA MUNICIPAL DE BALNEÁRIO GAIVOTA; Móveis; Armário;6272; ARMARIO 1,60X0,40; 29/06/2017; FUNDO MUNICIPAL DE SAUDE; Ativo;R$ 163,80; Compra Normal
 PREFEITURA MUNICIPAL DE BALNEÁRIO GAIVOTA; Móveis; EQUIPAMENTOS DOMÉSTICOS;6053; CARRO PARA MATERIAL DE LIMPEZA; 29/06/2017; FUNDO MUNICIPAL DE SAUDE; Ativo;R$ 210,60; Compra Normal
 PREFEITURA MUNICIPAL DE BALNEÁRIO GAIVOTA; Móveis; GELADEIRA;6332; REFRIGERADOR 1 PORTA BRANCO 300L - ELETROLUX; 29/06/2017; FUNDO MUNICIPAL DE SAUDE; Ativo;R$ 304,20; Compra Normal
 PREFEITURA MUNICIPAL DE BALNEÁRIO GAIVOTA; Móveis; ROÇADEIRA;6552; ROÇADEIRA TRASEIRA, MODELO RDMR 160, MEC-RUL, SERIE 160624593, 1.60MTS; 27/06/2017; MANUTENÇÃO DA SECRETARIA DE OBRAS E SERV; Ativo;R$ 1.537,80; Compra Normal
 PREFEITURA MUNICIPAL DE BALNEÁRIO GAIVOTA; Móveis; Balcão;6144; BLACÃO FRALDARIO MDF BRANCO 1X0.80; 26/06/2017; MANUTENÇÃO DA SECRETARIA DE EDUCAÇÃO; Ativo;R$ 181,35; Compra Normal
 PREFEITURA MUNICIPAL DE BALNEÁRIO GAIVOTA; Móveis; Armário;6165; GUARDA VOLUME 1.40X1.85 MDF BRANCO; 23/06/2017; MANUTENÇÃO DA SECRETARIA DE EDUCAÇÃO; Ativo;R$ 496,65; Compra Normal
 PREFEITURA MUNICIPAL DE BALNEÁRIO GAIVOTA; Móveis; MICROCOMPUTADOR;6536; COMPUTADOR GABINETE PROCESSADOR 3.5GHZ/MEM 4GB DDR4/HD 500GB/; 20/06/2017; MANUTENÇÃO DO GABINETE DO PREFEITO; Ativo;R$ 263,92; Compra Normal
 PREFEITURA MUNICIPAL DE BALNEÁRIO GAIVOTA; Móveis; IMPRESSORAS;6531; IMPRESSORA MULTIFUNCIONAL HP LASERJET M426DW; 16/06/2017; DIRETORIA DE AGRICULTURA; Ativo;R$ 518,70; Compra Normal
 PREFEITURA MUNICIPAL DE BALNEÁRIO GAIVOTA; Móveis; MOBILIÁRIO EM GERAL;6079; POLTRONA DE COLETA MR PT C. PT; 14/06/2017; FUNDO MUNICIPAL DE SAUDE; Ativo;R$ 77,01; Compra Normal
 PREFEITURA MUNICIPAL DE BALNEÁRIO GAIVOTA; Móveis; MESA;6087; MESA REUNIAO RETANGULAR; 14/06/2017; FUNDO MUNICIPAL DE SAUDE; Ativo;R$ 90,60; Compra Normal
 PREFEITURA MUNICIPAL DE BALNEÁRIO GAIVOTA; Móveis; MOBILIÁRIO EM GERAL;6488; POLTRONA DE COLETA MR PT C. PT; 14/06/2017; FUNDO MUNICIPAL DE SAUDE; Ativo;R$ 77,01; Compra Normal
 PREFEITURA MUNICIPAL DE BALNEÁRIO GAIVOTA; Móveis; MOBILIÁRIO EM GERAL;8140; POLTRONA DE COLETA MR PT C. PT; 14/06/2017; FUNDO MUNICIPAL DE SAUDE; Ativo;R$ 77,01; Compra Normal
 PREFEITURA MUNICIPAL DE BALNEÁRIO GAIVOTA; Móveis; Armário;7377; ARMARIO VITRINE 2P VIDRO; 09/06/2017; FUNDO MUNICIPAL DE SAUDE; Ativo;R$ 120,96; Compra Normal
 PREFEITURA MUNICIPAL DE BALNEÁRIO GAIVOTA; Móveis; Armário;6271; ARMARIO VITRINE 2P VIDRO; 09/06/2017; FUNDO MUNICIPAL DE SAUDE; Ativo;R$ 120,96; Compra Normal
 PREFEITURA MUNICIPAL DE BALNEÁRIO GAIVOTA; Móveis; Armário;6088; ARMARIO VITRINE 2P VIDRO; 09/06/2017; FUNDO MUNICIPAL DE SAUDE; Ativo;R$ 120,96; Compra Normal
 PREFEITURA MUNICIPAL DE BALNEÁRIO GAIVOTA; Móveis; Ar Condicionado;6458; AR CONDICIONADO SPLIT HI WALL YORK; 08/06/2017; FUNDO MUNICIPAL DE SAUDE; Ativo;R$ 245,85; Compra Normal
 PREFEITURA MUNICIPAL DE BALNEÁRIO GAIVOTA; Móveis; Ar Condicionado;6324; AR CONDICIONADO SPLIT HI WALL YORK; 08/06/2017; FUNDO MUNICIPAL DE SAUDE; Ativo;R$ 245,85; Compra Normal
 PREFEITURA MUNICIPAL DE BALNEÁRIO GAIVOTA; Móveis; Ar Condicionado;6287; AR CONDICIONADO SPLIT HI WALL YORK; 08/06/2017; FUNDO MUNICIPAL DE SAUDE; Ativo;R$ 245,85; Compra Normal
 PREFEITURA MUNICIPAL DE BALNEÁRIO GAIVOTA; Móveis; GELADEIRA;6354; REFRIGERADOR 1 PORTA COR BRANCO 220V - ELETROLUX; 08/06/2017; FUNDO MUNICIPAL DE SAUDE; Ativo;R$ 245,85; Compra Normal
 PREFEITURA MUNICIPAL DE BALNEÁRIO GAIVOTA; Móveis; GELADEIRA;6310; REFRIGERADOR 1 PORTA COR BRANCO 220V - ELETROLUX; 08/06/2017; FUNDO MUNICIPAL DE SAUDE; Ativo;R$ 245,85; Compra Normal
 PREFEITURA MUNICIPAL DE BALNEÁRIO GAIVOTA; Móveis; GELADEIRA;6080; REFRIGERADOR 1 PORTA COR BRANCO 220V - ELETROLUX; 08/06/2017; FUNDO MUNICIPAL DE SAUDE; Ativo;R$ 245,85; Compra Normal
 PREFEITURA MUNICIPAL DE BALNEÁRIO GAIVOTA; Móveis; GELADEIRA;6054; REFRIGERADOR 1 PORTA COR BRANCO 220V - ELETROLUX; 08/06/2017; FUNDO MUNICIPAL DE SAUDE; Ativo;R$ 245,85; Compra Normal
 PREFEITURA MUNICIPAL DE BALNEÁRIO GAIVOTA; Móveis; TELEVISOR;6445; TV LED 42 PHILCO; 08/06/2017; FUNDO MUNICIPAL DE SAUDE; Ativo;R$ 368,77; Compra Normal
 PREFEITURA MUNICIPAL DE BALNEÁRIO GAIVOTA; Móveis; TELEVISOR;6444; TV LED 42 PHILCO; 08/06/2017; FUNDO MUNICIPAL DE SAUDE; Ativo;R$ 368,77; Compra Normal
 PREFEITURA MUNICIPAL DE BALNEÁRIO GAIVOTA; Móveis; TELEVISOR;6600; TELEVISOR 24P LED AOC LE24D1461F/HD PTO; 07/06/2017; MANUTENÇÃO DA SECRETARIA DE EDUCAÇÃO; Baixado;R$ 177,92; Compra Normal
 PREFEITURA MUNICIPAL DE BALNEÁRIO GAIVOTA; Móveis; Armário;8032; GUARDA VOLUMES DE COZINHA 1,85X0,90 EM MDF BRANCO; 01/06/2017; MANUTENÇÃO DA SECRETARIA DE EDUCAÇÃO; Ativo;R$ 270,60; Compra Normal
 PREFEITURA MUNICIPAL DE BALNEÁRIO GAIVOTA; Móveis; MOBILIÁRIO EM GERAL;6140; ARQUIVO P/SECR. 1,90X1,10 EM MDF BRANCO; 01/06/2017; MANUTENÇÃO DA SECRETARIA DE EDUCAÇÃO; Ativo;R$ 385,00; Compra Normal
 PREFEITURA MUNICIPAL DE BALNEÁRIO GAIVOTA; Móveis; Balcão;6141; BALCÃO 1,40X1,10 MDF BRANCO; 01/06/2017; MANUTENÇÃO DA SECRETARIA DE EDUCAÇÃO; Ativo;R$ 292,60; Compra Normal
 PREFEITURA MUNICIPAL DE BALNEÁRIO GAIVOTA; Móveis; MICROCOMPUTADOR;6542; COMPUTADOR CPU I5/MB 1151/HD500GB/MEM. 8GB/GRAV.DVD/TECLADO/MOUSE/CX. SOM/ESTABILIZADOR.; 22/05/2017; BENS PARA LEILÃO; Ativo;R$ 331,35; Compra Normal
 PREFEITURA MUNICIPAL DE BALNEÁRIO GAIVOTA; Móveis; MICROCOMPUTADOR;4967; MONITOR 19P; 22/05/2017; MANUTENÇÃO DA SECRETARIA DE EDUCAÇÃO; Ativo;R$ 96,82; Compra Normal
 PREFEITURA MUNICIPAL DE BALNEÁRIO GAIVOTA; Móveis; MICROCOMPUTADOR;6366; LASER P/ TERAPIA LASERMED CANETA LASER 83NM 30MWATTS NS 4093042L; 16/05/2017; FUNDO MUNICIPAL DE SAUDE; Ativo;R$ 446,46; Compra Normal
 PREFEITURA MUNICIPAL DE BALNEÁRIO GAIVOTA; Móveis; Escada;6362; ESCADA DE MADEIRA DE CANTO EM L - M DEGRAUS; 16/05/2017; FUNDO MUNICIPAL DE SAUDE; Ativo;R$ 319,19; Compra Normal
 PREFEITURA MUNICIPAL DE BALNEÁRIO GAIVOTA; Móveis; EQUIPAMENTOS MÉDICOS;6431; BICICLETA ERGOM. ACT CLBH CLASSIC 8 NIVEIS/EX 450 DREAM; 16/05/2017; FUNDO MUNICIPAL DE SAUDE; Ativo;R$ 166,61; Compra Normal
 PREFEITURA MUNICIPAL DE BALNEÁRIO GAIVOTA; Móveis; EQUIPAMENTOS MÉDICOS;6352; NEURODYN PORTATIL IMBRAMED - 2 CANAIS; 16/05/2017; FUNDO MUNICIPAL DE SAUDE; Ativo;R$ 117,59; Compra Normal
 PREFEITURA MUNICIPAL DE BALNEÁRIO GAIVOTA; Móveis; EQUIPAMENTOS MÉDICOS;8132; NEURODYN PORTATIL IMBRAMED - 2 CANAIS; 16/05/2017; FUNDO MUNICIPAL DE SAUDE; Ativo;R$ 117,59; Compra Normal
 PREFEITURA MUNICIPAL DE BALNEÁRIO GAIVOTA; Móveis; APARELHOS ELETRO-ELETRÔNICOS;6595; GALAXY TAB A NOTE 10.1 BRANCO; 12/05/2017; MANUTENÇÃO DA SECRETARIA DE EDUCAÇÃO; Ativo;R$ 420,55; Compra Normal
 CAMARA MUNICIPAL DE BALNEARIO GAIVOTA; MOVEIS; Cod.: 399 - Placas;227; FOTO AÇO INOX 23X30 PRESIDENTE 2017/2018; 09/05/2017; CAMARA MUNICIPAL DE VEREADORES; Em uso;R$ 283,31; Compra
 CAMARA MUNICIPAL DE BALNEARIO GAIVOTA; MOVEIS; Cod.: 95 - Placar;228; PLACA EM AÇO INOX 40X50 CM GALERIA VEREADORES DA LEGISLATURA 2017/2020; 09/05/2017; CAMARA MUNICIPAL DE VEREADORES; Em uso;R$ 939,00; Compra
 PREFEITURA MUNICIPAL DE BALNEÁRIO GAIVOTA; Móveis; ESTANTES;6607; EXPOSITOR DE METAL; 28/04/2017; MANUTENÇÃO DA SECRETARIA DE EDUCAÇÃO; Ativo;R$ 91,57; Compra Normal
 PREFEITURA MUNICIPAL DE BALNEÁRIO GAIVOTA; Móveis; ESTANTES;6699; EXPOSITOR DE METAL; 28/04/2017; MANUTENÇÃO DA SECRETARIA DE EDUCAÇÃO; Ativo;R$ 91,57; Compra Normal
 PREFEITURA MUNICIPAL DE BALNEÁRIO GAIVOTA; Móveis; ESTANTES;6601; EXPOSITOR DE METAL; 28/04/2017; MANUTENÇÃO DA SECRETARIA DE EDUCAÇÃO; Ativo;R$ 91,57; Compra Normal
 PREFEITURA MUNICIPAL DE BALNEÁRIO GAIVOTA; Móveis; MICROCOMPUTADOR;6549; COMPUTADOR CPU DUAL CORE G3250/MBH81 1150/HD500GB/MEM 4GB/GRAV.DVD/GABINETE/MOUSE/CX SOM/TECLADO/ESTABILIZADOR; 25/04/2017; MANUTENÇÃO DA SECRETARIA DE ARRECADAÇÃO; Ativo;R$ 262,54; Compra Normal
 PREFEITURA MUNICIPAL DE BALNEÁRIO GAIVOTA; Móveis; MONITORES;6550; MONITOR 18.5P LED ACER; 25/04/2017; MANUTENÇÃO DA SECRETARIA DE ARRECADAÇÃO; Ativo;R$ 98,51; Compra Normal
 PREFEITURA MUNICIPAL DE BALNEÁRIO GAIVOTA; Móveis; ESTANTES;6608; EXPOSITOR DE METAL; 12/04/2017; MANUTENÇÃO DA SECRETARIA DE EDUCAÇÃO; Ativo;R$ 87,97; Compra Normal
 PREFEITURA MUNICIPAL DE BALNEÁRIO GAIVOTA; Móveis; ESTANTES;6606; EXPOSITOR DE METAL; 12/04/2017; MANUTENÇÃO DA SECRETARIA DE EDUCAÇÃO; Ativo;R$ 87,97; Compra Normal
 PREFEITURA MUNICIPAL DE BALNEÁRIO GAIVOTA; Móveis; ESTANTES;6609; EXPOSITOR DE METAL; 12/04/2017; MANUTENÇÃO DA SECRETARIA DE EDUCAÇÃO; Ativo;R$ 87,97; Compra Normal
 PREFEITURA MUNICIPAL DE BALNEÁRIO GAIVOTA; Móveis; VEICULOS LEVES;7379; FIAT MOBI LIKE ANO FAB.2017 ANO MOD 2018 COR BRANCA CHASSI 9BD34IA5XJY472175 MOTOR 552720663066467 PLACA QIH1113 RENAVAM 1115523993; 12/04/2017; FUNDO MUNICIPAL DE SAUDE; Ativo;R$ 7.233,50; Compra Normal
 PREFEITURA MUNICIPAL DE BALNEÁRIO GAIVOTA; Móveis; IMPRESSORAS;6455; IMPRESSORA MULTIFUNCIONAL HP LASERJET PRO M127FN; 05/04/2017; FUNDO MUNICIPAL DE SAUDE; Ativo;R$ 268,34; Compra Normal
 PREFEITURA MUNICIPAL DE BALNEÁRIO GAIVOTA; Móveis; IMPRESSORAS;6475; IMPRESSORA HP LASERJET P1102W WIRELESS; 05/04/2017; FUNDO MUNICIPAL DE SAUDE; Ativo;R$ 172,34; Compra Normal
 PREFEITURA MUNICIPAL DE BALNEÁRIO GAIVOTA; Móveis; EQUIPAMENTOS MÉDICOS;6349; FOTOPOLIMERIZADOR DE RESINAS; 04/04/2017; FUNDO MUNICIPAL DE SAUDE; Ativo;R$ 114,90; Compra Normal
 PREFEITURA MUNICIPAL DE BALNEÁRIO GAIVOTA; Móveis; EQUIPAMENTOS MÉDICOS;6512; FOTOPOLIMERIZADOR DE RESINAS; 04/04/2017; FUNDO MUNICIPAL DE SAUDE; Baixado;R$ 195,90; Compra Normal
 PREFEITURA MUNICIPAL DE BALNEÁRIO GAIVOTA; Móveis; EQUIPAMENTOS MÉDICOS;6123; MESA GINECOLOGICA; 04/04/2017; FUNDO MUNICIPAL DE SAUDE; Ativo;R$ 204,90; Compra Normal
 PREFEITURA MUNICIPAL DE BALNEÁRIO GAIVOTA; Móveis; EQUIPAMENTOS MÉDICOS;6483; MESA GINECOLOGICA; 04/04/2017; FUNDO MUNICIPAL DE SAUDE; Ativo;R$ 204,90; Compra Normal
 PREFEITURA MUNICIPAL DE BALNEÁRIO GAIVOTA; Móveis; EQUIPAMENTOS MÉDICOS;6004; MESA GINECOLOGICA; 04/04/2017; FUNDO MUNICIPAL DE SAUDE; Ativo;R$ 204,90; Compra Normal
 PREFEITURA MUNICIPAL DE BALNEÁRIO GAIVOTA; Móveis; EQUIPAMENTOS MÉDICOS;6306; NEGATOSCOPIO; 04/04/2017; FUNDO MUNICIPAL DE SAUDE; Ativo;R$ 57,45; Compra Normal
 PREFEITURA MUNICIPAL DE BALNEÁRIO GAIVOTA; Móveis; EQUIPAMENTOS MÉDICOS;6393; NEGATOSCOPIO; 04/04/2017; FUNDO MUNICIPAL DE SAUDE; Ativo;R$ 57,45; Compra Normal
 PREFEITURA MUNICIPAL DE BALNEÁRIO GAIVOTA; Móveis; EQUIPAMENTOS MÉDICOS;6398; NEGATOSCOPIO; 04/04/2017; FUNDO MUNICIPAL DE SAUDE; Ativo;R$ 57,45; Compra Normal
 PREFEITURA MUNICIPAL DE BALNEÁRIO GAIVOTA; Móveis; EQUIPAMENTOS MÉDICOS;6487; NEGATOSCOPIO; 04/04/2017; FUNDO MUNICIPAL DE SAUDE; Ativo;R$ 57,45; Compra Normal
 PREFEITURA MUNICIPAL DE BALNEÁRIO GAIVOTA; Móveis; EQUIPAMENTOS MÉDICOS;6486; NEGATOSCOPIO; 04/04/2017; FUNDO MUNICIPAL DE SAUDE; Ativo;R$ 57,45; Compra Normal
 PREFEITURA MUNICIPAL DE BALNEÁRIO GAIVOTA; Móveis; EQUIPAMENTOS MÉDICOS; -; OTOSCOPIO TK C/5 ESPECULOS; 04/04/2017; FUNDO MUNICIPAL DE SAUDE; Baixado;R$ 124,07; Compra Normal
 PREFEITURA MUNICIPAL DE BALNEÁRIO GAIVOTA; Móveis; EQUIPAMENTOS MÉDICOS; -; OTOSCOPIO TK C/5 ESPECULOS; 04/04/2017; FUNDO MUNICIPAL DE SAUDE; Baixado;R$ 124,07; Compra Normal
 PREFEITURA MUNICIPAL DE BALNEÁRIO GAIVOTA; Móveis; EQUIPAMENTOS MÉDICOS; -; OTOSCOPIO TK C/5 ESPECULOS; 04/04/2017; FUNDO MUNICIPAL DE SAUDE; Baixado;R$ 124,07; Compra Normal
 PREFEITURA MUNICIPAL DE BALNEÁRIO GAIVOTA; Móveis; EQUIPAMENTOS MÉDICOS; -; OTOSCOPIO TK C/5 ESPECULOS; 04/04/2017; FUNDO MUNICIPAL DE SAUDE; Baixado;R$ 124,07; Compra Normal
 PREFEITURA MUNICIPAL DE BALNEÁRIO GAIVOTA; Móveis; EQUIPAMENTOS MÉDICOS; -; OTOSCOPIO TK C/5 ESPECULOS; 04/04/2017; FUNDO MUNICIPAL DE SAUDE; Baixado;R$ 124,07; Compra Normal
 PREFEITURA MUNICIPAL DE BALNEÁRIO GAIVOTA; Móveis; EQUIPAMENTOS MÉDICOS;6382; SELADORA HORIZONTAL FR-900S; 04/04/2017; FUNDO MUNICIPAL DE SAUDE; Ativo;R$ 612,80; Compra Normal
 PREFEITURA MUNICIPAL DE BALNEÁRIO GAIVOTA; Móveis; EQUIPAMENTOS MÉDICOS;6309; SELADORA HORIZONTAL FR-900S; 04/04/2017; FUNDO MUNICIPAL DE SAUDE; Ativo;R$ 612,80; Compra Normal
 PREFEITURA MUNICIPAL DE BALNEÁRIO GAIVOTA; Móveis; EQUIPAMENTOS MÉDICOS;6329; SELADORA HORIZONTAL FR-900S; 04/04/2017; FUNDO MUNICIPAL DE SAUDE; Ativo;R$ 612,80; Compra Normal
 PREFEITURA MUNICIPAL DE BALNEÁRIO GAIVOTA; Móveis; EQUIPAMENTOS MÉDICOS;6490; AMALGAMADOR ODONTOLOGICO; 04/04/2017; FUNDO MUNICIPAL DE SAUDE; Baixado;R$ 254,67; Compra Normal
 PREFEITURA MUNICIPAL DE BALNEÁRIO GAIVOTA; Móveis; EQUIPAMENTOS MÉDICOS;6489; AMALGAMADOR ODONTOLOGICO; 04/04/2017; FUNDO MUNICIPAL DE SAUDE; Baixado;R$ 254,67; Compra Normal
 PREFEITURA MUNICIPAL DE BALNEÁRIO GAIVOTA; Móveis; AUTOCLAVE;6524; AUTOCLAVE HORIZONTAL DE MESA DIGITALE; 04/04/2017; FUNDO MUNICIPAL DE SAUDE; Ativo;R$ 478,75; Compra Normal
 PREFEITURA MUNICIPAL DE BALNEÁRIO GAIVOTA; Móveis; AUTOCLAVE;6485; AUTOCLAVE HORIZONTAL DE MESA DIGITALE; 04/04/2017; FUNDO MUNICIPAL DE SAUDE; Ativo;R$ 478,75; Compra Normal
 PREFEITURA MUNICIPAL DE BALNEÁRIO GAIVOTA; Móveis; AUTOCLAVE;6118; AUTOCLAVE HORIZONTAL DE MESA DIGITALE; 04/04/2017; FUNDO MUNICIPAL DE SAUDE; Ativo;R$ 478,75; Compra Normal
 PREFEITURA MUNICIPAL DE BALNEÁRIO GAIVOTA; Móveis; AUTOCLAVE;6117; AUTOCLAVE HORIZONTAL DE MESA DIGITALE; 04/04/2017; FUNDO MUNICIPAL DE SAUDE; Ativo;R$ 478,75; Compra Normal
 PREFEITURA MUNICIPAL DE BALNEÁRIO GAIVOTA; Móveis; Balanças;6384; BALANÇA ANTROPOMETRICA INFANTIL; 04/04/2017; FUNDO MUNICIPAL DE SAUDE; Ativo;R$ 153,20; Compra Normal
 PREFEITURA MUNICIPAL DE BALNEÁRIO GAIVOTA; Móveis; Balanças;7378; BALANÇA ANTROPOMETRICA INFANTIL; 04/04/2017; FUNDO MUNICIPAL DE SAUDE; Baixado;R$ 261,20; Compra Normal
 PREFEITURA MUNICIPAL DE BALNEÁRIO GAIVOTA; Móveis; Balanças;6284; BALANÇA ANTROPOMETRICA INFANTIL; 04/04/2017; FUNDO MUNICIPAL DE SAUDE; Ativo;R$ 153,20; Compra Normal
 PREFEITURA MUNICIPAL DE BALNEÁRIO GAIVOTA; Móveis; EQUIPAMENTOS MÉDICOS;8190; CENTRIFUGA LABORATORIAL 4 TURBOS 220V; 04/04/2017; FUNDO MUNICIPAL DE SAUDE; Ativo;R$ 430,87; Compra Normal
 PREFEITURA MUNICIPAL DE BALNEÁRIO GAIVOTA; Móveis; EQUIPAMENTOS MÉDICOS;6482; COLPOSCOPIO BINOCULAR PF-7000 F; 04/04/2017; FUNDO MUNICIPAL DE SAUDE; Ativo;R$ 3.064,00; Compra Normal
 PREFEITURA MUNICIPAL DE BALNEÁRIO GAIVOTA; Móveis; EQUIPAMENTOS MÉDICOS; -; DETECTOR FETAL DOPPLER DF 700I D; 04/04/2017; FUNDO MUNICIPAL DE SAUDE; Baixado;R$ 228,55; Compra Normal
 PREFEITURA MUNICIPAL DE BALNEÁRIO GAIVOTA; Móveis; MOBILIÁRIO EM GERAL;6063; ARMARIO; 04/04/2017; FUNDO MUNICIPAL DE SAUDE; Ativo;R$ 71,55; Compra Normal
 PREFEITURA MUNICIPAL DE BALNEÁRIO GAIVOTA; Móveis; MOBILIÁRIO EM GERAL;6064; ARMARIO; 04/04/2017; FUNDO MUNICIPAL DE SAUDE; Ativo;R$ 71,55; Compra Normal
 PREFEITURA MUNICIPAL DE BALNEÁRIO GAIVOTA; Móveis; MOBILIÁRIO EM GERAL;6107; ARMARIO; 04/04/2017; FUNDO MUNICIPAL DE SAUDE; Ativo;R$ 71,55; Compra Normal
 PREFEITURA MUNICIPAL DE BALNEÁRIO GAIVOTA; Móveis; MOBILIÁRIO EM GERAL;6383; ARMARIO; 04/04/2017; FUNDO MUNICIPAL DE SAUDE; Ativo;R$ 71,55; Compra Normal
 PREFEITURA MUNICIPAL DE BALNEÁRIO GAIVOTA; Móveis; MOBILIÁRIO EM GERAL;6410; ARMARIO; 04/04/2017; FUNDO MUNICIPAL DE SAUDE; Ativo;R$ 71,55; Compra Normal
 PREFEITURA MUNICIPAL DE BALNEÁRIO GAIVOTA; Móveis; MOBILIÁRIO EM GERAL;6278; ARMARIO; 04/04/2017; FUNDO MUNICIPAL DE SAUDE; Ativo;R$ 71,55; Compra Normal
 PREFEITURA MUNICIPAL DE BALNEÁRIO GAIVOTA; Móveis; MOBILIÁRIO EM GERAL;6277; ARMARIO; 04/04/2017; FUNDO MUNICIPAL DE SAUDE; Ativo;R$ 71,55; Compra Normal
 PREFEITURA MUNICIPAL DE BALNEÁRIO GAIVOTA; Móveis; Bebedouro.;6428; BEBEDOURO PURIFICADOR REFRIGERADO LIBEL PRESS BABY; 04/04/2017; FUNDO MUNICIPAL DE SAUDE; Ativo;R$ 95,75; Compra Normal
 PREFEITURA MUNICIPAL DE BALNEÁRIO GAIVOTA; Móveis; Bebedouro.;6330; BEBEDOURO PURIFICADOR REFRIGERADO LIBEL PRESS BABY; 04/04/2017; FUNDO MUNICIPAL DE SAUDE; Ativo;R$ 95,75; Compra Normal
 PREFEITURA MUNICIPAL DE BALNEÁRIO GAIVOTA; Móveis; Bebedouro.;6288; BEBEDOURO PURIFICADOR REFRIGERADO LIBEL PRESS BABY; 04/04/2017; FUNDO MUNICIPAL DE SAUDE; Ativo;R$ 95,75; Compra Normal
 PREFEITURA MUNICIPAL DE BALNEÁRIO GAIVOTA; Móveis; UTENSÍLIO MÓVEL;6381; CARRO PARA MATERIAL DE LIMPEZA; 04/04/2017; FUNDO MUNICIPAL DE SAUDE; Ativo;R$ 191,50; Compra Normal
 PREFEITURA MUNICIPAL DE BALNEÁRIO GAIVOTA; Móveis; UTENSÍLIO MÓVEL;6331; CARRO PARA MATERIAL DE LIMPEZA; 04/04/2017; FUNDO MUNICIPAL DE SAUDE; Ativo;R$ 191,50; Compra Normal
 PREFEITURA MUNICIPAL DE BALNEÁRIO GAIVOTA; Móveis; UTENSÍLIO MÓVEL;6312; CARRO PARA MATERIAL DE LIMPEZA; 04/04/2017; FUNDO MUNICIPAL DE SAUDE; Ativo;R$ 191,50; Compra Normal
 PREFEITURA MUNICIPAL DE BALNEÁRIO GAIVOTA; Móveis; Tela de Projeção;6388; TELA DE PROJECAO TRIPI; 04/04/2017; FUNDO MUNICIPAL DE SAUDE; Ativo;R$ 112,98; Compra Normal
 PREFEITURA MUNICIPAL DE BALNEÁRIO GAIVOTA; Móveis; Tela de Projeção;6464; TELA DE PROJECAO TRIPI; 04/04/2017; FUNDO MUNICIPAL DE SAUDE; Ativo;R$ 112,98; Compra Normal
 PREFEITURA MUNICIPAL DE BALNEÁRIO GAIVOTA; Móveis; MICROCOMPUTADOR;6533; COMPUTADOR CPU I3 3,7GHZ/MEM 4GB/HD500GB/GRAV. DVD/GABINETE; 03/04/2017; MANUTENÇÃO DA SECRETARIA DE ADMINISTRAÇÃ; Ativo;R$ 284,59; Compra Normal
 PREFEITURA MUNICIPAL DE BALNEÁRIO GAIVOTA; Móveis; MICROCOMPUTADOR;6279; COMPUTADOR CPU  AMD A10/HD500/MEM 4GB/DVDRW/TECLADO/MOUSE; 03/04/2017; FUNDO MUNICIPAL DE SAUDE; Ativo;R$ 286,50; Compra Normal
 PREFEITURA MUNICIPAL DE BALNEÁRIO GAIVOTA; Móveis; IMPRESSORAS;6470; IMPRESSORA BROTHER LASER MONO HL1212W; 03/04/2017; FUNDO MUNICIPAL DE SAUDE; Ativo;R$ 190,54; Compra Normal
 PREFEITURA MUNICIPAL DE BALNEÁRIO GAIVOTA; Móveis; IMPRESSORAS;6304; IMPRESSORA BROTHER LASER MONO HL1212W; 03/04/2017; FUNDO MUNICIPAL DE SAUDE; Ativo;R$ 190,54; Compra Normal
 PREFEITURA MUNICIPAL DE BALNEÁRIO GAIVOTA; Móveis; IMPRESSORAS;6289; IMPRESSORA BROTHER LASER MONO HL1212W; 03/04/2017; FUNDO MUNICIPAL DE SAUDE; Ativo;R$ 190,54; Compra Normal
 PREFEITURA MUNICIPAL DE BALNEÁRIO GAIVOTA; Móveis; NO-BREAK;6357; NOBREAK UPS SOHO II TS SHARA 1000VA/700W 4021 BIV/115; 03/04/2017; FUNDO MUNICIPAL DE SAUDE; Ativo;R$ 133,24; Compra Normal
 PREFEITURA MUNICIPAL DE BALNEÁRIO GAIVOTA; Móveis; NO-BREAK;6468; NOBREAK UPS SOHO II TS SHARA 1000VA/700W 4021 BIV/115; 03/04/2017; FUNDO MUNICIPAL DE SAUDE; Ativo;R$ 133,24; Compra Normal
 PREFEITURA MUNICIPAL DE BALNEÁRIO GAIVOTA; Móveis; NO-BREAK;6285; NOBREAK UPS SOHO II TS SHARA 1000VA/700W 4021 BIV/115; 03/04/2017; FUNDO MUNICIPAL DE SAUDE; Ativo;R$ 133,24; Compra Normal
 PREFEITURA MUNICIPAL DE BALNEÁRIO GAIVOTA; Móveis; NO-BREAK;6316; NOBREAK UPS SOHO II TS SHARA 1000VA/700W 4021 BIV/115; 03/04/2017; FUNDO MUNICIPAL DE SAUDE; Ativo;R$ 133,24; Compra Normal
 PREFEITURA MUNICIPAL DE BALNEÁRIO GAIVOTA; Móveis; NOTEBOOK;6426; NOTEBOOK INTEL CORE I3 4GB 500GB 14MGB; 03/04/2017; FUNDO MUNICIPAL DE SAUDE; Ativo;R$ 418,29; Compra Normal
 PREFEITURA MUNICIPAL DE BALNEÁRIO GAIVOTA; Móveis; NOTEBOOK;6318; NOTEBOOK INTEL CORE I3 4GB 500GB 14MGB; 03/04/2017; FUNDO MUNICIPAL DE SAUDE; Ativo;R$ 418,29; Compra Normal
 PREFEITURA MUNICIPAL DE BALNEÁRIO GAIVOTA; Móveis; NOTEBOOK;6286; NOTEBOOK INTEL CORE I3 4GB 500GB 14MGB; 03/04/2017; FUNDO MUNICIPAL DE SAUDE; Ativo;R$ 418,29; Compra Normal
 PREFEITURA MUNICIPAL DE BALNEÁRIO GAIVOTA; Móveis; MONITORES;8126; PROJETOR MULTIMIDIA ACER P1185 3200 LUMESS-SVGA-HDMI-3D READY; 03/04/2017; FUNDO MUNICIPAL DE SAUDE; Ativo;R$ 437,39; Compra Normal
 PREFEITURA MUNICIPAL DE BALNEÁRIO GAIVOTA; Móveis; MOBILIÁRIO EM GERAL;6274; ARQUIVO DE ACO 04 GAVETAS 500EST-CH6 CCRW3; 03/04/2017; FUNDO MUNICIPAL DE SAUDE; Ativo;R$ 81,67; Compra Normal
 PREFEITURA MUNICIPAL DE BALNEÁRIO GAIVOTA; Móveis; MOBILIÁRIO EM GERAL;6275; ARQUIVO DE ACO 04 GAVETAS 500EST-CH6 CCRW3; 03/04/2017; FUNDO MUNICIPAL DE SAUDE; Ativo;R$ 81,67; Compra Normal
 PREFEITURA MUNICIPAL DE BALNEÁRIO GAIVOTA; Móveis; MOBILIÁRIO EM GERAL;6276; ARQUIVO DE ACO 04 GAVETAS 500EST-CH6 CCRW3; 03/04/2017; FUNDO MUNICIPAL DE SAUDE; Ativo;R$ 81,67; Compra Normal
 PREFEITURA MUNICIPAL DE BALNEÁRIO GAIVOTA; Móveis; MOBILIÁRIO EM GERAL;6082; ARQUIVO DE ACO 04 GAVETAS 500EST-CH6 CCRW3; 03/04/2017; FUNDO MUNICIPAL DE SAUDE; Ativo;R$ 81,67; Compra Normal
 PREFEITURA MUNICIPAL DE BALNEÁRIO GAIVOTA; Móveis; MOBILIÁRIO EM GERAL;6130; ARQUIVO DE ACO 04 GAVETAS 500EST-CH6 CCRW3; 03/04/2017; BENS INSERVÍVEIS; Ativo;R$ 81,67; Compra Normal
 PREFEITURA MUNICIPAL DE BALNEÁRIO GAIVOTA; Móveis; MOBILIÁRIO EM GERAL;6129; ARQUIVO DE ACO 04 GAVETAS 500EST-CH6 CCRW3; 03/04/2017; BENS INSERVÍVEIS; Ativo;R$ 81,67; Compra Normal
 PREFEITURA MUNICIPAL DE BALNEÁRIO GAIVOTA; Móveis; MOBILIÁRIO EM GERAL;6128; ARQUIVO DE ACO 04 GAVETAS 500EST-CH6 CCRW3; 03/04/2017; FUNDO MUNICIPAL DE SAUDE; Ativo;R$ 81,67; Compra Normal
 PREFEITURA MUNICIPAL DE BALNEÁRIO GAIVOTA; Móveis; MOBILIÁRIO EM GERAL;6135; ARQUIVO DE ACO 04 GAVETAS 500EST-CH6 CCRW3; 03/04/2017; FUNDO MUNICIPAL DE SAUDE; Ativo;R$ 81,67; Compra Normal
 PREFEITURA MUNICIPAL DE BALNEÁRIO GAIVOTA; Móveis; UTENSÍLIO MÓVEL;6078; ESCADA COM 2 DEGRAUS PARA USO MEDICO-HOSPITALAR; 03/04/2017; FUNDO MUNICIPAL DE SAUDE; Ativo;R$ 162,35; Compra Normal
 PREFEITURA MUNICIPAL DE BALNEÁRIO GAIVOTA; Móveis; MICROCOMPUTADOR;6322; COMPUTADOR CPU  AMD A10/HD500/MEM 4GB/DVDRW/TECLADO/MOUSE; 03/04/2017; FUNDO MUNICIPAL DE SAUDE; Ativo;R$ 286,50; Compra Normal
 PREFEITURA MUNICIPAL DE BALNEÁRIO GAIVOTA; Móveis; MONITORES;6359; MONITOR 18P; 03/04/2017; FUNDO MUNICIPAL DE SAUDE; Ativo;R$ 85,95; Compra Normal
 PREFEITURA MUNICIPAL DE BALNEÁRIO GAIVOTA; Móveis; MONITORES;6351; MONITOR 18P; 03/04/2017; FUNDO MUNICIPAL DE SAUDE; Ativo;R$ 85,95; Compra Normal
 PREFEITURA MUNICIPAL DE BALNEÁRIO GAIVOTA; Móveis; MONITORES;6323; MONITOR 18P; 03/04/2017; FUNDO MUNICIPAL DE SAUDE; Baixado;R$ 146,70; Compra Normal
 PREFEITURA MUNICIPAL DE BALNEÁRIO GAIVOTA; Móveis; MONITORES;6283; MONITOR 18P; 03/04/2017; FUNDO MUNICIPAL DE SAUDE; Baixado;R$ 315,45; Compra Normal
 PREFEITURA MUNICIPAL DE BALNEÁRIO GAIVOTA; Móveis; MONITORES;6280; MONITOR 18P; 03/04/2017; FUNDO MUNICIPAL DE SAUDE; Ativo;R$ 85,95; Compra Normal
 PREFEITURA MUNICIPAL DE BALNEÁRIO GAIVOTA; Móveis; MICROCOMPUTADOR;6358; COMPUTADOR CPU  AMD A10/HD500/MEM 4GB/DVDRW/TECLADO/MOUSE; 03/04/2017; FUNDO MUNICIPAL DE SAUDE; Ativo;R$ 286,50; Compra Normal
 PREFEITURA MUNICIPAL DE BALNEÁRIO GAIVOTA; Móveis; MICROCOMPUTADOR;6467; COMPUTADOR CPU  AMD A10/HD500/MEM 4GB/DVDRW/TECLADO/MOUSE; 03/04/2017; FUNDO MUNICIPAL DE SAUDE; Ativo;R$ 286,50; Compra Normal
 PREFEITURA MUNICIPAL DE BALNEÁRIO GAIVOTA; Móveis; MICROCOMPUTADOR;6282; COMPUTADOR CPU  AMD A10/HD500/MEM 4GB/DVDRW/TECLADO/MOUSE; 03/04/2017; FUNDO MUNICIPAL DE SAUDE; Ativo;R$ 286,50; Compra Normal
 PREFEITURA MUNICIPAL DE BALNEÁRIO GAIVOTA; Móveis; VEICULOS LEVES; -; FIAT/FIORINO TREKKIN 1998 PLACA AHL 7435, RECEBIDO POR DOAÇÃO DA S.R.F. CFE. ADM 0619 DE 01/09/09; 01/04/2017; MANUTENÇÃO DA SECRETARIA DE OBRAS E SERV; Baixado;R$ 150,00; Compra Normal
 PREFEITURA MUNICIPAL DE BALNEÁRIO GAIVOTA; Móveis; Ar Condicionado;6325; AR CONDICIONADO 9000 BTUS QUENTE/FRIO CLASSE A; 23/03/2017; FUNDO MUNICIPAL DE SAUDE; Ativo;R$ 232,06; Compra Normal
 PREFEITURA MUNICIPAL DE BALNEÁRIO GAIVOTA; Móveis; MICROCOMPUTADOR;6541; COMPUTADOR CPU DUAL CORE G3250/MB 1150/HD500/MEM 4GB/GRAV. DVD/GABINETE; 17/03/2017; MANUTENÇÃO DO GABINETE DO PREFEITO; Ativo;R$ 217,46; Compra Normal
 PREFEITURA MUNICIPAL DE BALNEÁRIO GAIVOTA; Móveis; MOBILIÁRIO EM GERAL;6602; REFRIGERADOR ELETROLUX RE-31 240LTS BCA CYCLO; 16/03/2017; MANUTENÇÃO DA SECRETARIA DE EDUCAÇÃO; Ativo;R$ 181,81; Compra Normal
 PREFEITURA MUNICIPAL DE BALNEÁRIO GAIVOTA; Móveis; MICROCOMPUTADOR;5996; COMPUTADOR CPU DUAL CORE G3250/MB 1150/HD500/MEM 4GB/GRAV. DVD/GABINETE; 15/03/2017; MANUTENÇÃO DA SECRETARIA DE ADMINISTRAÇÃ; Ativo;R$ 216,31; Compra Normal
 PREFEITURA MUNICIPAL DE BALNEÁRIO GAIVOTA; Móveis; ROÇADEIRA;6551; ROCADEIRA FS 220 - STHIL; 14/03/2017; MANUTENÇÃO DA SECRETARIA DE OBRAS E SERV; Ativo;R$ 386,42; Compra Normal
 CAMARA MUNICIPAL DE BALNEARIO GAIVOTA; MOVEIS; Cod.: 3 - INFORMATICA;226; ROTEADOR WIFI INLIMITADO COR BRANCO; 07/03/2017; CAMARA MUNICIPAL DE VEREADORES; Em uso;R$ 600,52; Compra
 PREFEITURA MUNICIPAL DE BALNEÁRIO GAIVOTA; Móveis; Balcão;6546; BALCÃO 1.60CM 3PTS 3GAV PARANA; 03/03/2017; MANUTENÇÃO DO CONSELHO TUTELAR; Ativo;R$ 62,90; Compra Normal
 CAMARA MUNICIPAL DE BALNEARIO GAIVOTA; MOVEIS; Cod.: 3 - INFORMATICA;222; TABLET ACER 7  POL 8GB BRANCO; 28/02/2017; CAMARA MUNICIPAL DE VEREADORES; Baixado;R$ 384,13; Compra
 CAMARA MUNICIPAL DE BALNEARIO GAIVOTA; MOVEIS; Cod.: 3 - INFORMATICA;225; TABLET ACER 7 POL 8GB BRANCO; 28/02/2017; CAMARA MUNICIPAL DE VEREADORES; Baixado;R$ 384,13; Compra
 CAMARA MUNICIPAL DE BALNEARIO GAIVOTA; MOVEIS; Cod.: 3 - INFORMATICA;223; TABLET ACER 7 POL 8GB BRANCO; 28/02/2017; CAMARA MUNICIPAL DE VEREADORES; Baixado;R$ 384,13; Compra
 CAMARA MUNICIPAL DE BALNEARIO GAIVOTA; MOVEIS; Cod.: 3 - INFORMATICA;224; TABLET ACER 7 POL 8GB BRANCO; 28/02/2017; CAMARA MUNICIPAL DE VEREADORES; Baixado;R$ 384,13; Compra
 PREFEITURA MUNICIPAL DE BALNEÁRIO GAIVOTA; Móveis; Arquivo de Aço;6538; ARQUIVO DE ACO 61; 13/02/2017; MANUTENÇÃO DA SECRETARIA DE ADMINISTRAÇÃ; Ativo;R$ 132,94; Compra Normal
 PREFEITURA MUNICIPAL DE BALNEÁRIO GAIVOTA; Móveis; MICROCOMPUTADOR;6529; GABINETE CORE I3/PLACA  MAE 1150/MEMORIA 8GB/GRAVADOR DE DVD/HD 500GB/TECLADO/MOUSE/CX SOM/ESTABILIZADOR; 23/01/2017; MANUTENÇÃO DA SECRETARIA DE ARRECADAÇÃO; Ativo;R$ 278,48; Compra Normal
 PREFEITURA MUNICIPAL DE BALNEÁRIO GAIVOTA; Móveis; MONITORES;5118; MONITOR 18,5 POLEGADAS; 23/01/2017; MANUTENÇÃO DA SECRETARIA DE EDUCAÇÃO; Ativo;R$ 71,16; Compra Normal
 PREFEITURA MUNICIPAL DE BALNEÁRIO GAIVOTA; Móveis; IMPRESSORAS;5888; IMPRESSORA HP LASERJET MONO P1102 19PPM; 12/01/2017; FUNDO MUNICIPAL DE SAUDE; Ativo;R$ 145,38; Compra Normal
 PREFEITURA MUNICIPAL DE BALNEÁRIO GAIVOTA; Móveis; VEICULOS LEVES;6514; AMBULÂNCIA MASTER EXTRA FU MSU FGTRI RENAULT, MOT: M9TC678C025763, COR BRANCA-389, COMBUSTIVEL DIESEL, ANO FABRICAÇÃO 2016, ANO MODELO 2017, CHASSI 93YMAFELEHJ397980, MOTORIZAÇÃO 2.3 DCI PLACA QID6981 RENAVAM 01107556489; 03/01/2017; FUNDO MUNICIPAL DE SAUDE; Baixado;R$ 21.165,32; Compra Normal
 PREFEITURA MUNICIPAL DE BALNEÁRIO GAIVOTA; Móveis; MÁQUINAS, MOTORES;5897; PLANTADEIRA / SEMEADEIRA PD C/4 LINHAS, MODELO PLB 4 LINHAS, MARCA BALDAN, CHASSI: 60297129001001; 30/12/2016; DIRETORIA DE AGRICULTURA; Ativo;R$ 2.520,56; Compra Normal
 PREFEITURA MUNICIPAL DE BALNEÁRIO GAIVOTA; Móveis; MÁQUINAS, MOTORES;5898; ARADO FIXO 3 DISCOS DE 28, MODELO AF 3X28, MARCA BALDAN ANO FABR:2016 CHASSI: 60322670001001; 30/12/2016; DIRETORIA DE AGRICULTURA; Ativo;R$ 806,58; Compra Normal
 PREFEITURA MUNICIPAL DE BALNEÁRIO GAIVOTA; Móveis; IMPLEMENTOS AGRÍCOLAS;5895; GRADE HIDR EM X C/32 DISCOS DE 20 COR VERMELHA MACA METALFREITAS ANO:2016 MODELO:GAH32X20; 30/12/2016; DIRETORIA DE AGRICULTURA; Ativo;R$ 1.179,62; Compra Normal
 PREFEITURA MUNICIPAL DE BALNEÁRIO GAIVOTA; Móveis; IMPLEMENTOS AGRÍCOLAS;5889; CARRETA AGRICOLA METAL CAP. P/4 TON. COR AZUL MARCA METALFREITAS ANO 2016 MOD. MEME4T; 30/12/2016; DIRETORIA DE AGRICULTURA; Ativo;R$ 1.539,70; Compra Normal
 PREFEITURA MUNICIPAL DE BALNEÁRIO GAIVOTA; Móveis; IMPLEMENTOS AGRÍCOLAS;5890; CARRETA AGRICOLA METAL CAP. P/4 TON. COR AZUL MARCA METALFREITAS ANO 2016 MOD. MEME4T; 30/12/2016; DIRETORIA DE AGRICULTURA; Ativo;R$ 1.539,70; Compra Normal
 PREFEITURA MUNICIPAL DE BALNEÁRIO GAIVOTA; Móveis; IMPLEMENTOS AGRÍCOLAS;5892; DISTRIBUIDOR DE CALCARIO E FERTILIZANTES COM CAPACIDADE DE 5TONELADAS. COM 01 EIXO E 02 PNEUS NOVOS MEDIDA 7,5X16 MARCA BUDNY NUMERO SERIE 13939 MODELO  DCBA5000; 30/12/2016; DIRETORIA DE AGRICULTURA; Ativo;R$ 3.455,33; Compra Normal
 PREFEITURA MUNICIPAL DE BALNEÁRIO GAIVOTA; Móveis; IMPLEMENTOS AGRÍCOLAS;5894; CONHEDORA DE MINHO 01 LINHA-CB360G COM  GRANELEIRO DE CAPACIDADE 730L.CAPACIDADE DE PRODUÇÃO DE 30 A 40 SACAS. COM RODAS DE APOIO. ANO 2016. MARCA COMBINE. MODELO CB360G. N. DE SERIE 2016/2840-1; 30/12/2016; DIRETORIA DE AGRICULTURA; Ativo;R$ 4.894,22; Compra Normal
 PREFEITURA MUNICIPAL DE BALNEÁRIO GAIVOTA; Móveis; IMPLEMENTOS AGRÍCOLAS;5998; ARADO 3 AIVECAS THUROW N. DE SERIE 05/2016; 30/12/2016; DIRETORIA DE AGRICULTURA; Ativo;R$ 992,38; Compra Normal
 PREFEITURA MUNICIPAL DE BALNEÁRIO GAIVOTA; Móveis; IMPLEMENTOS AGRÍCOLAS;5893; PULVERIZADOR 600L THUROW N. DE SERIE 136/16; 30/12/2016; DIRETORIA DE AGRICULTURA; Ativo;R$ 1.699,58; Compra Normal
 PREFEITURA MUNICIPAL DE BALNEÁRIO GAIVOTA; Móveis; IMPLEMENTOS AGRÍCOLAS;5896; ROCADEIRA 1,80M AG 1800 N. DE SERIE 714; 30/12/2016; DIRETORIA DE AGRICULTURA; Ativo;R$ 986,62; Compra Normal
 PREFEITURA MUNICIPAL DE BALNEÁRIO GAIVOTA; Móveis; IMPLEMENTOS AGRÍCOLAS;5891; COLHEDORA DE FORRAGENS/ENSIL 12 FACAS-COMBINE. COM ACOPLAMENTO A CORREIA. ANO 2016 MARCA COMBINE MODELO CB5C SUPER. N. DE SERIE 2016/2840-1; 30/12/2016; DIRETORIA DE AGRICULTURA; Baixado;R$ 2.759,66; Compra Normal
 PREFEITURA MUNICIPAL DE BALNEÁRIO GAIVOTA; Móveis; MICROCOMPUTADOR;5878; CPU POS MASTER D610 SDH H3-01984 IT1 OF, ACOMPANHA WINDOWS 10 - TECLADO AMNT2 USB - POUSE USB - MONITOR LED 19'5 LG 20M35TD SDH OF CT74; 14/12/2016; MANUTENÇÃO DO CONSELHO TUTELAR; Ativo;R$ 515,52; Doação
 PREFEITURA MUNICIPAL DE BALNEÁRIO GAIVOTA; Móveis; MICROCOMPUTADOR;5879; CPU POS MASTER D610 SDH H3-01984 IT1 OF, ACOMPANHA WINDOWS 10 - TECLADO AMNT2 USB - POUSE USB - MONITOR LED 19'5 LG 20M35TD SDH OF CT74; 14/12/2016; APOIO A CRIANÇA E AO ADOLECESTE EM SITUA; Ativo;R$ 515,52; Doação
 PREFEITURA MUNICIPAL DE BALNEÁRIO GAIVOTA; Móveis; MICROCOMPUTADOR;5880; CPU POS MASTER D610 SDH H3-01984 IT1 OF, ACOMPANHA WINDOWS 10 - TECLADO AMNT2 USB - POUSE USB - MONITOR LED 19'5 LG 20M35TD SDH OF CT74; 14/12/2016; MANUTENÇÃO DO CONSELHO TUTELAR; Ativo;R$ 515,52; Doação
 PREFEITURA MUNICIPAL DE BALNEÁRIO GAIVOTA; Móveis; MICROCOMPUTADOR;5881; CPU POS MASTER D610 SDH H3-01984 IT1 OF, ACOMPANHA WINDOWS 10 - TECLADO AMNT2 USB - POUSE USB - MONITOR LED 19'5 LG 20M35TD SDH OF CT74; 14/12/2016; MANUTENÇÃO DO CONSELHO TUTELAR; Ativo;R$ 515,52; Doação
 PREFEITURA MUNICIPAL DE BALNEÁRIO GAIVOTA; Móveis; MICROCOMPUTADOR;5882; CPU POS MASTER D610 SDH H3-01984 IT1 OF, ACOMPANHA WINDOWS 10 - TECLADO AMNT2 USB - POUSE USB - MONITOR LED 19'5 LG 20M35TD SDH OF CT74; 14/12/2016; MANUTENÇÃO DO CONSELHO TUTELAR; Ativo;R$ 515,52; Doação
 PREFEITURA MUNICIPAL DE BALNEÁRIO GAIVOTA; Móveis; MONITORES;5883; MONITOR LED 19,5 LG 20M35TD SDH OF CT74; 14/12/2016; MANUTENÇÃO DO CONSELHO TUTELAR; Ativo;R$ 47,64; Doação
 PREFEITURA MUNICIPAL DE BALNEÁRIO GAIVOTA; Móveis; MONITORES;5884; MONITOR LED 19,5 LG 20M35TD SDH OF CT74; 14/12/2016; MANUTENÇÃO DO CONSELHO TUTELAR; Ativo;R$ 47,64; Doação
 PREFEITURA MUNICIPAL DE BALNEÁRIO GAIVOTA; Móveis; MONITORES;5885; MONITOR LED 19,5 LG 20M35TD SDH OF CT74; 14/12/2016; APOIO A CRIANÇA E AO ADOLECESTE EM SITUA; Ativo;R$ 47,64; Doação
 PREFEITURA MUNICIPAL DE BALNEÁRIO GAIVOTA; Móveis; MONITORES;5886; MONITOR LED 19,5 LG 20M35TD SDH OF CT74; 14/12/2016; MANUTENÇÃO DO CONSELHO TUTELAR; Ativo;R$ 47,64; Doação
 PREFEITURA MUNICIPAL DE BALNEÁRIO GAIVOTA; Móveis; MONITORES;5887; MONITOR LED 19,5 LG 20M35TD SDH OF CT74; 14/12/2016; MANUTENÇÃO DO CONSELHO TUTELAR; Ativo;R$ 47,64; Doação
 PREFEITURA MUNICIPAL DE BALNEÁRIO GAIVOTA; Móveis; VEICULOS LEVES;6000; AUTOMOVEL SANDERO AUT 10D L2 - RENAULT - BRANCO - ALCOOL/GASOLINA - ANO MODELO 2017 / FABRICAÇÃO 2016 - CHS 93Y5SRF84HJ612726  - CIL 998 - 1.0 - MOD FABRICA : B4 AUT PLACA QHY5569 RENAVAM 1104940261; 07/12/2016; FUNDO MUNICIPAL DE SAUDE; Ativo;R$ 5.249,68; Doação
 CAMARA MUNICIPAL DE BALNEARIO GAIVOTA; MOVEIS; Cod.: 3 - INFORMATICA;221; 05 TABLETS ACER 7 POL BRANCO; 06/12/2016; CAMARA MUNICIPAL DE VEREADORES; Baixado;R$ 2.349,16; Compra
 PREFEITURA MUNICIPAL DE BALNEÁRIO GAIVOTA; Móveis; MEDIDOR DE CLORO;6558; MICRO 7 PLUS - MEDIDOR DE CLORO MULTIPARAMETRO; 29/11/2016; FUNDO MUNICIPAL DE SAUDE; Ativo;R$ 210,62; Compra Normal
 PREFEITURA MUNICIPAL DE BALNEÁRIO GAIVOTA; Móveis; IMPRESSORAS;5994; IMPRESSORA MULTIFUNCIONAL SL-M3375FD + AUTO TRANSFORMADOR + USB; 21/11/2016; MANUTENÇÃO DO CONSELHO TUTELAR; Ativo;R$ 205,33; Doação
 CAMARA MUNICIPAL DE BALNEARIO GAIVOTA; MOVEIS; Cod.: 387 - Computador;220; TABLETE GENESIS GT 7402 QUAD CORE 1.5G BRANCO; 18/11/2016; CAMARA MUNICIPAL DE VEREADORES; Baixado;R$ 252,09; Compra
 CÂMARA MUNICIPAL BALNEÁRIO GAIVOTA; MOVEIS; Cod.: 391 - Impressora;219; IMPRESSORA MULTIFUNCIONAL HP 3635 COR BRANCA AZUL; 17/11/2016; SECRETARIA GERAL; Baixado;R$ 414,65; Compra
 PREFEITURA MUNICIPAL DE BALNEÁRIO GAIVOTA; Móveis; EQUIPAMENTOS MÉDICOS;6432; NEBULIZADOR INL 5004; 26/09/2016; FUNDO MUNICIPAL DE SAUDE; Ativo;R$ 123,99; Compra Normal
 PREFEITURA MUNICIPAL DE BALNEÁRIO GAIVOTA; Móveis; EQUIPAMENTOS MÉDICOS; -; EMITTER A FIT FOTOCLAREADOR S/ CABO; 20/09/2016; FUNDO MUNICIPAL DE SAUDE; Baixado;R$ 211,14; Compra Normal
 PREFEITURA MUNICIPAL DE BALNEÁRIO GAIVOTA; Móveis; EQUIPAMENTOS MÉDICOS;1357; EMITTER A FIT FOTOCLAREADOR S/ CABO; 20/09/2016; FUNDO MUNICIPAL DE SAUDE; Ativo;R$ 92,00; Compra Normal
 PREFEITURA MUNICIPAL DE BALNEÁRIO GAIVOTA; Móveis; PERIFÉRICOS - COMPUTAÇÃO;6022; SWITCH 24 PORTAS GIGABIT D-LINK DGS-1024D/Z; 13/09/2016; FUNDO MUNICIPAL DE SAUDE; Ativo;R$ 64,99; Compra Normal
 PREFEITURA MUNICIPAL DE BALNEÁRIO GAIVOTA; Móveis; PERIFÉRICOS - COMPUTAÇÃO;6374; RACK 6UX480MM PRETO BBK SUPRIBOX; 13/09/2016; FUNDO MUNICIPAL DE SAUDE; Ativo;R$ 34,99; Compra Normal
 PREFEITURA MUNICIPAL DE BALNEÁRIO GAIVOTA; Móveis; VEICULOS LEVES;4760; CITROEN C3 AIRCROSS 1.6 FEEL VEICULO AUTOMOTOR DE PASSAGERIOS CHASSI 935SUNFN1HB506618 PLACA QID5643 RENAVAM 1086363679; 01/09/2016; MANUTENÇÃO DO CONSELHO TUTELAR; Ativo;R$ 4.985,10; Doação
 PREFEITURA MUNICIPAL DE BALNEÁRIO GAIVOTA; Móveis; MOBILIÁRIO EM GERAL;6321; MESA DE EXAMES CLINICOS - OLIMEDIC; 30/08/2016; FUNDO MUNICIPAL DE SAUDE; Ativo;R$ 30,90; Compra Normal
 PREFEITURA MUNICIPAL DE BALNEÁRIO GAIVOTA; Móveis; MOBILIÁRIO EM GERAL;6326; MESA DE EXAMES CLINICOS - OLIMEDIC; 30/08/2016; FUNDO MUNICIPAL DE SAUDE; Ativo;R$ 30,90; Compra Normal
 PREFEITURA MUNICIPAL DE BALNEÁRIO GAIVOTA; Móveis; TELEVISOR;6634; TV AOC 24 POLEGADAS LED FULL HD PTO; 18/08/2016; MANUTENÇÃO DA SECRETARIA DE EDUCAÇÃO; Ativo;R$ 89,90; Compra Normal
 PREFEITURA MUNICIPAL DE BALNEÁRIO GAIVOTA; Móveis; FERRAMENTAS;6612; MARTELO TOOLMIX ROMP+PERF MP800K 800W; 08/08/2016; MANUTENÇÃO DA SECRETARIA DE EDUCAÇÃO; Ativo;R$ 30,63; Compra Normal
 CAMARA MUNICIPAL DE BALNEARIO GAIVOTA; MOVEIS; Cod.: 387 - Computador;218; UM NOTBOOK SANSUMG ESSENCIAL E CORE INTEL I3 COR BRANCO; 05/08/2016; CAMARA MUNICIPAL DE VEREADORES; Baixado;R$ 1.532,41; Compra
 PREFEITURA MUNICIPAL DE BALNEÁRIO GAIVOTA; Móveis; CADEIRA DE RODAS;8163; CADEIRA DE RODAS BRANCOS RX60 REM. MAC. NY; 01/08/2016; FUNDO MUNICIPAL DE SAUDE; Ativo;R$ 61,50; Compra Normal
 PREFEITURA MUNICIPAL DE BALNEÁRIO GAIVOTA; Móveis; CADEIRA DE RODAS;8162; CADEIRA DE RODAS BRANCOS RX60 REM. MAC. NY; 01/08/2016; FUNDO MUNICIPAL DE SAUDE; Ativo;R$ 61,50; Compra Normal
 PREFEITURA MUNICIPAL DE BALNEÁRIO GAIVOTA; Móveis; CADEIRA DE RODAS;8197; CADEIRA DE RODAS BRANCOS RX60 REM. MAC. NY; 01/08/2016; FUNDO MUNICIPAL DE SAUDE; Ativo;R$ 61,50; Compra Normal
 PREFEITURA MUNICIPAL DE BALNEÁRIO GAIVOTA; Móveis; EQUIPAMENTOS MÉDICOS;6472; AUTOCLAVE 40 LITROS; 25/07/2016; FUNDO MUNICIPAL DE SAUDE; Ativo;R$ 319,00; Compra Normal
 PREFEITURA MUNICIPAL DE BALNEÁRIO GAIVOTA; Móveis; CADEIRA DE RODAS;6433; CADEIRA DE RODAS TAMANHO SPECIAL; 14/07/2016; FUNDO MUNICIPAL DE SAUDE; Ativo;R$ 91,20; Compra Normal
 PREFEITURA MUNICIPAL DE BALNEÁRIO GAIVOTA; Móveis; CADEIRA DE RODAS;8161; CADEIRA DE RODAS TAMANHO ESPECIAL 134; 14/07/2016; FUNDO MUNICIPAL DE SAUDE; Ativo;R$ 66,50; Compra Normal
 PREFEITURA MUNICIPAL DE BALNEÁRIO GAIVOTA; Móveis; MOBILIÁRIO EM GERAL;6009; MESA GINECOLOGICA ASSENTO ESTOFADO L:ND V:12/79; 13/07/2016; FUNDO MUNICIPAL DE SAUDE; Ativo;R$ 56,17; Compra Normal
 PREFEITURA MUNICIPAL DE BALNEÁRIO GAIVOTA; Móveis; MOBILIÁRIO EM GERAL;6047; MESA GINECOLOGICA ASSENTO ESTOFADO L:ND V:12/79; 13/07/2016; FUNDO MUNICIPAL DE SAUDE; Baixado;R$ 109,78; Compra Normal
 PREFEITURA MUNICIPAL DE BALNEÁRIO GAIVOTA; Móveis; MOBILIÁRIO EM GERAL;6028; MESA GINECOLOGICA ASSENTO ESTOFADO L:ND V:12/79; 13/07/2016; FUNDO MUNICIPAL DE SAUDE; Ativo;R$ 56,17; Compra Normal
 PREFEITURA MUNICIPAL DE BALNEÁRIO GAIVOTA; Móveis; CADEIRA;6017; CADEIRA P/ COLETA DE SANGUE L:ND V:12/79; 13/07/2016; FUNDO MUNICIPAL DE SAUDE; Ativo;R$ 34,53; Compra Normal
 PREFEITURA MUNICIPAL DE BALNEÁRIO GAIVOTA; Móveis; Balcão;6630; BALCAO MDF 1.20X82; 08/07/2016; MANUTENÇÃO DA SECRETARIA DE EDUCAÇÃO; Ativo;R$ 63,00; Compra Normal
 PREFEITURA MUNICIPAL DE BALNEÁRIO GAIVOTA; Móveis; Balanças;6010; BALANCA MECANICA INFANTIL L:48721 V1279; 08/07/2016; FUNDO MUNICIPAL DE SAUDE; Ativo;R$ 50,00; Compra Normal
 PREFEITURA MUNICIPAL DE BALNEÁRIO GAIVOTA; Móveis; Balanças;6127; BALANCA MECANICA ADULTO; 08/07/2016; FUNDO MUNICIPAL DE SAUDE; Ativo;R$ 84,00; Compra Normal
 PREFEITURA MUNICIPAL DE BALNEÁRIO GAIVOTA; Móveis; EQUIPAMENTOS MÉDICOS;6039; CARRO CURATIVO COM BALDE/BACIA L:108039 V:12/79; 08/07/2016; FUNDO MUNICIPAL DE SAUDE; Ativo;R$ 49,40; Compra Normal
 PREFEITURA MUNICIPAL DE BALNEÁRIO GAIVOTA; Móveis; Balcão;6631; BALCÃO MDF BRANCO 1.68X0,82; 05/07/2016; MANUTENÇÃO DA SECRETARIA DE EDUCAÇÃO; Ativo;R$ 92,00; Compra Normal
 PREFEITURA MUNICIPAL DE BALNEÁRIO GAIVOTA; Móveis; Balcão;6632; ARMARIO MDF BRANCO 1,68X0,80; 05/07/2016; MANUTENÇÃO DA SECRETARIA DE EDUCAÇÃO; Ativo;R$ 80,00; Compra Normal
 PREFEITURA MUNICIPAL DE BALNEÁRIO GAIVOTA; Imóveis; CONSTRUÇÕES; -; REFERENTE A PAVIMENTAÇÃO COM LAJOTA EM CONCRETO DAS RUAS LORIVALDO GONÇALVES E ROGERIO VALERIM COM AREA TOTAL DE 2,700,32 M²CONVENIO ESTADUAL 2016TR1162 CONTRA PARTIDA.; 01/07/2016; MANUTENÇÃO DA SECRETARIA DE OBRAS E SERV; Ativo;R$ 213.052,26; Compra Normal
 PREFEITURA MUNICIPAL DE BALNEÁRIO GAIVOTA; Imóveis; CONSTRUÇÕES; -; REFERENTE A AQUISIÇÃO E COLOCAÇÃO DE BRITA GRADUADA NA RODOVIA JORGE FLORIANO BORGES -  TRECHO 03 RIO NOVO/ANITA GARIBALDI, COM A ÁREA TOTAL DE 9.054,56M² (METROS QUADRADOS), NO MUNICÍPIO DE BALNEÁRIO GAIVOTA.; 01/07/2016; MANUTENÇÃO DA SECRETARIA DE OBRAS E SERV; Ativo;R$ 94.936,47; Compra Normal
 PREFEITURA MUNICIPAL DE BALNEÁRIO GAIVOTA; Imóveis; PAVIMENTAÇÕES; -; REFERENTE A PAVIMENTAÇÃO COM LAJOTA EM CONCRETO DA RUA MARIA MADALENA BORGES COM AREA TOTAL DE 1614,90M² CONVENIO ESTADUAL 2016TR1159.; 01/07/2016; MANUTENÇÃO DA SECRETARIA DE OBRAS E SERV; Ativo;R$ 333.660,75; Compra Normal
 PREFEITURA MUNICIPAL DE BALNEÁRIO GAIVOTA; Móveis; Longarina Secretária;6018; LONGARINA 3 LUGARES; 01/07/2016; FUNDO MUNICIPAL DE SAUDE; Ativo;R$ 33,95; Compra Normal
 PREFEITURA MUNICIPAL DE BALNEÁRIO GAIVOTA; Móveis; Longarina Secretária;6016; LONGARINA 3 LUGARES; 01/07/2016; FUNDO MUNICIPAL DE SAUDE; Ativo;R$ 33,95; Compra Normal
 PREFEITURA MUNICIPAL DE BALNEÁRIO GAIVOTA; Móveis; Longarina Secretária;6036; LONGARINA 3 LUGARES; 01/07/2016; FUNDO MUNICIPAL DE SAUDE; Ativo;R$ 33,95; Compra Normal
 PREFEITURA MUNICIPAL DE BALNEÁRIO GAIVOTA; Móveis; Longarina Secretária;6035; LONGARINA 3 LUGARES; 01/07/2016; FUNDO MUNICIPAL DE SAUDE; Ativo;R$ 33,95; Compra Normal
 PREFEITURA MUNICIPAL DE BALNEÁRIO GAIVOTA; Móveis; Longarina Secretária;6034; LONGARINA 3 LUGARES; 01/07/2016; FUNDO MUNICIPAL DE SAUDE; Ativo;R$ 33,95; Compra Normal
 PREFEITURA MUNICIPAL DE BALNEÁRIO GAIVOTA; Móveis; Longarina Secretária;6025; LONGARINA 3 LUGARES; 01/07/2016; FUNDO MUNICIPAL DE SAUDE; Ativo;R$ 33,95; Compra Normal
 PREFEITURA MUNICIPAL DE BALNEÁRIO GAIVOTA; Móveis; Longarina Secretária;6024; LONGARINA 3 LUGARES; 01/07/2016; FUNDO MUNICIPAL DE SAUDE; Ativo;R$ 33,95; Compra Normal
 PREFEITURA MUNICIPAL DE BALNEÁRIO GAIVOTA; Móveis; Longarina Secretária;6019; LONGARINA 3 LUGARES; 01/07/2016; FUNDO MUNICIPAL DE SAUDE; Ativo;R$ 33,95; Compra Normal
 PREFEITURA MUNICIPAL DE BALNEÁRIO GAIVOTA; Móveis; Longarina Secretária;6347; LONGARINA 3 LUGARES; 01/07/2016; FUNDO MUNICIPAL DE SAUDE; Ativo;R$ 33,95; Compra Normal
 PREFEITURA MUNICIPAL DE BALNEÁRIO GAIVOTA; Móveis; Longarina Secretária;6346; LONGARINA 3 LUGARES; 01/07/2016; FUNDO MUNICIPAL DE SAUDE; Ativo;R$ 33,95; Compra Normal
 PREFEITURA MUNICIPAL DE BALNEÁRIO GAIVOTA; Móveis; Longarina Secretária;6133; LONGARINA 04 LUGARES SECRETARIA ESTOFADA INJETADO C/GARFO; 01/07/2016; FUNDO MUNICIPAL DE SAUDE; Baixado;R$ 74,82; Compra Normal
 PREFEITURA MUNICIPAL DE BALNEÁRIO GAIVOTA; Móveis; Longarina Secretária;6085; LONGARINA 04 LUGARES SECRETARIA ESTOFADA INJETADO C/GARFO; 01/07/2016; FUNDO MUNICIPAL DE SAUDE; Ativo;R$ 39,45; Compra Normal
 PREFEITURA MUNICIPAL DE BALNEÁRIO GAIVOTA; Móveis; Longarina Secretária;6376; LONGARINA 04 LUGARES SECRETARIA ESTOFADA INJETADO C/GARFO; 01/07/2016; FUNDO MUNICIPAL DE SAUDE; Ativo;R$ 39,45; Compra Normal
 PREFEITURA MUNICIPAL DE BALNEÁRIO GAIVOTA; Móveis; Longarina Secretária;6345; LONGARINA 04 LUGARES SECRETARIA ESTOFADA INJETADO C/GARFO; 01/07/2016; FUNDO MUNICIPAL DE SAUDE; Ativo;R$ 39,45; Compra Normal
 PREFEITURA MUNICIPAL DE BALNEÁRIO GAIVOTA; Móveis; Longarina Secretária;6375; LONGARINA 04 LUGARES SECRETARIA ESTOFADA INJETADO C/GARFO; 01/07/2016; FUNDO MUNICIPAL DE SAUDE; Ativo;R$ 39,45; Compra Normal
 PREFEITURA MUNICIPAL DE BALNEÁRIO GAIVOTA; Móveis; Longarina Secretária;6350; LONGARINA 04 LUGARES SECRETARIA ESTOFADA INJETADO C/GARFO; 01/07/2016; FUNDO MUNICIPAL DE SAUDE; Ativo;R$ 39,45; Compra Normal
 PREFEITURA MUNICIPAL DE BALNEÁRIO GAIVOTA; Móveis; Longarina Secretária;6033; LONGARINA 04 LUGARES SECRETARIA ESTOFADA INJETADO C/GARFO; 01/07/2016; FUNDO MUNICIPAL DE SAUDE; Ativo;R$ 39,45; Compra Normal
 PREFEITURA MUNICIPAL DE BALNEÁRIO GAIVOTA; Móveis; Longarina Secretária;6027; LONGARINA 04 LUGARES SECRETARIA ESTOFADA INJETADO C/GARFO; 01/07/2016; FUNDO MUNICIPAL DE SAUDE; Baixado;R$ 74,82; Compra Normal
 PREFEITURA MUNICIPAL DE BALNEÁRIO GAIVOTA; Móveis; Longarina Secretária;6026; LONGARINA 04 LUGARES SECRETARIA ESTOFADA INJETADO C/GARFO; 01/07/2016; FUNDO MUNICIPAL DE SAUDE; Ativo;R$ 39,45; Compra Normal
 PREFEITURA MUNICIPAL DE BALNEÁRIO GAIVOTA; Imóveis; PAVIMENTAÇÕES; -; REFERENTE A PAVIMENTAÇÃO COM LAJOTA EM CONCRETO DA RUA ONICE SANTOS CUNHA COM ÁREA TOTAL DE 760,00M² (METROS QUADRADOS) , CONFORME PROJETOS.; 01/07/2016; MANUTENÇÃO DA SECRETARIA DE OBRAS E SERV; Ativo;R$ 71.794,34; Compra Normal
 PREFEITURA MUNICIPAL DE BALNEÁRIO GAIVOTA; Móveis; Bebedouro.;6513; BEBEDOURO REFRIGERADOR NATURAL GELADO LUND POLAR; 01/07/2016; FUNDO MUNICIPAL DE SAUDE; Ativo;R$ 38,90; Compra Normal
 PREFEITURA MUNICIPAL DE BALNEÁRIO GAIVOTA; Móveis; Bebedouro.;6506; BEBEDOURO REFRIGERADOR NATURAL GELADO LUND POLAR; 01/07/2016; FUNDO MUNICIPAL DE SAUDE; Ativo;R$ 38,90; Compra Normal
 PREFEITURA MUNICIPAL DE BALNEÁRIO GAIVOTA; Móveis; Bebedouro.;6505; BEBEDOURO REFRIGERADOR NATURAL GELADO LUND POLAR; 01/07/2016; FUNDO MUNICIPAL DE SAUDE; Ativo;R$ 38,90; Compra Normal
 PREFEITURA MUNICIPAL DE BALNEÁRIO GAIVOTA; Móveis; Arquivo de Aço;6119; ARQUIVO DE ACO RCH RAO/61 P/ PASTAS SUSPENSA; 01/07/2016; FUNDO MUNICIPAL DE SAUDE; Ativo;R$ 49,80; Compra Normal
 PREFEITURA MUNICIPAL DE BALNEÁRIO GAIVOTA; Móveis; Arquivo de Aço;6372; ARQUIVO DE ACO RCH RAO/61 P/ PASTAS SUSPENSA; 01/07/2016; FUNDO MUNICIPAL DE SAUDE; Ativo;R$ 49,80; Compra Normal
 PREFEITURA MUNICIPAL DE BALNEÁRIO GAIVOTA; Móveis; Arquivo de Aço;6032; ARQUIVO DE ACO RCH RAO/61 P/ PASTAS SUSPENSA; 01/07/2016; FUNDO MUNICIPAL DE SAUDE; Ativo;R$ 49,80; Compra Normal
 PREFEITURA MUNICIPAL DE BALNEÁRIO GAIVOTA; Móveis; Arquivo de Aço;6031; ARQUIVO DE ACO RCH RAO/61 P/ PASTAS SUSPENSA; 01/07/2016; FUNDO MUNICIPAL DE SAUDE; Ativo;R$ 49,80; Compra Normal
 PREFEITURA MUNICIPAL DE BALNEÁRIO GAIVOTA; Móveis; MOBILIÁRIO EM GERAL;6015; MESA DE REUNIAO 180X70X73 CINZA/CINZA; 29/06/2016; FUNDO MUNICIPAL DE SAUDE; Ativo;R$ 49,00; Compra Normal
 PREFEITURA MUNICIPAL DE BALNEÁRIO GAIVOTA; Móveis; Ar Condicionado;6360; AR CONDICIONADO ELGIN 12000 BTUS; 29/06/2016; FUNDO MUNICIPAL DE SAUDE; Ativo;R$ 129,00; Compra Normal
 PREFEITURA MUNICIPAL DE BALNEÁRIO GAIVOTA; Móveis; Ar Condicionado;6367; AR CONDICIONADO ELGIN 12000 BTUS; 29/06/2016; FUNDO MUNICIPAL DE SAUDE; Ativo;R$ 129,00; Compra Normal
 PREFEITURA MUNICIPAL DE BALNEÁRIO GAIVOTA; Móveis; Ar Condicionado;6386; AR CONDICIONADO ELGIN 12000 BTUS; 29/06/2016; FUNDO MUNICIPAL DE SAUDE; Ativo;R$ 129,00; Compra Normal
 PREFEITURA MUNICIPAL DE BALNEÁRIO GAIVOTA; Móveis; Ar Condicionado;6395; AR CONDICIONADO ELGIN 12000 BTUS; 29/06/2016; FUNDO MUNICIPAL DE SAUDE; Ativo;R$ 129,00; Compra Normal
 PREFEITURA MUNICIPAL DE BALNEÁRIO GAIVOTA; Móveis; Ar Condicionado;6397; AR CONDICIONADO ELGIN 12000 BTUS; 29/06/2016; FUNDO MUNICIPAL DE SAUDE; Ativo;R$ 129,00; Compra Normal
 PREFEITURA MUNICIPAL DE BALNEÁRIO GAIVOTA; Móveis; Ar Condicionado;6402; AR CONDICIONADO ELGIN 12000 BTUS; 29/06/2016; FUNDO MUNICIPAL DE SAUDE; Ativo;R$ 129,00; Compra Normal
 PREFEITURA MUNICIPAL DE BALNEÁRIO GAIVOTA; Móveis; Ar Condicionado;6405; AR CONDICIONADO ELGIN 12000 BTUS; 29/06/2016; FUNDO MUNICIPAL DE SAUDE; Ativo;R$ 129,00; Compra Normal
 PREFEITURA MUNICIPAL DE BALNEÁRIO GAIVOTA; Móveis; NO-BREAK; -; NOBREAK 1000VA BIVOLT ENERGY LUX; 28/06/2016; FUNDO MUNICIPAL DE SAUDE; Baixado;R$ 74,61; Compra Normal
 PREFEITURA MUNICIPAL DE BALNEÁRIO GAIVOTA; Móveis; NO-BREAK;6610; NOBREAK 1000VA BIVOLT ENERGY LUX; 28/06/2016; FUNDO MUNICIPAL DE SAUDE; Ativo;R$ 39,65; Compra Normal
 PREFEITURA MUNICIPAL DE BALNEÁRIO GAIVOTA; Móveis; NO-BREAK;6061; NOBREAK 1000VA BIVOLT ENERGY LUX; 28/06/2016; FUNDO MUNICIPAL DE SAUDE; Ativo;R$ 39,65; Compra Normal
 PREFEITURA MUNICIPAL DE BALNEÁRIO GAIVOTA; Móveis; NO-BREAK;6021; NOBREAK 1000VA BIVOLT ENERGY LUX; 28/06/2016; FUNDO MUNICIPAL DE SAUDE; Baixado;R$ 74,61; Compra Normal
 PREFEITURA MUNICIPAL DE BALNEÁRIO GAIVOTA; Móveis; NO-BREAK;6446; NOBREAK 1000VA BIVOLT ENERGY LUX; 28/06/2016; FUNDO MUNICIPAL DE SAUDE; Ativo;R$ 39,65; Compra Normal
 PREFEITURA MUNICIPAL DE BALNEÁRIO GAIVOTA; Móveis; NO-BREAK;6371; NOBREAK 1000VA BIVOLT ENERGY LUX; 28/06/2016; FUNDO MUNICIPAL DE SAUDE; Ativo;R$ 39,65; Compra Normal
 PREFEITURA MUNICIPAL DE BALNEÁRIO GAIVOTA; Móveis; Quadro;4425; QUADRO EM FORMICA BRANCA 2.5X1.22; 14/06/2016; MANUTENÇÃO DA SECRETARIA DE EDUCAÇÃO; Ativo;R$ 40,00; Compra Normal
 PREFEITURA MUNICIPAL DE BALNEÁRIO GAIVOTA; Móveis; Quadro;4424; QUADRO EM FORMICA BRANCA 2.5X1.22; 14/06/2016; MANUTENÇÃO DA SECRETARIA DE EDUCAÇÃO; Ativo;R$ 40,00; Compra Normal
 PREFEITURA MUNICIPAL DE BALNEÁRIO GAIVOTA; Móveis; Quadro;4422; QUADRO EM FORMICA BRANCA 2.5X1.22; 14/06/2016; MANUTENÇÃO DA SECRETARIA DE EDUCAÇÃO; Ativo;R$ 40,00; Compra Normal
 PREFEITURA MUNICIPAL DE BALNEÁRIO GAIVOTA; Móveis; Quadro;5041; QUADRO EM FORMICA BRANCA 2.5X1.22; 14/06/2016; MANUTENÇÃO DA SECRETARIA DE EDUCAÇÃO; Ativo;R$ 40,00; Compra Normal
 PREFEITURA MUNICIPAL DE BALNEÁRIO GAIVOTA; Móveis; MOBILIÁRIO EM GERAL;6055; MESA PARA ESCRITORIO USA; 13/06/2016; FUNDO MUNICIPAL DE SAUDE; Ativo;R$ 49,80; Compra Normal
 PREFEITURA MUNICIPAL DE BALNEÁRIO GAIVOTA; Móveis; IMPRESSORAS;6481; IMPRESSORA HP 1606DN LASER; 13/06/2016; FUNDO MUNICIPAL DE SAUDE; Ativo;R$ 70,00; Compra Normal
 PREFEITURA MUNICIPAL DE BALNEÁRIO GAIVOTA; Móveis; MICROCOMPUTADOR;6369; COMPUTADOR NETWAY P4500; 13/06/2016; DENGUE; Ativo;R$ 199,73; Compra Normal
 PREFEITURA MUNICIPAL DE BALNEÁRIO GAIVOTA; Móveis; MICROCOMPUTADOR;6290; COMPUTADOR NETWAY P4500; 13/06/2016; FUNDO MUNICIPAL DE SAUDE; Ativo;R$ 199,73; Compra Normal
 PREFEITURA MUNICIPAL DE BALNEÁRIO GAIVOTA; Móveis; MICROCOMPUTADOR; -; COMPUTADOR NETWAY P4500; 13/06/2016; FUNDO MUNICIPAL DE SAUDE; Baixado;R$ 361,43; Compra Normal
 PREFEITURA MUNICIPAL DE BALNEÁRIO GAIVOTA; Móveis; MICROCOMPUTADOR;5097; COMPUTADOR NETWAY P4500; 13/06/2016; FUNDO MUNICIPAL DE SAUDE; Ativo;R$ 199,73; Compra Normal
 PREFEITURA MUNICIPAL DE BALNEÁRIO GAIVOTA; Móveis; MICROCOMPUTADOR;6477; COMPUTADOR NETWAY P4500; 13/06/2016; FUNDO MUNICIPAL DE SAUDE; Ativo;R$ 199,73; Compra Normal
 PREFEITURA MUNICIPAL DE BALNEÁRIO GAIVOTA; Móveis; MICROCOMPUTADOR;6473; COMPUTADOR NETWAY P4500; 13/06/2016; FUNDO MUNICIPAL DE SAUDE; Ativo;R$ 199,73; Compra Normal
 PREFEITURA MUNICIPAL DE BALNEÁRIO GAIVOTA; Móveis; MICROCOMPUTADOR;6461; COMPUTADOR NETWAY P4500; 13/06/2016; FUNDO MUNICIPAL DE SAUDE; Ativo;R$ 199,73; Compra Normal
 PREFEITURA MUNICIPAL DE BALNEÁRIO GAIVOTA; Móveis; MICROCOMPUTADOR;6451; COMPUTADOR NETWAY P4500; 13/06/2016; FUNDO MUNICIPAL DE SAUDE; Ativo;R$ 199,73; Compra Normal
 PREFEITURA MUNICIPAL DE BALNEÁRIO GAIVOTA; Móveis; IMPRESSORAS;6469; MULTIFUNCIONAL LASER MONO MFCL2700DW 32PPM; 13/06/2016; FUNDO MUNICIPAL DE SAUDE; Baixado;R$ 271,14; Compra Normal
 PREFEITURA MUNICIPAL DE BALNEÁRIO GAIVOTA; Móveis; NOTEBOOK;6454; NOTEBOOK POSITIVO XS7010 I3/4GB/500GB/14'; 13/06/2016; FUNDO MUNICIPAL DE SAUDE; Ativo;R$ 246,90; Compra Normal
 PREFEITURA MUNICIPAL DE BALNEÁRIO GAIVOTA; Móveis; APARELHO DE COMUNICAÇÃO;6353; PROJETOR SONY VPL - DX100; 13/06/2016; FUNDO MUNICIPAL DE SAUDE; Baixado;R$ 362,00; Compra Normal
 PREFEITURA MUNICIPAL DE BALNEÁRIO GAIVOTA; Móveis; TELEVISOR;6408; TELEVISOR TV AOC 32P LED HDTV LE32H1461; 13/06/2016; FUNDO MUNICIPAL DE SAUDE; Baixado;R$ 234,94; Compra Normal
 PREFEITURA MUNICIPAL DE BALNEÁRIO GAIVOTA; Móveis; TELEVISOR;6465; TELEVISOR TV 32P LED HDTV LE32H1461; 13/06/2016; MANUTENÇÃO DO CONSELHO TUTELAR; Ativo;R$ 129,80; Compra Normal
 PREFEITURA MUNICIPAL DE BALNEÁRIO GAIVOTA; Móveis; IMPRESSORAS;6480; IMPRESSORA HP 1606DN LASER; 13/06/2016; FUNDO MUNICIPAL DE SAUDE; Baixado;R$ 70,00; Compra Normal
 PREFEITURA MUNICIPAL DE BALNEÁRIO GAIVOTA; Móveis; MICROCOMPUTADOR;6544; GABINETE AMD FX4300 3.8GHZ AM3/PLACA MAE/HD 500GB SATA/MEM 8GB DDR3/ GRAVADOR DVD; 08/06/2016; APOIO A CRIANÇA E AO ADOLECESTE EM SITUA; Ativo;R$ 163,90; Compra Normal
 PREFEITURA MUNICIPAL DE BALNEÁRIO GAIVOTA; Móveis; MONITORES;6545; MONITOR 18,5 AOC LCD LED; 08/06/2016; APOIO A CRIANÇA E AO ADOLECESTE EM SITUA; Ativo;R$ 48,70; Compra Normal
 PREFEITURA MUNICIPAL DE BALNEÁRIO GAIVOTA; Móveis; VEICULOS PESADOS;4184; MOTONIVELADORA MODELO 845B // 542200130 CABINE, MARCA CASE, PINTURA CASTANHO, COMBUSTIVEL OLEO DIESEL, CHASSIS HBZN0845TEAF03471, NUMERO MOTOR 1204961 Ano 2014; 24/05/2016; MANUTENÇÃO DA SECRETARIA DE OBRAS E SERV; Ativo;R$ 45.775,00; Doação
 PREFEITURA MUNICIPAL DE BALNEÁRIO GAIVOTA; Móveis; MÁQUINAS, MOTORES;5066; MINI CARREGADEIRA BOBCAT S570 SERIE A7U714386 ANO/MODELO 2014/2015 CABINE COM AR CONDICIONADO/CAPINADEIRA HIDRAULICA 000077/CACAMBA BOBCAT 68 POLEGADAS/VASSOURA RECOLHEDORA; 20/05/2016; MANUTENÇÃO DA SECRETARIA DE OBRAS E SERV; Ativo;R$ 17.995,00; Compra Normal
 PREFEITURA MUNICIPAL DE BALNEÁRIO GAIVOTA; Móveis; Liquidificador;6625; LIQUIDIFICADOR INDUSTRIAL INOX 2L/220V; 11/05/2016; MANUTENÇÃO DA SECRETARIA DE EDUCAÇÃO; Ativo;R$ 52,99; Compra Normal
 PREFEITURA MUNICIPAL DE BALNEÁRIO GAIVOTA; Móveis; MOBILIÁRIO EM GERAL;5993; ARQUIVO 4 GAV PASTA C/ CHAVE; 11/05/2016; FUNDO MUNICIPAL DE SAUDE; Ativo;R$ 48,49; Compra Normal
 PREFEITURA MUNICIPAL DE BALNEÁRIO GAIVOTA; Móveis; APARELHOS ELETRO-ELETRÔNICOS; -; TABLET GENESIS GT7402 QUAD CORE 1.5GHZ 8GB; 09/05/2016; FUNDO MUNICIPAL DE SAUDE; Baixado;R$ 63,91; Compra Normal
 PREFEITURA MUNICIPAL DE BALNEÁRIO GAIVOTA; Móveis; APARELHOS ELETRO-ELETRÔNICOS; -; TABLET GENESIS GT7402 QUAD CORE 1.5GHZ 8GB; 09/05/2016; FUNDO MUNICIPAL DE SAUDE; Baixado;R$ 63,91; Compra Normal
 PREFEITURA MUNICIPAL DE BALNEÁRIO GAIVOTA; Móveis; APARELHOS ELETRO-ELETRÔNICOS; -; TABLET GENESIS GT7402 QUAD CORE 1.5GHZ 8GB; 09/05/2016; FUNDO MUNICIPAL DE SAUDE; Baixado;R$ 63,91; Compra Normal
 PREFEITURA MUNICIPAL DE BALNEÁRIO GAIVOTA; Móveis; APARELHOS ELETRO-ELETRÔNICOS; -; TABLET GENESIS GT7402 QUAD CORE 1.5GHZ 8GB; 09/05/2016; FUNDO MUNICIPAL DE SAUDE; Baixado;R$ 63,91; Compra Normal
 PREFEITURA MUNICIPAL DE BALNEÁRIO GAIVOTA; Móveis; APARELHOS ELETRO-ELETRÔNICOS; -; TABLET GENESIS GT7402 QUAD CORE 1.5GHZ 8GB; 09/05/2016; FUNDO MUNICIPAL DE SAUDE; Baixado;R$ 63,91; Compra Normal
 PREFEITURA MUNICIPAL DE BALNEÁRIO GAIVOTA; Móveis; APARELHOS ELETRO-ELETRÔNICOS; -; TABLET GENESIS GT7402 QUAD CORE 1.5GHZ 8GB; 09/05/2016; FUNDO MUNICIPAL DE SAUDE; Baixado;R$ 63,91; Compra Normal
 PREFEITURA MUNICIPAL DE BALNEÁRIO GAIVOTA; Móveis; APARELHOS ELETRO-ELETRÔNICOS; -; TABLET GENESIS GT7402 QUAD CORE 1.5GHZ 8GB; 09/05/2016; FUNDO MUNICIPAL DE SAUDE; Baixado;R$ 63,91; Compra Normal
 PREFEITURA MUNICIPAL DE BALNEÁRIO GAIVOTA; Móveis; APARELHOS ELETRO-ELETRÔNICOS; -; TABLET GENESIS GT7402 QUAD CORE 1.5GHZ 8GB; 09/05/2016; FUNDO MUNICIPAL DE SAUDE; Baixado;R$ 63,91; Compra Normal
 PREFEITURA MUNICIPAL DE BALNEÁRIO GAIVOTA; Móveis; APARELHOS ELETRO-ELETRÔNICOS; -; TABLET GENESIS GT7402 QUAD CORE 1.5GHZ 8GB; 09/05/2016; FUNDO MUNICIPAL DE SAUDE; Baixado;R$ 63,91; Compra Normal
 PREFEITURA MUNICIPAL DE BALNEÁRIO GAIVOTA; Móveis; APARELHOS ELETRO-ELETRÔNICOS; -; TABLET GENESIS GT7402 QUAD CORE 1.5GHZ 8GB; 09/05/2016; FUNDO MUNICIPAL DE SAUDE; Baixado;R$ 63,91; Compra Normal
 PREFEITURA MUNICIPAL DE BALNEÁRIO GAIVOTA; Móveis; APARELHOS ELETRO-ELETRÔNICOS; -; TABLET GENESIS GT7402 QUAD CORE 1.5GHZ 8GB; 09/05/2016; FUNDO MUNICIPAL DE SAUDE; Baixado;R$ 63,91; Compra Normal
 PREFEITURA MUNICIPAL DE BALNEÁRIO GAIVOTA; Móveis; APARELHOS ELETRO-ELETRÔNICOS; -; TABLET GENESIS GT7402 QUAD CORE 1.5GHZ 8GB; 09/05/2016; FUNDO MUNICIPAL DE SAUDE; Baixado;R$ 63,91; Compra Normal
 PREFEITURA MUNICIPAL DE BALNEÁRIO GAIVOTA; Móveis; APARELHOS ELETRO-ELETRÔNICOS; -; TABLET GENESIS GT7402 QUAD CORE 1.5GHZ 8GB; 09/05/2016; FUNDO MUNICIPAL DE SAUDE; Baixado;R$ 63,91; Compra Normal
 PREFEITURA MUNICIPAL DE BALNEÁRIO GAIVOTA; Móveis; APARELHOS ELETRO-ELETRÔNICOS; -; TABLET GENESIS GT7402 QUAD CORE 1.5GHZ 8GB; 09/05/2016; FUNDO MUNICIPAL DE SAUDE; Baixado;R$ 63,91; Compra Normal
 PREFEITURA MUNICIPAL DE BALNEÁRIO GAIVOTA; Móveis; APARELHOS ELETRO-ELETRÔNICOS; -; TABLET GENESIS GT7402 QUAD CORE 1.5GHZ 8GB; 09/05/2016; FUNDO MUNICIPAL DE SAUDE; Baixado;R$ 63,91; Compra Normal
 PREFEITURA MUNICIPAL DE BALNEÁRIO GAIVOTA; Móveis; APARELHOS ELETRO-ELETRÔNICOS; -; TABLET GENESIS GT7402 QUAD CORE 1.5GHZ 8GB; 09/05/2016; FUNDO MUNICIPAL DE SAUDE; Baixado;R$ 63,91; Compra Normal
 PREFEITURA MUNICIPAL DE BALNEÁRIO GAIVOTA; Móveis; APARELHOS ELETRO-ELETRÔNICOS; -; TABLET GENESIS GT7402 QUAD CORE 1.5GHZ 8GB; 09/05/2016; FUNDO MUNICIPAL DE SAUDE; Baixado;R$ 63,91; Compra Normal
 PREFEITURA MUNICIPAL DE BALNEÁRIO GAIVOTA; Móveis; APARELHOS ELETRO-ELETRÔNICOS; -; TABLET GENESIS GT7402 QUAD CORE 1.5GHZ 8GB; 09/05/2016; FUNDO MUNICIPAL DE SAUDE; Baixado;R$ 63,91; Compra Normal
 PREFEITURA MUNICIPAL DE BALNEÁRIO GAIVOTA; Móveis; APARELHOS ELETRO-ELETRÔNICOS; -; TABLET GENESIS GT7402 QUAD CORE 1.5GHZ 8GB; 09/05/2016; FUNDO MUNICIPAL DE SAUDE; Baixado;R$ 63,91; Compra Normal
 PREFEITURA MUNICIPAL DE BALNEÁRIO GAIVOTA; Móveis; APARELHOS ELETRO-ELETRÔNICOS; -; TABLET GENESIS GT7402 QUAD CORE 1.5GHZ 8GB; 09/05/2016; FUNDO MUNICIPAL DE SAUDE; Baixado;R$ 63,91; Compra Normal
 PREFEITURA MUNICIPAL DE BALNEÁRIO GAIVOTA; Móveis; ÔNIBUS;1121; ONIBUS URBANO AGRALE CARROCERIA MARCA MASCARELLO MODELO GRAN VIA / ANO 2016 CAPACEIDADE 48 PASSAGEIROS+01 CONDUTOR CHASSI 9BYC51A1AGC002560 / MOTOR UIA008681 PLACA QHS0634 RENAVAM 01086192289; 03/05/2016; MANUTENÇÃO DA SECRETARIA DE EDUCAÇÃO; Ativo;R$ 23.990,00; Compra Normal
 PREFEITURA MUNICIPAL DE BALNEÁRIO GAIVOTA; Móveis; MOBILIÁRIO EM GERAL;8100; ARMARIO ESCOLAR 02 PORTA COM DIVISÃO CENTRAL; 02/05/2016; MANUTENÇÃO DA SECRETARIA DE EDUCAÇÃO; Ativo;R$ 93,00; Compra Normal
 PREFEITURA MUNICIPAL DE BALNEÁRIO GAIVOTA; Móveis; MOBILIÁRIO EM GERAL;5978; ARMARIO ESCOLAR 02 PORTA COM DIVISÃO CENTRAL; 02/05/2016; MANUTENÇÃO DA SECRETARIA DE EDUCAÇÃO; Ativo;R$ 93,00; Compra Normal
 PREFEITURA MUNICIPAL DE BALNEÁRIO GAIVOTA; Móveis; MOBILIÁRIO EM GERAL;8183; ARMARIO ESCOLAR 02 PORTA COM DIVISÃO CENTRAL; 02/05/2016; MANUTENÇÃO DA SECRETARIA DE EDUCAÇÃO; Ativo;R$ 93,00; Compra Normal
 PREFEITURA MUNICIPAL DE BALNEÁRIO GAIVOTA; Móveis; MOBILIÁRIO EM GERAL;5980; ARMARIO ESCOLAR 02 PORTA COM DIVISÃO CENTRAL; 02/05/2016; MANUTENÇÃO DA SECRETARIA DE EDUCAÇÃO; Ativo;R$ 93,00; Compra Normal
 PREFEITURA MUNICIPAL DE BALNEÁRIO GAIVOTA; Móveis; MOBILIÁRIO EM GERAL;5981; MESA 01XMES 2000X700X720 PST05 EST06; 02/05/2016; MANUTENÇÃO DA SECRETARIA DE EDUCAÇÃO; Ativo;R$ 45,00; Compra Normal
 PREFEITURA MUNICIPAL DE BALNEÁRIO GAIVOTA; Móveis; MOBILIÁRIO EM GERAL;5982; MESA 01XMES 2000X700X720 PST05 EST06; 02/05/2016; MANUTENÇÃO DA SECRETARIA DE EDUCAÇÃO; Ativo;R$ 45,00; Compra Normal
 PREFEITURA MUNICIPAL DE BALNEÁRIO GAIVOTA; Móveis; MOBILIÁRIO EM GERAL;5983; MESA 01XMES 2000X700X720 PST05 EST06; 02/05/2016; MANUTENÇÃO DA SECRETARIA DE EDUCAÇÃO; Ativo;R$ 45,00; Compra Normal
 PREFEITURA MUNICIPAL DE BALNEÁRIO GAIVOTA; Móveis; MOBILIÁRIO EM GERAL;5984; MESA 01XMES 2000X700X720 PST05 EST06; 02/05/2016; MANUTENÇÃO DA SECRETARIA DE EDUCAÇÃO; Ativo;R$ 45,00; Compra Normal
 PREFEITURA MUNICIPAL DE BALNEÁRIO GAIVOTA; Móveis; GELADEIRA;6626; GELADEIRA REFRIGERADOR 2P 450L CRD49ABBNA; 18/04/2016; MANUTENÇÃO DA SECRETARIA DE EDUCAÇÃO; Ativo;R$ 181,50; Compra Normal
 PREFEITURA MUNICIPAL DE BALNEÁRIO GAIVOTA; Móveis; Ar Condicionado;6614; AR CONDICIONADO SPLIT KOMECO 24000BTUS KOS24QC; 08/04/2016; MANUTENÇÃO DA SECRETARIA DE EDUCAÇÃO; Ativo;R$ 316,00; Compra Normal
 PREFEITURA MUNICIPAL DE BALNEÁRIO GAIVOTA; Móveis; Ar Condicionado;6613; AR CONDICIONADO SPLIT KOMECO 24000BTUS KOS24QC; 08/04/2016; MANUTENÇÃO DA SECRETARIA DE EDUCAÇÃO; Ativo;R$ 316,00; Compra Normal
 CAMARA MUNICIPAL DE BALNEARIO GAIVOTA; MOVEIS; Cod.: 387 - Computador;217; notebook acer aspire e5-573-36m9 com ietel core i3 cor verleho/preto; 05/04/2016; CAMARA MUNICIPAL DE VEREADORES; Em uso;R$ 1.069,83; Compra
 PREFEITURA MUNICIPAL DE BALNEÁRIO GAIVOTA; Móveis; MICROCOMPUTADOR;6327; MICROCOMPUTADOR CPU 3.2GHZ/PLACA MAE H81/HD500/MEM 4GB/GRAV DE DVD/CX SOM/ESTABILIZADOR/MOUSE/TECLADO; 21/03/2016; FUNDO MUNICIPAL DE SAUDE; Ativo;R$ 117,30; Compra Normal
 PREFEITURA MUNICIPAL DE BALNEÁRIO GAIVOTA; Móveis; MONITORES;6328; MONITOR 18,3 LCD AOC - 200CD/M2 DE BRILHO - E970SWNL; 21/03/2016; FUNDO MUNICIPAL DE SAUDE; Ativo;R$ 48,70; Compra Normal
 PREFEITURA MUNICIPAL DE BALNEÁRIO GAIVOTA; Móveis; Ar Condicionado;5871; AR CONDICIONADO KOMECO SPLIT 24000BTUS KOS24QC; 10/03/2016; MANUTENÇÃO DA SECRETARIA DE EDUCAÇÃO; Ativo;R$ 316,00; Compra Normal
 PREFEITURA MUNICIPAL DE BALNEÁRIO GAIVOTA; Móveis; Ar Condicionado;5870; AR CONDICIONADO KOMECO SPLIT 24000BTUS KOS24QC; 10/03/2016; MANUTENÇÃO DA SECRETARIA DE EDUCAÇÃO; Ativo;R$ 316,00; Compra Normal
 PREFEITURA MUNICIPAL DE BALNEÁRIO GAIVOTA; Móveis; Ar Condicionado;5872; AR CONDICIONADO KOMECO SPLIT 24000BTUS KOS24QC; 10/03/2016; MANUTENÇÃO DA SECRETARIA DE EDUCAÇÃO; Ativo;R$ 316,00; Compra Normal
 PREFEITURA MUNICIPAL DE BALNEÁRIO GAIVOTA; Móveis; EQUIPAMENTOS DOMÉSTICOS;5875; LAVA JATO LAVADOURA 1600W ALT PRES POWER WASH 2200PSI ELECTROLUX; 08/03/2016; MANUTENÇÃO DA SECRETARIA DE ADMINISTRAÇÃ; Ativo;R$ 46,78; Compra Normal
 PREFEITURA MUNICIPAL DE BALNEÁRIO GAIVOTA; Móveis; Ar Condicionado;6627; AR CONDICIONADO KOMECO AMBINETE 12QC2LX Q/F; 01/03/2016; MANUTENÇÃO DA SECRETARIA DE EDUCAÇÃO; Ativo;R$ 206,90; Compra Normal
 PREFEITURA MUNICIPAL DE BALNEÁRIO GAIVOTA; Imóveis; CONSTRUÇÕES; -; FECHAMENTO MURO ALVENARIA - QUADRA COBERTA - OUTROS - BAIRRO RUA NOVA - SEC EDUCACAO; 01/03/2016; MANUTENÇÃO DA SECRETARIA DE OBRAS E SERV; Ativo;R$ 51.887,60; Compra Normal
 PREFEITURA MUNICIPAL DE BALNEÁRIO GAIVOTA; Móveis; MICROCOMPUTADOR;5877; CPU SETOR EMPENHOS - SEC ADMINISTRACAO E FINANCAS - CD 180/2016; 01/03/2016; MANUTENÇÃO DA SECRETARIA DE ADMINISTRAÇÃ; Ativo;R$ 114,90; Compra Normal
 PREFEITURA MUNICIPAL DE BALNEÁRIO GAIVOTA; Imóveis; CONSTRUÇÕES; -; FECHAMENTO EM MURO ALVENARIA - QUADRA COBERTA E OUTROS - BAIRRO RUA NOVA - SEC EDUCACAO - ENSINO FUNDAMENTAL; 29/02/2016; MANUTENÇÃO DA SECRETARIA DE OBRAS E SERV; Ativo;R$ 32.000,00; Compra Normal
 PREFEITURA MUNICIPAL DE BALNEÁRIO GAIVOTA; Móveis; Ar Condicionado;6628; AR CONDICIONADO KOMECO 24000BTUS KOS24Q-EVAP/COND SPLIT; 18/02/2016; MANUTENÇÃO DA SECRETARIA DE EDUCAÇÃO; Ativo;R$ 316,00; Compra Normal
 PREFEITURA MUNICIPAL DE BALNEÁRIO GAIVOTA; Móveis; Ar Condicionado;6629; AR CONDIONADO AUSTIN 18000BTUS Q/F SPLIT; 18/02/2016; MANUTENÇÃO DA SECRETARIA DE EDUCAÇÃO; Ativo;R$ 257,50; Compra Normal
 PREFEITURA MUNICIPAL DE BALNEÁRIO GAIVOTA; Móveis; Ar Condicionado;6619; AR CONDIONADO AUSTIN 18000BTUS Q/F SPLIT; 17/02/2016; MANUTENÇÃO DA SECRETARIA DE EDUCAÇÃO; Ativo;R$ 257,50; Compra Normal
 PREFEITURA MUNICIPAL DE BALNEÁRIO GAIVOTA; Móveis; Ar Condicionado;5874; AR CONDICIONADO AUSTIN 9000BTUS Q/F SPLIT; 17/02/2016; MANUTENÇÃO DA SECRETARIA DE ADMINISTRAÇÃ; Ativo;R$ 172,00; Compra Normal
 PREFEITURA MUNICIPAL DE BALNEÁRIO GAIVOTA; Móveis; Liquidificador;6618; LIQUIDIFICADOR TRON  INDUSTRIAL INOX 2L-220 LJ; 16/02/2016; MANUTENÇÃO DA SECRETARIA DE EDUCAÇÃO; Ativo;R$ 52,99; Compra Normal
 CAMARA MUNICIPAL DE BALNEARIO GAIVOTA; MOVEIS; Cod.: 2 - ELETRONICOS;211; CAMERA IP DOME  VIP S4000  COM CABO DE 15 METS E FOTE 12V; 11/02/2016; CAMARA MUNICIPAL DE VEREADORES; Em uso;R$ 1.232,85; Compra
 CAMARA MUNICIPAL DE BALNEARIO GAIVOTA; MOVEIS; Cod.: 7 - MOVEIS;214; PAENEL DE TV LINE BRASIL ROMA CAPUCINO WOOD; 01/02/2016; CAMARA MUNICIPAL DE VEREADORES; Em uso;R$ 267,65; Compra
 CAMARA MUNICIPAL DE BALNEARIO GAIVOTA; MOVEIS; Cod.: 7 - MOVEIS;212; ESTOFADO ESTOVALE BELLATTORES 3 LUGARES COR CINZA; 01/02/2016; CAMARA MUNICIPAL DE VEREADORES; Em uso;R$ 947,30; Compra
 CAMARA MUNICIPAL DE BALNEARIO GAIVOTA; MOVEIS; Cod.: 7 - MOVEIS;215; POLTRONA AVEL MEBEIS BELLA TECIDO SUED; 01/02/2016; CAMARA MUNICIPAL DE VEREADORES; Em uso;R$ 424,43; Compra
 CAMARA MUNICIPAL DE BALNEARIO GAIVOTA; MOVEIS; Cod.: 7 - MOVEIS;216; TAPETE SERRANO SUBLIME 2,5 X 2,0; 01/02/2016; CAMARA MUNICIPAL DE VEREADORES; Em uso;R$ 195,62; Compra
 CAMARA MUNICIPAL DE BALNEARIO GAIVOTA; MOVEIS; Cod.: 7 - MOVEIS;213; MESA DE CENTRO LINEA ARIEL CAPUCINO WOOD; 01/02/2016; CAMARA MUNICIPAL DE VEREADORES; Em uso;R$ 184,61; Compra
 PREFEITURA MUNICIPAL DE BALNEÁRIO GAIVOTA; Imóveis; CONSTRUÇÕES; -; DESAPROPRIACAO  02 TERRENOS URBANOS AREA TOTAL 576M² LOTES 06,17 QUADRA 3-M - LOT ITAPUAN CONSTRUCAO CENTRO ED INFANTIL; 29/01/2016; MANUTENÇÃO DA SECRETARIA DE OBRAS E SERV; Ativo;R$ 50.000,00; Compra Normal
 CAMARA MUNICIPAL DE BALNEARIO GAIVOTA; MOVEIS; Cod.: 619 - Ar condicionado;210; AR CONDICIONADO 24.000 BTUS MARCA GREE; 21/01/2016; CAMARA MUNICIPAL DE VEREADORES; Em desuso;R$ 2.289,80; Compra
 PREFEITURA MUNICIPAL DE BALNEÁRIO GAIVOTA; Móveis; TELEVISOR;6616; TV MONITOR LED 27.5 HDLG; 16/01/2016; MANUTENÇÃO DA SECRETARIA DE EDUCAÇÃO; Ativo;R$ 110,00; Compra Normal
 PREFEITURA MUNICIPAL DE BALNEÁRIO GAIVOTA; Móveis; TELEVISOR;6615; TV MONITOR LED 27.5 HDLG; 16/01/2016; MANUTENÇÃO DA SECRETARIA DE EDUCAÇÃO; Ativo;R$ 110,00; Compra Normal
 PREFEITURA MUNICIPAL DE BALNEÁRIO GAIVOTA; Móveis; TELEVISOR;6620; TV MONITOR LED 27.5 HDLG; 16/01/2016; MANUTENÇÃO DA SECRETARIA DE EDUCAÇÃO; Ativo;R$ 110,00; Compra Normal
 PREFEITURA MUNICIPAL DE BALNEÁRIO GAIVOTA; Imóveis; CONSTRUÇÕES; -; OBRA ACADEMIA AR LIVRE -AV BEIRA MAR; 14/01/2016; MANUTENÇÃO DA SECRETARIA DE OBRAS E SERV; Ativo;R$ 36.238,00; Compra Normal
 PREFEITURA MUNICIPAL DE BALNEÁRIO GAIVOTA; Imóveis; CONSTRUÇÕES; -; OBRAS CAMPO FUTEBOL E CONTRUCAO VESTIARIO COMPLEXO ESPORTIVO; 14/01/2016; MANUTENÇÃO DA SECRETARIA DE OBRAS E SERV; Ativo;R$ 12.948,37; Compra Normal
 PREFEITURA MUNICIPAL DE BALNEÁRIO GAIVOTA; Imóveis; CONSTRUÇÕES; -; OBRAS CAMPO FUTEBOL E CONTRUCAO VESTIARIO COMPLEXO ESPORTIVO -ADITIVO 02-58/2015; 14/01/2016; MANUTENÇÃO DA SECRETARIA DE OBRAS E SERV; Ativo;R$ 36.212,82; Compra Normal
 PREFEITURA MUNICIPAL DE BALNEÁRIO GAIVOTA; Móveis; GELADEIRA;6111; REFRIGERADOR CONSUL CRB39 342L F.F BRANCA; 12/01/2016; FUNDO MUNICIPAL DE SAUDE; Ativo;R$ 159,90; Compra Normal
 PREFEITURA MUNICIPAL DE BALNEÁRIO GAIVOTA; Móveis; ROÇADEIRA;3879; ROCADEIRA FS 220 - STIHL; 12/01/2016; BENS PARA LEILÃO; Baixado;R$ 204,33; Compra Normal
 PREFEITURA MUNICIPAL DE BALNEÁRIO GAIVOTA; Móveis; ROÇADEIRA;4427; ROCADEIRA FS 220 - STIHL; 12/01/2016; BENS PARA LEILÃO; Baixado;R$ 204,33; Compra Normal
 PREFEITURA MUNICIPAL DE BALNEÁRIO GAIVOTA; Imóveis; CONSTRUÇÕES; -; SERVICO AMPLIACAO ESCOLA PROF. DARCY RIBEIRO; 11/01/2016; MANUTENÇÃO DA SECRETARIA DE OBRAS E SERV; Ativo;R$ 14.424,37; Compra Normal
 PREFEITURA MUNICIPAL DE BALNEÁRIO GAIVOTA; Móveis; FOGÃO A GÁS;5819; FOGAO GAS 6 BOCAS E6FD3 COM FORNO VENANCIO; 05/01/2016; MANUTENÇÃO DA SECRETARIA DE EDUCAÇÃO; Ativo;R$ 160,00; Compra Normal
 PREFEITURA MUNICIPAL DE BALNEÁRIO GAIVOTA; Imóveis; CONSTRUÇÕES; -; ACADEMIA AO AR LIVRE - AVENIDA BEIRA MAR; 04/01/2016; MANUTENÇÃO DA SECRETARIA DE OBRAS E SERV; Ativo;R$ 8.000,00; Compra Normal
 PREFEITURA MUNICIPAL DE BALNEÁRIO GAIVOTA; Imóveis; CONSTRUÇÕES; -; REFORMA E AMPLIACAO SUBS PISO E FORRO - CEI ESTRELINHA DO MAR - AREA TOTAL 507,40M² - AD 03-52/2015; 04/01/2016; MANUTENÇÃO DA SECRETARIA DE OBRAS E SERV; Ativo;R$ 13.499,07; Compra Normal
 PREFEITURA MUNICIPAL DE BALNEÁRIO GAIVOTA; Imóveis; CONSTRUÇÕES; -; MATERIAIS CONSTRUCAO ESCOLA CRECHE - PROINFANCIA - PPAC 11974/2015; 04/01/2016; MANUTENÇÃO DA SECRETARIA DE OBRAS E SERV; Ativo;R$ 657.782,87; Compra Normal
 PREFEITURA MUNICIPAL DE BALNEÁRIO GAIVOTA; Imóveis; CONSTRUÇÕES; -; QUADRA COBERTA ESCOLA BERNADINHO DE MELO PAC II; 04/01/2016; MANUTENÇÃO DA SECRETARIA DE OBRAS E SERV; Ativo;R$ 50.239,15; Compra Normal
 PREFEITURA MUNICIPAL DE BALNEÁRIO GAIVOTA; Imóveis; CONSTRUÇÕES; -; SERVICO AMPLIACAO ESCOLA PROF. DARCY RIBEIRO; 04/01/2016; MANUTENÇÃO DA SECRETARIA DE OBRAS E SERV; Ativo;R$ 31.664,56; Compra Normal
 PREFEITURA MUNICIPAL DE BALNEÁRIO GAIVOTA; Móveis; GELADEIRA;5899; REFRIGERADOR DCW50 220/60HS BRANCO; 27/11/2015; MANUTENÇÃO DO CONSELHO TUTELAR; Ativo;R$ 200,50; Compra Normal
 CÂMARA MUNICIPAL BALNEÁRIO GAIVOTA; MOVEIS; Cod.: 387 - Computador;209; TABLET TA7801W QUAND CORE BRANCO MARCA SEMP TOSHIBA TAMANHO 7,85; 23/11/2015; TESOURARIA/CONTABILIDADE; Baixado;R$ 356,35; Compra
 PREFEITURA MUNICIPAL DE BALNEÁRIO GAIVOTA; Móveis; VEICULOS LEVES; -; AUTOMÓVEL GM/CELTA, ANO/MODELO 2002, PLACA MBO 6243, RENAVAM 781809142, COR BRANCA, GASOLINA; 26/10/2015; FUNDO MUNICIPAL DE SAUDE; Baixado;R$ 2.100,00; Doação
 PREFEITURA MUNICIPAL DE BALNEÁRIO GAIVOTA; Móveis; EQUIPAMENTOS MÉDICOS;4222; OTOSCOPIO; 16/10/2015; FUNDO MUNICIPAL DE SAUDE; Ativo;R$ 40,00; Compra Normal
 PREFEITURA MUNICIPAL DE BALNEÁRIO GAIVOTA; Imóveis; CONSTRUÇÕES; -;" SERVIÇO DE ENGENHARIA COM FORNECIMENTO DE MATERIAIS PARA A CONSTRUÇÃO DE UMA ESCOLA DE ENSINO INFANTIL (CRECHE) - PROINFÂNCIA - PADRÃO TIPO 2 - PROJETO FNDE/MEC, COM ÁREA DE 890,33M², CONFORME PROJETOS, MEMORIAL DESCRITIVO, PLANILHA ORÇAMENTÁRIA DE QUANTITATIVOS E CUSTOS E CRONOGRAMA FÍSICO-FINANCEIRO.PROCESSO,3400007803201491	PAC2 11974/2015."; 01/09/2015; MANUTENÇÃO DA SECRETARIA DE EDUCAÇÃO; Ativo;R$ 74.948,05; Compra Normal
 PREFEITURA MUNICIPAL DE BALNEÁRIO GAIVOTA; Móveis; Ar Condicionado;5865; AR CONDICIONADO SPLIT RYUNDAY 9000BTUS QUENTE/FRIO; 19/08/2015; FUNDO MUNICIPAL DE SAUDE; Baixado;R$ 120,00; Compra Normal
 PREFEITURA MUNICIPAL DE BALNEÁRIO GAIVOTA; Imóveis; PAVIMENTAÇÕES; -; PAVIMENTAÇÃO ASFÁLTICA COM CAUQ, DRENAGEM PLUVIAL, SINALIZAÇÃO E OUTROS DA AVENIDA INTERPRAIAS, COM ÁREA DE 2.432,30 M² E 179,10 METROS DE EXTENSÃO, CONFORME PROJETOS, MEMORIAIS DESCRITIVOS, PLANILHAS ORÇAMENTÁRIAS DE QUANTITATIVOS E CUSTOS E CRONOGRAMAS FÍSICOS E FINANCEIROS EM ANEXO.CONTRAPARTIDA CONTRATO DE REPASSSE 799858/2013.CONTRATO TERMO DE COMPROMISSO 93438/2013/1013613-15/2013; 17/08/2015; MANUTENÇÃO DA SECRETARIA DE OBRAS E SERV; Ativo;R$ 9.488,99; Compra Normal
 PREFEITURA MUNICIPAL DE BALNEÁRIO GAIVOTA; Móveis; MICROCOMPUTADOR;5864; COMPUTADOR I3/MB1155/HD500GB/MEM2GB/GRAVADORA DE DVD/GABINETE/TECLADO/CX SOM/MOUSE/ESTABILIZADOR; 14/08/2015; MANUTENÇÃO DA SECRETARIA DE ARRECADAÇÃO; Ativo;R$ 100,00; Compra Normal
 PREFEITURA MUNICIPAL DE BALNEÁRIO GAIVOTA; Móveis; MONITORES;5863; MONITOR 18.5P; 14/08/2015; MANUTENÇÃO DO GABINETE DO PREFEITO; Ativo;R$ 45,90; Compra Normal
 CAMARA MUNICIPAL DE BALNEARIO GAIVOTA; MOVEIS; Cod.: 557 - Molduras;208; PLACA EM INOX TAMANHO 50X60 CM DA LEGISLATURA 2013/2016  COM FOTOS COLORIDA; 07/08/2015; CAMARA MUNICIPAL DE VEREADORES; Em uso;R$ 569,86; Compra
 PREFEITURA MUNICIPAL DE BALNEÁRIO GAIVOTA; Móveis; EQUIPAMENTOS MÉDICOS;5300; COMPRESSOR MAXPRESS CRISTOFOLI 38L 220F COMMO 10071; 26/06/2015; FUNDO MUNICIPAL DE SAUDE; Baixado;R$ 335,00; Compra Normal
 PREFEITURA MUNICIPAL DE BALNEÁRIO GAIVOTA; Móveis; IMPRESSORAS;5833; IMPRESSORA MULTIFUNCIONAL HP LASERJET PRO M125a; 25/06/2015; MANUTENÇÃO DA SECRETARIA DE ADMINISTRAÇÃ; Ativo;R$ 86,00; Compra Normal
 PREFEITURA MUNICIPAL DE BALNEÁRIO GAIVOTA; Móveis; IMPRESSORAS;5217; IMPRESSORA MULTIFUNCIONAL HP LASERJET PRO M125A; 18/06/2015; MANUTENÇÃO DA SECRETARIA DE EDUCAÇÃO; Ativo;R$ 86,00; Compra Normal
 PREFEITURA MUNICIPAL DE BALNEÁRIO GAIVOTA; Móveis; APARELHOS ELETRO-ELETRÔNICOS;5867; ASPIRADOR DE PO AIOS 220V ELETROLUX; 16/06/2015; MANUTENÇÃO DA SECRETARIA DE OBRAS E SERV; Ativo;R$ 38,50; Compra Normal
 PREFEITURA MUNICIPAL DE BALNEÁRIO GAIVOTA; Móveis; APARELHOS ELETRO-ELETRÔNICOS;5222; LAVADOURA DE ROUPAS ELECTROLUX 12KG LT12F BRANCA 220V; 19/05/2015; MANUTENÇÃO DA SECRETARIA DE EDUCAÇÃO; Ativo;R$ 139,90; Compra Normal
 PREFEITURA MUNICIPAL DE BALNEÁRIO GAIVOTA; Móveis; TELEVISOR;7833; TELEVISOR/MONITOR 19,5 P SAMSUNG T20C310; 19/05/2015; MANUTENÇÃO DA SECRETARIA DE EDUCAÇÃO; Ativo;R$ 54,60; Compra Normal
 PREFEITURA MUNICIPAL DE BALNEÁRIO GAIVOTA; Móveis; TELEVISOR;5170; TELEVISOR/MONITOR 19,5 P SAMSUNG T20C310; 19/05/2015; BENS INSERVÍVEIS; Baixado;R$ 259,35; Compra Normal
 PREFEITURA MUNICIPAL DE BALNEÁRIO GAIVOTA; Imóveis; CONSTRUÇÕES; -; SERVIÇO DE ENGENHARIA PARA FECHAMENTO DE CAMPO DE FUTEBOL E CONSTRUÇÃO DE VESTIÁRIOS NO COMPLEXO ESPORTIVO.; 14/05/2015; PROMOÇÃO E MANUTENÇÃO DAS ATIVIDADES TUR; Ativo;R$ 234.695,68; Compra Normal
 PREFEITURA MUNICIPAL DE BALNEÁRIO GAIVOTA; Imóveis; CONSTRUÇÕES; -; SERVIÇO DE ENGENHARIA PARA AMPLIAÇÃO DA ESCOLA DE ENSINO FUNDAMENTAL PROF. DARCY RIBEIRO COM A CONSTRUÇÃO DE BLOCO DE 594,02M²  PARA SALAS DE AULA, NA AV. CRISPIM JOÃO PEREIRA (4ª AVENIDA), MUNICÍPIO DE BALNEÁRIO GAIVOTA, CONFORME PROJETOS.; 14/05/2015; MANUTENÇÃO DA SECRETARIA DE EDUCAÇÃO; Ativo;R$ 229.154,81; Compra Normal
 PREFEITURA MUNICIPAL DE BALNEÁRIO GAIVOTA; Móveis; CADEIRA; -; CADEIRA  DE POSICIONAMENTO 1/2 SEXTAVADA; 13/05/2015; BENS PARA LEILÃO; Baixado;R$ 82,45; Compra Normal
 PREFEITURA MUNICIPAL DE BALNEÁRIO GAIVOTA; Móveis; MÁQUINAS, MOTORES;5177; LAVAJATO LJ-7000 FIXA 5HP TRIF CHIAPERINI; 09/05/2015; BENS PARA LEILÃO; Baixado;R$ 269,65; Compra Normal
 PREFEITURA MUNICIPAL DE BALNEÁRIO GAIVOTA; Imóveis; PAVIMENTAÇÕES; -; PAVIMENTAÇÃO ASFÁLTICA COM CAUQ, DRENAGEM PLUVIAL, SINALIZAÇÃO E OUTROS DA AVENIDA INTERPRAIAS, COM ÁREA DE 2.432,30 M² E 179,10 METROS DE EXTENSÃO, CONFORME PROJETOS, MEMORIAIS DESCRITIVOS, PLANILHAS ORÇAMENTÁRIAS DE QUANTITATIVOS E CUSTOS E CRONOGRAMAS FÍSICOS E FINANCEIROS EM ANEXO.REPASSE CONTRATO DE REPASSSE 799858/2013.CONTRATO TERMO DE COMPROMISSO 93438/2013, 1013613-15/2013; 05/05/2015; MANUTENÇÃO DA SECRETARIA DE OBRAS E SERV; Ativo;R$ 187.593,65; Compra Normal
 PREFEITURA MUNICIPAL DE BALNEÁRIO GAIVOTA; Móveis; IMPRESSORAS;5220; IMPRESSORA MULTIFUNCIONAL EPSON TANQUE DE TINTA ORIGINAL; 05/05/2015; MANUTENÇÃO DA SECRETARIA DE EDUCAÇÃO; Ativo;R$ 86,90; Compra Normal
 PREFEITURA MUNICIPAL DE BALNEÁRIO GAIVOTA; Móveis; MICROCOMPUTADOR;5125; COMPUTADOR PENTIUM 2,9GHZ/MB1155/HD500GB/MEM2GB/GRAVADORA DE DVD/GABINETE/TECLADO/CX SOM/MOUSE/ESTABILIZADOR; 29/04/2015; MANUTENÇÃO DA SECRETARIA DE ADMINISTRAÇÃ; Ativo;R$ 99,00; Compra Normal
 PREFEITURA MUNICIPAL DE BALNEÁRIO GAIVOTA; Móveis; MONITORES;7808; MONITOR 18.5 POLEGADAS; 29/04/2015; MANUTENÇÃO DA SECRETARIA DE ADMINISTRAÇÃ; Ativo;R$ 46,90; Compra Normal
 PREFEITURA MUNICIPAL DE BALNEÁRIO GAIVOTA; Móveis; MONITORES;5127; MONITOR 18.5 POLEGADAS; 29/04/2015; FUNDO MUNICIPAL DE SAUDE; Ativo;R$ 46,90; Compra Normal
 PREFEITURA MUNICIPAL DE BALNEÁRIO GAIVOTA; Móveis; MONITORES;5129; MONITOR 18.5 POLEGADAS; 29/04/2015; FUNDO MUNICIPAL DE SAUDE; Ativo;R$ 46,90; Compra Normal
 PREFEITURA MUNICIPAL DE BALNEÁRIO GAIVOTA; Móveis; MONITORES;5128; MONITOR 18.5 POLEGADAS; 27/04/2015; FUNDO MUNICIPAL DE SAUDE; Ativo;R$ 46,90; Compra Normal
 PREFEITURA MUNICIPAL DE BALNEÁRIO GAIVOTA; Móveis; MICROCOMPUTADOR;5124; COMPUTADOR PENTIUM 2,9GHZ/MB1155/HD500GB/MEM2GB/GRAVADORA DE DVD/GABINETE/TECLADO/CX SOM/MOUSE/ESTABILIZADOR; 27/04/2015; FUNDO MUNICIPAL DE SAUDE; Ativo;R$ 99,00; Compra Normal
 PREFEITURA MUNICIPAL DE BALNEÁRIO GAIVOTA; Móveis; MICROCOMPUTADOR;5122; COMPUTADOR PENTIUM 2,9GHZ/MB1155/HD500GB/MEM2GB/GRAVADORA DE DVD/GABINETE/TECLADO/CX SOM/MOUSE/ESTABILIZADOR; 27/04/2015; FUNDO MUNICIPAL DE SAUDE; Ativo;R$ 99,00; Compra Normal
 PREFEITURA MUNICIPAL DE BALNEÁRIO GAIVOTA; Móveis; MICROCOMPUTADOR;5123; COMPUTADOR PENTIUM 2,9GHZ/MB1155/HD500GB/MEM2GB/GRAVADORA DE DVD/GABINETE/TECLADO/CX SOM/MOUSE/ESTABILIZADOR; 27/04/2015; FUNDO MUNICIPAL DE SAUDE; Ativo;R$ 99,00; Compra Normal
 CAMARA MUNICIPAL DE BALNEARIO GAIVOTA; MOVEIS; Cod.: 557 - Molduras;207; FOTO EM AÇO INOX 50X40 DO PRESIDENTE LEGISLATURA 2013/2014 E DO PRESIDENTE LEGISLATURA 2015/2016 PARA  GALERIA DOS PRESIDENTES DESTA CASA LEGISLATIVA; 22/04/2015; CAMARA MUNICIPAL DE VEREADORES; Em uso;R$ 320,31; Compra
 PREFEITURA MUNICIPAL DE BALNEÁRIO GAIVOTA; Móveis; NOTEBOOK;5168; NOTEBOOK ACER E5-571-33ZU INTEL CORE I3, 4GB DE RAM, 500GB DE HB, LED 15,6,  BLUETOOTH; 16/04/2015; MANUTENÇÃO DA SECRETARIA DE EDUCAÇÃO; Ativo;R$ 175,00; Compra Normal
 PREFEITURA MUNICIPAL DE BALNEÁRIO GAIVOTA; Móveis; NOTEBOOK;5162; NOTEBOOK ACER E5-571-33ZU INTEL CORE I3, 4GB DE RAM, 500GB DE HD, LED 15,6, BLUETOOH; 16/04/2015; MANUTENÇÃO DA SECRETARIA DE EDUCAÇÃO; Ativo;R$ 175,00; Compra Normal
 PREFEITURA MUNICIPAL DE BALNEÁRIO GAIVOTA; Móveis; IMPRESSORAS;5161; IMPRESSORA MULTIFUNCIONAL HP LASERJET PRO M125A; 16/04/2015; MANUTENÇÃO DA SECRETARIA DE EDUCAÇÃO; Ativo;R$ 86,00; Compra Normal
 PREFEITURA MUNICIPAL DE BALNEÁRIO GAIVOTA; Imóveis; CONSTRUÇÕES; -; SERVIÇO DE EXECUÇÃO DE DRENAGEM PLUVIAL NA CONTINUAÇÃO DA RUA PROJETADA A NO BAIRRO RIO NOVO, RUA DOS PINHOS E RUA DOS COQUEIROS,NO BAIRO LAGOA DE FORA CONFORME PROJETOS.; 13/04/2015; MANUTENÇÃO DA SECRETARIA DE OBRAS E SERV; Ativo;R$ 28.821,00; Compra Normal
 PREFEITURA MUNICIPAL DE BALNEÁRIO GAIVOTA; Móveis; MESA;5180; CONJUNTO DE MESA EM L; 13/04/2015; MANUTENÇÃO DA SECRETARIA DE ADMINISTRAÇÃ; Ativo;R$ 49,89; Compra Normal
 PREFEITURA MUNICIPAL DE BALNEÁRIO GAIVOTA; Móveis; Arquivo de Aço;7793; ARQUIVO 4 GAVETAS; 13/04/2015; MANUTENÇÃO DO GABINETE DO PREFEITO; Ativo;R$ 35,99; Compra Normal
 PREFEITURA MUNICIPAL DE BALNEÁRIO GAIVOTA; Imóveis; CONSTRUÇÕES; -; REFORMA E AMPLIAÇÃO COM SUBSTITUIÇÃO DO PISO E DO FORRO DO C.E.I. ESTRELINHA DO MAR, COM ÁREA TOTAL DE 507,40M².; 01/04/2015; MANUTENÇÃO DA SECRETARIA DE EDUCAÇÃO; Ativo;R$ 96.634,51; Compra Normal
 PREFEITURA MUNICIPAL DE BALNEÁRIO GAIVOTA; Móveis; MOBILIÁRIO EM GERAL;5173; ESTANTE DE AÇO; 30/03/2015; FUNDO MUNICIPAL DE SAUDE; Ativo;R$ 41,49; Compra Normal
 PREFEITURA MUNICIPAL DE BALNEÁRIO GAIVOTA; Móveis; MOBILIÁRIO EM GERAL;5174; ESTANTE DE AÇO; 30/03/2015; FUNDO MUNICIPAL DE SAUDE; Ativo;R$ 41,49; Compra Normal
 PREFEITURA MUNICIPAL DE BALNEÁRIO GAIVOTA; Móveis; MOBILIÁRIO EM GERAL;5175; ESTANTE DE AÇO; 30/03/2015; FUNDO MUNICIPAL DE SAUDE; Ativo;R$ 41,49; Compra Normal
 PREFEITURA MUNICIPAL DE BALNEÁRIO GAIVOTA; Móveis; MOBILIÁRIO EM GERAL;5176; ESTANTE DE AÇO; 30/03/2015; FUNDO MUNICIPAL DE SAUDE; Ativo;R$ 41,49; Compra Normal
 PREFEITURA MUNICIPAL DE BALNEÁRIO GAIVOTA; Móveis; IMPRESSORAS;5165; IMPRESSORA MULTIFUNCIONAL HP LASERJET PRO M125A; 23/03/2015; MANUTENÇÃO DA SECRETARIA DE ADMINISTRAÇÃ; Ativo;R$ 86,00; Compra Normal
 PREFEITURA MUNICIPAL DE BALNEÁRIO GAIVOTA; Móveis; NOTEBOOK;5166; NOTEBOOK ACER ASPIRE EI-572-6_BR648 COM INTEL CORE I5-4200U,6GB,500GB,LED 15.6; 23/03/2015; MANUTENÇÃO DA SECRETARIA DE ADMINISTRAÇÃ; Ativo;R$ 175,00; Compra Normal
 PREFEITURA MUNICIPAL DE BALNEÁRIO GAIVOTA; Móveis; Ar Condicionado;7372; AR CONDICIONADO 12000 LG FRIO; 13/03/2015; FUNDO MUNICIPAL DE SAUDE; Ativo;R$ 155,00; Compra Normal
 PREFEITURA MUNICIPAL DE BALNEÁRIO GAIVOTA; Móveis; APARELHOS ELETRO-ELETRÔNICOS;5223; BOMBA TRIFAS BC-22R 1/4-3/6V (CAMPO DE FUTEBOL); 11/03/2015; PROMOÇÃO DO ESPORTE AMADOR; Ativo;R$ 232,96; Compra Normal
 PREFEITURA MUNICIPAL DE BALNEÁRIO GAIVOTA; Móveis; VEICULOS PESADOS;3999; RETROESCAVADEIRA JCB 3C 4X2 CABINE COM AR SERIE 2279333 - 3C; 10/03/2015; MANUTENÇÃO DA SECRETARIA DE OBRAS E SERV; Baixado;R$ 64.900,00; Compra Normal
 PREFEITURA MUNICIPAL DE BALNEÁRIO GAIVOTA; Móveis; REBOQUES;5178; REBOQUE CA500MD C.ABERTA R.SIMPLES ANO 2015/2015 C.PRATA  C.CARGA 0,38T PBT 0,50MT. 2,20X1,20 PLACA QKF7292 RENAVAM 1041701087 CHASSI 9A9CA150SFAFC7050; 04/03/2015; MANUTENÇÃO DA SECRETARIA DE ADMINISTRAÇÃ; Ativo;R$ 350,00; Compra Normal
 PREFEITURA MUNICIPAL DE BALNEÁRIO GAIVOTA; Móveis; Ar Condicionado;5169; AR CONDICIONADO YORK 24000BTUS FRIO; 03/03/2015; MANUTENÇÃO DA SECRETARIA DE EDUCAÇÃO; Ativo;R$ 250,00; Compra Normal
 PREFEITURA MUNICIPAL DE BALNEÁRIO GAIVOTA; Móveis; Quadro;5209; QUADRO LOSA BRANCO MARCENARIA DUMAR; 02/03/2015; MANUTENÇÃO DA SECRETARIA DE EDUCAÇÃO; Ativo;R$ 60,00; Compra Normal
 PREFEITURA MUNICIPAL DE BALNEÁRIO GAIVOTA; Móveis; Quadro;5210; QUADRO LOSA BRANCO MARCENARIA DUMAR; 02/03/2015; MANUTENÇÃO DA SECRETARIA DE EDUCAÇÃO; Ativo;R$ 60,00; Compra Normal
 PREFEITURA MUNICIPAL DE BALNEÁRIO GAIVOTA; Móveis; Quadro;5211; QUADRO LOSA BRANCO MARCENARIA DUMAR; 02/03/2015; MANUTENÇÃO DA SECRETARIA DE EDUCAÇÃO; Ativo;R$ 60,00; Compra Normal
 PREFEITURA MUNICIPAL DE BALNEÁRIO GAIVOTA; Móveis; Quadro;5212; QUADRO LOSA BRANCO MARCENARIA DUMAR; 02/03/2015; MANUTENÇÃO DA SECRETARIA DE EDUCAÇÃO; Ativo;R$ 60,00; Compra Normal
 PREFEITURA MUNICIPAL DE BALNEÁRIO GAIVOTA; Móveis; MOBILIÁRIO EM GERAL;5221; TROCADOR PARA BEBES DE MADEIRA COM BASE ESTOFADA EM COURINO SOB MEDIDA; 02/03/2015; MANUTENÇÃO DA SECRETARIA DE EDUCAÇÃO; Ativo;R$ 110,00; Compra Normal
 PREFEITURA MUNICIPAL DE BALNEÁRIO GAIVOTA; Móveis; MOBILIÁRIO EM GERAL;5179; TROCADOR PARA BEBES DE MADEIRA COM BASE ESTOFADA EM COURINO SOB MEDIDA; 02/03/2015; MANUTENÇÃO DA SECRETARIA DE EDUCAÇÃO; Ativo;R$ 110,00; Compra Normal
 PREFEITURA MUNICIPAL DE BALNEÁRIO GAIVOTA; Móveis; MOBILIÁRIO EM GERAL;5201; TROCADOR PARA BEBES DE MADEIRA COM BASE ESTOFADA EM COURINO SOB MEDIDA; 02/03/2015; MANUTENÇÃO DA SECRETARIA DE EDUCAÇÃO; Ativo;R$ 110,00; Compra Normal
 PREFEITURA MUNICIPAL DE BALNEÁRIO GAIVOTA; Móveis; MOBILIÁRIO EM GERAL;5203; TROCADOR PARA BEBES DE MADEIRA COM BASE ESTOFADA EM COURINO SOB MEDIDA; 02/03/2015; MANUTENÇÃO DA SECRETARIA DE EDUCAÇÃO; Ativo;R$ 110,00; Compra Normal
 PREFEITURA MUNICIPAL DE BALNEÁRIO GAIVOTA; Móveis; MOBILIÁRIO EM GERAL;5204; TROCADOR PARA BEBES DE MADEIRA COM BASE ESTOFADA EM COURINO SOB MEDIDA; 02/03/2015; MANUTENÇÃO DA SECRETARIA DE EDUCAÇÃO; Ativo;R$ 110,00; Compra Normal
 PREFEITURA MUNICIPAL DE BALNEÁRIO GAIVOTA; Móveis; MOBILIÁRIO EM GERAL;5154; ESTANTE GONDOLA FACIL LATERAL VERDE; 26/02/2015; MANUTENÇÃO DA SECRETARIA DE EDUCAÇÃO; Ativo;R$ 45,00; Compra Normal
 PREFEITURA MUNICIPAL DE BALNEÁRIO GAIVOTA; Móveis; MOBILIÁRIO EM GERAL;5155; ESTANTE GONDOLA FACIL LATERAL VERDE; 26/02/2015; MANUTENÇÃO DA SECRETARIA DE EDUCAÇÃO; Ativo;R$ 45,00; Compra Normal
 PREFEITURA MUNICIPAL DE BALNEÁRIO GAIVOTA; Móveis; MOBILIÁRIO EM GERAL;5156; ESTANTE GONDOLA FACIL LATERAL VERDE; 26/02/2015; MANUTENÇÃO DA SECRETARIA DE EDUCAÇÃO; Ativo;R$ 45,00; Compra Normal
 PREFEITURA MUNICIPAL DE BALNEÁRIO GAIVOTA; Móveis; ROÇADEIRA;5157; TRATOR CORTADOR DE GRAMA HUSQVARNA LT1597; 23/02/2015; MANUTENÇÃO DA SECRETARIA DE OBRAS E SERV; Ativo;R$ 790,00; Compra Normal
 CAMARA MUNICIPAL DE BALNEARIO GAIVOTA; MOVEIS; Cod.: 377 - Bebedouro;202; BEBEDOURO MOTOR DE GELADEIRA MARCA ESMALTEC  COR BRANCO/CINZA; 02/02/2015; CAMARA MUNICIPAL DE VEREADORES; Em uso;R$ 266,91; Compra
 CAMARA MUNICIPAL DE BALNEARIO GAIVOTA; MOVEIS; Cod.: 316 - Forno e torradeira industrial;200; FORNO ELETRICO FICHER GOURME COR BRANCO; 02/02/2015; CAMARA MUNICIPAL DE VEREADORES; Em uso;R$ 320,31; Compra
 CAMARA MUNICIPAL DE BALNEARIO GAIVOTA; MOVEIS; Cod.: 377 - Bebedouro;201; BEBEDOURO  MOTOR DE GELADEIRA MARCA ESMALTEC COR BRANCO/CINZA; 02/02/2015; CAMARA MUNICIPAL DE VEREADORES; Em uso;R$ 266,91; Compra
 CAMARA MUNICIPAL DE BALNEARIO GAIVOTA; MOVEIS; Cod.: 113 - Fogão;203; FOGÃO QUATRO BOCA CHAMA LUX DE MESA; 02/02/2015; CAMARA MUNICIPAL DE VEREADORES; Em uso;R$ 216,60; Compra
 CAMARA MUNICIPAL DE BALNEARIO GAIVOTA; MOVEIS; Cod.: 511 - Armário;204; COZINHA COMPLETA COM 03 BALCÃO 0,80 COM TAMPA, AERIO, PANELEIRO, KITE FORNO.,  BALCÃO COM CUBA INOX,  COR BEGE /BRANCO; 02/02/2015; CAMARA MUNICIPAL DE VEREADORES; Em uso;R$ 1.509,47; Compra
 CAMARA MUNICIPAL DE BALNEARIO GAIVOTA; MOVEIS; Cod.: 514 - Balcão (tipo atendimento);205; BALCÃO 0,80 COR BRANCO COR PORTAS PARA USO DOS BEBEDOUROS; 02/02/2015; CAMARA MUNICIPAL DE VEREADORES; Em uso;R$ 124,22; Compra
 CAMARA MUNICIPAL DE BALNEARIO GAIVOTA; MOVEIS; Cod.: 511 - Armário;206; BALCÃO 0,80 COR BRANCO COR PORTAS PARA USO DOS BEBEDOUROS; 02/02/2015; CAMARA MUNICIPAL DE VEREADORES; Em uso;R$ 124,22; Compra
 PREFEITURA MUNICIPAL DE BALNEÁRIO GAIVOTA; Imóveis; PAVIMENTAÇÕES; -; SERVIÇO DE DRENAGEM PLUVIAL NA RUA PROJETADA A NO BAIRRO RIO NOVO, CONFORME PROJETO MEMORIAL DESCRITIVO, PLANILHA ORÇAMENTÁRIA DE QUANTITATIVOS E CUSTOS E CRONOGRAMA FÍSICO.ADITIVO 01-150/2014.; 30/01/2015; MANUTENÇÃO DA SECRETARIA DE OBRAS E SERV; Ativo;R$ 7.527,60; Compra Normal
 PREFEITURA MUNICIPAL DE BALNEÁRIO GAIVOTA; Móveis; ESTABILIZADOR/NOBREAK;5150; ESTABILIZADOR 1000VA ADFTRONIC MOD3000; 26/01/2015; MANUTENÇÃO DA SECRETARIA DE ADMINISTRAÇÃ; Ativo;R$ 47,00; Compra Normal
 PREFEITURA MUNICIPAL DE BALNEÁRIO GAIVOTA; Imóveis; CONSTRUÇÕES; -; CONSTRUÇÃO DE QUADRA COBERTA COM VESTIÁRIO LOCALIZADA NA ESCOLA BERNADINHO DE MELO, TOTALIZANDO 980,40M².PAC II QUADRAS - PROGRAMA DE CONSTRUÇÃO DE QUADRAS POLIESPORTIVAS.ADITIVO N°01-115/2014.; 23/01/2015; MANUTENÇÃO DA SECRETARIA DE EDUCAÇÃO; Ativo;R$ 97.382,65; Compra Normal
 CAMARA MUNICIPAL DE BALNEARIO GAIVOTA; MOVEIS; Cod.: 696 - Micro ondas;199; MICRO ONDAS LETROLUXCOR BRANCO DE USO DA COPA E COZINHA DESTA CASA LEGISLATIVA; 22/01/2015; CAMARA MUNICIPAL DE VEREADORES; Em uso;R$ 215,31; Compra
 PREFEITURA MUNICIPAL DE BALNEÁRIO GAIVOTA; Móveis; IMPRESSORAS;5149; IMPRESSORA MULTIFUNCIONAL L MONO DCP815DN BROTHER; 21/01/2015; BENS PARA LEILÃO; Baixado;R$ 227,00; Compra Normal
 PREFEITURA MUNICIPAL DE BALNEÁRIO GAIVOTA; Imóveis; CONSTRUÇÕES; -; CONSTRUÇÃO DE QUADRA COBERTA COM VESTIÁRIO LOCALIZADA NA ESCOLA BERNADINHO DE MELO, TOTALIZANDO 980,40M².PAC II QUADRAS - PROGRAMA DE CONSTRUÇÃO DE QUADRAS POLIESPORTIVAS.; 15/01/2015; MANUTENÇÃO DA SECRETARIA DE EDUCAÇÃO; Ativo;R$ 88.629,32; Compra Normal
 PREFEITURA MUNICIPAL DE BALNEÁRIO GAIVOTA; Móveis; IMPRESSORAS;5152; IMPRESORRA MULTIFUNCIONAL HP LASERJET PRO M1132; 14/01/2015; MANUTENÇÃO DA SECRETARIA DE ARRECADAÇÃO; Ativo;R$ 86,00; Compra Normal
 PREFEITURA MUNICIPAL DE BALNEÁRIO GAIVOTA; Móveis; Arquivo de Aço;5146; ARQUIVO DE AÇO 61; 09/01/2015; FUNDO MUNICIPAL DE SAUDE; Ativo;R$ 34,90; Compra Normal
 PREFEITURA MUNICIPAL DE BALNEÁRIO GAIVOTA; Móveis; Arquivo de Aço;5147; ARQUIVO DE AÇO 61; 09/01/2015; MANUTENÇÃO DA SECRETARIA DE ADMINISTRAÇÃ; Ativo;R$ 34,90; Compra Normal
 PREFEITURA MUNICIPAL DE BALNEÁRIO GAIVOTA; Móveis; CADEIRA;5182; CADEIRA ORTOBRAS IPANEMA; 07/01/2015; MANUTENÇÃO DO CONSELHO TUTELAR; Ativo;R$ 0,00; Compra Normal
 PREFEITURA MUNICIPAL DE BALNEÁRIO GAIVOTA; Móveis; MICROCOMPUTADOR;5160; GABINETE PROCESSADOR 2.9GHZ/HD500GB/MEM DDR3 2GB/GRAV DVD/TECLADO/MOUSE/ESTAB/CX SOM; 07/01/2015; MANUTENÇÃO DA SECRETARIA DE EDUCAÇÃO; Ativo;R$ 100,90; Compra Normal
 PREFEITURA MUNICIPAL DE BALNEÁRIO GAIVOTA; Móveis; MICROCOMPUTADOR;5159; MONITOR LED 19.5 LG; 07/01/2015; MANUTENÇÃO DA SECRETARIA DE EDUCAÇÃO; Ativo;R$ 43,00; Compra Normal
 PREFEITURA MUNICIPAL DE BALNEÁRIO GAIVOTA; Móveis; MICROCOMPUTADOR;5116; GABINETE PROCESSADOR 2.9GHZ/HD500GB/MEM DDR3 2GB/GRAV DVD/TECLADO/MOUSE/ESTAB/CX SOM; 07/01/2015; BENS PARA LEILÃO; Baixado;R$ 100,90; Compra Normal
 PREFEITURA MUNICIPAL DE BALNEÁRIO GAIVOTA; Móveis; MONITORES;5115; MONITOR LED 19.5 LG; 07/01/2015; DIRETORIA DE AGRICULTURA; Ativo;R$ 43,00; Compra Normal
 PREFEITURA MUNICIPAL DE BALNEÁRIO GAIVOTA; Imóveis; CONSTRUÇÕES; -; SERVIÇO DE ENGENHARIA PARA AMPLIAÇÃO DA ESCOLA DE ENSINO FUNDAMENTAL PROF. DARCY RIBEIRO COM A CONSTRUÇÃO DE BLOCO DE 594,02M²  PARA SALAS DE AULA, NA AV. CRISPIM JOÃO PEREIRA (4ª AVENIDA), MUNICÍPIO DE BALNEÁRIO GAIVOTA, CONFORME PROJETOS.; 06/01/2015; MANUTENÇÃO DA SECRETARIA DE EDUCAÇÃO; Ativo;R$ 164.380,98; Compra Normal
 PREFEITURA MUNICIPAL DE BALNEÁRIO GAIVOTA; Móveis; VEICULOS PESADOS; -; CACAMBA BASCAM, SEM CHASSI, SEM HIDRAULICO; 05/01/2015; BENS INSERVÍVEIS; Baixado;R$ 150,00; Compra Normal
 PREFEITURA MUNICIPAL DE BALNEÁRIO GAIVOTA; Imóveis; PAVIMENTAÇÕES; -; SERVIÇO DE CONSTRUÇÃO DE PASSARELA,QUADRA 01, NA AVENIDA BEIRA MAR, CONFORME PROJETO.; 05/01/2015; MANUTENÇÃO DA SECRETARIA DE OBRAS E SERV; Ativo;R$ 66.111,64; Compra Normal
 PREFEITURA MUNICIPAL DE BALNEÁRIO GAIVOTA; Imóveis; CONSTRUÇÕES; -; CONSTRUÇÃO DE  DEZ GUARITAS DE GUARDA VIDAS E DOIS POSTOS DE ATENDIMENTO DO CORPO DE BOMBEIROS, NA AVENIDA BEIRA MAR,CONFORME PROJETO.; 05/01/2015; PROMOÇÃO E MANUTENÇÃO DAS ATIVIDADES TUR; Ativo;R$ 46.143,72; Compra Normal
 PREFEITURA MUNICIPAL DE BALNEÁRIO GAIVOTA; Imóveis; PAVIMENTAÇÕES; -; SERVICOS DE PAVIMENTAÇÃO ASFÁLTICA COM CAUQ E DRENAGEM PLUVIAL DA AVENIDA INTERPRAIAS, COM ÁREA DE 2.350,00 M² E 174,00 METROS DE EXTENSÃO, CONTRATO DE REPASSE 770091/2012 COM CEF.; 05/01/2015; MANUTENÇÃO DA SECRETARIA DE OBRAS E SERV; Ativo;R$ 191.870,91; Compra Normal
 PREFEITURA MUNICIPAL DE BALNEÁRIO GAIVOTA; Imóveis; CONSTRUÇÕES; -; SERVIÇO DE CONSTRUÇÃO DE UM CAMPO DE FUTEBOL EM COMPLEXO ESPORTIVO MUNICIPAL NA AVENIDA SANTA CATARINA E A CONSTRUÇÃO DE UM PLAYGROUND NA 3ª AVENIDA.REPASSE CONVENIO COM O ESTADO; 05/01/2015; PROMOÇÃO E MANUTENÇÃO DAS ATIVIDADES TUR; Ativo;R$ 168.000,00; Compra Normal
 PREFEITURA MUNICIPAL DE BALNEÁRIO GAIVOTA; Imóveis; PAVIMENTAÇÕES; -; PAVIMENTAÇÃO COM LAJOTA EM CONCRETO, DRENAGEM PLUVIAL, PASSEIO PÚBLICO E SINALIZAÇÃO DE RUAS NO BAIRRO LAGOA DE FORA COM ÁREA TOTAL DE 8.608,40 METROS QUADRADOS.BADESC CIDADES II.; 05/01/2015; MANUTENÇÃO DA SECRETARIA DE OBRAS E SERV; Ativo;R$ 336.158,70; Compra Normal
 PREFEITURA MUNICIPAL DE BALNEÁRIO GAIVOTA; Imóveis; PAVIMENTAÇÕES; -; PAVIMENTAÇÃO ASFÁLTICA COM CAUQ, DRENAGEM PLUVIAL, SINALIZAÇÃO E OUTROS DA AVENIDA INTERPRAIAS, COM ÁREA DE 2.317,00 M² E 174,00 METROS DE EXTENSÃO, CONFORME PROJETOS, MEMORIAIS DESCRITIVOS, PLANILHAS ORÇAMENTÁRIAS DE QUANTITATIVOS E CUSTOS E CRONOGRAMAS FÍSICOS E FINANCEIROS EM ANEXO.REPASSE CONTRATO DE REPASSE CEF 792675/2013.; 05/01/2015; MANUTENÇÃO DA SECRETARIA DE OBRAS E SERV; Ativo;R$ 122.925,00; Compra Normal
 PREFEITURA MUNICIPAL DE BALNEÁRIO GAIVOTA; Imóveis; CONSTRUÇÕES; -; SERVIÇO DE DRENAGEM PLUVIAL NA RUA PROJETADA A NO BAIRRO RIO NOVO, CONFORME PROJETO MEMORIAL DESCRITIVO, PLANILHA ORÇAMENTÁRIA DE QUANTITATIVOS E CUSTOS E CRONOGRAMA FÍSICO.; 05/01/2015; MANUTENÇÃO DA SECRETARIA DE OBRAS E SERV; Ativo;R$ 30.780,46; Compra Normal
 PREFEITURA MUNICIPAL DE BALNEÁRIO GAIVOTA; Imóveis; PAVIMENTAÇÕES; -; PRESTAÇÃO DE SERVICOS DE PAVIMENTAÇÃO ASFÁLTICA COM CAUQ, DRENAGEM PLUVIAL, SINALIZAÇÃO E OUTROS DA AVENIDA BEIRA-MAR, COM ÁREA DE 4.855,32 M² E 387,86 METROS DE EXTENSÃO, E A RODOVIA MUNICIPAL JORGE FLORIANO BORGES, SENDO O TRECHO PERTENCENTE AO BAIRRO RUA NOVA, COM ÁREA DE 4.560,00 M² E 570,00 METROS DE EXTENSÃO, CONFORME PROJETOS, MEMORIAIS DESCRITIVOS, PLANILHAS ORÇAMENTÁRIAS DE QUANTITATIVOS, CUSTOS E CRONOGRAMAS FÍSICOS E FINANCEIROS EM ANEXO.ADITIVO 02-105/2014; 05/01/2015; MANUTENÇÃO DA SECRETARIA DE OBRAS E SERV; Ativo;R$ 265.115,12; Compra Normal
 PREFEITURA MUNICIPAL DE BALNEÁRIO GAIVOTA; Imóveis; CONSTRUÇÕES; -; CONSTRUÇÃO DE QUADRA COBERTA COM VESTIÁRIO LOCALIZADA NA ESCOLA BERNADINHO DE MELO, TOTALIZANDO 980,40M².PAC II QUADRAS - PROGRAMA DE CONSTRUÇÃO DE QUADRAS POLIESPORTIVAS.; 05/01/2015; MANUTENÇÃO DA SECRETARIA DE EDUCAÇÃO; Ativo;R$ 199.684,74; Compra Normal
 PREFEITURA MUNICIPAL DE BALNEÁRIO GAIVOTA; Imóveis; CONSTRUÇÕES; -; PRESTAÇÃO DE SERVIÇO DE CONSTRUÇÃO DE UMA UNIDADE DE SAÚDE, COM  SALAS DE ATENDIMENTO, SANITÁRIOS, SALAS DE ESPERA, CIRCULAÇÕES E OUTROS, TOTALIZANDO 432,71M², NO MUNICÍPIO DE BALNEÁRIO GAIVOTA-SC, CONFORME PROJETOS, MEMORIAIS DESCRITIVOS, PLANILHAS ORÇAMENTÁRIAS DE QUANTITATIVOS.; 05/01/2015; FUNDO MUNICIPAL DE SAUDE; Ativo;R$ 350.824,94; Compra Normal
 PREFEITURA MUNICIPAL DE BALNEÁRIO GAIVOTA; Móveis; IMPRESSORAS;5151; IMPRESORRA HP MULTIFUNCIONAL LASER MONO M1132; 05/01/2015; FUNDO MUNICIPAL DE SAUDE; Ativo;R$ 79,90; Compra Normal
 PREFEITURA MUNICIPAL DE BALNEÁRIO GAIVOTA; Móveis; ELETRODOMÉSTICOS;5199; AR CONDICIONADO 12000 BTUS QF ELGIN; 16/12/2014; FUNDO MUNICIPAL DE SAUDE; Ativo;R$ 145,00; Compra Normal
 PREFEITURA MUNICIPAL DE BALNEÁRIO GAIVOTA; Móveis; ELETRODOMÉSTICOS;5069; AR CONDICIONADO  12000 BTUS QF ELGIN; 08/12/2014; FUNDO MUNICIPAL DE SAUDE; Ativo;R$ 134,50; Compra Normal
 PREFEITURA MUNICIPAL DE BALNEÁRIO GAIVOTA; Móveis; ELETRODOMÉSTICOS;5065; AR CONDICIONADO 12000 BTUS QF ELGIN; 08/12/2014; FUNDO MUNICIPAL DE SAUDE; Ativo;R$ 134,50; Compra Normal
 CAMARA MUNICIPAL DE BALNEARIO GAIVOTA; MOVEIS; Cod.: 518 - Cadeira;197; CADEIRA PRESIDENTE SLIM A GAS PRETA; 02/12/2014; CAMARA MUNICIPAL DE VEREADORES; Baixado;R$ 62,00; Compra
 CAMARA MUNICIPAL DE BALNEARIO GAIVOTA; MOVEIS; Cod.: 518 - Cadeira;198; CADEIRA PRO PRESIDENTE PRETA/AZUL; 02/12/2014; CAMARA MUNICIPAL DE VEREADORES; Em uso;R$ 54,50; Compra
 PREFEITURA MUNICIPAL DE BALNEÁRIO GAIVOTA; Móveis; MICROCOMPUTADOR;5033; GABINETE CPU PROC. I5/MEM 4GB/VGA1GB/DVD-RW/HD 500GB/CXSOM/MOUSE; 26/11/2014; FUNDO MUNICIPAL DE SAUDE; Ativo;R$ 133,80; Compra Normal
 PREFEITURA MUNICIPAL DE BALNEÁRIO GAIVOTA; Móveis; MICROCOMPUTADOR;5046; GABINETE CPU PROC. I5/MEM 4GB/VGA1GB/DVD-RW/HD 500GB/CXSOM/MOUSE; 26/11/2014; FUNDO MUNICIPAL DE SAUDE; Ativo;R$ 133,80; Compra Normal
 PREFEITURA MUNICIPAL DE BALNEÁRIO GAIVOTA; Móveis; MONITORES;5034; MONITOR LED 19,5 LG; 26/11/2014; FUNDO MUNICIPAL DE SAUDE; Ativo;R$ 43,00; Compra Normal
 PREFEITURA MUNICIPAL DE BALNEÁRIO GAIVOTA; Móveis; MONITORES;5078; MONITOR LED 19,5 LG; 26/11/2014; FUNDO MUNICIPAL DE SAUDE; Ativo;R$ 43,00; Compra Normal
 PREFEITURA MUNICIPAL DE BALNEÁRIO GAIVOTA; Móveis; ELETRODOMÉSTICOS;5104; forno fischer gourmet 44l branco 220v; 20/11/2014; MANUTENÇÃO DO CONSELHO TUTELAR; Ativo;R$ 49,00; Compra Normal
 PREFEITURA MUNICIPAL DE BALNEÁRIO GAIVOTA; Móveis; ELETRODOMÉSTICOS;5195; TV LCD 29  29D07HD HBUSTER HD PRETO 29; 20/11/2014; BENS PARA LEILÃO; Baixado;R$ 69,00; Compra Normal
 PREFEITURA MUNICIPAL DE BALNEÁRIO GAIVOTA; Móveis; ELETRODOMÉSTICOS;7800; TV LCD 29  29D07HD HBUSTER HD PRETO 29; 20/11/2014; MANUTENÇÃO DO CONSELHO TUTELAR; Ativo;R$ 69,00; Compra Normal
 PREFEITURA MUNICIPAL DE BALNEÁRIO GAIVOTA; Móveis; MOBILIÁRIO EM GERAL;5107; gaveteiro volante 3 gavetas ,1 gaveta para pasta suspensa; 13/11/2014; MANUTENÇÃO DO CONSELHO TUTELAR; Ativo;R$ 37,90; Compra Normal
 PREFEITURA MUNICIPAL DE BALNEÁRIO GAIVOTA; Móveis; MOBILIÁRIO EM GERAL;5108; gaveteiro volante 3 gavetas ,1 gaveta para pasta suspensa; 13/11/2014; MANUTENÇÃO DO CONSELHO TUTELAR; Ativo;R$ 37,90; Compra Normal
 PREFEITURA MUNICIPAL DE BALNEÁRIO GAIVOTA; Móveis; MOBILIÁRIO EM GERAL;5112; gaveteiro volante 3 gavetas ,1 gaveta para pasta suspensa; 13/11/2014; APOIO A CRIANÇA E AO ADOLECESTE EM SITUA; Ativo;R$ 37,90; Compra Normal
 PREFEITURA MUNICIPAL DE BALNEÁRIO GAIVOTA; Móveis; EQUIPAMENTOS DOMÉSTICOS;5188; LAVADORA ROUPA SUPER POP 220V 60HZ MUELLER; 11/11/2014; MANUTENÇÃO DO CONSELHO TUTELAR; Ativo;R$ 30,79; Compra Normal
 PREFEITURA MUNICIPAL DE BALNEÁRIO GAIVOTA; Móveis; EQUIPAMENTOS DOMÉSTICOS; -; LAVADORA ROUPA AUTOMATICA CLASS 220V MUELLHER; 11/11/2014; BENS PARA LEILÃO; Baixado;R$ 82,60; Compra Normal
 PREFEITURA MUNICIPAL DE BALNEÁRIO GAIVOTA; Móveis; EQUIPAMENTOS DOMÉSTICOS;8143; REFRIGERADOR FE22 220V BRANCO ELETROLUX; 11/11/2014; MANUTENÇÃO DA SECRETARIA DE EDUCAÇÃO; Ativo;R$ 185,00; Compra Normal
 PREFEITURA MUNICIPAL DE BALNEÁRIO GAIVOTA; Móveis; GELADEIRA;5286; REFRIGERADOR CONTINENTAL 458LTS RCCT48 BRANCO 220V; 06/11/2014; MANUTENÇÃO DA SECRETARIA DE EDUCAÇÃO; Ativo;R$ 176,80; Compra Normal
 PREFEITURA MUNICIPAL DE BALNEÁRIO GAIVOTA; Móveis; TELEVISOR;4378; TV LED 23 HB LT23D310 SAMSUNG PETA; 06/11/2014; BENS PARA LEILÃO; Baixado;R$ 63,00; Compra Normal
 PREFEITURA MUNICIPAL DE BALNEÁRIO GAIVOTA; Móveis; IMPLEMENTOS AGRÍCOLAS;5803; DISTRIBUIDOR DE ADUBO ORGANICO LIQUIDO DLC 6.0 EIXO:RT 16-PNEU:7.50X 16 14 LONAS-COR:VERMELHO-C/ BOMBA MEC 3000, C/ FREIO HIDRAULICO EM DUAS RODAS, C/ FILTRO ECOLOGICO. NRO DE SERIE IP514140709, COM MANUAL DE INSTRUÇÃO; 31/10/2014; MANUTENÇÃO DA SECRETARIA DE OBRAS E SERV; Ativo;R$ 1.413,19; Comodato
 PREFEITURA MUNICIPAL DE BALNEÁRIO GAIVOTA; Móveis; APARELHOS ELETRO-ELETRÔNICOS;7796; TABLET SAMSUNG GALAXY TAB 3 LITE; 16/10/2014; MANUTENÇÃO DO CONSELHO TUTELAR; Ativo;R$ 41,30; Compra Normal
 PREFEITURA MUNICIPAL DE BALNEÁRIO GAIVOTA; Móveis; Arquivo de Aço;5191; ARQUIVO DE ACO 4 GAVETAS CINZA W3; 08/10/2014; APOIO A CRIANÇA E AO ADOLECESTE EM SITUA; Ativo;R$ 47,10; Compra Normal
 PREFEITURA MUNICIPAL DE BALNEÁRIO GAIVOTA; Móveis; MICROCOMPUTADOR;5284; GABINETE CPU 2,9GHZ/HD 500GB/MEM.2GB/GRAVADORA DVD/TECLADO/MOUSE/CX SOM/ESTABILIZADOR; 22/09/2014; MANUTENÇÃO DA SECRETARIA DE EDUCAÇÃO; Ativo;R$ 100,00; Compra Normal
 PREFEITURA MUNICIPAL DE BALNEÁRIO GAIVOTA; Móveis; MONITORES;5285; MONITOR 18,5 POLEGADAS; 22/09/2014; MANUTENÇÃO DA SECRETARIA DE EDUCAÇÃO; Ativo;R$ 43,90; Compra Normal
 PREFEITURA MUNICIPAL DE BALNEÁRIO GAIVOTA; Móveis; MONITORES;5082; MONITOR LED LG 20 POLEGADAS 20EN33; 18/09/2014; FUNDO MUNICIPAL DE SAUDE; Ativo;R$ 34,90; Compra Normal
 PREFEITURA MUNICIPAL DE BALNEÁRIO GAIVOTA; Móveis; MONITORES;5083; MONITOR LED LG 20 POLEGADAS 20EN33; 18/09/2014; FUNDO MUNICIPAL DE SAUDE; Ativo;R$ 34,90; Compra Normal
 PREFEITURA MUNICIPAL DE BALNEÁRIO GAIVOTA; Móveis; MONITORES;5081; MONITOR LED LG 20 POLEGADAS 20EN33; 18/09/2014; FUNDO MUNICIPAL DE SAUDE; Ativo;R$ 34,90; Compra Normal
 PREFEITURA MUNICIPAL DE BALNEÁRIO GAIVOTA; Móveis; MONITORES;5090; MONITOR LED LG 20 POLEGADAS 20EN33; 18/09/2014; FUNDO MUNICIPAL DE SAUDE; Baixado;R$ 34,90; Compra Normal
 PREFEITURA MUNICIPAL DE BALNEÁRIO GAIVOTA; Móveis; MONITORES;5089; MONITOR LED LG 20 POLEGADAS 20EN33; 18/09/2014; FUNDO MUNICIPAL DE SAUDE; Ativo;R$ 1.063,23; Compra Normal
 PREFEITURA MUNICIPAL DE BALNEÁRIO GAIVOTA; Móveis; MONITORES;8177; MONITOR LED LG 20 POLEGADAS 20EN33; 18/09/2014; FUNDO MUNICIPAL DE SAUDE; Ativo;R$ 1.063,23; Compra Normal
 PREFEITURA MUNICIPAL DE BALNEÁRIO GAIVOTA; Móveis; EQUIPAMENTOS DOMÉSTICOS;5072; TANQUE P/ LAVAR ROUPAS DUPLO GABINETE DE FIBRA 60 LITROS BRANCO; 18/09/2014; FUNDO MUNICIPAL DE SAUDE; Ativo;R$ 68,90; Compra Normal
 PREFEITURA MUNICIPAL DE BALNEÁRIO GAIVOTA; Móveis; MICROCOMPUTADOR;5096; GABINETE CPU 2.9GHZ/MEM.2GB/HD 500GB/TECLADO/MOUSE/CX SOM/ESTABILIZADOR; 18/09/2014; FUNDO MUNICIPAL DE SAUDE; Ativo;R$ 95,00; Compra Normal
 PREFEITURA MUNICIPAL DE BALNEÁRIO GAIVOTA; Móveis; MICROCOMPUTADOR;5095; GABINETE CPU 2.9GHZ/MEM.2GB/HD 500GB/TECLADO/MOUSE/CX SOM/ESTABILIZADOR; 18/09/2014; FUNDO MUNICIPAL DE SAUDE; Ativo;R$ 95,00; Compra Normal
 PREFEITURA MUNICIPAL DE BALNEÁRIO GAIVOTA; Móveis; MICROCOMPUTADOR;5092; GABINETE CPU 2.9GHZ/MEM.2GB/HD 500GB/TECLADO/MOUSE/CX SOM/ESTABILIZADOR; 18/09/2014; FUNDO MUNICIPAL DE SAUDE; Baixado;R$ 451,25; Compra Normal
 PREFEITURA MUNICIPAL DE BALNEÁRIO GAIVOTA; Móveis; MICROCOMPUTADOR;5094; GABINETE CPU 2.9GHZ/MEM.2GB/HD 500GB/TECLADO/MOUSE/CX SOM/ESTABILIZADOR; 18/09/2014; FUNDO MUNICIPAL DE SAUDE; Ativo;R$ 95,00; Compra Normal
 PREFEITURA MUNICIPAL DE BALNEÁRIO GAIVOTA; Móveis; MICROCOMPUTADOR;5099; GABINETE CPU 2.9GHZ/MEM.2GB/HD 500GB/TECLADO/MOUSE/CX SOM/ESTABILIZADOR; 18/09/2014; FUNDO MUNICIPAL DE SAUDE; Ativo;R$ 95,00; Compra Normal
 PREFEITURA MUNICIPAL DE BALNEÁRIO GAIVOTA; Móveis; MICROCOMPUTADOR;5091; GABINETE CPU 2.9GHZ/MEM.2GB/HD 500GB/TECLADO/MOUSE/CX SOM/ESTABILIZADOR; 18/09/2014; FUNDO MUNICIPAL DE SAUDE; Ativo;R$ 95,00; Compra Normal
 PREFEITURA MUNICIPAL DE BALNEÁRIO GAIVOTA; Móveis; MICROCOMPUTADOR;5093; GABINETE CPU 2.9GHZ/MEM.2GB/HD 500GB/TECLADO/MOUSE/CX SOM/ESTABILIZADOR; 18/09/2014; FUNDO MUNICIPAL DE SAUDE; Ativo;R$ 95,00; Compra Normal
 PREFEITURA MUNICIPAL DE BALNEÁRIO GAIVOTA; Móveis; MICROCOMPUTADOR;5100; GABINETE CPU 2.9GHZ/MEM.2GB/HD 500GB/TECLADO/MOUSE/CX SOM/ESTABILIZADOR; 18/09/2014; FUNDO MUNICIPAL DE SAUDE; Ativo;R$ 95,00; Compra Normal
 PREFEITURA MUNICIPAL DE BALNEÁRIO GAIVOTA; Móveis; MICROCOMPUTADOR;5098; GABINETE CPU 2.9GHZ/MEM.2GB/HD 500GB/TECLADO/MOUSE/CX SOM/ESTABILIZADOR; 18/09/2014; FUNDO MUNICIPAL DE SAUDE; Ativo;R$ 95,00; Compra Normal
 PREFEITURA MUNICIPAL DE BALNEÁRIO GAIVOTA; Móveis; MICROCOMPUTADOR;4603; GABINETE CPU 2.9GHZ/MEM.2GB/HD 500GB/TECLADO/MOUSE/CX SOM/ESTABILIZADOR; 18/09/2014; FUNDO MUNICIPAL DE SAUDE; Ativo;R$ 95,00; Compra Normal
 PREFEITURA MUNICIPAL DE BALNEÁRIO GAIVOTA; Móveis; MONITORES;5087; MONITOR LED LG 20 POLEGADAS 20EN33; 18/09/2014; FUNDO MUNICIPAL DE SAUDE; Ativo;R$ 34,90; Compra Normal
 PREFEITURA MUNICIPAL DE BALNEÁRIO GAIVOTA; Móveis; MONITORES;5085; MONITOR LED LG 20 POLEGADAS 20EN33; 18/09/2014; FUNDO MUNICIPAL DE SAUDE; Ativo;R$ 34,90; Compra Normal
 PREFEITURA MUNICIPAL DE BALNEÁRIO GAIVOTA; Móveis; MONITORES;5086; MONITOR LED LG 20 POLEGADAS 20EN33; 18/09/2014; FUNDO MUNICIPAL DE SAUDE; Ativo;R$ 34,90; Compra Normal
 PREFEITURA MUNICIPAL DE BALNEÁRIO GAIVOTA; Móveis; MONITORES;5084; MONITOR LED LG 20 POLEGADAS 20EN33; 18/09/2014; FUNDO MUNICIPAL DE SAUDE; Baixado;R$ 34,90; Compra Normal
 PREFEITURA MUNICIPAL DE BALNEÁRIO GAIVOTA; Móveis; Bebedouro.;6313; BEBEDOURO COLUNA/TORRES REFRIGERADO 2 TORNEIRAS PINT 4.0 RRTP VENANCIO; 16/09/2014; FUNDO MUNICIPAL DE SAUDE; Ativo;R$ 62,90; Compra Normal
 PREFEITURA MUNICIPAL DE BALNEÁRIO GAIVOTA; Móveis; Bebedouro.;5070; BEBEDOURO COLUNA/TORRES REFRIGERADO 2 TORNEIRAS PINT 4.0 RRTP VENANCIO; 16/09/2014; FUNDO MUNICIPAL DE SAUDE; Baixado;R$ 62,90; Compra Normal
 PREFEITURA MUNICIPAL DE BALNEÁRIO GAIVOTA; Móveis; Bebedouro.;5057; BEBEDOURO COLUNA/TORRES REFRIGERADO 2 TORNEIRAS PINT 4.0 RRTP VENANCIO; 16/09/2014; FUNDO MUNICIPAL DE SAUDE; Baixado;R$ 62,90; Compra Normal
 PREFEITURA MUNICIPAL DE BALNEÁRIO GAIVOTA; Móveis; VEICULOS LEVES;5802; SHINERAY VANS CHASSI:LSYAFAAN9EG248121 ANO: 2013 MODELO: 2014 GASOLINA CC:997cc POTENCIA: 60CV PASSAGEIROS:7 ESP/TIP:MISTO/CAMINHONETE COR BRANCA; 11/09/2014; MANUTENÇÃO DA SECRETARIA DE EDUCAÇÃO; Baixado;R$ 7.504,00; Compra Normal
 PREFEITURA MUNICIPAL DE BALNEÁRIO GAIVOTA; Móveis; MICROCOMPUTADOR;5031; GABINETE SLIM PROC. INTEL CORE I5-3470GHZ/MEM. 4GB/HD 500GB/GRAVAD. DVD/MOUSE/TECLADO/ESTABILIZADOR 300VA/CX SOM/WEBCAM 16MP/FONE DE OUVIDO/PATCH CORD/SISTEMA OPERACIONAL WINDOWS 7 PROFICIONAL 64BITS; 10/09/2014; FUNDO MUNICIPAL DE SAUDE; Ativo;R$ 191,93; Comodato
 PREFEITURA MUNICIPAL DE BALNEÁRIO GAIVOTA; Móveis; MONITORES;5032; MONITOR 20P LED LG E2011P; 10/09/2014; FUNDO MUNICIPAL DE SAUDE; Ativo;R$ 41,65; Comodato
 PREFEITURA MUNICIPAL DE BALNEÁRIO GAIVOTA; Móveis; MOBILIÁRIO EM GERAL;5829; BERCO RODIAL IR33 BRANCO C/ RODIZIO NO PADRAO INMETRO ARCO IRIS; 01/09/2014; BENS INSERVÍVEIS; Baixado;R$ 153,25; Compra Normal
 PREFEITURA MUNICIPAL DE BALNEÁRIO GAIVOTA; Móveis; MOBILIÁRIO EM GERAL;5828; BERCO RODIAL IR33 BRANCO C/ RODIZIO NO PADRAO INMETRO ARCO IRIS; 01/09/2014; BENS INSERVÍVEIS; Baixado;R$ 153,25; Compra Normal
 PREFEITURA MUNICIPAL DE BALNEÁRIO GAIVOTA; Móveis; MOBILIÁRIO EM GERAL;5827; BERCO RODIAL IR33 BRANCO C/ RODIZIO NO PADRAO INMETRO ARCO IRIS; 01/09/2014; BENS PARA LEILÃO; Baixado;R$ 32,30; Compra Normal
 PREFEITURA MUNICIPAL DE BALNEÁRIO GAIVOTA; Móveis; MOBILIÁRIO EM GERAL;5826; BERCO RODIAL IR33 BRANCO C/ RODIZIO NO PADRAO INMETRO ARCO IRIS; 01/09/2014; BENS PARA LEILÃO; Baixado;R$ 32,30; Compra Normal
 PREFEITURA MUNICIPAL DE BALNEÁRIO GAIVOTA; Móveis; Gaveteiro.;8096; GAVETEIRO VOLANTE 3 GAVETAS 1 GAVETA P/ PASTA SUSPENSA; 01/09/2014; MANUTENÇÃO DA SECRETARIA DE EDUCAÇÃO; Ativo;R$ 37,90; Compra Normal
 PREFEITURA MUNICIPAL DE BALNEÁRIO GAIVOTA; Móveis; Balcão;7789; BALCAO DE PIA 1,20 3 GAVETAS PLUS MOVEIS PARANA; 01/09/2014; MANUTENÇÃO DO CONSELHO TUTELAR; Ativo;R$ 35,00; Compra Normal
 PREFEITURA MUNICIPAL DE BALNEÁRIO GAIVOTA; Móveis; Ar Condicionado;5193; CONDICIONADOR DE AR SPLIT GREE 9000BTUS Q/F COND/EVAP; 15/08/2014; MANUTENÇÃO DO CONSELHO TUTELAR; Ativo;R$ 137,90; Compra Normal
 PREFEITURA MUNICIPAL DE BALNEÁRIO GAIVOTA; Móveis; MICROCOMPUTADOR;5119; GABINETE PROC. 2,9GHZ/HD500GB/MEN2GB/GRAV DE DVD/TECLADO/MOUSE/CX SOM/ESTABILIZADOR; 13/08/2014; MANUTENÇÃO DA SECRETARIA DE ADMINISTRAÇÃ; Ativo;R$ 100,00; Compra Normal
 PREFEITURA MUNICIPAL DE BALNEÁRIO GAIVOTA; Móveis; MONITORES;5120; MONITOR 18,5 POLEGADAS; 13/08/2014; MANUTENÇÃO DA SECRETARIA DE ADMINISTRAÇÃ; Ativo;R$ 43,90; Compra Normal
 PREFEITURA MUNICIPAL DE BALNEÁRIO GAIVOTA; Móveis; MICROCOMPUTADOR;5131; GABINETE PROC. 2,9GHZ/HD500GB/MEM 4GB/GRAV. DVD; 13/08/2014; MANUTENÇÃO DA SECRETARIA DE ADMINISTRAÇÃ; Ativo;R$ 95,00; Compra Normal
 PREFEITURA MUNICIPAL DE BALNEÁRIO GAIVOTA; Móveis; MOBILIÁRIO EM GERAL;8152; ARMARIO ALTO DUAS PORTA MDF SC509; 12/08/2014; MANUTENÇÃO DA SECRETARIA DE EDUCAÇÃO; Ativo;R$ 73,10; Compra Normal
 PREFEITURA MUNICIPAL DE BALNEÁRIO GAIVOTA; Móveis; MOBILIÁRIO EM GERAL;8023; ARMARIO ALTO DUAS PORTA MDF SC509; 12/08/2014; MANUTENÇÃO DA SECRETARIA DE EDUCAÇÃO; Ativo;R$ 73,10; Compra Normal
 PREFEITURA MUNICIPAL DE BALNEÁRIO GAIVOTA; Móveis; MOBILIÁRIO EM GERAL;7223; ARMARIO ALTO DUAS PORTA MDF SC509; 12/08/2014; MANUTENÇÃO DA SECRETARIA DE EDUCAÇÃO; Ativo;R$ 73,10; Compra Normal
 PREFEITURA MUNICIPAL DE BALNEÁRIO GAIVOTA; Móveis; MOBILIÁRIO EM GERAL;7222; ARMARIO ALTO DUAS PORTA MDF SC509; 12/08/2014; MANUTENÇÃO DA SECRETARIA DE EDUCAÇÃO; Ativo;R$ 73,10; Compra Normal
 PREFEITURA MUNICIPAL DE BALNEÁRIO GAIVOTA; Móveis; MOBILIÁRIO EM GERAL;5820; MESA OFFICE EM L MED 1200X1200MM SC400; 12/08/2014; MANUTENÇÃO DA SECRETARIA DE EDUCAÇÃO; Ativo;R$ 72,10; Compra Normal
 PREFEITURA MUNICIPAL DE BALNEÁRIO GAIVOTA; Móveis; MOBILIÁRIO EM GERAL;5821; MESA OFFICE EM L MED 1200X1200MM SC400; 12/08/2014; MANUTENÇÃO DA SECRETARIA DE EDUCAÇÃO; Ativo;R$ 72,10; Compra Normal
 PREFEITURA MUNICIPAL DE BALNEÁRIO GAIVOTA; Móveis; MOBILIÁRIO EM GERAL;7215; ARMARIO MISTO  DUAS PORTA MDF SC508; 12/08/2014; MANUTENÇÃO DA SECRETARIA DE EDUCAÇÃO; Ativo;R$ 78,20; Compra Normal
 PREFEITURA MUNICIPAL DE BALNEÁRIO GAIVOTA; Móveis; MOBILIÁRIO EM GERAL;8028; ARMARIO 8 PORTAS COLORIDO MDF SC192; 12/08/2014; MANUTENÇÃO DA SECRETARIA DE EDUCAÇÃO; Ativo;R$ 125,50; Compra Normal
 PREFEITURA MUNICIPAL DE BALNEÁRIO GAIVOTA; Móveis; MOBILIÁRIO EM GERAL;8027; ARMARIO 8 PORTAS COLORIDO MDF SC192; 12/08/2014; MANUTENÇÃO DA SECRETARIA DE EDUCAÇÃO; Ativo;R$ 125,50; Compra Normal
 PREFEITURA MUNICIPAL DE BALNEÁRIO GAIVOTA; Móveis; MOBILIÁRIO EM GERAL;8025; ARMARIO 8 PORTAS COLORIDO MDF SC192; 12/08/2014; MANUTENÇÃO DA SECRETARIA DE EDUCAÇÃO; Ativo;R$ 125,50; Compra Normal
 PREFEITURA MUNICIPAL DE BALNEÁRIO GAIVOTA; Móveis; MOBILIÁRIO EM GERAL;7220; ARMARIO ALTO DUAS PORTA MDF SC509; 12/08/2014; MANUTENÇÃO DA SECRETARIA DE EDUCAÇÃO; Ativo;R$ 73,10; Compra Normal
 PREFEITURA MUNICIPAL DE BALNEÁRIO GAIVOTA; Móveis; MOBILIÁRIO EM GERAL;7218; ARMARIO ALTO DUAS PORTA MDF SC509; 12/08/2014; MANUTENÇÃO DA SECRETARIA DE EDUCAÇÃO; Ativo;R$ 73,10; Compra Normal
 PREFEITURA MUNICIPAL DE BALNEÁRIO GAIVOTA; Móveis; MOBILIÁRIO EM GERAL;5842; ARMARIO ALTO DUAS PORTA MDF SC509; 12/08/2014; MANUTENÇÃO DA SECRETARIA DE EDUCAÇÃO; Ativo;R$ 73,10; Compra Normal
 PREFEITURA MUNICIPAL DE BALNEÁRIO GAIVOTA; Móveis; MOBILIÁRIO EM GERAL;5137; ARMARIO MISTO DUAS PORTA MDP SC508; 12/08/2014; MANUTENÇÃO DA SECRETARIA DE EDUCAÇÃO; Ativo;R$ 78,20; Compra Normal
 PREFEITURA MUNICIPAL DE BALNEÁRIO GAIVOTA; Móveis; MOBILIÁRIO EM GERAL;5521; MESA REUNIAO OVAL DE 2,60X1,00 SC512; 12/08/2014; MANUTENÇÃO DA SECRETARIA DE EDUCAÇÃO; Ativo;R$ 87,90; Compra Normal
 PREFEITURA MUNICIPAL DE BALNEÁRIO GAIVOTA; Móveis; MOBILIÁRIO EM GERAL;5281; MESA PRE-ESCOLARES OITAVADAS COM CADEIRAS; 12/08/2014; MANUTENÇÃO DA SECRETARIA DE EDUCAÇÃO; Ativo;R$ 138,00; Compra Normal
 PREFEITURA MUNICIPAL DE BALNEÁRIO GAIVOTA; Móveis; MOBILIÁRIO EM GERAL;5282; MESA PRE-ESCOLARES OITAVADAS COM CADEIRAS; 12/08/2014; MANUTENÇÃO DA SECRETARIA DE EDUCAÇÃO; Ativo;R$ 138,00; Compra Normal
 PREFEITURA MUNICIPAL DE BALNEÁRIO GAIVOTA; Móveis; MOBILIÁRIO EM GERAL; -; MESA PRE-ESCOLARES OITAVADAS COM CADEIRAS; 12/08/2014; BENS PARA LEILÃO; Baixado;R$ 138,00; Compra Normal
 PREFEITURA MUNICIPAL DE BALNEÁRIO GAIVOTA; Móveis; MOBILIÁRIO EM GERAL; -; MESA PRE-ESCOLARES OITAVADAS COM CADEIRAS; 12/08/2014; BENS PARA LEILÃO; Baixado;R$ 138,00; Compra Normal
 PREFEITURA MUNICIPAL DE BALNEÁRIO GAIVOTA; Móveis; EQUIPAMENTOS MÉDICOS;5058; AUTOCLAVE DE 42 LITROS STERMAX; 08/08/2014; FUNDO MUNICIPAL DE SAUDE; Ativo;R$ 299,40; Compra Normal
 PREFEITURA MUNICIPAL DE BALNEÁRIO GAIVOTA; Móveis; EQUIPAMENTOS MÉDICOS;5060; COLPOSCOPIO BINOCULAR COM RODIZIOS; 31/07/2014; FUNDO MUNICIPAL DE SAUDE; Ativo;R$ 274,10; Compra Normal
 PREFEITURA MUNICIPAL DE BALNEÁRIO GAIVOTA; Móveis; EQUIPAMENTOS MÉDICOS;5059; CRIOCAUTERIO DEMATOLOGICO DE NITROGENIO LIQUIDO; 31/07/2014; FUNDO MUNICIPAL DE SAUDE; Ativo;R$ 252,00; Compra Normal
 PREFEITURA MUNICIPAL DE BALNEÁRIO GAIVOTA; Móveis; EQUIPAMENTOS DOMÉSTICOS;4558; FORNO ELÉTRICO 44L; 28/07/2014; MANUTENÇÃO DA SECRETARIA DE EDUCAÇÃO; Ativo;R$ 38,90; Compra Normal
 PREFEITURA MUNICIPAL DE BALNEÁRIO GAIVOTA; Móveis; Gaveteiro.;5133; GAVETEIRO VOLANTE 3 GAVETAS 1 GAVETA PARA PASTA SUSPENSA; 24/07/2014; MANUTENÇÃO DA SECRETARIA DE EDUCAÇÃO; Ativo;R$ 37,90; Compra Normal
 PREFEITURA MUNICIPAL DE BALNEÁRIO GAIVOTA; Móveis; FOGÃO A GÁS;5280; FOGAO GAS 4 BOCAS 2BD C/FORNO VENANCIO; 24/07/2014; MANUTENÇÃO DA SECRETARIA DE EDUCAÇÃO; Ativo;R$ 129,00; Compra Normal
 PREFEITURA MUNICIPAL DE BALNEÁRIO GAIVOTA; Móveis; TELEVISOR;5278; TELEVISÃO LED  23 POLEGADAS; 14/07/2014; MANUTENÇÃO DA SECRETARIA DE EDUCAÇÃO; Ativo;R$ 63,80; Compra Normal
 PREFEITURA MUNICIPAL DE BALNEÁRIO GAIVOTA; Móveis; TELEVISOR;5279; TELEVISÃO LED  23 POLEGADAS; 14/07/2014; MANUTENÇÃO DA SECRETARIA DE EDUCAÇÃO; Ativo;R$ 63,80; Compra Normal
 PREFEITURA MUNICIPAL DE BALNEÁRIO GAIVOTA; Móveis; PERIFÉRICOS - COMPUTAÇÃO;6668; HD EXTERNO 1TB HP 5400RPM USB 3.0 PRATA; 14/07/2014; MANUTENÇÃO DA SECRETARIA DE ADMINISTRAÇÃ; Ativo;R$ 39,90; Compra Normal
 PREFEITURA MUNICIPAL DE BALNEÁRIO GAIVOTA; Móveis; FOGÃO A GÁS;5507; FOGÃO TROPICAL 6 BOCAS COM  FORNO VENANCIO; 11/07/2014; MANUTENÇÃO DA SECRETARIA DE EDUCAÇÃO; Ativo;R$ 140,00; Compra Normal
 PREFEITURA MUNICIPAL DE BALNEÁRIO GAIVOTA; Móveis; MOBILIÁRIO EM GERAL;7216; AQUIVO 4 GAVETAS TAMPO BP MDF CINZA; 11/07/2014; MANUTENÇÃO DA SECRETARIA DE EDUCAÇÃO; Ativo;R$ 67,90; Compra Normal
 PREFEITURA MUNICIPAL DE BALNEÁRIO GAIVOTA; Móveis; MOBILIÁRIO EM GERAL;5817; AQUIVO 4 GAVETAS TAMPO BP MDF CINZA; 11/07/2014; MANUTENÇÃO DA SECRETARIA DE EDUCAÇÃO; Ativo;R$ 67,90; Compra Normal
 PREFEITURA MUNICIPAL DE BALNEÁRIO GAIVOTA; Móveis; MOBILIÁRIO EM GERAL;5818; AQUIVO 4 GAVETAS TAMPO BP MDF CINZA; 11/07/2014; MANUTENÇÃO DA SECRETARIA DE EDUCAÇÃO; Ativo;R$ 67,90; Compra Normal
 PREFEITURA MUNICIPAL DE BALNEÁRIO GAIVOTA; Móveis; CADEIRA;5140; CADEIRA GIRATORIA COM BRACO COM REGULAGEM DE ALTURA REVESTIDA EM COURINO PRETO; 11/07/2014; MANUTENÇÃO DA SECRETARIA DE EDUCAÇÃO; Ativo;R$ 35,40; Compra Normal
 PREFEITURA MUNICIPAL DE BALNEÁRIO GAIVOTA; Móveis; CADEIRA;5138; CADEIRA GIRATORIA COM BRACO COM REGULAGEM DE ALTURA REVESTIDA EM COURINO PRETO; 11/07/2014; MANUTENÇÃO DA SECRETARIA DE EDUCAÇÃO; Ativo;R$ 35,40; Compra Normal
 PREFEITURA MUNICIPAL DE BALNEÁRIO GAIVOTA; Móveis; CADEIRA;5139; CADEIRA GIRATORIA COM BRACO COM REGULAGEM DE ALTURA REVESTIDA EM COURINO PRETO; 11/07/2014; MANUTENÇÃO DA SECRETARIA DE EDUCAÇÃO; Ativo;R$ 35,40; Compra Normal
 PREFEITURA MUNICIPAL DE BALNEÁRIO GAIVOTA; Móveis; Gaveteiro.;5132; GAVETEIRO VOLANTE 3 GAVETAS 1 GAVETA PARA PASTA SUSPENSA; 11/07/2014; MANUTENÇÃO DA SECRETARIA DE EDUCAÇÃO; Ativo;R$ 37,90; Compra Normal
 PREFEITURA MUNICIPAL DE BALNEÁRIO GAIVOTA; Móveis; EQUIPAMENTOS MÉDICOS;5239; ESTADIOMETRO PORTATIL COM BOLSA - COD.EST-22; 09/07/2014; FUNDO MUNICIPAL DE SAUDE; Ativo;R$ 38,80; Compra Normal
 PREFEITURA MUNICIPAL DE BALNEÁRIO GAIVOTA; Móveis; EQUIPAMENTOS MÉDICOS;5544; FOTO POLIMERIZADOR; 07/07/2014; FUNDO MUNICIPAL DE SAUDE; Baixado;R$ 143,70; Compra Normal
 PREFEITURA MUNICIPAL DE BALNEÁRIO GAIVOTA; Móveis; EQUIPAMENTOS MÉDICOS;5063; ULTRA SOM JET D700; 07/07/2014; FUNDO MUNICIPAL DE SAUDE; Ativo;R$ 264,60; Compra Normal
 PREFEITURA MUNICIPAL DE BALNEÁRIO GAIVOTA; Móveis; EQUIPAMENTOS MÉDICOS;5200; ULTRA SOM JET D700; 07/07/2014; FUNDO MUNICIPAL DE SAUDE; Ativo;R$ 264,60; Compra Normal
 PREFEITURA MUNICIPAL DE BALNEÁRIO GAIVOTA; Móveis; EQUIPAMENTOS MÉDICOS;5101; ULTRA SOM JET D700; 07/07/2014; FUNDO MUNICIPAL DE SAUDE; Ativo;R$ 264,60; Compra Normal
 PREFEITURA MUNICIPAL DE BALNEÁRIO GAIVOTA; Móveis; MOBILIÁRIO EM GERAL;4204; ARQUIVO 4 GAVETAS TAMPO BP MDF COR CINZA; 07/07/2014; MANUTENÇÃO DA SECRETARIA DE EDUCAÇÃO; Ativo;R$ 67,90; Compra Normal
 PREFEITURA MUNICIPAL DE BALNEÁRIO GAIVOTA; Móveis; Balanças;5042; EQ-BALANCA ANTROPOMETRICA ADULTO W110C WELMY; 04/07/2014; FUNDO MUNICIPAL DE SAUDE; Ativo;R$ 55,84; Compra Normal
 PREFEITURA MUNICIPAL DE BALNEÁRIO GAIVOTA; Móveis; Balanças;5047; EQ-BALANCA ANTROPOMETRICA ADULTO W110C WELMY; 04/07/2014; FUNDO MUNICIPAL DE SAUDE; Baixado;R$ 365,68; Compra Normal
 PREFEITURA MUNICIPAL DE BALNEÁRIO GAIVOTA; Móveis; IMPRESSORAS;5190; IMPRESSORA HP LASERJET M1132; 01/07/2014; MANUTENÇÃO DA SECRETARIA DE ADMINISTRAÇÃ; Ativo;R$ 75,00; Compra Normal
 PREFEITURA MUNICIPAL DE BALNEÁRIO GAIVOTA; Móveis; EQUIPAMENTOS DOMÉSTICOS;5073; LAVADOURA ROUPAS CAPACIDADE 10KG CONSUL BRANCA 220VOLTS; 27/06/2014; FUNDO MUNICIPAL DE SAUDE; Baixado;R$ 125,80; Compra Normal
 PREFEITURA MUNICIPAL DE BALNEÁRIO GAIVOTA; Móveis; EQUIPAMENTOS DOMÉSTICOS;6429; LAVADOURA ROUPAS CAPACIDADE 10KG CONSUL BRANCA 220VOLTS; 27/06/2014; FUNDO MUNICIPAL DE SAUDE; Ativo;R$ 125,80; Compra Normal
 PREFEITURA MUNICIPAL DE BALNEÁRIO GAIVOTA; Móveis; EQUIPAMENTOS DOMÉSTICOS;5198; LAVADOURA ROUPAS CAPACIDADE 10KG BRANCA 220VOLTS; 27/06/2014; FUNDO MUNICIPAL DE SAUDE; Ativo;R$ 125,80; Compra Normal
 PREFEITURA MUNICIPAL DE BALNEÁRIO GAIVOTA; Móveis; TELEVISOR;5189; TV 32 LED TV DIGITAL UN32F4200AGX2D SAMSUNG PRETO; 27/06/2014; MANUTENÇÃO DO CONSELHO TUTELAR; Ativo;R$ 109,00; Compra Normal
 PREFEITURA MUNICIPAL DE BALNEÁRIO GAIVOTA; Móveis; IMPLEMENTOS AGRÍCOLAS;5219; ROÇADEIRA LAVRALE HIDRAULICA ARTICULADA MODELO RHA NH TT75/4030 LARGURA CORTE 1,50M N.SERIE 8901-01541 ANO 2014; 25/06/2014; MANUTENÇÃO DA SECRETARIA DE OBRAS E SERV; Ativo;R$ 4.990,81; Compra Normal
 PREFEITURA MUNICIPAL DE BALNEÁRIO GAIVOTA; Móveis; MAQUINA DE COSTURA;4974; Maquina de corte Disco Octavado RC100; 24/06/2014; MANUTENÇÃO DO CONSELHO TUTELAR; Ativo;R$ 51,00; Compra Normal
 PREFEITURA MUNICIPAL DE BALNEÁRIO GAIVOTA; Móveis; MAQUINA DE COSTURA;7805; Maquina de Costura Reta Eletronica SUN SPECIAL; 24/06/2014; MANUTENÇÃO DO CONSELHO TUTELAR; Ativo;R$ 187,00; Compra Normal
 PREFEITURA MUNICIPAL DE BALNEÁRIO GAIVOTA; Móveis; MAQUINA DE COSTURA;4972; Maquina de Costura Reta Eletronica SUN SPECIAL; 24/06/2014; MANUTENÇÃO DO CONSELHO TUTELAR; Ativo;R$ 187,00; Compra Normal
 PREFEITURA MUNICIPAL DE BALNEÁRIO GAIVOTA; Móveis; MAQUINA DE COSTURA;7807; Maquina de Costura Reta Eletronica SUN SPECIAL; 24/06/2014; MANUTENÇÃO DO CONSELHO TUTELAR; Ativo;R$ 187,00; Compra Normal
 PREFEITURA MUNICIPAL DE BALNEÁRIO GAIVOTA; Móveis; MAQUINA DE COSTURA;4975; Maquina de Costura Reta Eletronica SUN SPECIAL; 24/06/2014; MANUTENÇÃO DO CONSELHO TUTELAR; Ativo;R$ 187,00; Compra Normal
 PREFEITURA MUNICIPAL DE BALNEÁRIO GAIVOTA; Móveis; MAQUINA DE COSTURA;4976; Maquina Galoneira SUN SPECIAL; 24/06/2014; MANUTENÇÃO DO CONSELHO TUTELAR; Ativo;R$ 310,00; Compra Normal
 PREFEITURA MUNICIPAL DE BALNEÁRIO GAIVOTA; Móveis; MAQUINA DE COSTURA;4977; Maquina Galoneira SUN SPECIAL; 24/06/2014; MANUTENÇÃO DO CONSELHO TUTELAR; Ativo;R$ 310,00; Compra Normal
 PREFEITURA MUNICIPAL DE BALNEÁRIO GAIVOTA; Móveis; MAQUINA DE COSTURA;4978; Maquina Interlock 5 Fios Bitola Média Maqi; 24/06/2014; MANUTENÇÃO DO CONSELHO TUTELAR; Ativo;R$ 187,00; Compra Normal
 PREFEITURA MUNICIPAL DE BALNEÁRIO GAIVOTA; Móveis; MAQUINA DE COSTURA;4979; Maquina Overlock 3 Fios Maqi SUN SPECIAL; 24/06/2014; MANUTENÇÃO DO CONSELHO TUTELAR; Ativo;R$ 187,00; Compra Normal
 PREFEITURA MUNICIPAL DE BALNEÁRIO GAIVOTA; Móveis; MAQUINA DE COSTURA;4980; Maquina Overlock 3 Fios Maqi SUN SPECIAL; 24/06/2014; MANUTENÇÃO DO CONSELHO TUTELAR; Ativo;R$ 187,00; Compra Normal
 PREFEITURA MUNICIPAL DE BALNEÁRIO GAIVOTA; Móveis; MAQUINA DE COSTURA;4981; Maquina Overlock 3 Fios Maqi SUN SPECIAL; 24/06/2014; MANUTENÇÃO DO CONSELHO TUTELAR; Ativo;R$ 187,00; Compra Normal
 PREFEITURA MUNICIPAL DE BALNEÁRIO GAIVOTA; Móveis; MAQUINA DE COSTURA;4982; Maquina Overlock 3 Fios Maqi SUN SPECIAL; 24/06/2014; MANUTENÇÃO DO CONSELHO TUTELAR; Ativo;R$ 187,00; Compra Normal
 PREFEITURA MUNICIPAL DE BALNEÁRIO GAIVOTA; Móveis; MAQUINA DE COSTURA; -; MAQUINA OVERLOCK 3FIOS MAQ1/SUM SPECIAL; 24/06/2014; MANUTENÇÃO DO CONSELHO TUTELAR; Baixado;R$ 383,35; Compra Normal
 PREFEITURA MUNICIPAL DE BALNEÁRIO GAIVOTA; Móveis; MAQUINA DE COSTURA; -; MAQUINA OVERLOCK 3FIOS MAQ1/SUM SPECIAL; 24/06/2014; MANUTENÇÃO DO CONSELHO TUTELAR; Baixado;R$ 383,35; Compra Normal
 PREFEITURA MUNICIPAL DE BALNEÁRIO GAIVOTA; Móveis; MAQUINA DE COSTURA; -; MAQUINA OVERLOCK 3FIOS MAQ1/SUM SPECIAL; 24/06/2014; MANUTENÇÃO DO CONSELHO TUTELAR; Baixado;R$ 383,35; Compra Normal
 PREFEITURA MUNICIPAL DE BALNEÁRIO GAIVOTA; Móveis; IMPRESSORA;5027; IMPRESSORA PANASONIC MULTIFUNCIONAL LASER MONO KX-MB2030BRW 24PPM C/MONOFONE/REDE/FAX; 24/06/2014; FUNDO MUNICIPAL DE SAUDE; Baixado;R$ 448,56; Compra Normal
 PREFEITURA MUNICIPAL DE BALNEÁRIO GAIVOTA; Móveis; IMPRESSORA;5036; IMPRESSORA PANASONIC MULTIFUNCIONAL LASER MONO KX-MB2030BRW 24PPM C/MONOFONE/REDE/FAX; 24/06/2014; FUNDO MUNICIPAL DE SAUDE; Baixado;R$ 448,56; Compra Normal
 PREFEITURA MUNICIPAL DE BALNEÁRIO GAIVOTA; Móveis; IMPRESSORA;5037; IMPRESSORA PANASONIC MULTIFUNCIONAL LASER MONO KX-MB2030BRW 24PPM C/MONOFONE/REDE/FAX; 24/06/2014; FUNDO MUNICIPAL DE SAUDE; Baixado;R$ 448,56; Compra Normal
 PREFEITURA MUNICIPAL DE BALNEÁRIO GAIVOTA; Móveis; IMPRESSORA;5038; IMPRESSORA PANASONIC MULTIFUNCIONAL LASER MONO KX-MB2030BRW 24PPM C/MONOFONE/REDE/FAX; 24/06/2014; FUNDO MUNICIPAL DE SAUDE; Baixado;R$ 448,56; Compra Normal
 PREFEITURA MUNICIPAL DE BALNEÁRIO GAIVOTA; Móveis; IMPRESSORA;5039; IMPRESSORA PANASONIC MULTIFUNCIONAL LASER MONO KX-MB2030BRW 24PPM C/MONOFONE/REDE/FAX; 24/06/2014; FUNDO MUNICIPAL DE SAUDE; Baixado;R$ 448,56; Compra Normal
 PREFEITURA MUNICIPAL DE BALNEÁRIO GAIVOTA; Móveis; IMPRESSORA;5040; IMPRESSORA PANASONIC MULTIFUNCIONAL LASER MONO KX-MB2030BRW 24PPM C/MONOFONE/REDE/FAX; 24/06/2014; FUNDO MUNICIPAL DE SAUDE; Baixado;R$ 448,56; Compra Normal
 PREFEITURA MUNICIPAL DE BALNEÁRIO GAIVOTA; Móveis; IMPRESSORA;5044; IMPRESSORA PANASONIC MULTIFUNCIONAL LASER MONO KX-MB2030BRW 24PPM C/MONOFONE/REDE/FAX; 24/06/2014; FUNDO MUNICIPAL DE SAUDE; Baixado;R$ 448,56; Compra Normal
 PREFEITURA MUNICIPAL DE BALNEÁRIO GAIVOTA; Móveis; IMPRESSORA;5043; IMPRESSORA PANASONIC MULTIFUNCIONAL LASER MONO KX-MB2030BRW 24PPM C/MONOFONE/REDE/FAX; 24/06/2014; FUNDO MUNICIPAL DE SAUDE; Baixado;R$ 448,56; Compra Normal
 PREFEITURA MUNICIPAL DE BALNEÁRIO GAIVOTA; Móveis; IMPRESSORA;5080; IMPRESSORA PANASONIC MULTIFUNCIONAL LASER MONO KX-MB2030BRW 24PPM C/MONOFONE/REDE/FAX; 24/06/2014; FUNDO MUNICIPAL DE SAUDE; Baixado;R$ 448,56; Compra Normal
 PREFEITURA MUNICIPAL DE BALNEÁRIO GAIVOTA; Móveis; IMPRESSORA;5079; IMPRESSORA PANASONIC MULTIFUNCIONAL LASER MONO KX-MB2030BRW 24PPM C/MONOFONE/REDE/FAX; 24/06/2014; FUNDO MUNICIPAL DE SAUDE; Baixado;R$ 448,56; Compra Normal
 PREFEITURA MUNICIPAL DE BALNEÁRIO GAIVOTA; Móveis; MAQUINA DE COSTURA; -; MAQUINA DE CORTE DISCO OCTAVADO RC100; 24/06/2014; MANUTENÇÃO DO CONSELHO TUTELAR; Baixado;R$ 104,55; Compra Normal
 PREFEITURA MUNICIPAL DE BALNEÁRIO GAIVOTA; Móveis; MAQUINA DE COSTURA; -; MAQUINA DE COSTURA RETA ELETRONICA SUN SPECIAL; 24/06/2014; MANUTENÇÃO DO CONSELHO TUTELAR; Baixado;R$ 383,35; Compra Normal
 PREFEITURA MUNICIPAL DE BALNEÁRIO GAIVOTA; Móveis; MAQUINA DE COSTURA; -; MAQUINA DE COSTURA RETA ELETRONICA SUN SPECIAL; 24/06/2014; MANUTENÇÃO DO CONSELHO TUTELAR; Baixado;R$ 383,35; Compra Normal
 PREFEITURA MUNICIPAL DE BALNEÁRIO GAIVOTA; Móveis; MAQUINA DE COSTURA; -; MAQUINA DE COSTURA RETA ELETRONICA SUN SPECIAL; 24/06/2014; MANUTENÇÃO DO CONSELHO TUTELAR; Baixado;R$ 383,35; Compra Normal
 PREFEITURA MUNICIPAL DE BALNEÁRIO GAIVOTA; Móveis; MAQUINA DE COSTURA; -; MAQUINA DE COSTURA RETA ELETRONICA SUN SPECIAL; 24/06/2014; MANUTENÇÃO DO CONSELHO TUTELAR; Baixado;R$ 383,35; Compra Normal
 PREFEITURA MUNICIPAL DE BALNEÁRIO GAIVOTA; Móveis; MAQUINA DE COSTURA; -; MAQUINA GALONEIRA SUM SPECIAL; 24/06/2014; MANUTENÇÃO DO CONSELHO TUTELAR; Baixado;R$ 635,50; Compra Normal
 PREFEITURA MUNICIPAL DE BALNEÁRIO GAIVOTA; Móveis; MAQUINA DE COSTURA; -; MAQUINA GALONEIRA SUM SPECIAL; 24/06/2014; MANUTENÇÃO DO CONSELHO TUTELAR; Baixado;R$ 635,50; Compra Normal
 PREFEITURA MUNICIPAL DE BALNEÁRIO GAIVOTA; Móveis; MAQUINA DE COSTURA; -; MAQUINA INTERLOCK 5FIOS BITOLA MEDIA MAQ1; 24/06/2014; MANUTENÇÃO DO CONSELHO TUTELAR; Baixado;R$ 383,35; Compra Normal
 PREFEITURA MUNICIPAL DE BALNEÁRIO GAIVOTA; Móveis; MAQUINA DE COSTURA; -; MAQUINA OVERLOCK 3FIOS MAQ1/SUM SPECIAL; 24/06/2014; MANUTENÇÃO DO CONSELHO TUTELAR; Baixado;R$ 383,35; Compra Normal
 PREFEITURA MUNICIPAL DE BALNEÁRIO GAIVOTA; Móveis; MOTOCICLETA;4492; MOTOCICLETA HONDA CG 125 CILINDRADAS FAN KS, CHASSI: 9C2JC4110ER808536, COR PRETA, ANO 2014 FRAB 2014 PLACA QHD0365 RENAVAM 1014320612; 23/06/2014; MANUTENÇÃO DA SECRETARIA DE ARRECADAÇÃO; Ativo;R$ 599,99; Compra Normal
 PREFEITURA MUNICIPAL DE BALNEÁRIO GAIVOTA; Móveis; MICROCOMPUTADOR;6679; GABINETE CPU 2.9GHZ / PLACA MAE 1155 / HB500GB / MEM 2GB / GRAV DE DVD / GABINETE / TECLADO/MOUSE/ESTABILIZADOR/CX SOM; 16/06/2014; MANUTENÇÃO DA SECRETARIA DE ADMINISTRAÇÃ; Ativo;R$ 100,90; Compra Normal
 PREFEITURA MUNICIPAL DE BALNEÁRIO GAIVOTA; Móveis; MICROCOMPUTADOR;5028; MONITOR LED 19,5 LG 20EN33SS; 16/06/2014; MANUTENÇÃO DA SECRETARIA DE EDUCAÇÃO; Ativo;R$ 43,00; Compra Normal
 PREFEITURA MUNICIPAL DE BALNEÁRIO GAIVOTA; Móveis; MOBILIÁRIO EM GERAL;5825; BERÇO RODIAL IR33 BRANCO C/RODIZIO NO PADRAO INMETRO ARCO IRIS; 16/06/2014; BENS PARA LEILÃO; Baixado;R$ 211,45; Compra Normal
 PREFEITURA MUNICIPAL DE BALNEÁRIO GAIVOTA; Móveis; MOBILIÁRIO EM GERAL;5862; BERÇO RODIAL IR33 BRANCO C/RODIZIO NO PADRAO INMETRO ARCO IRIS; 16/06/2014; BENS PARA LEILÃO; Baixado;R$ 32,30; Compra Normal
 PREFEITURA MUNICIPAL DE BALNEÁRIO GAIVOTA; Móveis; MOBILIÁRIO EM GERAL;5861; BERÇO RODIAL IR33 BRANCO C/RODIZIO NO PADRAO INMETRO ARCO IRIS; 16/06/2014; BENS PARA LEILÃO; Baixado;R$ 32,30; Compra Normal
 PREFEITURA MUNICIPAL DE BALNEÁRIO GAIVOTA; Móveis; MOBILIÁRIO EM GERAL;5830; BERÇO RODIAL IR33 BRANCO C/RODIZIO NO PADRAO INMETRO ARCO IRIS; 16/06/2014; BENS PARA LEILÃO; Baixado;R$ 32,30; Compra Normal
 PREFEITURA MUNICIPAL DE BALNEÁRIO GAIVOTA; Móveis; MOBILIÁRIO EM GERAL;5832; BERÇO RODIAL IR33 BRANCO C/RODIZIO NO PADRAO INMETRO ARCO IRIS; 16/06/2014; BENS PARA LEILÃO; Baixado;R$ 32,30; Compra Normal
 PREFEITURA MUNICIPAL DE BALNEÁRIO GAIVOTA; Móveis; MOBILIÁRIO EM GERAL;5831; BERÇO RODIAL IR33 BRANCO C/RODIZIO NO PADRAO INMETRO ARCO IRIS; 16/06/2014; BENS PARA LEILÃO; Baixado;R$ 32,30; Compra Normal
 PREFEITURA MUNICIPAL DE BALNEÁRIO GAIVOTA; Móveis; MOBILIÁRIO EM GERAL;5853; BERÇO RODIAL IR33 BRANCO C/RODIZIO NO PADRAO INMETRO ARCO IRIS; 16/06/2014; BENS INSERVÍVEIS; Baixado;R$ 153,25; Compra Normal
 PREFEITURA MUNICIPAL DE BALNEÁRIO GAIVOTA; Móveis; MOBILIÁRIO EM GERAL;5855; BERÇO RODIAL IR33 BRANCO C/RODIZIO NO PADRAO INMETRO ARCO IRIS; 16/06/2014; BENS INSERVÍVEIS; Baixado;R$ 153,25; Compra Normal
 PREFEITURA MUNICIPAL DE BALNEÁRIO GAIVOTA; Móveis; MOBILIÁRIO EM GERAL;5860; BERÇO RODIAL IR33 BRANCO C/RODIZIO NO PADRAO INMETRO ARCO IRIS; 16/06/2014; MANUTENÇÃO DA SECRETARIA DE EDUCAÇÃO; Ativo;R$ 32,30; Compra Normal
 PREFEITURA MUNICIPAL DE BALNEÁRIO GAIVOTA; Móveis; MOBILIÁRIO EM GERAL;5854; BERÇO RODIAL IR33 BRANCO C/RODIZIO NO PADRAO INMETRO ARCO IRIS; 16/06/2014; BENS INSERVÍVEIS; Ativo;R$ 32,30; Compra Normal
 PREFEITURA MUNICIPAL DE BALNEÁRIO GAIVOTA; Móveis; MOBILIÁRIO EM GERAL;5858; BERÇO RODIAL IR33 BRANCO C/RODIZIO NO PADRAO INMETRO ARCO IRIS; 16/06/2014; BENS PARA LEILÃO; Baixado;R$ 32,30; Compra Normal
 PREFEITURA MUNICIPAL DE BALNEÁRIO GAIVOTA; Móveis; MOBILIÁRIO EM GERAL;5856; BERÇO RODIAL IR33 BRANCO C/RODIZIO NO PADRAO INMETRO ARCO IRIS; 16/06/2014; BENS PARA LEILÃO; Baixado;R$ 32,30; Compra Normal
 PREFEITURA MUNICIPAL DE BALNEÁRIO GAIVOTA; Móveis; MOBILIÁRIO EM GERAL;5857; BERÇO RODIAL IR33 BRANCO C/RODIZIO NO PADRAO INMETRO ARCO IRIS; 16/06/2014; BENS PARA LEILÃO; Baixado;R$ 32,30; Compra Normal
 PREFEITURA MUNICIPAL DE BALNEÁRIO GAIVOTA; Móveis; MOBILIÁRIO EM GERAL;5859; BERÇO RODIAL IR33 BRANCO C/RODIZIO NO PADRAO INMETRO ARCO IRIS; 16/06/2014; MANUTENÇÃO DA SECRETARIA DE EDUCAÇÃO; Ativo;R$ 32,30; Compra Normal
 PREFEITURA MUNICIPAL DE BALNEÁRIO GAIVOTA; Móveis; MOBILIÁRIO EM GERAL;5852; BERÇO RODIAL IR33 BRANCO C/RODIZIO NO PADRAO INMETRO ARCO IRIS; 16/06/2014; BENS PARA LEILÃO; Baixado;R$ 32,30; Compra Normal
 PREFEITURA MUNICIPAL DE BALNEÁRIO GAIVOTA; Móveis; MOBILIÁRIO EM GERAL;5851; BERÇO RODIAL IR33 BRANCO C/RODIZIO NO PADRAO INMETRO ARCO IRIS; 16/06/2014; BENS PARA LEILÃO; Baixado;R$ 32,30; Compra Normal
 PREFEITURA MUNICIPAL DE BALNEÁRIO GAIVOTA; Móveis; MOBILIÁRIO EM GERAL;5850; BERÇO RODIAL IR33 BRANCO C/RODIZIO NO PADRAO INMETRO ARCO IRIS; 16/06/2014; MANUTENÇÃO DA SECRETARIA DE EDUCAÇÃO; Ativo;R$ 32,30; Compra Normal
 PREFEITURA MUNICIPAL DE BALNEÁRIO GAIVOTA; Móveis; MOBILIÁRIO EM GERAL;5849; BERÇO RODIAL IR33 BRANCO C/RODIZIO NO PADRAO INMETRO ARCO IRIS; 16/06/2014; BENS PARA LEILÃO; Baixado;R$ 32,30; Compra Normal
 PREFEITURA MUNICIPAL DE BALNEÁRIO GAIVOTA; Móveis; MOBILIÁRIO EM GERAL;5848; BERÇO RODIAL IR33 BRANCO C/RODIZIO NO PADRAO INMETRO ARCO IRIS; 16/06/2014; BENS PARA LEILÃO; Baixado;R$ 32,30; Compra Normal
 PREFEITURA MUNICIPAL DE BALNEÁRIO GAIVOTA; Móveis; MOBILIÁRIO EM GERAL;5847; BERÇO RODIAL IR33 BRANCO C/RODIZIO NO PADRAO INMETRO ARCO IRIS; 16/06/2014; BENS INSERVÍVEIS; Ativo;R$ 32,30; Compra Normal
 PREFEITURA MUNICIPAL DE BALNEÁRIO GAIVOTA; Móveis; MOBILIÁRIO EM GERAL;7834; BERÇO RODIAL IR33 BRANCO C/RODIZIO NO PADRAO INMETRO ARCO IRIS; 16/06/2014; MANUTENÇÃO DA SECRETARIA DE EDUCAÇÃO; Ativo;R$ 32,30; Compra Normal
 PREFEITURA MUNICIPAL DE BALNEÁRIO GAIVOTA; Móveis; MOBILIÁRIO EM GERAL;5136; ARQUIVO 4 GAVETAS MDF COR CINZA; 16/06/2014; MANUTENÇÃO DA SECRETARIA DE EDUCAÇÃO; Ativo;R$ 67,90; Compra Normal
 PREFEITURA MUNICIPAL DE BALNEÁRIO GAIVOTA; Móveis; MOBILIÁRIO EM GERAL;5135; ARQUIVO 4 GAVETAS MDF COR CINZA; 16/06/2014; MANUTENÇÃO DA SECRETARIA DE EDUCAÇÃO; Ativo;R$ 67,90; Compra Normal
 PREFEITURA MUNICIPAL DE BALNEÁRIO GAIVOTA; Móveis; MOBILIÁRIO EM GERAL;5134; ARQUIVO 4 GAVETAS MDF COR CINZA; 16/06/2014; MANUTENÇÃO DA SECRETARIA DE EDUCAÇÃO; Ativo;R$ 67,90; Compra Normal
 PREFEITURA MUNICIPAL DE BALNEÁRIO GAIVOTA; Móveis; EQUIPAMENTOS MÉDICOS;5547; PECA RETA D700; 13/06/2014; FUNDO MUNICIPAL DE SAUDE; Baixado;R$ 53,60; Compra Normal
 PREFEITURA MUNICIPAL DE BALNEÁRIO GAIVOTA; Móveis; EQUIPAMENTOS MÉDICOS;5064; EMITTER A FOTOPOLIMERIZADOR; 13/06/2014; FUNDO MUNICIPAL DE SAUDE; Baixado;R$ 941,12; Compra Normal
 PREFEITURA MUNICIPAL DE BALNEÁRIO GAIVOTA; Móveis; EQUIPAMENTOS MÉDICOS;5236; EMITTER A FOTOPOLIMERIZADOR; 13/06/2014; FUNDO MUNICIPAL DE SAUDE; Baixado;R$ 941,12; Compra Normal
 PREFEITURA MUNICIPAL DE BALNEÁRIO GAIVOTA; Móveis; EQUIPAMENTOS MÉDICOS;5548; KIT PONTAS D700 TORQUE PB/M M C/SPRAY; 13/06/2014; FUNDO MUNICIPAL DE SAUDE; Ativo;R$ 168,70; Compra Normal
 PREFEITURA MUNICIPAL DE BALNEÁRIO GAIVOTA; Móveis; EQUIPAMENTOS MÉDICOS;5801; KIT PONTAS D700 TORQUE PB/M M C/SPRAY; 13/06/2014; FUNDO MUNICIPAL DE SAUDE; Ativo;R$ 168,70; Compra Normal
 PREFEITURA MUNICIPAL DE BALNEÁRIO GAIVOTA; Móveis; IMPLEMENTOS AGRÍCOLAS;5218; PLANTADEIRA DE MANDIOCA PMCT 2000  02 LINHAS DE PLANTIO DIRETO N.SERIE 738 ANO 2014; 06/06/2014; DIRETORIA DE AGRICULTURA; Ativo;R$ 2.000,00; Compra Normal
 PREFEITURA MUNICIPAL DE BALNEÁRIO GAIVOTA; Móveis; EQUIPAMENTOS MÉDICOS;5067; AUTOCLAVE STERMAX ANALOGICO TOP 12LITROS; 06/06/2014; FUNDO MUNICIPAL DE SAUDE; Ativo;R$ 163,00; Compra Normal
 PREFEITURA MUNICIPAL DE BALNEÁRIO GAIVOTA; Móveis; EQUIPAMENTOS MÉDICOS;5197; AUTOCLAVE STERMAX ANALOGICO TOP 12LITROS; 06/06/2014; FUNDO MUNICIPAL DE SAUDE; Baixado;R$ 163,00; Compra Normal
 PREFEITURA MUNICIPAL DE BALNEÁRIO GAIVOTA; Móveis; Ar Condicionado;5074; AR CONDICIONADO 12000BTUS ELGIN; 06/06/2014; FUNDO MUNICIPAL DE SAUDE; Ativo;R$ 134,50; Compra Normal
 PREFEITURA MUNICIPAL DE BALNEÁRIO GAIVOTA; Móveis; Ar Condicionado;5052; AR CONDICIONADO 12000BTUS ELGIN; 06/06/2014; FUNDO MUNICIPAL DE SAUDE; Ativo;R$ 134,50; Compra Normal
 PREFEITURA MUNICIPAL DE BALNEÁRIO GAIVOTA; Móveis; Ar Condicionado;5053; AR CONDICIONADO 12000BTUS ELGIN; 06/06/2014; FUNDO MUNICIPAL DE SAUDE; Ativo;R$ 134,50; Compra Normal
 PREFEITURA MUNICIPAL DE BALNEÁRIO GAIVOTA; Móveis; Ar Condicionado;5054; AR CONDICIONADO 12000BTUS ELGIN; 06/06/2014; FUNDO MUNICIPAL DE SAUDE; Ativo;R$ 134,50; Compra Normal
 PREFEITURA MUNICIPAL DE BALNEÁRIO GAIVOTA; Móveis; Ar Condicionado;5055; AR CONDICIONADO 12000BTUS ELGIN; 06/06/2014; FUNDO MUNICIPAL DE SAUDE; Ativo;R$ 134,50; Compra Normal
 PREFEITURA MUNICIPAL DE BALNEÁRIO GAIVOTA; Móveis; Ar Condicionado;5056; AR CONDICIONADO 12000BTUS ELGIN; 06/06/2014; FUNDO MUNICIPAL DE SAUDE; Ativo;R$ 134,50; Compra Normal
 PREFEITURA MUNICIPAL DE BALNEÁRIO GAIVOTA; Móveis; TELEVISOR;6463; TV 32 LED LG C/ CONVERSOR DIGITAL HDMI/USB; 04/06/2014; FUNDO MUNICIPAL DE SAUDE; Ativo;R$ 102,00; Compra Normal
 PREFEITURA MUNICIPAL DE BALNEÁRIO GAIVOTA; Móveis; TELEVISOR;5048; TV 32 LED LG C/ CONVERSOR DIGITAL HDMI/USB; 04/06/2014; FUNDO MUNICIPAL DE SAUDE; Ativo;R$ 102,00; Compra Normal
 PREFEITURA MUNICIPAL DE BALNEÁRIO GAIVOTA; Móveis; MICROCOMPUTADOR;5030; TABLET SAMSUNG GALAXY NOTE 10.1; 03/06/2014; MANUTENÇÃO DA SECRETARIA DE EDUCAÇÃO; Ativo;R$ 155,00; Compra Normal
 PREFEITURA MUNICIPAL DE BALNEÁRIO GAIVOTA; Móveis; VEICULOS LEVES;1864; FIAT/DUCATO MAXICARGO 12 M 03 PASSAGEIROS 004 CILINDROS - FAB. 2014 MOD. 2014 CHASSI 93W245G34E2137743 NUM. MOTOR FIAE34817213728 COR BRANCO COMBUSTIVEL: DIESEL; 31/05/2014; FUNDO MUNICIPAL DE SAUDE; Baixado;R$ 45.000,00; Compra Normal
 PREFEITURA MUNICIPAL DE BALNEÁRIO GAIVOTA; Móveis; MESA;4984; Mesa L Med. 1200x1200 MM SC-500 School Center; 29/05/2014; MANUTENÇÃO DA SECRETARIA DE ARRECADAÇÃO; Ativo;R$ 72,10; Compra Normal
 PREFEITURA MUNICIPAL DE BALNEÁRIO GAIVOTA; Móveis; Quadro;4158; Quadro Losa Branco Marcenaría Dumar; 28/05/2014; MANUTENÇÃO DA SECRETARIA DE EDUCAÇÃO; Ativo;R$ 100,00; Compra Normal
 PREFEITURA MUNICIPAL DE BALNEÁRIO GAIVOTA; Móveis; Quadro;4113; Quadro Losa Branco Marcenaría Dumar; 28/05/2014; MANUTENÇÃO DA SECRETARIA DE EDUCAÇÃO; Ativo;R$ 100,00; Compra Normal
 PREFEITURA MUNICIPAL DE BALNEÁRIO GAIVOTA; Móveis; Quadro;4205; Quadro Losa Branco Marcenaría Dumar; 28/05/2014; MANUTENÇÃO DA SECRETARIA DE EDUCAÇÃO; Ativo;R$ 100,00; Compra Normal
 PREFEITURA MUNICIPAL DE BALNEÁRIO GAIVOTA; Móveis; Balanças;5267; BALANÇA ANTROPOMETRICA ADULTO 150KG; 25/05/2014; FUNDO MUNICIPAL DE SAUDE; Ativo;R$ 55,63; Doação
 PREFEITURA MUNICIPAL DE BALNEÁRIO GAIVOTA; Móveis; Balanças;5103; BALANÇA ANTROPOMETRICA ADULTO 150KG; 25/05/2014; FUNDO MUNICIPAL DE SAUDE; Ativo;R$ 55,63; Doação
 PREFEITURA MUNICIPAL DE BALNEÁRIO GAIVOTA; Móveis; Balanças;5077; BALANÇA ANTROPOMETRICA ADULTO 150KG; 25/05/2014; FUNDO MUNICIPAL DE SAUDE; Ativo;R$ 55,63; Doação
 PREFEITURA MUNICIPAL DE BALNEÁRIO GAIVOTA; Móveis; Balanças;5045; BALANÇA ANTROPOMETRICA ADULTO 150KG; 25/05/2014; FUNDO MUNICIPAL DE SAUDE; Ativo;R$ 55,63; Doação
 PREFEITURA MUNICIPAL DE BALNEÁRIO GAIVOTA; Móveis; MICROCOMPUTADOR;4985; Computador completo 2 gb; 23/05/2014; MANUTENÇÃO DA SECRETARIA DE ADMINISTRAÇÃ; Ativo;R$ 100,90; Compra Normal
 PREFEITURA MUNICIPAL DE BALNEÁRIO GAIVOTA; Móveis; MICROCOMPUTADOR;4986; Computador completo 2 gb; 23/05/2014; MANUTENÇÃO DA SECRETARIA DE ARRECADAÇÃO; Ativo;R$ 100,90; Compra Normal
 PREFEITURA MUNICIPAL DE BALNEÁRIO GAIVOTA; Móveis; MICROCOMPUTADOR;4988; Computador completo 2 gb; 23/05/2014; MANUTENÇÃO DA SECRETARIA DE ADMINISTRAÇÃ; Ativo;R$ 100,90; Compra Normal
 PREFEITURA MUNICIPAL DE BALNEÁRIO GAIVOTA; Móveis; MONITORES;4990; MONITOR LED 19.5  POLEGADAS; 23/05/2014; MANUTENÇÃO DA SECRETARIA DE ADMINISTRAÇÃ; Ativo;R$ 43,00; Compra Normal
 PREFEITURA MUNICIPAL DE BALNEÁRIO GAIVOTA; Móveis; Balcão;4983; Escaninho 2,10 x 2,70 em MDF Branco; 15/05/2014; MANUTENÇÃO DA SECRETARIA DE ADMINISTRAÇÃ; Ativo;R$ 210,00; Compra Normal
 PREFEITURA MUNICIPAL DE BALNEÁRIO GAIVOTA; Móveis; MONITORES;4987; Monitor AOC 19.5 LED E2050WN  HD WIDESCREEN; 15/05/2014; MANUTENÇÃO DA SECRETARIA DE ARRECADAÇÃO; Ativo;R$ 43,00; Compra Normal
 PREFEITURA MUNICIPAL DE BALNEÁRIO GAIVOTA; Móveis; MONITORES;4989; Monitor AOC 19.5 LED E2050WN  HD WIDESCREEN; 15/05/2014; MANUTENÇÃO DA SECRETARIA DE ADMINISTRAÇÃ; Ativo;R$ 43,00; Compra Normal
 PREFEITURA MUNICIPAL DE BALNEÁRIO GAIVOTA; Móveis; Armário;5007; Armário Duas Portas com Regulagem; 14/05/2014; DENGUE; Ativo;R$ 33,99; Compra Normal
 PREFEITURA MUNICIPAL DE BALNEÁRIO GAIVOTA; Móveis; Armário;5023; Armário Duas Portas com Regulagem; 14/05/2014; FUNDO MUNICIPAL DE SAUDE; Ativo;R$ 33,99; Compra Normal
 PREFEITURA MUNICIPAL DE BALNEÁRIO GAIVOTA; Móveis; Armário;5024; Armário Duas Portas com Regulagem; 14/05/2014; FUNDO MUNICIPAL DE SAUDE; Ativo;R$ 33,99; Compra Normal
 PREFEITURA MUNICIPAL DE BALNEÁRIO GAIVOTA; Móveis; MESA;5008; Conjunto de Mesa em L; 14/05/2014; FUNDO MUNICIPAL DE SAUDE; Ativo;R$ 49,89; Compra Normal
 PREFEITURA MUNICIPAL DE BALNEÁRIO GAIVOTA; Móveis; Longarina Secretária;5000; Longarina Tres Lugares; 14/05/2014; FUNDO MUNICIPAL DE SAUDE; Ativo;R$ 32,90; Compra Normal
 PREFEITURA MUNICIPAL DE BALNEÁRIO GAIVOTA; Móveis; Longarina Secretária;5001; Longarina Tres Lugares; 14/05/2014; FUNDO MUNICIPAL DE SAUDE; Ativo;R$ 32,90; Compra Normal
 PREFEITURA MUNICIPAL DE BALNEÁRIO GAIVOTA; Móveis; Arquivo de Aço;4996; Arquivo Pasta Suspensa com 4 Gavetas; 14/05/2014; FUNDO MUNICIPAL DE SAUDE; Ativo;R$ 39,00; Compra Normal
 PREFEITURA MUNICIPAL DE BALNEÁRIO GAIVOTA; Móveis; Arquivo de Aço;4997; Arquivo Pasta Suspensa com 4 Gavetas; 14/05/2014; FUNDO MUNICIPAL DE SAUDE; Ativo;R$ 39,00; Compra Normal
 PREFEITURA MUNICIPAL DE BALNEÁRIO GAIVOTA; Móveis; Arquivo de Aço;4998; Arquivo Pasta Suspensa com 4 Gavetas; 14/05/2014; FUNDO MUNICIPAL DE SAUDE; Ativo;R$ 39,00; Compra Normal
 PREFEITURA MUNICIPAL DE BALNEÁRIO GAIVOTA; Móveis; Arquivo de Aço;6020; Arquivo Pasta Suspensa com 4 Gavetas; 14/05/2014; FUNDO MUNICIPAL DE SAUDE; Ativo;R$ 39,00; Compra Normal
 PREFEITURA MUNICIPAL DE BALNEÁRIO GAIVOTA; Móveis; Arquivo de Aço;5002; Arquivo Pasta Suspensa com 4 Gavetas; 14/05/2014; FUNDO MUNICIPAL DE SAUDE; Ativo;R$ 39,00; Compra Normal
 PREFEITURA MUNICIPAL DE BALNEÁRIO GAIVOTA; Móveis; Arquivo de Aço;5003; Arquivo Pasta Suspensa com 4 Gavetas; 14/05/2014; FUNDO MUNICIPAL DE SAUDE; Ativo;R$ 39,00; Compra Normal
 PREFEITURA MUNICIPAL DE BALNEÁRIO GAIVOTA; Móveis; MICROCOMPUTADOR;4995; CPU PENTIUM 2.9/MEM 4 GB; 13/05/2014; MANUTENÇÃO DO GABINETE DO PREFEITO; Ativo;R$ 95,00; Compra Normal
 PREFEITURA MUNICIPAL DE BALNEÁRIO GAIVOTA; Móveis; Carrinho de Garí;5213; Carrinho Garí 88L C/Pneu e Câmara Marcon; 12/05/2014; BENS PARA LEILÃO; Baixado;R$ 95,02; Compra Normal
 PREFEITURA MUNICIPAL DE BALNEÁRIO GAIVOTA; Móveis; Carrinho de Garí;5214; Carrinho Garí 88L C/Pneu e Câmara Marcon; 12/05/2014; BENS PARA LEILÃO; Baixado;R$ 95,02; Compra Normal
 PREFEITURA MUNICIPAL DE BALNEÁRIO GAIVOTA; Móveis; Carrinho de Garí;5215; Carrinho Garí 88L C/Pneu e Câmara Marcon; 12/05/2014; BENS PARA LEILÃO; Baixado;R$ 95,02; Compra Normal
 PREFEITURA MUNICIPAL DE BALNEÁRIO GAIVOTA; Móveis; VEICULOS LEVES;4661; Veiculo CELTA LT 4 Portas Flex chassi 9BGRP48FOFG103894 / PLACA MLU7934  ANO 2014 COR BRANCA; 25/04/2014; FUNDO MUNICIPAL DE SAUDE; Baixado;R$ 3.270,00; Compra Normal
 PREFEITURA MUNICIPAL DE BALNEÁRIO GAIVOTA; Móveis; VEICULOS LEVES;1704; Veiculo CELTA LT 4 Portas Flex chassi 9BGRP48FOFG106843 / MLU-7964; 25/04/2014; FUNDO MUNICIPAL DE SAUDE; Baixado;R$ 3.270,00; Compra Normal
 PREFEITURA MUNICIPAL DE BALNEÁRIO GAIVOTA; Móveis; FOGÃO A GÁS;4957; FOGÃO GÁS VULCÃO AP 4 BOCAS COM FORNO VENANCIO; 23/04/2014; MANUTENÇÃO DO CONSELHO TUTELAR; Ativo;R$ 138,30; Compra Normal
 PREFEITURA MUNICIPAL DE BALNEÁRIO GAIVOTA; Móveis; IMPRESSORAS;4962; Impressora Multifuncional Jato de Tinta - EPSON; 16/04/2014; APOIO A CRIANÇA E AO ADOLECESTE EM SITUA; Ativo;R$ 73,00; Compra Normal
 PREFEITURA MUNICIPAL DE BALNEÁRIO GAIVOTA; Móveis; IMPRESSORAS;4965; Impressora a Lazer Monocromatica M 1132- HP; 16/04/2014; MANUTENÇÃO DA SECRETARIA DE EDUCAÇÃO; Ativo;R$ 75,00; Compra Normal
 PREFEITURA MUNICIPAL DE BALNEÁRIO GAIVOTA; Móveis; TANQUE AGUA/CAMINHÃO.;3814; TANQUE 15000 LITROS COM BOMBA CHAFARÍZ E MOTOR; 15/04/2014; MANUTENÇÃO DA SECRETARIA DE OBRAS E SERV; Ativo;R$ 1.780,00; Compra Normal
 PREFEITURA MUNICIPAL DE BALNEÁRIO GAIVOTA; Móveis; Tela de Projeção;4963; Tela de projeção 100 Tripé TLTR 180; 14/04/2014; APOIO A CRIANÇA E AO ADOLECESTE EM SITUA; Ativo;R$ 72,00; Compra Normal
 PREFEITURA MUNICIPAL DE BALNEÁRIO GAIVOTA; Móveis; MICROCOMPUTADOR;4966; Micro Computador Completo.; 07/04/2014; MANUTENÇÃO DA SECRETARIA DE EDUCAÇÃO; Ativo;R$ 143,90; Compra Normal
 PREFEITURA MUNICIPAL DE BALNEÁRIO GAIVOTA; Móveis; MICROCOMPUTADOR;4970; Micro Computador Completo.; 07/04/2014; BENS PARA LEILÃO; Baixado;R$ 942,43; Compra Normal
 PREFEITURA MUNICIPAL DE BALNEÁRIO GAIVOTA; Móveis; MICROCOMPUTADOR;4969; Micro Computador Completo.; 07/04/2014; APOIO A CRIANÇA E AO ADOLECESTE EM SITUA; Ativo;R$ 95,00; Compra Normal
 PREFEITURA MUNICIPAL DE BALNEÁRIO GAIVOTA; Móveis; NOTEBOOK;4961; NOTEBOOK ASUS X45C-VX083H 13  4GB  HD 500GB TELA 14'; 07/04/2014; APOIO A CRIANÇA E AO ADOLECESTE EM SITUA; Baixado;R$ 608,60; Compra Normal
 PREFEITURA MUNICIPAL DE BALNEÁRIO GAIVOTA; Móveis; Caminhonete;3758; Caminhonete/Especial tipo carrocería aberta/Cabine Dupla/ Cor Branca ( SHINERAY); 04/04/2014; MANUTENÇÃO DA SECRETARIA DE OBRAS E SERV; Baixado;R$ 7.300,00; Compra Normal
 PREFEITURA MUNICIPAL DE BALNEÁRIO GAIVOTA; Móveis; Violão;6642; Violão Strinberg SD20 cores HB/N/BK; 28/03/2014; APOIO A CRIANÇA E AO ADOLECESTE EM SITUA; Ativo;R$ 62,90; Compra Normal
 PREFEITURA MUNICIPAL DE BALNEÁRIO GAIVOTA; Móveis; ÔNIBUS;5543; ONIBUS THUNDER+NEOSTAR (euro 5); 27/03/2014; MANUTENÇÃO DA SECRETARIA DE EDUCAÇÃO; Ativo;R$ 20.990,00; Compra Normal
 PREFEITURA MUNICIPAL DE BALNEÁRIO GAIVOTA; Móveis; Bebedouro.;4947; Bebedouro Purificador 220 v inox; 21/03/2014; MANUTENÇÃO DA SECRETARIA DE EDUCAÇÃO; Ativo;R$ 87,50; Compra Normal
 PREFEITURA MUNICIPAL DE BALNEÁRIO GAIVOTA; Móveis; Bebedouro.;4952; Bebedouro Purificador 220 v inox; 21/03/2014; MANUTENÇÃO DA SECRETARIA DE EDUCAÇÃO; Ativo;R$ 87,50; Compra Normal
 PREFEITURA MUNICIPAL DE BALNEÁRIO GAIVOTA; Móveis; Bebedouro.;4953; Bebedouro Purificador 220 v inox; 21/03/2014; MANUTENÇÃO DA SECRETARIA DE EDUCAÇÃO; Ativo;R$ 87,50; Compra Normal
 PREFEITURA MUNICIPAL DE BALNEÁRIO GAIVOTA; Móveis; Ar Condicionado;4931; Ar Condicionado Split Sansung 9000 btu's AS09UBA-Frio; 17/03/2014; MANUTENÇÃO DA SECRETARIA DE ADMINISTRAÇÃ; Ativo;R$ 127,90; Compra Normal
 PREFEITURA MUNICIPAL DE BALNEÁRIO GAIVOTA; Móveis; Ar Condicionado;4920; Ar Condicionado KOMECO MAXIME 18000 2LX QC EVA/COND; 17/03/2014; MANUTENÇÃO DA SECRETARIA DE ADMINISTRAÇÃ; Ativo;R$ 214,90; Compra Normal
 PREFEITURA MUNICIPAL DE BALNEÁRIO GAIVOTA; Móveis; Ar Condicionado;4923; Ar Condicionado Split-Sansung 9000 btU's  AS09UBA Frio.; 17/03/2014; MANUTENÇÃO DA SECRETARIA DE EDUCAÇÃO; Ativo;R$ 127,90; Compra Normal
 PREFEITURA MUNICIPAL DE BALNEÁRIO GAIVOTA; Móveis; Ar Condicionado;4924; Ar Condicionado Split-Sansung 9000 btU's  AS09UBA Frio.; 17/03/2014; MANUTENÇÃO DA SECRETARIA DE EDUCAÇÃO; Ativo;R$ 127,90; Compra Normal
 PREFEITURA MUNICIPAL DE BALNEÁRIO GAIVOTA; Móveis; Ar Condicionado;4925; Ar Condicionado Split-Gree 12000 btu's Q/F COND/EVAP; 17/03/2014; MANUTENÇÃO DA SECRETARIA DE EDUCAÇÃO; Ativo;R$ 164,90; Compra Normal
 PREFEITURA MUNICIPAL DE BALNEÁRIO GAIVOTA; Móveis; Ar Condicionado;4921; Ar Condicionado Split-Sansung 9000 btU's  AS09UBA Frio.; 17/03/2014; MANUTENÇÃO DO GABINETE DO PREFEITO; Ativo;R$ 127,90; Compra Normal
 PREFEITURA MUNICIPAL DE BALNEÁRIO GAIVOTA; Móveis; VEICULOS PESADOS;957; ÔNIBUS ESCOLAR RURAL ORE-03 MERCEDES BENS CHASSIS OF1519R48/60*BM384061/069; 10/03/2014; MANUTENÇÃO DA SECRETARIA DE EDUCAÇÃO; Ativo;R$ 24.050,00; Compra Normal
 PREFEITURA MUNICIPAL DE BALNEÁRIO GAIVOTA; Móveis; Caminhões;4769; CAMINHÃO ATRON 2729/K36 6X4 BRANCO ANO E MODELO 2014 MDB-6162 CHASSI 9BM693388EB949483 RENAVAM 996434577; 27/02/2014; MANUTENÇÃO DA SECRETARIA DE OBRAS E SERV; Ativo;R$ 24.799,25; Doação
 PREFEITURA MUNICIPAL DE BALNEÁRIO GAIVOTA; Móveis; MICROCOMPUTADOR;4940; Computador completo (gabinete); 25/02/2014; FUNDO MUNICIPAL DE SAUDE; Ativo;R$ 133,40; Compra Normal
 PREFEITURA MUNICIPAL DE BALNEÁRIO GAIVOTA; Móveis; MICROCOMPUTADOR;7351; Computador completo (gabinete); 25/02/2014; FUNDO MUNICIPAL DE SAUDE; Ativo;R$ 133,40; Compra Normal
 PREFEITURA MUNICIPAL DE BALNEÁRIO GAIVOTA; Móveis; TELEVISOR;4948; TV Led 24 lt 24 Full HD preto; 24/02/2014; MANUTENÇÃO DA SECRETARIA DE EDUCAÇÃO; Ativo;R$ 79,00; Compra Normal
 PREFEITURA MUNICIPAL DE BALNEÁRIO GAIVOTA; Móveis; TELEVISOR;4949; TV Led 24 lt 24 Full HD preto; 24/02/2014; MANUTENÇÃO DA SECRETARIA DE EDUCAÇÃO; Ativo;R$ 79,00; Compra Normal
 CÂMARA MUNICIPAL BALNEÁRIO GAIVOTA; MOVEIS; Cod.: 370 - Televisor;168; TV 51 POLEGADAS HDTV SAMSSUNG COR PRETA; 24/02/2014; CAMARA MUNICIPAL DE VEREADORES; Em uso;R$ 289,00; Compra
 PREFEITURA MUNICIPAL DE BALNEÁRIO GAIVOTA; Móveis; IMPRESSORAS;4942; Impressora HP Multifuncional Lazer Mono M 1132; 21/02/2014; MANUTENÇÃO DA SECRETARIA DE ADMINISTRAÇÃ; Ativo;R$ 79,90; Compra Normal
 PREFEITURA MUNICIPAL DE BALNEÁRIO GAIVOTA; Móveis; MICROCOMPUTADOR;4946; CPU core i3  3.4 ghz/hd500; 13/02/2014; MANUTENÇÃO DO GABINETE DO PREFEITO; Ativo;R$ 137,00; Compra Normal
 PREFEITURA MUNICIPAL DE BALNEÁRIO GAIVOTA; Móveis; GELADEIRA;4897; REFRIGERADOR ELETROLUX 322 LTS BRANCO 220 V; 28/01/2014; MANUTENÇÃO DO CONSELHO TUTELAR; Ativo;R$ 139,90; Compra Normal
 PREFEITURA MUNICIPAL DE BALNEÁRIO GAIVOTA; Móveis; MICROCOMPUTADOR;4634; COMPUTADOR COMPLETO 4 GIGA DE MEMORIA; 28/01/2014; SECRETÁRIO DA CULTURA; Ativo;R$ 86,00; Compra Normal
 PREFEITURA MUNICIPAL DE BALNEÁRIO GAIVOTA; Móveis; MONITORES;4882; MONITOR AOC E2050SN 20 LED 1600X900HD WIDESCREEN SLIM BLACK PIANO; 28/01/2014; MANUTENÇÃO DO GABINETE DO PREFEITO; Ativo;R$ 41,90; Compra Normal
 CAMARA MUNICIPAL DE BALNEARIO GAIVOTA; MOVEIS; Cod.: 401 - Scanner;167; SCANNER PORTATIL COLORIDO DS600 MARCA BROTHER; 28/01/2014; CAMARA MUNICIPAL DE VEREADORES; Em desuso;R$ 195,72; Compra
 PREFEITURA MUNICIPAL DE BALNEÁRIO GAIVOTA; Móveis; FRAGMENTADORA DE PAPEL;4890; FRAGMENTADORA DE PAPEL AURORA COM CESTO AS1030CD 220 V; 21/01/2014; BENS PARA LEILÃO; Baixado;R$ 389,61; Compra Normal
 PREFEITURA MUNICIPAL DE BALNEÁRIO GAIVOTA; Móveis; MICROCOMPUTADOR;4899; CPU dual core 2.9/hd 300gb/mem; 16/01/2014; FUNDO MUNICIPAL DE SAUDE; Ativo;R$ 77,80; Compra Normal
 PREFEITURA MUNICIPAL DE BALNEÁRIO GAIVOTA; Móveis; MONITORES;4900; Monitor AOC 19.5 led E2050WN 1600x900 hd widescreen; 16/01/2014; FUNDO MUNICIPAL DE SAUDE; Ativo;R$ 49,00; Compra Normal
 PREFEITURA MUNICIPAL DE BALNEÁRIO GAIVOTA; Móveis; IMPRESSORAS;4889; IMPRESSORA HP MULTIFUNCIONAL LAZER MONO M 1132; 16/01/2014; BENS PARA LEILÃO; Baixado;R$ 85,00; Compra Normal
 PREFEITURA MUNICIPAL DE BALNEÁRIO GAIVOTA; Móveis; MICROCOMPUTADOR;4883; CPU DUAL CORE 2.9HD 300GB/MEM; 14/01/2014; BENS PARA LEILÃO; Baixado;R$ 77,40; Compra Normal
 PREFEITURA MUNICIPAL DE BALNEÁRIO GAIVOTA; Móveis; MONITORES;4884; MONITOR AOC 19.5 LED E2050WN; 14/01/2014; MANUTENÇÃO DA SECRETARIA DE EDUCAÇÃO; Ativo;R$ 49,00; Compra Normal
 PREFEITURA MUNICIPAL DE BALNEÁRIO GAIVOTA; Móveis; MESA;4919; MESA ECONOMICA MED.1350X1350mm SC-500; 13/01/2014; BENS INSERVÍVEIS; Baixado;R$ 589,43; Compra Normal
 PREFEITURA MUNICIPAL DE BALNEÁRIO GAIVOTA; Móveis; MESA;4918; MESA ECONOMICA MED.1350X1350mm SC-500; 13/01/2014; MANUTENÇÃO DO GABINETE DO PREFEITO; Ativo;R$ 58,94; Compra Normal
 PREFEITURA MUNICIPAL DE BALNEÁRIO GAIVOTA; Móveis; MESA;4917; MESA OFFICE EM L MED 1350X1350mm SC-400; 13/01/2014; MANUTENÇÃO DO GABINETE DO PREFEITO; Ativo;R$ 73,33; Compra Normal
 PREFEITURA MUNICIPAL DE BALNEÁRIO GAIVOTA; Móveis; MESA;4912; MESA REUNIÃO RETANGULAR DE 200X1,00 SC-412; 13/01/2014; MANUTENÇÃO DA SECRETARIA DE ADMINISTRAÇÃ; Ativo;R$ 67,88; Compra Normal
 PREFEITURA MUNICIPAL DE BALNEÁRIO GAIVOTA; Móveis; MESA;4913; MESA REUNIÃO RETANGULAR DE 250X100 SC-412; 13/01/2014; MANUTENÇÃO DO GABINETE DO PREFEITO; Ativo;R$ 74,85; Compra Normal
 PREFEITURA MUNICIPAL DE BALNEÁRIO GAIVOTA; Móveis; MOBILIÁRIO EM GERAL;4885; LONGARINA SECRETÁRIA 3 LUGARES D-21; 13/01/2014; MANUTENÇÃO DA SECRETARIA DE ARRECADAÇÃO; Ativo;R$ 41,98; Compra Normal
 PREFEITURA MUNICIPAL DE BALNEÁRIO GAIVOTA; Móveis; MOBILIÁRIO EM GERAL;7896; LONGARINA SECRETÁRIA 3 LUGARES D-21; 13/01/2014; MANUTENÇÃO DA SECRETARIA DE ARRECADAÇÃO; Ativo;R$ 41,98; Compra Normal
 PREFEITURA MUNICIPAL DE BALNEÁRIO GAIVOTA; Móveis; MOBILIÁRIO EM GERAL;4887; LONGARINA SECRETÁRIA 3 LUGARES D-21; 13/01/2014; MANUTENÇÃO DA SECRETARIA DE ARRECADAÇÃO; Ativo;R$ 41,98; Compra Normal
 PREFEITURA MUNICIPAL DE BALNEÁRIO GAIVOTA; Móveis; MOBILIÁRIO EM GERAL;4888; LONGARINA SECRETÁRIA 3 LUGARES D-21; 13/01/2014; MANUTENÇÃO DA SECRETARIA DE ADMINISTRAÇÃ; Ativo;R$ 41,98; Compra Normal
 PREFEITURA MUNICIPAL DE BALNEÁRIO GAIVOTA; Móveis; MICROCOMPUTADOR;4907; CPU PENTIUM 2.9 GHZ/PLACA MAE H61 HD500 MEM 4GB; 06/01/2014; DIRETORIA DE AGRICULTURA; Ativo;R$ 89,50; Compra Normal
 PREFEITURA MUNICIPAL DE BALNEÁRIO GAIVOTA; Móveis; FREEZER;4858; FREEZER METALFRIO; 14/12/2013; MANUTENÇÃO DO CONSELHO TUTELAR; Ativo;R$ 190,00; Compra Normal
 PREFEITURA MUNICIPAL DE BALNEÁRIO GAIVOTA; Móveis; VEICULOS LEVES;4400; CLASSIC (corsa) LS 1.0 VHC FLEXPOWER CHASSI 8AGSU19F0ER154989 ANO FAB. 2013 ANO MOD 2014 COR BRANCO PLACA MKY4B39 RENAVAM 595982239; 12/12/2013; MANUTENÇÃO DA SECRETARIA DE OBRAS E SERV; Baixado;R$ 2.666,66; Compra Normal
 PREFEITURA MUNICIPAL DE BALNEÁRIO GAIVOTA; Móveis; VEICULOS LEVES;5542; CLASSIC (corsa) LS 1.0 VHC FLEXPOWER CHASSI 8AGSU19F0ER154904 COR BRANCO ANO FAB 2013 ANO MOD 2014 MOTOR NAAM23301 PLACA MKY4239 RENAVAM 595984037; 12/12/2013; MANUTENÇÃO DA SECRETARIA DE ADMINISTRAÇÃ; Baixado;R$ 2.666,66; Compra Normal
 PREFEITURA MUNICIPAL DE BALNEÁRIO GAIVOTA; Móveis; VEICULOS LEVES;5545; CHEVROLET MODELO CLASSIC ANO 2013, PLACA MLV 0196 Nº pat/sst18947; 10/12/2013; MANUTENÇÃO DO CONSELHO TUTELAR; Ativo;R$ 0,00; Cedência
 PREFEITURA MUNICIPAL DE BALNEÁRIO GAIVOTA; Móveis; MICROCOMPUTADOR;4854; Not-Book Positivo Master N1 90i (ROHS) 85/12; 04/12/2013; MANUTENÇÃO DA SECRETARIA DE EDUCAÇÃO; Ativo;R$ 177,68; Compra Normal
 PREFEITURA MUNICIPAL DE BALNEÁRIO GAIVOTA; Móveis; MICROCOMPUTADOR;4855; Not-Book Positivo Master N1 90i (ROHS) 85/12; 04/12/2013; MANUTENÇÃO DA SECRETARIA DE EDUCAÇÃO; Ativo;R$ 177,68; Compra Normal
 PREFEITURA MUNICIPAL DE BALNEÁRIO GAIVOTA; Móveis; IMPRESSORAS;4856; Impressora Multifuncional Epson L555 FNDE 85/12; 04/12/2013; MANUTENÇÃO DA SECRETARIA DE EDUCAÇÃO; Ativo;R$ 87,00; Compra Normal
 PREFEITURA MUNICIPAL DE BALNEÁRIO GAIVOTA; Móveis; MAQUINA DE COSTURA;4844; MAQUINA DE COSTURA RETA IND.DIRECT GENSY; 25/11/2013; MANUTENÇÃO DO CONSELHO TUTELAR; Ativo;R$ 143,00; Compra Normal
 PREFEITURA MUNICIPAL DE BALNEÁRIO GAIVOTA; Móveis; SWITCH;4845; SWEET 48 PORTAS GIGA BYTE (sala cadastro); 19/11/2013; MANUTENÇÃO DA SECRETARIA DE ADMINISTRAÇÃ; Ativo;R$ 157,00; Compra Normal
 PREFEITURA MUNICIPAL DE BALNEÁRIO GAIVOTA; Móveis; SWITCH;4846; SWEET 48 PORTAS GIGA BYTE (sala servidor); 19/11/2013; MANUTENÇÃO DA SECRETARIA DE ADMINISTRAÇÃ; Ativo;R$ 157,00; Compra Normal
 PREFEITURA MUNICIPAL DE BALNEÁRIO GAIVOTA; Móveis; ROÇADEIRA;3934; ROÇADEIRA FS220; 12/11/2013; BENS PARA LEILÃO; Baixado;R$ 189,00; Compra Normal
 PREFEITURA MUNICIPAL DE BALNEÁRIO GAIVOTA; Móveis; ROÇADEIRA;4611; ROÇADEIRA FS220; 12/11/2013; BENS PARA LEILÃO; Baixado;R$ 189,00; Compra Normal
 PREFEITURA MUNICIPAL DE BALNEÁRIO GAIVOTA; Móveis; IMPRESSORA;4839; IMPRESORA HP MULTIFUNCIONAL LAZER MONO M1132; 16/10/2013; MANUTENÇÃO DO CONSELHO TUTELAR; Baixado;R$ 289,00; Compra Normal
 PREFEITURA MUNICIPAL DE BALNEÁRIO GAIVOTA; Móveis; IMPRESSORAS;4840; IMPRESORA HP MULTIFUNCIONAL LAZER MONO M1132; 16/10/2013; MANUTENÇÃO DO CONSELHO TUTELAR; Ativo;R$ 85,00; Compra Normal
 PREFEITURA MUNICIPAL DE BALNEÁRIO GAIVOTA; Móveis; VEICULOS LEVES;4837; VW/GOL 1.0 PLUS ANO FAB. 2007 ANO MODELO 2008 PLACA DWK0678 CHASSI 9BWCA45W28T023410; 03/10/2013; DIRETORIA DE AGRICULTURA; Ativo;R$ 270,94; Doação
 PREFEITURA MUNICIPAL DE BALNEÁRIO GAIVOTA; Móveis; NO-BREAK;4828; NO BREAK SMS NET3+ EXPERT 1400VA { para uso sala do servidor }; 13/09/2013; MANUTENÇÃO DA SECRETARIA DE ADMINISTRAÇÃ; Ativo;R$ 66,50; Compra Normal
 PREFEITURA MUNICIPAL DE BALNEÁRIO GAIVOTA; Móveis; IMPRESSORAS;4829; IMPRESSORA HP MULTIFUNCIONAL LAZER MONO M1132; 13/09/2013; MANUTENÇÃO DO GABINETE DO PREFEITO; Ativo;R$ 89,00; Compra Normal
 PREFEITURA MUNICIPAL DE BALNEÁRIO GAIVOTA; Móveis; MICROCOMPUTADOR;4830; MICROCOMPUTADOR/CPU PEMTIUM 2.9 GHZ/HD500GB/MEM 4 GB/MB H61; 13/09/2013; MANUTENÇÃO DA SECRETARIA DE EDUCAÇÃO; Ativo;R$ 81,00; Compra Normal
 PREFEITURA MUNICIPAL DE BALNEÁRIO GAIVOTA; Móveis; MICROCOMPUTADOR;4831; MICROCOMPUTADOR/CPU PEMTIUM 2.9 GHZ/HD500GB/MEM 4 GB/MB H61; 13/09/2013; MANUTENÇÃO DA SECRETARIA DE EDUCAÇÃO; Ativo;R$ 81,00; Compra Normal
 PREFEITURA MUNICIPAL DE BALNEÁRIO GAIVOTA; Móveis; MONITORES;4832; MONITOR AOC 18,5 ; 13/09/2013; MANUTENÇÃO DA SECRETARIA DE EDUCAÇÃO; Ativo;R$ 41,50; Compra Normal
 PREFEITURA MUNICIPAL DE BALNEÁRIO GAIVOTA; Móveis; MONITORES;4833; MONITOR AOC 18,5 ; 13/09/2013; MANUTENÇÃO DA SECRETARIA DE EDUCAÇÃO; Ativo;R$ 41,50; Compra Normal
 PREFEITURA MUNICIPAL DE BALNEÁRIO GAIVOTA; Móveis; ELETRODOMÉSTICOS;4792; LAVADOURA CONSUL FRIA 7K CW107,220V; 30/08/2013; BENS PARA LEILÃO; Baixado;R$ 77,00; Compra Normal
 PREFEITURA MUNICIPAL DE BALNEÁRIO GAIVOTA; Móveis; EQUIPAMENTOS MÉDICOS;4789; ESPALDAR FIXO DE MADEIRA 2016 ISP.; 05/08/2013; FUNDO MUNICIPAL DE SAUDE; Ativo;R$ 41,80; Compra Normal
 PREFEITURA MUNICIPAL DE BALNEÁRIO GAIVOTA; Móveis; EQUIPAMENTOS MÉDICOS;4786; NEURODIN III TENS/FES N-45 IBRAMED; 05/08/2013; FUNDO MUNICIPAL DE SAUDE; Ativo;R$ 49,90; Compra Normal
 PREFEITURA MUNICIPAL DE BALNEÁRIO GAIVOTA; Móveis; VEICULOS PESADOS;4749; RETROESCAVADEIRA 416E SERIE MAQ. CAT0416EHMFG06748 MOTOR G4D46241-2WPDVOO; 03/08/2013; MANUTENÇÃO DA SECRETARIA DE OBRAS E SERV; Ativo;R$ 14.455,90; Doação
 PREFEITURA MUNICIPAL DE BALNEÁRIO GAIVOTA; Móveis; EQUIPAMENTOS DOMÉSTICOS;4747; FOGÃO A GÁS 6 BOCAS COM FORNO VENANCIO; 04/07/2013; MANUTENÇÃO DA SECRETARIA DE EDUCAÇÃO; Ativo;R$ 134,40; Compra Normal
 CÂMARA MUNICIPAL BALNEÁRIO GAIVOTA; MOVEIS; Cod.: 3 - INFORMATICA;166; CELULAR  GALAX   2 SANSSUNG COR PRETO; 25/06/2013; ARQUIVO MORTO; Baixado;R$ 264,47; Compra
 PREFEITURA MUNICIPAL DE BALNEÁRIO GAIVOTA; Móveis; MICROCOMPUTADOR;4741; CPU PENTIUM 2.9GHZ/HD 320GB/MEM 4GB/MB GIGABYTE/GABINETE/GRAVADORA DE DVD/; 04/06/2013; FUNDO MUNICIPAL DE SAUDE; Ativo;R$ 89,00; Compra Normal
 PREFEITURA MUNICIPAL DE BALNEÁRIO GAIVOTA; Móveis; MÁQUINAS, MOTORES;4745; COMPRESSOR CRISTOFOLI 9001 38L 220V SERIAL C9C1220006; 03/06/2013; FUNDO MUNICIPAL DE SAUDE; Ativo;R$ 210,00; Compra Normal
 PREFEITURA MUNICIPAL DE BALNEÁRIO GAIVOTA; Móveis; INSTRUMENTOS E UTENSÍLIOS;4746; EQUIPO 4T CART 2009 292600 DABI; 03/06/2013; FUNDO MUNICIPAL DE SAUDE; Baixado;R$ 120,00; Compra Normal
 PREFEITURA MUNICIPAL DE BALNEÁRIO GAIVOTA; Móveis; MOBILIÁRIO EM GERAL;4744; TROCADOR PARA BEBES DE MADEIRA COM BASE ESTOFADA EM CORINO SOB MEDIDA; 03/06/2013; MANUTENÇÃO DA SECRETARIA DE EDUCAÇÃO; Ativo;R$ 45,00; Compra Normal
 PREFEITURA MUNICIPAL DE BALNEÁRIO GAIVOTA; Móveis; MOBILIÁRIO EM GERAL;4737; BALCÃO 3,10X1,20X0,40 COM PORTA DE PASSAGEM MARCENARÍA.; 03/06/2013; MANUTENÇÃO DA SECRETARIA DE ARRECADAÇÃO; Ativo;R$ 99,00; Compra Normal
 PREFEITURA MUNICIPAL DE BALNEÁRIO GAIVOTA; Móveis; FERRAMENTAS;4536; FURADEIRA IMPACTO 750 W RT-ID75; 28/05/2013; BENS PARA LEILÃO; Baixado;R$ 46,50; Compra Normal
 PREFEITURA MUNICIPAL DE BALNEÁRIO GAIVOTA; Móveis; MICROCOMPUTADOR;4707; CPU PENTIUM 2,9 GHZ/HD 320GB/MEM 4GB/MB; 22/05/2013; MANUTENÇÃO DA SECRETARIA DE ARRECADAÇÃO; Ativo;R$ 84,90; Compra Normal
 PREFEITURA MUNICIPAL DE BALNEÁRIO GAIVOTA; Móveis; MOBILIÁRIO EM GERAL;4704; MESA OFFICE EM L MED. 1355X1350MM SC-400; 21/05/2013; MANUTENÇÃO DA SECRETARIA DE EDUCAÇÃO; Ativo;R$ 67,72; Compra Normal
 PREFEITURA MUNICIPAL DE BALNEÁRIO GAIVOTA; Móveis; MOBILIÁRIO EM GERAL;4717; MESA PRÉ ESCOLAR OITAVADA COM CADEIRA; 21/05/2013; MANUTENÇÃO DA SECRETARIA DE EDUCAÇÃO; Ativo;R$ 149,77; Compra Normal
 PREFEITURA MUNICIPAL DE BALNEÁRIO GAIVOTA; Móveis; MOBILIÁRIO EM GERAL;4718; MESA PRÉ ESCOLAR OITAVADA COM CADEIRA; 21/05/2013; MANUTENÇÃO DA SECRETARIA DE EDUCAÇÃO; Ativo;R$ 149,77; Compra Normal
 PREFEITURA MUNICIPAL DE BALNEÁRIO GAIVOTA; Móveis; MOBILIÁRIO EM GERAL;4719; MESA PRÉ ESCOLAR OITAVADA COM CADEIRA; 21/05/2013; MANUTENÇÃO DA SECRETARIA DE EDUCAÇÃO; Ativo;R$ 149,77; Compra Normal
 PREFEITURA MUNICIPAL DE BALNEÁRIO GAIVOTA; Móveis; MOBILIÁRIO EM GERAL;4725; MESA PRÉ ESCOLAR OITAVADA COM CADEIRA; 21/05/2013; MANUTENÇÃO DA SECRETARIA DE EDUCAÇÃO; Ativo;R$ 149,77; Compra Normal
 PREFEITURA MUNICIPAL DE BALNEÁRIO GAIVOTA; Móveis; MOBILIÁRIO EM GERAL;4726; MESA PRÉ ESCOLAR OITAVADA COM CADEIRA; 21/05/2013; MANUTENÇÃO DA SECRETARIA DE EDUCAÇÃO; Ativo;R$ 149,77; Compra Normal
 PREFEITURA MUNICIPAL DE BALNEÁRIO GAIVOTA; Móveis; MOBILIÁRIO EM GERAL;4727; MESA PRÉ ESCOLAR OITAVADA COM CADEIRA; 21/05/2013; MANUTENÇÃO DA SECRETARIA DE EDUCAÇÃO; Ativo;R$ 149,77; Compra Normal
 PREFEITURA MUNICIPAL DE BALNEÁRIO GAIVOTA; Móveis; MOBILIÁRIO EM GERAL;4730; MESA PRÉ ESCOLAR OITAVADA COM CADEIRA; 21/05/2013; MANUTENÇÃO DA SECRETARIA DE EDUCAÇÃO; Ativo;R$ 149,77; Compra Normal
 PREFEITURA MUNICIPAL DE BALNEÁRIO GAIVOTA; Móveis; MOBILIÁRIO EM GERAL;4731; MESA PRÉ ESCOLAR OITAVADA COM CADEIRA; 21/05/2013; MANUTENÇÃO DA SECRETARIA DE EDUCAÇÃO; Ativo;R$ 149,77; Compra Normal
 PREFEITURA MUNICIPAL DE BALNEÁRIO GAIVOTA; Móveis; MOBILIÁRIO EM GERAL;4708; CADEIRA GIRATÓRIA PRESIDENTE SC-129; 21/05/2013; MANUTENÇÃO DO GABINETE DO PREFEITO; Ativo;R$ 36,95; Compra Normal
 PREFEITURA MUNICIPAL DE BALNEÁRIO GAIVOTA; Móveis; MOBILIÁRIO EM GERAL;7691; CADEIRA GIRATÓRIA PRESIDENTE SC-129; 21/05/2013; BENS INSERVÍVEIS; Ativo;R$ 36,95; Compra Normal
 PREFEITURA MUNICIPAL DE BALNEÁRIO GAIVOTA; Móveis; MOBILIÁRIO EM GERAL;4594; CADEIRA GIRATÓRIA PRESIDENTE SC-129; 21/05/2013; DIRETORIA DE AGRICULTURA; Ativo;R$ 36,95; Compra Normal
 PREFEITURA MUNICIPAL DE BALNEÁRIO GAIVOTA; Móveis; MOBILIÁRIO EM GERAL;4596; MESA OFFICE MED. 1350X1350 mm SC-400; 21/05/2013; DIRETORIA DE AGRICULTURA; Ativo;R$ 67,72; Compra Normal
 PREFEITURA MUNICIPAL DE BALNEÁRIO GAIVOTA; Móveis; MOBILIÁRIO EM GERAL;4597; ARMARIO ALTO DUAS PORTAS MDF ESCRITÓRIO; 21/05/2013; BENS INSERVÍVEIS; Ativo;R$ 88,30; Compra Normal
 PREFEITURA MUNICIPAL DE BALNEÁRIO GAIVOTA; Móveis; MOBILIÁRIO EM GERAL;4598; ARQUIVO 4 SUPORTES MDF ESCRITÓRIO; 21/05/2013; MANUTENÇÃO DA SECRETARIA DE ARRECADAÇÃO; Ativo;R$ 59,90; Compra Normal
 PREFEITURA MUNICIPAL DE BALNEÁRIO GAIVOTA; Móveis; MOBILIÁRIO EM GERAL;4701; GAVETEIRO VOLANTE COM TRES GAVETAS; 21/05/2013; BENS PARA LEILÃO; Baixado;R$ 284,54; Compra Normal
 PREFEITURA MUNICIPAL DE BALNEÁRIO GAIVOTA; Móveis; MOBILIÁRIO EM GERAL;7919; LONGARINA SECRETÁRIA TRES LUGARES D-21; 21/05/2013; MANUTENÇÃO DA SECRETARIA DE EDUCAÇÃO; Ativo;R$ 42,02; Compra Normal
 PREFEITURA MUNICIPAL DE BALNEÁRIO GAIVOTA; Móveis; MOBILIÁRIO EM GERAL;4703; MESA OFFICE EM L MED. 1500X1500mm SC-400; 21/05/2013; MANUTENÇÃO DO GABINETE DO PREFEITO; Ativo;R$ 71,68; Compra Normal
 PREFEITURA MUNICIPAL DE BALNEÁRIO GAIVOTA; Móveis; APARELHOS ELETRO-ELETRÔNICOS;4720; TV LED PH24D20DM FHILCO PRETO FULL HD; 10/05/2013; MANUTENÇÃO DA SECRETARIA DE EDUCAÇÃO; Ativo;R$ 65,00; Compra Normal
 PREFEITURA MUNICIPAL DE BALNEÁRIO GAIVOTA; Móveis; APARELHOS ELETRO-ELETRÔNICOS;4724; TV LED PH24D20DM FHILCO PRETO FULL HD; 10/05/2013; MANUTENÇÃO DA SECRETARIA DE EDUCAÇÃO; Ativo;R$ 65,00; Compra Normal
 PREFEITURA MUNICIPAL DE BALNEÁRIO GAIVOTA; Móveis; UTENSÍLIO MÓVEL;4710; MESA TÊNIS DOBRAVEL STANDARCT SM 15MM  61013; 08/05/2013; MANUTENÇÃO DA SECRETARIA DE EDUCAÇÃO; Ativo;R$ 47,00; Compra Normal
 PREFEITURA MUNICIPAL DE BALNEÁRIO GAIVOTA; Móveis; APARELHOS ELETRO-ELETRÔNICOS;4537; BALANÇA AR ELETRONICA GARAGEM- EXELBR (CALIBRADOR DE PNEUS); 02/05/2013; BENS PARA LEILÃO; Baixado;R$ 60,00; Compra Normal
 PREFEITURA MUNICIPAL DE BALNEÁRIO GAIVOTA; Móveis; Ar Condicionado;4514; AR CONDICIONADO ELCTROLUX-  CA TEO9R/TI 09R 220/V 1F; 10/04/2013; MANUTENÇÃO DO CONSELHO TUTELAR; Ativo;R$ 175,70; Compra Normal
 PREFEITURA MUNICIPAL DE BALNEÁRIO GAIVOTA; Móveis; Ar Condicionado;4515; AR CONDICIONADO ELCTROLUX- UN EXT CA TEO9R/ CA TI09R 220/V 1F; 10/04/2013; MANUTENÇÃO DO CONSELHO TUTELAR; Ativo;R$ 175,70; Compra Normal
 PREFEITURA MUNICIPAL DE BALNEÁRIO GAIVOTA; Móveis; Ar Condicionado;4516; AR CONDICIONADO ELCTROLUX- UN EXT CA TEO9R/CA TI09R 220/V 1F; 10/04/2013; MANUTENÇÃO DO CONSELHO TUTELAR; Ativo;R$ 175,70; Compra Normal
 PREFEITURA MUNICIPAL DE BALNEÁRIO GAIVOTA; Móveis; EQUIPAMENTOS DOMÉSTICOS;4508; ESTANTE DE METAL ( USADA ); 10/04/2013; MANUTENÇÃO DA SECRETARIA DE EDUCAÇÃO; Ativo;R$ 38,00; Compra Normal
 PREFEITURA MUNICIPAL DE BALNEÁRIO GAIVOTA; Móveis; EQUIPAMENTOS DOMÉSTICOS;4509; ESTANTE DE METAL ( USADA ); 10/04/2013; MANUTENÇÃO DA SECRETARIA DE EDUCAÇÃO; Ativo;R$ 38,00; Compra Normal
 PREFEITURA MUNICIPAL DE BALNEÁRIO GAIVOTA; Móveis; EQUIPAMENTOS DOMÉSTICOS;4510; ESTANTE DE METAL ( USADA ); 10/04/2013; MANUTENÇÃO DA SECRETARIA DE EDUCAÇÃO; Ativo;R$ 38,00; Compra Normal
 PREFEITURA MUNICIPAL DE BALNEÁRIO GAIVOTA; Móveis; EQUIPAMENTOS DOMÉSTICOS;4511; ESTANTE DE METAL ( USADA ); 10/04/2013; MANUTENÇÃO DA SECRETARIA DE EDUCAÇÃO; Ativo;R$ 38,00; Compra Normal
 PREFEITURA MUNICIPAL DE BALNEÁRIO GAIVOTA; Móveis; CÂMARA FOTOGRÁFICA;4099; CAMERA DIGITAL SANSUNG ES65 10 2BAT; 09/04/2013; BENS PARA LEILÃO; Baixado;R$ 39,80; Compra Normal
 PREFEITURA MUNICIPAL DE BALNEÁRIO GAIVOTA; Móveis; MICROCOMPUTADOR;4506; CPU 13/MEM 4 GIGA/PLACA MAE/ GABINETE 4 BAIAS/GRAV DVD/ FONTE/ MONITOR 18,5/MOUSE/TECLADO/CX DE SOM/ESTABILIZADOR; 09/04/2013; MANUTENÇÃO DA SECRETARIA DE EDUCAÇÃO; Ativo;R$ 162,75; Compra Normal
 PREFEITURA MUNICIPAL DE BALNEÁRIO GAIVOTA; Móveis; MICROCOMPUTADOR;4507; CPU 13/MEM 4 GIGA/PLACA MAE/ GABINETE 4 BAIAS/GRAV DVD/ FONTE/ MONITOR 18,5/MOUSE/TECLADO/CX DE SOM/ESTABILIZADOR; 09/04/2013; MANUTENÇÃO DA SECRETARIA DE EDUCAÇÃO; Ativo;R$ 162,75; Compra Normal
 PREFEITURA MUNICIPAL DE BALNEÁRIO GAIVOTA; Móveis; MICROCOMPUTADOR;4319; CPU PENTIUM DUAL CORE; 26/03/2013; FUNDO MUNICIPAL DE SAUDE; Ativo;R$ 99,80; Compra Normal
 PREFEITURA MUNICIPAL DE BALNEÁRIO GAIVOTA; Móveis; MICROCOMPUTADOR;4501; SERVIDOR HP PROLIAT ML 310E G8 E3-1230- GAR REDE AUTORIZADA; 22/03/2013; MANUTENÇÃO DA SECRETARIA DE ADMINISTRAÇÃ; Ativo;R$ 499,80; Compra Normal
 PREFEITURA MUNICIPAL DE BALNEÁRIO GAIVOTA; Móveis; MICROCOMPUTADOR;4503; MICROCOMPUTADOR PENTIUM DUAL CORE 3.0; 20/03/2013; SECRETÁRIO DA CULTURA; Ativo;R$ 128,50; Compra Normal
 PREFEITURA MUNICIPAL DE BALNEÁRIO GAIVOTA; Móveis; Ar Condicionado;4901; AR CONDICIONADO 9000 BTUS SPLIT QUENTE E FRIO-CONSUL; 19/03/2013; FUNDO MUNICIPAL DE SAUDE; Ativo;R$ 147,70; Compra Normal
 PREFEITURA MUNICIPAL DE BALNEÁRIO GAIVOTA; Móveis; Ar Condicionado;4778; AR CONDICIONADO 9000 BTUS SPLIT QUENTE E FRIO-CONSUL; 19/03/2013; FUNDO MUNICIPAL DE SAUDE; Ativo;R$ 147,70; Compra Normal
 PREFEITURA MUNICIPAL DE BALNEÁRIO GAIVOTA; Móveis; Ar Condicionado;4898; AR CONDICIONADO 9000 BTUS SPLIT QUENTE E FRIO-CONSUL; 19/03/2013; FUNDO MUNICIPAL DE SAUDE; Ativo;R$ 147,70; Compra Normal
 PREFEITURA MUNICIPAL DE BALNEÁRIO GAIVOTA; Móveis; Ar Condicionado;4908; AR CONDICIONADO 9000 BTUS SPLIT QUENTE E FRIO-CONSUL; 19/03/2013; FUNDO MUNICIPAL DE SAUDE; Ativo;R$ 147,70; Compra Normal
 PREFEITURA MUNICIPAL DE BALNEÁRIO GAIVOTA; Móveis; Ar Condicionado;4909; AR CONDICIONADO 9000 BTUS SPLIT QUENTE E FRIO-CONSUL; 19/03/2013; FUNDO MUNICIPAL DE SAUDE; Ativo;R$ 147,70; Compra Normal
 PREFEITURA MUNICIPAL DE BALNEÁRIO GAIVOTA; Móveis; Ar Condicionado;7371; AR CONDICIONADO 9000 BTUS SPLIT QUENTE E FRIO-CONSUL; 19/03/2013; FUNDO MUNICIPAL DE SAUDE; Ativo;R$ 147,70; Compra Normal
 PREFEITURA MUNICIPAL DE BALNEÁRIO GAIVOTA; Móveis; Ar Condicionado;5265; AR CONDICIONADO 9000 BTUS SPLIT QUENTE E FRIO-CONSUL; 19/03/2013; FUNDO MUNICIPAL DE SAUDE; Ativo;R$ 147,70; Compra Normal
 PREFEITURA MUNICIPAL DE BALNEÁRIO GAIVOTA; Móveis; ELETRODOMÉSTICOS;5256; AR CONDICIONADO 9000 BTUS SPLIT QUENTE E FRIO-CONSUL; 19/03/2013; FUNDO MUNICIPAL DE SAUDE; Ativo;R$ 147,70; Compra Normal
 PREFEITURA MUNICIPAL DE BALNEÁRIO GAIVOTA; Móveis; Ar Condicionado;5255; AR CONDICIONADO 9000 BTUS SPLIT QUENTE E FRIO-CONSUL; 19/03/2013; FUNDO MUNICIPAL DE SAUDE; Ativo;R$ 147,70; Compra Normal
 PREFEITURA MUNICIPAL DE BALNEÁRIO GAIVOTA; Móveis; Ar Condicionado;5258; AR CONDICIONADO 9000 BTUS SPLIT QUENTE E FRIO-CONSUL; 19/03/2013; FUNDO MUNICIPAL DE SAUDE; Ativo;R$ 147,70; Compra Normal
 PREFEITURA MUNICIPAL DE BALNEÁRIO GAIVOTA; Móveis; ELETRODOMÉSTICOS;4742; REFRIGERADOR ELETROLUX  260 LTS; 07/03/2013; FUNDO MUNICIPAL DE SAUDE; Ativo;R$ 197,00; Compra Normal
 PREFEITURA MUNICIPAL DE BALNEÁRIO GAIVOTA; Móveis; MOBILIÁRIO EM GERAL;4355; ALMOFADA EM COURINO PARA ASSENTO E ENCOSTO; 05/03/2013; MANUTENÇÃO DO CONSELHO TUTELAR; Ativo;R$ 40,00; Compra Normal
 PREFEITURA MUNICIPAL DE BALNEÁRIO GAIVOTA; Móveis; MOBILIÁRIO EM GERAL;4372; ALMOFADA EM COURINO PARA ASSENTO E ENCOSTO; 05/03/2013; MANUTENÇÃO DO CONSELHO TUTELAR; Ativo;R$ 40,00; Compra Normal
 PREFEITURA MUNICIPAL DE BALNEÁRIO GAIVOTA; Móveis; MOBILIÁRIO EM GERAL;4348; BALCÃO 02 PORTAS PARA BEBEDOURO 0,70X0,80X0,45; 05/03/2013; MANUTENÇÃO DO CONSELHO TUTELAR; Ativo;R$ 42,00; Compra Normal
 PREFEITURA MUNICIPAL DE BALNEÁRIO GAIVOTA; Móveis; MOBILIÁRIO EM GERAL;4374; MESA DE ATENDIMENTO RECEPÇÃO 1,70X0,80X1,40; 05/03/2013; MANUTENÇÃO DO CONSELHO TUTELAR; Ativo;R$ 102,00; Compra Normal
 PREFEITURA MUNICIPAL DE BALNEÁRIO GAIVOTA; Móveis; MOBILIÁRIO EM GERAL;4349; PAINEL COM NICHOS PARA MURAL; 05/03/2013; MANUTENÇÃO DO CONSELHO TUTELAR; Ativo;R$ 52,00; Compra Normal
 PREFEITURA MUNICIPAL DE BALNEÁRIO GAIVOTA; Móveis; MOBILIÁRIO EM GERAL;4350; PAINEL PARA REVESTIMENTO COM MESA DE CANTO; 05/03/2013; MANUTENÇÃO DO CONSELHO TUTELAR; Ativo;R$ 65,00; Compra Normal
 PREFEITURA MUNICIPAL DE BALNEÁRIO GAIVOTA; Móveis; EQUIPAMENTOS DOMÉSTICOS;4377; ASPIRADOR DE PÓ SILE ARNO PEROLA 220 V; 01/03/2013; MANUTENÇÃO DA SECRETARIA DE ADMINISTRAÇÃ; Ativo;R$ 31,50; Compra Normal
 PREFEITURA MUNICIPAL DE BALNEÁRIO GAIVOTA; Móveis; MICROCOMPUTADOR;5143; CPU/13 MEM 4GB/HD 500GB/MB GIGABYTE/GABINETE 4 BAIAS/GRAV DVD; 21/02/2013; DIRETORIA DE AGRICULTURA; Ativo;R$ 116,00; Compra Normal
 PREFEITURA MUNICIPAL DE BALNEÁRIO GAIVOTA; Móveis; IMPRESSORAS;4437; IMPRESSORA MULTIFUNCIONAL LASER BROTHER 8080DN; 20/02/2013; BENS PARA LEILÃO; Baixado;R$ 1.439,69; Compra Normal
 PREFEITURA MUNICIPAL DE BALNEÁRIO GAIVOTA; Móveis; MÁQUINAS PARA ESCRITÓRIO;4439; FRAGMENTADORA DE PAPEL AURORA COM CESTO AS1030CD 220V; 01/02/2013; MANUTENÇÃO DA SECRETARIA DE ADMINISTRAÇÃ; Ativo;R$ 62,00; Compra Normal
 PREFEITURA MUNICIPAL DE BALNEÁRIO GAIVOTA; Móveis; PERIFÉRICOS - COMPUTAÇÃO;4433; HD EXTERNO ITB HITACHI OS 03463 TOURO USB 3 0 FAST 2,05'' PRETO BOX; 01/02/2013; MANUTENÇÃO DA SECRETARIA DE ADMINISTRAÇÃ; Ativo;R$ 46,00; Compra Normal
 PREFEITURA MUNICIPAL DE BALNEÁRIO GAIVOTA; Móveis; IMPRESSORAS;4407; IMPRESSORA HP MULTIFUNCIONAL LASER MONO M1132; 31/01/2013; MANUTENÇÃO DA SECRETARIA DE ARRECADAÇÃO; Ativo;R$ 84,50; Compra Normal
 PREFEITURA MUNICIPAL DE BALNEÁRIO GAIVOTA; Móveis; ELETRODOMÉSTICOS;4743; REFRIGERADOR ELETROLUX 2 PORTAS 260 LTS; 29/01/2013; FUNDO MUNICIPAL DE SAUDE; Ativo;R$ 197,00; Compra Normal
 PREFEITURA MUNICIPAL DE BALNEÁRIO GAIVOTA; Móveis; MOBILIÁRIO EM GERAL;4772; BEBEDOURO ELETRICO TIPO PRESSÃO- IBBL; 29/01/2013; FUNDO MUNICIPAL DE SAUDE; Ativo;R$ 71,90; Compra Normal
 PREFEITURA MUNICIPAL DE BALNEÁRIO GAIVOTA; Móveis; EQUIPAMENTOS MÉDICOS;5270; MACA CARRO PADIOLA DE 5  COR BRANCA- SANTA LUZIA; 29/01/2013; FUNDO MUNICIPAL DE SAUDE; Ativo;R$ 119,10; Compra Normal
 PREFEITURA MUNICIPAL DE BALNEÁRIO GAIVOTA; Móveis; EQUIPAMENTOS MÉDICOS;5245; CARRO PADIOLA DE 5  COR BRANCA- SANTA LUZIA (maca); 29/01/2013; FUNDO MUNICIPAL DE SAUDE; Ativo;R$ 119,10; Compra Normal
 PREFEITURA MUNICIPAL DE BALNEÁRIO GAIVOTA; Móveis; EQUIPAMENTOS MÉDICOS;6112; CARRO PADIOLA DE 5  COR BRANCA- SANTA LUZIA (maca); 29/01/2013; FUNDO MUNICIPAL DE SAUDE; Ativo;R$ 119,10; Compra Normal
 PREFEITURA MUNICIPAL DE BALNEÁRIO GAIVOTA; Móveis; MOBILIÁRIO EM GERAL;4801; CRIADO MUDO C/ 3 GAVETAS COR BEGE- CONFIANÇA; 29/01/2013; FUNDO MUNICIPAL DE SAUDE; Ativo;R$ 30,80; Compra Normal
 PREFEITURA MUNICIPAL DE BALNEÁRIO GAIVOTA; Móveis; MOBILIÁRIO EM GERAL;4802; CRIADO MUDO C/ 3 GAVETAS COR BEGE- CONFIANÇA; 29/01/2013; BENS INSERVÍVEIS; Ativo;R$ 30,80; Compra Normal
 PREFEITURA MUNICIPAL DE BALNEÁRIO GAIVOTA; Móveis; MOBILIÁRIO EM GERAL;5237; MESA DE 4 CADEIRAS-FRITZ; 29/01/2013; FUNDO MUNICIPAL DE SAUDE; Ativo;R$ 65,50; Compra Normal
 PREFEITURA MUNICIPAL DE BALNEÁRIO GAIVOTA; Móveis; MOBILIÁRIO EM GERAL;5269; MESA PARA MASSAGEM COR BRANCA- SANTA LUZIA; 29/01/2013; FUNDO MUNICIPAL DE SAUDE; Ativo;R$ 59,50; Compra Normal
 PREFEITURA MUNICIPAL DE BALNEÁRIO GAIVOTA; Móveis; MOBILIÁRIO EM GERAL;5274; MESA PARA MASSAGEM COR BRANCA- SANTA LUZIA; 29/01/2013; FUNDO MUNICIPAL DE SAUDE; Ativo;R$ 59,50; Compra Normal
 PREFEITURA MUNICIPAL DE BALNEÁRIO GAIVOTA; Móveis; MOBILIÁRIO EM GERAL;5275; MESA PARA MASSAGEM COR BRANCA- SANTA LUZIA; 29/01/2013; FUNDO MUNICIPAL DE SAUDE; Ativo;R$ 59,50; Compra Normal
 CAMARA MUNICIPAL DE BALNEARIO GAIVOTA; MOVEIS; Cod.: 2 - ELETRONICOS;165; AR CONDICIONADO SPLINTT 9000 BTUS CONSUL; 29/01/2013; CAMARA MUNICIPAL DE VEREADORES; Em uso;R$ 177,90; Compra
 PREFEITURA MUNICIPAL DE BALNEÁRIO GAIVOTA; Móveis; MOBILIÁRIO EM GERAL;4797; ARMÁRIO 2 PORTAS COR BEGE- USA MÓVEIS; 17/01/2013; FUNDO MUNICIPAL DE SAUDE; Ativo;R$ 66,98; Compra Normal
 PREFEITURA MUNICIPAL DE BALNEÁRIO GAIVOTA; Móveis; MOBILIÁRIO EM GERAL;4773; ARQUIVO 4 GAVETAS COR BEGE- USA MÓVEIS; 17/01/2013; FUNDO MUNICIPAL DE SAUDE; Baixado;R$ 331,43; Compra Normal
 PREFEITURA MUNICIPAL DE BALNEÁRIO GAIVOTA; Móveis; MOBILIÁRIO EM GERAL;4774; ARQUIVO 4 GAVETAS COR BEGE- USA MÓVEIS; 17/01/2013; FUNDO MUNICIPAL DE SAUDE; Baixado;R$ 331,43; Compra Normal
 PREFEITURA MUNICIPAL DE BALNEÁRIO GAIVOTA; Móveis; MOBILIÁRIO EM GERAL;4800; ARQUIVO 4 GAVETAS COR BEGE- USA MÓVEIS; 17/01/2013; FUNDO MUNICIPAL DE SAUDE; Baixado;R$ 331,43; Compra Normal
 PREFEITURA MUNICIPAL DE BALNEÁRIO GAIVOTA; Móveis; MOBILIÁRIO EM GERAL;4795; MESA C/ 2 GAVETAS COR BEGE- USA MÓVEIS; 17/01/2013; FUNDO MUNICIPAL DE SAUDE; Ativo;R$ 44,10; Compra Normal
 PREFEITURA MUNICIPAL DE BALNEÁRIO GAIVOTA; Móveis; MOBILIÁRIO EM GERAL;6411; MESA C/ 2 GAVETAS COR BEGE- USA MÓVEIS; 17/01/2013; FUNDO MUNICIPAL DE SAUDE; Ativo;R$ 44,10; Compra Normal
 PREFEITURA MUNICIPAL DE BALNEÁRIO GAIVOTA; Móveis; MOBILIÁRIO EM GERAL;4798; MESA 1,20 X 1,20 COR BEGE- USA MÓVEIS; 17/01/2013; FUNDO MUNICIPAL DE SAUDE; Ativo;R$ 51,60; Compra Normal
 PREFEITURA MUNICIPAL DE BALNEÁRIO GAIVOTA; Móveis; CÂMARA FOTOGRÁFICA;877; CAMERA DIGITAL CANON EOS T4 Í; 15/01/2013; PROMOÇÃO DO ESPORTE AMADOR; Ativo;R$ 270,00; Compra Normal
 PREFEITURA MUNICIPAL DE BALNEÁRIO GAIVOTA; Móveis; MOBILIÁRIO EM GERAL;4794; ARMÁRIO AEREO COR BRANCA 6 PORTAS- DEMOVELLI; 14/01/2013; FUNDO MUNICIPAL DE SAUDE; Ativo;R$ 77,20; Compra Normal
 PREFEITURA MUNICIPAL DE BALNEÁRIO GAIVOTA; Móveis; MOBILIÁRIO EM GERAL;5229; CADEIRA GIRATÓRIA EXECUTIVA-VICTOR; 14/01/2013; BENS INSERVÍVEIS; Ativo;R$ 46,10; Compra Normal
 PREFEITURA MUNICIPAL DE BALNEÁRIO GAIVOTA; Móveis; MOBILIÁRIO EM GERAL;6115; BANCO ESTOFADO C/ ESPUMA INJETADA- VICTOR; 14/01/2013; FUNDO MUNICIPAL DE SAUDE; Ativo;R$ 72,70; Compra Normal
 PREFEITURA MUNICIPAL DE BALNEÁRIO GAIVOTA; Móveis; MOBILIÁRIO EM GERAL;6066; BANCO ESTOFADO C/ ESPUMA INJETADA- VICTOR; 14/01/2013; FUNDO MUNICIPAL DE SAUDE; Ativo;R$ 72,70; Compra Normal
 PREFEITURA MUNICIPAL DE BALNEÁRIO GAIVOTA; Móveis; MOBILIÁRIO EM GERAL;6067; BANCO ESTOFADO C/ ESPUMA INJETADA- VICTOR; 14/01/2013; FUNDO MUNICIPAL DE SAUDE; Ativo;R$ 72,70; Compra Normal
 PREFEITURA MUNICIPAL DE BALNEÁRIO GAIVOTA; Móveis; MOBILIÁRIO EM GERAL;5999; BANCO ESTOFADO C/ ESPUMA INJETADA- VICTOR; 14/01/2013; FUNDO MUNICIPAL DE SAUDE; Ativo;R$ 72,70; Compra Normal
 PREFEITURA MUNICIPAL DE BALNEÁRIO GAIVOTA; Móveis; MOBILIÁRIO EM GERAL;6113; BANCO ESTOFADO C/ ESPUMA INJETADA- VICTOR; 14/01/2013; FUNDO MUNICIPAL DE SAUDE; Ativo;R$ 72,70; Compra Normal
 PREFEITURA MUNICIPAL DE BALNEÁRIO GAIVOTA; Móveis; MOBILIÁRIO EM GERAL;6086; BANCO ESTOFADO C/ ESPUMA INJETADA- VICTOR; 14/01/2013; FUNDO MUNICIPAL DE SAUDE; Ativo;R$ 72,70; Compra Normal
 PREFEITURA MUNICIPAL DE BALNEÁRIO GAIVOTA; Móveis; CÂMARA FOTOGRÁFICA;888; CAMERA DIGITAL SONY DSC-W620 14.1 MP PRETA; 08/01/2013; BENS INSERVÍVEIS; Baixado;R$ 182,70; Compra Normal
 PREFEITURA MUNICIPAL DE BALNEÁRIO GAIVOTA; Móveis; MICROCOMPUTADOR;4406; CPU CORE I3 3.3GHZ/MB LGA1155/HB 500GB/MEM 4GB/GAB. 4BAIAS/GRAV. DVD; 08/01/2013; MANUTENÇÃO DA SECRETARIA DE ARRECADAÇÃO; Ativo;R$ 117,00; Compra Normal
 PREFEITURA MUNICIPAL DE BALNEÁRIO GAIVOTA; Móveis; EQUIPAMENTOS DOMÉSTICOS;4793; FOGÃO 4 BOCAS-MUELLER; 07/01/2013; FUNDO MUNICIPAL DE SAUDE; Ativo;R$ 39,40; Compra Normal
 PREFEITURA MUNICIPAL DE BALNEÁRIO GAIVOTA; Móveis; EQUIPAMENTOS DOMÉSTICOS;4783; TV LCD 32 - SANSUNG; 07/01/2013; FUNDO MUNICIPAL DE SAUDE; Baixado;R$ 218,50; Compra Normal
 PREFEITURA MUNICIPAL DE BALNEÁRIO GAIVOTA; Móveis; MICROCOMPUTADOR;4324; MICROCOMPUTADOR PROC. INTEL/HD SATA 500GB/MEMORIA 8GB/GRAVADOR DVD-RW MONITOR LCD 20 POLEGADAS; 04/12/2012; MANUTENÇÃO DA SECRETARIA DE ARRECADAÇÃO; Ativo;R$ 189,60; Compra Normal
 CAMARA MUNICIPAL DE BALNEARIO GAIVOTA; MOVEIS; Cod.: 3 - INFORMATICA;164; NOOTBOOK  DELL ISPIRON 15 COM TELE DE 15 PROCESADOR CORE I7 WINDOS 8; 22/11/2012; CAMARA MUNICIPAL DE VEREADORES; Baixado;R$ 295,97; Compra
 PREFEITURA MUNICIPAL DE BALNEÁRIO GAIVOTA; Móveis; Ar Condicionado;4325; AR CONDICIONADO ELECTROLUX SPRING 7000 BTUS.; 20/11/2012; FUNDO MUNICIPAL DE SAUDE; Ativo;R$ 128,90; Compra Normal
 PREFEITURA MUNICIPAL DE BALNEÁRIO GAIVOTA; Móveis; IMPRESSORAS;4321; IMPRESSORA HP LASER MONO M1536.; 20/11/2012; BENS PARA LEILÃO; Baixado;R$ 192,28; Compra Normal
 PREFEITURA MUNICIPAL DE BALNEÁRIO GAIVOTA; Móveis; VEICULOS LEVES;4326; MOTO BIZ 125 ES CHASSI 9C2JC4820DR304973 COR VERMELHO METÁLICO PLACA MKQ9147 RENAVAM 496895141; 07/11/2012; FUNDO MUNICIPAL DE SAUDE; Ativo;R$ 712,00; Compra Normal
 PREFEITURA MUNICIPAL DE BALNEÁRIO GAIVOTA; Móveis; VEICULOS PESADOS;4306;" TRATOR AGRICOLA; 4X4 4 CILINDROS 75CV. ASPIRADO NEW HOLLAND CHASSI: ZCCG97029"; 31/10/2012; MANUTENÇÃO DA SECRETARIA DE OBRAS E SERV; Ativo;R$ 7.199,00; Compra Normal
 PREFEITURA MUNICIPAL DE BALNEÁRIO GAIVOTA; Móveis; IMPLEMENTOS AGRÍCOLAS;4311; PLANTADORA ADUBADORA JUMIL CHASSSI: 2012/15228-1; 31/10/2012; DIRETORIA DE AGRICULTURA; Ativo;R$ 1.799,00; Compra Normal
 PREFEITURA MUNICIPAL DE BALNEÁRIO GAIVOTA; Móveis; IMPLEMENTOS AGRÍCOLAS;4310; GRADE HIDRAULICA AGRI-TILLAGE DE 28 DISCOS CHASSI: 60242337001001; 31/10/2012; DIRETORIA DE AGRICULTURA; Ativo;R$ 499,50; Compra Normal
 PREFEITURA MUNICIPAL DE BALNEÁRIO GAIVOTA; Móveis; IMPLEMENTOS AGRÍCOLAS;4307; CARRETA AGRICOLA TRITON CHASSI: 35297; 31/10/2012; DIRETORIA DE AGRICULTURA; Ativo;R$ 499,50; Compra Normal
 PREFEITURA MUNICIPAL DE BALNEÁRIO GAIVOTA; Móveis; MOBILIÁRIO EM GERAL;4219; ESTADIOMETRO PERSONAL CAPRICE SANNY.; 25/10/2012; MANUTENÇÃO DA SECRETARIA DE EDUCAÇÃO; Ativo;R$ 57,80; Compra Normal
 PREFEITURA MUNICIPAL DE BALNEÁRIO GAIVOTA; Móveis; MICROCOMPUTADOR;4266; COMPUTADOR BITWAY 4 GIGA HD 1TB MONITOR 20 POL.; 25/10/2012; PROMOÇÃO DO ESPORTE AMADOR; Ativo;R$ 194,70; Compra Normal
 PREFEITURA MUNICIPAL DE BALNEÁRIO GAIVOTA; Móveis; MOBILIÁRIO EM GERAL;3813; DESUMIDIFICADOR DE PAPEL 600 F; 25/10/2012; BENS PARA LEILÃO; Baixado;R$ 31,99; Compra Normal
 PREFEITURA MUNICIPAL DE BALNEÁRIO GAIVOTA; Móveis; MOBILIÁRIO EM GERAL;4270; DESUMIDIFICADOR DE PAPEL 600 F.; 25/10/2012; BENS INSERVÍVEIS; Ativo;R$ 31,99; Compra Normal
 PREFEITURA MUNICIPAL DE BALNEÁRIO GAIVOTA; Móveis; MOBILIÁRIO EM GERAL;4233; DESUMIDIFICADOR DE PAPEL 600 F; 25/10/2012; BENS PARA LEILÃO; Baixado;R$ 209,50; Compra Normal
 PREFEITURA MUNICIPAL DE BALNEÁRIO GAIVOTA; Móveis; MOBILIÁRIO EM GERAL;4271; ARMÁRIO KAPESBERG ALTO C/  PORTAS CILIEGIO; 25/10/2012; BENS PARA LEILÃO; Baixado;R$ 43,99; Compra Normal
 PREFEITURA MUNICIPAL DE BALNEÁRIO GAIVOTA; Móveis; MOBILIÁRIO EM GERAL;3815; ARMÁRIO KAPESBERG ALTO C/ 2 PORTAS; 25/10/2012; MANUTENÇÃO DO CONSELHO TUTELAR; Ativo;R$ 43,99; Compra Normal
 PREFEITURA MUNICIPAL DE BALNEÁRIO GAIVOTA; Móveis; MOBILIÁRIO EM GERAL;3811; ARQUIVO W3 DE METAL; 25/10/2012; MANUTENÇÃO DO CONSELHO TUTELAR; Ativo;R$ 36,90; Compra Normal
 PREFEITURA MUNICIPAL DE BALNEÁRIO GAIVOTA; Móveis; MICROCOMPUTADOR;4262; NOTEBOOK POSITIVO MASTER N170I - FNDE C/ MOUSE USB; 19/10/2012; APOIO A CRIANÇA E AO ADOLECESTE EM SITUA; Ativo;R$ 148,61; Doação
 CAMARA MUNICIPAL DE BALNEARIO GAIVOTA; MOVEIS; Cod.: 3 - INFORMATICA;163; IMPRESSORA HP DESTJ 1000; 22/09/2012; CAMARA MUNICIPAL DE VEREADORES; Baixado;R$ 149,40; Compra
 PREFEITURA MUNICIPAL DE BALNEÁRIO GAIVOTA; Móveis; VEICULOS LEVES; -; VECTRA GLS PLACA CNS 9521 ANO 1998, TRANSF. Nº 81; 18/09/2012; BENS INSERVÍVEIS; Baixado;R$ 17.538,15; Compra Normal
 CAMARA MUNICIPAL DE BALNEARIO GAIVOTA; MOVEIS; Cod.: 3 - INFORMATICA;162; IMPRESSORA BROTHER MULTIFUNCIONAL MONO LESAR MOD MFC 7860DW NA COR PRETA; 05/09/2012; CAMARA MUNICIPAL DE VEREADORES; Baixado;R$ 125,00; Compra
 PREFEITURA MUNICIPAL DE BALNEÁRIO GAIVOTA; Móveis; APARELHOS ELETRO-ELETRÔNICOS;4213; ASPIRADOR DE PO - ARNO; 27/08/2012; BENS PARA LEILÃO; Baixado;R$ 31,50; Compra Normal
 PREFEITURA MUNICIPAL DE BALNEÁRIO GAIVOTA; Móveis; EQUIPAMENTOS DOMÉSTICOS;4227; FORNO ELETRICO - PHILCO; 27/08/2012; BENS INSERVÍVEIS; Baixado;R$ 215,95; Compra Normal
 PREFEITURA MUNICIPAL DE BALNEÁRIO GAIVOTA; Móveis; EQUIPAMENTOS DOMÉSTICOS;4231; MICROONDAS 31L - ELETROLUX; 27/08/2012; MANUTENÇÃO DA SECRETARIA DE EDUCAÇÃO; Ativo;R$ 37,50; Compra Normal
 PREFEITURA MUNICIPAL DE BALNEÁRIO GAIVOTA; Móveis; EQUIPAMENTOS DOMÉSTICOS;4226; MAQUINA DE LAVAR ROUPAS 12KG ELECTROLUX; 27/08/2012; MANUTENÇÃO DA SECRETARIA DE EDUCAÇÃO; Baixado;R$ 134,50; Compra Normal
 CAMARA MUNICIPAL DE BALNEARIO GAIVOTA; MOVEIS; Cod.: 2 - ELETRONICOS;161; TELEVISOR LCD SONY 32 POLEGADAS; 17/08/2012; CAMARA MUNICIPAL DE VEREADORES; Baixado;R$ 115,00; Compra
 PREFEITURA MUNICIPAL DE BALNEÁRIO GAIVOTA; Móveis; MOBILIÁRIO EM GERAL;7871; AERIO 3PTS IMOBAL; 15/08/2012; MANUTENÇÃO DA SECRETARIA DE EDUCAÇÃO; Ativo;R$ 59,40; Compra Normal
 PREFEITURA MUNICIPAL DE BALNEÁRIO GAIVOTA; Móveis; MOBILIÁRIO EM GERAL;3998; ARMARIO KAPESBERG ALTO 1013 CILIEGIO; 15/08/2012; MANUTENÇÃO DA SECRETARIA DE EDUCAÇÃO; Ativo;R$ 43,70; Compra Normal
 PREFEITURA MUNICIPAL DE BALNEÁRIO GAIVOTA; Móveis; MOBILIÁRIO EM GERAL;3939; ARMARIO KAPESBERG ALTO 1013 CILIEGIO; 15/08/2012; MANUTENÇÃO DA SECRETARIA DE EDUCAÇÃO; Ativo;R$ 43,70; Compra Normal
 PREFEITURA MUNICIPAL DE BALNEÁRIO GAIVOTA; Móveis; MOBILIÁRIO EM GERAL;3946; ARMARIO KAPESBERG ALTO 1013 CILIEGIO; 15/08/2012; MANUTENÇÃO DA SECRETARIA DE EDUCAÇÃO; Ativo;R$ 43,70; Compra Normal
 PREFEITURA MUNICIPAL DE BALNEÁRIO GAIVOTA; Móveis; MOBILIÁRIO EM GERAL;4210; BALCAO DE PIA 3 PTS 4 GAV. IMOBAL; 15/08/2012; BENS PARA LEILÃO; Baixado;R$ 82,40; Compra Normal
 PREFEITURA MUNICIPAL DE BALNEÁRIO GAIVOTA; Móveis; MOBILIÁRIO EM GERAL;3871; BALCAO EM MDF P/COZINHA IMOBAL; 15/08/2012; MANUTENÇÃO DA SECRETARIA DE EDUCAÇÃO; Ativo;R$ 134,50; Compra Normal
 PREFEITURA MUNICIPAL DE BALNEÁRIO GAIVOTA; Móveis; MOBILIÁRIO EM GERAL;3956; MESA KAPESBERG 1,20 CILIEGIO C/GAVETEIRO; 15/08/2012; MANUTENÇÃO DA SECRETARIA DE EDUCAÇÃO; Ativo;R$ 32,70; Compra Normal
 PREFEITURA MUNICIPAL DE BALNEÁRIO GAIVOTA; Móveis; MOBILIÁRIO EM GERAL;3945; MESA KAPESBERG 1,20 CILIEGIO C/GAVETEIRO; 15/08/2012; MANUTENÇÃO DA SECRETARIA DE EDUCAÇÃO; Ativo;R$ 32,70; Compra Normal
 PREFEITURA MUNICIPAL DE BALNEÁRIO GAIVOTA; Móveis; MOBILIÁRIO EM GERAL;4239; PEDRA DE GRANITO LUSTRADO VENTURINE; 15/08/2012; MANUTENÇÃO DA SECRETARIA DE EDUCAÇÃO; Ativo;R$ 132,40; Compra Normal
 PREFEITURA MUNICIPAL DE BALNEÁRIO GAIVOTA; Móveis; MOBILIÁRIO EM GERAL;8178; ESTADIOMETRO DE PAREDE ( AFERIR ALTURA); 15/08/2012; FUNDO MUNICIPAL DE SAUDE; Ativo;R$ 32,22; Compra Normal
 PREFEITURA MUNICIPAL DE BALNEÁRIO GAIVOTA; Móveis; MOBILIÁRIO EM GERAL;4417; CADEIRA RECLINAVEL - DIVÃ; 15/08/2012; FUNDO MUNICIPAL DE SAUDE; Ativo;R$ 35,64; Compra Normal
 PREFEITURA MUNICIPAL DE BALNEÁRIO GAIVOTA; Móveis; MOBILIÁRIO EM GERAL;4209; BALANÇA INFANTIL DIGITAL BIVOLT.; 15/08/2012; FUNDO MUNICIPAL DE SAUDE; Ativo;R$ 80,58; Compra Normal
 PREFEITURA MUNICIPAL DE BALNEÁRIO GAIVOTA; Móveis; EQUIPAMENTOS MÉDICOS;4245; APARELHO DE ULTRA-SOM HD7 XE SÉRIE BR 53110; 14/08/2012; FUNDO MUNICIPAL DE SAUDE; Baixado;R$ 9.333,40; Compra Normal
 CAMARA MUNICIPAL DE BALNEARIO GAIVOTA; MOVEIS; Cod.: 3 - INFORMATICA;160; MAQUINA DE IMPRIMIR ETIQUETA A QL 570; 11/08/2012; CAMARA MUNICIPAL DE VEREADORES; Baixado;R$ 49,00; Compra
 PREFEITURA MUNICIPAL DE BALNEÁRIO GAIVOTA; Móveis; MOBILIÁRIO EM GERAL;4265; ADUÇÃO DE BRAÇOS  (MULTIEXERCITADOR); 09/08/2012; PROMOÇÃO E MANUTENÇÃO DAS ATIVIDADES TUR; Ativo;R$ 395,00; Compra Normal
 PREFEITURA MUNICIPAL DE BALNEÁRIO GAIVOTA; Móveis; MOBILIÁRIO EM GERAL;4264; ADUÇÃO DE BRAÇOS  ( REMADA SENTADA); 09/08/2012; PROMOÇÃO E MANUTENÇÃO DAS ATIVIDADES TUR; Ativo;R$ 395,00; Compra Normal
 PREFEITURA MUNICIPAL DE BALNEÁRIO GAIVOTA; Móveis; MOBILIÁRIO EM GERAL;7698; ADUÇÃO DE PERNAS ( ACADEMIA DE GINÁSTICA) SEC. TUR. CULT. E ESPORTE.; 09/08/2012; PROMOÇÃO E MANUTENÇÃO DAS ATIVIDADES TUR; Ativo;R$ 195,00; Compra Normal
 PREFEITURA MUNICIPAL DE BALNEÁRIO GAIVOTA; Móveis; MOBILIÁRIO EM GERAL;7697; ADUÇÃO DE PERNAS ( ACADEMIA DE GINÁSTICA) SEC. TUR. CULT. E ESPORTE.; 09/08/2012; PROMOÇÃO E MANUTENÇÃO DAS ATIVIDADES TUR; Ativo;R$ 195,00; Compra Normal
 PREFEITURA MUNICIPAL DE BALNEÁRIO GAIVOTA; Móveis; MOBILIÁRIO EM GERAL;7696; ALONGADOR C/ TRÊS ALTURAS; 09/08/2012; PROMOÇÃO E MANUTENÇÃO DAS ATIVIDADES TUR; Ativo;R$ 195,00; Compra Normal
 PREFEITURA MUNICIPAL DE BALNEÁRIO GAIVOTA; Móveis; MOBILIÁRIO EM GERAL;4206; ALONGADOR (DESENVOLVIMENTO); 09/08/2012; PROMOÇÃO E MANUTENÇÃO DAS ATIVIDADES TUR; Ativo;R$ 195,00; Compra Normal
 PREFEITURA MUNICIPAL DE BALNEÁRIO GAIVOTA; Móveis; MOBILIÁRIO EM GERAL;4298; ALONGFLEX ( SURF ); 09/08/2012; PROMOÇÃO E MANUTENÇÃO DAS ATIVIDADES TUR; Ativo;R$ 195,00; Compra Normal
 PREFEITURA MUNICIPAL DE BALNEÁRIO GAIVOTA; Móveis; MOBILIÁRIO EM GERAL;4292; ALONGFLEX (SURF); 09/08/2012; PROMOÇÃO E MANUTENÇÃO DAS ATIVIDADES TUR; Ativo;R$ 195,00; Compra Normal
 PREFEITURA MUNICIPAL DE BALNEÁRIO GAIVOTA; Móveis; MOBILIÁRIO EM GERAL;4207; MASSAGEADOR DUPLO ( SIMULADOR DE CAMINHADA ); 09/08/2012; PROMOÇÃO E MANUTENÇÃO DAS ATIVIDADES TUR; Ativo;R$ 245,00; Compra Normal
 PREFEITURA MUNICIPAL DE BALNEÁRIO GAIVOTA; Móveis; MOBILIÁRIO EM GERAL;4256; MASSAGEADOR DUPLO; 09/08/2012; PROMOÇÃO E MANUTENÇÃO DAS ATIVIDADES TUR; Ativo;R$ 245,00; Compra Normal
 PREFEITURA MUNICIPAL DE BALNEÁRIO GAIVOTA; Móveis; MOBILIÁRIO EM GERAL;4694; ESQUI INDIVIDUAL; 09/08/2012; PROMOÇÃO E MANUTENÇÃO DAS ATIVIDADES TUR; Ativo;R$ 195,00; Compra Normal
 PREFEITURA MUNICIPAL DE BALNEÁRIO GAIVOTA; Móveis; MOBILIÁRIO EM GERAL;4696; ESQUI INDIVIDUAL; 09/08/2012; PROMOÇÃO E MANUTENÇÃO DAS ATIVIDADES TUR; Ativo;R$ 195,00; Compra Normal
 PREFEITURA MUNICIPAL DE BALNEÁRIO GAIVOTA; Móveis; MOBILIÁRIO EM GERAL;4700; ROTAÇÃO VERTICAL C/ DIAGONAL; 09/08/2012; PROMOÇÃO E MANUTENÇÃO DAS ATIVIDADES TUR; Ativo;R$ 211,00; Compra Normal
 PREFEITURA MUNICIPAL DE BALNEÁRIO GAIVOTA; Móveis; MOBILIÁRIO EM GERAL;4695; ROTAÇÃO VERTICAL C/ DIAGONAL; 09/08/2012; PROMOÇÃO E MANUTENÇÃO DAS ATIVIDADES TUR; Ativo;R$ 211,00; Compra Normal
 PREFEITURA MUNICIPAL DE BALNEÁRIO GAIVOTA; Móveis; ELETRODOMÉSTICOS;4277; FOGAO BRASLAR 4B FENIX BLACK C/ACEND. NOMATIZ; 07/08/2012; BENS PARA LEILÃO; Baixado;R$ 277,61; Compra Normal
 PREFEITURA MUNICIPAL DE BALNEÁRIO GAIVOTA; Móveis; EQUIPAMENTOS DOMÉSTICOS;2635; CARRO FUNCIONAL CINZA 1021  (CARRO DE LIMPEZA); 06/08/2012; MANUTENÇÃO DA SECRETARIA DE EDUCAÇÃO; Ativo;R$ 47,57; Compra Normal
 CÂMARA MUNICIPAL BALNEÁRIO GAIVOTA; MOVEIS; Cod.: 7 - MOVEIS;159; RACK HB LEGO MARFIN; 31/07/2012; CAMARA MUNICIPAL DE VEREADORES; Em uso;R$ 3,30; Compra
 PREFEITURA MUNICIPAL DE BALNEÁRIO GAIVOTA; Móveis; CÂMARA FOTOGRÁFICA;6766; CAMERA DIGITAL SONY DSC-W570/S; 18/07/2012; BENS PARA LEILÃO; Baixado;R$ 59,80; Compra Normal
 PREFEITURA MUNICIPAL DE BALNEÁRIO GAIVOTA; Móveis; APARELHOS ELETRO-ELETRÔNICOS;3687; PROJETOR DE IMAGENS DATA SHOW SONY VPL EX100; 18/07/2012; MANUTENÇÃO DA SECRETARIA DE EDUCAÇÃO; Ativo;R$ 222,40; Compra Normal
 PREFEITURA MUNICIPAL DE BALNEÁRIO GAIVOTA; Móveis; MICROCOMPUTADOR;3685; NOTEBOOK LG A520 I3 15,6 4GIGA HD500 3D; 18/07/2012; BENS PARA LEILÃO; Baixado;R$ 352,30; Compra Normal
 PREFEITURA MUNICIPAL DE BALNEÁRIO GAIVOTA; Móveis; MOBILIÁRIO EM GERAL;3806; ARQUIVO KAESBERG 4 GAVETA CILIEGIO REF 1004; 16/07/2012; MANUTENÇÃO DO CONSELHO TUTELAR; Ativo;R$ 43,90; Doação
 PREFEITURA MUNICIPAL DE BALNEÁRIO GAIVOTA; Móveis; MOBILIÁRIO EM GERAL;3994; BALÇÃO ATENDIMENTO REGIANI C/ TECLADO CARVALHO; 16/07/2012; FUNDO MUNICIPAL DE SAUDE; Baixado;R$ 162,90; Compra Normal
 PREFEITURA MUNICIPAL DE BALNEÁRIO GAIVOTA; Móveis; MOBILIÁRIO EM GERAL;3948; ARMARIO KAPESBERG ALTO 1013 CINZA; 16/07/2012; FUNDO MUNICIPAL DE SAUDE; Ativo;R$ 43,99; Compra Normal
 PREFEITURA MUNICIPAL DE BALNEÁRIO GAIVOTA; Móveis; ESTABILIZADOR/NOBREAK;592; NOBREAK 600VA; 16/07/2012; MANUTENÇÃO DA SECRETARIA DE ADMINISTRAÇÃ; Ativo;R$ 32,50; Compra Normal
 PREFEITURA MUNICIPAL DE BALNEÁRIO GAIVOTA; Móveis; APARELHO DE COMUNICAÇÃO;3925; FAX PANASONIC; 10/07/2012; FUNDO MUNICIPAL DE SAUDE; Baixado;R$ 352,39; Compra Normal
 PREFEITURA MUNICIPAL DE BALNEÁRIO GAIVOTA; Móveis; MÁQUINAS PARA ESCRITÓRIO;3842; FRAGMENTADORA DE PAPEL 15 FLS; 10/07/2012; BENS PARA LEILÃO; Baixado;R$ 470,83; Compra Normal
 PREFEITURA MUNICIPAL DE BALNEÁRIO GAIVOTA; Móveis; MICROCOMPUTADOR;3705; COMPUTADOR BITWAY DUAL  CORE 4 GIGA HD 500GB; 10/07/2012; MANUTENÇÃO DA SECRETARIA DE ADMINISTRAÇÃ; Ativo;R$ 147,90; Compra Normal
 PREFEITURA MUNICIPAL DE BALNEÁRIO GAIVOTA; Móveis; MICROCOMPUTADOR;360; COMPUTADOR BITWAY DUAL  CORE 4 GIGA HD 500GB; 10/07/2012; MANUTENÇÃO DA SECRETARIA DE ADMINISTRAÇÃ; Ativo;R$ 147,90; Compra Normal
 PREFEITURA MUNICIPAL DE BALNEÁRIO GAIVOTA; Móveis; ELETRODOMÉSTICOS;3604; FOGÃO DAKO 4 BOCAS INDUSTRIAL; 10/07/2012; BENS INSERVÍVEIS; Baixado;R$ 426,55; Compra Normal
 PREFEITURA MUNICIPAL DE BALNEÁRIO GAIVOTA; Móveis; ELETRODOMÉSTICOS;3603; REFRIGERADOR ELECTROLUX DC-49 462 LT; 10/07/2012; MANUTENÇÃO DA SECRETARIA DE EDUCAÇÃO; Ativo;R$ 178,90; Compra Normal
 PREFEITURA MUNICIPAL DE BALNEÁRIO GAIVOTA; Móveis; MOBILIÁRIO EM GERAL;3701; TAMPO DE PEDRA DE GRANITO VENTURINI 1,500X600 C/CUBA INOX; 10/07/2012; MANUTENÇÃO DA SECRETARIA DE EDUCAÇÃO; Ativo;R$ 128,90; Compra Normal
 PREFEITURA MUNICIPAL DE BALNEÁRIO GAIVOTA; Móveis; MOBILIÁRIO EM GERAL;4268; TAMPO DE PEDRA DE GRANITO VENTURINI 1,500X600 S/CUBA; 10/07/2012; MANUTENÇÃO DA SECRETARIA DE EDUCAÇÃO; Ativo;R$ 72,80; Compra Normal
 PREFEITURA MUNICIPAL DE BALNEÁRIO GAIVOTA; Móveis; MOBILIÁRIO EM GERAL;3702; ESTANTE W3 P/LIVROS 2 FACES C/12 PRAT C/ 5 BLIBIOCANTOS; 10/07/2012; MANUTENÇÃO DA SECRETARIA DE EDUCAÇÃO; Ativo;R$ 82,80; Compra Normal
 PREFEITURA MUNICIPAL DE BALNEÁRIO GAIVOTA; Móveis; MOBILIÁRIO EM GERAL;3593; ESTANTE W3 P/LIVROS 2 FACES C/12 PRAT C/ 5 BLIBIOCANTOS; 10/07/2012; MANUTENÇÃO DA SECRETARIA DE EDUCAÇÃO; Ativo;R$ 82,80; Compra Normal
 PREFEITURA MUNICIPAL DE BALNEÁRIO GAIVOTA; Móveis; APARELHOS ELETRO-ELETRÔNICOS;4282; GRAVADOR DE VOZ ANALÓGICO; 04/07/2012; BENS INSERVÍVEIS; Baixado;R$ 350,00; Compra Normal
 PREFEITURA MUNICIPAL DE BALNEÁRIO GAIVOTA; Móveis; DECORAÇÕES E ACESSÓRIOS;4250; CORTINA PERSIANA VERTICAIS 3.70X2.00; 02/07/2012; BENS PARA LEILÃO; Baixado;R$ 37,00; Compra Normal
 PREFEITURA MUNICIPAL DE BALNEÁRIO GAIVOTA; Móveis; MICROCOMPUTADOR;664; COMPUTADOR BITWAY DUAL CORE 4 GIGA HD500; 02/07/2012; MANUTENÇÃO DA SECRETARIA DE ADMINISTRAÇÃ; Ativo;R$ 147,90; Compra Normal
 PREFEITURA MUNICIPAL DE BALNEÁRIO GAIVOTA; Móveis; IMPRESSORAS;4753; IMPRESSORA HP MULTFUNCIONAL JATO DE TINTA 3050; 02/07/2012; BENS PARA LEILÃO; Baixado;R$ 36,99; Compra Normal
 PREFEITURA MUNICIPAL DE BALNEÁRIO GAIVOTA; Móveis; MOBILIÁRIO EM GERAL;2064; ARTMARIO KAPESBERG ALTO 1013 CILIEGIO; 02/07/2012; MANUTENÇÃO DA SECRETARIA DE ADMINISTRAÇÃ; Ativo;R$ 43,99; Compra Normal
 PREFEITURA MUNICIPAL DE BALNEÁRIO GAIVOTA; Móveis; MOBILIÁRIO EM GERAL;3880; MESA KAPESBERG 1,50 C/ GAVETEIRO CILIEGIO; 02/07/2012; MANUTENÇÃO DA SECRETARIA DE ADMINISTRAÇÃ; Ativo;R$ 36,80; Compra Normal
 PREFEITURA MUNICIPAL DE BALNEÁRIO GAIVOTA; Móveis; MOBILIÁRIO EM GERAL;3898; MESA KAPESBERG 1,50 C/ GAVETEIRO CILIEGIO; 02/07/2012; MANUTENÇÃO DA SECRETARIA DE ADMINISTRAÇÃ; Ativo;R$ 36,80; Compra Normal
 PREFEITURA MUNICIPAL DE BALNEÁRIO GAIVOTA; Móveis; MOBILIÁRIO EM GERAL;3584; KIT OFFICE KAPESBERG DE CANTO C/GAVETEIRO CINZA; 02/07/2012; DIRETORIA DE MEIO AMBIENTE; Ativo;R$ 44,50; Compra Normal
 PREFEITURA MUNICIPAL DE BALNEÁRIO GAIVOTA; Móveis; MOBILIÁRIO EM GERAL;3664; ARMARIO EM MDF DE 1800X800X500; 29/06/2012; MANUTENÇÃO DA SECRETARIA DE EDUCAÇÃO; Ativo;R$ 85,90; Compra Normal
 PREFEITURA MUNICIPAL DE BALNEÁRIO GAIVOTA; Móveis; MOBILIÁRIO EM GERAL;3665; ARMARIO EM MDF 15MM  DE1800X800X500MM; 29/06/2012; MANUTENÇÃO DA SECRETARIA DE EDUCAÇÃO; Ativo;R$ 92,80; Compra Normal
 PREFEITURA MUNICIPAL DE BALNEÁRIO GAIVOTA; Móveis; MOBILIÁRIO EM GERAL;3668; ARMARIO EM MDF 15MM MULTIUSO DE 1800X800X400MM; 29/06/2012; MANUTENÇÃO DA SECRETARIA DE EDUCAÇÃO; Ativo;R$ 70,90; Compra Normal
 PREFEITURA MUNICIPAL DE BALNEÁRIO GAIVOTA; Móveis; MOBILIÁRIO EM GERAL;1514; BALCAO DE PIA EM MDF 15MM 1500X650X900 COR BRANCA; 29/06/2012; MANUTENÇÃO DA SECRETARIA DE EDUCAÇÃO; Ativo;R$ 82,90; Compra Normal
 PREFEITURA MUNICIPAL DE BALNEÁRIO GAIVOTA; Móveis; MOBILIÁRIO EM GERAL;3602; BALCAO EM MDF 15MM 1400X600X900MM COR BEGE; 29/06/2012; MANUTENÇÃO DA SECRETARIA DE EDUCAÇÃO; Ativo;R$ 86,09; Compra Normal
 PREFEITURA MUNICIPAL DE BALNEÁRIO GAIVOTA; Móveis; MOBILIÁRIO EM GERAL;3596; BALCAO EM MDF 15MM 2500X700X900 MM COR BEGE; 29/06/2012; MANUTENÇÃO DA SECRETARIA DE EDUCAÇÃO; Ativo;R$ 145,20; Compra Normal
 PREFEITURA MUNICIPAL DE BALNEÁRIO GAIVOTA; Móveis; MOBILIÁRIO EM GERAL;3672; ARMÁRIO KAPESBERG ALTO CILIEGIO REF. 1013; 25/06/2012; FUNDO MUNICIPAL DE SAUDE; Ativo;R$ 43,99; Compra Normal
 PREFEITURA MUNICIPAL DE BALNEÁRIO GAIVOTA; Móveis; MOBILIÁRIO EM GERAL;3678; ARMÁRTIO KAPESBERG ALTO CILIEGIO REF. 1013; 22/06/2012; FUNDO MUNICIPAL DE SAUDE; Ativo;R$ 43,99; Compra Normal
 PREFEITURA MUNICIPAL DE BALNEÁRIO GAIVOTA; Móveis; MOBILIÁRIO EM GERAL;3690; ARMÁRIO EM MDP 2 PORTAS C/ CHAVE 156X0,90X0,40; 20/06/2012; BENS INSERVÍVEIS; Ativo;R$ 46,90; Compra Normal
 PREFEITURA MUNICIPAL DE BALNEÁRIO GAIVOTA; Móveis; MOBILIÁRIO EM GERAL;3692; ARMÁRIO EM MDP 2 PTS C/ CHAVE 156X0,90X0,40 BEGE; 20/06/2012; MANUTENÇÃO DA SECRETARIA DE EDUCAÇÃO; Ativo;R$ 45,80; Compra Normal
 PREFEITURA MUNICIPAL DE BALNEÁRIO GAIVOTA; Móveis; MOBILIÁRIO EM GERAL;3595; ARMÁRIO EM MDP 2 PTS C/ CHAVE 156X0,90X0,60 BEGE; 20/06/2012; MANUTENÇÃO DA SECRETARIA DE EDUCAÇÃO; Ativo;R$ 45,80; Compra Normal
 PREFEITURA MUNICIPAL DE BALNEÁRIO GAIVOTA; Móveis; MOBILIÁRIO EM GERAL;3615; ARMÁRIO EM MDP 2 PTS C/ CHAVE 156X0,90X0,60 BEGE; 20/06/2012; MANUTENÇÃO DA SECRETARIA DE EDUCAÇÃO; Ativo;R$ 45,80; Compra Normal
 PREFEITURA MUNICIPAL DE BALNEÁRIO GAIVOTA; Móveis; MOBILIÁRIO EM GERAL;3625; ARMÁRIO EM MDP 2 PTS C/ CHAVE 156X0,90X0,60 BEGE; 20/06/2012; MANUTENÇÃO DA SECRETARIA DE EDUCAÇÃO; Ativo;R$ 45,80; Compra Normal
 PREFEITURA MUNICIPAL DE BALNEÁRIO GAIVOTA; Móveis; MOBILIÁRIO EM GERAL;3613; MESA KAPESBERG P/ COMPUTADOR 1,20 C/ 2 GAVETAS; 20/06/2012; MANUTENÇÃO DA SECRETARIA DE EDUCAÇÃO; Ativo;R$ 38,90; Compra Normal
 PREFEITURA MUNICIPAL DE BALNEÁRIO GAIVOTA; Móveis; MOBILIÁRIO EM GERAL;3586; MESA KAPESBERG 1,20 C/ 2 GAVETAS CILIEGIO; 20/06/2012; MANUTENÇÃO DA SECRETARIA DE EDUCAÇÃO; Ativo;R$ 33,60; Compra Normal
 PREFEITURA MUNICIPAL DE BALNEÁRIO GAIVOTA; Móveis; MOBILIÁRIO EM GERAL;3585; MESA KAPESBERG 1,20 C/ 2 GAVETAS CILIEGIO; 20/06/2012; MANUTENÇÃO DA SECRETARIA DE EDUCAÇÃO; Ativo;R$ 33,60; Compra Normal
 PREFEITURA MUNICIPAL DE BALNEÁRIO GAIVOTA; Móveis; MOBILIÁRIO EM GERAL;3681; MESA KAPESBERG 1,20 C/ 2 GAVETAS CILIEGIO; 20/06/2012; MANUTENÇÃO DA SECRETARIA DE EDUCAÇÃO; Ativo;R$ 33,60; Compra Normal
 CAMARA MUNICIPAL DE BALNEARIO GAIVOTA; MOVEIS; Cod.: 2 - ELETRONICOS;158; RELOGIO PONTO COM BIOMETRIA  E PROCIMIDADE MODELO MADES RODBEL 1740; 19/06/2012; CAMARA MUNICIPAL DE VEREADORES; Em uso;R$ 219,80; Compra
 PREFEITURA MUNICIPAL DE BALNEÁRIO GAIVOTA; Móveis; IMPRESSORAS;3662; IMPRESSORA HP LASER M1212; 15/06/2012; MANUTENÇÃO DO GABINETE DO PREFEITO; Ativo;R$ 109,90; Compra Normal
 PREFEITURA MUNICIPAL DE BALNEÁRIO GAIVOTA; Móveis; MOBILIÁRIO EM GERAL;3674; ARQUIVO W3 METAL; 15/06/2012; APOIO A CRIANÇA E AO ADOLECESTE EM SITUA; Ativo;R$ 38,90; Compra Normal
 PREFEITURA MUNICIPAL DE BALNEÁRIO GAIVOTA; Móveis; MOBILIÁRIO EM GERAL;3675; MESA KAPESBERG 1,20 CILIEGIO C/ GAVETEIRO; 15/06/2012; MANUTENÇÃO DO CONSELHO TUTELAR; Ativo;R$ 33,90; Compra Normal
 PREFEITURA MUNICIPAL DE BALNEÁRIO GAIVOTA; Móveis; APARELHOS ELETRO-ELETRÔNICOS;4657; PROJETOR EPSON S 12 BIVOLT; 05/06/2012; SECRETÁRIO DA CULTURA; Ativo;R$ 229,80; Compra Normal
 PREFEITURA MUNICIPAL DE BALNEÁRIO GAIVOTA; Móveis; APARELHOS ELETRO-ELETRÔNICOS;3583; IMPRESSORA HP MULTIFUNCIONAL JATO DE TINTA; 05/06/2012; BENS PARA LEILÃO; Baixado;R$ 255,35; Compra Normal
 PREFEITURA MUNICIPAL DE BALNEÁRIO GAIVOTA; Móveis; MOBILIÁRIO EM GERAL;1257; ARMÁRIO MADEIRA 2.10 X0,90 PRATELEIRAS INTERNA.; 05/06/2012; FUNDO MUNICIPAL DE SAUDE; Ativo;R$ 182,00; Compra Normal
 PREFEITURA MUNICIPAL DE BALNEÁRIO GAIVOTA; Móveis; MOBILIÁRIO EM GERAL;1804; ESPELHO ROMART C/ MOLDURA 1.00X1.80; 24/05/2012; MANUTENÇÃO DA SECRETARIA DE EDUCAÇÃO; Ativo;R$ 38,90; Compra Normal
 PREFEITURA MUNICIPAL DE BALNEÁRIO GAIVOTA; Móveis; MOBILIÁRIO EM GERAL;3850; ESPELHO ROMART C/ MOLDURA 1.00X1.80; 24/05/2012; MANUTENÇÃO DA SECRETARIA DE EDUCAÇÃO; Ativo;R$ 38,90; Compra Normal
 PREFEITURA MUNICIPAL DE BALNEÁRIO GAIVOTA; Móveis; MOBILIÁRIO EM GERAL;3854; ESPELHO ROMART C/ MOLDURA 1.00X1.80; 24/05/2012; MANUTENÇÃO DA SECRETARIA DE EDUCAÇÃO; Ativo;R$ 38,90; Compra Normal
 PREFEITURA MUNICIPAL DE BALNEÁRIO GAIVOTA; Móveis; IMPRESSORAS;3750; IMPRESSORA HP MULTIFUNCIONAL JATO DE TINTA C4480; 23/05/2012; BENS INSERVÍVEIS; Baixado;R$ 389,90; Compra Normal
 PREFEITURA MUNICIPAL DE BALNEÁRIO GAIVOTA; Móveis; APARELHOS ELETRO-ELETRÔNICOS;2788; AMPLIFICADOR LL POTÊNCIA PR 2200 1300W MO; 23/05/2012; MANUTENÇÃO DA SECRETARIA DE EDUCAÇÃO; Ativo;R$ 199,40; Compra Normal
 PREFEITURA MUNICIPAL DE BALNEÁRIO GAIVOTA; Móveis; INSTRUMENTOS E UTENSÍLIOS;2054; BEBEDOURO DE ÁGUA LOREN SID; 23/05/2012; BENS INSERVÍVEIS; Ativo;R$ 45,60; Compra Normal
 PREFEITURA MUNICIPAL DE BALNEÁRIO GAIVOTA; Móveis; ELETRODOMÉSTICOS;1682; LIQUIDIFICADOR POLI INDUSTRIAL 8 LTS; 23/05/2012; MANUTENÇÃO DA SECRETARIA DE EDUCAÇÃO; Ativo;R$ 92,80; Compra Normal
 PREFEITURA MUNICIPAL DE BALNEÁRIO GAIVOTA; Móveis; ELETRODOMÉSTICOS;1760; MICROONDAS ELECTROLUX 31 LTS MEF41; 23/05/2012; MANUTENÇÃO DA SECRETARIA DE EDUCAÇÃO; Ativo;R$ 43,99; Compra Normal
 PREFEITURA MUNICIPAL DE BALNEÁRIO GAIVOTA; Móveis; ELETRODOMÉSTICOS;2179; MICROONDAS ELECTROLUX 31 LTS MEF41; 23/05/2012; MANUTENÇÃO DA SECRETARIA DE EDUCAÇÃO; Ativo;R$ 43,99; Compra Normal
 PREFEITURA MUNICIPAL DE BALNEÁRIO GAIVOTA; Móveis; Ar Condicionado;2861; AR CONDICIONADO ELECTROLUX SPLIT CBU- SE30R; 23/05/2012; MANUTENÇÃO DA SECRETARIA DE EDUCAÇÃO; Ativo;R$ 336,90; Compra Normal
 PREFEITURA MUNICIPAL DE BALNEÁRIO GAIVOTA; Móveis; Ar Condicionado;2862; AR CONDICIONADO ELECTROLUX SPLIT CBU- SE30R; 23/05/2012; MANUTENÇÃO DA SECRETARIA DE EDUCAÇÃO; Ativo;R$ 336,90; Compra Normal
 PREFEITURA MUNICIPAL DE BALNEÁRIO GAIVOTA; Móveis; Ar Condicionado;2863; AR CONDICIONADO ELECTROLUX SPLIT CBU- SE30R; 23/05/2012; MANUTENÇÃO DA SECRETARIA DE EDUCAÇÃO; Ativo;R$ 336,90; Compra Normal
 PREFEITURA MUNICIPAL DE BALNEÁRIO GAIVOTA; Móveis; Ar Condicionado;2864; AR CONDICIONADO ELECTROLUX SPLIT CBU- SE30R; 23/05/2012; MANUTENÇÃO DA SECRETARIA DE EDUCAÇÃO; Ativo;R$ 336,90; Compra Normal
 PREFEITURA MUNICIPAL DE BALNEÁRIO GAIVOTA; Móveis; ELETRODOMÉSTICOS;3608; BATEDEIRA ARNO PLANETARIA; 23/05/2012; MANUTENÇÃO DA SECRETARIA DE EDUCAÇÃO; Ativo;R$ 53,90; Compra Normal
 PREFEITURA MUNICIPAL DE BALNEÁRIO GAIVOTA; Móveis; ELETRODOMÉSTICOS;1431; BATEDEIRA ARNO PLANETARIA; 23/05/2012; MANUTENÇÃO DA SECRETARIA DE EDUCAÇÃO; Ativo;R$ 53,90; Compra Normal
 PREFEITURA MUNICIPAL DE BALNEÁRIO GAIVOTA; Móveis; MOBILIÁRIO EM GERAL;1768; FRUTEIRA MDF 160X0.60 C/ 2 PRATELEIRA EM FORMICA; 23/05/2012; BENS PARA LEILÃO; Baixado;R$ 45,00; Compra Normal
 PREFEITURA MUNICIPAL DE BALNEÁRIO GAIVOTA; Móveis; MOBILIÁRIO EM GERAL;1512; FRUTEIRA MDF 160X0.60 C/ 2 PRATELEIRA EM FORMICA; 23/05/2012; MANUTENÇÃO DA SECRETARIA DE EDUCAÇÃO; Ativo;R$ 45,00; Compra Normal
 PREFEITURA MUNICIPAL DE BALNEÁRIO GAIVOTA; Móveis; MOBILIÁRIO EM GERAL;4309; QUADRO DE AVISO C/ VIDRO 1.00X0.80; 23/05/2012; BENS PARA LEILÃO; Baixado;R$ 30,00; Compra Normal
 PREFEITURA MUNICIPAL DE BALNEÁRIO GAIVOTA; Móveis; MOBILIÁRIO EM GERAL;4308; QUADRO DE AVISO C/ VIDRO 1.00X0.80; 23/05/2012; BENS PARA LEILÃO; Baixado;R$ 30,00; Compra Normal
 PREFEITURA MUNICIPAL DE BALNEÁRIO GAIVOTA; Móveis; MÁQUINAS PARA ESCRITÓRIO;3632; FAX PANASSONIC; 23/05/2012; BENS PARA LEILÃO; Baixado;R$ 352,39; Compra Normal
 PREFEITURA MUNICIPAL DE BALNEÁRIO GAIVOTA; Móveis; MÁQUINAS PARA ESCRITÓRIO;3694; FAX PANASSONIC; 23/05/2012; BENS PARA LEILÃO; Baixado;R$ 352,39; Compra Normal
 PREFEITURA MUNICIPAL DE BALNEÁRIO GAIVOTA; Móveis; APARELHOS ELETRO-ELETRÔNICOS;2702; MISTURADOR AUDIO LL STAR MIX 8002R A/DST/4,6 E 8 CANAIS; 23/05/2012; MANUTENÇÃO DA SECRETARIA DE EDUCAÇÃO; Ativo;R$ 93,90; Compra Normal
 PREFEITURA MUNICIPAL DE BALNEÁRIO GAIVOTA; Móveis; ELETRODOMÉSTICOS;2633; LAVADORA ELECTROLUX ECONOMICA; 23/05/2012; BENS PARA LEILÃO; Baixado;R$ 151,80; Compra Normal
 PREFEITURA MUNICIPAL DE BALNEÁRIO GAIVOTA; Móveis; ELETRODOMÉSTICOS;1920; BATEDEIRA ARNO PLANETARIA; 23/05/2012; MANUTENÇÃO DA SECRETARIA DE EDUCAÇÃO; Ativo;R$ 53,90; Compra Normal
 PREFEITURA MUNICIPAL DE BALNEÁRIO GAIVOTA; Móveis; ELETRODOMÉSTICOS;1926; ASPIRADOR DE PO ELECTROLUX GT 200 PROFISSIONAL; 23/05/2012; BENS INSERVÍVEIS; Baixado;R$ 328,00; Compra Normal
 PREFEITURA MUNICIPAL DE BALNEÁRIO GAIVOTA; Móveis; ELETRODOMÉSTICOS;1683; BATEDEIRA PLANETARIA ARNO; 23/05/2012; MANUTENÇÃO DA SECRETARIA DE EDUCAÇÃO; Ativo;R$ 53,90; Compra Normal
 PREFEITURA MUNICIPAL DE BALNEÁRIO GAIVOTA; Móveis; ELETRODOMÉSTICOS;2055; REFRIGERADOR ELECTROLUX FRIGOBAR 120 LT; 18/05/2012; MANUTENÇÃO DO GABINETE DO PREFEITO; Ativo;R$ 84,61; Compra Normal
 PREFEITURA MUNICIPAL DE BALNEÁRIO GAIVOTA; Móveis; APARELHOS ELETRO-ELETRÔNICOS;1684; REFRIGERADOR ELECTROLUX RE28; 18/05/2012; FUNDO MUNICIPAL DE SAUDE; Ativo;R$ 90,90; Compra Normal
 PREFEITURA MUNICIPAL DE BALNEÁRIO GAIVOTA; Móveis; MOBILIÁRIO EM GERAL;1518; BANCO INFANTIL REFEITORIO 3.00X0.30X0,30 MDF; 09/05/2012; MANUTENÇÃO DA SECRETARIA DE EDUCAÇÃO; Ativo;R$ 41,54; Compra Normal
 PREFEITURA MUNICIPAL DE BALNEÁRIO GAIVOTA; Móveis; MOBILIÁRIO EM GERAL;1519; BANCO INFANTIL REFEITORIO 3.00X0.30X0,30 MDF; 09/05/2012; MANUTENÇÃO DA SECRETARIA DE EDUCAÇÃO; Ativo;R$ 41,54; Compra Normal
 PREFEITURA MUNICIPAL DE BALNEÁRIO GAIVOTA; Móveis; MOBILIÁRIO EM GERAL;1882; BANCO INFANTIL REFEITORIO 3.00X0.30X0,30 MDF; 09/05/2012; MANUTENÇÃO DA SECRETARIA DE EDUCAÇÃO; Ativo;R$ 41,54; Compra Normal
 PREFEITURA MUNICIPAL DE BALNEÁRIO GAIVOTA; Móveis; MOBILIÁRIO EM GERAL;1881; BANCO INFANTIL REFEITORIO 3.00X0.30X0,30 MDF; 09/05/2012; MANUTENÇÃO DA SECRETARIA DE EDUCAÇÃO; Ativo;R$ 41,54; Compra Normal
 PREFEITURA MUNICIPAL DE BALNEÁRIO GAIVOTA; Móveis; MOBILIÁRIO EM GERAL;2044; BANCO INFANTIL REFEITORIO 3.00X0.30X0,30 MDF; 09/05/2012; MANUTENÇÃO DA SECRETARIA DE EDUCAÇÃO; Ativo;R$ 41,54; Compra Normal
 PREFEITURA MUNICIPAL DE BALNEÁRIO GAIVOTA; Móveis; MOBILIÁRIO EM GERAL;2043; BANCO INFANTIL REFEITORIO 3.00X0.30X0,30 MDF; 09/05/2012; MANUTENÇÃO DA SECRETARIA DE EDUCAÇÃO; Ativo;R$ 41,54; Compra Normal
 PREFEITURA MUNICIPAL DE BALNEÁRIO GAIVOTA; Móveis; MOBILIÁRIO EM GERAL;2042; BANCO INFANTIL REFEITORIO 3.00X0.30X0,30 MDF; 09/05/2012; MANUTENÇÃO DA SECRETARIA DE EDUCAÇÃO; Ativo;R$ 41,54; Compra Normal
 PREFEITURA MUNICIPAL DE BALNEÁRIO GAIVOTA; Móveis; MOBILIÁRIO EM GERAL;2041; BANCO INFANTIL REFEITORIO 3.00X0.30X0,30 MDF; 09/05/2012; MANUTENÇÃO DA SECRETARIA DE EDUCAÇÃO; Ativo;R$ 41,54; Compra Normal
 PREFEITURA MUNICIPAL DE BALNEÁRIO GAIVOTA; Móveis; MOBILIÁRIO EM GERAL;1515; MESA INFANTIL EM MDF 3.00X0.80X0,50; 09/05/2012; MANUTENÇÃO DA SECRETARIA DE EDUCAÇÃO; Ativo;R$ 82,99; Compra Normal
 PREFEITURA MUNICIPAL DE BALNEÁRIO GAIVOTA; Móveis; MOBILIÁRIO EM GERAL;1880; MESA INFANTIL EM MDF 3.00X0.80X0,50; 09/05/2012; MANUTENÇÃO DA SECRETARIA DE EDUCAÇÃO; Ativo;R$ 82,99; Compra Normal
 PREFEITURA MUNICIPAL DE BALNEÁRIO GAIVOTA; Móveis; MOBILIÁRIO EM GERAL;2040; MESA INFANTIL EM MDF 3.00X0.80X0,50; 09/05/2012; MANUTENÇÃO DA SECRETARIA DE EDUCAÇÃO; Ativo;R$ 82,99; Compra Normal
 PREFEITURA MUNICIPAL DE BALNEÁRIO GAIVOTA; Móveis; MOBILIÁRIO EM GERAL;2039; MESA INFANTIL EM MDF 3.00X0.80X0,50; 09/05/2012; MANUTENÇÃO DA SECRETARIA DE EDUCAÇÃO; Ativo;R$ 82,99; Compra Normal
 PREFEITURA MUNICIPAL DE BALNEÁRIO GAIVOTA; Móveis; MOBILIÁRIO EM GERAL;2200; CONJUNTO ESCOLAR INFANTIL C/ 6 CADEIRAS; 09/05/2012; BENS INSERVÍVEIS; Baixado;R$ 849,00; Compra Normal
 PREFEITURA MUNICIPAL DE BALNEÁRIO GAIVOTA; Móveis; MOBILIÁRIO EM GERAL;2201; CONJUNTO ESCOLAR INFANTIL C/ 6 CADEIRAS; 09/05/2012; BENS INSERVÍVEIS; Baixado;R$ 849,00; Compra Normal
 PREFEITURA MUNICIPAL DE BALNEÁRIO GAIVOTA; Móveis; MOBILIÁRIO EM GERAL;2202; CONJUNTO ESCOLAR INFANTIL C/ 6 CADEIRAS; 09/05/2012; BENS INSERVÍVEIS; Baixado;R$ 849,00; Compra Normal
 PREFEITURA MUNICIPAL DE BALNEÁRIO GAIVOTA; Móveis; MOBILIÁRIO EM GERAL;2203; CONJUNTO ESCOLAR INFANTIL C/ 6 CADEIRAS; 09/05/2012; BENS INSERVÍVEIS; Baixado;R$ 849,00; Compra Normal
 PREFEITURA MUNICIPAL DE BALNEÁRIO GAIVOTA; Móveis; MOBILIÁRIO EM GERAL;2204; CONJUNTO ESCOLAR INFANTIL C/ 6 CADEIRAS; 09/05/2012; BENS INSERVÍVEIS; Baixado;R$ 849,00; Compra Normal
 PREFEITURA MUNICIPAL DE BALNEÁRIO GAIVOTA; Móveis; MOBILIÁRIO EM GERAL;2205; CONJUNTO ESCOLAR INFANTIL C/ 6 CADEIRAS; 09/05/2012; BENS INSERVÍVEIS; Baixado;R$ 849,00; Compra Normal
 PREFEITURA MUNICIPAL DE BALNEÁRIO GAIVOTA; Móveis; MOBILIÁRIO EM GERAL;1963; CONJUNTO ESCOLAR INFANTIL C/ 6 CADEIRAS; 09/05/2012; BENS INSERVÍVEIS; Baixado;R$ 849,00; Compra Normal
 PREFEITURA MUNICIPAL DE BALNEÁRIO GAIVOTA; Móveis; MOBILIÁRIO EM GERAL;1978; CONJUNTO ESCOLAR INFANTIL C/ 6 CADEIRAS (ESTR. DO MAR 3º AV); 09/05/2012; MANUTENÇÃO DA SECRETARIA DE EDUCAÇÃO; Ativo;R$ 84,90; Compra Normal
 PREFEITURA MUNICIPAL DE BALNEÁRIO GAIVOTA; Móveis; MOBILIÁRIO EM GERAL;1979; CONJUNTO ESCOLAR INFANTIL C/ 6 CADEIRAS; 09/05/2012; MANUTENÇÃO DA SECRETARIA DE EDUCAÇÃO; Ativo;R$ 84,90; Compra Normal
 PREFEITURA MUNICIPAL DE BALNEÁRIO GAIVOTA; Móveis; MOBILIÁRIO EM GERAL;1980; CONJUNTO ESCOLAR INFANTIL C/ 6 CADEIRAS; 09/05/2012; MANUTENÇÃO DA SECRETARIA DE EDUCAÇÃO; Ativo;R$ 84,90; Compra Normal
 PREFEITURA MUNICIPAL DE BALNEÁRIO GAIVOTA; Móveis; IMPRESSORAS;1843; IMPRESSORA HP MULTIFUNCIONAL 3050 J610; 07/05/2012; BENS PARA LEILÃO; Baixado;R$ 36,90; Compra Normal
 PREFEITURA MUNICIPAL DE BALNEÁRIO GAIVOTA; Móveis; IMPRESSORAS;1679; IMPRESSORA HP MULTIFUNCIONAL 3050 J610; 07/05/2012; BENS INSERVÍVEIS; Baixado;R$ 175,10; Compra Normal
 PREFEITURA MUNICIPAL DE BALNEÁRIO GAIVOTA; Móveis; IMPRESSORAS;2073; IMPRESSORA HP MULTIFUNCIONAL 3050 J610; 07/05/2012; MANUTENÇÃO DA SECRETARIA DE EDUCAÇÃO; Ativo;R$ 36,90; Compra Normal
 CÂMARA MUNICIPAL BALNEÁRIO GAIVOTA; MOVEIS; Cod.: 2 - ELETRONICOS;157; CELULAR MOTOROLA COR PRETO; 27/04/2012; ARQUIVO MORTO; Baixado;R$ 59,38; Compra
 PREFEITURA MUNICIPAL DE BALNEÁRIO GAIVOTA; Móveis; MOBILIÁRIO EM GERAL;973; ARMARIO KAPESBERG REF. 1012 CINZA; 23/04/2012; FUNDO MUNICIPAL DE SAUDE; Ativo;R$ 37,80; Compra Normal
 PREFEITURA MUNICIPAL DE BALNEÁRIO GAIVOTA; Móveis; MOBILIÁRIO EM GERAL;974; MESA KAPESBERG 120 CINZA C/ GAVETEIRO; 23/04/2012; MANUTENÇÃO DA SECRETARIA DE ADMINISTRAÇÃ; Ativo;R$ 30,90; Compra Normal
 PREFEITURA MUNICIPAL DE BALNEÁRIO GAIVOTA; Móveis; MICROCOMPUTADOR;3704; COMPUTADOR BITWAY DUAL CORE 4 GIGA HD 500 MONITOR LG; 23/04/2012; MANUTENÇÃO DA SECRETARIA DE ARRECADAÇÃO; Ativo;R$ 148,90; Compra Normal
 PREFEITURA MUNICIPAL DE BALNEÁRIO GAIVOTA; Móveis; MICROCOMPUTADOR;403; COMPUTADOR MICROSENS 4 GB HD 500 C/ MONITOR SANSUNG; 23/04/2012; MANUTENÇÃO DA SECRETARIA DE ADMINISTRAÇÃ; Ativo;R$ 177,70; Compra Normal
 PREFEITURA MUNICIPAL DE BALNEÁRIO GAIVOTA; Móveis; IMPRESSORAS;2563; IMPRESSORA HP M1132 MFF LASER; 18/04/2012; BENS INSERVÍVEIS; Baixado;R$ 1.100,00; Compra Normal
 PREFEITURA MUNICIPAL DE BALNEÁRIO GAIVOTA; Móveis; IMPRESSORAS;2076; IMPRESSORA HP M1132 MFF LASER; 18/04/2012; MANUTENÇÃO DA SECRETARIA DE EDUCAÇÃO; Ativo;R$ 110,00; Compra Normal
 PREFEITURA MUNICIPAL DE BALNEÁRIO GAIVOTA; Móveis; ELETRODOMÉSTICOS;2177; FREEZER ELECTROLUX H-500; 11/04/2012; MANUTENÇÃO DA SECRETARIA DE EDUCAÇÃO; Ativo;R$ 193,09; Compra Normal
 PREFEITURA MUNICIPAL DE BALNEÁRIO GAIVOTA; Móveis; MOBILIÁRIO EM GERAL;1005; ARQUIVO W3 METAL; 10/04/2012; MANUTENÇÃO DA SECRETARIA DE ADMINISTRAÇÃ; Ativo;R$ 38,90; Compra Normal
 PREFEITURA MUNICIPAL DE BALNEÁRIO GAIVOTA; Móveis; MOBILIÁRIO EM GERAL;298; ARMÁRIO KAPPESBERG 2 PORTAS ALTO CILIÉGIO; 10/04/2012; MANUTENÇÃO DA SECRETARIA DE ADMINISTRAÇÃ; Ativo;R$ 44,90; Compra Normal
 PREFEITURA MUNICIPAL DE BALNEÁRIO GAIVOTA; Móveis; MICROCOMPUTADOR;3689; KIT COMPUTADOR BITWAY DUAL CORE 4GB, HD 500GB, MONITOR LG; 10/04/2012; MANUTENÇÃO DO CONSELHO TUTELAR; Ativo;R$ 148,90; Compra Normal
 PREFEITURA MUNICIPAL DE BALNEÁRIO GAIVOTA; Móveis; VEICULOS LEVES;4640;" MICRO ÔNIBUS SPRINTER MB ANO 2011 MODELO 2012,RENAVAN 46123540; MOTOR Nº61198180136373 CHASSI 8AC904663CE060796"; 05/04/2012; FUNDO MUNICIPAL DE SAUDE; Ativo;R$ 14.490,00; Compra Normal
 PREFEITURA MUNICIPAL DE BALNEÁRIO GAIVOTA; Móveis; MOBILIÁRIO EM GERAL;1069; ARQUIVO KAPESBERG 4 GAV. CILEGIO REF. 1004; 03/04/2012; FUNDO MUNICIPAL DE SAUDE; Ativo;R$ 43,90; Compra Normal
 PREFEITURA MUNICIPAL DE BALNEÁRIO GAIVOTA; Móveis; MOBILIÁRIO EM GERAL;393; MESA KAPPESBERG 1,20M AZUL C/ GAVETEIRO; 03/04/2012; MANUTENÇÃO DA SECRETARIA DE ADMINISTRAÇÃ; Ativo;R$ 33,90; Compra Normal
 PREFEITURA MUNICIPAL DE BALNEÁRIO GAIVOTA; Móveis; MOBILIÁRIO EM GERAL;1328; ARMARIO KAPESBERG ALTO C/CHAVES 1013 AZUL; 03/04/2012; FUNDO MUNICIPAL DE SAUDE; Ativo;R$ 44,90; Compra Normal
 PREFEITURA MUNICIPAL DE BALNEÁRIO GAIVOTA; Móveis; IMPRESSORAS;282; IMPRESSORA MULTIFUNCIONAL HP J3680; 26/03/2012; BENS PARA LEILÃO; Baixado;R$ 41,00; Compra Normal
 PREFEITURA MUNICIPAL DE BALNEÁRIO GAIVOTA; Móveis; MICROCOMPUTADOR;265; MICROCOMPUTADOR MICROSENS 4 GIGA 1TB HD DUALCORE C/MONITOR; 23/03/2012; BENS INSERVÍVEIS; Baixado;R$ 1.849,00; Compra Normal
 PREFEITURA MUNICIPAL DE BALNEÁRIO GAIVOTA; Móveis; EQUIPAMENTOS DOMÉSTICOS;1539; LAVADORA ELECTROLUX LTE12 ECONOMICA; 23/03/2012; BENS PARA LEILÃO; Baixado;R$ 149,90; Compra Normal
 PREFEITURA MUNICIPAL DE BALNEÁRIO GAIVOTA; Móveis; MOBILIÁRIO EM GERAL;1167; COLETOR T1000 BIOMÉTRICO; 14/03/2012; BENS INSERVÍVEIS; Baixado;R$ 1.142,85; Compra Normal
 PREFEITURA MUNICIPAL DE BALNEÁRIO GAIVOTA; Móveis; MOBILIÁRIO EM GERAL;972; COLETOR T1000 BIOMÉTRICO; 14/03/2012; BENS INSERVÍVEIS; Baixado;R$ 1.142,85; Compra Normal
 PREFEITURA MUNICIPAL DE BALNEÁRIO GAIVOTA; Móveis; MOBILIÁRIO EM GERAL;1133; COLETOR T1000 BIOMÉTRICO; 14/03/2012; BENS INSERVÍVEIS; Baixado;R$ 1.142,85; Compra Normal
 PREFEITURA MUNICIPAL DE BALNEÁRIO GAIVOTA; Móveis; MOBILIÁRIO EM GERAL;4399; COLETOR T1000 BIOMÉTRICO; 14/03/2012; BENS INSERVÍVEIS; Baixado;R$ 1.142,85; Compra Normal
 PREFEITURA MUNICIPAL DE BALNEÁRIO GAIVOTA; Móveis; INSTRUMENTOS E UTENSÍLIOS;155; COLETOR T1000 BIOMÉTRICO; 14/03/2012; BENS INSERVÍVEIS; Baixado;R$ 1.142,85; Compra Normal
 PREFEITURA MUNICIPAL DE BALNEÁRIO GAIVOTA; Móveis; INSTRUMENTOS E UTENSÍLIOS;426; COLETOR T1000 BIOMÉTRICO; 14/03/2012; BENS INSERVÍVEIS; Baixado;R$ 1.142,85; Compra Normal
 PREFEITURA MUNICIPAL DE BALNEÁRIO GAIVOTA; Móveis; MOBILIÁRIO EM GERAL;92; ARQUIVO 4 GAVETAS C/ CHAVE CINZA KAPESBERG; 13/03/2012; MANUTENÇÃO DA SECRETARIA DE ADMINISTRAÇÃ; Ativo;R$ 42,90; Compra Normal
 PREFEITURA MUNICIPAL DE BALNEÁRIO GAIVOTA; Móveis; IMPRESSORAS;152; IMPRESSORA MULTIFUNCIONAL HP 1212N; 13/03/2012; PROMOÇÃO DO ESPORTE AMADOR; Ativo;R$ 155,00; Compra Normal
 PREFEITURA MUNICIPAL DE BALNEÁRIO GAIVOTA; Móveis; IMPRESSORAS;1308; IMPRESSORA MULTIFUNCIONAL HP OFFICEJET 4500 C/FAX; 01/03/2012; FUNDO MUNICIPAL DE SAUDE; Baixado;R$ 229,25; Compra Normal
 CÂMARA MUNICIPAL BALNEÁRIO GAIVOTA; MOVEIS; Cod.: 2 - ELETRONICOS;156; FILMADORA PANASONIC DVD D50; 01/03/2012; CAMARA MUNICIPAL DE VEREADORES; Em uso;R$ 80,00; Compra
 CÂMARA MUNICIPAL BALNEÁRIO GAIVOTA; MOVEIS; Cod.: 6 - PLACAS;154; FOTO EX PRESIDENTE GALERIA DOS PRESIDENTES TAMANHO 40X40 EM AÇO INOX COM VELUDO VERMELHO; 22/02/2012; CAMARA MUNICIPAL DE VEREADORES; Em uso;R$ 28,00; Compra
 CAMARA MUNICIPAL DE BALNEARIO GAIVOTA; MOVEIS; Cod.: 6 - PLACAS;155; PLACA EM INOX  RECEPÇÃO TAMANHO 40X50 EM INOX; 22/02/2012; CAMARA MUNICIPAL DE VEREADORES; Em uso;R$ 78,00; Compra
 CÂMARA MUNICIPAL BALNEÁRIO GAIVOTA; MOVEIS; Cod.: 4 - MESAS;148; MESA 1,50X60X73 COM 3 GAVETAS BCOR AZUL/CINZA EM L; 13/02/2012; CAMARA MUNICIPAL DE VEREADORES; Em uso;R$ 5,00; Compra
 CÂMARA MUNICIPAL BALNEÁRIO GAIVOTA; MOVEIS; Cod.: 4 - MESAS;147; MESA 1,50X60X73 COM 3 GAVETAS BCOR AZUL/CINZA EM L; 13/02/2012; SECRETARIA GERAL; Baixado;R$ 13,25; Compra
 CÂMARA MUNICIPAL BALNEÁRIO GAIVOTA; MOVEIS; Cod.: 7 - MOVEIS;149; ARMARIO  EXECILTIVO 2 PORTAS COR ZUL/CINZA; 13/02/2012; CAMARA MUNICIPAL DE VEREADORES; Em uso;R$ 10,00; Compra
 CÂMARA MUNICIPAL BALNEÁRIO GAIVOTA; MOVEIS; Cod.: 7 - MOVEIS;152; GAVETEIRO COM 2 GAVETAS COM CORREETIÇA METAL COR AZUL/CINZA; 13/02/2012; CAMARA MUNICIPAL DE VEREADORES; Em uso;R$ 10,00; Compra
 CÂMARA MUNICIPAL BALNEÁRIO GAIVOTA; MOVEIS; Cod.: 7 - MOVEIS;151; ARMARIO  EXECILTIVO 2 PORTAS COR ZUL/CINZA; 13/02/2012; CAMARA MUNICIPAL DE VEREADORES; Em uso;R$ 10,00; Compra
 CÂMARA MUNICIPAL BALNEÁRIO GAIVOTA; MOVEIS; Cod.: 7 - MOVEIS;150; ARMARIO  EXECILTIVO 2 PORTAS COR ZUL/CINZA; 13/02/2012; CAMARA MUNICIPAL DE VEREADORES; Em uso;R$ 10,00; Compra
 CÂMARA MUNICIPAL BALNEÁRIO GAIVOTA; MOVEIS; Cod.: 1 - CADEIRA;153; POLTRONA PRESIDENTE COR AZUL COM RELEX; 13/02/2012; CAMARA MUNICIPAL DE VEREADORES; Em uso;R$ 10,00; Compra
 CÂMARA MUNICIPAL BALNEÁRIO GAIVOTA; MOVEIS; Cod.: 1 - CADEIRA;143; POLTRONA PRESIDENTE COR AZUL COM ESCORO DE BRAÇO; 13/02/2012; CAMARA MUNICIPAL DE VEREADORES; Em uso;R$ 5,00; Compra
 CÂMARA MUNICIPAL BALNEÁRIO GAIVOTA; MOVEIS; Cod.: 1 - CADEIRA;144; POLTRONA PRESIDENTE COR AZUL COM ESCORO DE BRAÇO; 13/02/2012; CAMARA MUNICIPAL DE VEREADORES; Em uso;R$ 5,00; Compra
 CÂMARA MUNICIPAL BALNEÁRIO GAIVOTA; MOVEIS; Cod.: 1 - CADEIRA;142; POLTRONA PRESIDENTE COR AZUL COM ESCORO DE BRAÇO; 13/02/2012; CAMARA MUNICIPAL DE VEREADORES; Em uso;R$ 5,00; Compra
 CÂMARA MUNICIPAL BALNEÁRIO GAIVOTA; MOVEIS; Cod.: 1 - CADEIRA;145; POLTRONA PRESIDENTE COR AZUL COM ESCORO DE BRAÇO; 13/02/2012; CAMARA MUNICIPAL DE VEREADORES; Em uso;R$ 5,00; Compra
 CAMARA MUNICIPAL DE BALNEARIO GAIVOTA; MOVEIS; Cod.: 1 - CADEIRA;140; POLTRONA PRESIDENTE COR AZUL COM ESCORO DE BRAÇO; 13/02/2012; CAMARA MUNICIPAL DE VEREADORES; Baixado;R$ 5,00; Compra
 CAMARA MUNICIPAL DE BALNEARIO GAIVOTA; MOVEIS; Cod.: 1 - CADEIRA;141; POLTRONA PRESIDENTE COR AZUL COM ESCORO DE BRAÇO; 13/02/2012; CAMARA MUNICIPAL DE VEREADORES; Em desuso;R$ 5,00; Compra
 CAMARA MUNICIPAL DE BALNEARIO GAIVOTA; MOVEIS; Cod.: 1 - CADEIRA;146; POLTRONA PRESIDENTE COR AZUL COM ESCORO DE BRAÇO; 13/02/2012; CAMARA MUNICIPAL DE VEREADORES; Em uso;R$ 5,00; Compra
 CÂMARA MUNICIPAL BALNEÁRIO GAIVOTA; MOVEIS; Cod.: 2 - ELETRONICOS;123; CAIXA ALCUSTICA RETORNO VOXTORME 10 COM SUPORTE; 03/02/2012; CAMARA MUNICIPAL DE VEREADORES; Em uso;R$ 35,70; Compra
 CÂMARA MUNICIPAL BALNEÁRIO GAIVOTA; MOVEIS; Cod.: 2 - ELETRONICOS;122; CAIXA ALCUSTICA RETORNO VOXTORME 10 COM SUPORTE; 03/02/2012; CAMARA MUNICIPAL DE VEREADORES; Em uso;R$ 35,70; Compra
 CÂMARA MUNICIPAL BALNEÁRIO GAIVOTA; MOVEIS; Cod.: 2 - ELETRONICOS;124; CAIXA ALCUSTICA RETORNO VOXTORME 10 COM SUPORTE; 03/02/2012; CAMARA MUNICIPAL DE VEREADORES; Em uso;R$ 35,70; Compra
 CÂMARA MUNICIPAL BALNEÁRIO GAIVOTA; MOVEIS; Cod.: 2 - ELETRONICOS;130; MICROFONES TSI PLENÁRIO GOOSENECK MMF 302 ASTEM 40 CM; 03/02/2012; CAMARA MUNICIPAL DE VEREADORES; Em uso;R$ 21,90; Compra
 CÂMARA MUNICIPAL BALNEÁRIO GAIVOTA; MOVEIS; Cod.: 2 - ELETRONICOS;125; CAIXA ALCUSTICA RETORNO VOXTORME 10 COM SUPORTE; 03/02/2012; CAMARA MUNICIPAL DE VEREADORES; Em uso;R$ 35,70; Compra
 CAMARA MUNICIPAL DE BALNEARIO GAIVOTA; MOVEIS; Cod.: 2 - ELETRONICOS;132; MICROFONES TSI PLENÁRIO GOOSENECK MMF 302 ASTEM 40 CM; 03/02/2012; CAMARA MUNICIPAL DE VEREADORES; Em desuso;R$ 21,90; Compra
 CAMARA MUNICIPAL DE BALNEARIO GAIVOTA; MOVEIS; Cod.: 2 - ELETRONICOS;136; MICROFONES TSI PLENÁRIO GOOSENECK MMF 302 ASTEM 40 CM; 03/02/2012; CAMARA MUNICIPAL DE VEREADORES; Em desuso;R$ 21,90; Compra
 CAMARA MUNICIPAL DE BALNEARIO GAIVOTA; MOVEIS; Cod.: 2 - ELETRONICOS;129; MICROFONES TSI PLENÁRIO GOOSENECK MMF 302 ASTEM 40 CM; 03/02/2012; CAMARA MUNICIPAL DE VEREADORES; Em desuso;R$ 21,90; Compra
 CAMARA MUNICIPAL DE BALNEARIO GAIVOTA; MOVEIS; Cod.: 2 - ELETRONICOS;133; MICROFONES TSI PLENÁRIO GOOSENECK MMF 302 ASTEM 40 CM; 03/02/2012; CAMARA MUNICIPAL DE VEREADORES; Em desuso;R$ 21,90; Compra
 CAMARA MUNICIPAL DE BALNEARIO GAIVOTA; MOVEIS; Cod.: 2 - ELETRONICOS;139; MODULO POTENCIA OP 2700 ONEAL; 03/02/2012; CAMARA MUNICIPAL DE VEREADORES; Em desuso;R$ 98,00; Compra
 CAMARA MUNICIPAL DE BALNEARIO GAIVOTA; MOVEIS; Cod.: 2 - ELETRONICOS;128; MICROFONES TSI PLENÁRIO GOOSENECK MMF 302 ASTEM 40 CM; 03/02/2012; CAMARA MUNICIPAL DE VEREADORES; Baixado;R$ 21,90; Compra
 CAMARA MUNICIPAL DE BALNEARIO GAIVOTA; MOVEIS; Cod.: 2 - ELETRONICOS;138; MICRFONE PLENARO GOOSENECK MMF-302 ASTE 60 CM; 03/02/2012; CAMARA MUNICIPAL DE VEREADORES; Baixado;R$ 23,90; Compra
 CAMARA MUNICIPAL DE BALNEARIO GAIVOTA; MOVEIS; Cod.: 2 - ELETRONICOS;131; MICROFONES TSI PLENÁRIO GOOSENECK MMF 302 ASTEM 40 CM; 03/02/2012; CAMARA MUNICIPAL DE VEREADORES; Baixado;R$ 21,90; Compra
 CAMARA MUNICIPAL DE BALNEARIO GAIVOTA; MOVEIS; Cod.: 2 - ELETRONICOS;134; MICROFONES TSI PLENÁRIO GOOSENECK MMF 302 ASTEM 40 CM; 03/02/2012; CAMARA MUNICIPAL DE VEREADORES; Baixado;R$ 21,90; Compra
 CAMARA MUNICIPAL DE BALNEARIO GAIVOTA; MOVEIS; Cod.: 2 - ELETRONICOS;127; MICROFONES TSI PLENÁRIO GOOSENECK MMF 302 ASTEM 40 CM; 03/02/2012; CAMARA MUNICIPAL DE VEREADORES; Baixado;R$ 21,90; Compra
 CAMARA MUNICIPAL DE BALNEARIO GAIVOTA; MOVEIS; Cod.: 2 - ELETRONICOS;126; MESA DE SOM COM 12 CANAIS XL 1600 XENIX BEHRINGER; 03/02/2012; CAMARA MUNICIPAL DE VEREADORES; Baixado;R$ 269,00; Compra
 CAMARA MUNICIPAL DE BALNEARIO GAIVOTA; MOVEIS; Cod.: 2 - ELETRONICOS;135; MICROFONES TSI PLENÁRIO GOOSENECK MMF 302 ASTEM 40 CM; 03/02/2012; CAMARA MUNICIPAL DE VEREADORES; Baixado;R$ 21,90; Compra
 CAMARA MUNICIPAL DE BALNEARIO GAIVOTA; MOVEIS; Cod.: 2 - ELETRONICOS;137; MICROFONES TSI PLENÁRIO GOOSENECK MMF 302 ASTEM 40 CM; 03/02/2012; CAMARA MUNICIPAL DE VEREADORES; Baixado;R$ 21,90; Compra
 PREFEITURA MUNICIPAL DE BALNEÁRIO GAIVOTA; Móveis; MOBILIÁRIO EM GERAL;327; MESA KAPESBERG 1,20 CILIEGIO C/GAVETEIRO; 26/01/2012; MANUTENÇÃO DA SECRETARIA DE ADMINISTRAÇÃ; Ativo;R$ 33,90; Compra Normal
 PREFEITURA MUNICIPAL DE BALNEÁRIO GAIVOTA; Móveis; MOBILIÁRIO EM GERAL;354; ARQUIVO KAPESBERG 4 GA CILIEGIO REF 1004; 26/01/2012; MANUTENÇÃO DA SECRETARIA DE ADMINISTRAÇÃ; Ativo;R$ 43,90; Compra Normal
 PREFEITURA MUNICIPAL DE BALNEÁRIO GAIVOTA; Móveis; MOBILIÁRIO EM GERAL;91; ARMARIO KAPESBERG ALTO C/CHAVES 1013; 26/01/2012; MANUTENÇÃO DA SECRETARIA DE ARRECADAÇÃO; Ativo;R$ 42,90; Compra Normal
 PREFEITURA MUNICIPAL DE BALNEÁRIO GAIVOTA; Móveis; MOBILIÁRIO EM GERAL;335; ARQUIVO W-3 METAL; 26/01/2012; MANUTENÇÃO DA SECRETARIA DE ADMINISTRAÇÃ; Ativo;R$ 38,90; Compra Normal
 PREFEITURA MUNICIPAL DE BALNEÁRIO GAIVOTA; Móveis; MOBILIÁRIO EM GERAL;110; ARQUIVO W3 METAL; 26/01/2012; MANUTENÇÃO DA SECRETARIA DE ARRECADAÇÃO; Ativo;R$ 38,90; Compra Normal
 PREFEITURA MUNICIPAL DE BALNEÁRIO GAIVOTA; Móveis; IMPRESSORAS;281; IMPRESSORA HP LASER MULTIFUNCIONAL M1132; 26/01/2012; MANUTENÇÃO DA SECRETARIA DE ADMINISTRAÇÃ; Ativo;R$ 87,90; Compra Normal
 PREFEITURA MUNICIPAL DE BALNEÁRIO GAIVOTA; Móveis; IMPRESSORAS;345; IMPRESSORA HP LASER MULTIFUNCIONAL M1132; 26/01/2012; BENS INSERVÍVEIS; Baixado;R$ 879,00; Compra Normal
 PREFEITURA MUNICIPAL DE BALNEÁRIO GAIVOTA; Móveis; MICROCOMPUTADOR;346; COMPUTADOR MICROSENS 4 GB HD 500 C/MONITOR LG20; 26/01/2012; MANUTENÇÃO DA SECRETARIA DE ARRECADAÇÃO; Ativo;R$ 143,70; Compra Normal
 PREFEITURA MUNICIPAL DE BALNEÁRIO GAIVOTA; Móveis; MONITORES; -; MONITOR LCD 20; 25/01/2012; BENS INSERVÍVEIS; Baixado;R$ 624,00; Compra Normal
 PREFEITURA MUNICIPAL DE BALNEÁRIO GAIVOTA; Móveis; PERIFÉRICOS - COMPUTAÇÃO;405; SCANER DE MAO; 25/01/2012; BENS PARA LEILÃO; Baixado;R$ 37,70; Compra Normal
 PREFEITURA MUNICIPAL DE BALNEÁRIO GAIVOTA; Móveis; VEICULOS PESADOS;1813; VAN ANO 2011, COR BRANCA, ZERO KM, POTENCIA DE 115 CV, COMB. DIESEL, MARCA FORD, CHASSI WF0DXXTBFBTS80138, NRO MOTOR JKFABTS80138; 24/01/2012; FUNDO MUNICIPAL DE SAUDE; Baixado;R$ 25.200,00; Compra Normal
 CÂMARA MUNICIPAL BALNEÁRIO GAIVOTA; MOVEIS; Cod.: 7 - MOVEIS;119; BALCÃO EM MDF COR BRANCO  SEM GAVETAS PARA COLOCAÇÃO DA MESA DE SOM; 23/01/2012; CAMARA MUNICIPAL DE VEREADORES; Em uso;R$ 5,00; Compra
 CAMARA MUNICIPAL DE BALNEARIO GAIVOTA; MOVEIS; Cod.: 7 - MOVEIS;120; BALCAO EM MDF COR BRANCO TAMNAHO 0,70 X 0,80 DE USO DO PLENÁRIO; 23/01/2012; CAMARA MUNICIPAL DE VEREADORES; Em desuso;R$ 2,00; Compra
 CAMARA MUNICIPAL DE BALNEARIO GAIVOTA; MOVEIS; Cod.: 7 - MOVEIS;121; BALCÃO EM MDF COR BRANCO COM GAVETAS  TAMANHO 1,10 X 2,10 X 0,40; 23/01/2012; CAMARA MUNICIPAL DE VEREADORES; Em uso;R$ 8,00; Compra
 PREFEITURA MUNICIPAL DE BALNEÁRIO GAIVOTA; Móveis; MOBILIÁRIO EM GERAL;653; REFRIGERADOR ELECTROLUX RE 28; 17/01/2012; MANUTENÇÃO DA SECRETARIA DE ADMINISTRAÇÃ; Ativo;R$ 98,50; Compra Normal
 PREFEITURA MUNICIPAL DE BALNEÁRIO GAIVOTA; Móveis; CÂMARA FOTOGRÁFICA;639; CÂMARA DIGITAL SONY; 13/01/2012; BENS PARA LEILÃO; Baixado;R$ 262,00; Compra Normal
 PREFEITURA MUNICIPAL DE BALNEÁRIO GAIVOTA; Móveis; MÁQUINAS, MOTORES;438; TRANSFORMADOR DE SOLDA BIFASICO 300A BALMER; 04/01/2012; MANUTENÇÃO DA SECRETARIA DE OBRAS E SERV; Ativo;R$ 112,51; Compra Normal
 PREFEITURA MUNICIPAL DE BALNEÁRIO GAIVOTA; Móveis; INSTRUMENTOS E UTENSÍLIOS;437; CARREGADOR BATERIA MOD.CB-0100T OKEI; 04/01/2012; BENS PARA LEILÃO; Baixado;R$ 87,29; Compra Normal
 PREFEITURA MUNICIPAL DE BALNEÁRIO GAIVOTA; Móveis; VEICULOS LEVES;4001;" AUTOMOVEL DE PASSEIO MOD. CLASSIC LS 1.0 VHC FLEXPOWER; PLACA MLV 5819: 4P 5 LUGARES, COR BRACO, ANO 2010 MOD. 2011, CHASSI 9BGSU19F0CB228145"; 30/12/2011; FUNDO MUNICIPAL DE SAUDE; Baixado;R$ 10.200,00; Compra Normal
 PREFEITURA MUNICIPAL DE BALNEÁRIO GAIVOTA; Móveis; EQUIPAMENTOS MÉDICOS;801; AMALGAMADOR CAPSULADO SCH; 30/12/2011; FUNDO MUNICIPAL DE SAUDE; Ativo;R$ 99,00; Compra Normal
 PREFEITURA MUNICIPAL DE BALNEÁRIO GAIVOTA; Móveis; EQUIPAMENTOS MÉDICOS;746; COMPRESSOR SHUSTER S45; 30/12/2011; FUNDO MUNICIPAL DE SAUDE; Ativo;R$ 265,00; Compra Normal
 PREFEITURA MUNICIPAL DE BALNEÁRIO GAIVOTA; Móveis; EQUIPAMENTOS MÉDICOS;796; MOCHO ODONTO A GAS DABI; 30/12/2011; FUNDO MUNICIPAL DE SAUDE; Ativo;R$ 59,90; Compra Normal
 PREFEITURA MUNICIPAL DE BALNEÁRIO GAIVOTA; Móveis; EQUIPAMENTOS MÉDICOS;754; AUTOCLAVE 12L AHNC3 INOX; 30/12/2011; FUNDO MUNICIPAL DE SAUDE; Ativo;R$ 245,00; Compra Normal
 PREFEITURA MUNICIPAL DE BALNEÁRIO GAIVOTA; Móveis; EQUIPAMENTOS MÉDICOS;800; APARELHO FOTO LED S/FIO EUA; 30/12/2011; FUNDO MUNICIPAL DE SAUDE; Baixado;R$ 772,90; Compra Normal
 PREFEITURA MUNICIPAL DE BALNEÁRIO GAIVOTA; Móveis; MICROCOMPUTADOR;31; COMPUTADOR MICROSENS 4GB HD 500 C/ MONITOR LG 20; 15/12/2011; MANUTENÇÃO DA SECRETARIA DE ARRECADAÇÃO; Ativo;R$ 137,70; Compra Normal
 PREFEITURA MUNICIPAL DE BALNEÁRIO GAIVOTA; Móveis; MICROCOMPUTADOR;840; COMPUTADOR MICROSENS 4 GB HD 500GB C/MONITOR LG 20'P; 15/12/2011; FUNDO MUNICIPAL DE SAUDE; Baixado;R$ 137,70; Compra Normal
 PREFEITURA MUNICIPAL DE BALNEÁRIO GAIVOTA; Móveis; MONITORES; -; MONITOR LCD 20; 14/12/2011; BENS INSERVÍVEIS; Baixado;R$ 500,00; Compra Normal
 PREFEITURA MUNICIPAL DE BALNEÁRIO GAIVOTA; Móveis; MOBILIÁRIO EM GERAL;799; CONSULTORIO CROMA TS CART (3 Placas c/ registro); 12/12/2011; FUNDO MUNICIPAL DE SAUDE; Ativo;R$ 787,00; Compra Normal
 PREFEITURA MUNICIPAL DE BALNEÁRIO GAIVOTA; Móveis; MOBILIÁRIO EM GERAL;1863; ARMARIO KAPESBERG ALTO 1013 CILIEGIO; 02/12/2011; MANUTENÇÃO DA SECRETARIA DE EDUCAÇÃO; Ativo;R$ 43,90; Compra Normal
 PREFEITURA MUNICIPAL DE BALNEÁRIO GAIVOTA; Móveis; MOBILIÁRIO EM GERAL;2838; ARMARIO ESTANTE KAPESBERG ALTO 1013 CILIEGIO; 02/12/2011; MANUTENÇÃO DA SECRETARIA DE EDUCAÇÃO; Ativo;R$ 43,90; Compra Normal
 PREFEITURA MUNICIPAL DE BALNEÁRIO GAIVOTA; Móveis; MOBILIÁRIO EM GERAL;3384; ARMARIO  2.00 MT BEGE; 02/12/2011; BENS PARA LEILÃO; Baixado;R$ 287,43; Compra Normal
 PREFEITURA MUNICIPAL DE BALNEÁRIO GAIVOTA; Móveis; MOBILIÁRIO EM GERAL;3453; ARMARIO 2.00 MT BEGE; 02/12/2011; MANUTENÇÃO DA SECRETARIA DE EDUCAÇÃO; Ativo;R$ 43,90; Compra Normal
 PREFEITURA MUNICIPAL DE BALNEÁRIO GAIVOTA; Móveis; MOBILIÁRIO EM GERAL;1412; BALCAO HOLZ 1,20 BRANCO C/ TROCADOR; 02/12/2011; MANUTENÇÃO DA SECRETARIA DE EDUCAÇÃO; Ativo;R$ 48,00; Compra Normal
 PREFEITURA MUNICIPAL DE BALNEÁRIO GAIVOTA; Móveis; MOBILIÁRIO EM GERAL;1382; BALCAO HOLZ 120 C2 PTS 3GAV 1,20 C/TAMPO ALICANTE; 02/12/2011; MANUTENÇÃO DA SECRETARIA DE EDUCAÇÃO; Ativo;R$ 40,90; Compra Normal
 PREFEITURA MUNICIPAL DE BALNEÁRIO GAIVOTA; Móveis; MOBILIÁRIO EM GERAL;1713; MESA KAPESBERG 1,20 CILIEGIO C/GAVETEIRO; 02/12/2011; MANUTENÇÃO DA SECRETARIA DE EDUCAÇÃO; Ativo;R$ 33,90; Compra Normal
 PREFEITURA MUNICIPAL DE BALNEÁRIO GAIVOTA; Móveis; MOBILIÁRIO EM GERAL;1783; MESA KAPESBERG 1,20 CILIEGIO C/GAVETEIRO; 02/12/2011; MANUTENÇÃO DA SECRETARIA DE EDUCAÇÃO; Ativo;R$ 33,90; Compra Normal
 PREFEITURA MUNICIPAL DE BALNEÁRIO GAIVOTA; Móveis; MOBILIÁRIO EM GERAL;1381; MICROONDAS ELECTROLUX 23 LITROS MEF 33; 02/12/2011; MANUTENÇÃO DA SECRETARIA DE EDUCAÇÃO; Ativo;R$ 33,49; Compra Normal
 PREFEITURA MUNICIPAL DE BALNEÁRIO GAIVOTA; Móveis; MOBILIÁRIO EM GERAL;519; MESA KAPESBERBERG 1,20 CILIEGIO C/GAVETEIRO; 02/12/2011; MANUTENÇÃO DO CONSELHO TUTELAR; Ativo;R$ 33,90; Compra Normal
 PREFEITURA MUNICIPAL DE BALNEÁRIO GAIVOTA; Móveis; MOBILIÁRIO EM GERAL;518; MESA KAPESBERBERG 1,20 CILIEGIO C/GAVETEIRO; 02/12/2011; MANUTENÇÃO DO CONSELHO TUTELAR; Ativo;R$ 33,90; Compra Normal
 CÂMARA MUNICIPAL BALNEÁRIO GAIVOTA; MOVEIS; Cod.: 2 - ELETRONICOS;118; MAQUINA FOTOGRAFICA CANON SX 40 PRETA SEMI PROFICIONAL COM CARTÃO DE 8 GB; 01/12/2011; CAMARA MUNICIPAL DE VEREADORES; Em uso;R$ 99,00; Compra
 PREFEITURA MUNICIPAL DE BALNEÁRIO GAIVOTA; Móveis; APARELHO DE COMUNICAÇÃO;1163; CENTRAL TELEFONICA 1+8 INTELBRAS; 25/11/2011; FUNDO MUNICIPAL DE SAUDE; Ativo;R$ 84,00; Compra Normal
 PREFEITURA MUNICIPAL DE BALNEÁRIO GAIVOTA; Móveis; MOBILIÁRIO EM GERAL;1248; ARQUIVO KAPESBERG 4GA; 25/11/2011; FUNDO MUNICIPAL DE SAUDE; Ativo;R$ 43,90; Compra Normal
 PREFEITURA MUNICIPAL DE BALNEÁRIO GAIVOTA; Móveis; MOBILIÁRIO EM GERAL;767; ARQUIVO REGIANI 4 GAV BARSA CARVALHO; 25/11/2011; FUNDO MUNICIPAL DE SAUDE; Baixado;R$ 53,90; Compra Normal
 PREFEITURA MUNICIPAL DE BALNEÁRIO GAIVOTA; Móveis; MOBILIÁRIO EM GERAL;768; ARQUIVO REGIANI 4 GAV BARSA CARVALHO; 25/11/2011; FUNDO MUNICIPAL DE SAUDE; Baixado;R$ 53,90; Compra Normal
 PREFEITURA MUNICIPAL DE BALNEÁRIO GAIVOTA; Móveis; MOBILIÁRIO EM GERAL;766; BALCAO DE ATENDIMENTO REGIANI C/TECLADO CARVALHO; 25/11/2011; FUNDO MUNICIPAL DE SAUDE; Ativo;R$ 169,80; Compra Normal
 PREFEITURA MUNICIPAL DE BALNEÁRIO GAIVOTA; Móveis; MOBILIÁRIO EM GERAL;747; FOGAO ATLAS COLISEU 4 BOCAS 4 BRANCO BRANCO; 25/11/2011; FUNDO MUNICIPAL DE SAUDE; Ativo;R$ 34,86; Compra Normal
 PREFEITURA MUNICIPAL DE BALNEÁRIO GAIVOTA; Móveis; MOBILIÁRIO EM GERAL;764; MACA P/PRONTO SOCORRO METALURGICA SAO JOSE; 25/11/2011; FUNDO MUNICIPAL DE SAUDE; Ativo;R$ 63,90; Compra Normal
 PREFEITURA MUNICIPAL DE BALNEÁRIO GAIVOTA; Móveis; MOBILIÁRIO EM GERAL;759; MESA KAPESPERG 120 CILIEGIO C/GAVETEIRO; 25/11/2011; FUNDO MUNICIPAL DE SAUDE; Ativo;R$ 33,90; Compra Normal
 PREFEITURA MUNICIPAL DE BALNEÁRIO GAIVOTA; Móveis; MOBILIÁRIO EM GERAL;771; MESA KAPESPERG 120 CILIEGIO C/GAVETEIRO; 25/11/2011; FUNDO MUNICIPAL DE SAUDE; Ativo;R$ 33,90; Compra Normal
 PREFEITURA MUNICIPAL DE BALNEÁRIO GAIVOTA; Móveis; MOBILIÁRIO EM GERAL;785; MESA KAPESPERG 120 CILIEGIO C/GAVETEIRO; 25/11/2011; SECRETÁRIO DA CULTURA; Ativo;R$ 33,90; Compra Normal
 PREFEITURA MUNICIPAL DE BALNEÁRIO GAIVOTA; Móveis; IMPRESSORAS;101; IMPRESSORA HP MULTIFUNCIONAL 3050-J610; 16/11/2011; BENS PARA LEILÃO; Ativo;R$ 32,90; Compra Normal
 PREFEITURA MUNICIPAL DE BALNEÁRIO GAIVOTA; Móveis; IMPRESSORAS;2075; IMPRESSORA HP M1132 MFP LASER; 14/11/2011; BENS PARA LEILÃO; Baixado;R$ 85,25; Compra Normal
 PREFEITURA MUNICIPAL DE BALNEÁRIO GAIVOTA; Móveis; ESTABILIZADOR/NOBREAK;133; NOBREAK 600 VA; 25/10/2011; BENS PARA LEILÃO; Baixado;R$ 32,50; Compra Normal
 PREFEITURA MUNICIPAL DE BALNEÁRIO GAIVOTA; Móveis; MOBILIÁRIO EM GERAL;1241; ARQUIVO W3 FICHARIO C/5 GAVETAS; 25/10/2011; FUNDO MUNICIPAL DE SAUDE; Ativo;R$ 128,90; Compra Normal
 PREFEITURA MUNICIPAL DE BALNEÁRIO GAIVOTA; Móveis; MICROCOMPUTADOR;1311; COMPUTADOR MIRAX CORE I5 4G 1T MONITOR SAMSUNG 18.5; 25/10/2011; FUNDO MUNICIPAL DE SAUDE; Ativo;R$ 238,96; Compra Normal
 PREFEITURA MUNICIPAL DE BALNEÁRIO GAIVOTA; Móveis; MICROCOMPUTADOR;98; COMPUTADOR BITWAY 2GB MONITOR AOC 18,5 HD 500; 06/10/2011; BENS INSERVÍVEIS; Baixado;R$ 1.309,00; Compra Normal
 PREFEITURA MUNICIPAL DE BALNEÁRIO GAIVOTA; Móveis; APARELHOS ELETRO-ELETRÔNICOS;239; AQUECEDOR BRITANIA AB SPLITI; 06/10/2011; BENS INSERVÍVEIS; Baixado;R$ 304,00; Compra Normal
 CAMARA MUNICIPAL DE BALNEARIO GAIVOTA; MOVEIS; Cod.: 3 - INFORMATICA;117; TABLET XOOM MOTOROLA PRETO; 01/10/2011; CAMARA MUNICIPAL DE VEREADORES; Baixado;R$ 149,90; Compra
 PREFEITURA MUNICIPAL DE BALNEÁRIO GAIVOTA; Móveis; MOBILIÁRIO EM GERAL;581; ARQUIVO W-3 METAL; 06/09/2011; APOIO A CRIANÇA E AO ADOLECESTE EM SITUA; Ativo;R$ 36,90; Compra Normal
 PREFEITURA MUNICIPAL DE BALNEÁRIO GAIVOTA; Móveis; MOBILIÁRIO EM GERAL;1306; ARQUIVO DE AÇO 4 GAVETAS CINZA; 06/09/2011; FUNDO MUNICIPAL DE SAUDE; Ativo;R$ 36,90; Compra Normal
 PREFEITURA MUNICIPAL DE BALNEÁRIO GAIVOTA; Móveis; MICROCOMPUTADOR;524; COMPUTADOR BITWAY 2 GIGA MONIOTOR AOC 18,5 HD500; 06/09/2011; MANUTENÇÃO DO CONSELHO TUTELAR; Ativo;R$ 167,38; Compra Normal
 PREFEITURA MUNICIPAL DE BALNEÁRIO GAIVOTA; Móveis; MOBILIÁRIO EM GERAL;499; MESA KAPESBERG 150 C/GATEIRO; 06/09/2011; MANUTENÇÃO DO CONSELHO TUTELAR; Ativo;R$ 31,80; Compra Normal
 PREFEITURA MUNICIPAL DE BALNEÁRIO GAIVOTA; Móveis; MOBILIÁRIO EM GERAL;517; MESA KAPESBERG 1,20  CINZA C/ GAVETEIRO; 06/09/2011; DIRETORIA DE MEIO AMBIENTE; Ativo;R$ 31,80; Compra Normal
 PREFEITURA MUNICIPAL DE BALNEÁRIO GAIVOTA; Móveis; MICROCOMPUTADOR;1324; COMPUTADOR BITWAY 2 GB MONITOR AOC 18,5 DH 500GB; 05/09/2011; FUNDO MUNICIPAL DE SAUDE; Baixado;R$ 172,50; Compra Normal
 CÂMARA MUNICIPAL BALNEÁRIO GAIVOTA; MOVEIS; Cod.: 2 - ELETRONICOS;116; FURADEIRA PARAFUSADEIRA 780W COM JOGO DE CHAVES MARCA SKIL; 25/08/2011; CAMARA MUNICIPAL DE VEREADORES; Em uso;R$ 8,26; Compra
 PREFEITURA MUNICIPAL DE BALNEÁRIO GAIVOTA; Móveis; APARELHOS ELETRO-ELETRÔNICOS;849; TELA COM TRIPÉ PARA RETROPROJETOR 180X180; 24/08/2011; FUNDO MUNICIPAL DE SAUDE; Baixado;R$ 63,00; Compra Normal
 PREFEITURA MUNICIPAL DE BALNEÁRIO GAIVOTA; Móveis; MOBILIÁRIO EM GERAL;2602; BANCO DE 3000X800 EM MDF REV FORM BRANCO; 19/08/2011; BENS INSERVÍVEIS; Baixado;R$ 496,50; Compra Normal
 PREFEITURA MUNICIPAL DE BALNEÁRIO GAIVOTA; Móveis; MOBILIÁRIO EM GERAL;2603; BANCO DE 3000X800 EM MDF REV FORM BRANCO; 19/08/2011; BENS INSERVÍVEIS; Baixado;R$ 496,50; Compra Normal
 PREFEITURA MUNICIPAL DE BALNEÁRIO GAIVOTA; Móveis; MOBILIÁRIO EM GERAL;2604; BANCO DE 3000X800 EM MDF REV FORM BRANCO; 19/08/2011; BENS INSERVÍVEIS; Baixado;R$ 496,50; Compra Normal
 PREFEITURA MUNICIPAL DE BALNEÁRIO GAIVOTA; Móveis; MOBILIÁRIO EM GERAL;2605; BANCO DE 3000X800 EM MDF REV FORM BRANCO; 19/08/2011; BENS INSERVÍVEIS; Baixado;R$ 496,50; Compra Normal
 PREFEITURA MUNICIPAL DE BALNEÁRIO GAIVOTA; Móveis; MOBILIÁRIO EM GERAL;2606; BANCO DE 3000X800 EM MDF REV FORM BRANCO; 19/08/2011; BENS INSERVÍVEIS; Baixado;R$ 496,50; Compra Normal
 PREFEITURA MUNICIPAL DE BALNEÁRIO GAIVOTA; Móveis; MOBILIÁRIO EM GERAL;2624; ARMARIO AERIO MDF 1200X600X400 3P BRANCA; 19/08/2011; MANUTENÇÃO DA SECRETARIA DE EDUCAÇÃO; Ativo;R$ 49,70; Compra Normal
 PREFEITURA MUNICIPAL DE BALNEÁRIO GAIVOTA; Móveis; MOBILIÁRIO EM GERAL;2595; MESA EM MDF 3000X900 CHAPA 18MM REVEST FORM COR BEGE; 19/08/2011; MANUTENÇÃO DA SECRETARIA DE EDUCAÇÃO; Ativo;R$ 164,90; Compra Normal
 PREFEITURA MUNICIPAL DE BALNEÁRIO GAIVOTA; Móveis; MOBILIÁRIO EM GERAL;2562; ARMARIO EM MDF1900X2800X600 12P DE 700X900 BEGE; 19/08/2011; MANUTENÇÃO DA SECRETARIA DE EDUCAÇÃO; Ativo;R$ 366,80; Compra Normal
 PREFEITURA MUNICIPAL DE BALNEÁRIO GAIVOTA; Móveis; MOBILIÁRIO EM GERAL;2561; BALCAO MDF 1350X1150X600 COM12 GAV COR BEGE; 19/08/2011; MANUTENÇÃO DA SECRETARIA DE EDUCAÇÃO; Ativo;R$ 209,55; Compra Normal
 PREFEITURA MUNICIPAL DE BALNEÁRIO GAIVOTA; Móveis; MOBILIÁRIO EM GERAL;2607; BALCAO MDF PORTAS 3000X600X900 COM PRAT INTERNA BRANCO; 19/08/2011; MANUTENÇÃO DA SECRETARIA DE EDUCAÇÃO; Ativo;R$ 152,40; Compra Normal
 PREFEITURA MUNICIPAL DE BALNEÁRIO GAIVOTA; Móveis; MOBILIÁRIO EM GERAL;1516; MESA MDF OVAL 3000X1200 CHAPA 18MM REVEST FORM COR BEGE; 19/08/2011; MANUTENÇÃO DA SECRETARIA DE EDUCAÇÃO; Ativo;R$ 149,50; Compra Normal
 PREFEITURA MUNICIPAL DE BALNEÁRIO GAIVOTA; Móveis; MOBILIÁRIO EM GERAL;1517; MESA MDF OVAL 3000X1200 CHAPA 18MM REVEST FORM COR BEGE; 19/08/2011; MANUTENÇÃO DA SECRETARIA DE EDUCAÇÃO; Ativo;R$ 149,50; Compra Normal
 PREFEITURA MUNICIPAL DE BALNEÁRIO GAIVOTA; Móveis; MOBILIÁRIO EM GERAL;2589; MESA E MDF OVAL 3000X800 CHAPA 18MM REVEST FORM BRANCA; 19/08/2011; MANUTENÇÃO DA SECRETARIA DE EDUCAÇÃO; Ativo;R$ 85,70; Compra Normal
 PREFEITURA MUNICIPAL DE BALNEÁRIO GAIVOTA; Móveis; MOBILIÁRIO EM GERAL;2590; MESA E MDF OVAL 3000X800 CHAPA 18MM REVEST FORM BRANCA; 19/08/2011; BENS PARA LEILÃO; Baixado;R$ 561,22; Compra Normal
 PREFEITURA MUNICIPAL DE BALNEÁRIO GAIVOTA; Móveis; MOBILIÁRIO EM GERAL;2591; MESA E MDF OVAL 3000X800 CHAPA 18MM REVEST FORM BRANCA; 19/08/2011; BENS PARA LEILÃO; Baixado;R$ 561,22; Compra Normal
 PREFEITURA MUNICIPAL DE BALNEÁRIO GAIVOTA; Móveis; MOBILIÁRIO EM GERAL;2592; MESA E MDF OVAL 3000X800 CHAPA 18MM REVEST FORM BRANCA; 19/08/2011; MANUTENÇÃO DA SECRETARIA DE EDUCAÇÃO; Ativo;R$ 85,70; Compra Normal
 PREFEITURA MUNICIPAL DE BALNEÁRIO GAIVOTA; Móveis; MOBILIÁRIO EM GERAL;2616; ARMARIO EM MDF 1780X2000X550 4P DE 450X660 BRANCA; 19/08/2011; MANUTENÇÃO DA SECRETARIA DE EDUCAÇÃO; Ativo;R$ 199,40; Compra Normal
 PREFEITURA MUNICIPAL DE BALNEÁRIO GAIVOTA; Móveis; MOBILIÁRIO EM GERAL;2593; BANCO DE 3000X800 EM MDF REV FORM BRANCO; 19/08/2011; MANUTENÇÃO DA SECRETARIA DE EDUCAÇÃO; Ativo;R$ 49,65; Compra Normal
 PREFEITURA MUNICIPAL DE BALNEÁRIO GAIVOTA; Móveis; MOBILIÁRIO EM GERAL;2594; BANCO DE 3000X800 EM MDF REV FORM BRANCO; 19/08/2011; MANUTENÇÃO DA SECRETARIA DE EDUCAÇÃO; Ativo;R$ 49,65; Compra Normal
 PREFEITURA MUNICIPAL DE BALNEÁRIO GAIVOTA; Móveis; MOBILIÁRIO EM GERAL;2601; BANCO DE 3000X800 EM MDF REV FORM BRANCO; 19/08/2011; BENS INSERVÍVEIS; Baixado;R$ 496,50; Compra Normal
 PREFEITURA MUNICIPAL DE BALNEÁRIO GAIVOTA; Móveis; ELETRODOMÉSTICOS;2617; LIQUIDIFICADOR POLI INDUSTRIAL 8 LTS; 18/08/2011; BENS PARA LEILÃO; Baixado;R$ 96,90; Compra Normal
 PREFEITURA MUNICIPAL DE BALNEÁRIO GAIVOTA; Móveis; MOBILIÁRIO EM GERAL;2891; ESTANTE W 3 P/LIVROS 2 FACES C/12 PRAT C/5 BLIBIOCANTOS; 15/08/2011; MANUTENÇÃO DA SECRETARIA DE EDUCAÇÃO; Ativo;R$ 95,40; Compra Normal
 PREFEITURA MUNICIPAL DE BALNEÁRIO GAIVOTA; Móveis; MOBILIÁRIO EM GERAL;2892; ESTANTE W 3 P/LIVROS 2 FACES C/12 PRAT C/5 BLIBIOCANTOS; 15/08/2011; MANUTENÇÃO DA SECRETARIA DE EDUCAÇÃO; Ativo;R$ 95,40; Compra Normal
 PREFEITURA MUNICIPAL DE BALNEÁRIO GAIVOTA; Móveis; MOBILIÁRIO EM GERAL;2893; ESTANTE W 3 P/LIVROS 2 FACES C/12 PRAT C/5 BLIBIOCANTOS; 15/08/2011; MANUTENÇÃO DA SECRETARIA DE EDUCAÇÃO; Ativo;R$ 95,40; Compra Normal
 PREFEITURA MUNICIPAL DE BALNEÁRIO GAIVOTA; Móveis; MOBILIÁRIO EM GERAL;4617; ESTANTE W 3 P/LIVROS 2 FACES C/12 PRAT C/5 BLIBIOCANTOS; 15/08/2011; SECRETÁRIO DA CULTURA; Ativo;R$ 95,40; Compra Normal
 PREFEITURA MUNICIPAL DE BALNEÁRIO GAIVOTA; Móveis; MOBILIÁRIO EM GERAL;4618; ESTANTE W 3 P/LIVROS 2 FACES C/12 PRAT C/5 BLIBIOCANTOS; 15/08/2011; SECRETÁRIO DA CULTURA; Ativo;R$ 95,40; Compra Normal
 PREFEITURA MUNICIPAL DE BALNEÁRIO GAIVOTA; Móveis; MOBILIÁRIO EM GERAL;4619; ESTANTE W 3 P/LIVROS 2 FACES C/12 PRAT C/5 BLIBIOCANTOS; 15/08/2011; SECRETÁRIO DA CULTURA; Ativo;R$ 95,40; Compra Normal
 PREFEITURA MUNICIPAL DE BALNEÁRIO GAIVOTA; Móveis; MÁQUINAS, MOTORES;460; MOTOCERRA STIHL MS361; 12/08/2011; MANUTENÇÃO DA SECRETARIA DE OBRAS E SERV; Ativo;R$ 194,00; Compra Normal
 PREFEITURA MUNICIPAL DE BALNEÁRIO GAIVOTA; Móveis; MOBILIÁRIO EM GERAL;603; ARMARIO KAPESBERG AZUL CLARO REF1004; 11/08/2011; MANUTENÇÃO DO CONSELHO TUTELAR; Ativo;R$ 40,90; Compra Normal
 PREFEITURA MUNICIPAL DE BALNEÁRIO GAIVOTA; Móveis; EQUIPAMENTOS MÉDICOS;3844; NEURODYN III TENS/FES N-45; 03/08/2011; FUNDO MUNICIPAL DE SAUDE; Ativo;R$ 49,90; Compra Normal
 PREFEITURA MUNICIPAL DE BALNEÁRIO GAIVOTA; Móveis; EQUIPAMENTOS MÉDICOS;991; SONOPULSE III 1 E 3MHZ S-34; 03/08/2011; FUNDO MUNICIPAL DE SAUDE; Ativo;R$ 99,90; Compra Normal
 PREFEITURA MUNICIPAL DE BALNEÁRIO GAIVOTA; Móveis; EQUIPAMENTOS MÉDICOS;1118; SONOPULSE III 1 E 3MHZ S-34; 03/08/2011; FUNDO MUNICIPAL DE SAUDE; Ativo;R$ 99,90; Compra Normal
 PREFEITURA MUNICIPAL DE BALNEÁRIO GAIVOTA; Móveis; EQUIPAMENTOS MÉDICOS;1191; INFRA VERMELHO MESA C/LAMPADA CARCI; 03/08/2011; FUNDO MUNICIPAL DE SAUDE; Baixado;R$ 209,60; Compra Normal
 PREFEITURA MUNICIPAL DE BALNEÁRIO GAIVOTA; Móveis; EQUIPAMENTOS MÉDICOS;3843; INFRA VERMELHO MESA C/LAMPADA CARCI; 03/08/2011; FUNDO MUNICIPAL DE SAUDE; Ativo;R$ 32,00; Compra Normal
 PREFEITURA MUNICIPAL DE BALNEÁRIO GAIVOTA; Móveis; EQUIPAMENTOS MÉDICOS;992; NEURODYN III TENS/FES N-45; 03/08/2011; FUNDO MUNICIPAL DE SAUDE; Baixado;R$ 49,90; Compra Normal
 PREFEITURA MUNICIPAL DE BALNEÁRIO GAIVOTA; Móveis; MOBILIÁRIO EM GERAL;1784; ARMARIO KAPESBERG ALTO 1013 CILIEGIO; 01/08/2011; MANUTENÇÃO DA SECRETARIA DE EDUCAÇÃO; Ativo;R$ 42,90; Compra Normal
 PREFEITURA MUNICIPAL DE BALNEÁRIO GAIVOTA; Móveis; MOBILIÁRIO EM GERAL;1785; ARMARIO ALTO 2 PORTAS AZUL; 01/08/2011; MANUTENÇÃO DA SECRETARIA DE EDUCAÇÃO; Ativo;R$ 42,90; Compra Normal
 PREFEITURA MUNICIPAL DE BALNEÁRIO GAIVOTA; Móveis; MOBILIÁRIO EM GERAL;1714; ARMARIO KAPESBERG ALTO 1013 CILIEGIO; 01/08/2011; MANUTENÇÃO DA SECRETARIA DE EDUCAÇÃO; Ativo;R$ 42,90; Compra Normal
 PREFEITURA MUNICIPAL DE BALNEÁRIO GAIVOTA; Móveis; MOBILIÁRIO EM GERAL;2929; ARQUIVO BRANCO 4 GAVETAS FORMICA; 01/08/2011; BENS INSERVÍVEIS; Baixado;R$ 405,00; Compra Normal
 PREFEITURA MUNICIPAL DE BALNEÁRIO GAIVOTA; Móveis; MOBILIÁRIO EM GERAL;1314; ARQUIVO KAPESBERG 4 GA CILIEGIO REF 1004; 01/08/2011; BENS INSERVÍVEIS; Baixado;R$ 405,00; Compra Normal
 PREFEITURA MUNICIPAL DE BALNEÁRIO GAIVOTA; Móveis; MOBILIÁRIO EM GERAL;3723; ARQUIVO KAPESBERG 4 GAVETAS AZUL; 01/08/2011; MANUTENÇÃO DA SECRETARIA DE EDUCAÇÃO; Ativo;R$ 40,50; Compra Normal
 PREFEITURA MUNICIPAL DE BALNEÁRIO GAIVOTA; Móveis; MOBILIÁRIO EM GERAL;2182; TAMPO DE PEDRA DE GRANITO VENTURINI 2500X700 CUBA INO; 01/08/2011; MANUTENÇÃO DA SECRETARIA DE EDUCAÇÃO; Ativo;R$ 164,50; Compra Normal
 PREFEITURA MUNICIPAL DE BALNEÁRIO GAIVOTA; Móveis; MOBILIÁRIO EM GERAL;2628; TAMPO DE PEDRA DE GRANITO VENTURINI 2500X700 CUBA INO; 01/08/2011; MANUTENÇÃO DA SECRETARIA DE EDUCAÇÃO; Ativo;R$ 164,50; Compra Normal
 PREFEITURA MUNICIPAL DE BALNEÁRIO GAIVOTA; Móveis; MONITORES; -; MONITOR LCD 18'5; 25/07/2011; BENS INSERVÍVEIS; Baixado;R$ 464,00; Compra Normal
 PREFEITURA MUNICIPAL DE BALNEÁRIO GAIVOTA; Móveis; MOBILIÁRIO EM GERAL;3128; ARMARIO KAPESBERG ALTO 1013 CILIEGIO; 25/07/2011; MANUTENÇÃO DA SECRETARIA DE EDUCAÇÃO; Ativo;R$ 43,70; Compra Normal
 PREFEITURA MUNICIPAL DE BALNEÁRIO GAIVOTA; Móveis; MOBILIÁRIO EM GERAL;3201; ARMARIO KAPESBERG ALTO 1013 CILIEGIO; 25/07/2011; MANUTENÇÃO DA SECRETARIA DE EDUCAÇÃO; Ativo;R$ 43,70; Compra Normal
 PREFEITURA MUNICIPAL DE BALNEÁRIO GAIVOTA; Móveis; MOBILIÁRIO EM GERAL;3253; ARMARIO KAPESBERG ALTO 1013 CILIEGIO; 25/07/2011; MANUTENÇÃO DA SECRETARIA DE EDUCAÇÃO; Ativo;R$ 43,70; Compra Normal
 PREFEITURA MUNICIPAL DE BALNEÁRIO GAIVOTA; Móveis; MOBILIÁRIO EM GERAL;3383; ARMARIO KAPESBERG ALTO 1013 CILIEGIO; 25/07/2011; BENS PARA LEILÃO; Baixado;R$ 286,12; Compra Normal
 PREFEITURA MUNICIPAL DE BALNEÁRIO GAIVOTA; Móveis; MOBILIÁRIO EM GERAL;4484; ARMARIO KAPESBERG CILIEGIO REF 1012; 25/07/2011; MANUTENÇÃO DA SECRETARIA DE EDUCAÇÃO; Ativo;R$ 39,60; Compra Normal
 PREFEITURA MUNICIPAL DE BALNEÁRIO GAIVOTA; Móveis; MOBILIÁRIO EM GERAL;3540; ARMARIO KAPESBERG CILIEGIO REF 1012; 25/07/2011; MANUTENÇÃO DA SECRETARIA DE EDUCAÇÃO; Ativo;R$ 39,60; Compra Normal
 PREFEITURA MUNICIPAL DE BALNEÁRIO GAIVOTA; Móveis; MOBILIÁRIO EM GERAL;2847; ARMARIO KAPESBERG CILIEGIO REF 1012; 25/07/2011; MANUTENÇÃO DA SECRETARIA DE EDUCAÇÃO; Ativo;R$ 39,60; Compra Normal
 PREFEITURA MUNICIPAL DE BALNEÁRIO GAIVOTA; Móveis; MOBILIÁRIO EM GERAL;2839; ARQUIVO KAPESBERG 4 GA CILIEGIO REF1004; 25/07/2011; MANUTENÇÃO DA SECRETARIA DE EDUCAÇÃO; Ativo;R$ 40,65; Compra Normal
 PREFEITURA MUNICIPAL DE BALNEÁRIO GAIVOTA; Móveis; MOBILIÁRIO EM GERAL;2855; ARQUIVO KAPESBERG 4 GA CILIEGIO REF1004; 25/07/2011; MANUTENÇÃO DA SECRETARIA DE EDUCAÇÃO; Ativo;R$ 40,65; Compra Normal
 PREFEITURA MUNICIPAL DE BALNEÁRIO GAIVOTA; Móveis; MOBILIÁRIO EM GERAL;2914; KIT OFICCE KAPESBERG 1,50 C/ GAVETEIRO CILIEGIO; 25/07/2011; MANUTENÇÃO DA SECRETARIA DE EDUCAÇÃO; Ativo;R$ 47,50; Compra Normal
 PREFEITURA MUNICIPAL DE BALNEÁRIO GAIVOTA; Móveis; MOBILIÁRIO EM GERAL;2857; MESA KAPESBERG 1,20 CILIEGIO C/ GAVETEIRO; 25/07/2011; MANUTENÇÃO DA SECRETARIA DE EDUCAÇÃO; Ativo;R$ 31,40; Compra Normal
 PREFEITURA MUNICIPAL DE BALNEÁRIO GAIVOTA; Móveis; MOBILIÁRIO EM GERAL;2211; MESA KAPESBERG 1,20 CILIEGIO C/ GAVETEIRO; 25/07/2011; MANUTENÇÃO DA SECRETARIA DE EDUCAÇÃO; Ativo;R$ 31,40; Compra Normal
 PREFEITURA MUNICIPAL DE BALNEÁRIO GAIVOTA; Móveis; MOBILIÁRIO EM GERAL;3004; MESA KAPESBERG 1,20 CILIEGIO C/ GAVETEIRO; 25/07/2011; BENS PARA LEILÃO; Baixado;R$ 31,40; Compra Normal
 PREFEITURA MUNICIPAL DE BALNEÁRIO GAIVOTA; Móveis; MOBILIÁRIO EM GERAL;3058; MESA KAPESBERG 1,20 CILIEGIO C/ GAVETEIRO; 25/07/2011; MANUTENÇÃO DA SECRETARIA DE EDUCAÇÃO; Ativo;R$ 31,40; Compra Normal
 PREFEITURA MUNICIPAL DE BALNEÁRIO GAIVOTA; Móveis; MOBILIÁRIO EM GERAL;3129; MESA KAPESBERG 1,20 CILIEGIO C/ GAVETEIRO; 25/07/2011; BENS PARA LEILÃO; Baixado;R$ 205,67; Compra Normal
 PREFEITURA MUNICIPAL DE BALNEÁRIO GAIVOTA; Móveis; MOBILIÁRIO EM GERAL;3255; MESA KAPESBERG 1,20 CILIEGIO C/ GAVETEIRO; 25/07/2011; MANUTENÇÃO DA SECRETARIA DE EDUCAÇÃO; Ativo;R$ 31,40; Compra Normal
 PREFEITURA MUNICIPAL DE BALNEÁRIO GAIVOTA; Móveis; MOBILIÁRIO EM GERAL;3308; MESA KAPESBERG 1,20 CILIEGIO C/ GAVETEIRO; 25/07/2011; MANUTENÇÃO DA SECRETARIA DE EDUCAÇÃO; Ativo;R$ 31,40; Compra Normal
 PREFEITURA MUNICIPAL DE BALNEÁRIO GAIVOTA; Móveis; MOBILIÁRIO EM GERAL;3452; MESA KAPESBERG 1,20 CILIEGIO C/ GAVETEIRO; 25/07/2011; MANUTENÇÃO DA SECRETARIA DE EDUCAÇÃO; Ativo;R$ 31,40; Compra Normal
 PREFEITURA MUNICIPAL DE BALNEÁRIO GAIVOTA; Móveis; MOBILIÁRIO EM GERAL;3539; MESA KAPESBERG 1,20 CILIEGIO C/ GAVETEIRO; 25/07/2011; MANUTENÇÃO DA SECRETARIA DE EDUCAÇÃO; Ativo;R$ 31,40; Compra Normal
 PREFEITURA MUNICIPAL DE BALNEÁRIO GAIVOTA; Móveis; VEICULOS PESADOS;1244; ÔNIBUS RURAL ESCOLAR REFORÇADO MÉDIO, MARCA VOLKSWAGEN, VERSÃO ESPECIAL PADÃO CAMINHO DA ESCOLA 2010, CAPACIDADE DE CARGA UTIL DE 3.000 KG, CARROCERIA MARCOPOLO/CIFERAL, MODELO SENIOR MIDI, COMPRIMENTO 9.000 MM, CHASSI 9532882W9BR161765 - 0084 ( VW/15.190 EOD ESCOLAR HD ORE PACOTE CAMINHO DA ESCOLA) PLACA MJD0805 RENAVAM 340628839; 20/07/2011; MANUTENÇÃO DA SECRETARIA DE EDUCAÇÃO; Ativo;R$ 19.800,00; Compra Normal
 PREFEITURA MUNICIPAL DE BALNEÁRIO GAIVOTA; Móveis; ELETRODOMÉSTICOS;2615; FREEZER ELECTROLUX 500 LITROS; 13/07/2011; MANUTENÇÃO DA SECRETARIA DE EDUCAÇÃO; Ativo;R$ 189,20; Compra Normal
 PREFEITURA MUNICIPAL DE BALNEÁRIO GAIVOTA; Móveis; IMPRESSORAS;2565; IMPRESSORA HP LASER MONO M1132; 13/07/2011; BENS PARA LEILÃO; Baixado;R$ 87,90; Compra Normal
 PREFEITURA MUNICIPAL DE BALNEÁRIO GAIVOTA; Móveis; MAQUINA DE COSTURA;575; MAQUINA DE COSTURA RETA INDUSTRIAL; 22/06/2011; MANUTENÇÃO DO CONSELHO TUTELAR; Ativo;R$ 60,00; Compra Normal
 PREFEITURA MUNICIPAL DE BALNEÁRIO GAIVOTA; Móveis; MAQUINA DE COSTURA;577; MAQUINA DE COSTURA OVERLOCK GN6 INDUSTRIAL; 22/06/2011; MANUTENÇÃO DO CONSELHO TUTELAR; Ativo;R$ 70,00; Compra Normal
 PREFEITURA MUNICIPAL DE BALNEÁRIO GAIVOTA; Móveis; MAQUINA DE COSTURA;576; MAQUINA DE COSTURA GALONEIRA INDUSTRIAL; 22/06/2011; MANUTENÇÃO DO CONSELHO TUTELAR; Ativo;R$ 190,00; Compra Normal
 PREFEITURA MUNICIPAL DE BALNEÁRIO GAIVOTA; Móveis; MOBILIÁRIO EM GERAL;822; ARQUIVO KAPESBERG REF1012 COR AZUL; 21/06/2011; FUNDO MUNICIPAL DE SAUDE; Ativo;R$ 39,80; Compra Normal
 PREFEITURA MUNICIPAL DE BALNEÁRIO GAIVOTA; Móveis; MONITORES; -; MONITOR AOC 18,5 POLEGADAS; 10/06/2011; BENS INSERVÍVEIS; Baixado;R$ 498,00; Compra Normal
 PREFEITURA MUNICIPAL DE BALNEÁRIO GAIVOTA; Móveis; MONITORES; -; MONITOR AOC 18,5 POLEGADAS; 10/06/2011; BENS INSERVÍVEIS; Baixado;R$ 498,00; Compra Normal
 PREFEITURA MUNICIPAL DE BALNEÁRIO GAIVOTA; Móveis; ELETRODOMÉSTICOS;442; Aspirador eletrolux GT 200  Profissional; 06/06/2011; BENS PARA LEILÃO; Baixado;R$ 34,10; Compra Normal
 PREFEITURA MUNICIPAL DE BALNEÁRIO GAIVOTA; Móveis; INSTRUMENTOS E UTENSÍLIOS;1301; BEBE CONFORTE HERCULES ATE 09 MESES; 06/06/2011; FUNDO MUNICIPAL DE SAUDE; Baixado;R$ 30,90; Compra Normal
 PREFEITURA MUNICIPAL DE BALNEÁRIO GAIVOTA; Móveis; INSTRUMENTOS E UTENSÍLIOS;5235; CADEIRA P/CARRO HERCULES DE 09 A 18KG ATE 03 ANOS; 06/06/2011; FUNDO MUNICIPAL DE SAUDE; Ativo;R$ 39,19; Compra Normal
 CAMARA MUNICIPAL DE BALNEARIO GAIVOTA; MOVEIS; Cod.: 2 - ELETRONICOS;115; IMPRESSORA HP P1102W PRETA; 03/06/2011; CAMARA MUNICIPAL DE VEREADORES; Baixado;R$ 61,00; Compra
 PREFEITURA MUNICIPAL DE BALNEÁRIO GAIVOTA; Móveis; MOBILIÁRIO EM GERAL;2120; BALCAO MDF 2500X700X900 COM PRAT INT FUX PERFIL BEGE; 25/05/2011; MANUTENÇÃO DA SECRETARIA DE EDUCAÇÃO; Ativo;R$ 116,90; Compra Normal
 PREFEITURA MUNICIPAL DE BALNEÁRIO GAIVOTA; Móveis; MOBILIÁRIO EM GERAL;2105; BALCAO MDF 2500X700X900 COM PRAT INT FUX PERFIL BEGE; 25/05/2011; MANUTENÇÃO DA SECRETARIA DE EDUCAÇÃO; Ativo;R$ 116,90; Compra Normal
 PREFEITURA MUNICIPAL DE BALNEÁRIO GAIVOTA; Móveis; MOBILIÁRIO EM GERAL;2626; BALCAO DE PIA 1600X700X900 PRAT INT POR E 4 GAV BRANCO; 25/05/2011; MANUTENÇÃO DA SECRETARIA DE EDUCAÇÃO; Ativo;R$ 89,90; Compra Normal
 PREFEITURA MUNICIPAL DE BALNEÁRIO GAIVOTA; Móveis; MOBILIÁRIO EM GERAL;2181; BALCAO DE PIA 1600X700X900 PRAT INT POR E 4 GAV BRANCO; 25/05/2011; MANUTENÇÃO DA SECRETARIA DE EDUCAÇÃO; Ativo;R$ 89,90; Compra Normal
 PREFEITURA MUNICIPAL DE BALNEÁRIO GAIVOTA; Móveis; MOBILIÁRIO EM GERAL;2071; BALCAO EM MDF SO PORTAS 2000X700X900 COM TAMPO BEGE; 25/05/2011; MANUTENÇÃO DA SECRETARIA DE EDUCAÇÃO; Ativo;R$ 91,73; Compra Normal
 PREFEITURA MUNICIPAL DE BALNEÁRIO GAIVOTA; Móveis; MOBILIÁRIO EM GERAL;2005; BALCAO EM MDF SO PORTAS 2000X700X900 COM TAMPO BEGE; 25/05/2011; MANUTENÇÃO DA SECRETARIA DE EDUCAÇÃO; Ativo;R$ 91,73; Compra Normal
 PREFEITURA MUNICIPAL DE BALNEÁRIO GAIVOTA; Móveis; MOBILIÁRIO EM GERAL;2121; MESA REDONDA BLIBIOTECA 1MX18MM REV FOR BEGE COR PRETA; 25/05/2011; MANUTENÇÃO DA SECRETARIA DE EDUCAÇÃO; Ativo;R$ 30,30; Compra Normal
 PREFEITURA MUNICIPAL DE BALNEÁRIO GAIVOTA; Móveis; MOBILIÁRIO EM GERAL;2122; MESA REDONDA BLIBIOTECA 1MX18MM REV FOR BEGE COR PRETA; 25/05/2011; MANUTENÇÃO DA SECRETARIA DE EDUCAÇÃO; Ativo;R$ 30,30; Compra Normal
 PREFEITURA MUNICIPAL DE BALNEÁRIO GAIVOTA; Móveis; MOBILIÁRIO EM GERAL;1738; MESA 2700X900 EM MDF CHP 18MM REV FOR BCA COR PRETA; 25/05/2011; MANUTENÇÃO DA SECRETARIA DE EDUCAÇÃO; Ativo;R$ 76,50; Compra Normal
 PREFEITURA MUNICIPAL DE BALNEÁRIO GAIVOTA; Móveis; MOBILIÁRIO EM GERAL;1739; MESA 2700X900 EM MDF CHP 18MM REV FOR BEGE COR PRETA; 25/05/2011; MANUTENÇÃO DA SECRETARIA DE EDUCAÇÃO; Ativo;R$ 76,50; Compra Normal
 PREFEITURA MUNICIPAL DE BALNEÁRIO GAIVOTA; Móveis; MOBILIÁRIO EM GERAL;1740; MESA 2700X900 EM MDF CHP 18MM REV FOR BEGE COR PRETA; 25/05/2011; MANUTENÇÃO DA SECRETARIA DE EDUCAÇÃO; Ativo;R$ 76,50; Compra Normal
 PREFEITURA MUNICIPAL DE BALNEÁRIO GAIVOTA; Móveis; MOBILIÁRIO EM GERAL;3996; BANCO 2700X300 EM MDF CHP 18MM REV FOR BEGE COR PRETA; 25/05/2011; MANUTENÇÃO DA SECRETARIA DE EDUCAÇÃO; Ativo;R$ 41,58; Compra Normal
 PREFEITURA MUNICIPAL DE BALNEÁRIO GAIVOTA; Móveis; MOBILIÁRIO EM GERAL;1742; BANCO 2700X300 EM MDF CHP 18MM REV FOR BEGE COR PRETA; 25/05/2011; MANUTENÇÃO DA SECRETARIA DE EDUCAÇÃO; Ativo;R$ 41,58; Compra Normal
 PREFEITURA MUNICIPAL DE BALNEÁRIO GAIVOTA; Móveis; MOBILIÁRIO EM GERAL;3978; BANCO 2700X300 EM MDF CHP 18MM REV FOR BEGE COR PRETA; 25/05/2011; MANUTENÇÃO DA SECRETARIA DE EDUCAÇÃO; Ativo;R$ 41,58; Compra Normal
 PREFEITURA MUNICIPAL DE BALNEÁRIO GAIVOTA; Móveis; MOBILIÁRIO EM GERAL;1744; BANCO 2700X300 EM MDF CHP 18MM REV FOR BEGE COR PRETA; 25/05/2011; MANUTENÇÃO DA SECRETARIA DE EDUCAÇÃO; Ativo;R$ 41,58; Compra Normal
 PREFEITURA MUNICIPAL DE BALNEÁRIO GAIVOTA; Móveis; MOBILIÁRIO EM GERAL;1745; BANCO 2700X300 EM MDF CHP 18MM REV FOR BEGE COR PRETA; 25/05/2011; MANUTENÇÃO DA SECRETARIA DE EDUCAÇÃO; Ativo;R$ 41,58; Compra Normal
 PREFEITURA MUNICIPAL DE BALNEÁRIO GAIVOTA; Móveis; MOBILIÁRIO EM GERAL;1746; BANCO 2700X300 EM MDF CHP 18MM REV FOR BEGE COR PRETA; 25/05/2011; MANUTENÇÃO DA SECRETARIA DE EDUCAÇÃO; Ativo;R$ 41,58; Compra Normal
 PREFEITURA MUNICIPAL DE BALNEÁRIO GAIVOTA; Móveis; MOBILIÁRIO EM GERAL;2627; BALLCAO MDF 1000X700X900 COM TAMPO PUX PERFIL BRANCO; 25/05/2011; MANUTENÇÃO DA SECRETARIA DE EDUCAÇÃO; Ativo;R$ 51,92; Compra Normal
 PREFEITURA MUNICIPAL DE BALNEÁRIO GAIVOTA; Móveis; MOBILIÁRIO EM GERAL;2101; MESA OVAL EM MDF 3000X1200 CHIP 18MM REC FOR BEGE; 25/05/2011; MANUTENÇÃO DA SECRETARIA DE EDUCAÇÃO; Ativo;R$ 144,50; Compra Normal
 PREFEITURA MUNICIPAL DE BALNEÁRIO GAIVOTA; Móveis; MOBILIÁRIO EM GERAL;2104; ARMARIO MDF 200X2000X60 C/ 20 PORTAS 400X500 BEGE; 25/05/2011; MANUTENÇÃO DA SECRETARIA DE EDUCAÇÃO; Ativo;R$ 498,99; Compra Normal
 PREFEITURA MUNICIPAL DE BALNEÁRIO GAIVOTA; Móveis; MICROCOMPUTADOR;591; COMPUTADOR SEMP TOSHIBA 4GB HD640 MONITOR 18,5; 24/05/2011; SECRETÁRIO DA CULTURA; Ativo;R$ 295,90; Compra Normal
 PREFEITURA MUNICIPAL DE BALNEÁRIO GAIVOTA; Móveis; MICROCOMPUTADOR;325; COMPUTADOR BITWAY 2GB MONITOR 15,6 HD320; 24/05/2011; MANUTENÇÃO DA SECRETARIA DE ARRECADAÇÃO; Ativo;R$ 134,20; Compra Normal
 PREFEITURA MUNICIPAL DE BALNEÁRIO GAIVOTA; Móveis; MOBILIÁRIO EM GERAL;162; ARQUIVO W3 METAL; 24/05/2011; MANUTENÇÃO DA SECRETARIA DE ADMINISTRAÇÃ; Ativo;R$ 38,50; Compra Normal
 PREFEITURA MUNICIPAL DE BALNEÁRIO GAIVOTA; Móveis; MÁQUINAS PARA ESCRITÓRIO; -; FRAGMENTADORA DE PAPEL 10FLS; 24/05/2011; BENS INSERVÍVEIS; Baixado;R$ 490,00; Compra Normal
 PREFEITURA MUNICIPAL DE BALNEÁRIO GAIVOTA; Móveis; MOBILIÁRIO EM GERAL;923; ARQUIVO KAPESBERG AZUL CLARO REF1004; 24/05/2011; BENS INSERVÍVEIS; Baixado;R$ 405,00; Compra Normal
 PREFEITURA MUNICIPAL DE BALNEÁRIO GAIVOTA; Móveis; MOBILIÁRIO EM GERAL;924; ARQUIVO KAPESBERG AZUL CLARO REF1004; 24/05/2011; BENS INSERVÍVEIS; Baixado;R$ 405,00; Compra Normal
 PREFEITURA MUNICIPAL DE BALNEÁRIO GAIVOTA; Móveis; VEICULOS LEVES;136; VEICULO 0K ANO 2011, MODELO 2012, COMPLETO, CHASSI 9BRBL42EXC4707501 MY12 COROLLA GLX7032310. COR CINZA PLACA MIP8423 RENAVAM 328914185 PARA USO DO GABINETE DO PREFEITO; 24/05/2011; MANUTENÇÃO DO GABINETE DO PREFEITO; Ativo;R$ 6.700,00; Compra Normal
 PREFEITURA MUNICIPAL DE BALNEÁRIO GAIVOTA; Móveis; MÁQUINAS, MOTORES;3606; MAQUINA DISTRIBUIDORA PARA APLICAÇÃO DE CALCARIO, FERTILIZANTES QUIMICOS E ORGANICOS, E APLICAÇÃO DE SEMENTES A LANÇO TOTAIS OU DIRECIONADAS, COM VOLUME DE CARGA DE NO MINIMO 3, 4M, CAPACIDADE DE NO MINIMO 5.000 KG, COM LARGURA DE ESTEIRA DE NO MINIMO 14.9X24 E COM PNEUS 14.9X24 R2.; 23/05/2011; DIRETORIA DE AGRICULTURA; Ativo;R$ 2.320,00; Compra Normal
 PREFEITURA MUNICIPAL DE BALNEÁRIO GAIVOTA; Móveis; VEICULOS LEVES; -; FORDE FIESTA CHASSI 9BFZZZFHAVB163580 RENAVAM 683769936 ANO DE FABRICAÇÃO 1997 PLACA AHI-2770; 20/05/2011; BENS INSERVÍVEIS; Baixado;R$ 9.747,00; Doação
 PREFEITURA MUNICIPAL DE BALNEÁRIO GAIVOTA; Móveis; MOBILIÁRIO EM GERAL;476; ARMARIO KAPESBERG ALTO 1013 C/GAVEITEIRO; 17/05/2011; BENS INSERVÍVEIS; Ativo;R$ 42,90; Compra Normal
 PREFEITURA MUNICIPAL DE BALNEÁRIO GAIVOTA; Móveis; MOBILIÁRIO EM GERAL;601; ARMARIO KAPESBERG ALTO 1013; 17/05/2011; BENS INSERVÍVEIS; Ativo;R$ 42,90; Compra Normal
 PREFEITURA MUNICIPAL DE BALNEÁRIO GAIVOTA; Móveis; MOBILIÁRIO EM GERAL;2942; ARMARIO KAPESBERG ALTO 1013 C/GAVEITEIRO; 17/05/2011; MANUTENÇÃO DA SECRETARIA DE EDUCAÇÃO; Ativo;R$ 42,90; Compra Normal
 PREFEITURA MUNICIPAL DE BALNEÁRIO GAIVOTA; Móveis; MOBILIÁRIO EM GERAL;2856; ARMARIO KAPESBERG ALTO 1013 C/GAVEITEIRO; 17/05/2011; MANUTENÇÃO DA SECRETARIA DE EDUCAÇÃO; Ativo;R$ 42,90; Compra Normal
 PREFEITURA MUNICIPAL DE BALNEÁRIO GAIVOTA; Móveis; MOBILIÁRIO EM GERAL;3003; ARMARIO KAPESBERG ALTO 1013 C/GAVEITEIRO; 17/05/2011; MANUTENÇÃO DA SECRETARIA DE EDUCAÇÃO; Ativo;R$ 42,90; Compra Normal
 PREFEITURA MUNICIPAL DE BALNEÁRIO GAIVOTA; Móveis; MOBILIÁRIO EM GERAL;3057; ARMARIO KAPESBERG ALTO 1013 C/GAVEITEIRO; 17/05/2011; MANUTENÇÃO DA SECRETARIA DE EDUCAÇÃO; Ativo;R$ 42,90; Compra Normal
 PREFEITURA MUNICIPAL DE BALNEÁRIO GAIVOTA; Móveis; MOBILIÁRIO EM GERAL;2554; MESA KAPESBERG 1,2 CILIEGIO C/GAVETEIRO; 17/05/2011; MANUTENÇÃO DA SECRETARIA DE EDUCAÇÃO; Ativo;R$ 30,90; Compra Normal
 PREFEITURA MUNICIPAL DE BALNEÁRIO GAIVOTA; Móveis; MOBILIÁRIO EM GERAL;2555; MESA KAPESBERG 1,2 CILIEGIO C/GAVETEIRO; 17/05/2011; MANUTENÇÃO DA SECRETARIA DE EDUCAÇÃO; Ativo;R$ 30,90; Compra Normal
 PREFEITURA MUNICIPAL DE BALNEÁRIO GAIVOTA; Móveis; MOBILIÁRIO EM GERAL;2556; MESA KAPESBERG 1,2 CILIEGIO C/GAVETEIRO; 17/05/2011; MANUTENÇÃO DA SECRETARIA DE EDUCAÇÃO; Ativo;R$ 30,90; Compra Normal
 PREFEITURA MUNICIPAL DE BALNEÁRIO GAIVOTA; Móveis; MOBILIÁRIO EM GERAL;2840; MESA KAPESBERG 1,2 CILIEGIO C/GAVETEIRO; 17/05/2011; MANUTENÇÃO DA SECRETARIA DE EDUCAÇÃO; Ativo;R$ 30,90; Compra Normal
 PREFEITURA MUNICIPAL DE BALNEÁRIO GAIVOTA; Móveis; MOBILIÁRIO EM GERAL;2841; MESA KAPESBERG 1,2 CILIEGIO C/GAVETEIRO; 17/05/2011; MANUTENÇÃO DA SECRETARIA DE EDUCAÇÃO; Ativo;R$ 30,90; Compra Normal
 PREFEITURA MUNICIPAL DE BALNEÁRIO GAIVOTA; Móveis; Ar Condicionado;1267; AR CONDICIONADO ELECTROLUX SPRING 7000MT; 17/05/2011; FUNDO MUNICIPAL DE SAUDE; Ativo;R$ 113,50; Compra Normal
 PREFEITURA MUNICIPAL DE BALNEÁRIO GAIVOTA; Móveis; Ar Condicionado;1246; AR CONDICIONADO ELECTROLUX SPRING 7000MT; 17/05/2011; FUNDO MUNICIPAL DE SAUDE; Baixado;R$ 113,50; Compra Normal
 PREFEITURA MUNICIPAL DE BALNEÁRIO GAIVOTA; Móveis; IMPRESSORAS;612; IMPRESSORA HP MULTIFUNCIONAL 3050; 10/05/2011; BENS INSERVÍVEIS; Baixado;R$ 369,00; Compra Normal
 PREFEITURA MUNICIPAL DE BALNEÁRIO GAIVOTA; Móveis; IMPRESSORAS;829; IMPRESSORA HP MULTIFUNCIONAL 3050; 10/05/2011; BENS PARA LEILÃO; Baixado;R$ 36,90; Compra Normal
 PREFEITURA MUNICIPAL DE BALNEÁRIO GAIVOTA; Móveis; MOBILIÁRIO EM GERAL;940; Mesa kappesberg 1,20 azul c/gaveteiro; 06/05/2011; FUNDO MUNICIPAL DE SAUDE; Ativo;R$ 30,90; Compra Normal
 PREFEITURA MUNICIPAL DE BALNEÁRIO GAIVOTA; Móveis; MOBILIÁRIO EM GERAL;334; Arquivo w3 metal; 06/05/2011; MANUTENÇÃO DA SECRETARIA DE ADMINISTRAÇÃ; Ativo;R$ 38,50; Compra Normal
 PREFEITURA MUNICIPAL DE BALNEÁRIO GAIVOTA; Móveis; UTENSÍLIO MÓVEL;554; Bebe conforte hercules ate 9; 05/05/2011; MANUTENÇÃO DO CONSELHO TUTELAR; Ativo;R$ 30,90; Compra Normal
 PREFEITURA MUNICIPAL DE BALNEÁRIO GAIVOTA; Móveis; MICROCOMPUTADOR;178; Micro omputador bitway HD 500 3 gb monitor AOC 18,5; 05/05/2011; BENS PARA LEILÃO; Baixado;R$ 1.010,68; Compra Normal
 PREFEITURA MUNICIPAL DE BALNEÁRIO GAIVOTA; Móveis; MOBILIÁRIO EM GERAL;2056; Armario kapesberg alto 1013 ciliegio; 28/04/2011; MANUTENÇÃO DA SECRETARIA DE EDUCAÇÃO; Ativo;R$ 42,90; Compra Normal
 PREFEITURA MUNICIPAL DE BALNEÁRIO GAIVOTA; Móveis; MOBILIÁRIO EM GERAL;2218; Armario kapesberg alto 1013 ciliegio; 28/04/2011; BENS PARA LEILÃO; Baixado;R$ 42,90; Compra Normal
 PREFEITURA MUNICIPAL DE BALNEÁRIO GAIVOTA; Móveis; MOBILIÁRIO EM GERAL;2284; Armario kapesberg alto 1013 ciliegio; 28/04/2011; MANUTENÇÃO DA SECRETARIA DE EDUCAÇÃO; Ativo;R$ 42,90; Compra Normal
 PREFEITURA MUNICIPAL DE BALNEÁRIO GAIVOTA; Móveis; MOBILIÁRIO EM GERAL;2392; Armario kapesberg alto 1013 ciliegio; 28/04/2011; MANUTENÇÃO DA SECRETARIA DE EDUCAÇÃO; Ativo;R$ 42,90; Compra Normal
 PREFEITURA MUNICIPAL DE BALNEÁRIO GAIVOTA; Móveis; MOBILIÁRIO EM GERAL;2444; Armario kapesberg alto 1013 ciliegio; 28/04/2011; MANUTENÇÃO DA SECRETARIA DE EDUCAÇÃO; Ativo;R$ 42,90; Compra Normal
 PREFEITURA MUNICIPAL DE BALNEÁRIO GAIVOTA; Móveis; MOBILIÁRIO EM GERAL;2512; Armario kapesberg alto 1013 ciliegio; 28/04/2011; MANUTENÇÃO DA SECRETARIA DE EDUCAÇÃO; Ativo;R$ 42,90; Compra Normal
 PREFEITURA MUNICIPAL DE BALNEÁRIO GAIVOTA; Móveis; MOBILIÁRIO EM GERAL;2109; Armario kapesberg ciliegio ref 1012; 28/04/2011; MANUTENÇÃO DA SECRETARIA DE EDUCAÇÃO; Ativo;R$ 39,80; Compra Normal
 PREFEITURA MUNICIPAL DE BALNEÁRIO GAIVOTA; Móveis; MOBILIÁRIO EM GERAL;2058; Armario kapesberg ciliegio ref 1012; 28/04/2011; MANUTENÇÃO DA SECRETARIA DE EDUCAÇÃO; Ativo;R$ 39,80; Compra Normal
 PREFEITURA MUNICIPAL DE BALNEÁRIO GAIVOTA; Móveis; MOBILIÁRIO EM GERAL;2345; Armario kapesberg ciliegio ref 1012; 28/04/2011; MANUTENÇÃO DA SECRETARIA DE EDUCAÇÃO; Ativo;R$ 39,80; Compra Normal
 PREFEITURA MUNICIPAL DE BALNEÁRIO GAIVOTA; Móveis; MOBILIÁRIO EM GERAL;2110; Armario kapesberg ciliegio ref 1012; 28/04/2011; MANUTENÇÃO DA SECRETARIA DE EDUCAÇÃO; Ativo;R$ 39,80; Compra Normal
 PREFEITURA MUNICIPAL DE BALNEÁRIO GAIVOTA; Móveis; MOBILIÁRIO EM GERAL;2134; Estante w3 plivros 2 faces c/12 prat c/5 blibiocantos; 28/04/2011; MANUTENÇÃO DA SECRETARIA DE EDUCAÇÃO; Ativo;R$ 95,60; Compra Normal
 PREFEITURA MUNICIPAL DE BALNEÁRIO GAIVOTA; Móveis; MOBILIÁRIO EM GERAL;2135; Estante w3 plivros 2 faces c/12 prat c/5 blibiocantos; 28/04/2011; MANUTENÇÃO DA SECRETARIA DE EDUCAÇÃO; Ativo;R$ 95,60; Compra Normal
 PREFEITURA MUNICIPAL DE BALNEÁRIO GAIVOTA; Móveis; MOBILIÁRIO EM GERAL;2136; Estante w3 plivros 2 faces c/12 prat c/5 blibiocantos; 28/04/2011; BENS PARA LEILÃO; Baixado;R$ 95,60; Compra Normal
 PREFEITURA MUNICIPAL DE BALNEÁRIO GAIVOTA; Móveis; MOBILIÁRIO EM GERAL;2137; Estante w3 plivros 2 faces c/12 prat c/5 blibiocantos; 28/04/2011; MANUTENÇÃO DA SECRETARIA DE EDUCAÇÃO; Ativo;R$ 95,60; Compra Normal
 PREFEITURA MUNICIPAL DE BALNEÁRIO GAIVOTA; Móveis; MOBILIÁRIO EM GERAL;4620; Estante w3 plivros 2 faces c/12 prat c/5 blibiocantos; 28/04/2011; SECRETÁRIO DA CULTURA; Ativo;R$ 95,60; Compra Normal
 PREFEITURA MUNICIPAL DE BALNEÁRIO GAIVOTA; Móveis; MOBILIÁRIO EM GERAL;4621; Estante w3 plivros 2 faces c/12 prat c/5 blibiocantos; 28/04/2011; SECRETÁRIO DA CULTURA; Ativo;R$ 95,60; Compra Normal
 PREFEITURA MUNICIPAL DE BALNEÁRIO GAIVOTA; Móveis; MOBILIÁRIO EM GERAL;4622; Estante w3 plivros 2 faces c/12 prat c/5 blibiocantos; 28/04/2011; SECRETÁRIO DA CULTURA; Ativo;R$ 95,60; Compra Normal
 PREFEITURA MUNICIPAL DE BALNEÁRIO GAIVOTA; Móveis; MOBILIÁRIO EM GERAL;4623; Estante w3 plivros 2 faces c/12 prat c/5 blibiocantos; 28/04/2011; SECRETÁRIO DA CULTURA; Ativo;R$ 95,60; Compra Normal
 PREFEITURA MUNICIPAL DE BALNEÁRIO GAIVOTA; Móveis; MOBILIÁRIO EM GERAL;2057; Mesa kapesberg 1,20 ciliegio c/gaveteiro; 28/04/2011; MANUTENÇÃO DA SECRETARIA DE EDUCAÇÃO; Ativo;R$ 30,90; Compra Normal
 PREFEITURA MUNICIPAL DE BALNEÁRIO GAIVOTA; Móveis; MOBILIÁRIO EM GERAL;2072; Mesa kapesberg 1,20 ciliegio c/gaveteiro; 28/04/2011; MANUTENÇÃO DA SECRETARIA DE EDUCAÇÃO; Ativo;R$ 30,90; Compra Normal
 PREFEITURA MUNICIPAL DE BALNEÁRIO GAIVOTA; Móveis; MOBILIÁRIO EM GERAL;2112; Mesa kapesberg 1,20 ciliegio c/gaveteiro; 28/04/2011; MANUTENÇÃO DA SECRETARIA DE EDUCAÇÃO; Ativo;R$ 30,90; Compra Normal
 PREFEITURA MUNICIPAL DE BALNEÁRIO GAIVOTA; Móveis; MOBILIÁRIO EM GERAL;2219; Mesa kapesberg 1,20 ciliegio c/gaveteiro; 28/04/2011; MANUTENÇÃO DA SECRETARIA DE EDUCAÇÃO; Ativo;R$ 30,90; Compra Normal
 PREFEITURA MUNICIPAL DE BALNEÁRIO GAIVOTA; Móveis; MOBILIÁRIO EM GERAL;1806; Mesa kapesberg 1,20 ciliegio c/gaveteiro; 28/04/2011; MANUTENÇÃO DA SECRETARIA DE EDUCAÇÃO; Ativo;R$ 30,90; Compra Normal
 PREFEITURA MUNICIPAL DE BALNEÁRIO GAIVOTA; Móveis; MOBILIÁRIO EM GERAL;2346; Mesa kapesberg 1,20 ciliegio c/gaveteiro; 28/04/2011; MANUTENÇÃO DA SECRETARIA DE EDUCAÇÃO; Ativo;R$ 30,90; Compra Normal
 PREFEITURA MUNICIPAL DE BALNEÁRIO GAIVOTA; Móveis; MOBILIÁRIO EM GERAL;2393; Mesa kapesberg 1,20 ciliegio c/gaveteiro; 28/04/2011; MANUTENÇÃO DA SECRETARIA DE EDUCAÇÃO; Ativo;R$ 30,90; Compra Normal
 PREFEITURA MUNICIPAL DE BALNEÁRIO GAIVOTA; Móveis; MOBILIÁRIO EM GERAL;2443; Mesa kapesberg 1,20 ciliegio c/gaveteiro; 28/04/2011; MANUTENÇÃO DA SECRETARIA DE EDUCAÇÃO; Ativo;R$ 30,90; Compra Normal
 PREFEITURA MUNICIPAL DE BALNEÁRIO GAIVOTA; Móveis; MOBILIÁRIO EM GERAL;2511; Mesa kapesberg 1,20 ciliegio c/gaveteiro; 28/04/2011; MANUTENÇÃO DA SECRETARIA DE EDUCAÇÃO; Ativo;R$ 30,90; Compra Normal
 PREFEITURA MUNICIPAL DE BALNEÁRIO GAIVOTA; Móveis; ELETRODOMÉSTICOS;1094; Refrigerador electrolux RDE 343 litros; 28/04/2011; FUNDO MUNICIPAL DE SAUDE; Ativo;R$ 125,80; Compra Normal
 PREFEITURA MUNICIPAL DE BALNEÁRIO GAIVOTA; Móveis; MOBILIÁRIO EM GERAL;2083; Arquivo kapesberg 4Gav ciliegio ref 1004; 28/04/2011; MANUTENÇÃO DA SECRETARIA DE EDUCAÇÃO; Ativo;R$ 40,50; Compra Normal
 PREFEITURA MUNICIPAL DE BALNEÁRIO GAIVOTA; Móveis; MOBILIÁRIO EM GERAL;2084; Arquivo kapesberg 4Gav ciliegio ref 1004; 28/04/2011; MANUTENÇÃO DA SECRETARIA DE EDUCAÇÃO; Ativo;R$ 40,50; Compra Normal
 PREFEITURA MUNICIPAL DE BALNEÁRIO GAIVOTA; Móveis; MOBILIÁRIO EM GERAL;2111; Arquivo kapesberg 4Gav ciliegio ref 1004; 28/04/2011; MANUTENÇÃO DA SECRETARIA DE EDUCAÇÃO; Ativo;R$ 40,50; Compra Normal
 PREFEITURA MUNICIPAL DE BALNEÁRIO GAIVOTA; Móveis; IMPRESSORAS;189; Impressora HP multifuncional 3050-j610; 25/04/2011; BENS PARA LEILÃO; Baixado;R$ 36,90; Compra Normal
 PREFEITURA MUNICIPAL DE BALNEÁRIO GAIVOTA; Móveis; VEICULOS LEVES; -; FIAT PALIO EX PLACA MCT0401 ANO 2002 MODELO 2003 CHASSI 9BD17140232216577; 18/04/2011; BENS INSERVÍVEIS; Baixado;R$ 17.315,00; Doação
 PREFEITURA MUNICIPAL DE BALNEÁRIO GAIVOTA; Móveis; MÁQUINAS, MOTORES;2197; BARCO COM REBOQUE; 18/04/2011; BENS INSERVÍVEIS; Baixado;R$ 2.700,00; Doação
 PREFEITURA MUNICIPAL DE BALNEÁRIO GAIVOTA; Móveis; MOBILIÁRIO EM GERAL;12; Armario kapesberg alto c/chave; 11/04/2011; MANUTENÇÃO DA SECRETARIA DE ARRECADAÇÃO; Ativo;R$ 40,90; Compra Normal
 PREFEITURA MUNICIPAL DE BALNEÁRIO GAIVOTA; Móveis; IMPRESSORAS;3733; IMPRESSORA MULTIFUNCIONAL HP LASER JET PRO CM 1415; 07/04/2011; BENS INSERVÍVEIS; Baixado;R$ 1.251,45; Compra Normal
 PREFEITURA MUNICIPAL DE BALNEÁRIO GAIVOTA; Móveis; MOBILIÁRIO EM GERAL;355; Armario 2 portas c/chave kapesberg; 07/04/2011; PROMOÇÃO DO ESPORTE AMADOR; Ativo;R$ 39,80; Compra Normal
 PREFEITURA MUNICIPAL DE BALNEÁRIO GAIVOTA; Móveis; MOBILIÁRIO EM GERAL;407; Arquivo w3 metal; 07/04/2011; MANUTENÇÃO DA SECRETARIA DE OBRAS E SERV; Ativo;R$ 38,50; Compra Normal
 PREFEITURA MUNICIPAL DE BALNEÁRIO GAIVOTA; Móveis; MONITORES;4402; Monitor AOC 18,5 polegadas; 04/04/2011; MANUTENÇÃO DA SECRETARIA DE ARRECADAÇÃO; Ativo;R$ 46,90; Compra Normal
 PREFEITURA MUNICIPAL DE BALNEÁRIO GAIVOTA; Móveis; MÁQUINAS PARA ESCRITÓRIO;3307; Duplicador copiatic sem contador a álcool; 04/04/2011; MANUTENÇÃO DA SECRETARIA DE EDUCAÇÃO; Ativo;R$ 41,00; Compra Normal
 PREFEITURA MUNICIPAL DE BALNEÁRIO GAIVOTA; Móveis; MÁQUINAS PARA ESCRITÓRIO;2599; Duplicador copiatic sem contador a álcool; 04/04/2011; BENS PARA LEILÃO; Baixado;R$ 268,55; Compra Normal
 PREFEITURA MUNICIPAL DE BALNEÁRIO GAIVOTA; Móveis; CÂMARA FOTOGRÁFICA; -; Maquina Digital sony ES65; 28/03/2011; .; Baixado;R$ 450,00; Compra Normal
 PREFEITURA MUNICIPAL DE BALNEÁRIO GAIVOTA; Móveis; IMPLEMENTOS AGRÍCOLAS;1385; Forrageira; 18/03/2011; DIRETORIA DE AGRICULTURA; Ativo;R$ 1.310,00; Compra Normal
 PREFEITURA MUNICIPAL DE BALNEÁRIO GAIVOTA; Móveis; Ar Condicionado;267; Ar condicionado electrolux 18000 mbtus; 11/03/2011; MANUTENÇÃO DO GABINETE DO PREFEITO; Ativo;R$ 445,80; Compra Normal
 PREFEITURA MUNICIPAL DE BALNEÁRIO GAIVOTA; Móveis; ESTABILIZADOR/NOBREAK;375; Nobreak 600va; 09/03/2011; BENS PARA LEILÃO; Baixado;R$ 229,79; Compra Normal
 PREFEITURA MUNICIPAL DE BALNEÁRIO GAIVOTA; Móveis; MOBILIÁRIO EM GERAL;202; Arquivo w3 metal; 04/03/2011; MANUTENÇÃO DA SECRETARIA DE ADMINISTRAÇÃ; Ativo;R$ 38,50; Compra Normal
 PREFEITURA MUNICIPAL DE BALNEÁRIO GAIVOTA; Móveis; MÁQUINAS, MOTORES;457; Placa vibratoria PV2000; 25/02/2011; MANUTENÇÃO DA SECRETARIA DE OBRAS E SERV; Ativo;R$ 513,00; Compra Normal
 PREFEITURA MUNICIPAL DE BALNEÁRIO GAIVOTA; Móveis; MOBILIÁRIO EM GERAL;279; Arquivo kapesberg azul; 15/02/2011; MANUTENÇÃO DO GABINETE DO PREFEITO; Ativo;R$ 39,80; Compra Normal
 PREFEITURA MUNICIPAL DE BALNEÁRIO GAIVOTA; Móveis; MOBILIÁRIO EM GERAL;253; Armario kapesberg alto azul; 15/02/2011; MANUTENÇÃO DO GABINETE DO PREFEITO; Ativo;R$ 40,90; Compra Normal
 PREFEITURA MUNICIPAL DE BALNEÁRIO GAIVOTA; Móveis; MICROCOMPUTADOR;853; Micro computador notbook semp toshiba 3gb mod 37139; 08/02/2011; FUNDO MUNICIPAL DE SAUDE; Ativo;R$ 211,90; Compra Normal
 PREFEITURA MUNICIPAL DE BALNEÁRIO GAIVOTA; Móveis; APARELHOS ELETRO-ELETRÔNICOS;845; Projetor Epson X10; 08/02/2011; FUNDO MUNICIPAL DE SAUDE; Baixado;R$ 230,20; Compra Normal
 PREFEITURA MUNICIPAL DE BALNEÁRIO GAIVOTA; Móveis; MONITORES;4403; Monitor AOC 18,5 polegadas; 08/02/2011; BENS INSERVÍVEIS; Baixado;R$ 479,00; Compra Normal
 PREFEITURA MUNICIPAL DE BALNEÁRIO GAIVOTA; Móveis; Ar Condicionado;368; Ar condicionado electrolux 9000 btus sprint; 01/02/2011; MANUTENÇÃO DA SECRETARIA DE ADMINISTRAÇÃ; Ativo;R$ 132,82; Compra Normal
 PREFEITURA MUNICIPAL DE BALNEÁRIO GAIVOTA; Móveis; ELETRODOMÉSTICOS;1017; FOGÃO ATLAS 4 BCS; 01/02/2011; FUNDO MUNICIPAL DE SAUDE; Ativo;R$ 33,90; Compra Normal
 PREFEITURA MUNICIPAL DE BALNEÁRIO GAIVOTA; Móveis; MOBILIÁRIO EM GERAL;203; Arquivo metal w3; 01/02/2011; MANUTENÇÃO DA SECRETARIA DE ADMINISTRAÇÃ; Ativo;R$ 38,50; Compra Normal
 PREFEITURA MUNICIPAL DE BALNEÁRIO GAIVOTA; Móveis; MOBILIÁRIO EM GERAL;222; Arquivo kapesberg azul; 19/01/2011; DIRETORIA DE MEIO AMBIENTE; Ativo;R$ 39,80; Compra Normal
 CAMARA MUNICIPAL DE BALNEARIO GAIVOTA; MOVEIS; Cod.: 2 - ELETRONICOS;112; AR CONDICIONADO SPLYT 7.000 BTU QUENTE FRIO MARCA RHEEN; 18/01/2011; CAMARA MUNICIPAL DE VEREADORES; Baixado;R$ 133,33; Compra
 CAMARA MUNICIPAL DE BALNEARIO GAIVOTA; MOVEIS; Cod.: 2 - ELETRONICOS;111; AR CONDICIONADO SPLYT 7.000 BTU QUENTE FRIO MARCA RHEEN; 18/01/2011; CAMARA MUNICIPAL DE VEREADORES; Baixado;R$ 133,33; Compra
 CAMARA MUNICIPAL DE BALNEARIO GAIVOTA; MOVEIS; Cod.: 2 - ELETRONICOS;114; CORTINA DE AR MODELO 1MT MARCA RHEEN; 18/01/2011; CAMARA MUNICIPAL DE VEREADORES; Baixado;R$ 47,00; Compra
 CAMARA MUNICIPAL DE BALNEARIO GAIVOTA; MOVEIS; Cod.: 3 - INFORMATICA;113; AR CONDICIONADO SPLYT 7.000 BTU QUENTE FRIO MARCA RHEEN; 18/01/2011; CAMARA MUNICIPAL DE VEREADORES; Baixado;R$ 133,33; Compra
 PREFEITURA MUNICIPAL DE BALNEÁRIO GAIVOTA; Móveis; MOBILIÁRIO EM GERAL;333; Armario kapesberg alto c/chave; 14/01/2011; PROMOÇÃO DO ESPORTE AMADOR; Ativo;R$ 40,90; Compra Normal
 PREFEITURA MUNICIPAL DE BALNEÁRIO GAIVOTA; Móveis; VEICULOS LEVES;4003; Veiculo classic LS 1.0 VHC-E flexpower chassi 9bgsu19f0bb254398; 10/01/2011; MANUTENÇÃO DA SECRETARIA DE ADMINISTRAÇÃ; Baixado;R$ 27.900,00; Compra Normal
 PREFEITURA MUNICIPAL DE BALNEÁRIO GAIVOTA; Móveis; MOBILIÁRIO EM GERAL;412; Armario kapesberg alto c/chave; 07/01/2011; MANUTENÇÃO DA SECRETARIA DE OBRAS E SERV; Ativo;R$ 40,90; Compra Normal
 PREFEITURA MUNICIPAL DE BALNEÁRIO GAIVOTA; Móveis; MICROCOMPUTADOR;529; MICROCOMPUTADOR BITWAY 3GB MONITOR AOC 18; 16/12/2010; BENS INSERVÍVEIS; Baixado;R$ 1.989,00; Compra Normal
 PREFEITURA MUNICIPAL DE BALNEÁRIO GAIVOTA; Móveis; IMPRESSORAS;3786; IMPRESSORA HP M 1132 COPIADORA; 15/12/2010; BENS PARA LEILÃO; Baixado;R$ 130,00; Compra Normal
 PREFEITURA MUNICIPAL DE BALNEÁRIO GAIVOTA; Móveis; Ar Condicionado;5185; AR CONDICIONADO ELECTROLUX SPRING 7000 BTUS; 13/12/2010; MANUTENÇÃO DA SECRETARIA DE EDUCAÇÃO; Ativo;R$ 125,00; Compra Normal
 PREFEITURA MUNICIPAL DE BALNEÁRIO GAIVOTA; Móveis; Ar Condicionado;5186; AR CONDICIONADO ELECTROLUX SPRING 7000 BTUS; 13/12/2010; MANUTENÇÃO DA SECRETARIA DE EDUCAÇÃO; Ativo;R$ 125,00; Compra Normal
 PREFEITURA MUNICIPAL DE BALNEÁRIO GAIVOTA; Móveis; Ar Condicionado;487; AR CONDICIONADO ELECTROLUX SPRING 7000 BTUS; 13/12/2010; MANUTENÇÃO DA SECRETARIA DE ADMINISTRAÇÃ; Ativo;R$ 125,00; Compra Normal
 PREFEITURA MUNICIPAL DE BALNEÁRIO GAIVOTA; Móveis; ELETRODOMÉSTICOS;1505; FREEZER HORIZONTAL ELECTROLUX H300; 10/12/2010; MANUTENÇÃO DA SECRETARIA DE EDUCAÇÃO; Ativo;R$ 138,90; Compra Normal
 PREFEITURA MUNICIPAL DE BALNEÁRIO GAIVOTA; Móveis; MONITORES; -; MONITOR LCD 18'5 LG; 10/12/2010; BENS INSERVÍVEIS; Baixado;R$ 490,00; Compra Normal
 PREFEITURA MUNICIPAL DE BALNEÁRIO GAIVOTA; Móveis; VEICULOS LEVES;649; VEICULO FIAT DOBLO ELX 1.4 FLEX, COR BRANCA, OKM, 2010/2011, CHASSI: 9BD119307B1072218; 25/11/2010; FUNDO MUNICIPAL DE SAUDE; Baixado;R$ 19.000,00; Compra Normal
 CAMARA MUNICIPAL DE BALNEARIO GAIVOTA; MOVEIS; Cod.: 3 - INFORMATICA;110; MICROCOMPUTADOR PORTATEL DELL VOSTRO 3500 SISTEMA WINDOS 7; 25/11/2010; CAMARA MUNICIPAL DE VEREADORES; Baixado;R$ 288,00; Compra
 CAMARA MUNICIPAL DE BALNEARIO GAIVOTA; MOVEIS; Cod.: 3 - INFORMATICA;109; MICROCOMPUTADOR PORTATIL DELL VOSTRO 3300  SISTEMA OPERACIONAL WINDOS 7; 24/11/2010; CAMARA MUNICIPAL DE VEREADORES; Baixado;R$ 204,53; Compra
 PREFEITURA MUNICIPAL DE BALNEÁRIO GAIVOTA; Móveis; MOBILIÁRIO EM GERAL;252; ARMARIO KAPESBERG ALTO C/CHAVE; 12/11/2010; MANUTENÇÃO DO GABINETE DO PREFEITO; Ativo;R$ 39,90; Compra Normal
 PREFEITURA MUNICIPAL DE BALNEÁRIO GAIVOTA; Móveis; ELETRODOMÉSTICOS;2157; LAVADORA CONSUL 7 KG VIOLETA; 12/11/2010; BENS PARA LEILÃO; Baixado;R$ 130,90; Compra Normal
 PREFEITURA MUNICIPAL DE BALNEÁRIO GAIVOTA; Móveis; MICROCOMPUTADOR;420; MICROCOMPUTADOR BITWAY 2GB HD 320 MONITOR AOC 19; 12/11/2010; MANUTENÇÃO DA SECRETARIA DE OBRAS E SERV; Ativo;R$ 177,90; Compra Normal
 PREFEITURA MUNICIPAL DE BALNEÁRIO GAIVOTA; Móveis; MICROCOMPUTADOR;552; MICROCOMPUTADOR BITWAY HD320 3GB MONITOR AOC 18; 12/11/2010; BENS INSERVÍVEIS; Baixado;R$ 1.929,00; Compra Normal
 PREFEITURA MUNICIPAL DE BALNEÁRIO GAIVOTA; Móveis; MICROCOMPUTADOR;3836; NOTEBOOK EMACHINES D440 2GB HD320GB DVD-RW WEBCAM 15P; 05/11/2010; BENS INSERVÍVEIS; Baixado;R$ 1.700,00; Compra Normal
 PREFEITURA MUNICIPAL DE BALNEÁRIO GAIVOTA; Móveis; IMPRESSORAS;4418; IMPRESSORA MULTI FUNCIONAL SANSUG SCX-5530FN COM CABO USB2 E TONNER; 03/11/2010; BENS INSERVÍVEIS; Baixado;R$ 1.336,00; Doação
 PREFEITURA MUNICIPAL DE BALNEÁRIO GAIVOTA; Móveis; MICROCOMPUTADOR;1332; MICRO COMPUTADOR INFOWAY ST4250 MARCA ITAUTEC EMORIA RAM 1GB-DDR 400MHZ PROCESSADOR FSB 800MHZ ME; 03/11/2010; BENS INSERVÍVEIS; Baixado;R$ 2.498,00; Doação
 PREFEITURA MUNICIPAL DE BALNEÁRIO GAIVOTA; Móveis; MICROCOMPUTADOR;374; COMPUTADOR SEMP TOSCHIBA 4 GB MONITOR 21,5; 14/10/2010; BENS PARA LEILÃO; Baixado;R$ 216,90; Compra Normal
 PREFEITURA MUNICIPAL DE BALNEÁRIO GAIVOTA; Móveis; MOBILIÁRIO EM GERAL;381; ESTANTE W3 1,98X92,5X4,20; 14/10/2010; BENS INSERVÍVEIS; Baixado;R$ 305,00; Compra Normal
 PREFEITURA MUNICIPAL DE BALNEÁRIO GAIVOTA; Móveis; MOBILIÁRIO EM GERAL;819; ARMARIO KAPESBERG AZUL; 14/10/2010; DIRETORIA DE AGRICULTURA; Ativo;R$ 37,90; Compra Normal
 PREFEITURA MUNICIPAL DE BALNEÁRIO GAIVOTA; Móveis; IMPRESSORAS;836; IMPRESSORA HP LASER M 1132; 14/10/2010; FUNDO MUNICIPAL DE SAUDE; Ativo;R$ 109,90; Compra Normal
 PREFEITURA MUNICIPAL DE BALNEÁRIO GAIVOTA; Móveis; ELETRODOMÉSTICOS;828; REFRIGERADOR CONSUL RE 300; 14/10/2010; FUNDO MUNICIPAL DE SAUDE; Ativo;R$ 99,60; Compra Normal
 PREFEITURA MUNICIPAL DE BALNEÁRIO GAIVOTA; Móveis; MOBILIÁRIO EM GERAL;504; ARMARIO KAPESBERG ALTO C/CHAVE; 08/10/2010; MANUTENÇÃO DO CONSELHO TUTELAR; Ativo;R$ 39,90; Compra Normal
 PREFEITURA MUNICIPAL DE BALNEÁRIO GAIVOTA; Móveis; MOBILIÁRIO EM GERAL;329; MESA KAPESBERG 1,50 C/GAVETEIRA; 08/10/2010; MANUTENÇÃO DA SECRETARIA DE ADMINISTRAÇÃ; Ativo;R$ 36,80; Compra Normal
 PREFEITURA MUNICIPAL DE BALNEÁRIO GAIVOTA; Móveis; MOBILIÁRIO EM GERAL;564; MESA PERARO POP C/6 CADEIRAS; 08/10/2010; MANUTENÇÃO DO CONSELHO TUTELAR; Ativo;R$ 59,90; Compra Normal
 PREFEITURA MUNICIPAL DE BALNEÁRIO GAIVOTA; Móveis; ELETRODOMÉSTICOS;4644; FORNO ELETRICO ITC SUPREMO 45 LITROS; 08/10/2010; MANUTENÇÃO DO CONSELHO TUTELAR; Ativo;R$ 35,20; Compra Normal
 PREFEITURA MUNICIPAL DE BALNEÁRIO GAIVOTA; Móveis; IMPRESSORAS;550; IMPRESSORA HP M 1132 COPIADORA; 24/09/2010; BENS PARA LEILÃO; Baixado;R$ 130,00; Compra Normal
 PREFEITURA MUNICIPAL DE BALNEÁRIO GAIVOTA; Móveis; CÂMARA FOTOGRÁFICA;4235; MAQUINA DIGITAL FUJIFILM FINEPIX S1800; 17/09/2010; BENS PARA LEILÃO; Baixado;R$ 108,00; Compra Normal
 PREFEITURA MUNICIPAL DE BALNEÁRIO GAIVOTA; Móveis; MÁQUINAS, MOTORES;959; COMPRESS AR FERRARI HOBBY 1/3 MEGA JET; 10/09/2010; FUNDO MUNICIPAL DE SAUDE; Baixado;R$ 35,77; Compra Normal
 PREFEITURA MUNICIPAL DE BALNEÁRIO GAIVOTA; Móveis; IMPRESSORAS;780; IMPRESSORA HP LASER P 1102; 03/09/2010; FUNDO MUNICIPAL DE SAUDE; Baixado;R$ 474,76; Compra Normal
 PREFEITURA MUNICIPAL DE BALNEÁRIO GAIVOTA; Móveis; MOBILIÁRIO EM GERAL;35; ARMARIO KAPESBERG ALTO C/CHAVE ALUZIO; 03/09/2010; MANUTENÇÃO DA SECRETARIA DE ARRECADAÇÃO; Ativo;R$ 39,90; Compra Normal
 PREFEITURA MUNICIPAL DE BALNEÁRIO GAIVOTA; Móveis; MOBILIÁRIO EM GERAL;1425; MESA KAPESBERG 1,50 C/GAV 3 GAV; 03/09/2010; FUNDO MUNICIPAL DE SAUDE; Ativo;R$ 39,60; Compra Normal
 PREFEITURA MUNICIPAL DE BALNEÁRIO GAIVOTA; Móveis; MOBILIÁRIO EM GERAL;181; MESA KAPESBERG 1,50 C/GAV; 03/09/2010; MANUTENÇÃO DA SECRETARIA DE EDUCAÇÃO; Ativo;R$ 36,80; Compra Normal
 PREFEITURA MUNICIPAL DE BALNEÁRIO GAIVOTA; Móveis; MOBILIÁRIO EM GERAL;93; MESA KAPESBERG 1,50 C/GAV; 03/09/2010; MANUTENÇÃO DA SECRETARIA DE ARRECADAÇÃO; Ativo;R$ 36,80; Compra Normal
 PREFEITURA MUNICIPAL DE BALNEÁRIO GAIVOTA; Móveis; MOBILIÁRIO EM GERAL;118; MESA KAPESBERG 1,50 C/GAV; 03/09/2010; MANUTENÇÃO DA SECRETARIA DE ARRECADAÇÃO; Ativo;R$ 36,80; Compra Normal
 PREFEITURA MUNICIPAL DE BALNEÁRIO GAIVOTA; Móveis; VEICULOS PESADOS;808;" CAMINHÃO CAÇAMBA BASCULANTE CAPACID. 9M3, CHASSI 9BM6953014B379563 - CAMINHÃO MODELO: U M. BENS 1620 - ANO/MOD.: 2004/2004; COR BRANCA; PLACA MCC-4850 RENAVAN 830313095"; 31/08/2010; MANUTENÇÃO DA SECRETARIA DE OBRAS E SERV; Ativo;R$ 14.000,00; Compra Normal
 PREFEITURA MUNICIPAL DE BALNEÁRIO GAIVOTA; Móveis; VEICULOS LEVES;3899;" AUTOMOVEL CLASSIC LS 1.0 VHC-E FLEXPOWER: PLACA MIF5537: CHASSI 9BGSU19FOBB177744; 4 POTAS 5 LUGARES; COR EXTERNA BRANCO MAHLER; COR INTERNA: EBONY; ANO-MODELO 2011; ANO-FABRICAÇÃO: 2010; RENAVAN: 232134626; NUMERO MOTOR: NAA053420; COMBUSTIVEL: ALCOOL/GASOLINA; OPCIONAIS: R6R-CONJ DE OPÇÕES; NUMERO  NF COMPRA 348569; DATA NF ENTRADA: 16/08/2010."; 31/08/2010; PROMOÇÃO DO ESPORTE AMADOR; Baixado;R$ 2.790,00; Compra Normal
 CAMARA MUNICIPAL DE BALNEARIO GAIVOTA; MOVEIS; Cod.: 6 - PLACAS;108; PLACA DOS  VEREADORES GESTÃO 2009/2012 EM INOX COM FOTOS COLORIDAS; 30/08/2010; CAMARA MUNICIPAL DE VEREADORES; Em uso;R$ 93,20; Compra
 PREFEITURA MUNICIPAL DE BALNEÁRIO GAIVOTA; Móveis; IMPRESSORAS;175; IMPRESSORA DE CHEQUE; 25/08/2010; MANUTENÇÃO DA SECRETARIA DE ADMINISTRAÇÃ; Ativo;R$ 125,00; Compra Normal
 PREFEITURA MUNICIPAL DE BALNEÁRIO GAIVOTA; Móveis; APARELHOS ELETRO-ELETRÔNICOS;4698; LEITOR SEMI-AUTOMATICO HB OFFICE 30 PS/2 - PRETO; 23/08/2010; BENS INSERVÍVEIS; Baixado;R$ 480,65; Compra Normal
 PREFEITURA MUNICIPAL DE BALNEÁRIO GAIVOTA; Móveis; MOBILIÁRIO EM GERAL;928; POLTRONA TRAMONTINA; 19/08/2010; FUNDO MUNICIPAL DE SAUDE; Baixado;R$ 114,00; Compra Normal
 PREFEITURA MUNICIPAL DE BALNEÁRIO GAIVOTA; Móveis; MOBILIÁRIO EM GERAL;309; ARMARIO KAPESBERG ALTO C/CHAVE; 12/08/2010; MANUTENÇÃO DA SECRETARIA DE ADMINISTRAÇÃ; Ativo;R$ 39,90; Compra Normal
 PREFEITURA MUNICIPAL DE BALNEÁRIO GAIVOTA; Móveis; MOBILIÁRIO EM GERAL;570; ARQUIVO KAPESBERG CINZA; 12/08/2010; MANUTENÇÃO DO CONSELHO TUTELAR; Ativo;R$ 39,80; Compra Normal
 PREFEITURA MUNICIPAL DE BALNEÁRIO GAIVOTA; Móveis; MOBILIÁRIO EM GERAL;1304; ARMARIO KAPESBERG ALTO C/CHAVE; 04/08/2010; FUNDO MUNICIPAL DE SAUDE; Ativo;R$ 39,90; Compra Normal
 PREFEITURA MUNICIPAL DE BALNEÁRIO GAIVOTA; Móveis; MOBILIÁRIO EM GERAL;820; ARMARIO KAPESBERG ALTO C/CHAVE; 04/08/2010; FUNDO MUNICIPAL DE SAUDE; Ativo;R$ 39,90; Compra Normal
 PREFEITURA MUNICIPAL DE BALNEÁRIO GAIVOTA; Móveis; IMPRESSORAS;344; IMPRESSORA HP LASER M 1120; 04/08/2010; BENS INSERVÍVEIS; Baixado;R$ 1.143,00; Compra Normal
 PREFEITURA MUNICIPAL DE BALNEÁRIO GAIVOTA; Móveis; IMPRESSORAS;70; IMPRESSORA HP LASER M 1120; 06/07/2010; BENS PARA LEILÃO; Baixado;R$ 107,90; Compra Normal
 PREFEITURA MUNICIPAL DE BALNEÁRIO GAIVOTA; Móveis; IMPRESSORAS;362; IMPRESSORA HP LASER P1102; 06/07/2010; MANUTENÇÃO DA SECRETARIA DE ADMINISTRAÇÃ; Ativo;R$ 72,50; Compra Normal
 PREFEITURA MUNICIPAL DE BALNEÁRIO GAIVOTA; Móveis; MICROCOMPUTADOR;115; COMPUTADOR PROC. I3, 4GB, HD 1TB, C/MONITOR AOC 18S; 06/07/2010; MANUTENÇÃO DA SECRETARIA DE ARRECADAÇÃO; Ativo;R$ 148,90; Compra Normal
 PREFEITURA MUNICIPAL DE BALNEÁRIO GAIVOTA; Móveis; VEICULOS PESADOS;765;" TRATOR AGRICOLA DE RODAS, MARCA NEW HOLLAND, MODELO TT4030, ANO/MODELO 2010, 0KM; CHASSI 198668, LIN/MOD: 0109TT75"; 02/07/2010; MANUTENÇÃO DA SECRETARIA DE OBRAS E SERV; Ativo;R$ 8.750,00; Compra Normal
 PREFEITURA MUNICIPAL DE BALNEÁRIO GAIVOTA; Móveis; VEICULOS PESADOS; -; ONIBUS/SCANIA/1987/PLACA MAD 7776, RECEBIDO POR DOAÇÃO DA SEC. DA RECEITA FEDERAL CFE ADM Nº 0619 DE 01/09/09, TRASNF. Nº 504; 30/06/2010; .; Baixado;R$ 19.643,58; Compra Normal
 PREFEITURA MUNICIPAL DE BALNEÁRIO GAIVOTA; Móveis; MOBILIÁRIO EM GERAL;2596; BALCÃO BARTZEN FORMICA 0,90; 29/06/2010; MANUTENÇÃO DA SECRETARIA DE EDUCAÇÃO; Ativo;R$ 43,15; Compra Normal
 PREFEITURA MUNICIPAL DE BALNEÁRIO GAIVOTA; Móveis; MOBILIÁRIO EM GERAL;2598; ARMARIO TIPO COMEIA 2,10X1,60 FORMICA; 29/06/2010; MANUTENÇÃO DA SECRETARIA DE EDUCAÇÃO; Ativo;R$ 73,90; Compra Normal
 PREFEITURA MUNICIPAL DE BALNEÁRIO GAIVOTA; Móveis; MOBILIÁRIO EM GERAL;4090; BALCÃO FORMICA  3000X0,90 BEGE; 29/06/2010; MANUTENÇÃO DA SECRETARIA DE EDUCAÇÃO; Ativo;R$ 99,99; Compra Normal
 PREFEITURA MUNICIPAL DE BALNEÁRIO GAIVOTA; Móveis; MOBILIÁRIO EM GERAL;2184; FRUTEIRA DITALIA FORMICA 1,60X0,60; 29/06/2010; BENS PARA LEILÃO; Baixado;R$ 281,65; Compra Normal
 PREFEITURA MUNICIPAL DE BALNEÁRIO GAIVOTA; Móveis; MOBILIÁRIO EM GERAL;1919; FRUTEIRA DITALIA FORMICA 1,60X0,60; 29/06/2010; MANUTENÇÃO DA SECRETARIA DE EDUCAÇÃO; Ativo;R$ 43,00; Compra Normal
 PREFEITURA MUNICIPAL DE BALNEÁRIO GAIVOTA; Móveis; MOBILIÁRIO EM GERAL;1870; MESA PERARO FORMICA 1,50X0,30; 29/06/2010; MANUTENÇÃO DA SECRETARIA DE EDUCAÇÃO; Ativo;R$ 34,50; Compra Normal
 PREFEITURA MUNICIPAL DE BALNEÁRIO GAIVOTA; Móveis; MOBILIÁRIO EM GERAL; -; MESA PERARO FORMICA 1,50X0,30; 29/06/2010; BENS INSERVÍVEIS; Baixado;R$ 345,00; Compra Normal
 PREFEITURA MUNICIPAL DE BALNEÁRIO GAIVOTA; Móveis; MOBILIÁRIO EM GERAL;1876; MESA PERARO FORMICA 2,70X0,80; 29/06/2010; MANUTENÇÃO DA SECRETARIA DE EDUCAÇÃO; Ativo;R$ 44,90; Compra Normal
 PREFEITURA MUNICIPAL DE BALNEÁRIO GAIVOTA; Móveis; MOBILIÁRIO EM GERAL;1877; MESA PERARO FORMICA 2,70X0,80; 29/06/2010; MANUTENÇÃO DA SECRETARIA DE EDUCAÇÃO; Ativo;R$ 44,90; Compra Normal
 PREFEITURA MUNICIPAL DE BALNEÁRIO GAIVOTA; Móveis; MOBILIÁRIO EM GERAL;1915; BALCÃO PIA BARTZEN 2,50X50X90; 29/06/2010; MANUTENÇÃO DA SECRETARIA DE EDUCAÇÃO; Ativo;R$ 99,99; Compra Normal
 PREFEITURA MUNICIPAL DE BALNEÁRIO GAIVOTA; Móveis; ELETRODOMÉSTICOS;3456; TELEVISÃO CCE 21 TELA PLANA; 22/06/2010; MANUTENÇÃO DA SECRETARIA DE EDUCAÇÃO; Ativo;R$ 44,90; Compra Normal
 PREFEITURA MUNICIPAL DE BALNEÁRIO GAIVOTA; Móveis; MÁQUINAS PARA ESCRITÓRIO; -; FRAGMENTTADORA DE PAPEL 10 FLS; 22/06/2010; BENS INSERVÍVEIS; Baixado;R$ 490,00; Compra Normal
 PREFEITURA MUNICIPAL DE BALNEÁRIO GAIVOTA; Móveis; MOBILIÁRIO EM GERAL; -; ARQUIVO KAPESBERG AZUL 4 GAVETAS; 22/06/2010; BENS INSERVÍVEIS; Baixado;R$ 175,10; Compra Normal
 PREFEITURA MUNICIPAL DE BALNEÁRIO GAIVOTA; Móveis; MOBILIÁRIO EM GERAL;3721; ARQUIVO KAPESBERG AZUL; 22/06/2010; MANUTENÇÃO DA SECRETARIA DE EDUCAÇÃO; Ativo;R$ 36,90; Compra Normal
 PREFEITURA MUNICIPAL DE BALNEÁRIO GAIVOTA; Móveis; MOBILIÁRIO EM GERAL;3722; ARQUIVO KAPESBERG AZUL; 22/06/2010; MANUTENÇÃO DA SECRETARIA DE EDUCAÇÃO; Ativo;R$ 36,90; Compra Normal
 PREFEITURA MUNICIPAL DE BALNEÁRIO GAIVOTA; Móveis; ELETRODOMÉSTICOS;1437; LAVADORA ELECTROLUX 7 KG; 22/06/2010; BENS INSERVÍVEIS; Baixado;R$ 969,00; Compra Normal
 PREFEITURA MUNICIPAL DE BALNEÁRIO GAIVOTA; Móveis; ELETRODOMÉSTICOS;1765; FOGÃO DAKO 4 BOCAS INDUSTRIAL COURASSADO; 22/06/2010; BENS INSERVÍVEIS; Baixado;R$ 1.249,00; Compra Normal
 PREFEITURA MUNICIPAL DE BALNEÁRIO GAIVOTA; Móveis; ELETRODOMÉSTICOS;3541; TELEVISÃO CCE 21 TELA PLANA; 22/06/2010; MANUTENÇÃO DA SECRETARIA DE EDUCAÇÃO; Ativo;R$ 44,90; Compra Normal
 PREFEITURA MUNICIPAL DE BALNEÁRIO GAIVOTA; Móveis; ELETRODOMÉSTICOS;3256; TELEVISÃO CCE 21 TELA PLANA; 22/06/2010; BENS INSERVÍVEIS; Baixado;R$ 449,00; Compra Normal
 PREFEITURA MUNICIPAL DE BALNEÁRIO GAIVOTA; Móveis; ELETRODOMÉSTICOS;3700; TELEVISÃO CCE 21 TELA PLANA; 22/06/2010; BENS INSERVÍVEIS; Baixado;R$ 449,00; Compra Normal
 PREFEITURA MUNICIPAL DE BALNEÁRIO GAIVOTA; Móveis; IMPLEMENTOS AGRÍCOLAS;466; ROÇADEIRA STIHL FS 220; 21/06/2010; BENS PARA LEILÃO; Baixado;R$ 210,00; Compra Normal
 PREFEITURA MUNICIPAL DE BALNEÁRIO GAIVOTA; Móveis; IMPLEMENTOS AGRÍCOLAS;465; ROÇADEIRA STIHL FS 220; 21/06/2010; BENS PARA LEILÃO; Baixado;R$ 210,00; Compra Normal
 PREFEITURA MUNICIPAL DE BALNEÁRIO GAIVOTA; Móveis; CÂMARA FOTOGRÁFICA;423; MAQUINA DIGITAL PANASONIC LUMIX C2; 27/05/2010; BENS INSERVÍVEIS; Baixado;R$ 516,00; Compra Normal
 PREFEITURA MUNICIPAL DE BALNEÁRIO GAIVOTA; Móveis; DECORAÇÕES E ACESSÓRIOS;2108; BANDEIRAS C/PEDESTAL E MASTROS; 19/05/2010; MANUTENÇÃO DA SECRETARIA DE EDUCAÇÃO; Ativo;R$ 62,00; Compra Normal
 PREFEITURA MUNICIPAL DE BALNEÁRIO GAIVOTA; Móveis; DECORAÇÕES E ACESSÓRIOS;2867; BANDEIRAS C/PEDESTAL E MASTROS; 19/05/2010; BENS INSERVÍVEIS; Baixado;R$ 620,00; Compra Normal
 PREFEITURA MUNICIPAL DE BALNEÁRIO GAIVOTA; Móveis; DECORAÇÕES E ACESSÓRIOS;1691; BANDEIRAS C/PEDESTAL E MASTROS; 19/05/2010; MANUTENÇÃO DA SECRETARIA DE EDUCAÇÃO; Ativo;R$ 62,00; Compra Normal
 PREFEITURA MUNICIPAL DE BALNEÁRIO GAIVOTA; Móveis; DECORAÇÕES E ACESSÓRIOS;3791; BANDEIRAS C/PEDESTAL E MASTROS; 19/05/2010; MANUTENÇÃO DA SECRETARIA DE EDUCAÇÃO; Ativo;R$ 62,00; Compra Normal
 PREFEITURA MUNICIPAL DE BALNEÁRIO GAIVOTA; Móveis; DECORAÇÕES E ACESSÓRIOS;2866; BANDEIRAS C/PEDESTAL E MASTROS; 19/05/2010; MANUTENÇÃO DA SECRETARIA DE EDUCAÇÃO; Ativo;R$ 62,00; Compra Normal
 PREFEITURA MUNICIPAL DE BALNEÁRIO GAIVOTA; Móveis; DECORAÇÕES E ACESSÓRIOS;261; BANDEIRAS C/PEDESTAL E MASTROS; 19/05/2010; BENS INSERVÍVEIS; Baixado;R$ 294,50; Compra Normal
 PREFEITURA MUNICIPAL DE BALNEÁRIO GAIVOTA; Móveis; DECORAÇÕES E ACESSÓRIOS; -; BANDEIRAS C/PEDESTAL E MASTROS; 19/05/2010; BENS INSERVÍVEIS; Baixado;R$ 620,00; Compra Normal
 PREFEITURA MUNICIPAL DE BALNEÁRIO GAIVOTA; Móveis; DECORAÇÕES E ACESSÓRIOS;3783; BANDEIRAS C/PEDESTAL E MASTROS; 19/05/2010; MANUTENÇÃO DA SECRETARIA DE EDUCAÇÃO; Ativo;R$ 62,00; Compra Normal
 PREFEITURA MUNICIPAL DE BALNEÁRIO GAIVOTA; Móveis; CÂMARA FOTOGRÁFICA;228; CAMERA DIGITAL SONY 14.1 C/CARTÃO MEMORIA 2GB; 05/05/2010; BENS INSERVÍVEIS; Baixado;R$ 989,50; Compra Normal
 PREFEITURA MUNICIPAL DE BALNEÁRIO GAIVOTA; Móveis; APARELHO DE COMUNICAÇÃO;1162; APARELHO DE FAX PANASONIC KXFT 932BRB; 05/05/2010; BENS INSERVÍVEIS; Baixado;R$ 498,00; Compra Normal
 PREFEITURA MUNICIPAL DE BALNEÁRIO GAIVOTA; Móveis; MICROCOMPUTADOR;365; COMPUTADOR TOSCHIBA 2 GB HD 320 C/MONITOR LG 15,6; 05/05/2010; BENS INSERVÍVEIS; Baixado;R$ 1.659,00; Compra Normal
 PREFEITURA MUNICIPAL DE BALNEÁRIO GAIVOTA; Móveis; APARELHO DE COMUNICAÇÃO;3784; PROJETOR DE IMAGEM DATA SHOW SONY VPL ES5; 05/05/2010; MANUTENÇÃO DA SECRETARIA DE EDUCAÇÃO; Ativo;R$ 245,10; Compra Normal
 PREFEITURA MUNICIPAL DE BALNEÁRIO GAIVOTA; Móveis; MOBILIÁRIO EM GERAL;3719; KIT OFICE KAPESBERG DE CANTO C/GAV; 05/05/2010; MANUTENÇÃO DA SECRETARIA DE EDUCAÇÃO; Ativo;R$ 39,80; Compra Normal
 PREFEITURA MUNICIPAL DE BALNEÁRIO GAIVOTA; Móveis; MOBILIÁRIO EM GERAL;3738; KIT OFICE KAPESBERG DE CANTO C/GAV; 05/05/2010; MANUTENÇÃO DA SECRETARIA DE EDUCAÇÃO; Ativo;R$ 39,80; Compra Normal
 PREFEITURA MUNICIPAL DE BALNEÁRIO GAIVOTA; Móveis; MOBILIÁRIO EM GERAL;1486; ARQUIVO KAPESBERG 4 GAV AZUL; 05/05/2010; MANUTENÇÃO DA SECRETARIA DE EDUCAÇÃO; Ativo;R$ 36,90; Compra Normal
 PREFEITURA MUNICIPAL DE BALNEÁRIO GAIVOTA; Móveis; MOBILIÁRIO EM GERAL;561; ARQUIVO KAPESBERG 5 GAV AZUL; 05/05/2010; MANUTENÇÃO DO CONSELHO TUTELAR; Ativo;R$ 36,90; Compra Normal
 PREFEITURA MUNICIPAL DE BALNEÁRIO GAIVOTA; Móveis; APARELHO DE COMUNICAÇÃO;4218; PROJETOR DE IMAGEM DATA SHOW SONY VPL ES5; 05/05/2010; BENS PARA LEILÃO; Baixado;R$ 1.605,29; Compra Normal
 PREFEITURA MUNICIPAL DE BALNEÁRIO GAIVOTA; Móveis; ELETRODOMÉSTICOS;1383; REFRIGARADOR ELECTROLUX; 05/05/2010; MANUTENÇÃO DA SECRETARIA DE EDUCAÇÃO; Ativo;R$ 102,90; Compra Normal
 PREFEITURA MUNICIPAL DE BALNEÁRIO GAIVOTA; Móveis; ELETRODOMÉSTICOS;2176; REFRIGARADOR ELECTROLUX RDE; 05/05/2010; MANUTENÇÃO DA SECRETARIA DE EDUCAÇÃO; Ativo;R$ 102,90; Compra Normal
 PREFEITURA MUNICIPAL DE BALNEÁRIO GAIVOTA; Móveis; IMPRESSORAS; -; IMPRESSORA HP DESKJET F4480; 05/05/2010; BENS PARA LEILÃO; Baixado;R$ 346,38; Compra Normal
 PREFEITURA MUNICIPAL DE BALNEÁRIO GAIVOTA; Móveis; ELETRODOMÉSTICOS;1376; FOGÃO DAKO 4 BOCAS; 05/05/2010; BENS PARA LEILÃO; Baixado;R$ 293,98; Compra Normal
 PREFEITURA MUNICIPAL DE BALNEÁRIO GAIVOTA; Móveis; ELETRODOMÉSTICOS;1285; LAVA JATO MOTOMIL 1700 WTS; 05/05/2010; BENS PARA LEILÃO; Baixado;R$ 46,90; Compra Normal
 PREFEITURA MUNICIPAL DE BALNEÁRIO GAIVOTA; Móveis; ELETRODOMÉSTICOS;122; LAVA JATO KARCHER; 05/05/2010; BENS PARA LEILÃO; Baixado;R$ 46,90; Compra Normal
 PREFEITURA MUNICIPAL DE BALNEÁRIO GAIVOTA; Móveis; ELETRODOMÉSTICOS;2623; MICROONDAS ELECTROLUX 31 LTS; 05/05/2010; MANUTENÇÃO DA SECRETARIA DE EDUCAÇÃO; Ativo;R$ 39,90; Compra Normal
 PREFEITURA MUNICIPAL DE BALNEÁRIO GAIVOTA; Móveis; ELETRODOMÉSTICOS;1917; MICROONDAS; 05/05/2010; BENS PARA LEILÃO; Baixado;R$ 39,90; Compra Normal
 PREFEITURA MUNICIPAL DE BALNEÁRIO GAIVOTA; Móveis; ELETRODOMÉSTICOS;1513; MICROONDAS ELECTROLUX 31 LTS; 05/05/2010; BENS PARA LEILÃO; Baixado;R$ 39,90; Compra Normal
 PREFEITURA MUNICIPAL DE BALNEÁRIO GAIVOTA; Móveis; VEICULOS PESADOS;958;" COLHEDORA FORRAGEIRA PLANTADAS EM LINHA COM 04 ROLO FIXO, COM 10 FACAS NO ROTOR E ROTAÇÃO DE  NO MINIMO 540 RPM, COM OPÇÕES DE CORTE DE NO MINIMO 3MM DE ESPACAMENTO ENTRE AS PLANILHAS DE NO MINIMO 60 CM, COM RODAS DE APOIO E POTENCIA PARA ACIONAMENTO DE NO MINIMO 55CV(12518) MARCA NOGUEIRA CHASSI: 06/08/59 1075 LIN/MOD: NOGU PECUS-9004; SERIE 06/08/59 1075 ANO FABR: 2010"; 29/04/2010; DIRETORIA DE AGRICULTURA; Ativo;R$ 1.280,00; Compra Normal
 PREFEITURA MUNICIPAL DE BALNEÁRIO GAIVOTA; Móveis; MICROCOMPUTADOR;242; MICROCOMPUTADOR BITUEW HD 320 3 GB C/MONITOR DAK 20 POLEGADAS; 20/04/2010; BENS INSERVÍVEIS; Baixado;R$ 1.889,00; Compra Normal
 PREFEITURA MUNICIPAL DE BALNEÁRIO GAIVOTA; Móveis; MOBILIÁRIO EM GERAL;7; KIT OFFICIE KAPESBERG C/ GAVETAS AZUL; 20/04/2010; MANUTENÇÃO DA SECRETARIA DE ARRECADAÇÃO; Ativo;R$ 39,80; Compra Normal
 PREFEITURA MUNICIPAL DE BALNEÁRIO GAIVOTA; Móveis; MICROCOMPUTADOR;8; COMPUTADOR TOSCHIBA HD 320 2GB C/MONITOR OAC 19,5 POLEGADAS; 20/04/2010; BENS PARA LEILÃO; Baixado;R$ 1.158,58; Compra Normal
 PREFEITURA MUNICIPAL DE BALNEÁRIO GAIVOTA; Móveis; MOBILIÁRIO EM GERAL;33; ARQUIVO KAPESBERG AZUL REF 1004; 20/04/2010; MANUTENÇÃO DA SECRETARIA DE ARRECADAÇÃO; Ativo;R$ 35,90; Compra Normal
 PREFEITURA MUNICIPAL DE BALNEÁRIO GAIVOTA; Móveis; MOBILIÁRIO EM GERAL;34; ARQUIVO KAPESBERG AZUL REF 1004; 20/04/2010; MANUTENÇÃO DA SECRETARIA DE ARRECADAÇÃO; Ativo;R$ 35,90; Compra Normal
 PREFEITURA MUNICIPAL DE BALNEÁRIO GAIVOTA; Móveis; MOBILIÁRIO EM GERAL;411; ARQUIVO KAPESBERG AZUL REF 1004; 20/04/2010; MANUTENÇÃO DA SECRETARIA DE OBRAS E SERV; Ativo;R$ 35,90; Compra Normal
 PREFEITURA MUNICIPAL DE BALNEÁRIO GAIVOTA; Móveis; Ar Condicionado;851; AR CONDICIONADO DA CONSUL 7000 BTUS; 20/04/2010; MANUTENÇÃO DA SECRETARIA DE ADMINISTRAÇÃ; Ativo;R$ 129,90; Compra Normal
 PREFEITURA MUNICIPAL DE BALNEÁRIO GAIVOTA; Móveis; MOBILIÁRIO EM GERAL;654; FOGÃO ATLAS MONACO 4 BOCAS BRANCO; 20/04/2010; BENS INSERVÍVEIS; Baixado;R$ 355,00; Compra Normal
 PREFEITURA MUNICIPAL DE BALNEÁRIO GAIVOTA; Móveis; MÁQUINAS, MOTORES;432; ELEVADOR DE VEICULOS RODALEVE RDV 2500 TRIF 220/380V MT KCEL; 15/04/2010; MANUTENÇÃO DA SECRETARIA DE OBRAS E SERV; Ativo;R$ 490,00; Compra Normal
 PREFEITURA MUNICIPAL DE BALNEÁRIO GAIVOTA; Móveis; IMPRESSORAS;6; IMPRESSORA HP LASER JET P 1005; 23/03/2010; MANUTENÇÃO DO CONSELHO TUTELAR; Ativo;R$ 52,90; Compra Normal
 PREFEITURA MUNICIPAL DE BALNEÁRIO GAIVOTA; Móveis; IMPRESSORAS;590; IMPRESSOSA HP LASER JET 9 1005; 23/03/2010; SECRETÁRIO DA CULTURA; Ativo;R$ 53,90; Compra Normal
 PREFEITURA MUNICIPAL DE BALNEÁRIO GAIVOTA; Móveis; IMPRESSORAS;419; IMPRESSORA HP LASER JET P 1005; 23/03/2010; MANUTENÇÃO DA SECRETARIA DE OBRAS E SERV; Ativo;R$ 52,90; Compra Normal
 PREFEITURA MUNICIPAL DE BALNEÁRIO GAIVOTA; Móveis; MICROCOMPUTADOR;177; COMPUTADOR BITUSE 2GB HD 320; 23/03/2010; BENS INSERVÍVEIS; Baixado;R$ 1.559,00; Compra Normal
 PREFEITURA MUNICIPAL DE BALNEÁRIO GAIVOTA; Móveis; MOBILIÁRIO EM GERAL;821; ARMARIO KAPESBERG ALTO C/CHAVE; 23/03/2010; BENS PARA LEILÃO; Baixado;R$ 241,58; Compra Normal
 PREFEITURA MUNICIPAL DE BALNEÁRIO GAIVOTA; Móveis; MOBILIÁRIO EM GERAL;823; ARQUIVO KAPESBERG AZUL; 23/03/2010; FUNDO MUNICIPAL DE SAUDE; Ativo;R$ 35,90; Compra Normal
 PREFEITURA MUNICIPAL DE BALNEÁRIO GAIVOTA; Móveis; IMPRESSORAS;1235; IMPRESSORA HP LASER JET P 1005; 23/03/2010; FUNDO MUNICIPAL DE SAUDE; Ativo;R$ 52,90; Compra Normal
 PREFEITURA MUNICIPAL DE BALNEÁRIO GAIVOTA; Móveis; MONITORES; -; MONITOR SANSUNG 18,5; 23/03/2010; BENS INSERVÍVEIS; Baixado;R$ 498,00; Compra Normal
 PREFEITURA MUNICIPAL DE BALNEÁRIO GAIVOTA; Móveis; Ar Condicionado;7614; AR CONDICIONADO QUENTE/FRIO 12000 BTUS CONSUL; 23/03/2010; MANUTENÇÃO DA SECRETARIA DE EDUCAÇÃO; Ativo;R$ 153,00; Compra Normal
 PREFEITURA MUNICIPAL DE BALNEÁRIO GAIVOTA; Móveis; ELETRODOMÉSTICOS;79; AR CONDICIONADO QUENTE/FRIO 12000 BTUS CONSUL; 23/03/2010; BENS INSERVÍVEIS; Baixado;R$ 1.530,00; Compra Normal
 PREFEITURA MUNICIPAL DE BALNEÁRIO GAIVOTA; Móveis; VEICULOS LEVES;4482;" CORSA CLASSIC LIFE 1.0 4 PTAS FLEX POWER CHASSI 9BGSA1910AB240788 5 LUG. COR EXT: BRANCO MAHLER COR INT: EBONY; ANO-MOD: 2010 ANO-FAB: 2010; RENAVAN 149556 N. MOTOR: S80084092; COMBUSTIVEL: ALCOOL/GASOLINA POT; 077/078 CV; EQUIPADOS OPCIONAIS: R6R-CONJ DE OPÇÕES N.NF COMPRA: 229836 DTA NF ENTRADA: 22/1/2010; ICMS RETIDO NA FONTE NOS TERMOS DO CONVÊNIO ICMS 132/92."; 18/03/2010; FUNDO MUNICIPAL DE SAUDE; Baixado;R$ 5.800,00; Compra Normal
 PREFEITURA MUNICIPAL DE BALNEÁRIO GAIVOTA; Móveis; VEICULOS PESADOS; -; MOTONIVILADORA MODELO MALHUBER WARCO CHASSI D-11 1411 - ANO 1982 PLACA ION 7706 RENAVAN 56457717-0; 15/03/2010; MANUTENÇÃO DA SECRETARIA DE OBRAS E SERV; Baixado;R$ 75.000,00; Compra Normal
 PREFEITURA MUNICIPAL DE BALNEÁRIO GAIVOTA; Móveis; EQUIPAMENTOS MÉDICOS;848; DECIBELIMETRO DIGITAL PORTATIL ITDEC - 4000; 11/03/2010; FUNDO MUNICIPAL DE SAUDE; Ativo;R$ 56,48; Compra Normal
 PREFEITURA MUNICIPAL DE BALNEÁRIO GAIVOTA; Móveis; IMPLEMENTOS AGRÍCOLAS;467; ROÇADEIRA STIHL FS 220 Nº 362920239; 04/03/2010; BENS PARA LEILÃO; Baixado;R$ 210,00; Compra Normal
 PREFEITURA MUNICIPAL DE BALNEÁRIO GAIVOTA; Móveis; Ar Condicionado;126; AR CONDICIONADO QUENTE/FRIO 7000 BTUS; 23/02/2010; BENS INSERVÍVEIS; Baixado;R$ 593,75; Compra Normal
 PREFEITURA MUNICIPAL DE BALNEÁRIO GAIVOTA; Móveis; Ar Condicionado;154; AR CONDICIONADO QUENTE/FRIO 7000 BTUS ELECTROLUX; 23/02/2010; MANUTENÇÃO DA SECRETARIA DE ADMINISTRAÇÃ; Ativo;R$ 125,00; Compra Normal
 PREFEITURA MUNICIPAL DE BALNEÁRIO GAIVOTA; Móveis; Ar Condicionado;195; AR CONDICIONADO QUENTE/FRIO 7000 BTUS ELECTROLUX  ( SALA SERVIDOR ); 23/02/2010; MANUTENÇÃO DA SECRETARIA DE ADMINISTRAÇÃ; Ativo;R$ 125,00; Compra Normal
 PREFEITURA MUNICIPAL DE BALNEÁRIO GAIVOTA; Móveis; Ar Condicionado;7616; AR CONDICIONADO QUENTE/FRIO 7000 BTUS ELECTROLUX; 23/02/2010; MANUTENÇÃO DA SECRETARIA DE EDUCAÇÃO; Ativo;R$ 125,00; Compra Normal
 PREFEITURA MUNICIPAL DE BALNEÁRIO GAIVOTA; Móveis; Ar Condicionado;179; AR CONDICIONADO QUENTE/FRIO 7000 BTUS ELECTROLUX; 23/02/2010; MANUTENÇÃO DA SECRETARIA DE ADMINISTRAÇÃ; Ativo;R$ 125,00; Compra Normal
 PREFEITURA MUNICIPAL DE BALNEÁRIO GAIVOTA; Móveis; MOBILIÁRIO EM GERAL;72; ARMARIO 2 PORTES C/CHAVE KAPESBERG; 23/02/2010; DIRETORIA DE INDÚSTRIA E COMÉRCIO; Ativo;R$ 35,90; Compra Normal
 PREFEITURA MUNICIPAL DE BALNEÁRIO GAIVOTA; Móveis; MOBILIÁRIO EM GERAL;67; ARQUIVO 4 GAVETAS C/CHAVE KAPESBERG; 23/02/2010; MANUTENÇÃO DA SECRETARIA DE ARRECADAÇÃO; Ativo;R$ 35,90; Compra Normal
 PREFEITURA MUNICIPAL DE BALNEÁRIO GAIVOTA; Móveis; MOBILIÁRIO EM GERAL;68; ARQUIVO 4 GAVETAS C/CHAVE KAPESBERG; 23/02/2010; MANUTENÇÃO DA SECRETARIA DE ARRECADAÇÃO; Ativo;R$ 35,90; Compra Normal
 PREFEITURA MUNICIPAL DE BALNEÁRIO GAIVOTA; Móveis; MOBILIÁRIO EM GERAL;69; ARQUIVO 4 GAVETAS C/CHAVE KAPESBERG; 23/02/2010; MANUTENÇÃO DA SECRETARIA DE ARRECADAÇÃO; Ativo;R$ 35,90; Compra Normal
 PREFEITURA MUNICIPAL DE BALNEÁRIO GAIVOTA; Móveis; MOBILIÁRIO EM GERAL;32; ARQUIVO 4 GAVETAS C/CHAVE KAPESBERG; 23/02/2010; MANUTENÇÃO DA SECRETARIA DE ARRECADAÇÃO; Ativo;R$ 35,90; Compra Normal
 PREFEITURA MUNICIPAL DE BALNEÁRIO GAIVOTA; Móveis; MOBILIÁRIO EM GERAL;9; ARQUIVO 4 GAVETAS C/CHAVE KAPESBERG; 23/02/2010; MANUTENÇÃO DA SECRETARIA DE ARRECADAÇÃO; Ativo;R$ 35,90; Compra Normal
 PREFEITURA MUNICIPAL DE BALNEÁRIO GAIVOTA; Móveis; MOBILIÁRIO EM GERAL;73; MESA DE REUNIÃO KAPESBERG; 23/02/2010; MANUTENÇÃO DA SECRETARIA DE ARRECADAÇÃO; Ativo;R$ 40,50; Compra Normal
 PREFEITURA MUNICIPAL DE BALNEÁRIO GAIVOTA; Móveis; IMPRESSORAS;176; IMPRESSORA A LASER HP; 23/02/2010; MANUTENÇÃO DA SECRETARIA DE ADMINISTRAÇÃ; Ativo;R$ 53,90; Compra Normal
 PREFEITURA MUNICIPAL DE BALNEÁRIO GAIVOTA; Móveis; MICROCOMPUTADOR;43; COMPUTADOR BITWAY  2 GB MONITOR AOC 18,5; 23/02/2010; MANUTENÇÃO DA SECRETARIA DE ADMINISTRAÇÃ; Ativo;R$ 155,90; Compra Normal
 PREFEITURA MUNICIPAL DE BALNEÁRIO GAIVOTA; Móveis; MICROCOMPUTADOR;77; COMPUTADOR BITWAY  2 GB MONITOR AOC 18,5; 23/02/2010; DIRETORIA DE AGRICULTURA; Ativo;R$ 155,90; Compra Normal
 PREFEITURA MUNICIPAL DE BALNEÁRIO GAIVOTA; Móveis; Ar Condicionado;103; AR CONDICIONADO ELECTROLUX QUENTE/FRIO 7000 BTUS; 23/02/2010; MANUTENÇÃO DA SECRETARIA DE ADMINISTRAÇÃ; Ativo;R$ 125,00; Compra Normal
 PREFEITURA MUNICIPAL DE BALNEÁRIO GAIVOTA; Móveis; Ar Condicionado;268; AR CONDICIONADO ELECTROLUX QUENTE/FRIO 7000 BTUS; 23/02/2010; MANUTENÇÃO DA SECRETARIA DE ARRECADAÇÃO; Ativo;R$ 125,00; Compra Normal
 PREFEITURA MUNICIPAL DE BALNEÁRIO GAIVOTA; Móveis; VEICULOS LEVES; -; EQUIPAMENTOS PARA TRANSFORMAÇÃO SPRINTER FURGÃO G620 CODIGO 3126, EM AMBULÂNCIA; 20/02/2010; BENS INSERVÍVEIS; Baixado;R$ 16.406,00; Compra Normal
 CAMARA MUNICIPAL DE BALNEARIO GAIVOTA; MOVEIS; Cod.: 2 - ELETRONICOS;107; AR CONDICIONADO SPLINT 24.000 BTUS ELETROLUX; 10/02/2010; CAMARA MUNICIPAL DE VEREADORES; Em desuso;R$ 271,45; Compra
 CAMARA MUNICIPAL DE BALNEARIO GAIVOTA; MOVEIS; Cod.: 2 - ELETRONICOS;106; LAVA JATO ELETROPLAS 1700 COR AZUL; 09/02/2010; CAMARA MUNICIPAL DE VEREADORES; Em uso;R$ 48,90; Compra
 PREFEITURA MUNICIPAL DE BALNEÁRIO GAIVOTA; Móveis; VEICULOS PESADOS;713; ONIBUS  SCANIA/K112 33 S CHASSI 9BSKC4X2BH3455693 RENAVAN 55192839-5 ANO/MODELO 1987 PLACA MAD-7776; 08/02/2010; MANUTENÇÃO DA SECRETARIA DE EDUCAÇÃO; Baixado;R$ 15.500,00; Doação
 PREFEITURA MUNICIPAL DE BALNEÁRIO GAIVOTA; Móveis; INSTRUMENTOS E UTENSÍLIOS; -; BALANÇO 3 LUGARES COM ESTRUTURA TRONCO 5 MT 2,70 ALTURA; 21/01/2010; BENS INSERVÍVEIS; Baixado;R$ 700,00; Compra Normal
 PREFEITURA MUNICIPAL DE BALNEÁRIO GAIVOTA; Móveis; INSTRUMENTOS E UTENSÍLIOS; -; BALANÇO 3 LUGARES COM ESTRUTURA TRONCO 5 MT 2,70 ALTURA; 21/01/2010; BENS INSERVÍVEIS; Baixado;R$ 700,00; Compra Normal
 PREFEITURA MUNICIPAL DE BALNEÁRIO GAIVOTA; Móveis; INSTRUMENTOS E UTENSÍLIOS;1472; BANCO COM 3MT E 40CM ALTURA; 21/01/2010; MANUTENÇÃO DA SECRETARIA DE EDUCAÇÃO; Ativo;R$ 40,00; Compra Normal
 PREFEITURA MUNICIPAL DE BALNEÁRIO GAIVOTA; Móveis; INSTRUMENTOS E UTENSÍLIOS;1473; BANCO COM 3MT E 40CM ALTURA; 21/01/2010; MANUTENÇÃO DA SECRETARIA DE EDUCAÇÃO; Ativo;R$ 40,00; Compra Normal
 PREFEITURA MUNICIPAL DE BALNEÁRIO GAIVOTA; Móveis; VEICULOS LEVES;1302;" SPRINTER FURGÃO 313 ; MARCA MERCEDES-BENZ: ANO 2009; MODELO 2010; CHASSI 8AC90366AE025008; COMBUSTIVEL; DIESEL; NUMERO MOTOR: 61198170102651; RENAVAN: 197377165; POTENCIA: 129 CV; PBT: 3.550Kg - CMT: 5.000Kg; CILINDROS: 04; COR: BRANCO. N. NF  COMPRA: 045996"; 15/01/2010; MANUTENÇÃO DA SECRETARIA DE EDUCAÇÃO; Baixado;R$ 27.500,00; Compra Normal
 PREFEITURA MUNICIPAL DE BALNEÁRIO GAIVOTA; Móveis; APARELHO DE COMUNICAÇÃO;531; CAIXA AMPLIFICADA NOPAL OCM 812 C/USB; 06/01/2010; BENS INSERVÍVEIS; Baixado;R$ 720,00; Compra Normal
 PREFEITURA MUNICIPAL DE BALNEÁRIO GAIVOTA; Móveis; APARELHO DE COMUNICAÇÃO; -; MICROFONE S/FIO MS115-UHF CLIP - TS1; 06/01/2010; BENS INSERVÍVEIS; Baixado;R$ 425,00; Compra Normal
 PREFEITURA MUNICIPAL DE BALNEÁRIO GAIVOTA; Imóveis; TERRENOS; -; UM TERRENO URBANO COM 8.000,00M2.; 23/12/2009; MANUTENÇÃO DA SECRETARIA DE EDUCAÇÃO; Ativo;R$ 30.000,00; Compra Normal
 PREFEITURA MUNICIPAL DE BALNEÁRIO GAIVOTA; Móveis; MÁQUINAS PARA ESCRITÓRIO;625; DUPLICADOR A ALCOOL MIMIOGRAFO; 22/12/2009; BENS PARA LEILÃO; Baixado;R$ 38,00; Compra Normal
 PREFEITURA MUNICIPAL DE BALNEÁRIO GAIVOTA; Móveis; MÁQUINAS PARA ESCRITÓRIO; -; PROJETOR SONY ES7; 22/12/2009; BENS INSERVÍVEIS; Baixado;R$ 2.350,00; Compra Normal
 PREFEITURA MUNICIPAL DE BALNEÁRIO GAIVOTA; Móveis; EQUIPAMENTOS DOMÉSTICOS; -; BANHEIRO DURA BOX COEUP CZ/ESCURO 1,20X2 ECOCILE, ACESSORIOS LOUÇA, METAIS COMPLETO; 21/12/2009; BENS INSERVÍVEIS; Baixado;R$ 3.500,00; Compra Normal
 PREFEITURA MUNICIPAL DE BALNEÁRIO GAIVOTA; Móveis; MONITORES; -; MONITOR AOC LCD 19 POLEGADAS; 18/12/2009; BENS INSERVÍVEIS; Baixado;R$ 566,95; Compra Normal
 PREFEITURA MUNICIPAL DE BALNEÁRIO GAIVOTA; Móveis; IMPRESSORAS;379; IMPRESSORA HP LASER; 17/12/2009; MANUTENÇÃO DA SECRETARIA DE ADMINISTRAÇÃ; Ativo;R$ 53,90; Compra Normal
 PREFEITURA MUNICIPAL DE BALNEÁRIO GAIVOTA; Móveis; IMPRESSORAS;3985; IMPRESSORA MULTIFUNCIONAL HP JATO TINTA; 17/12/2009; FUNDO MUNICIPAL DE SAUDE; Baixado;R$ 346,38; Compra Normal
 PREFEITURA MUNICIPAL DE BALNEÁRIO GAIVOTA; Móveis; APARELHOS ELETRO-ELETRÔNICOS;4317; COLETOR DE DADOS T1000 MS=039010565; 11/12/2009; BENS INSERVÍVEIS; Baixado;R$ 1.144,00; Compra Normal
 CÂMARA MUNICIPAL BALNEÁRIO GAIVOTA; MOVEIS; Cod.: 2 - ELETRONICOS;105; TELA RETRATIL 180 X 180 DE TECIDO VINIL - PROJETOR MULTIMIDIA DS420-2000 LUMENS; 11/12/2009; ARQUIVO MORTO; Baixado;R$ 265,00; Compra
 PREFEITURA MUNICIPAL DE BALNEÁRIO GAIVOTA; Móveis; MONITORES; -; MONITOR AOC 19 POLEGADAS; 30/11/2009; BENS INSERVÍVEIS; Baixado;R$ 662,00; Compra Normal
 PREFEITURA MUNICIPAL DE BALNEÁRIO GAIVOTA; Móveis; MONITORES; -; MONITOR LG LCD; 30/11/2009; BENS INSERVÍVEIS; Baixado;R$ 534,00; Compra Normal
 PREFEITURA MUNICIPAL DE BALNEÁRIO GAIVOTA; Móveis; MONITORES; -; MONITOR LG LCD; 30/11/2009; BENS INSERVÍVEIS; Baixado;R$ 534,00; Compra Normal
 PREFEITURA MUNICIPAL DE BALNEÁRIO GAIVOTA; Móveis; MONITORES;37; MONITOR LG LCD; 30/11/2009; MANUTENÇÃO DA SECRETARIA DE ARRECADAÇÃO; Ativo;R$ 53,40; Compra Normal
 PREFEITURA MUNICIPAL DE BALNEÁRIO GAIVOTA; Móveis; IMPLEMENTOS AGRÍCOLAS;1060; CARROCERIA MOD TR 688 4 TON SERIE 15503; 24/11/2009; BENS PARA LEILÃO; Baixado;R$ 260,00; Compra Normal
 CÂMARA MUNICIPAL BALNEÁRIO GAIVOTA; MOVEIS; Cod.: 3 - INFORMATICA;104; IMPRESSORA LASER HP 1005 CINZA; 08/11/2009; ARQUIVO MORTO; Baixado;R$ 129,85; Compra
 PREFEITURA MUNICIPAL DE BALNEÁRIO GAIVOTA; Móveis; UTENSÍLIO MÓVEL;1284; CARRO CURATIVO INOX; 21/10/2009; FUNDO MUNICIPAL DE SAUDE; Ativo;R$ 148,00; Compra Normal
 PREFEITURA MUNICIPAL DE BALNEÁRIO GAIVOTA; Móveis; MICROCOMPUTADOR;123; COMPUTADOR BITUWE 2 GIGA HD 320; 14/10/2009; BENS PARA LEILÃO; Baixado;R$ 981,73; Compra Normal
 PREFEITURA MUNICIPAL DE BALNEÁRIO GAIVOTA; Móveis; IMPRESSORAS;243; IMPRESSORA HP LASER; 14/10/2009; MANUTENÇÃO DA SECRETARIA DE ADMINISTRAÇÃ; Ativo;R$ 53,90; Compra Normal
 PREFEITURA MUNICIPAL DE BALNEÁRIO GAIVOTA; Imóveis; TERRENOS; -; UM TERRENO SITUADO NA PRAIA ITAPUAN, CONSTITUIDO DO LOTE 21 DA QUADRA 3-K, COM 288M2.; 13/10/2009; MANUTENÇÃO DA SECRETARIA DE EDUCAÇÃO; Ativo;R$ 11.500,00; Compra Normal
 PREFEITURA MUNICIPAL DE BALNEÁRIO GAIVOTA; Imóveis; TERRENOS; -; UM TERRENO SITUADO NA PRAIA ITAPUAN, CONSTITUIDO DO LOTE 22 DA QUADRA 3-K, COM 288M2.; 13/10/2009; MANUTENÇÃO DA SECRETARIA DE EDUCAÇÃO; Ativo;R$ 11.500,00; Compra Normal
 PREFEITURA MUNICIPAL DE BALNEÁRIO GAIVOTA; Imóveis; TERRENOS; -; UM TERRENO URBANO SITUADO NO LOTEAMENTO SANTO ANTONIO II, EM LAGOA DE FORA, CONSTITUIDO DO LOTE 09 DA QUADRA D, COM 369M2.; 13/10/2009; MANUTENÇÃO DA SECRETARIA DE ADMINISTRAÇÃ; Ativo;R$ 29.500,00; Compra Normal
 PREFEITURA MUNICIPAL DE BALNEÁRIO GAIVOTA; Móveis; MOBILIÁRIO EM GERAL;1348; ARQUIVO 4 GAVETA C/CHAVE (11335); 22/09/2009; FUNDO MUNICIPAL DE SAUDE; Baixado;R$ 33,90; Compra Normal
 PREFEITURA MUNICIPAL DE BALNEÁRIO GAIVOTA; Móveis; MOBILIÁRIO EM GERAL;336; ARQUIVO 4 GAVETAS C/CHAVE(11335); 22/09/2009; MANUTENÇÃO DA SECRETARIA DE ADMINISTRAÇÃ; Ativo;R$ 33,90; Compra Normal
 PREFEITURA MUNICIPAL DE BALNEÁRIO GAIVOTA; Móveis; MOBILIÁRIO EM GERAL;263; POLTRONA DE COURO TIPO PRESIDENTE C/BRAÇOS, GIRATORIA RECLIN.(11582); 22/09/2009; MANUTENÇÃO DA SECRETARIA DE ADMINISTRAÇÃ; Ativo;R$ 33,20; Compra Normal
 PREFEITURA MUNICIPAL DE BALNEÁRIO GAIVOTA; Móveis; MÁQUINAS, MOTORES;452; BETON HORBACH VOLANT C/MOTOR 1/3 120LT; 11/09/2009; MANUTENÇÃO DA SECRETARIA DE OBRAS E SERV; Ativo;R$ 80,92; Compra Normal
 PREFEITURA MUNICIPAL DE BALNEÁRIO GAIVOTA; Móveis; MÁQUINAS, MOTORES;1046; FURAD BOSCH IND 06012185E1 600w; 11/09/2009; MANUTENÇÃO DA SECRETARIA DE OBRAS E SERV; Ativo;R$ 31,98; Compra Normal
 PREFEITURA MUNICIPAL DE BALNEÁRIO GAIVOTA; Móveis; ELETRODOMÉSTICOS;3610; FREEZER 300 ELECTROLUX; 02/09/2009; BENS INSERVÍVEIS; Baixado;R$ 1.169,00; Compra Normal
 PREFEITURA MUNICIPAL DE BALNEÁRIO GAIVOTA; Móveis; MOBILIÁRIO EM GERAL;2210; ARMARIO/BALCÃO PRATELEIRA TIPO COMEIA ABERTO; 02/09/2009; MANUTENÇÃO DA SECRETARIA DE EDUCAÇÃO; Ativo;R$ 40,00; Compra Normal
 PREFEITURA MUNICIPAL DE BALNEÁRIO GAIVOTA; Móveis; MOBILIÁRIO EM GERAL;1510; ESTANTE 2,00X2,00 COM DIVISORIAS DALA COSTA; 02/09/2009; MANUTENÇÃO DA SECRETARIA DE EDUCAÇÃO; Ativo;R$ 140,00; Compra Normal
 PREFEITURA MUNICIPAL DE BALNEÁRIO GAIVOTA; Móveis; EQUIPAMENTOS DOMÉSTICOS;2637; ASPIRADOR DE PO FLEX AGUA E PO ARNO; 02/09/2009; BENS PARA LEILÃO; Baixado;R$ 228,48; Compra Normal
 PREFEITURA MUNICIPAL DE BALNEÁRIO GAIVOTA; Móveis; MONITORES;38; MONITOR LCD 15 POLEGADAS LG; 02/09/2009; MANUTENÇÃO DA SECRETARIA DE ARRECADAÇÃO; Ativo;R$ 43,90; Compra Normal
 PREFEITURA MUNICIPAL DE BALNEÁRIO GAIVOTA; Móveis; MONITORES;39; MONITOR LCD 15 LG; 02/09/2009; MANUTENÇÃO DA SECRETARIA DE ARRECADAÇÃO; Ativo;R$ 43,90; Compra Normal
 PREFEITURA MUNICIPAL DE BALNEÁRIO GAIVOTA; Móveis; IMPRESSORAS;3756; IMPRESSORA MULTIFUNCIONAL HP F4480; 02/09/2009; BENS INSERVÍVEIS; Baixado;R$ 445,00; Compra Normal
 PREFEITURA MUNICIPAL DE BALNEÁRIO GAIVOTA; Móveis; EQUIPAMENTOS DOMÉSTICOS;3789; FOGÃO INDUSTRIAL 6 B.C./FORNO DAKO COURARADO; 02/09/2009; BENS INSERVÍVEIS; Baixado;R$ 1.289,00; Compra Normal
 PREFEITURA MUNICIPAL DE BALNEÁRIO GAIVOTA; Móveis; EQUIPAMENTOS DOMÉSTICOS;1502; FOGÃO INDUSTRIAL .C./FORNO DAKO COURARADO; 02/09/2009; BENS INSERVÍVEIS; Baixado;R$ 612,10; Compra Normal
 PREFEITURA MUNICIPAL DE BALNEÁRIO GAIVOTA; Móveis; ELETRODOMÉSTICOS;1912; FREESER HORIZONTAL  H 300 ELECTROLUX; 02/09/2009; MANUTENÇÃO DA SECRETARIA DE EDUCAÇÃO; Ativo;R$ 116,90; Compra Normal
 PREFEITURA MUNICIPAL DE BALNEÁRIO GAIVOTA; Móveis; ELETRODOMÉSTICOS;1939; LAVADOURA 10 KG ELECTROLUX; 02/09/2009; BENS INSERVÍVEIS; Baixado;R$ 1.219,00; Compra Normal
 PREFEITURA MUNICIPAL DE BALNEÁRIO GAIVOTA; Móveis; VEICULOS LEVES; -; FIAT/TIPO 1.6 1996 PLACA BYO 9865, RECEBIDO POR DOAÇÃO DA SEC. DA RECEITA FEDERAL CFE. ADM Nº 0619 DE 01/09/09; 01/09/2009; MANUTENÇÃO DA SECRETARIA DE OBRAS E SERV; Baixado;R$ 150,00; Compra Normal
 PREFEITURA MUNICIPAL DE BALNEÁRIO GAIVOTA; Móveis; VEICULOS LEVES; -; FIAT/TIPO 1995 PLACA JNE 3833, RECEBIDO POR DOAÇÃO S.R.E. CFE. ADM Nº 0619 DE 01/09/09.; 01/09/2009; MANUTENÇÃO DA SECRETARIA DE OBRAS E SERV; Baixado;R$ 100,00; Compra Normal
 PREFEITURA MUNICIPAL DE BALNEÁRIO GAIVOTA; Móveis; VEICULOS LEVES; -; FIAT/UNO 1994 PLACA GTD 3129, RECEBIDO PÓR DOAÇÃO DA S.R.F. CFE. ADM Nº 0619 DE 01/09/09. CHASSI 9PD146000R5373720 RENAVAN 627370470.; 01/09/2009; MANUTENÇÃO DA SECRETARIA DE OBRAS E SERV; Baixado;R$ 5.394,97; Compra Normal
 PREFEITURA MUNICIPAL DE BALNEÁRIO GAIVOTA; Móveis; VEICULOS LEVES; -; FIAT/UNO TREKKIN 1998 PLACA AHL 7435, RECEBIDO POR DOAÇÃO DE S.R.F. CFE. ADM 0619 DE 01/09/09.; 01/09/2009; .; Baixado;R$ 11.757,00; Compra Normal
 PREFEITURA MUNICIPAL DE BALNEÁRIO GAIVOTA; Móveis; INSTRUMENTOS E UTENSÍLIOS; -; CAIXA DE AREIA DE 3,5X3,5M COM COBERTURA DE TELHA DE AMIANTO 2,7M ALTURA; 31/08/2009; BENS INSERVÍVEIS; Baixado;R$ 1.700,00; Compra Normal
 PREFEITURA MUNICIPAL DE BALNEÁRIO GAIVOTA; Móveis; INSTRUMENTOS E UTENSÍLIOS; -; CAIXA DE AREIA DE 1,5X1,5M COM COBERTURA ESTILO GUARDASOL A 2,70M DE ALTURA; 31/08/2009; BENS INSERVÍVEIS; Baixado;R$ 800,00; Compra Normal
 PREFEITURA MUNICIPAL DE BALNEÁRIO GAIVOTA; Móveis; INSTRUMENTOS E UTENSÍLIOS; -; CAIXA DE AREIA 4X10M SEM COBERTURA; 31/08/2009; BENS INSERVÍVEIS; Baixado;R$ 800,00; Compra Normal
 PREFEITURA MUNICIPAL DE BALNEÁRIO GAIVOTA; Móveis; INSTRUMENTOS E UTENSÍLIOS; -; CERCADO DE 3X3M COM ASSOALHO UM DEK; 31/08/2009; BENS INSERVÍVEIS; Baixado;R$ 600,00; Compra Normal
 PREFEITURA MUNICIPAL DE BALNEÁRIO GAIVOTA; Móveis; INSTRUMENTOS E UTENSÍLIOS; -; ESCADA HORIZONTAL 4X0,40X1,5 COM DUAS ESCADAS LATERAIS VERTICAIS NAS EXTREMIDADES; 31/08/2009; BENS INSERVÍVEIS; Baixado;R$ 400,00; Compra Normal
 PREFEITURA MUNICIPAL DE BALNEÁRIO GAIVOTA; Móveis; INSTRUMENTOS E UTENSÍLIOS; -; ESCADA HORIZONTAL 4X0,40X1,5 COM DUAS ESCADAS LATERAIS VERTICAIS NAS EXTREMIDADES; 31/08/2009; BENS INSERVÍVEIS; Baixado;R$ 400,00; Compra Normal
 PREFEITURA MUNICIPAL DE BALNEÁRIO GAIVOTA; Móveis; INSTRUMENTOS E UTENSÍLIOS; -; ESCORREGADOR 1,5M ALTURA COM ESCADA INCLINADA DE NO MÁX 10 DEGRAUS C/CAIXA DE AREIA DE 2X2M; 31/08/2009; BENS INSERVÍVEIS; Baixado;R$ 550,00; Compra Normal
 PREFEITURA MUNICIPAL DE BALNEÁRIO GAIVOTA; Móveis; INSTRUMENTOS E UTENSÍLIOS; -; ESCORREGADOR 1,5M ALTURA COM ESCADA INCLINADA DE NO MÁX 10 DEGRAUS C/CAIXA DE AREIA DE 2X2M; 31/08/2009; BENS INSERVÍVEIS; Baixado;R$ 550,00; Compra Normal
 PREFEITURA MUNICIPAL DE BALNEÁRIO GAIVOTA; Móveis; INSTRUMENTOS E UTENSÍLIOS; -; ESCORREGADOR 1,5M ALTURA COM ESCADA INCLINADA DE NO MÁX 10 DEGRAUS C/CAIXA DE AREIA DE 2X2M; 31/08/2009; BENS INSERVÍVEIS; Baixado;R$ 550,00; Compra Normal
 PREFEITURA MUNICIPAL DE BALNEÁRIO GAIVOTA; Móveis; INSTRUMENTOS E UTENSÍLIOS; -; ESCORREGADOR 1,5M ALTURA COM ESCADA INCLINADA DE NO MÁX 10 DEGRAUS C/CAIXA DE AREIA DE 2X2M; 31/08/2009; BENS INSERVÍVEIS; Baixado;R$ 550,00; Compra Normal
 PREFEITURA MUNICIPAL DE BALNEÁRIO GAIVOTA; Móveis; INSTRUMENTOS E UTENSÍLIOS; -; BALANÇOS DE 4 LUGARES COM ESTRUTURA EM TRONCO DE 5M COM POR 2,70 DE ALTURA; 31/08/2009; BENS INSERVÍVEIS; Baixado;R$ 700,00; Compra Normal
 PREFEITURA MUNICIPAL DE BALNEÁRIO GAIVOTA; Móveis; INSTRUMENTOS E UTENSÍLIOS; -; BALANÇO DE 12 LUGARES COM ESTRUTURA EM TRONCO DE 12M POR 2,70 DE ALTURA; 31/08/2009; BENS INSERVÍVEIS; Baixado;R$ 1.800,00; Compra Normal
 PREFEITURA MUNICIPAL DE BALNEÁRIO GAIVOTA; Móveis; INSTRUMENTOS E UTENSÍLIOS; -; BALANÇO DE BEBÊ COM 2 LUGARES ESTRUTURA EM TRONCO DE 3M POR 2,70 DE ALTURA; 31/08/2009; BENS INSERVÍVEIS; Baixado;R$ 350,00; Compra Normal
 CAMARA MUNICIPAL DE BALNEARIO GAIVOTA; MOVEIS; Cod.: 2 - ELETRONICOS;103; CAIXA AMPIFICADORA LL 200 MULTUSO; 11/08/2009; CAMARA MUNICIPAL DE VEREADORES; Em uso;R$ 49,61; Compra
 PREFEITURA MUNICIPAL DE BALNEÁRIO GAIVOTA; Móveis; INSTRUMENTOS E UTENSÍLIOS; -; BALANÇO 5 LUGARES C/ESTRUTURA TRONCO 6M X 2,70M ALTURA; 30/07/2009; BENS INSERVÍVEIS; Baixado;R$ 1.000,00; Compra Normal
 PREFEITURA MUNICIPAL DE BALNEÁRIO GAIVOTA; Móveis; UTENSÍLIO MÓVEL;1359; MACA; 30/07/2009; FUNDO MUNICIPAL DE SAUDE; Ativo;R$ 86,00; Compra Normal
 PREFEITURA MUNICIPAL DE BALNEÁRIO GAIVOTA; Móveis; INSTRUMENTOS E UTENSÍLIOS; -; BRINQUEDOS CONTENDO UMA CASA SUSPENSA, COBERTA C/TELHA DE AMIANTO, UMA PASSARELA, DOIS ESCORREGADORES.; 30/07/2009; BENS INSERVÍVEIS; Baixado;R$ 1.800,00; Compra Normal
 PREFEITURA MUNICIPAL DE BALNEÁRIO GAIVOTA; Móveis; INSTRUMENTOS E UTENSÍLIOS; -; BRINQUEDOS CONTENDO UMA CASA SUSPENSA, COBERTA C/TELHA DE AMIANTO, UMA PASSARELA, DOIS ESCORREGADORES.; 30/07/2009; BENS INSERVÍVEIS; Baixado;R$ 1.800,00; Compra Normal
 PREFEITURA MUNICIPAL DE BALNEÁRIO GAIVOTA; Móveis; INSTRUMENTOS E UTENSÍLIOS; -; BRINQUEDO CONTENDO UMA CASA SUSPENSA COBERTA C/PASSARELA DOIS ESCORREGADORES C/CAIXA DE AREIA, UMA ESCADA INCLINADA C/10 DEGRAUS; 30/07/2009; BENS INSERVÍVEIS; Baixado;R$ 1.800,00; Compra Normal
 PREFEITURA MUNICIPAL DE BALNEÁRIO GAIVOTA; Móveis; INSTRUMENTOS E UTENSÍLIOS; -; BRINQUEDO CONTENDO UMA CASA SUSPENSA COBERTA C/PASSARELA DOIS ESCORREGADORES C/CAIXA DE AREIA, UMA ESCADA INCLINADA C/10 DEGRAUS; 30/07/2009; BENS INSERVÍVEIS; Baixado;R$ 1.800,00; Compra Normal
 PREFEITURA MUNICIPAL DE BALNEÁRIO GAIVOTA; Móveis; INSTRUMENTOS E UTENSÍLIOS;7897; BANCO 3 LUGARES ESTOFADO CORINO PRETO; 30/07/2009; MANUTENÇÃO DA SECRETARIA DE ARRECADAÇÃO; Ativo;R$ 32,00; Compra Normal
 PREFEITURA MUNICIPAL DE BALNEÁRIO GAIVOTA; Móveis; INSTRUMENTOS E UTENSÍLIOS;3782; BANCO 3 LUGARES ESTOFADO CORINO PRETO; 30/07/2009; MANUTENÇÃO DA SECRETARIA DE EDUCAÇÃO; Ativo;R$ 32,00; Compra Normal
 PREFEITURA MUNICIPAL DE BALNEÁRIO GAIVOTA; Móveis; INSTRUMENTOS E UTENSÍLIOS;1083; BANCO DE ESPERA TRES PESSOAS; 30/07/2009; FUNDO MUNICIPAL DE SAUDE; Ativo;R$ 32,00; Compra Normal
 PREFEITURA MUNICIPAL DE BALNEÁRIO GAIVOTA; Móveis; INSTRUMENTOS E UTENSÍLIOS;1054; BANCO ESPERA TRES PESSOAS; 30/07/2009; FUNDO MUNICIPAL DE SAUDE; Baixado;R$ 209,60; Compra Normal
 PREFEITURA MUNICIPAL DE BALNEÁRIO GAIVOTA; Móveis; INSTRUMENTOS E UTENSÍLIOS; -; BANCO C/3M CP E 40CM ALT COM ESCORO PARA JARDIM; 30/07/2009; BENS INSERVÍVEIS; Baixado;R$ 320,00; Compra Normal
 PREFEITURA MUNICIPAL DE BALNEÁRIO GAIVOTA; Móveis; INSTRUMENTOS E UTENSÍLIOS; -; BANCO C/3M CP E 40CM ALT COM ESCORO PARA JARDIM; 30/07/2009; BENS INSERVÍVEIS; Baixado;R$ 320,00; Compra Normal
 PREFEITURA MUNICIPAL DE BALNEÁRIO GAIVOTA; Móveis; INSTRUMENTOS E UTENSÍLIOS; -; BANCO C/3M CP E 40CM ALT COM ESCORO PARA JARDIM; 30/07/2009; BENS INSERVÍVEIS; Baixado;R$ 320,00; Compra Normal
 PREFEITURA MUNICIPAL DE BALNEÁRIO GAIVOTA; Móveis; INSTRUMENTOS E UTENSÍLIOS; -; BANCO C/3M CP E 40CM ALT COM ESCORO PARA JARDIM; 30/07/2009; BENS INSERVÍVEIS; Baixado;R$ 320,00; Compra Normal
 PREFEITURA MUNICIPAL DE BALNEÁRIO GAIVOTA; Móveis; INSTRUMENTOS E UTENSÍLIOS; -; BANCO C/3M CP E 40CM ALT COM ESCORO PARA JARDIM; 30/07/2009; BENS INSERVÍVEIS; Baixado;R$ 320,00; Compra Normal
 PREFEITURA MUNICIPAL DE BALNEÁRIO GAIVOTA; Móveis; INSTRUMENTOS E UTENSÍLIOS; -; BANCO C/3M CP E 40CM ALT COM ESCORO PARA JARDIM; 30/07/2009; BENS INSERVÍVEIS; Baixado;R$ 320,00; Compra Normal
 PREFEITURA MUNICIPAL DE BALNEÁRIO GAIVOTA; Móveis; INSTRUMENTOS E UTENSÍLIOS; -; CAIXA DE AREIA DE 4X4M C/COBERTURA TELHA AMIANTO; 30/07/2009; BENS INSERVÍVEIS; Baixado;R$ 1.800,00; Compra Normal
 PREFEITURA MUNICIPAL DE BALNEÁRIO GAIVOTA; Móveis; INSTRUMENTOS E UTENSÍLIOS; -; CAIXA AREIA 3X3M C/COBERTURA DE TELHA AMIANTO; 30/07/2009; BENS INSERVÍVEIS; Baixado;R$ 1.600,00; Compra Normal
 PREFEITURA MUNICIPAL DE BALNEÁRIO GAIVOTA; Móveis; INSTRUMENTOS E UTENSÍLIOS; -; CAIXA AREIA 3X3M C/COBERTURA DE TELHA AMIANTO; 30/07/2009; BENS INSERVÍVEIS; Baixado;R$ 1.600,00; Compra Normal
 PREFEITURA MUNICIPAL DE BALNEÁRIO GAIVOTA; Móveis; INSTRUMENTOS E UTENSÍLIOS; -; BALANÇO 5 LUGARES C/ESTRUTURA TRONCO 6M X 2,70M ALTURA; 30/07/2009; BENS INSERVÍVEIS; Baixado;R$ 1.000,00; Compra Normal
 PREFEITURA MUNICIPAL DE BALNEÁRIO GAIVOTA; Móveis; INSTRUMENTOS E UTENSÍLIOS; -; BALANÇO 5 LUGARES C/ESTRUTURA TRONCO 6M X 2,70M ALTURA; 30/07/2009; BENS INSERVÍVEIS; Baixado;R$ 1.000,00; Compra Normal
 PREFEITURA MUNICIPAL DE BALNEÁRIO GAIVOTA; Móveis; INSTRUMENTOS E UTENSÍLIOS; -; BALANÇO 5 LUGARES C/ESTRUTURA TRONCO 6M X 2,70M ALTURA; 30/07/2009; BENS INSERVÍVEIS; Baixado;R$ 1.000,00; Compra Normal
 PREFEITURA MUNICIPAL DE BALNEÁRIO GAIVOTA; Móveis; INSTRUMENTOS E UTENSÍLIOS; -; BALANÇO 5 LUGARES C/ESTRUTURA TRONCO 6M X 2,70M ALTURA; 30/07/2009; BENS INSERVÍVEIS; Baixado;R$ 1.000,00; Compra Normal
 PREFEITURA MUNICIPAL DE BALNEÁRIO GAIVOTA; Móveis; INSTRUMENTOS E UTENSÍLIOS; -; BALANÇO 5 LUGARES C/ESTRUTURA TRONCO 6M X 2,70M ALTURA; 30/07/2009; BENS INSERVÍVEIS; Baixado;R$ 1.000,00; Compra Normal
 CÂMARA MUNICIPAL BALNEÁRIO GAIVOTA; MOVEIS; Cod.: 6 - PLACAS;102; FOTO PRESIDENCIA 2009/2010 EM RESINA TAMANHO 30 X 40; 30/07/2009; CAMARA MUNICIPAL DE VEREADORES; Em uso;R$ 29,00; Compra
 PREFEITURA MUNICIPAL DE BALNEÁRIO GAIVOTA; Móveis; MOBILIÁRIO EM GERAL; -; ARCA DE MADEIRA BIBLIOTECA ARTESÃO; 10/07/2009; BENS INSERVÍVEIS; Baixado;R$ 300,00; Compra Normal
 PREFEITURA MUNICIPAL DE BALNEÁRIO GAIVOTA; Móveis; MOBILIÁRIO EM GERAL; -; ARCA DE MADEIRA BIBLIOTECA ARTESÃO; 10/07/2009; BENS INSERVÍVEIS; Baixado;R$ 300,00; Compra Normal
 PREFEITURA MUNICIPAL DE BALNEÁRIO GAIVOTA; Móveis; MOBILIÁRIO EM GERAL; -; ARCA DE MADEIRA BIBLIOTECA ARTESÃO; 10/07/2009; BENS INSERVÍVEIS; Baixado;R$ 300,00; Compra Normal
 PREFEITURA MUNICIPAL DE BALNEÁRIO GAIVOTA; Móveis; MOBILIÁRIO EM GERAL; -; ARCA DE MADEIRA BIBLIOTECA ARTESÃO; 10/07/2009; BENS INSERVÍVEIS; Baixado;R$ 300,00; Compra Normal
 PREFEITURA MUNICIPAL DE BALNEÁRIO GAIVOTA; Móveis; MOBILIÁRIO EM GERAL; -; ARCA DE MADEIRA BIBLIOTECA ARTESÃO; 10/07/2009; BENS INSERVÍVEIS; Baixado;R$ 300,00; Compra Normal
 PREFEITURA MUNICIPAL DE BALNEÁRIO GAIVOTA; Móveis; MOBILIÁRIO EM GERAL; -; ARCA DE MADEIRA BIBLIOTECA ARTESÃO; 10/07/2009; BENS INSERVÍVEIS; Baixado;R$ 300,00; Compra Normal
 PREFEITURA MUNICIPAL DE BALNEÁRIO GAIVOTA; Móveis; MOBILIÁRIO EM GERAL; -; ARCA DE MADEIRA BIBLIOTECA ARTESÃO; 10/07/2009; BENS INSERVÍVEIS; Baixado;R$ 300,00; Compra Normal
 PREFEITURA MUNICIPAL DE BALNEÁRIO GAIVOTA; Móveis; MOBILIÁRIO EM GERAL;3597; ARCA DE MADEIRA BIBLIOTECA ARTESÃO; 10/07/2009; MANUTENÇÃO DA SECRETARIA DE EDUCAÇÃO; Ativo;R$ 30,00; Compra Normal
 PREFEITURA MUNICIPAL DE BALNEÁRIO GAIVOTA; Móveis; MICROCOMPUTADOR;1263; COMPUTADOR BITVEW HD 160 1GIB; 10/07/2009; FUNDO MUNICIPAL DE SAUDE; Ativo;R$ 119,90; Compra Normal
 PREFEITURA MUNICIPAL DE BALNEÁRIO GAIVOTA; Móveis; MICROCOMPUTADOR;1264; COMPUTADOR BITVEW HD 160 1GIB; 10/07/2009; FUNDO MUNICIPAL DE SAUDE; Ativo;R$ 119,90; Compra Normal
 PREFEITURA MUNICIPAL DE BALNEÁRIO GAIVOTA; Móveis; MONITORES; -; MONITOR LG LCD 15 POLEGADAS; 10/07/2009; BENS INSERVÍVEIS; Baixado;R$ 440,00; Compra Normal
 PREFEITURA MUNICIPAL DE BALNEÁRIO GAIVOTA; Móveis; MONITORES; -; MONITOR LG LCD 15 POLEGADAS; 10/07/2009; BENS INSERVÍVEIS; Baixado;R$ 440,00; Compra Normal
 PREFEITURA MUNICIPAL DE BALNEÁRIO GAIVOTA; Móveis; MOBILIÁRIO EM GERAL;224; ARMARIO 2 PORTAS CHAVE KAPESBERG; 01/07/2009; DIRETORIA DE MEIO AMBIENTE; Ativo;R$ 35,90; Compra Normal
 PREFEITURA MUNICIPAL DE BALNEÁRIO GAIVOTA; Móveis; MOBILIÁRIO EM GERAL;378; ARMARIO 2 PORTAS CHAVE KAPESBERG; 01/07/2009; MANUTENÇÃO DA SECRETARIA DE ADMINISTRAÇÃ; Ativo;R$ 35,90; Compra Normal
 PREFEITURA MUNICIPAL DE BALNEÁRIO GAIVOTA; Móveis; MOBILIÁRIO EM GERAL;63; ARQUIVO 4 GAVETAS C/CHAVE KAPESBERG; 01/07/2009; MANUTENÇÃO DA SECRETARIA DE ARRECADAÇÃO; Ativo;R$ 33,90; Compra Normal
 PREFEITURA MUNICIPAL DE BALNEÁRIO GAIVOTA; Móveis; MOBILIÁRIO EM GERAL;129; ARQUIVO 5 GAVETAS C/CHAVE KAPESBERG; 01/07/2009; MANUTENÇÃO DA SECRETARIA DE ADMINISTRAÇÃ; Ativo;R$ 33,90; Compra Normal
 PREFEITURA MUNICIPAL DE BALNEÁRIO GAIVOTA; Móveis; MOBILIÁRIO EM GERAL;185; ARQUIVO 5 GAVETAS C/CHAVE KAPESBERG; 01/07/2009; MANUTENÇÃO DA SECRETARIA DE ADMINISTRAÇÃ; Ativo;R$ 33,90; Compra Normal
 PREFEITURA MUNICIPAL DE BALNEÁRIO GAIVOTA; Móveis; MOBILIÁRIO EM GERAL;331; ARQUIVO 5 GAVETAS C/CHAVE KAPESBERG; 01/07/2009; MANUTENÇÃO DA SECRETARIA DE ADMINISTRAÇÃ; Ativo;R$ 33,90; Compra Normal
 PREFEITURA MUNICIPAL DE BALNEÁRIO GAIVOTA; Móveis; MOBILIÁRIO EM GERAL;332; ARQUIVO 5 GAVETAS C/CHAVE KAPESBERG; 01/07/2009; MANUTENÇÃO DA SECRETARIA DE ADMINISTRAÇÃ; Ativo;R$ 33,90; Compra Normal
 PREFEITURA MUNICIPAL DE BALNEÁRIO GAIVOTA; Móveis; MOBILIÁRIO EM GERAL;64; ARQUIVO 4 GAVETAS C/CHAVE KAPESBERG; 01/07/2009; MANUTENÇÃO DA SECRETARIA DE ARRECADAÇÃO; Ativo;R$ 33,90; Compra Normal
 PREFEITURA MUNICIPAL DE BALNEÁRIO GAIVOTA; Móveis; MOBILIÁRIO EM GERAL;65; ARQUIVO 4 GAVETAS C/CHAVE KAPESBERG; 01/07/2009; MANUTENÇÃO DA SECRETARIA DE ARRECADAÇÃO; Ativo;R$ 33,90; Compra Normal
 PREFEITURA MUNICIPAL DE BALNEÁRIO GAIVOTA; Móveis; MOBILIÁRIO EM GERAL;66; ARQUIVO 4 GAVETAS C/CHAVE KAPESBERG; 01/07/2009; MANUTENÇÃO DA SECRETARIA DE ARRECADAÇÃO; Ativo;R$ 33,90; Compra Normal
 PREFEITURA MUNICIPAL DE BALNEÁRIO GAIVOTA; Móveis; APARELHO DE COMUNICAÇÃO;497; MICROFONE S/FIO PROFISSIONAL; 01/07/2009; MANUTENÇÃO DA SECRETARIA DE EDUCAÇÃO; Ativo;R$ 34,90; Compra Normal
 PREFEITURA MUNICIPAL DE BALNEÁRIO GAIVOTA; Móveis; APARELHO DE COMUNICAÇÃO;494; AMPLIFICADOR LL 1600WTS; 01/07/2009; MANUTENÇÃO DA SECRETARIA DE EDUCAÇÃO; Ativo;R$ 64,80; Compra Normal
 PREFEITURA MUNICIPAL DE BALNEÁRIO GAIVOTA; Móveis; APARELHO DE COMUNICAÇÃO;495; CAIXA DE SOM NCA 1600WTS; 01/07/2009; MANUTENÇÃO DA SECRETARIA DE EDUCAÇÃO; Ativo;R$ 55,90; Compra Normal
 PREFEITURA MUNICIPAL DE BALNEÁRIO GAIVOTA; Móveis; APARELHO DE COMUNICAÇÃO;496; CAIXA DE SOM NCA 1600WTS; 01/07/2009; MANUTENÇÃO DA SECRETARIA DE EDUCAÇÃO; Ativo;R$ 55,90; Compra Normal
 PREFEITURA MUNICIPAL DE BALNEÁRIO GAIVOTA; Móveis; APARELHO DE COMUNICAÇÃO;498; MESA DE SOM VS 10/02; 01/07/2009; MANUTENÇÃO DA SECRETARIA DE EDUCAÇÃO; Ativo;R$ 44,80; Compra Normal
 PREFEITURA MUNICIPAL DE BALNEÁRIO GAIVOTA; Móveis; APARELHOS ELETRO-ELETRÔNICOS;617; TV CCE 20 POLEGADAS; 01/07/2009; BENS PARA LEILÃO; Baixado;R$ 292,67; Compra Normal
 PREFEITURA MUNICIPAL DE BALNEÁRIO GAIVOTA; Móveis; APARELHOS ELETRO-ELETRÔNICOS;1366; TV PANASONIC 20 POLEGADAS; 01/07/2009; BENS PARA LEILÃO; Baixado;R$ 292,67; Compra Normal
 PREFEITURA MUNICIPAL DE BALNEÁRIO GAIVOTA; Móveis; ELETRODOMÉSTICOS;2180; FORNO ELETRICO DE 44LTS FISCHER MODELO 17; 01/07/2009; MANUTENÇÃO DA SECRETARIA DE EDUCAÇÃO; Ativo;R$ 42,29; Compra Normal
 PREFEITURA MUNICIPAL DE BALNEÁRIO GAIVOTA; Móveis; MÁQUINAS, MOTORES;464; ROÇADEIRA STIHL FS 220 Nº 362627015; 30/06/2009; BENS INSERVÍVEIS; Baixado;R$ 2.100,00; Compra Normal
 PREFEITURA MUNICIPAL DE BALNEÁRIO GAIVOTA; Móveis; EQUIPAMENTOS DOMÉSTICOS;659; LAVAJATO 1700 WTS; 26/06/2009; BENS INSERVÍVEIS; Baixado;R$ 551,00; Compra Normal
 PREFEITURA MUNICIPAL DE BALNEÁRIO GAIVOTA; Móveis; ELETRODOMÉSTICOS; -; AR CONDICIONADO SPRING 7000; 26/06/2009; BENS INSERVÍVEIS; Baixado;R$ 1.509,00; Compra Normal
 PREFEITURA MUNICIPAL DE BALNEÁRIO GAIVOTA; Imóveis; TERRENOS; -; UM TERRENO URBANO, SITUADO NO JARDIM ULTRAMAR, CONSTITUIDO DO LOTE 02 DA QUADRA 151, COM 300M2.; 18/06/2009; MANUTENÇÃO DA SECRETARIA DE EDUCAÇÃO; Ativo;R$ 12.000,00; Compra Normal
 PREFEITURA MUNICIPAL DE BALNEÁRIO GAIVOTA; Móveis; MICROCOMPUTADOR;99; MICRO COMPUTADOR CELEROM; 05/06/2009; BENS INSERVÍVEIS; Baixado;R$ 1.389,00; Compra Normal
 PREFEITURA MUNICIPAL DE BALNEÁRIO GAIVOTA; Móveis; MONITORES; -; MONITOR LCD 17 POLEGADAS; 05/06/2009; BENS INSERVÍVEIS; Baixado;R$ 540,00; Compra Normal
 PREFEITURA MUNICIPAL DE BALNEÁRIO GAIVOTA; Móveis; Ar Condicionado;1289; AR CONDICIONADO ELECTROLUX 7500 BTU; 05/06/2009; FUNDO MUNICIPAL DE SAUDE; Ativo;R$ 79,90; Compra Normal
 PREFEITURA MUNICIPAL DE BALNEÁRIO GAIVOTA; Móveis; Ar Condicionado;1482; AR CONDICIONADO ELECTROLUX 7500 BTU; 05/06/2009; FUNDO MUNICIPAL DE SAUDE; Baixado;R$ 379,35; Compra Normal
 PREFEITURA MUNICIPAL DE BALNEÁRIO GAIVOTA; Móveis; ELETRODOMÉSTICOS;2622; REFRIGERADOR ELECTROLUX 350 LTS; 05/06/2009; MANUTENÇÃO DA SECRETARIA DE EDUCAÇÃO; Ativo;R$ 109,80; Compra Normal
 PREFEITURA MUNICIPAL DE BALNEÁRIO GAIVOTA; Móveis; ELETRODOMÉSTICOS;1377; REFRIGERADOR  350 LTS; 05/06/2009; SECRETÁRIO DA CULTURA; Ativo;R$ 109,80; Compra Normal
 PREFEITURA MUNICIPAL DE BALNEÁRIO GAIVOTA; Móveis; MOBILIÁRIO EM GERAL;1150; ARQUIVO KAPESBERG AZUL; 05/06/2009; FUNDO MUNICIPAL DE SAUDE; Ativo;R$ 33,28; Compra Normal
 PREFEITURA MUNICIPAL DE BALNEÁRIO GAIVOTA; Móveis; UTENSÍLIO MÓVEL;827; ARQUIVO W-3 METAL; 05/06/2009; DIRETORIA DE AGRICULTURA; Ativo;R$ 44,90; Compra Normal
 PREFEITURA MUNICIPAL DE BALNEÁRIO GAIVOTA; Móveis; MOBILIÁRIO EM GERAL;1253; ESTANTE DE METAL W3; 05/06/2009; FUNDO MUNICIPAL DE SAUDE; Ativo;R$ 35,90; Compra Normal
 PREFEITURA MUNICIPAL DE BALNEÁRIO GAIVOTA; Móveis; MOBILIÁRIO EM GERAL;1254; ESTANTE DE METAL W3; 05/06/2009; FUNDO MUNICIPAL DE SAUDE; Baixado;R$ 35,90; Compra Normal
 PREFEITURA MUNICIPAL DE BALNEÁRIO GAIVOTA; Móveis; MOBILIÁRIO EM GERAL;299; ESTANTE DE METAL W3; 05/06/2009; MANUTENÇÃO DA SECRETARIA DE ADMINISTRAÇÃ; Ativo;R$ 35,90; Compra Normal
 PREFEITURA MUNICIPAL DE BALNEÁRIO GAIVOTA; Móveis; MOBILIÁRIO EM GERAL;948; ARMARIO KAPESBERG ALTO C/CHAVE; 05/06/2009; FUNDO MUNICIPAL DE SAUDE; Ativo;R$ 35,90; Compra Normal
 PREFEITURA MUNICIPAL DE BALNEÁRIO GAIVOTA; Móveis; MOBILIÁRIO EM GERAL;756; ARMARIO KAPESBERG ALTO C/CHAVE; 05/06/2009; FUNDO MUNICIPAL DE SAUDE; Ativo;R$ 35,90; Compra Normal
 PREFEITURA MUNICIPAL DE BALNEÁRIO GAIVOTA; Móveis; UTENSÍLIO MÓVEL;6114; BANCO NEOPLAST 3 LUGARES; 05/06/2009; FUNDO MUNICIPAL DE SAUDE; Ativo;R$ 39,50; Compra Normal
 PREFEITURA MUNICIPAL DE BALNEÁRIO GAIVOTA; Móveis; UTENSÍLIO MÓVEL;6116; BANCO NEOPLAST 3 LUGARES; 05/06/2009; FUNDO MUNICIPAL DE SAUDE; Ativo;R$ 39,50; Compra Normal
 PREFEITURA MUNICIPAL DE BALNEÁRIO GAIVOTA; Móveis; UTENSÍLIO MÓVEL;6083; BANCO NEOPLAST 3 LUGARES; 05/06/2009; FUNDO MUNICIPAL DE SAUDE; Ativo;R$ 39,50; Compra Normal
 PREFEITURA MUNICIPAL DE BALNEÁRIO GAIVOTA; Móveis; MÁQUINAS, MOTORES;469; ROÇADEIRA STIHL FS 220 Nº SERIE 362606730; 03/06/2009; BENS INSERVÍVEIS; Baixado;R$ 1.960,00; Compra Normal
 PREFEITURA MUNICIPAL DE BALNEÁRIO GAIVOTA; Móveis; MÁQUINAS, MOTORES;468; ROÇADEIRA STIHL FS 220 Nº SERIE 362606706; 03/06/2009; BENS INSERVÍVEIS; Baixado;R$ 1.960,00; Compra Normal
 PREFEITURA MUNICIPAL DE BALNEÁRIO GAIVOTA; Móveis; EQUIPAMENTOS MÉDICOS;1206;" KIT ACESSORIOS WINCARDIO REV3; ELETROCARDIOGRAFO WINCARDIO REV3; CABO ELETRO SERIAL 12 CANAIS; LICENÇA USO SOFTWARE WINCARDIO."; 22/05/2009; FUNDO MUNICIPAL DE SAUDE; Ativo;R$ 449,00; Compra Normal
 PREFEITURA MUNICIPAL DE BALNEÁRIO GAIVOTA; Móveis; LIVROS; -; BIBLIOTECA PARA ENSINO FUNDAMENTAL DE 1º A 4ª SERIE; 15/05/2009; BENS INSERVÍVEIS; Baixado;R$ 2.596,00; Compra Normal
 PREFEITURA MUNICIPAL DE BALNEÁRIO GAIVOTA; Móveis; LIVROS; -; BIBLIOTECA PARA ENSINO FUNDAMENTAL DE 1º A 4ª SERIE; 15/05/2009; BENS INSERVÍVEIS; Baixado;R$ 2.596,00; Compra Normal
 PREFEITURA MUNICIPAL DE BALNEÁRIO GAIVOTA; Móveis; VEICULOS LEVES;3599;" Motocic:novo/mod:2009/2009; Modelo: Biz 125 esmotor: JC42E29037603; CV: 9,1; Marca: Honda CC:124,9; Renavam:00144925560; Cor: Verm. Met. Comb.: Gas.; Chassi: 9C2JC42209R037603; Base Calc.ICMS subst. trib.: R$ 5.691,83; Valor ICMS subst. trib.: R$ 683,01. PLACA MHE2414"; 12/05/2009; FUNDO MUNICIPAL DE SAUDE; Ativo;R$ 660,00; Compra Normal
 PREFEITURA MUNICIPAL DE BALNEÁRIO GAIVOTA; Móveis; VEICULOS PESADOS;763; Carreta 4 ton. marca TRITON nº série 10590; 11/05/2009; MANUTENÇÃO DA SECRETARIA DE OBRAS E SERV; Ativo;R$ 380,00; Compra Normal
 PREFEITURA MUNICIPAL DE BALNEÁRIO GAIVOTA; Móveis; VEICULOS LEVES;4432;" Veiculo novo Corsa Classic Life 1.0 4 portas Flexpower; Chassi: 9BGSA19109B276591; Cor extrena: branco mahler; Cor interna:ebony; 2009/2009; Renvan: 149540; Motor: S80014332; potência: 077/078cv; opcionais: R6R-conjunto de opções; número de compra: 71986; data entrega: 25/04/09"; 08/05/2009; MANUTENÇÃO DA SECRETARIA DE ADMINISTRAÇÃ; Baixado;R$ 6.100,00; Compra Normal
 PREFEITURA MUNICIPAL DE BALNEÁRIO GAIVOTA; Móveis; VEICULOS LEVES;1126; VEICULO NOVO, CORSA CLASSIC LIFE 1.0 4 PTAS FLEXPOWER PLACA:MFN-8985 CHASSI ,9BGSA1910AB109171 NUM. DE PORTAS 4 Nº LUGARES 5  COR EXTERNA BRANCO MAHLER COR INTERNA EBONY ANO MODELO 2010: ANO-FABRICAÇÃO 2009: RENAVAN 149540 NUMERO MOTOR S80026021 COMBUSTIVEL GASOLINA/ALCOOL POTENCIA 077/078 CV EQUIPADO COM OS SEGUINTES OPCIONAIS R6R-CONJUNTO DE OPÇÕES NUMERO NF COMPRA 90282 DT NF ENTRADA 27/5/2009 ICMS RETIDO NA FONTE NOS TERMOS DO CONVÊNIO ICMS 132/92 VENDA DE VEICULO SEM RESERVA DE DOMINIO.; 08/05/2009; MANUTENÇÃO DA SECRETARIA DE OBRAS E SERV; Baixado;R$ 2.100,00; Compra Normal
 PREFEITURA MUNICIPAL DE BALNEÁRIO GAIVOTA; Imóveis; TERRENOS; -; UM TERRENO URBANO, SITUADO NO BALNEÁRIO JARDIM ULTRAMAR, CONSTITUIDO DO LOTE 05 DA QUADRA 167, COM 300M2.; 27/04/2009; MANUTENÇÃO DA SECRETARIA DE ADMINISTRAÇÃ; Ativo;R$ 4.000,00; Compra Normal
 PREFEITURA MUNICIPAL DE BALNEÁRIO GAIVOTA; Imóveis; TERRENOS; -; UM TERRENO URBANO, SITUADO NO JARDIM ULTRAMAR ZONA NOVA, CONSTITUIDO DO LOTE 18 DA QUADRA 167, COM 300M2.; 06/04/2009; MANUTENÇÃO DA SECRETARIA DE ADMINISTRAÇÃ; Ativo;R$ 3.500,00; Compra Normal
 PREFEITURA MUNICIPAL DE BALNEÁRIO GAIVOTA; Móveis; Ar Condicionado;14; Ar condicionado eletrolux spring 7000btus; 26/03/2009; PROMOÇÃO DO ESPORTE AMADOR; Ativo;R$ 115,90; Compra Normal
 PREFEITURA MUNICIPAL DE BALNEÁRIO GAIVOTA; Móveis; MOBILIÁRIO EM GERAL;2183; Balcão parana 1,60 c/tampo; 26/03/2009; BENS INSERVÍVEIS; Ativo;R$ 46,90; Compra Normal
 PREFEITURA MUNICIPAL DE BALNEÁRIO GAIVOTA; Móveis; ELETRODOMÉSTICOS;2185; Fogão venancio 4 bocas; 26/03/2009; BENS INSERVÍVEIS; Baixado;R$ 339,90; Compra Normal
 PREFEITURA MUNICIPAL DE BALNEÁRIO GAIVOTA; Móveis; ELETRODOMÉSTICOS;1913; Refrigerador eletrolux RDE38; 26/03/2009; MANUTENÇÃO DA SECRETARIA DE EDUCAÇÃO; Ativo;R$ 100,00; Compra Normal
 PREFEITURA MUNICIPAL DE BALNEÁRIO GAIVOTA; Móveis; ELETRODOMÉSTICOS;1759; Refrigerador eletrolux RDE38; 26/03/2009; MANUTENÇÃO DA SECRETARIA DE EDUCAÇÃO; Ativo;R$ 100,00; Compra Normal
 PREFEITURA MUNICIPAL DE BALNEÁRIO GAIVOTA; Móveis; MÁQUINAS, MOTORES;433; Guincho 2 tonelada marcon; 11/03/2009; MANUTENÇÃO DA SECRETARIA DE OBRAS E SERV; Ativo;R$ 200,00; Compra Normal
 PREFEITURA MUNICIPAL DE BALNEÁRIO GAIVOTA; Móveis; MÁQUINAS, MOTORES;453; Lavajato LJ3100 Fixa 3hp chiaperini; 11/03/2009; BENS PARA LEILÃO; Baixado;R$ 200,00; Compra Normal
 PREFEITURA MUNICIPAL DE BALNEÁRIO GAIVOTA; Móveis; MÁQUINAS, MOTORES;434; Compressor 15+apv rch 200l trif 3hp 2p chiaperini; 11/03/2009; MANUTENÇÃO DA SECRETARIA DE OBRAS E SERV; Ativo;R$ 300,00; Compra Normal
 CÂMARA MUNICIPAL BALNEÁRIO GAIVOTA; MOVEIS; Cod.: 2 - ELETRONICOS;101; ASPIRADOR DE PO ELETROLUX GT 200 PROFICIONAL; 09/03/2009; ARQUIVO MORTO; Baixado;R$ 76,34; Compra
 PREFEITURA MUNICIPAL DE BALNEÁRIO GAIVOTA; Móveis; Ar Condicionado;6591; AR CONDICIONADO SPLIT ARTEL; 16/02/2009; MANUTENÇÃO DO GABINETE DO PREFEITO; Ativo;R$ 200,00; Compra Normal
 PREFEITURA MUNICIPAL DE BALNEÁRIO GAIVOTA; Móveis; IMPRESSORAS;27; Impressora HP Multi laser M 1522 N 110v; 16/02/2009; BENS PARA LEILÃO; Baixado;R$ 1.446,24; Compra Normal
 CÂMARA MUNICIPAL BALNEÁRIO GAIVOTA; MOVEIS; Cod.: 7 - MOVEIS;100; CONJUNTO DE BALCÃO ARMARIO MARFIM BANHEIRO; 05/02/2009; RECEPÇÃO; Baixado;R$ 78,97; Compra
 CÂMARA MUNICIPAL BALNEÁRIO GAIVOTA; MOVEIS; Cod.: 5 - DIVISORIAS;99; DIVISORIA PADRÃO DE EUCATEX; 24/01/2009; CAMARA MUNICIPAL DE VEREADORES; Em uso;R$ 45,00; Compra
 PREFEITURA MUNICIPAL DE BALNEÁRIO GAIVOTA; Móveis; DECORAÇÕES E ACESSÓRIOS; -; Placa em aço inox c/brasão colorido 40X50 p/inauguração do telecentro; 29/12/2008; BENS PARA LEILÃO; Baixado;R$ 87,50; Compra Normal
 PREFEITURA MUNICIPAL DE BALNEÁRIO GAIVOTA; Móveis; DECORAÇÕES E ACESSÓRIOS; -; Placas ind sec educação; 26/12/2008; BENS INSERVÍVEIS; Baixado;R$ 1.200,00; Compra Normal
 PREFEITURA MUNICIPAL DE BALNEÁRIO GAIVOTA; Móveis; EQUIPAMENTOS DOMÉSTICOS;1356; Fogão 4 bocas Dako c/forno; 24/12/2008; FUNDO MUNICIPAL DE SAUDE; Ativo;R$ 159,00; Compra Normal
 PREFEITURA MUNICIPAL DE BALNEÁRIO GAIVOTA; Móveis; IMPRESSORAS;1389; Impressora HP multifuncional c4280 imp/scaner/copiadora; 24/12/2008; BENS INSERVÍVEIS; Baixado;R$ 490,00; Compra Normal
 PREFEITURA MUNICIPAL DE BALNEÁRIO GAIVOTA; Móveis; MICROCOMPUTADOR;8095;" Microcomputador intel pentium E2180A Dual Core 2,00ghz com memoria 1,00GB DDR 2 markivision; HDISK 160GB sansung 7200rpm sata II; placa Mboard ASUS P5GC-MX DDR2; gravadora cd LG/Samsung; gabinete ATX P4-Kit Barebone-preto"; 24/12/2008; MANUTENÇÃO DA SECRETARIA DE EDUCAÇÃO; Ativo;R$ 126,00; Compra Normal
 PREFEITURA MUNICIPAL DE BALNEÁRIO GAIVOTA; Móveis; MICROCOMPUTADOR;2572;" Microcomputador intel pentium E2180A Dual Core 2,00ghz com memoria 1,00GB DDR 2 markivision; HDISK 160GB sansung 7200rpm sata II; placa Mboard ASUS P5GC-MX DDR2; gravadora cd LG/Samsung; gabinete ATX P4-Kit Barebone-preto"; 24/12/2008; MANUTENÇÃO DA SECRETARIA DE EDUCAÇÃO; Ativo;R$ 126,00; Compra Normal
 PREFEITURA MUNICIPAL DE BALNEÁRIO GAIVOTA; Móveis; MONITORES; -; Monitor LCD 15 Beng TS2WA; 24/12/2008; BENS INSERVÍVEIS; Baixado;R$ 425,00; Compra Normal
 PREFEITURA MUNICIPAL DE BALNEÁRIO GAIVOTA; Móveis; MONITORES; -; Monitor LCD 15 Beng TS2WA; 24/12/2008; BENS INSERVÍVEIS; Baixado;R$ 425,00; Compra Normal
 PREFEITURA MUNICIPAL DE BALNEÁRIO GAIVOTA; Móveis; IMPRESSORAS;2850; Impressora sansung laser ML-2851ND; 24/12/2008; BENS PARA LEILÃO; Baixado;R$ 386,45; Compra Normal
 PREFEITURA MUNICIPAL DE BALNEÁRIO GAIVOTA; Móveis; IMPRESSORAS;114; Impressora mult. sansung laser 4200; 24/12/2008; BENS INSERVÍVEIS; Baixado;R$ 590,00; Compra Normal
 CÂMARA MUNICIPAL BALNEÁRIO GAIVOTA; MOVEIS; Cod.: 6 - PLACAS;98; PLACA EM AÇO INOX  40 X 50 PASSO ADMINISTRATIVO LOCALIZADO FORA DO PLENÁRIO; 23/12/2008; CAMARA MUNICIPAL DE VEREADORES; Em uso;R$ 93,60; Compra
 PREFEITURA MUNICIPAL DE BALNEÁRIO GAIVOTA; Móveis; DECORAÇÕES E ACESSÓRIOS; -; Placa em aço inox 40X50 p/inauguração de quadras pliesportivas; 17/12/2008; BENS INSERVÍVEIS; Baixado;R$ 875,00; Compra Normal
 PREFEITURA MUNICIPAL DE BALNEÁRIO GAIVOTA; Móveis; DECORAÇÕES E ACESSÓRIOS; -; Placa em aço inox 40X50 p/inauguração de quadras pliesportivas; 17/12/2008; BENS INSERVÍVEIS; Baixado;R$ 875,00; Compra Normal
 PREFEITURA MUNICIPAL DE BALNEÁRIO GAIVOTA; Móveis; IMPRESSORAS;3833; IMPRESSORA 4200; 19/11/2008; BENS INSERVÍVEIS; Baixado;R$ 590,00; Compra Normal
 PREFEITURA MUNICIPAL DE BALNEÁRIO GAIVOTA; Móveis; MICROCOMPUTADOR;1393;" Microcomputador clerom dare 430 1,8 gb c/placa mboad gigabyte gA- 945g7m; hard disk; 60gb 7200; SATA, memória 1gb; DR2 kingston; gravadora DVD-RW; mouse PS2 optical; teclado PS2 ABNT II, cx som."; 10/11/2008; MANUTENÇÃO DA SECRETARIA DE EDUCAÇÃO; Ativo;R$ 129,00; Compra Normal
 PREFEITURA MUNICIPAL DE BALNEÁRIO GAIVOTA; Móveis; EQUIPAMENTOS MÉDICOS;1297; Central de nebulização MD 8 super marca filipin; 17/10/2008; FUNDO MUNICIPAL DE SAUDE; Ativo;R$ 430,00; Compra Normal
 PREFEITURA MUNICIPAL DE BALNEÁRIO GAIVOTA; Móveis; APARELHOS ELETRO-ELETRÔNICOS; -; Modulo gprs motorola; 09/10/2008; BENS INSERVÍVEIS; Baixado;R$ 600,00; Compra Normal
 PREFEITURA MUNICIPAL DE BALNEÁRIO GAIVOTA; Móveis; APARELHOS ELETRO-ELETRÔNICOS; -; Modulo gprs motorola; 09/10/2008; BENS INSERVÍVEIS; Baixado;R$ 600,00; Compra Normal
 PREFEITURA MUNICIPAL DE BALNEÁRIO GAIVOTA; Móveis; APARELHOS ELETRO-ELETRÔNICOS; -; Modulo gprs motorola; 09/10/2008; BENS INSERVÍVEIS; Baixado;R$ 600,00; Compra Normal
 PREFEITURA MUNICIPAL DE BALNEÁRIO GAIVOTA; Móveis; MOBILIÁRIO EM GERAL;925; Arquivo 4 gavetas metal epox; 15/09/2008; FUNDO MUNICIPAL DE SAUDE; Baixado;R$ 261,23; Compra Normal
 PREFEITURA MUNICIPAL DE BALNEÁRIO GAIVOTA; Móveis; MOBILIÁRIO EM GERAL;962; Arquivo 4 gavetas metal epox; 15/09/2008; FUNDO MUNICIPAL DE SAUDE; Baixado;R$ 261,23; Compra Normal
 PREFEITURA MUNICIPAL DE BALNEÁRIO GAIVOTA; Móveis; MOBILIÁRIO EM GERAL;963; Arquivo 4 gavetas metal epox; 15/09/2008; FUNDO MUNICIPAL DE SAUDE; Baixado;R$ 39,90; Compra Normal
 PREFEITURA MUNICIPAL DE BALNEÁRIO GAIVOTA; Móveis; MOBILIÁRIO EM GERAL;1237; Arquivo 4 gavetas metal epx.; 15/09/2008; FUNDO MUNICIPAL DE SAUDE; Ativo;R$ 39,90; Compra Normal
 PREFEITURA MUNICIPAL DE BALNEÁRIO GAIVOTA; Móveis; MOBILIÁRIO EM GERAL;183; Armario alto 2 pts c/chave; 15/09/2008; MANUTENÇÃO DA SECRETARIA DE ADMINISTRAÇÃ; Ativo;R$ 39,80; Compra Normal
 PREFEITURA MUNICIPAL DE BALNEÁRIO GAIVOTA; Móveis; MOBILIÁRIO EM GERAL;90; Armario alto 2 pts c/chave; 15/09/2008; MANUTENÇÃO DA SECRETARIA DE ARRECADAÇÃO; Ativo;R$ 39,80; Compra Normal
 PREFEITURA MUNICIPAL DE BALNEÁRIO GAIVOTA; Móveis; MOBILIÁRIO EM GERAL;380; Arquivo 4 gav. metal pint epox; 15/09/2008; MANUTENÇÃO DA SECRETARIA DE ADMINISTRAÇÃ; Ativo;R$ 39,90; Compra Normal
 PREFEITURA MUNICIPAL DE BALNEÁRIO GAIVOTA; Móveis; EQUIPAMENTOS MÉDICOS;1045; Central de nebulização MD 4 super; 05/09/2008; FUNDO MUNICIPAL DE SAUDE; Ativo;R$ 360,00; Compra Normal
 PREFEITURA MUNICIPAL DE BALNEÁRIO GAIVOTA; Móveis; EQUIPAMENTOS DOMÉSTICOS; -; Porta de segurança de ferro s/8 galvanizada de 2,00X2,08; 02/09/2008; BENS INSERVÍVEIS; Baixado;R$ 930,00; Compra Normal
 PREFEITURA MUNICIPAL DE BALNEÁRIO GAIVOTA; Móveis; EQUIPAMENTOS DOMÉSTICOS; -; Porta de segurança de ferro 5/8 galvanizada de 2,00X2,08; 02/09/2008; BENS INSERVÍVEIS; Baixado;R$ 930,00; Compra Normal
 PREFEITURA MUNICIPAL DE BALNEÁRIO GAIVOTA; Móveis; EQUIPAMENTOS DOMÉSTICOS; -; Porta de segurança de ferro 5/8 galvanizada de 2,00X2,08; 02/09/2008; BENS INSERVÍVEIS; Baixado;R$ 930,00; Compra Normal
 PREFEITURA MUNICIPAL DE BALNEÁRIO GAIVOTA; Móveis; EQUIPAMENTOS DOMÉSTICOS; -; Porta de segurança de ferro 5/8 galvanizada de 2,00X2,08; 02/09/2008; BENS INSERVÍVEIS; Baixado;R$ 930,00; Compra Normal
 PREFEITURA MUNICIPAL DE BALNEÁRIO GAIVOTA; Móveis; APARELHOS ELETRO-ELETRÔNICOS; -; Bracket 19 fechado 32v p 660; 07/08/2008; BENS INSERVÍVEIS; Baixado;R$ 1.290,00; Compra Normal
 PREFEITURA MUNICIPAL DE BALNEÁRIO GAIVOTA; Móveis; IMPRESSORAS; -; Impressora laser 4200; 15/07/2008; BENS INSERVÍVEIS; Baixado;R$ 495,00; Compra Normal
 PREFEITURA MUNICIPAL DE BALNEÁRIO GAIVOTA; Móveis; IMPRESSORAS; -; Impressora laser 4200; 15/07/2008; BENS INSERVÍVEIS; Baixado;R$ 495,00; Compra Normal
 PREFEITURA MUNICIPAL DE BALNEÁRIO GAIVOTA; Móveis; MOBILIÁRIO EM GERAL; -; Placa em aço inox c/brasão colorido 50X60 para identificação do centro administrativo; 08/07/2008; BENS INSERVÍVEIS; Baixado;R$ 1.280,00; Compra Normal
 PREFEITURA MUNICIPAL DE BALNEÁRIO GAIVOTA; Móveis; MOBILIÁRIO EM GERAL;1029; Armario 2 pts c/chave azul; 03/07/2008; FUNDO MUNICIPAL DE SAUDE; Ativo;R$ 39,80; Compra Normal
 PREFEITURA MUNICIPAL DE BALNEÁRIO GAIVOTA; Móveis; MOBILIÁRIO EM GERAL;1335; Armario 2 pts c/chave azul; 03/07/2008; FUNDO MUNICIPAL DE SAUDE; Ativo;R$ 39,80; Compra Normal
 PREFEITURA MUNICIPAL DE BALNEÁRIO GAIVOTA; Móveis; MOBILIÁRIO EM GERAL;1215; Armario 2 pts c/chave azul; 03/07/2008; FUNDO MUNICIPAL DE SAUDE; Ativo;R$ 39,80; Compra Normal
 PREFEITURA MUNICIPAL DE BALNEÁRIO GAIVOTA; Móveis; MOBILIÁRIO EM GERAL;1070; Arquivo 4 gavetas MDP azul; 03/07/2008; BENS INSERVÍVEIS; Ativo;R$ 39,80; Compra Normal
 PREFEITURA MUNICIPAL DE BALNEÁRIO GAIVOTA; Móveis; MOBILIÁRIO EM GERAL;4759; Arquivo 4 gavetas MDP azul; 03/07/2008; FUNDO MUNICIPAL DE SAUDE; Ativo;R$ 39,80; Compra Normal
 PREFEITURA MUNICIPAL DE BALNEÁRIO GAIVOTA; Móveis; MOBILIÁRIO EM GERAL;4645; Arquivo 4 gavetas MDP azul; 03/07/2008; MANUTENÇÃO DO GABINETE DO PREFEITO; Ativo;R$ 39,80; Compra Normal
 PREFEITURA MUNICIPAL DE BALNEÁRIO GAIVOTA; Móveis; MOBILIÁRIO EM GERAL;262; Cadeira giratoria executiva couro; 03/07/2008; BENS INSERVÍVEIS; Baixado;R$ 329,00; Compra Normal
 PREFEITURA MUNICIPAL DE BALNEÁRIO GAIVOTA; Móveis; MOBILIÁRIO EM GERAL;391; Armario 2pts c/chave azul; 03/07/2008; DIRETORIA DE MEIO AMBIENTE; Ativo;R$ 39,80; Compra Normal
 PREFEITURA MUNICIPAL DE BALNEÁRIO GAIVOTA; Móveis; MOBILIÁRIO EM GERAL;143; Armario 2pts c/chave azul; 03/07/2008; MANUTENÇÃO DO GABINETE DO PREFEITO; Ativo;R$ 39,80; Compra Normal
 PREFEITURA MUNICIPAL DE BALNEÁRIO GAIVOTA; Móveis; MOBILIÁRIO EM GERAL;130; Armario 2pts c/chave azul; 03/07/2008; MANUTENÇÃO DA SECRETARIA DE ADMINISTRAÇÃ; Ativo;R$ 39,80; Compra Normal
 PREFEITURA MUNICIPAL DE BALNEÁRIO GAIVOTA; Móveis; MOBILIÁRIO EM GERAL;87; Arquivo 4 gavetas mdp azul; 03/07/2008; MANUTENÇÃO DA SECRETARIA DE ARRECADAÇÃO; Ativo;R$ 39,80; Compra Normal
 PREFEITURA MUNICIPAL DE BALNEÁRIO GAIVOTA; Móveis; MOBILIÁRIO EM GERAL;88; Arquivo 4 gavetas mdp azul; 03/07/2008; MANUTENÇÃO DA SECRETARIA DE ARRECADAÇÃO; Ativo;R$ 39,80; Compra Normal
 PREFEITURA MUNICIPAL DE BALNEÁRIO GAIVOTA; Móveis; MOBILIÁRIO EM GERAL;89; Arquivo 4 gavetas mdp azul; 03/07/2008; MANUTENÇÃO DA SECRETARIA DE ARRECADAÇÃO; Ativo;R$ 39,80; Compra Normal
 PREFEITURA MUNICIPAL DE BALNEÁRIO GAIVOTA; Móveis; MOBILIÁRIO EM GERAL;310; Arquivo 4 gavetas mdp azul; 03/07/2008; MANUTENÇÃO DA SECRETARIA DE ADMINISTRAÇÃ; Ativo;R$ 39,80; Compra Normal
 PREFEITURA MUNICIPAL DE BALNEÁRIO GAIVOTA; Móveis; APARELHOS ELETRO-ELETRÔNICOS;1612; Micro sistem portatil good line; 03/07/2008; BENS PARA LEILÃO; Baixado;R$ 30,90; Compra Normal
 PREFEITURA MUNICIPAL DE BALNEÁRIO GAIVOTA; Móveis; APARELHOS ELETRO-ELETRÔNICOS;1504; Forno eletrico ITC premier; 03/07/2008; BENS PARA LEILÃO; Baixado;R$ 221,93; Compra Normal
 PREFEITURA MUNICIPAL DE BALNEÁRIO GAIVOTA; Móveis; MOBILIÁRIO EM GERAL; -; Colchonete revestido 2,50X1,70; 24/06/2008; BENS PARA LEILÃO; Baixado;R$ 37,90; Compra Normal
 PREFEITURA MUNICIPAL DE BALNEÁRIO GAIVOTA; Móveis; MOBILIÁRIO EM GERAL; -; Colchonete revestido 2,50X1,70; 24/06/2008; BENS PARA LEILÃO; Baixado;R$ 37,90; Compra Normal
 PREFEITURA MUNICIPAL DE BALNEÁRIO GAIVOTA; Móveis; MOBILIÁRIO EM GERAL; -; Colchonete revestido 2,50X1,70; 24/06/2008; BENS PARA LEILÃO; Baixado;R$ 37,90; Compra Normal
 PREFEITURA MUNICIPAL DE BALNEÁRIO GAIVOTA; Móveis; MOBILIÁRIO EM GERAL; -; Colchonete revestido 2,50X2,00; 24/06/2008; BENS INSERVÍVEIS; Baixado;R$ 398,00; Compra Normal
 PREFEITURA MUNICIPAL DE BALNEÁRIO GAIVOTA; Móveis; MOBILIÁRIO EM GERAL; -; Colchonete revestido 2,50X2,00; 24/06/2008; BENS PARA LEILÃO; Baixado;R$ 39,80; Compra Normal
 CÂMARA MUNICIPAL BALNEÁRIO GAIVOTA; MOVEIS; Cod.: 3 - INFORMATICA;97; IMPRESSORA HP 1460; 17/06/2008; ARQUIVO MORTO; Baixado;R$ 175,00; Compra
 CAMARA MUNICIPAL DE BALNEARIO GAIVOTA; MOVEIS; Cod.: 2 - ELETRONICOS;96; MODEM ADSL DLINK 5600E; 17/06/2008; CAMARA MUNICIPAL DE VEREADORES; Baixado;R$ 13,00; Compra
 PREFEITURA MUNICIPAL DE BALNEÁRIO GAIVOTA; Móveis; IMPLEMENTOS AGRÍCOLAS;1221; Carreta agricola marca triton modelo TR-688 com 1 eixo, basculante c/freios e pneus; 16/06/2008; DIRETORIA DE AGRICULTURA; Ativo;R$ 434,00; Compra Normal
 PREFEITURA MUNICIPAL DE BALNEÁRIO GAIVOTA; Móveis; IMPLEMENTOS AGRÍCOLAS;805; Arado de aiveca com tres aivecas, marca metarlugica spillerelin/mod mesl/arado 3 aivecas tm5 chassi 50001 serie 50001 ano fabr 2008 classificação fiscal 0084321000; 16/06/2008; DIRETORIA DE AGRICULTURA; Ativo;R$ 608,00; Compra Normal
 PREFEITURA MUNICIPAL DE BALNEÁRIO GAIVOTA; Móveis; IMPLEMENTOS AGRÍCOLAS;806;" Trator agricola de rodas tl85 OKM, equipado com motor diesel com no minimo 88 cv de potencia, turbinado de serie de fabrica tracionado(4x), caixa de câmbio com 12 marchas a frente e 12 a re totalmente sincronizadas, tomada de força com engate independente de uso de embreages, freios em banho de oleo, tração dianteira com engate eletro hidraulico c/capacidade min. de levante 3.340kg, s/uso de cilindro aux. arco de segurança completo, c/capota sistema de sinalização com pisca alerta, farois alto e baixo, sinal de seta indicativa, tanque de combustivel c/capacidade para no minimo 110litros; classificação fiscal 0087019000 marca NEW HOLLAND LIN/MOD 0109/TL85 chassi Z7CB24773 serie L8ECR402139 ano fabr 2008"; 16/06/2008; MANUTENÇÃO DA SECRETARIA DE OBRAS E SERV; Ativo;R$ 9.780,00; Compra Normal
 PREFEITURA MUNICIPAL DE BALNEÁRIO GAIVOTA; Móveis; IMPLEMENTOS AGRÍCOLAS;4780; Roçadeira central e lateral com 1,60 de corte, com rendimento minimo 0,8A 1,4 HA/H com giro livre, transmissão direta, embreagem cardan com proteção, marca mec-rull LIN/MOD MEC /RDMR160 chassi 0802-11761 serie 0802-11761 ano fab. 2008 classificação fiscal 0084328000; 16/06/2008; DIRETORIA DE AGRICULTURA; Baixado;R$ 540,00; Compra Normal
 PREFEITURA MUNICIPAL DE BALNEÁRIO GAIVOTA; Móveis; MICROCOMPUTADOR;198;" Microcomputador intel pentium E6600 lore 2 DVD ( SERVIDOR ), configuração placa mbcard intel Dg33buc 1066mhz s/vir; 2 memórias 2GB DDR2 kingston; 2 hard disk 250GB sansung 7200 SATA; fonte ATX chaveada P4; teclado PS2 ABNT2; multimidia; mouse PS2 optcial, gravadora DVD; gabinete CMSTACKER erver - STC"; 30/05/2008; BENS PARA LEILÃO; Baixado;R$ 3.052,30; Compra Normal
 PREFEITURA MUNICIPAL DE BALNEÁRIO GAIVOTA; Móveis; ESTABILIZADOR/NOBREAK;199; Nobreak SMS 1400VA net 3t ( SALA SERVIDOR ); 30/05/2008; MANUTENÇÃO DA SECRETARIA DE ADMINISTRAÇÃ; Ativo;R$ 59,00; Compra Normal
 PREFEITURA MUNICIPAL DE BALNEÁRIO GAIVOTA; Móveis; DECORAÇÕES E ACESSÓRIOS; -; Placa em aço inox 40X50 p/escola darcy ribeiro; 07/05/2008; BENS INSERVÍVEIS; Baixado;R$ 836,00; Compra Normal
 PREFEITURA MUNICIPAL DE BALNEÁRIO GAIVOTA; Móveis; DECORAÇÕES E ACESSÓRIOS;164; Placa aço inox 40X50 p/escola pingo de gente; 07/05/2008; MANUTENÇÃO DA SECRETARIA DE EDUCAÇÃO; Ativo;R$ 83,60; Compra Normal
 PREFEITURA MUNICIPAL DE BALNEÁRIO GAIVOTA; Móveis; DECORAÇÕES E ACESSÓRIOS; -; Placa em aço inox 40X50 p/escola rua nova; 07/05/2008; BENS INSERVÍVEIS; Baixado;R$ 836,00; Compra Normal
 PREFEITURA MUNICIPAL DE BALNEÁRIO GAIVOTA; Móveis; MOBILIÁRIO EM GERAL;4752; Armario 2,20X2 suporte de papeis colmeia  colchão; 30/04/2008; MANUTENÇÃO DA SECRETARIA DE EDUCAÇÃO; Ativo;R$ 228,00; Compra Normal
 PREFEITURA MUNICIPAL DE BALNEÁRIO GAIVOTA; Móveis; MOBILIÁRIO EM GERAL; -; Armário 1,93X2,97X0,50 port.p/mant.; 30/04/2008; BENS PARA LEILÃO; Baixado;R$ 1.417,42; Compra Normal
 PREFEITURA MUNICIPAL DE BALNEÁRIO GAIVOTA; Móveis; MOBILIÁRIO EM GERAL;628; Balcão c/tampo CEREJEIRA; 30/04/2008; MANUTENÇÃO DO CONSELHO TUTELAR; Ativo;R$ 90,50; Compra Normal
 PREFEITURA MUNICIPAL DE BALNEÁRIO GAIVOTA; Móveis; MOBILIÁRIO EM GERAL;2156; ARMARIO MOCHILEIRO 1,20 6 PORTAS BCO FORMICA; 30/04/2008; MANUTENÇÃO DA SECRETARIA DE EDUCAÇÃO; Ativo;R$ 82,00; Compra Normal
 PREFEITURA MUNICIPAL DE BALNEÁRIO GAIVOTA; Móveis; MOBILIÁRIO EM GERAL;1630; BALCÃO COLMEIA 1,75X0,90; 30/04/2008; MANUTENÇÃO DA SECRETARIA DE EDUCAÇÃO; Ativo;R$ 64,80; Compra Normal
 PREFEITURA MUNICIPAL DE BALNEÁRIO GAIVOTA; Móveis; MOBILIÁRIO EM GERAL;1667; Tanque c/trocado de inox 1X0,60 c/cuba 0,70X0,45X0,75; 30/04/2008; MANUTENÇÃO DA SECRETARIA DE EDUCAÇÃO; Ativo;R$ 111,00; Compra Normal
 PREFEITURA MUNICIPAL DE BALNEÁRIO GAIVOTA; Móveis; MOBILIÁRIO EM GERAL;626; Aéreo estilo colmeia 1,75X0,70; 30/04/2008; BENS INSERVÍVEIS; Baixado;R$ 239,40; Compra Normal
 PREFEITURA MUNICIPAL DE BALNEÁRIO GAIVOTA; Móveis; MOBILIÁRIO EM GERAL;1671; Balcão 2,48X0,80X0,50 c/trocado; 30/04/2008; MANUTENÇÃO DA SECRETARIA DE EDUCAÇÃO; Ativo;R$ 87,00; Compra Normal
 PREFEITURA MUNICIPAL DE BALNEÁRIO GAIVOTA; Móveis; MOBILIÁRIO EM GERAL;1672; Tampo granito c/aba de louça 1,40X0,54; 30/04/2008; MANUTENÇÃO DA SECRETARIA DE EDUCAÇÃO; Ativo;R$ 46,60; Compra Normal
 PREFEITURA MUNICIPAL DE BALNEÁRIO GAIVOTA; Móveis; MOBILIÁRIO EM GERAL;1498; Balcão lid. 1,20X0,90 c/trocado; 30/04/2008; MANUTENÇÃO DA SECRETARIA DE EDUCAÇÃO; Ativo;R$ 47,30; Compra Normal
 PREFEITURA MUNICIPAL DE BALNEÁRIO GAIVOTA; Móveis; MOBILIÁRIO EM GERAL; -; Balcão 4,48X1,05 colmeia e armario p/6 colchão; 30/04/2008; BENS INSERVÍVEIS; Baixado;R$ 1.881,00; Compra Normal
 PREFEITURA MUNICIPAL DE BALNEÁRIO GAIVOTA; Móveis; MOBILIÁRIO EM GERAL;1628; Armario 2,20X2 suporte de papeis colmeia  colchão; 30/04/2008; MANUTENÇÃO DA SECRETARIA DE EDUCAÇÃO; Ativo;R$ 228,00; Compra Normal
 PREFEITURA MUNICIPAL DE BALNEÁRIO GAIVOTA; Móveis; MOBILIÁRIO EM GERAL;1543; Armario medindo 2X1; 30/04/2008; MANUTENÇÃO DA SECRETARIA DE EDUCAÇÃO; Ativo;R$ 82,00; Compra Normal
 PREFEITURA MUNICIPAL DE BALNEÁRIO GAIVOTA; Móveis; MOBILIÁRIO EM GERAL;1608; Armario p/papeis 2,88X2,20; 30/04/2008; MANUTENÇÃO DA SECRETARIA DE EDUCAÇÃO; Ativo;R$ 323,40; Compra Normal
 PREFEITURA MUNICIPAL DE BALNEÁRIO GAIVOTA; Móveis; MOBILIÁRIO EM GERAL;1600; Armario p/guardar  colmeia sup. 3,53X2,20; 30/04/2008; MANUTENÇÃO DA SECRETARIA DE EDUCAÇÃO; Ativo;R$ 310,64; Compra Normal
 PREFEITURA MUNICIPAL DE BALNEÁRIO GAIVOTA; Móveis; MOBILIÁRIO EM GERAL; -; Balcão p/pia 1,40X0,90; 30/04/2008; BENS INSERVÍVEIS; Baixado;R$ 529,00; Compra Normal
 PREFEITURA MUNICIPAL DE BALNEÁRIO GAIVOTA; Móveis; MOBILIÁRIO EM GERAL;1352; Pia inox 1,20X0,54; 30/04/2008; FUNDO MUNICIPAL DE SAUDE; Ativo;R$ 44,90; Compra Normal
 PREFEITURA MUNICIPAL DE BALNEÁRIO GAIVOTA; Móveis; MOBILIÁRIO EM GERAL;629; Balcão 1,40X0,80X0,40; 30/04/2008; BENS INSERVÍVEIS; Baixado;R$ 468,00; Compra Normal
 CÂMARA MUNICIPAL BALNEÁRIO GAIVOTA; MOVEIS; Cod.: 6 - PLACAS;86; FOTOS COLORIDAS RESINADAS DOS EX  PRESIDENTES DESTA CASA INDIVIDUAL; 16/04/2008; CAMARA MUNICIPAL DE VEREADORES; Em uso;R$ 23,30; Compra
 CÂMARA MUNICIPAL BALNEÁRIO GAIVOTA; MOVEIS; Cod.: 6 - PLACAS;88; FOTOS COLORIDAS RESINADAS DOS EX  PRESIDENTES DESTA CASA INDIVIDUAL; 16/04/2008; CAMARA MUNICIPAL DE VEREADORES; Em uso;R$ 23,30; Compra
 CÂMARA MUNICIPAL BALNEÁRIO GAIVOTA; MOVEIS; Cod.: 6 - PLACAS;85; FOTOS COLORIDAS RESINADAS DOS EX  PRESIDENTES DESTA CASA INDIVIDUAL; 16/04/2008; CAMARA MUNICIPAL DE VEREADORES; Em uso;R$ 23,30; Compra
 CÂMARA MUNICIPAL BALNEÁRIO GAIVOTA; MOVEIS; Cod.: 6 - PLACAS;89; FOTOS COLORIDAS RESINADAS DOS EX  PRESIDENTES DESTA CASA INDIVIDUAL; 16/04/2008; CAMARA MUNICIPAL DE VEREADORES; Em uso;R$ 23,30; Compra
 CÂMARA MUNICIPAL BALNEÁRIO GAIVOTA; MOVEIS; Cod.: 6 - PLACAS;84; FOTOS COLORIDAS RESINADAS DOS EX  PRESIDENTES DESTA CASA INDIVIDUAL; 16/04/2008; CAMARA MUNICIPAL DE VEREADORES; Em uso;R$ 23,30; Compra
 CÂMARA MUNICIPAL BALNEÁRIO GAIVOTA; MOVEIS; Cod.: 6 - PLACAS;87; FOTOS COLORIDAS RESINADAS DOS EX  PRESIDENTES DESTA CASA INDIVIDUAL; 16/04/2008; CAMARA MUNICIPAL DE VEREADORES; Em uso;R$ 23,30; Compra
 CÂMARA MUNICIPAL BALNEÁRIO GAIVOTA; MOVEIS; Cod.: 6 - PLACAS;90; FOTOS COLORIDAS RESINADAS DOS EX  PRESIDENTES DESTA CASA INDIVIDUAL; 16/04/2008; CAMARA MUNICIPAL DE VEREADORES; Em uso;R$ 23,30; Compra
 CÂMARA MUNICIPAL BALNEÁRIO GAIVOTA; MOVEIS; Cod.: 6 - PLACAS;94; CABEÇALHO GALERIA DOS EX PRESIDENTES; 16/04/2008; CAMARA MUNICIPAL DE VEREADORES; Em uso;R$ 70,00; Compra
 CAMARA MUNICIPAL DE BALNEARIO GAIVOTA; MOVEIS; Cod.: 6 - PLACAS;92; PLACA DA GESTÃO PREFETO E VEREADPORES 1 LEGISLATURA 2 LEGISLATURA 3 LEGISLATURA; 16/04/2008; CAMARA MUNICIPAL DE VEREADORES; Em uso;R$ 45,40; Compra
 CAMARA MUNICIPAL DE BALNEARIO GAIVOTA; MOVEIS; Cod.: 6 - PLACAS;91; PLACA DA GESTÃO PREFETO E VEREADPORES 1 LEGISLATURA 2 LEGISLATURA 3 LEGISLATURA; 16/04/2008; CAMARA MUNICIPAL DE VEREADORES; Em uso;R$ 20,00; Compra
 CAMARA MUNICIPAL DE BALNEARIO GAIVOTA; MOVEIS; Cod.: 6 - PLACAS;95; CABEÇALHO GALERIA DAS LEGISLATURA; 16/04/2008; CAMARA MUNICIPAL DE VEREADORES; Em uso;R$ 70,00; Compra
 CAMARA MUNICIPAL DE BALNEARIO GAIVOTA; MOVEIS; Cod.: 6 - PLACAS;93; PLACA DA GESTÃO PREFETO E VEREADPORES 1 LEGISLATURA 2 LEGISLATURA 3 LEGISLATURA; 16/04/2008; CAMARA MUNICIPAL DE VEREADORES; Em uso;R$ 90,00; Compra
 PREFEITURA MUNICIPAL DE BALNEÁRIO GAIVOTA; Móveis; MICROCOMPUTADOR;52;" MICROCOMPUTADOR INTEL DUAL CORE E2160 C/PLACA D945GNCL; 1 GB DE MEMÓRIA RAM; HD 160GB; PLACA VIDEO 256MB; GABINETE; TECLADO; MOUSE"; 09/04/2008; BENS PARA LEILÃO; Baixado;R$ 176,50; Compra Normal
 PREFEITURA MUNICIPAL DE BALNEÁRIO GAIVOTA; Móveis; IMPRESSORAS;86; IMPRESSORA LASER SANSUNG ML 1610; 09/04/2008; BENS INSERVÍVEIS; Baixado;R$ 550,00; Compra Normal
 PREFEITURA MUNICIPAL DE BALNEÁRIO GAIVOTA; Móveis; IMPRESSORAS;535; IMPRESSORA LASER SANSUNG 4200; 09/04/2008; BENS PARA LEILÃO; Baixado;R$ 79,00; Compra Normal
 PREFEITURA MUNICIPAL DE BALNEÁRIO GAIVOTA; Móveis; IMPRESSORAS;474; IMPRESSORA LASER SANSUNG ML 2010; 09/04/2008; MANUTENÇÃO DA SECRETARIA DE ARRECADAÇÃO; Ativo;R$ 69,00; Compra Normal
 PREFEITURA MUNICIPAL DE BALNEÁRIO GAIVOTA; Móveis; MICROCOMPUTADOR;158;" MICROCOMPUTADOR INTEL P4 C306; PLACA INTEL D945MPE 1GB; HDISK 80GB; PLACA VIDEO 256; GABINETE; TECLADO; MOUSE E MONITOR AOC 18,5''"; 09/04/2008; BENS INSERVÍVEIS; Baixado;R$ 2.130,00; Compra Normal
 PREFEITURA MUNICIPAL DE BALNEÁRIO GAIVOTA; Móveis; MICROCOMPUTADOR;837;" MICROCOMPUTADOR INTEL CORE 2 DVD E 4500 PLACA D945GCNL; 1GB MEMÓRIA RAM; HD 250GB; PLACA VIDEO 256; GABINETE; TECLADO E MOUSE"; 09/04/2008; FUNDO MUNICIPAL DE SAUDE; Baixado;R$ 197,50; Compra Normal
 PREFEITURA MUNICIPAL DE BALNEÁRIO GAIVOTA; Móveis; IMPRESSORAS; -; Impressora laser sansung 4200; 28/03/2008; BENS INSERVÍVEIS; Baixado;R$ 790,00; Compra Normal
 PREFEITURA MUNICIPAL DE BALNEÁRIO GAIVOTA; Móveis; CÂMARA FOTOGRÁFICA; -;" Câmera digital sansung S600 c/ carregador de pilhas; memória SD 1GB"; 27/03/2008; BENS INSERVÍVEIS; Baixado;R$ 750,00; Compra Normal
 PREFEITURA MUNICIPAL DE BALNEÁRIO GAIVOTA; Móveis; CÂMARA FOTOGRÁFICA;638;" CAMERA DIGITAL SANSUNG 5 600 C/CARREGADOR DE PILHAS; MEMORIA SD 1GB"; 27/03/2008; BENS INSERVÍVEIS; Baixado;R$ 356,25; Compra Normal
 PREFEITURA MUNICIPAL DE BALNEÁRIO GAIVOTA; Móveis; MOBILIÁRIO EM GERAL;3729; FAX PANASONIC KX-932; 28/02/2008; BENS INSERVÍVEIS; Baixado;R$ 327,10; Compra Normal
 PREFEITURA MUNICIPAL DE BALNEÁRIO GAIVOTA; Móveis; LIVROS; -; BIBLIOTECA PARA ENSINO FUNDAMENTAL DE 1 A 4 SÉRIE; 22/02/2008; BENS INSERVÍVEIS; Baixado;R$ 1.986,00; Compra Normal
 PREFEITURA MUNICIPAL DE BALNEÁRIO GAIVOTA; Móveis; LIVROS; -; BIBLIOTECA PARA ENSINO FUNDAMENTAL DE 1 A 4 SÉRIE; 22/02/2008; BENS INSERVÍVEIS; Baixado;R$ 1.986,00; Compra Normal
 PREFEITURA MUNICIPAL DE BALNEÁRIO GAIVOTA; Móveis; LIVROS; -; BIBLIOTECA PARA ENSINO FUNDAMENTAL DE 1 A 4 SÉRIE; 22/02/2008; BENS INSERVÍVEIS; Baixado;R$ 1.986,00; Compra Normal
 PREFEITURA MUNICIPAL DE BALNEÁRIO GAIVOTA; Imóveis; Outros (Quadras, Pavilhões, Ginásio); -; Quadra de Esportes E.E.F. Albino Bernardino de Melo - Rua Nova; 01/02/2008; MANUTENÇÃO DA SECRETARIA DE EDUCAÇÃO; Ativo;R$ 32.388,40; Compra Normal
 PREFEITURA MUNICIPAL DE BALNEÁRIO GAIVOTA; Móveis; APARELHOS ELETRO-ELETRÔNICOS;1899; CENTRAL MONITORIZADO; 25/01/2008; BENS PARA LEILÃO; Baixado;R$ 48,00; Compra Normal
 PREFEITURA MUNICIPAL DE BALNEÁRIO GAIVOTA; Móveis; APARELHOS ELETRO-ELETRÔNICOS; -; MODULO GPAS; 25/01/2008; BENS INSERVÍVEIS; Baixado;R$ 680,00; Compra Normal
 PREFEITURA MUNICIPAL DE BALNEÁRIO GAIVOTA; Móveis; APARELHOS ELETRO-ELETRÔNICOS; -; MODULO GPAS; 25/01/2008; BENS INSERVÍVEIS; Baixado;R$ 680,00; Compra Normal
 PREFEITURA MUNICIPAL DE BALNEÁRIO GAIVOTA; Móveis; APARELHOS ELETRO-ELETRÔNICOS; -; CENTRAL MONOTORADO; 25/01/2008; BENS INSERVÍVEIS; Baixado;R$ 480,00; Compra Normal
 PREFEITURA MUNICIPAL DE BALNEÁRIO GAIVOTA; Móveis; Ar Condicionado;326; AR CONDICIONADO SPLIT MIDEA 9000 Q/F; 15/01/2008; BENS PARA LEILÃO; Baixado;R$ 144,00; Compra Normal
 PREFEITURA MUNICIPAL DE BALNEÁRIO GAIVOTA; Móveis; Ar Condicionado;404; AR CONDICIONADO SPLIT KOMECO 9000 Q/F; 15/01/2008; BENS INSERVÍVEIS; Baixado;R$ 684,00; Compra Normal
 PREFEITURA MUNICIPAL DE BALNEÁRIO GAIVOTA; Móveis; EQUIPAMENTOS DOMÉSTICOS;367; AR CONCIDIONADO SPLIT MIDEA 9000 Q/F; 14/01/2008; BENS PARA LEILÃO; Baixado;R$ 144,00; Compra Normal
 PREFEITURA MUNICIPAL DE BALNEÁRIO GAIVOTA; Móveis; IMPLEMENTOS AGRÍCOLAS; -; ROÇADEIRA HUSQVARNA 241 R N. 965 09 33-01  07 5000139; 09/01/2008; BENS INSERVÍVEIS; Baixado;R$ 1.649,00; Compra Normal
 PREFEITURA MUNICIPAL DE BALNEÁRIO GAIVOTA; Móveis; APARELHOS ELETRO-ELETRÔNICOS;636; CENTRAL DE ALARME MONITORADO; 08/01/2008; BENS PARA LEILÃO; Baixado;R$ 48,00; Compra Normal
 PREFEITURA MUNICIPAL DE BALNEÁRIO GAIVOTA; Móveis; APARELHOS ELETRO-ELETRÔNICOS; -; MODULO GPAS; 08/01/2008; BENS INSERVÍVEIS; Baixado;R$ 680,00; Compra Normal
 PREFEITURA MUNICIPAL DE BALNEÁRIO GAIVOTA; Móveis; DECORAÇÕES E ACESSÓRIOS; -; Tapete 1,80X0,80 fundo azul maritimo let; 02/01/2008; BENS INSERVÍVEIS; Baixado;R$ 665,00; Compra Normal
 PREFEITURA MUNICIPAL DE BALNEÁRIO GAIVOTA; Móveis; DECORAÇÕES E ACESSÓRIOS; -; Tapete 1,80X0,80 fundo azul maritimo let; 02/01/2008; BENS INSERVÍVEIS; Baixado;R$ 665,00; Compra Normal
 PREFEITURA MUNICIPAL DE BALNEÁRIO GAIVOTA; Móveis; DECORAÇÕES E ACESSÓRIOS; -; Tapete 2,20X1,00 Fundo azul maritimo le; 02/01/2008; BENS INSERVÍVEIS; Baixado;R$ 950,00; Compra Normal
 PREFEITURA MUNICIPAL DE BALNEÁRIO GAIVOTA; Móveis; ELETRODOMÉSTICOS;1590; TELEVISOR CCE 20 POL HPS 2071; 09/11/2007; BENS PARA LEILÃO; Baixado;R$ 261,23; Compra Normal
 PREFEITURA MUNICIPAL DE BALNEÁRIO GAIVOTA; Móveis; ELETRODOMÉSTICOS;1396; TELEVISOR 20 P. HPS 2071; 09/11/2007; BENS PARA LEILÃO; Baixado;R$ 261,23; Compra Normal
 PREFEITURA MUNICIPAL DE BALNEÁRIO GAIVOTA; Móveis; ELETRODOMÉSTICOS;1379; BATEDEIRA MALLORY GIRO MASTER; 09/11/2007; BENS INSERVÍVEIS; Baixado;R$ 449,00; Compra Normal
 CÂMARA MUNICIPAL BALNEÁRIO GAIVOTA; MOVEIS; Cod.: 7 - MOVEIS;83; MURAL EM MDF TAMANHO 1,20 DE ALTURA POR 2,50 DE LARGURA COM VIDRO E MAPA DE SANTA CATARINA; 23/10/2007; PRESIDÊNCIA; Baixado;R$ 21,20; Compra
 PREFEITURA MUNICIPAL DE BALNEÁRIO GAIVOTA; Móveis; INSTRUMENTOS E UTENSÍLIOS; -; BALANÇA RINNERT 150KG/200KG; 04/10/2007; BENS INSERVÍVEIS; Baixado;R$ 405,00; Compra Normal
 PREFEITURA MUNICIPAL DE BALNEÁRIO GAIVOTA; Móveis; EQUIPAMENTOS DOMÉSTICOS;3785; BEBEDOURO PRES. CON. PINTADO MFA40; 03/10/2007; BENS PARA LEILÃO; Baixado;R$ 501,50; Compra Normal
 PREFEITURA MUNICIPAL DE BALNEÁRIO GAIVOTA; Móveis; EQUIPAMENTOS DOMÉSTICOS;2196; BEBEDOURO PRES. CON. PINTADO MFA 40; 03/10/2007; MANUTENÇÃO DA SECRETARIA DE EDUCAÇÃO; Ativo;R$ 76,57; Compra Normal
 PREFEITURA MUNICIPAL DE BALNEÁRIO GAIVOTA; Móveis; ELETRODOMÉSTICOS;2618; LIQUIFICADOR IND 06 LSI; 03/10/2007; BENS INSERVÍVEIS; Baixado;R$ 555,56; Compra Normal
 PREFEITURA MUNICIPAL DE BALNEÁRIO GAIVOTA; Móveis; DECORAÇÕES E ACESSÓRIOS; -; BANDEIRA CETIN BRASIL; 03/10/2007; BENS INSERVÍVEIS; Baixado;R$ 360,00; Compra Normal
 PREFEITURA MUNICIPAL DE BALNEÁRIO GAIVOTA; Móveis; DECORAÇÕES E ACESSÓRIOS; -; BANDEIRA CETIN ESTADO DE SANTA CATARINA; 03/10/2007; BENS INSERVÍVEIS; Baixado;R$ 360,00; Compra Normal
 PREFEITURA MUNICIPAL DE BALNEÁRIO GAIVOTA; Móveis; DECORAÇÕES E ACESSÓRIOS; -; BANDEIRA CETIN MUNICIPIO DE BALNEÁRIO GAIVOTA; 03/10/2007; BENS INSERVÍVEIS; Baixado;R$ 360,00; Compra Normal
 PREFEITURA MUNICIPAL DE BALNEÁRIO GAIVOTA; Móveis; DECORAÇÕES E ACESSÓRIOS; -; PEDESTAL C/ MASTROS; 03/10/2007; BENS INSERVÍVEIS; Baixado;R$ 424,00; Compra Normal
 PREFEITURA MUNICIPAL DE BALNEÁRIO GAIVOTA; Móveis; IMPRESSORAS;318; IMPRESSORA LASER SANSUNG ML 1610; 28/09/2007; MANUTENÇÃO DA SECRETARIA DE ARRECADAÇÃO; Ativo;R$ 69,00; Compra Normal
 PREFEITURA MUNICIPAL DE BALNEÁRIO GAIVOTA; Móveis; APARELHOS ELETRO-ELETRÔNICOS;526; NOBREAK ENERMAX; 28/09/2007; BENS INSERVÍVEIS; Baixado;R$ 273,90; Compra Normal
 PREFEITURA MUNICIPAL DE BALNEÁRIO GAIVOTA; Móveis; MICROCOMPUTADOR;135;" MICROCOMPUTADOR CELERON 3.0 MHZ CONFIGURAÇÃO: 512MB RAM; HD 80GB DRIVE; PLACA INTEL; GRAVADORA DVD; TECLADO; MOUSE; CX SOM AMPLIFICADA; MONITOR 17''"; 28/09/2007; MANUTENÇÃO DA SECRETARIA DE ADMINISTRAÇÃ; Ativo;R$ 279,00; Compra Normal
 PREFEITURA MUNICIPAL DE BALNEÁRIO GAIVOTA; Móveis; MICROCOMPUTADOR;1494;" MICROCOMPUTADOR CELERON 2,8 - CONFIGURAÇÃO: H.DISK 80GB; 512MB RAM; PLACA GIGABYTE; MONITOR 15'', GRAVADORA CD; TECLADO; MOUSE; CAIXA SOM"; 28/09/2007; BENS INSERVÍVEIS; Baixado;R$ 2.290,00; Compra Normal
 PREFEITURA MUNICIPAL DE BALNEÁRIO GAIVOTA; Móveis; MICROCOMPUTADOR;218;" MICROCOMPUTADOR CELERON 2,8MHZ(A) - CONFIGURAÇÃO: 512MB RAM; HARD DISK 80GB; PLACA MBOARD; GRAVADORA CD; CX SOM; GABINETE; TECLADO ABNT2 PS2(B); MOUSE OPTICAL(C); MONITOR 15''(D) CF - A 8471.5010; B 8471.60.52; C 8471.6053; D 8471.60.7"; 28/09/2007; BENS INSERVÍVEIS; Baixado;R$ 2.290,00; Compra Normal
 PREFEITURA MUNICIPAL DE BALNEÁRIO GAIVOTA; Móveis; MÁQUINAS, MOTORES;463; ROÇADEIRA STIHL F 5 220 N 361.44C.335; 26/09/2007; BENS INSERVÍVEIS; Baixado;R$ 1.940,00; Compra Normal
 PREFEITURA MUNICIPAL DE BALNEÁRIO GAIVOTA; Móveis; EQUIPAMENTOS MÉDICOS;1049; DIVA PARA EXAMES 1,80X0,60X0,80 FABRICADO EM ESTRUTURA C/TUBO 1 1/4X1,20MM LEITO ESTOFADO C/ESPUMA DENSIDADE 23 REVESTIDO EM COURVIM; 20/08/2007; FUNDO MUNICIPAL DE SAUDE; Ativo;R$ 39,20; Compra Normal
 PREFEITURA MUNICIPAL DE BALNEÁRIO GAIVOTA; Móveis; EQUIPAMENTOS MÉDICOS;1053; CARRO CURATIVO COM BALDE E BACIA 0,45X0,75X0,80CM FABRICADO EM TUBOS 3/4X1,20MM; 20/08/2007; FUNDO MUNICIPAL DE SAUDE; Ativo;R$ 79,80; Compra Normal
 PREFEITURA MUNICIPAL DE BALNEÁRIO GAIVOTA; Móveis; EQUIPAMENTOS MÉDICOS;1036; MESA GINECOLOGISTA ESTOFADA 1,80X0,50X0,85CM; 20/08/2007; FUNDO MUNICIPAL DE SAUDE; Ativo;R$ 50,40; Compra Normal
 PREFEITURA MUNICIPAL DE BALNEÁRIO GAIVOTA; Móveis; EQUIPAMENTOS MÉDICOS;1024; CADEIRA ASSENTO NYLON C/ RODAS DE BORRACHA; 20/08/2007; FUNDO MUNICIPAL DE SAUDE; Baixado;R$ 208,83; Compra Normal
 PREFEITURA MUNICIPAL DE BALNEÁRIO GAIVOTA; Móveis; INSTRUMENTOS E UTENSÍLIOS; -; MICROSCOPIO MONUCULAR ELETRICO VISÃO 40X600 VEZES; 08/08/2007; BENS INSERVÍVEIS; Baixado;R$ 720,00; Compra Normal
 PREFEITURA MUNICIPAL DE BALNEÁRIO GAIVOTA; Móveis; INSTRUMENTOS E UTENSÍLIOS; -; MICROSCOPIO MONUCULAR ELETRICO VISÃO 40X600 VEZES; 08/08/2007; BENS INSERVÍVEIS; Baixado;R$ 720,00; Compra Normal
 PREFEITURA MUNICIPAL DE BALNEÁRIO GAIVOTA; Móveis; INSTRUMENTOS E UTENSÍLIOS; -; PLANETARIO EQUIPAMENTO P/GEOGRAFIA; 08/08/2007; BENS INSERVÍVEIS; Baixado;R$ 450,00; Compra Normal
 PREFEITURA MUNICIPAL DE BALNEÁRIO GAIVOTA; Móveis; INSTRUMENTOS E UTENSÍLIOS; -; PLANETARIO EQUIPAMENTO P/GEOGRAFIA; 08/08/2007; BENS INSERVÍVEIS; Baixado;R$ 450,00; Compra Normal
 PREFEITURA MUNICIPAL DE BALNEÁRIO GAIVOTA; Móveis; IMPRESSORAS; -; IMPRESSORA LASER 1610; 31/07/2007; BENS INSERVÍVEIS; Baixado;R$ 490,00; Compra Normal
 PREFEITURA MUNICIPAL DE BALNEÁRIO GAIVOTA; Móveis; IMPRESSORAS; -; IMPRESSORA LEXMARK E-321; 31/07/2007; BENS INSERVÍVEIS; Baixado;R$ 790,00; Compra Normal
 PREFEITURA MUNICIPAL DE BALNEÁRIO GAIVOTA; Móveis; IMPRESSORAS; -; IMPRESSORA LASER 4200; 31/07/2007; BENS INSERVÍVEIS; Baixado;R$ 590,00; Compra Normal
 PREFEITURA MUNICIPAL DE BALNEÁRIO GAIVOTA; Móveis; MICROCOMPUTADOR;2116;" MICROCOMPUTADOR CELERON 2,8 GHZ CONFIGURAÇÃO: MEMORIA 512MB RAM; HARD DISK 80GB; PLACA MBOARD GIGABYTE 800MHZ; GABINETE P4 FONTE ATX 300WATT"; 31/07/2007; MANUTENÇÃO DA SECRETARIA DE EDUCAÇÃO; Ativo;R$ 129,00; Compra Normal
 PREFEITURA MUNICIPAL DE BALNEÁRIO GAIVOTA; Móveis; MICROCOMPUTADOR;288;" MICROCOMPUTADOR CELERON 2,66 GHZ 775; MEMORIA 256 DRIVE 1,44; HD 80 GB SATA 2, GABINETE ATX; TECLADO ABNT2; MOUSE OPTICAL; CX SOM; ESTABILIZADOR; MONITOR 15''"; 26/06/2007; MANUTENÇÃO DA SECRETARIA DE ADMINISTRAÇÃ; Ativo;R$ 170,00; Compra Normal
 PREFEITURA MUNICIPAL DE BALNEÁRIO GAIVOTA; Móveis; MICROCOMPUTADOR;563;" MICROCOMPUTADOR CELERON 2,66 GHZ 775; MEMORIA 256 DRIVE 1,44; HD 80 GB SATA 2, GABINETE ATX; TECLADO ABNT2; MOUSE OPTICAL; CX SOM; ESTABILIZADOR; MONITOR 15''"; 26/06/2007; BENS INSERVÍVEIS; Baixado;R$ 1.700,00; Compra Normal
 PREFEITURA MUNICIPAL DE BALNEÁRIO GAIVOTA; Móveis; MICROCOMPUTADOR;4481;" MICROCOMPUTADOR CELERON 2,66 GHZ 775; MEMORIA 256 DRIVE 1,44; HD 80 GB SATA 2, GABINETE ATX; TECLADO ABNT2; MOUSE OPTICAL; CX SOM; ESTABILIZADOR; MONITOR 15''"; 26/06/2007; BENS INSERVÍVEIS; Baixado;R$ 1.700,00; Compra Normal
 PREFEITURA MUNICIPAL DE BALNEÁRIO GAIVOTA; Móveis; MICROCOMPUTADOR;3749;" MICROCOMPUTADOR PROC. E3300; MEMORIA 3GB; HD 500GB; TECLADO ABNT2; MOUSE OPTICAL; CX SOM; ESTABILIZADOR; MONITOR 15'' BITWAY"; 26/06/2007; MANUTENÇÃO DA SECRETARIA DE EDUCAÇÃO; Ativo;R$ 170,00; Compra Normal
 PREFEITURA MUNICIPAL DE BALNEÁRIO GAIVOTA; Móveis; MICROCOMPUTADOR;7204;" MICROCOMPUTADOR CELERON 2,66 GHZ 775; MEMORIA 256 DRIVE 1,44; HD 80 GB SATA 2, GABINETE ATX; TECLADO ABNT2; MOUSE OPTICAL; CX SOM; ESTABILIZADOR; MONITOR 15''"; 26/06/2007; MANUTENÇÃO DA SECRETARIA DE ARRECADAÇÃO; Ativo;R$ 170,00; Compra Normal
 PREFEITURA MUNICIPAL DE BALNEÁRIO GAIVOTA; Móveis; MICROCOMPUTADOR;1688;" MICROCOMPUTADOR CELERON 2,66 GHZ 775; MEMORIA 256 DRIVE 1,44; HD 80 GB SATA 2, GABINETE ATX; TECLADO ABNT2; MOUSE OPTICAL; CX SOM; ESTABILIZADOR; MONITOR 15''"; 26/06/2007; MANUTENÇÃO DA SECRETARIA DE EDUCAÇÃO; Ativo;R$ 170,00; Compra Normal
 PREFEITURA MUNICIPAL DE BALNEÁRIO GAIVOTA; Móveis; MICROCOMPUTADOR;486;" MICROCOMPUTADOR CELERON 2,66 GHZ 775; MEMORIA 256 DRIVE 1,44; HD 80 GB SATA 2, GABINETE ATX; TECLADO ABNT2; MOUSE OPTICAL; CX SOM; ESTABILIZADOR; MONITOR 15'' PLACA 000479"; 26/06/2007; BENS INSERVÍVEIS; Baixado;R$ 1.700,00; Compra Normal
 PREFEITURA MUNICIPAL DE BALNEÁRIO GAIVOTA; Móveis; IMPRESSORAS;215; IMPRESSORA A LASER SANGUNG; 25/06/2007; DIRETORIA DE AGRICULTURA; Ativo;R$ 39,50; Compra Normal
 PREFEITURA MUNICIPAL DE BALNEÁRIO GAIVOTA; Móveis; MICROCOMPUTADOR;2150;" MICROCOMPUTADOR INTEL P4 2.4 533MHZ 1 MB CACHE CONFIGURAÇÃO: PLACA M BOARD INTEL D 865PERL HARD DISK 160GB; MEMORIA 512MB; GRAVADORA CD 52X32X52; DRIVE 1.44MB; MOUSE OPTICAL; TECLADO ABNT MTRC PS2; GABINETE ATX P4 TORRE DR. HANK - BEGE"; 25/06/2007; MANUTENÇÃO DA SECRETARIA DE EDUCAÇÃO; Ativo;R$ 169,00; Compra Normal
 PREFEITURA MUNICIPAL DE BALNEÁRIO GAIVOTA; Móveis; MICROCOMPUTADOR;44;" MICROCOMPUTADOR INTEL CELERON 2,80 533MHZ - CONFIGURAÇÃO: HARD DISK 80GB SEAGATE 7200 SATA; PLACA MBOARD INTEL CELERON D10GGU S/V/R 775 PINUS; MEMORIA 512 MB DDR2; DRIVE CD ROM 52X; DRIVE 1,44MB; MOUSE OPTICAL; TECLADO ABNT2 MTEC PS2; GABINETE ATX P4 TORRE DR. HANK - BEGE"; 25/06/2007; BENS INSERVÍVEIS; Baixado;R$ 1.295,00; Compra Normal
 CAMARA MUNICIPAL DE BALNEARIO GAIVOTA; MOVEIS; Cod.: 1 - CADEIRA;82; CADEIRA PRESIDENTE COM RELOX C/ BRAÇO COR AZUL; 21/06/2007; CAMARA MUNICIPAL DE VEREADORES; Baixado;R$ 21,50; Compra
 CÂMARA MUNICIPAL BALNEÁRIO GAIVOTA; MOVEIS; Cod.: 4 - MESAS;81; MESA EM MDF COR BRANCO TAMANHO 0,85CM X 1,40 CM; 01/06/2007; ARQUIVO MORTO; Baixado;R$ 18,55; Compra
 CÂMARA MUNICIPAL BALNEÁRIO GAIVOTA; MOVEIS; Cod.: 1 - CADEIRA;62; JOGO COM 3 CADEIRAS PARA AUDITORIO COR AZUL; 23/05/2007; PLENARIO; Baixado;R$ 13,25; Compra
 CÂMARA MUNICIPAL BALNEÁRIO GAIVOTA; MOVEIS; Cod.: 1 - CADEIRA;63; JOGO COM 3 CADEIRAS PARA AUDITORIO COR AZUL; 23/05/2007; CAMARA MUNICIPAL DE VEREADORES; Em uso;R$ 5,00; Compra
 CÂMARA MUNICIPAL BALNEÁRIO GAIVOTA; MOVEIS; Cod.: 1 - CADEIRA;65; JOGO COM 3 CADEIRAS PARA AUDITORIO COR AZUL; 23/05/2007; CAMARA MUNICIPAL DE VEREADORES; Em uso;R$ 5,00; Compra
 CÂMARA MUNICIPAL BALNEÁRIO GAIVOTA; MOVEIS; Cod.: 1 - CADEIRA;66; JOGO COM 3 CADEIRAS PARA AUDITORIO COR AZUL; 23/05/2007; CAMARA MUNICIPAL DE VEREADORES; Em uso;R$ 5,00; Compra
 CÂMARA MUNICIPAL BALNEÁRIO GAIVOTA; MOVEIS; Cod.: 1 - CADEIRA;71; JOGO COM 3 CADEIRAS PARA AUDITORIO COR AZUL; 23/05/2007; CAMARA MUNICIPAL DE VEREADORES; Em uso;R$ 5,00; Compra
 CÂMARA MUNICIPAL BALNEÁRIO GAIVOTA; MOVEIS; Cod.: 1 - CADEIRA;67; JOGO COM 3 CADEIRAS PARA AUDITORIO COR AZUL; 23/05/2007; CAMARA MUNICIPAL DE VEREADORES; Em uso;R$ 5,00; Compra
 CÂMARA MUNICIPAL BALNEÁRIO GAIVOTA; MOVEIS; Cod.: 1 - CADEIRA;68; JOGO COM 3 CADEIRAS PARA AUDITORIO COR AZUL; 23/05/2007; PLENARIO; Baixado;R$ 13,25; Compra
 CÂMARA MUNICIPAL BALNEÁRIO GAIVOTA; MOVEIS; Cod.: 1 - CADEIRA;70; JOGO COM 3 CADEIRAS PARA AUDITORIO COR AZUL; 23/05/2007; PLENARIO; Baixado;R$ 13,25; Compra
 CÂMARA MUNICIPAL BALNEÁRIO GAIVOTA; MOVEIS; Cod.: 1 - CADEIRA;69; JOGO COM 3 CADEIRAS PARA AUDITORIO COR AZUL; 23/05/2007; PLENARIO; Baixado;R$ 13,25; Compra
 CÂMARA MUNICIPAL BALNEÁRIO GAIVOTA; MOVEIS; Cod.: 1 - CADEIRA;73; JOGO COM 3 CADEIRAS PARA AUDITORIO COR AZUL; 23/05/2007; CAMARA MUNICIPAL DE VEREADORES; Em uso;R$ 5,00; Compra
 CÂMARA MUNICIPAL BALNEÁRIO GAIVOTA; MOVEIS; Cod.: 1 - CADEIRA;76; JOGO COM 3 CADEIRAS PARA AUDITORIO COR AZUL; 23/05/2007; CAMARA MUNICIPAL DE VEREADORES; Em uso;R$ 5,00; Compra
 CÂMARA MUNICIPAL BALNEÁRIO GAIVOTA; MOVEIS; Cod.: 1 - CADEIRA;79; JOGO DE CADEIRA COM 2 LUGARES PARA AUDITORIO COR AZUL; 23/05/2007; PLENARIO; Baixado;R$ 15,90; Compra
 CÂMARA MUNICIPAL BALNEÁRIO GAIVOTA; MOVEIS; Cod.: 1 - CADEIRA;72; JOGO COM 3 CADEIRAS PARA AUDITORIO COR AZUL; 23/05/2007; CAMARA MUNICIPAL DE VEREADORES; Em uso;R$ 5,00; Compra
 CÂMARA MUNICIPAL BALNEÁRIO GAIVOTA; MOVEIS; Cod.: 1 - CADEIRA;74; JOGO COM 3 CADEIRAS PARA AUDITORIO COR AZUL; 23/05/2007; CAMARA MUNICIPAL DE VEREADORES; Em uso;R$ 5,00; Compra
 CÂMARA MUNICIPAL BALNEÁRIO GAIVOTA; MOVEIS; Cod.: 1 - CADEIRA;77; JOGO COM 3 CADEIRAS PARA AUDITORIO COR AZUL; 23/05/2007; CAMARA MUNICIPAL DE VEREADORES; Em uso;R$ 5,00; Compra
 CÂMARA MUNICIPAL BALNEÁRIO GAIVOTA; MOVEIS; Cod.: 1 - CADEIRA;80; JOGO DE CADEIRA COM 2 LUGARES PARA AUDITORIO COR AZUL; 23/05/2007; PLENARIO; Baixado;R$ 15,90; Compra
 CAMARA MUNICIPAL DE BALNEARIO GAIVOTA; MOVEIS; Cod.: 1 - CADEIRA;64; JOGO COM 3 CADEIRAS PARA AUDITORIO COR AZUL; 23/05/2007; CAMARA MUNICIPAL DE VEREADORES; Baixado;R$ 5,00; Compra
 CAMARA MUNICIPAL DE BALNEARIO GAIVOTA; MOVEIS; Cod.: 1 - CADEIRA;78; JOGO COM 3 CADEIRAS PARA AUDITORIO COR AZUL; 23/05/2007; CAMARA MUNICIPAL DE VEREADORES; Baixado;R$ 5,00; Compra
 CAMARA MUNICIPAL DE BALNEARIO GAIVOTA; MOVEIS; Cod.: 1 - CADEIRA;75; JOGO COM 3 CADEIRAS PARA AUDITORIO COR AZUL; 23/05/2007; CAMARA MUNICIPAL DE VEREADORES; Baixado;R$ 5,00; Compra
 PREFEITURA MUNICIPAL DE BALNEÁRIO GAIVOTA; Móveis; MICROCOMPUTADOR;382;" MICROCOMPUTADOR INTEL CELERON 2,80GHZ - CONFIGURAÇÃO: PLACA MB FOXCOM; HDISK 80GB; DRIVE 1,44MB; MEMORIA 512 MB; MONITOR 17'' LG; GRAVADOR DVD"; 21/05/2007; BENS INSERVÍVEIS; Baixado;R$ 2.535,00; Compra Normal
 PREFEITURA MUNICIPAL DE BALNEÁRIO GAIVOTA; Móveis; MOBILIÁRIO EM GERAL;4614; ESTANTE DUPLA FACE P/ BIBLIOTECA C/ 12 PLATELEIRA BRANCA; 15/05/2007; BENS INSERVÍVEIS; Ativo;R$ 59,80; Compra Normal
 PREFEITURA MUNICIPAL DE BALNEÁRIO GAIVOTA; Móveis; MOBILIÁRIO EM GERAL;4615; ESTANTE DUPLA FACE P/ BIBLIOTECA C/12 PRATELEIRA BRANCA; 15/05/2007; SECRETÁRIO DA CULTURA; Ativo;R$ 59,80; Compra Normal
 PREFEITURA MUNICIPAL DE BALNEÁRIO GAIVOTA; Móveis; MOBILIÁRIO EM GERAL;4616; ESTANTE DUPLA FACE P/ BIBLIOTECA C/12 PRATELEIRA BRANCA; 15/05/2007; BENS INSERVÍVEIS; Ativo;R$ 59,80; Compra Normal
 PREFEITURA MUNICIPAL DE BALNEÁRIO GAIVOTA; Móveis; ELETRODOMÉSTICOS;624; REFRIGERADOR ELETROLUX 380LT; 15/05/2007; MANUTENÇÃO DO CONSELHO TUTELAR; Ativo;R$ 129,90; Compra Normal
 PREFEITURA MUNICIPAL DE BALNEÁRIO GAIVOTA; Móveis; ELETRODOMÉSTICOS; -; APARELHO DE SOM PHILIPS; 15/05/2007; BENS INSERVÍVEIS; Baixado;R$ 799,00; Compra Normal
 PREFEITURA MUNICIPAL DE BALNEÁRIO GAIVOTA; Móveis; MOBILIÁRIO EM GERAL;1422; BALCÃO 1,5 CEREJEIRA 3 PORTAS 4 GAVETA; 15/05/2007; MANUTENÇÃO DA SECRETARIA DE EDUCAÇÃO; Ativo;R$ 59,80; Compra Normal
 PREFEITURA MUNICIPAL DE BALNEÁRIO GAIVOTA; Móveis; MOBILIÁRIO EM GERAL;7375; TANQUE FIBRA 2 PORTAS; 15/05/2007; FUNDO MUNICIPAL DE SAUDE; Ativo;R$ 35,80; Compra Normal
 PREFEITURA MUNICIPAL DE BALNEÁRIO GAIVOTA; Móveis; MOBILIÁRIO EM GERAL;4238; FOGÃO 4 BOCAS BRANCO; 15/05/2007; MANUTENÇÃO DA SECRETARIA DE EDUCAÇÃO; Baixado;R$ 38,90; Compra Normal
 PREFEITURA MUNICIPAL DE BALNEÁRIO GAIVOTA; Móveis; MÁQUINAS, MOTORES;435; MOTOBOMBA 3/4; 10/05/2007; BENS INSERVÍVEIS; Baixado;R$ 390,00; Compra Normal
 CÂMARA MUNICIPAL BALNEÁRIO GAIVOTA; MOVEIS; Cod.: 5 - DIVISORIAS;61; DIVISORIA PADRÃO EUCATEX 14 M2; 02/05/2007; CAMARA MUNICIPAL DE VEREADORES; Em uso;R$ 32,80; Compra
 PREFEITURA MUNICIPAL DE BALNEÁRIO GAIVOTA; Móveis; MÁQUINAS, MOTORES;2306; LAMINA NIVELADORA REVERSIVEL FRENTE E VERSO 2,60MT; 20/04/2007; MANUTENÇÃO DA SECRETARIA DE OBRAS E SERV; Ativo;R$ 320,00; Compra Normal
 CÂMARA MUNICIPAL BALNEÁRIO GAIVOTA; MOVEIS; Cod.: 3 - INFORMATICA;60; MICRO COMPUTADOR PORTATIL ACER 3690 CELEROM 1.6; 02/04/2007; ARQUIVO MORTO; Baixado;R$ 79,50; Compra
 PREFEITURA MUNICIPAL DE BALNEÁRIO GAIVOTA; Móveis; MICROCOMPUTADOR;399;" MICROCOMPUTADOR INTEL CELERON 2,80 533 MHZ- CONFIGURAÇÃO: PLA N BOARD FOCON P4M800P7MA HT/S/V/R/SATA; MEMORIA 512 MB DDR; HARD DISK 80GB SANSUNG IDE; MONITOR 17'' HG SEMI-FLONA BEGE; GRAVADORA CD 52X32X52; CAIXA SOM; MOUSE OPTICAL; TECLADO ABNT2 MTRC PS2; DRIVE 1.44MB; GABINETE ATX P4 TORRE DR. HANK."; 30/03/2007; BENS PARA LEILÃO; Baixado;R$ 1.634,11; Compra Normal
 PREFEITURA MUNICIPAL DE BALNEÁRIO GAIVOTA; Móveis; MOBILIÁRIO EM GERAL;4601; BALCÃO MDF ATENDIMENTO; 29/03/2007; SECRETÁRIO DA CULTURA; Ativo;R$ 130,00; Compra Normal
 PREFEITURA MUNICIPAL DE BALNEÁRIO GAIVOTA; Móveis; DECORAÇÕES E ACESSÓRIOS; -; PLACA EM AÇO INOX 50X60 C/BRASÃO COLORIDO INAGURAÇÃO BIBLIOTECA MUNICIPAL; 28/03/2007; BENS PARA LEILÃO; Baixado;R$ 144,00; Compra Normal
 PREFEITURA MUNICIPAL DE BALNEÁRIO GAIVOTA; Móveis; IMPRESSORAS; -; IMPRESSORA MULT FUNCIONAL JATO DE TINTA CANON NP -160; 28/02/2007; BENS INSERVÍVEIS; Baixado;R$ 481,63; Compra Normal
 PREFEITURA MUNICIPAL DE BALNEÁRIO GAIVOTA; Móveis; ESTABILIZADOR/NOBREAK;42; NOBREAK 600VA; 28/02/2007; BENS INSERVÍVEIS; Baixado;R$ 305,00; Compra Normal
 PREFEITURA MUNICIPAL DE BALNEÁRIO GAIVOTA; Móveis; MICROCOMPUTADOR;187; MICROCOMPUTADOR 2,53 MHZ MONITOR 17'' KIT GABINTE ESTABILIZADOR; 28/02/2007; MANUTENÇÃO DA SECRETARIA DE EDUCAÇÃO; Ativo;R$ 158,74; Compra Normal
 PREFEITURA MUNICIPAL DE BALNEÁRIO GAIVOTA; Móveis; MOBILIÁRIO EM GERAL; -; ARQUIVO ALTO REF 1004; 28/02/2007; BENS INSERVÍVEIS; Baixado;R$ 378,00; Compra Normal
 PREFEITURA MUNICIPAL DE BALNEÁRIO GAIVOTA; Móveis; MOBILIÁRIO EM GERAL;515; ARMARIO 2 PORTA COM CHAVE; 28/02/2007; MANUTENÇÃO DO CONSELHO TUTELAR; Ativo;R$ 36,80; Compra Normal
 PREFEITURA MUNICIPAL DE BALNEÁRIO GAIVOTA; Móveis; MOBILIÁRIO EM GERAL;560; ARMARIO ALTO; 28/02/2007; MANUTENÇÃO DO CONSELHO TUTELAR; Ativo;R$ 40,66; Compra Normal
 PREFEITURA MUNICIPAL DE BALNEÁRIO GAIVOTA; Móveis; MOBILIÁRIO EM GERAL;582; ARQUIVO AZUL; 28/02/2007; MANUTENÇÃO DO CONSELHO TUTELAR; Ativo;R$ 37,87; Compra Normal
 PREFEITURA MUNICIPAL DE BALNEÁRIO GAIVOTA; Móveis; MOBILIÁRIO EM GERAL;566; ARQUIVO AZUL; 28/02/2007; MANUTENÇÃO DO CONSELHO TUTELAR; Ativo;R$ 37,87; Compra Normal
 PREFEITURA MUNICIPAL DE BALNEÁRIO GAIVOTA; Móveis; MOBILIÁRIO EM GERAL;94; MESA; 28/02/2007; MANUTENÇÃO DA SECRETARIA DE ARRECADAÇÃO; Ativo;R$ 41,76; Compra Normal
 PREFEITURA MUNICIPAL DE BALNEÁRIO GAIVOTA; Móveis; ESTABILIZADOR/NOBREAK;40; ESTABILIZADOR 1000VA; 28/02/2007; FUNDO MUNICIPAL DE SAUDE; Ativo;R$ 45,50; Compra Normal
 PREFEITURA MUNICIPAL DE BALNEÁRIO GAIVOTA; Móveis; APARELHO DE COMUNICAÇÃO;567; FAX SCHARP; 28/02/2007; BENS INSERVÍVEIS; Baixado;R$ 689,00; Compra Normal
 CÂMARA MUNICIPAL BALNEÁRIO GAIVOTA; MOVEIS; Cod.: 2 - ELETRONICOS;59; TELEVISOR CCE 29 POLEGADAS TUBO; 22/02/2007; ARQUIVO MORTO; Baixado;R$ 900,00; Compra
 CÂMARA MUNICIPAL BALNEÁRIO GAIVOTA; MOVEIS; Cod.: 5 - DIVISORIAS;58; DIVISORIA PADRÃO EUCATEX 32.5 M2; 12/02/2007; CAMARA MUNICIPAL DE VEREADORES; Em uso;R$ 67,20; Compra
 PREFEITURA MUNICIPAL DE BALNEÁRIO GAIVOTA; Móveis; ELETRODOMÉSTICOS;1018; GELADEIRA CONSUL 280LT; 06/02/2007; FUNDO MUNICIPAL DE SAUDE; Ativo;R$ 48,00; Compra Normal
 CÂMARA MUNICIPAL BALNEÁRIO GAIVOTA; MOVEIS; Cod.: 3 - INFORMATICA;56; MONITOR CRISTAL LIQUIDO LCD 17 POLEGADAS PRETO; 06/02/2007; ARQUIVO MORTO; Baixado;R$ 0,10; Compra
 CÂMARA MUNICIPAL BALNEÁRIO GAIVOTA; MOVEIS; Cod.: 3 - INFORMATICA;57; IMPRESSORA HP 3020 LAZER COR CINZA; 06/02/2007; ARQUIVO MORTO; Baixado;R$ 53,00; Compra
 CÂMARA MUNICIPAL BALNEÁRIO GAIVOTA; MOVEIS; Cod.: 3 - INFORMATICA;55; CPU 2.8 AMD SEPRON SEM MONITOR; 06/02/2007; ARQUIVO MORTO; Baixado;R$ 1.050,00; Compra
 PREFEITURA MUNICIPAL DE BALNEÁRIO GAIVOTA; Móveis; MÁQUINAS, MOTORES;444; TRANSFORMADOR DE SOLDA 260 A BALMER; 02/02/2007; BENS INSERVÍVEIS; Baixado;R$ 380,00; Compra Normal
 PREFEITURA MUNICIPAL DE BALNEÁRIO GAIVOTA; Móveis; APARELHO DE COMUNICAÇÃO;197; CENTRAL CORP 16000 P/ 4X24(QUATRO E VINTE E QUATRO RAMAIS) ( SALA SERVIDOR ); 30/01/2007; BENS PARA LEILÃO; Baixado;R$ 300,00; Compra Normal
 PREFEITURA MUNICIPAL DE BALNEÁRIO GAIVOTA; Móveis; MOBILIÁRIO EM GERAL;926; BALCÃO DE RECEPÇÃO MDF EM FORMICA 3M; 12/01/2007; FUNDO MUNICIPAL DE SAUDE; Ativo;R$ 190,00; Compra Normal
 PREFEITURA MUNICIPAL DE BALNEÁRIO GAIVOTA; Móveis; MOBILIÁRIO EM GERAL;20; GUICHE EM MDF; 12/01/2007; MANUTENÇÃO DA SECRETARIA DE ARRECADAÇÃO; Ativo;R$ 61,60; Compra Normal
 PREFEITURA MUNICIPAL DE BALNEÁRIO GAIVOTA; Móveis; MOBILIÁRIO EM GERAL;21; GUICHE EM MDF; 12/01/2007; MANUTENÇÃO DA SECRETARIA DE ARRECADAÇÃO; Ativo;R$ 61,60; Compra Normal
 PREFEITURA MUNICIPAL DE BALNEÁRIO GAIVOTA; Móveis; MOBILIÁRIO EM GERAL;22; GUICHE EM MDF; 12/01/2007; MANUTENÇÃO DA SECRETARIA DE ARRECADAÇÃO; Ativo;R$ 61,60; Compra Normal
 PREFEITURA MUNICIPAL DE BALNEÁRIO GAIVOTA; Móveis; MOBILIÁRIO EM GERAL;1066; BALCÃO DE RECEPÇÃO MDF EM FORMICA 3M; 12/01/2007; FUNDO MUNICIPAL DE SAUDE; Ativo;R$ 185,00; Compra Normal
 PREFEITURA MUNICIPAL DE BALNEÁRIO GAIVOTA; Móveis; VEICULOS PESADOS;2320; CARRETA 5 TONELADAS TERRA FORTE, RODADO DUPLO, MODELO CAB RDH, COM PNEUS.MARCA FORBI MAQUINAS LIN/MOD FORB/CAB-RDH5TN  CHASSI SERIE XX06 ANO FABR 2006.; 11/01/2007; MANUTENÇÃO DA SECRETARIA DE OBRAS E SERV; Baixado;R$ 500,00; Compra Normal
 PREFEITURA MUNICIPAL DE BALNEÁRIO GAIVOTA; Móveis; ELETRODOMÉSTICOS;942; GELADEIRA CONSUL 80LT; 11/01/2007; FUNDO MUNICIPAL DE SAUDE; Ativo;R$ 30,00; Compra Normal
 PREFEITURA MUNICIPAL DE BALNEÁRIO GAIVOTA; Móveis; APARELHOS ELETRO-ELETRÔNICOS;4314; COLETOR DE DADOS T 1000 - NS = 039003803/3798; 02/01/2007; BENS INSERVÍVEIS; Baixado;R$ 990,00; Compra Normal
 PREFEITURA MUNICIPAL DE BALNEÁRIO GAIVOTA; Móveis; APARELHOS ELETRO-ELETRÔNICOS;4315; COLETOR DE DADOS T 1000 - NS = 039003803/3798; 02/01/2007; BENS INSERVÍVEIS; Baixado;R$ 990,00; Compra Normal
 PREFEITURA MUNICIPAL DE BALNEÁRIO GAIVOTA; Móveis; APARELHOS ELETRO-ELETRÔNICOS;4316; 01 COLETOR DE DADOS T 1000 - NS = 039003797 + 100 UNIDADES CORDÃO EM POLIESTER (AZUL MARINHO); 02/01/2007; BENS INSERVÍVEIS; Baixado;R$ 1.635,00; Compra Normal
 CÂMARA MUNICIPAL BALNEÁRIO GAIVOTA; MOVEIS; Cod.: 3 - INFORMATICA;54; CPU 2.8 COMPLETO AMD SEPRON COR BRANCO; 01/12/2006; ARQUIVO MORTO; Baixado;R$ 1.195,00; Compra
 CÂMARA MUNICIPAL BALNEÁRIO GAIVOTA; MOVEIS; Cod.: 3 - INFORMATICA;50; CPU 2.8 COMPLETO COR PRETO; 27/10/2006; ARQUIVO MORTO; Baixado;R$ 870,00; Compra
 CÂMARA MUNICIPAL BALNEÁRIO GAIVOTA; MOVEIS; Cod.: 3 - INFORMATICA;51; CPU 2.8 COMPLETO COR BRANCO; 27/10/2006; ARQUIVO MORTO; Baixado;R$ 870,00; Compra
 CÂMARA MUNICIPAL BALNEÁRIO GAIVOTA; MOVEIS; Cod.: 3 - INFORMATICA;53; MONITOR CRISTAL LIQUIDO LCD 17 POLEG; 27/10/2006; ARQUIVO MORTO; Baixado;R$ 0,10; Compra
 CÂMARA MUNICIPAL BALNEÁRIO GAIVOTA; MOVEIS; Cod.: 3 - INFORMATICA;52; MONITOR CISTAL LIQUIDO LCD 17 POLED COR PRETO; 27/10/2006; ARQUIVO MORTO; Baixado;R$ 630,00; Compra
 CÂMARA MUNICIPAL BALNEÁRIO GAIVOTA; MOVEIS; Cod.: 2 - ELETRONICOS;49; CENTRAL DE ALARME MONITORADO MODELO GPRS; 05/10/2006; CAMARA MUNICIPAL DE VEREADORES; Em uso;R$ 68,00; Compra
 PREFEITURA MUNICIPAL DE BALNEÁRIO GAIVOTA; Imóveis; TERRENOS; -; TERRENO URBANO SITUADO NO LOTEAMENTO ZEFERINO LOTE 20, DA QUADRA E, COM 894,00M2.; 20/09/2006; MANUTENÇÃO DA SECRETARIA DE ADMINISTRAÇÃ; Ativo;R$ 13.000,00; Compra
 CÂMARA MUNICIPAL BALNEÁRIO GAIVOTA; MOVEIS; Cod.: 2 - ELETRONICOS;48; APARELHO SHARP FAX UX 45; 18/09/2006; RECEPÇÃO; Baixado;R$ 92,75; Compra
 CÂMARA MUNICIPAL BALNEÁRIO GAIVOTA; MOVEIS; Cod.: 3 - INFORMATICA;47; CPU 2.8 COR BRANCO COMPLETO; 14/09/2006; ARQUIVO MORTO; Baixado;R$ 1.050,00; Compra
 CAMARA MUNICIPAL DE BALNEARIO GAIVOTA; MOVEIS; Cod.: 2 - ELETRONICOS;46; MODEM ADSL; 13/07/2006; CAMARA MUNICIPAL DE VEREADORES; Baixado;R$ 236,80; Compra
 PREFEITURA MUNICIPAL DE BALNEÁRIO GAIVOTA; Móveis; ELETRODOMÉSTICOS;1914; FOGÃO COURAÇADO INDUSTRIAL 6 QUEIMADORES DAKO.; 23/06/2006; BENS INSERVÍVEIS; Baixado;R$ 1.650,00; Compra
 PREFEITURA MUNICIPAL DE BALNEÁRIO GAIVOTA; Móveis; ELETRODOMÉSTICOS;2630; FOGÃO COURAÇADO INDUSTRIAL 6 QUEIMADORES DAKO.; 23/06/2006; BENS INSERVÍVEIS; Baixado;R$ 1.650,00; Compra
 PREFEITURA MUNICIPAL DE BALNEÁRIO GAIVOTA; Móveis; ELETRODOMÉSTICOS; -; BATEDEIRA PLANETARIA DA ARNO.; 23/06/2006; BENS INSERVÍVEIS; Baixado;R$ 398,00; Compra
 PREFEITURA MUNICIPAL DE BALNEÁRIO GAIVOTA; Móveis; ELETRODOMÉSTICOS;4095; BATEDEIRA PLANETÁRIA ARNO.; 23/06/2006; MANUTENÇÃO DA SECRETARIA DE EDUCAÇÃO; Ativo;R$ 39,80; Compra
 PREFEITURA MUNICIPAL DE BALNEÁRIO GAIVOTA; Móveis; MICROCOMPUTADOR;57;" MICROCOMPUTADOR INTEL P4 2,4 533MHZ 1MB CACHE. PLACA MB INTEL D865 PERL C/SOM HT-P4; HARD DISK 80 GB SANSUNG 7200 IDE; MEMÓRIA 512MB DDR 383/400MHZ; PL VÍDEO 128MB AGP GF4 FX 5200 ITV; PL REDE 10/100 PCI ENCORA; GRAVADORA CD LG/SANSUNG 52X32X52; MOUSE OPTICAL; TECLADO ABNT2 MTEA PS2; DRIVE 144MB; GABINETE ATX P4 TORRE."; 31/05/2006; MANUTENÇÃO DA SECRETARIA DE ARRECADAÇÃO; Ativo;R$ 195,00; Compra
 PREFEITURA MUNICIPAL DE BALNEÁRIO GAIVOTA; Móveis; DECORAÇÕES E ACESSÓRIOS;406;" PLACA DE RETRATO EM INOX; IDENTIFICADOR DE GESTÃO COM ACABAMENTO EM VELUDO E MOLDURA EM ALUMINIO."; 24/05/2006; MANUTENÇÃO DO GABINETE DO PREFEITO; Ativo;R$ 52,00; Compra
 PREFEITURA MUNICIPAL DE BALNEÁRIO GAIVOTA; Móveis; VEICULOS LEVES; -; UNO MILLE FIRE FLEX 4P - FIAT BRANCO BANCHISA CHASSI: 9BD15822764831511. NOTA DE ENTRADA 0100138U DT. EMISSÃO 10/4/2006. AUT. UNO MILLE FIRE FLEX 4P 05 PASSAGEIROS 004 CILINDROS - 0 KM  M. FIAT FAB 2006 MOD. 2006 COR BRANCO BANCHISA REV. TEAR JACQUARD SPIRIT CINZA/VER COD. RENAVAN 102827 NUM. MOTOR: 7008944 COR INTERNA:TEAR JACQUARD SPIRIT CINZA/VER - ANO FAB/MOD: 06/06 - COMB. FLEX(GASOLINA E ALCOOL, VEICULO EQUIPADO C/SEGUINTES OPCIONAIS 840906.; 17/05/2006; BENS INSERVÍVEIS; Baixado;R$ 24.750,00; Compra
 PREFEITURA MUNICIPAL DE BALNEÁRIO GAIVOTA; Móveis; MOBILIÁRIO EM GERAL; -; PIA EM GRANITO CINZA ANDORINHA 3,00X0,55 COM 0,40 PIA INOX.; 10/05/2006; BENS INSERVÍVEIS; Baixado;R$ 590,00; Compra
 CÂMARA MUNICIPAL BALNEÁRIO GAIVOTA; MOVEIS; Cod.: 6 - PLACAS;45; PLACA EM AÇO INOX 40X50  COM BRAZÃO PARA O PLENÁRIO JOSE JOAO SCHEFFER; 04/05/2006; CAMARA MUNICIPAL DE VEREADORES; Em uso;R$ 16,00; Compra
 PREFEITURA MUNICIPAL DE BALNEÁRIO GAIVOTA; Móveis; IMPRESSORAS; -; IMPRESSORA CANON 2000; 28/04/2006; BENS INSERVÍVEIS; Baixado;R$ 395,00; Compra
 PREFEITURA MUNICIPAL DE BALNEÁRIO GAIVOTA; Móveis; APARELHO DE COMUNICAÇÃO;2573; CENTRAL TELEFÔNICA; 28/04/2006; BENS PARA LEILÃO; Baixado;R$ 79,00; Compra
 CÂMARA MUNICIPAL BALNEÁRIO GAIVOTA; MOVEIS; Cod.: 7 - MOVEIS;40; BALCÃO PARA MESA DIRETORA NO PLENÁRIO COR BRANCO COM 4 LUGARES; 26/04/2006; CAMARA MUNICIPAL DE VEREADORES; Em uso;R$ 100,00; Compra
 CÂMARA MUNICIPAL BALNEÁRIO GAIVOTA; MOVEIS; Cod.: 7 - MOVEIS;41; MESA COM 4 LUGARES COR BRANCO PARA OS VEREADORES NO PLENÁRIO; 26/04/2006; CAMARA MUNICIPAL DE VEREADORES; Em uso;R$ 20,00; Compra
 CÂMARA MUNICIPAL BALNEÁRIO GAIVOTA; MOVEIS; Cod.: 7 - MOVEIS;43; BALCÃO PARA O EQUIPAMENTO DE SOM COM UMA PORTA COR BRANCO; 26/04/2006; CAMARA MUNICIPAL DE VEREADORES; Em uso;R$ 26,70; Compra
 CÂMARA MUNICIPAL BALNEÁRIO GAIVOTA; MOVEIS; Cod.: 7 - MOVEIS;44; TRIBUNA EM MDF COR BRANCO; 26/04/2006; CAMARA MUNICIPAL DE VEREADORES; Em uso;R$ 10,00; Compra
 CAMARA MUNICIPAL DE BALNEARIO GAIVOTA; MOVEIS; Cod.: 7 - MOVEIS;42; MESA COM 3 LUGARES PARA OS VEREADORES NO PLENÁRIO COR BRANCO; 26/04/2006; CAMARA MUNICIPAL DE VEREADORES; Em uso;R$ 10,00; Compra
 PREFEITURA MUNICIPAL DE BALNEÁRIO GAIVOTA; Móveis; MOBILIÁRIO EM GERAL;249; ARMARIO P/ESCRITÓRIO REF. 1013 AZ CAP.; 19/04/2006; BENS PARA LEILÃO; Baixado;R$ 232,73; Compra
 PREFEITURA MUNICIPAL DE BALNEÁRIO GAIVOTA; Móveis; MOBILIÁRIO EM GERAL;208; CADEIRA NEOPLAST REF. 861 CASINO PRETO; 19/04/2006; BENS INSERVÍVEIS; Baixado;R$ 189,95; Compra
 PREFEITURA MUNICIPAL DE BALNEÁRIO GAIVOTA; Móveis; MOBILIÁRIO EM GERAL;3745; CADEIRA NEOPLAST FIXA AZUL; 19/04/2006; MANUTENÇÃO DA SECRETARIA DE EDUCAÇÃO; Ativo;R$ 39,96; Compra
 PREFEITURA MUNICIPAL DE BALNEÁRIO GAIVOTA; Móveis; MOBILIÁRIO EM GERAL;1416; FREEZER VERTICAL 220 LT ELECTROLUX BR; 19/04/2006; MANUTENÇÃO DA SECRETARIA DE EDUCAÇÃO; Ativo;R$ 126,25; Compra
 PREFEITURA MUNICIPAL DE BALNEÁRIO GAIVOTA; Móveis; MOBILIÁRIO EM GERAL;602; ARMARIO REF. 1013 C/CHAVE KAPESBERG; 19/04/2006; MANUTENÇÃO DO CONSELHO TUTELAR; Ativo;R$ 32,72; Compra
 PREFEITURA MUNICIPAL DE BALNEÁRIO GAIVOTA; Móveis; APARELHOS ELETRO-ELETRÔNICOS;2006; DVD CCE; 19/04/2006; BENS INSERVÍVEIS; Baixado;R$ 408,00; Compra
 PREFEITURA MUNICIPAL DE BALNEÁRIO GAIVOTA; Móveis; ELETRODOMÉSTICOS; -; BATEDEIRA PLANETARIA ARNO; 19/04/2006; BENS INSERVÍVEIS; Baixado;R$ 416,20; Compra
 PREFEITURA MUNICIPAL DE BALNEÁRIO GAIVOTA; Móveis; MICROCOMPUTADOR;349; MICROCOMPUTADOR INTEL CELERON 2,13 - GABINETE KMEX ATX; 19/04/2006; BENS INSERVÍVEIS; Baixado;R$ 1.550,00; Compra
 PREFEITURA MUNICIPAL DE BALNEÁRIO GAIVOTA; Móveis; UTENSÍLIO MÓVEL;7918; ARMÁRIO C/ 5 PARTELEIRAS DE AÇO.; 07/04/2006; MANUTENÇÃO DA SECRETARIA DE EDUCAÇÃO; Ativo;R$ 33,60; Compra
 PREFEITURA MUNICIPAL DE BALNEÁRIO GAIVOTA; Móveis; MOBILIÁRIO EM GERAL;204; ARQUIVO DE AÇO C/ 04 GAVETAS; 07/04/2006; DIRETORIA DE AGRICULTURA; Ativo;R$ 35,30; Compra
 PREFEITURA MUNICIPAL DE BALNEÁRIO GAIVOTA; Móveis; MICROCOMPUTADOR;509; MICROCOMPUTADOR INTEL P4 2.4 533 MHZ 1MB CACHE; 16/03/2006; BENS PARA LEILÃO; Baixado;R$ 1.254,98; Compra
 PREFEITURA MUNICIPAL DE BALNEÁRIO GAIVOTA; Móveis; MICROCOMPUTADOR; -; MICROCOMPUTADOR INTEL CEBEROM 2530MHZ; 16/03/2006; BENS INSERVÍVEIS; Baixado;R$ 1.501,00; Compra
 PREFEITURA MUNICIPAL DE BALNEÁRIO GAIVOTA; Móveis; MOBILIÁRIO EM GERAL;3725; ARMARIO 02 PORTAS BP-153; 10/03/2006; MANUTENÇÃO DA SECRETARIA DE EDUCAÇÃO; Ativo;R$ 31,10; Compra
 PREFEITURA MUNICIPAL DE BALNEÁRIO GAIVOTA; Móveis; MOBILIÁRIO EM GERAL;2930; ARMARIO 02 PORTAS BP-153; 10/03/2006; MANUTENÇÃO DA SECRETARIA DE EDUCAÇÃO; Ativo;R$ 31,10; Compra
 PREFEITURA MUNICIPAL DE BALNEÁRIO GAIVOTA; Móveis; MOBILIÁRIO EM GERAL;3309; ARMARIO 02 PORTAS 0,60X200MT BEGE; 10/03/2006; BENS PARA LEILÃO; Baixado;R$ 203,59; Compra
 PREFEITURA MUNICIPAL DE BALNEÁRIO GAIVOTA; Móveis; MOBILIÁRIO EM GERAL;1249; ARMARIO 02 PORTAS BP-153; 10/03/2006; FUNDO MUNICIPAL DE SAUDE; Baixado;R$ 31,10; Compra
 PREFEITURA MUNICIPAL DE BALNEÁRIO GAIVOTA; Móveis; INSTRUMENTOS E UTENSÍLIOS;293; PLACA GALERIA DOS PREFEITOS EM INOX 15X100+ACABAMENTO EM VELUDO E MOLDURA EM ALUMINIO.; 24/02/2006; MANUTENÇÃO DO GABINETE DO PREFEITO; Ativo;R$ 59,50; Compra
 PREFEITURA MUNICIPAL DE BALNEÁRIO GAIVOTA; Móveis; MOBILIÁRIO EM GERAL;662; MESA TENIS DE MESA 1,50X275 N/F CORRESPONDENTE DO CUPOM FISCAL Nº 249; 16/02/2006; BENS PARA LEILÃO; Baixado;R$ 34,00; Compra
 PREFEITURA MUNICIPAL DE BALNEÁRIO GAIVOTA; Móveis; APARELHO DE COMUNICAÇÃO; -; CENTRAL PABX 6020 P/ 4X20; 03/02/2006; BENS INSERVÍVEIS; Baixado;R$ 2.000,00; Compra
 PREFEITURA MUNICIPAL DE BALNEÁRIO GAIVOTA; Móveis; IMPRESSORAS; -; IMPRESSORA LASER CANON 1120; 31/01/2006; BENS INSERVÍVEIS; Baixado;R$ 1.050,00; Compra
 PREFEITURA MUNICIPAL DE BALNEÁRIO GAIVOTA; Móveis; EQUIPAMENTOS MÉDICOS;1007; CENTRAL NEBULIZAÇÃO DE 4 SAIDAS MARCA FILIPIN; 30/01/2006; FUNDO MUNICIPAL DE SAUDE; Baixado;R$ 1.689,90; Compra
 PREFEITURA MUNICIPAL DE BALNEÁRIO GAIVOTA; Móveis; ELETRODOMÉSTICOS; -; AR CONDICIONADO SPLIT; 30/01/2006; BENS INSERVÍVEIS; Baixado;R$ 1.489,60; Compra
 PREFEITURA MUNICIPAL DE BALNEÁRIO GAIVOTA; Móveis; ELETRODOMÉSTICOS; -; EVAPORADOR DE AR 9000 BTU's -  RBI 9R 05TI203087; 30/01/2006; BENS INSERVÍVEIS; Baixado;R$ 638,40; Compra
 PREFEITURA MUNICIPAL DE BALNEÁRIO GAIVOTA; Móveis; APARELHO DE COMUNICAÇÃO; -; TELEFONE CELULAR LG MG 155 COM TIM CHIP; 23/01/2006; BENS INSERVÍVEIS; Baixado;R$ 499,00; Compra
 PREFEITURA MUNICIPAL DE BALNEÁRIO GAIVOTA; Móveis; MOBILIÁRIO EM GERAL;108; ARQUIVO DE AÇO 4 GAVETAS; 19/01/2006; MANUTENÇÃO DA SECRETARIA DE ARRECADAÇÃO; Ativo;R$ 35,30; Compra
 PREFEITURA MUNICIPAL DE BALNEÁRIO GAIVOTA; Móveis; MOBILIÁRIO EM GERAL;109; ARQUIVO DE AÇO 4 GAVETAS; 19/01/2006; MANUTENÇÃO DA SECRETARIA DE ARRECADAÇÃO; Ativo;R$ 35,30; Compra
 PREFEITURA MUNICIPAL DE BALNEÁRIO GAIVOTA; Móveis; MÁQUINAS, MOTORES; -; ROÇADEIRA STIHL FS220 Nº 360846026; 05/01/2006; BENS INSERVÍVEIS; Baixado;R$ 2.050,00; Compra
 PREFEITURA MUNICIPAL DE BALNEÁRIO GAIVOTA; Móveis; MOBILIÁRIO EM GERAL;2085; ARMARIO 2 PORTA ALTO; 26/12/2005; MANUTENÇÃO DA SECRETARIA DE EDUCAÇÃO; Ativo;R$ 31,00; Compra
 PREFEITURA MUNICIPAL DE BALNEÁRIO GAIVOTA; Móveis; MOBILIÁRIO EM GERAL;1700; ARMARIO MOD. 21 CINZA FECHADO; 26/12/2005; MANUTENÇÃO DA SECRETARIA DE EDUCAÇÃO; Ativo;R$ 31,00; Compra
 PREFEITURA MUNICIPAL DE BALNEÁRIO GAIVOTA; Móveis; MOBILIÁRIO EM GERAL;1807; ARMARIO KAPESBERG CILIEGIO 2 PORTAS; 26/12/2005; BENS PARA LEILÃO; Baixado;R$ 31,00; Compra
 PREFEITURA MUNICIPAL DE BALNEÁRIO GAIVOTA; Móveis; MOBILIÁRIO EM GERAL;1487; ARMARIO MOD. 21 AZUL FECHADO; 26/12/2005; MANUTENÇÃO DA SECRETARIA DE EDUCAÇÃO; Ativo;R$ 31,00; Compra
 PREFEITURA MUNICIPAL DE BALNEÁRIO GAIVOTA; Móveis; MOBILIÁRIO EM GERAL;1842; DUPLICADOR DE COPIAS S/CONTADOR; 26/12/2005; BENS INSERVÍVEIS; Baixado;R$ 395,00; Compra
 PREFEITURA MUNICIPAL DE BALNEÁRIO GAIVOTA; Móveis; MOBILIÁRIO EM GERAL;1384; DUPLICADOR DE COPIAS S/CONTADOR; 26/12/2005; BENS INSERVÍVEIS; Baixado;R$ 187,45; Compra
 PREFEITURA MUNICIPAL DE BALNEÁRIO GAIVOTA; Móveis; VEICULOS LEVES; -; DUCATO MULTI-FIAT BRANCO BANCHISA CHASSI: 93W245H3362004165 - NOTA DE ENTRADA 003197AU DT. EMISSÃO 14/11/2005 - FIAT DUCATO MULTI MOD-2006 004 CILINDROS - OKM M FIAT FAB. 2005 COR BRANCO BANCHISA REV-REVEST. MISTO TECIDO PUNTINATO/CÓD. RENAVAM: 204109 NÚM. MOTOR 4153122 COR INTEIRA REVEST. MISTO TECIDO PUNTINATO/-ANO FAB/MOD: 05/06 - COMB.: DIESEL VEICULO EQUIPADO C/SEGUINTES OPCIONAIS: 644 - CONVÊNIO 8.861/2005-7 - MINISTÉRIO DA SAÚDE DE 08 DE JULHO DE 2005 AUTORIZAÇÃO DE CONVÊNIO Nº 529 DE 01/06/05.; 01/12/2005; MANUTENÇÃO DA SECRETARIA DE OBRAS E SERV; Baixado;R$ 88.890,00; Convênio
 PREFEITURA MUNICIPAL DE BALNEÁRIO GAIVOTA; Imóveis; TERRENOS; -; TERRENO URBANO SITUADO NO LOTEAMENTO JARDIM ULTRAMAR LOTE 04, DA QUADRA 151, COM 300,00M2.; 29/11/2005; MANUTENÇÃO DA SECRETARIA DE ADMINISTRAÇÃ; Ativo;R$ 5.000,00; Compra
 PREFEITURA MUNICIPAL DE BALNEÁRIO GAIVOTA; Móveis; APARELHOS ELETRO-ELETRÔNICOS; -; PLACA MARCA ASUS 47VBAMX PARA INSTALAÇÃO DO COMPUTADOR DO PLENÁRIO.; 06/10/2005; BENS INSERVÍVEIS; Baixado;R$ 400,00; Compra
 PREFEITURA MUNICIPAL DE BALNEÁRIO GAIVOTA; Móveis; MICROCOMPUTADOR;3755;" MICROCOMPUTADOR P4 2.4 GLMZ - CONFIGURAÇÃO: 256MB RAM; HARD DISK 40 GB; DRIVE; TECLADO; MOUSE; MONITOR 15; DRIVE CD 52X; PLACA MB D865GV MZ6; GABINETE P4 C/FONTE."; 30/09/2005; MANUTENÇÃO DA SECRETARIA DE EDUCAÇÃO; Ativo;R$ 200,00; Compra
 PREFEITURA MUNICIPAL DE BALNEÁRIO GAIVOTA; Móveis; MOBILIÁRIO EM GERAL;171; ARMARIO 2 PARTES C/CHAVE ALTO KAPESBERG; 28/09/2005; MANUTENÇÃO DA SECRETARIA DE ADMINISTRAÇÃ; Ativo;R$ 34,68; Compra
 PREFEITURA MUNICIPAL DE BALNEÁRIO GAIVOTA; Imóveis; TERRENOS; -; IMÓVEL SITUADO NO LOTEAMENTO SÃO BRÁS, CONSTITUIDO DO LOTE 07, DA QUADRA IV, COM 316,50M2.MATRICULA 42103.; 27/09/2005; BENS PARA LEILÃO; Baixado;R$ 4.500,00; Compra
 PREFEITURA MUNICIPAL DE BALNEÁRIO GAIVOTA; Imóveis; TERRENOS; -; IMÓVEL SITUADO NO LOTEAMENTO SÃO BRÁS, CONSTITUIDO DO LOTE 09, DA QUADRA IV, COM 319,50M2, MATRICULA 42.105.; 27/09/2005; FUNDO MUNICIPAL DE SAUDE; Ativo;R$ 4.500,00; Compra
 PREFEITURA MUNICIPAL DE BALNEÁRIO GAIVOTA; Imóveis; TERRENOS; -; IMÓVEL SITUADO NO LOTEAMENTO SÃO BRÁS, CONSTITUIDO DO LOTE 11, DA QUADRA IV, COM 331,50M2, MATRICULA 42.107.; 27/09/2005; BENS PARA LEILÃO; Baixado;R$ 4.500,00; Compra
 PREFEITURA MUNICIPAL DE BALNEÁRIO GAIVOTA; Móveis; MOBILIÁRIO EM GERAL;595; ARMARIO 2 PORTAS COM CHAVE KAPESBERG; 22/09/2005; MANUTENÇÃO DO CONSELHO TUTELAR; Ativo;R$ 34,68; Compra
 PREFEITURA MUNICIPAL DE BALNEÁRIO GAIVOTA; Móveis; MOBILIÁRIO EM GERAL;584; ARMARIO 2 PORTAS COM CHAVE KAPESBERG; 22/09/2005; MANUTENÇÃO DO CONSELHO TUTELAR; Ativo;R$ 34,68; Compra
 PREFEITURA MUNICIPAL DE BALNEÁRIO GAIVOTA; Móveis; ELETRODOMÉSTICOS; -; FOGÃO COROUÇADO DA DAKO C/FORNO; 22/09/2005; BENS INSERVÍVEIS; Baixado;R$ 1.198,00; Compra
 PREFEITURA MUNICIPAL DE BALNEÁRIO GAIVOTA; Móveis; MICROCOMPUTADOR;4401; MICROCOMPUTADOR PROC. I3 -2380 3.10GHZ/MEM 8GB/HD 500GB/DVD-RW/PLACA DE VIDEO QUADOR 2000; 30/08/2005; BENS INSERVÍVEIS; Baixado;R$ 826,50; Compra
 PREFEITURA MUNICIPAL DE BALNEÁRIO GAIVOTA; Móveis; CÂMARA FOTOGRÁFICA; -; CÂMARA DIGITAL DIGIMAX SANSUNG 202 MEMORY STICK DE 128MB CARREGADOR DE PILHAS; 08/07/2005; BENS INSERVÍVEIS; Baixado;R$ 530,00; Compra
 PREFEITURA MUNICIPAL DE BALNEÁRIO GAIVOTA; Móveis; DECORAÇÕES E ACESSÓRIOS; -; MURAL EM ALUMINIO 70X1,65; 22/06/2005; BENS INSERVÍVEIS; Baixado;R$ 400,00; Compra
 CÂMARA MUNICIPAL BALNEÁRIO GAIVOTA; MOVEIS; Cod.: 4 - MESAS;39; MESA CIMETAL 1.20 MT COR PINHÃO; 22/06/2005; CAMARA MUNICIPAL DE VEREADORES; Em uso;R$ 19,60; Compra
 PREFEITURA MUNICIPAL DE BALNEÁRIO GAIVOTA; Móveis; MOBILIÁRIO EM GERAL;3717; MESA 1,20 2 GAV. AZUL KAPESBERG; 21/06/2005; MANUTENÇÃO DA SECRETARIA DE EDUCAÇÃO; Ativo;R$ 31,10; Compra
 PREFEITURA MUNICIPAL DE BALNEÁRIO GAIVOTA; Móveis; MÁQUINAS, MOTORES; -; SERRA CIRCULAR SKIL F012515006 PRO; 17/06/2005; BENS INSERVÍVEIS; Baixado;R$ 372,18; Compra
 PREFEITURA MUNICIPAL DE BALNEÁRIO GAIVOTA; Móveis; MOBILIÁRIO EM GERAL;640; CONJUNTO DE MESA EM L 1,50X1,20; 07/06/2005; MANUTENÇÃO DA SECRETARIA DE ADMINISTRAÇÃ; Ativo;R$ 33,70; Compra
 PREFEITURA MUNICIPAL DE BALNEÁRIO GAIVOTA; Móveis; MÁQUINAS PARA ESCRITÓRIO; -; MONITOR 15; 30/05/2005; BENS INSERVÍVEIS; Baixado;R$ 350,00; Compra
 PREFEITURA MUNICIPAL DE BALNEÁRIO GAIVOTA; Móveis; VEICULOS LEVES; -; AUTOMOVEL UNO MILLE FIRE FLEX 4P COMBUSTIVEL: ALC/GAS. 4 CILINDROS RENAVAM: 102627 / 5 PASSAG. VEICULO NOVO - MARCA: FIAT COR: 249 BRANCO BANCHISA FAB./MOD..: 05/06 ADQUIRIDO DE: FIAT AUTOMÓVEIS S/A.; 29/04/2005; BENS INSERVÍVEIS; Baixado;R$ 19.500,00; Compra
 PREFEITURA MUNICIPAL DE BALNEÁRIO GAIVOTA; Móveis; VEICULOS LEVES; -;" VEICULO NOVO - MARCA FIAT COR: 249 BRANCO ANO FAB./MOD.: 05/06
 UNO MILLE FIRE FLEX 4 P : - RENAVAN: 102627 - CHASSI: 9BD15822764679546"; 29/04/2005; MANUTENÇÃO DA SECRETARIA DE OBRAS E SERV; Baixado;R$ 19.500,00; Compra
 PREFEITURA MUNICIPAL DE BALNEÁRIO GAIVOTA; Móveis; MICROCOMPUTADOR;235;" MICROCOMPUTADOR INTEL CELEROM 2400 MHZ 2,40 533 MHZ 256 CACHE. CONFIGURAÇÃO: PLACA MB INTEL 0845 GV FALL SIVIR-P4, HD 4063 SANSUG 7200 - 4002; MEMORIA 128MB DDR 255/333MHZ; MOUSE C/SCROLL P52; TECLADO ABNT2 MTEC P52; DRIVE 1,44 MB B 1/2; GABINETE MINI ATX P4; MINI-TORRE BR-HANK; GRVADORA CD LG 52X32X52; CAIXAS SOM AMPLIFICADAS; PLACA REDE 101100 PCI CVCORE."; 15/04/2005; BENS INSERVÍVEIS; Baixado;R$ 1.360,00; Compra
 PREFEITURA MUNICIPAL DE BALNEÁRIO GAIVOTA; Móveis; APARELHO DE COMUNICAÇÃO; -; TELEFONE CELULAR NOKIA 3120 COM TIM CHIP; 24/03/2005; BENS INSERVÍVEIS; Baixado;R$ 498,00; Compra
 PREFEITURA MUNICIPAL DE BALNEÁRIO GAIVOTA; Móveis; MICROCOMPUTADOR;3732; MICROCOMPUTADOR INTEL POSITIVO; 18/03/2005; MANUTENÇÃO DA SECRETARIA DE EDUCAÇÃO; Ativo;R$ 203,60; Compra
 PREFEITURA MUNICIPAL DE BALNEÁRIO GAIVOTA; Móveis; MONITORES; -; MONITOR 17 PL SANSUG 793V SEMI PLANA; 18/03/2005; BENS INSERVÍVEIS; Baixado;R$ 510,00; Compra
 PREFEITURA MUNICIPAL DE BALNEÁRIO GAIVOTA; Móveis; APARELHO DE COMUNICAÇÃO; -; PABX - XE11-3L IBR / LG B; 09/03/2005; BENS INSERVÍVEIS; Baixado;R$ 650,00; Compra
 PREFEITURA MUNICIPAL DE BALNEÁRIO GAIVOTA; Móveis; ELETRODOMÉSTICOS; -; FOGÃO TROPICAL 06 BOCAS COR BRANCA; 07/03/2005; BENS INSERVÍVEIS; Baixado;R$ 469,00; Compra
 PREFEITURA MUNICIPAL DE BALNEÁRIO GAIVOTA; Móveis; ELETRODOMÉSTICOS; -; FREEZER 260 LITROS DA ELECTROLUX; 24/02/2005; BENS INSERVÍVEIS; Baixado;R$ 1.120,00; Compra
 PREFEITURA MUNICIPAL DE BALNEÁRIO GAIVOTA; Móveis; IMPRESSORAS; -; IMPRESSORA LASER SHARP MULTIFUNCIONAL 164505 COM TONER SHARP LASER SHARP AL 12000; 17/02/2005; BENS INSERVÍVEIS; Baixado;R$ 3.510,00; Compra
 PREFEITURA MUNICIPAL DE BALNEÁRIO GAIVOTA; Móveis; ELETRODOMÉSTICOS;4252; REFRIGERADOR 370 LITROS ELECTROLUX; 14/02/2005; MANUTENÇÃO DA SECRETARIA DE EDUCAÇÃO; Ativo;R$ 110,90; Compra
 PREFEITURA MUNICIPAL DE BALNEÁRIO GAIVOTA; Móveis; MICROCOMPUTADOR;1841;" MICROCOMPUTADOR  P 111 1.0 C/ 256MB RAM; HD 40 DRIVE; TECLADO E MOUSE."; 14/02/2005; BENS PARA LEILÃO; Baixado;R$ 120,00; Compra
 PREFEITURA MUNICIPAL DE BALNEÁRIO GAIVOTA; Móveis; IMPRESSORAS; -; IMPRESSORA LASER CANON 1120; 25/01/2005; BENS INSERVÍVEIS; Baixado;R$ 1.085,00; Compra
 PREFEITURA MUNICIPAL DE BALNEÁRIO GAIVOTA; Móveis; EQUIPAMENTOS MÉDICOS; -; 01 CENTRIFUGA DE SANGUE CAPACIDADE 16 TUBOS ADRINETE E INFERIOR EM CHAPA DE AÇO  CINTA DE PROTEÇÃO NA CAMARA DE(PROTEÇÃO)  CONTROLE DE VELOCIDADE AJUSTÁVEL TEMPETURA E RESISTÊNCIA COM   SISTEMA DE SEGURANÇA 200WATTS.; 28/12/2004; BENS INSERVÍVEIS; Baixado;R$ 3.900,00; Compra Normal
 PREFEITURA MUNICIPAL DE BALNEÁRIO GAIVOTA; Móveis; EQUIPAMENTOS MÉDICOS;1220; 01  COLPOSCÓPIO C/AUMENTO  DE 14 VEZES, FOCXAL DE 300MM, MICRO REGULAGEM, RODIZIO EM Y, LAMPADA HALOGENA .; 28/12/2004; FUNDO MUNICIPAL DE SAUDE; Baixado;R$ 2.554,50; Compra Normal
 PREFEITURA MUNICIPAL DE BALNEÁRIO GAIVOTA; Móveis; EQUIPAMENTOS MÉDICOS; -; 01  AUTOCLAVE DIGITAL 30 LITROS INOX, OPERAÇÃO AUTOMÁTICA ATRAVÉS DE PAINEL DIGITAL.; 28/12/2004; BENS INSERVÍVEIS; Baixado;R$ 6.000,00; Compra Normal
 PREFEITURA MUNICIPAL DE BALNEÁRIO GAIVOTA; Móveis; EQUIPAMENTOS MÉDICOS; -; 01 ECG ELETROCARDIOGRAFICO PORTÁTIL DIGITAL  DE 03 CANAISOPERAÇÃO AUTOMÁTICA C/UM  UNICA TECLA, IMPRESSÃO DE 12 VARIAÇÕES, OBTENÇÃO DO ELETROCARDIOGRAMA COM 20 SEGUNDOS POR DERIVAÇÕES DE ECG EM 03 CANAIS.; 28/12/2004; BENS INSERVÍVEIS; Baixado;R$ 8.900,00; Compra Normal
 PREFEITURA MUNICIPAL DE BALNEÁRIO GAIVOTA; Móveis; EQUIPAMENTOS MÉDICOS; -; 01 CARRO CURATIVO COM BALDE E BACIA, ESTRUTURA EM TUBOS DE AÇO REDONDO CROMADO DE 25,40MM DE DIÂMETRO, TAMPO E PRATELEIRAS EM CHAPA DE AÇO INOXIDÁVEL, GUARNIÇÃO CROMADA EM TODA A VOLTA DAS PRATELEIRAS, PÉS DOTADOS DE RODÍZIOS DE 11/2 DE DIÂMETRO, EQUIPADO COM BACIA DE AÇO INOXIDÁVEL DE 350MM DE DIÂMETRO DE BALDE EM AÇO INOXÁDEL COM ALÇA E CAPACIDADE DE 5 LITROS, DIMENSÕES MÁXIMAS: COMPRIM 800MM X PROF 430MM X ALTURA 850MM.; 28/12/2004; BENS INSERVÍVEIS; Baixado;R$ 750,00; Compra Normal
 PREFEITURA MUNICIPAL DE BALNEÁRIO GAIVOTA; Móveis; EQUIPAMENTOS MÉDICOS; -; 01 CARRO MACA C/GRANDE DS ROD 3 1,90 X 0,60 X 0,90CMS, FAB ESTRUT 1 1/4 X 1,20MM, LEITO EM CHAPA 1,06MM REMOVÍVEL ENC. MÓVEL GRADES EM TUBOS 5/8 X 1,20MM CROMADAS E ESCOMOTEÁVEIS SUP P/SORO ROD 3 SENDO 02 COM FREIO EM DIAGONAL COM COLCHÃO 1,78 X 0,58 X 0,05CMS, FAB ESPUMA COURVIM LAV. OM RESPIROS LATERAIS.; 28/12/2004; FUNDO MUNICIPAL DE SAUDE; Baixado;R$ 327,50; Compra Normal
 PREFEITURA MUNICIPAL DE BALNEÁRIO GAIVOTA; Móveis; EQUIPAMENTOS MÉDICOS;1219; DETECTOR FETAL DE MESA COM CONTROLES REGULÁVEIS DE VOLUME E TONALIDADE DIMENSÕES 80 X 170 X 250MM, FONE DE OUVIDO PARA ESCUTA INDIVIDUAL 220 VOLTS.; 28/12/2004; FUNDO MUNICIPAL DE SAUDE; Baixado;R$ 49,00; Compra Normal
 PREFEITURA MUNICIPAL DE BALNEÁRIO GAIVOTA; Móveis; EQUIPAMENTOS MÉDICOS;596; ARQUIVO DE CHAPAS COM 4 GAVETAS NA COR CINZA.; 28/12/2004; MANUTENÇÃO DO CONSELHO TUTELAR; Ativo;R$ 43,00; Compra Normal
 PREFEITURA MUNICIPAL DE BALNEÁRIO GAIVOTA; Móveis; EQUIPAMENTOS MÉDICOS;583; ARQUIVO DE CHAPAS COM 4 GAVETAS NA COR CINZA.; 28/12/2004; MANUTENÇÃO DO CONSELHO TUTELAR; Ativo;R$ 43,00; Compra Normal
 PREFEITURA MUNICIPAL DE BALNEÁRIO GAIVOTA; Móveis; EQUIPAMENTOS MÉDICOS; -; 01 OTOSCÓPIO  COM CABEÇOTE COM MATERIAL NÃO CORROSÍVEL PUNHA ESPAÇO PARA LIGAR E DESLIGAR O INSTRUMENTO E ESTOJO ESPECULOS.; 28/12/2004; BENS INSERVÍVEIS; Baixado;R$ 300,00; Compra Normal
 PREFEITURA MUNICIPAL DE BALNEÁRIO GAIVOTA; Móveis; APARELHO DE COMUNICAÇÃO; -; APARELHO DE FAX PAPEL TÉCNICO TECLA DE NAVEGAÇÃO MEMÓRIA PARA 100 NÚMEROS, BLOQUEIO DO TECLADO POR CÓDIGO ALIMENTADOR AUTOMÁTICO DE PAPEL FUNÇÃO AJUDA EM, PORTUGUÊS DISCAGEM ABREVIADA, CONTROLE DE VOLUME AUTOMÁTICO POTÊNCIA 120V; 28/12/2004; BENS INSERVÍVEIS; Baixado;R$ 520,00; Compra Normal
 PREFEITURA MUNICIPAL DE BALNEÁRIO GAIVOTA; Móveis; IMPRESSORAS; -; 01 IMPRESSORA LASER MONOCROMICA, RESOLUÇÃO 1200 Q (600 X 600 DPI), VELOCIDADE DE 18PPM , PROCESSADOR 100MHZ, MEMÓRIA 8MB,  PORTA PARALELA BIDIRECIONAL  E USB COMPATÍVEL C/PC, MAC, EMULAÇÃO PCLE EPCL  5 E CICLO M~ES 10000 PÁGINAS.; 28/12/2004; BENS INSERVÍVEIS; Baixado;R$ 1.100,00; Compra Normal
 PREFEITURA MUNICIPAL DE BALNEÁRIO GAIVOTA; Móveis; MICROCOMPUTADOR; -; MICROCOMPUTADOR SEM PRON 2200 ADM  PLACA MÃE DURO/ATHON, PROCESSADOR SEM PROM 2200 AMD , GABINETE ATX 400W, BRANCO, DRIVE 1,44, CPU COOLER SEM PORMA/ATLHOM XP/DUROM, TECLADO ANTI LER PS 2 BRANCO, MAUSE, MEMÓRIA 128 MB DDR 333, HD 30 GB, IDE 7.200 RPM SAMSUNG IDE, DRIVE CD 52 X BRANCO, CX SOM, MONITOR 15 110V.; 28/12/2004; BENS INSERVÍVEIS; Baixado;R$ 1.900,00; Compra Normal
 PREFEITURA MUNICIPAL DE BALNEÁRIO GAIVOTA; Móveis; MATERIAL ODONTOLOGICO;1222;" 01 EQUIPAMENTO ODONTOLÓGICO COMPLETO CONTENDO: A) CADEIRA COM MOVIMENTO SEMIÁUTOMÁTICO, ELEVAÇÃO DO ENCOSTO POR SISTEMA HIDRÁULICO E ENCOSTO MECÂNICO ACIONADO POR MAÇANETA CILÍNDRICA; EQUIPO ACOPLADO A CADEIRA C/BRAÇO ARTICULÁVEL NA HORIZONTAL REGULAGEM NA POSIÇÃO VERTICAL; REFLETOR C/ACIONAMENTO POR HASTE INTERREPTORA LONGA; UNIDADE DE AGUA COMPOSTA DE UM SUGADOR PARA SANGUE/SALIVA; MOCHO C/SISTEMA DE ELEVAÇÃO  DO ASSENTA  A GAZ; CANETA DENTARIA DE ALTA ROTAÇÃO; CANETA DENTARIA DE BAIXA ROTAÇÃO; COMPRESSOR DE AR ODONTOLÓGICO ISENTO DE ÓLEO NO MOTOR, MOTOR DE 1/2 HP C/ CAPACIDADE DE 40L."; 28/12/2004; FUNDO MUNICIPAL DE SAUDE; Baixado;R$ 1.749,00; Compra Normal
 PREFEITURA MUNICIPAL DE BALNEÁRIO GAIVOTA; Móveis; MÁQUINAS PARA ESCRITÓRIO; -; 01 MONITOR FLATRON L15155( 01 MEMÓRIA VS 512 SDS 1333); 20/12/2004; CAMARA MUNICIPAL DE VEREADORES; Baixado;R$ 2.100,00; Compra Normal
 PREFEITURA MUNICIPAL DE BALNEÁRIO GAIVOTA; Móveis; IMPRESSORAS; -; 01 IMPRESSORA MULTIFUNCIONAL EPSON STYLUS CX 3500; 24/11/2004; BENS INSERVÍVEIS; Baixado;R$ 642,00; Compra Normal
 PREFEITURA MUNICIPAL DE BALNEÁRIO GAIVOTA; Móveis; ELETRODOMÉSTICOS;1424; 01 MICROONDAS L 27 ELECTROLUX; 05/11/2004; MANUTENÇÃO DA SECRETARIA DE EDUCAÇÃO; Ativo;R$ 34,69; Compra Normal
 PREFEITURA MUNICIPAL DE BALNEÁRIO GAIVOTA; Móveis; APARELHOS ELETRO-ELETRÔNICOS; -; 01 IMPRESSORA HP 3500; 01/11/2004; CAMARA MUNICIPAL DE VEREADORES; Baixado;R$ 300,00; Compra Normal
 PREFEITURA MUNICIPAL DE BALNEÁRIO GAIVOTA; Móveis; MICROCOMPUTADOR;321;" 01 MICRO COMPUTADOR( DRIVE CD ROOM 52X LG MICROCOMPUTADOR INTEL CELEROM 2400 MHZ.CONFIGURAÇÃO: 256 MB DDRs; HARD DISK 40GB SAMSUNG 7200; M BOARD INTEL 845 EPI; PLACA DE VÍDEO 64 MB AGP AII RADEON; DRIVE CD ROOM 52X LG; CAIXAS DE SON; PLACA DE REDE 10/100 PCI; MOUSE PS2; TECLADO ABNT2 PS2; DRIVE 1,44 MB; GABINETE ATX."; 10/09/2004; BENS INSERVÍVEIS; Baixado;R$ 1.885,00; Compra Normal
 PREFEITURA MUNICIPAL DE BALNEÁRIO GAIVOTA; Móveis; CÂMARA FOTOGRÁFICA;1689; MÁQUINA FOTOGRÁFICA DIGITAL; 04/08/2004; BENS INSERVÍVEIS; Baixado;R$ 1.400,00; Compra Normal
 PREFEITURA MUNICIPAL DE BALNEÁRIO GAIVOTA; Móveis; APARELHOS ELETRO-ELETRÔNICOS; -; NOOTE'BOOK A 530 COMPUTADOR COM 256MB DDR TELA LCD 14.1 HD30G; 26/07/2004; CAMARA MUNICIPAL DE VEREADORES; Baixado;R$ 3.910,00; Compra Normal
 CÂMARA MUNICIPAL BALNEÁRIO GAIVOTA; MOVEIS; Cod.: 3 - INFORMATICA;37; NOOTBOOK A 530 TELA DE LED 14.1 POLEGADAS MARCA ACER; 26/07/2004; ARQUIVO MORTO; Baixado;R$ 3.910,00; Compra
 CÂMARA MUNICIPAL BALNEÁRIO GAIVOTA; MOVEIS; Cod.: 3 - INFORMATICA;38; MONITOR DE CRISTAL LIQUIDO LG 16 POLEGADAS; 24/07/2004; ARQUIVO MORTO; Baixado;R$ 1.500,00; Compra
 PREFEITURA MUNICIPAL DE BALNEÁRIO GAIVOTA; Móveis; MOBILIÁRIO EM GERAL;2947; ARMARIO DE MADEIRA 0,60X 2MT; 25/06/2004; MANUTENÇÃO DA SECRETARIA DE EDUCAÇÃO; Ativo;R$ 39,00; Compra Normal
 PREFEITURA MUNICIPAL DE BALNEÁRIO GAIVOTA; Móveis; MOBILIÁRIO EM GERAL;1413; ARMARIO PRATELEIRA DE FORMICA BRACO; 25/06/2004; MANUTENÇÃO DA SECRETARIA DE EDUCAÇÃO; Ativo;R$ 39,00; Compra Normal
 PREFEITURA MUNICIPAL DE BALNEÁRIO GAIVOTA; Móveis; MOBILIÁRIO EM GERAL;2913; ARMARIO ESTANTE.; 25/06/2004; MANUTENÇÃO DA SECRETARIA DE EDUCAÇÃO; Ativo;R$ 38,99; Compra Normal
 PREFEITURA MUNICIPAL DE BALNEÁRIO GAIVOTA; Móveis; MICROCOMPUTADOR; -; KIT MD K7 900MHZ/HD,HD 206B,MONITOR 15' PLO., 25 G DE MEMÓRIA RAM, FAX MODEM US ROBÓTICA, TECLADO, MOUSE, CX DE SOM, DRIVE DE CD ROM, DRIVE DE  1.44, ESTABELIZADOR.; 11/05/2004; BENS INSERVÍVEIS; Baixado;R$ 2.720,00; Compra Normal
 CÂMARA MUNICIPAL BALNEÁRIO GAIVOTA; MOVEIS; Cod.: 3 - INFORMATICA;36; IMPRESSORA HP 3550; 07/05/2004; ARQUIVO MORTO; Baixado;R$ 300,00; Compra
 PREFEITURA MUNICIPAL DE BALNEÁRIO GAIVOTA; Móveis; INSTRUMENTOS E UTENSÍLIOS; -; CARTEIRAS ESCOLAR ADULTO(P/USO DAS TURMAS DE 5ª SÉRIE DAS ESCOLAS MUNICIPAIS).; 27/02/2004; BENS INSERVÍVEIS; Baixado;R$ 2.443,60; Compra Normal
 PREFEITURA MUNICIPAL DE BALNEÁRIO GAIVOTA; Móveis; INSTRUMENTOS E UTENSÍLIOS; -; CADEIRAS ESCOLAR ADULTO(P/ USO DAS TURMAS DE 5ª SÉRIE DAS ESCOLAS MUNICIPAIS); 27/02/2004; BENS INSERVÍVEIS; Baixado;R$ 2.351,35; Compra Normal
 PREFEITURA MUNICIPAL DE BALNEÁRIO GAIVOTA; Móveis; INSTRUMENTOS E UTENSÍLIOS; -;" 01 MAGIC ENGLISH (32 FITAS, 16 LIVROS pc SCHOOL HOUSE) 
01 SISTEMA CULTURAL EDUCATIVO  MULTIMIDIA BARSA(NOVA BARSA  18 VOL. COP. 2002 + CD BARSA 3.1 + 2 FITAS VIDEO EDUCATIVO + CD PESQUISAS ESPECIAIS SERVIÇOS BARSA SOCIETY."; 20/02/2004; BENS INSERVÍVEIS; Baixado;R$ 3.240,00; Compra Normal
 PREFEITURA MUNICIPAL DE BALNEÁRIO GAIVOTA; Móveis; MICROCOMPUTADOR;322; MICROCOMPUTADOR DURON( 1,49H2, HD209B, 128MB MEMÓRIA, CD ROM 52X, MONITOR 15, MOUSE, TECLADO, ESTABILIZADOR.; 22/01/2004; BENS INSERVÍVEIS; Ativo;R$ 196,00; Compra Normal
 PREFEITURA MUNICIPAL DE BALNEÁRIO GAIVOTA; Móveis; MICROCOMPUTADOR;614; MICROCOMPUTADOR INTEL PENTIUM 4 2.4 800MHZ(512MB DDR PC 333, HD 406B, HD 206B, MBOARD INTEL D 865 PENLL, PLACA VÍDEO 32MAGP, MOUSE GENIUS PS2, TECLADO ABNT2 PS2, DRIVE 1,44 MB, GABINETE ATX.; 08/01/2004; BENS INSERVÍVEIS; Baixado;R$ 3.450,00; Compra Normal
 PREFEITURA MUNICIPAL DE BALNEÁRIO GAIVOTA; Móveis; APARELHOS ELETRO-ELETRÔNICOS; -; CAIXA DE SOM COMPOSTA POR 01 APARELHO DE CD PANASONIC, 01 MÓDULO MXR, 02 AUTOFALANTES 10 POLEGADAS SPYDER, 02 TWEETER LESON, 01 CORNETA, 01 BATERIA ERBS E SUPORTE.; 07/01/2004; BENS INSERVÍVEIS; Baixado;R$ 1.132,00; Compra Normal
 PREFEITURA MUNICIPAL DE BALNEÁRIO GAIVOTA; Móveis; ELETRODOMÉSTICOS; -; MD SONY GRAVADOR; 24/12/2003; CAMARA MUNICIPAL DE VEREADORES; Baixado;R$ 835,95; Compra Normal
 CÂMARA MUNICIPAL BALNEÁRIO GAIVOTA; MOVEIS; Cod.: 2 - ELETRONICOS;35; GRAVADOR MD SONY; 24/12/2003; ARQUIVO MORTO; Baixado;R$ 835,95; Compra
 CÂMARA MUNICIPAL BALNEÁRIO GAIVOTA; MOVEIS; Cod.: 1 - CADEIRA;28; CADEIRA GIRATORIA EXECULTIVA COM BRAÇO COR AZUL; 16/12/2003; SALARA REUNIÃO; Baixado;R$ 22,12; Compra
 CÂMARA MUNICIPAL BALNEÁRIO GAIVOTA; MOVEIS; Cod.: 1 - CADEIRA;30; CADEIRA GIRATORIA EXECULTIVA COM BRAÇO COR AZUL; 16/12/2003; SECRETARIA GERAL; Baixado;R$ 6,36; Compra
 CÂMARA MUNICIPAL BALNEÁRIO GAIVOTA; MOVEIS; Cod.: 1 - CADEIRA;31; CADEIRA GIRATORIA EXECULTIVA COM BRAÇO COR AZUL; 16/12/2003; RECEPÇÃO; Baixado;R$ 6,36; Compra
 CÂMARA MUNICIPAL BALNEÁRIO GAIVOTA; MOVEIS; Cod.: 1 - CADEIRA;33; CADEIRA GIRATORIA PRESIDENTE COM BRAÇO COR AZUL; 16/12/2003; PLENARIO; Baixado;R$ 6,36; Compra
 CÂMARA MUNICIPAL BALNEÁRIO GAIVOTA; MOVEIS; Cod.: 1 - CADEIRA;32; CADEIRA GIRATORIA EXECULTIVA COM BRAÇO COR AZUL; 16/12/2003; ARQUIVO MORTO; Baixado;R$ 24,00; Compra
 CÂMARA MUNICIPAL BALNEÁRIO GAIVOTA; MOVEIS; Cod.: 1 - CADEIRA;34; CADEIRA GIRATORIA PRESIDENTE COM BRAÇO COR AZUL; 16/12/2003; ARQUIVO MORTO; Baixado;R$ 24,00; Compra
 CAMARA MUNICIPAL DE BALNEARIO GAIVOTA; MOVEIS; Cod.: 1 - CADEIRA;26; CADEIRA GIRATORIA EXECULTIVA COM BRAÇO COR AZUL; 16/12/2003; CAMARA MUNICIPAL DE VEREADORES; Baixado;R$ 2,40; Compra
 CAMARA MUNICIPAL DE BALNEARIO GAIVOTA; MOVEIS; Cod.: 1 - CADEIRA;27; CADEIRA GIRATORIA EXECULTIVA COM BRAÇO COR AZUL; 16/12/2003; CAMARA MUNICIPAL DE VEREADORES; Baixado;R$ 2,40; Compra
 CAMARA MUNICIPAL DE BALNEARIO GAIVOTA; MOVEIS; Cod.: 1 - CADEIRA;29; CADEIRA GIRATORIA EXECULTIVA COM BRAÇO COR AZUL; 16/12/2003; CAMARA MUNICIPAL DE VEREADORES; Baixado;R$ 2,40; Compra
 PREFEITURA MUNICIPAL DE BALNEÁRIO GAIVOTA; Móveis; MICROCOMPUTADOR; -; 01 COMPUTADOR P IV 256 MB HD 30 7200 RPM MONITOR 15 SANSANGUI IMPRESSORA HP 3820 PLACA DE VIDIO 32 MG GRAVADOR DE CD MAUSE TECLADO .; 04/12/2003; CAMARA MUNICIPAL DE VEREADORES; Baixado;R$ 3.300,00; Compra Normal
 CÂMARA MUNICIPAL BALNEÁRIO GAIVOTA; MOVEIS; Cod.: 3 - INFORMATICA;25; COMPUTADOR P IV COR BRANCO COM MONITOR SANSSUNG  BRANCO E IMPRESSORA HP 3820; 04/12/2003; ARQUIVO MORTO; Baixado;R$ 3.300,00; Compra
 PREFEITURA MUNICIPAL DE BALNEÁRIO GAIVOTA; Móveis; VEICULOS LEVES;28; MOTOCICLETA MODELO CG 125 TITAN, MARCA HONDA A GASOLINA; 28/08/2003; FUNDO MUNICIPAL DE SAUDE; Baixado;R$ 1.100,00; Compra Normal
 PREFEITURA MUNICIPAL DE BALNEÁRIO GAIVOTA; Móveis; IMPLEMENTOS AGRÍCOLAS; -; TRATOR DE ESTEIRA; 11/08/2003; .; Baixado;R$ 6.000,00; Compra Normal
 PREFEITURA MUNICIPAL DE BALNEÁRIO GAIVOTA; Móveis; MÁQUINAS PARA ESCRITÓRIO; -; MÁQUINA EMPRE CHEQUE RECONDICIONADA; 08/07/2003; BENS INSERVÍVEIS; Baixado;R$ 680,00; Compra Normal
 PREFEITURA MUNICIPAL DE BALNEÁRIO GAIVOTA; Móveis; EQUIPAMENTOS MÉDICOS; -; RAIO X SEMI NOVO; 09/06/2003; BENS INSERVÍVEIS; Baixado;R$ 1.400,00; Compra Normal
 PREFEITURA MUNICIPAL DE BALNEÁRIO GAIVOTA; Móveis; EQUIPAMENTOS MÉDICOS; -; COMPRESSOR SEMI-NOVO; 09/06/2003; BENS INSERVÍVEIS; Baixado;R$ 500,00; Compra Normal
 PREFEITURA MUNICIPAL DE BALNEÁRIO GAIVOTA; Móveis; EQUIPAMENTOS MÉDICOS; -; CADEIRA ODONTOLÓGICA SEMI-NOVA; 09/06/2003; BENS INSERVÍVEIS; Baixado;R$ 3.200,00; Compra Normal
 PREFEITURA MUNICIPAL DE BALNEÁRIO GAIVOTA; Móveis; MICROCOMPUTADOR; -; MICROCOMPUTADOR AMD DURON 1,3 GHZ, 128 MB DE MEMÓRIA HD 20 GB CD ROM 52X MONITOR, TECLADO MOUSE.; 28/05/2003; BENS INSERVÍVEIS; Baixado;R$ 1.837,00; Compra Normal
 PREFEITURA MUNICIPAL DE BALNEÁRIO GAIVOTA; Móveis; MÁQUINAS, MOTORES;809; PÁ CARREGADEIRA COM CAPACIDADE PARA 1 METRO CÚBICO; 08/04/2003; MANUTENÇÃO DA SECRETARIA DE OBRAS E SERV; Ativo;R$ 1.970,00; Compra Normal
 PREFEITURA MUNICIPAL DE BALNEÁRIO GAIVOTA; Móveis; EQUIPAMENTOS DOMÉSTICOS; -; ELETROCAUTÉRIO; 07/04/2003; BENS INSERVÍVEIS; Baixado;R$ 986,00; Compra Normal
 PREFEITURA MUNICIPAL DE BALNEÁRIO GAIVOTA; Móveis; IMPRESSORAS; -; IMPRESSORA CANON S-100; 04/04/2003; BENS INSERVÍVEIS; Baixado;R$ 310,00; Compra Normal
 PREFEITURA MUNICIPAL DE BALNEÁRIO GAIVOTA; Móveis; MICROCOMPUTADOR; -; KIT DURON 1100 MHZ HD 20 GB 128 MB MEMÓRIA RAM DRIVE DE CD ROM DRIVE DE DISQUETE TECLADO MOUSE ESTABILIZADOR COM CAIXAS DE SOM; 04/04/2003; BENS INSERVÍVEIS; Baixado;R$ 1.223,00; Compra Normal
 PREFEITURA MUNICIPAL DE BALNEÁRIO GAIVOTA; Móveis; MONITORES; -; MONITOR 15 POLEGADAS; 04/04/2003; BENS INSERVÍVEIS; Baixado;R$ 466,00; Compra Normal
 PREFEITURA MUNICIPAL DE BALNEÁRIO GAIVOTA; Móveis; IMPRESSORAS; -; IMPRESSORA CANON S-100; 04/04/2003; BENS INSERVÍVEIS; Baixado;R$ 310,00; Compra Normal
 PREFEITURA MUNICIPAL DE BALNEÁRIO GAIVOTA; Móveis; MICROCOMPUTADOR;832; KIT DURON 1100 MHZ HD 20 GB 128 MB MEMÓRIA RAM DRIVE DE CD ROM 52X DRIVE DE DISQUETE TECLADO MOUSE ESTABILIZADOR COM CAIXAS DE SOM; 04/04/2003; BENS INSERVÍVEIS; Baixado;R$ 1.223,00; Compra Normal
 PREFEITURA MUNICIPAL DE BALNEÁRIO GAIVOTA; Móveis; MONITORES; -; MONITOR 15 POLEGADAS; 04/04/2003; BENS INSERVÍVEIS; Baixado;R$ 466,00; Compra Normal
 PREFEITURA MUNICIPAL DE BALNEÁRIO GAIVOTA; Móveis; Ar Condicionado;1317; AR CONDICIONADO 7500 BTUs MARCA CONSUL MODELO; 12/03/2003; FUNDO MUNICIPAL DE SAUDE; Ativo;R$ 64,80; Compra Normal
 PREFEITURA MUNICIPAL DE BALNEÁRIO GAIVOTA; Móveis; MOBILIÁRIO EM GERAL;1399; ARMARIOS COM 2 PORTAS; 25/02/2003; MANUTENÇÃO DA SECRETARIA DE EDUCAÇÃO; Ativo;R$ 37,05; Compra Normal
 PREFEITURA MUNICIPAL DE BALNEÁRIO GAIVOTA; Móveis; MOBILIÁRIO EM GERAL;1398; ARMARIOS COM 2 PORTAS; 25/02/2003; MANUTENÇÃO DA SECRETARIA DE EDUCAÇÃO; Ativo;R$ 37,05; Compra Normal
 PREFEITURA MUNICIPAL DE BALNEÁRIO GAIVOTA; Móveis; MOBILIÁRIO EM GERAL;1414; ARMARIOS COM 2 PORTAS; 25/02/2003; MANUTENÇÃO DA SECRETARIA DE EDUCAÇÃO; Ativo;R$ 37,05; Compra Normal
 PREFEITURA MUNICIPAL DE BALNEÁRIO GAIVOTA; Móveis; MOBILIÁRIO EM GERAL;3010; ARMARIOS COM 2 PORTAS; 25/02/2003; MANUTENÇÃO DA SECRETARIA DE EDUCAÇÃO; Ativo;R$ 37,05; Compra Normal
 PREFEITURA MUNICIPAL DE BALNEÁRIO GAIVOTA; Móveis; MONITORES; -; MONITOR 14 POLEGADAS; 24/02/2003; BENS INSERVÍVEIS; Baixado;R$ 460,00; Compra Normal
 PREFEITURA MUNICIPAL DE BALNEÁRIO GAIVOTA; Móveis; IMPRESSORAS; -; IMPRESSORA CANON S-100; 24/02/2003; BENS INSERVÍVEIS; Baixado;R$ 310,00; Compra Normal
 PREFEITURA MUNICIPAL DE BALNEÁRIO GAIVOTA; Móveis; IMPRESSORAS; -; IMPRESSORA CANON S-100; 24/02/2003; BENS INSERVÍVEIS; Baixado;R$ 310,00; Compra Normal
 PREFEITURA MUNICIPAL DE BALNEÁRIO GAIVOTA; Móveis; CÂMARA FOTOGRÁFICA; -; CAMARA FOTOGRÁFICA DIGITAL VIVITAR VIVICAM 3620; 28/01/2003; CAMARA MUNICIPAL DE VEREADORES; Baixado;R$ 1.275,00; Compra Normal
 CÂMARA MUNICIPAL BALNEÁRIO GAIVOTA; MOVEIS; Cod.: 2 - ELETRONICOS;24; MAQUINA FOTOGRAFICA DIGITAL MARCA VIVITAR 3620; 28/01/2003; ARQUIVO MORTO; Baixado;R$ 1.275,00; Compra
 PREFEITURA MUNICIPAL DE BALNEÁRIO GAIVOTA; Móveis; MÁQUINAS, MOTORES;2564; ROÇADEIRA STIHL FS 220; 18/01/2003; BENS INSERVÍVEIS; Baixado;R$ 1.840,00; Compra Normal
 PREFEITURA MUNICIPAL DE BALNEÁRIO GAIVOTA; Móveis; IMPRESSORAS; -; IMPRESSORA HP 656; 10/12/2002; BENS INSERVÍVEIS; Baixado;R$ 464,00; Compra Normal
 PREFEITURA MUNICIPAL DE BALNEÁRIO GAIVOTA; Móveis; MOBILIÁRIO EM GERAL; -; PLACA BRASAO DO LEGISLATIVO 42 X 50 EM LATÃO; 09/12/2002; CAMARA MUNICIPAL DE VEREADORES; Baixado;R$ 405,00; Compra Normal
 CÂMARA MUNICIPAL BALNEÁRIO GAIVOTA; MOVEIS; Cod.: 6 - PLACAS;11; PLACA BRASÃO DO LEGISLATIVO 42 X 50 EM LATÃO; 09/12/2002; CAMARA MUNICIPAL DE VEREADORES; Em uso;R$ 5,00; Compra
 PREFEITURA MUNICIPAL DE BALNEÁRIO GAIVOTA; Móveis; ELETRODOMÉSTICOS; -; FOGÃO 04 BOCAS GE DAKO COM ACENDIMENTO AUTOMÁTICO NA COR BRANCO.; 25/11/2002; CAMARA MUNICIPAL DE VEREADORES; Baixado;R$ 410,00; Compra Normal
 CÂMARA MUNICIPAL BALNEÁRIO GAIVOTA; MOVEIS; Cod.: 7 - MOVEIS;12; FOGÃO 4 BOCAS GE DAKO; 25/11/2002; ZELADORIA; Baixado;R$ 323,90; Compra
 PREFEITURA MUNICIPAL DE BALNEÁRIO GAIVOTA; Móveis; MÁQUINAS, MOTORES;1124; RETROESCAVADEIRA/CARREGADEIRA, MODELO 580L, 4X4 PINTURA NA COR AMARELA, COMBUSTÍVEL ÓLEO DIESEL ANO DE FABRICAÇÃO 2002 MARCA CASE CHASSI: HBZ0007301; 02/11/2002; MANUTENÇÃO DA SECRETARIA DE OBRAS E SERV; Baixado;R$ 51.100,00; Compra Normal
 PREFEITURA MUNICIPAL DE BALNEÁRIO GAIVOTA; Móveis; IMPLEMENTOS AGRÍCOLAS;458; ROÇADEIRA MARCA MEC RUL MODELO RDMR-180 CENTRAL E LATERAL COM 1,,80 MTS DE CORTE - SÉRIE 0203-6807; 01/11/2002; MANUTENÇÃO DA SECRETARIA DE OBRAS E SERV; Baixado;R$ 2.600,00; Compra Normal
 PREFEITURA MUNICIPAL DE BALNEÁRIO GAIVOTA; Móveis; IMPLEMENTOS AGRÍCOLAS;2992; CARRETA AGRÍCOLA MARCA TRITON MOD. TR688 COM 04 TONELADAS 1 EIXO, 02 PNEUS EQUIPADA COM PNEUS; 01/11/2002; DIRETORIA DE AGRICULTURA; Baixado;R$ 2.500,00; Compra Normal
 PREFEITURA MUNICIPAL DE BALNEÁRIO GAIVOTA; Móveis; IMPLEMENTOS AGRÍCOLAS;4312; FORRAGEIRA MARCA NOGUEIRA MOD. PECUS 9004 COLHEITADEIRA DE FORRAGENS EQUIPADA COM 4 ROLOS COM AS OPÇÕES PARA CORTE DE 5,7,10 E 14 MM, E COM PRODUÇÃO DE 10 A 20 TON/HORA, EQUIPADA COM 10 FACAS NO ROTOR.; 01/11/2002; BENS INSERVÍVEIS; Baixado;R$ 7.500,00; Compra Normal
 PREFEITURA MUNICIPAL DE BALNEÁRIO GAIVOTA; Móveis; IMPLEMENTOS AGRÍCOLAS;2911; MÁQUINA NEW HOLLAND MODELO TRATOR AGRÍCOLA DE RODAS, MODELO TL55-2E PROPULSÃO DIESEL, ANO/MOD FABRIC: 2002/2002 N.º MOTOR FT803505*214-859149, N. DE SÉRIE 55181, PNEUS DIANTEIROS 750X16 ARCO DE SEGURANÇA COMPLETO COM CAPOTA, DIREÇÃO HIDROSTÁTICA COM MOTOR DIESEL DE 64,6 CV DE POTÊNCIA COM CÂMBIO DE 12 MARCHAS FRENTE E 4 A RÉ.; 01/11/2002; MANUTENÇÃO DA SECRETARIA DE OBRAS E SERV; Baixado;R$ 10.100,00; Compra Normal
 PREFEITURA MUNICIPAL DE BALNEÁRIO GAIVOTA; Móveis; ESTABILIZADOR/NOBREAK; -; NOBREACK ENGELUX COM BATERIA; 01/11/2002; BENS INSERVÍVEIS; Baixado;R$ 580,00; Compra Normal
 PREFEITURA MUNICIPAL DE BALNEÁRIO GAIVOTA; Móveis; IMPRESSORAS; -; IMPRESSORA HP 845 COLLOR; 01/11/2002; BENS INSERVÍVEIS; Baixado;R$ 480,00; Compra Normal
 PREFEITURA MUNICIPAL DE BALNEÁRIO GAIVOTA; Móveis; MICROCOMPUTADOR; -; MICRO COMPUTADOR PENTIUM IV 1.6 HD 40 CD ROM 52X FAX MODEM 56K, 256 MB DE MEMÓRIA COM MONITOR 15 POLEGADAS GABINETE ATX FONTE 400 WATS CAIXA DE SOM, MOUSE E TECLADO ABNT; 01/11/2002; CAMARA MUNICIPAL DE VEREADORES; Baixado;R$ 2.620,00; Compra Normal
 CÂMARA MUNICIPAL BALNEÁRIO GAIVOTA; MOVEIS; Cod.: 3 - INFORMATICA;13; NOBREAK ENGELUX C/BATERIA; 01/11/2002; ARQUIVO MORTO; Baixado;R$ 580,00; Compra
 CÂMARA MUNICIPAL BALNEÁRIO GAIVOTA; MOVEIS; Cod.: 3 - INFORMATICA;14; IMPRESSORA HP 845 COLLOR; 01/11/2002; ARQUIVO MORTO; Baixado;R$ 480,00; Compra
 CÂMARA MUNICIPAL BALNEÁRIO GAIVOTA; MOVEIS; Cod.: 3 - INFORMATICA;15; COMPUTADOR PIV 1.6 HD 40 COM MONITOR 15 P-OLEGADAS BRANCO; 01/11/2002; ARQUIVO MORTO; Baixado;R$ 2.620,00; Compra
 PREFEITURA MUNICIPAL DE BALNEÁRIO GAIVOTA; Móveis; VEICULOS PESADOS;933; ÔNIBUS COMPLETO TIPO MP VOLARE LO.ESCOLARBUS COR AMARELO, CAPACIDADE  33 ASSENTOS, ANO/MODELO 2002, RENAVAM 400103, MARCA/MODELO MARCOPOLO/VOLARE A8 ESCOLAR, NÚMERO CHASSI 93PB048302C008315, NÚMERO MOTOR 4088638, COM POTÊNCIA DE 145CV MOVIDO A DIESEL; 15/10/2002; MANUTENÇÃO DA SECRETARIA DE EDUCAÇÃO; Baixado;R$ 79.380,00; Compra Normal
 PREFEITURA MUNICIPAL DE BALNEÁRIO GAIVOTA; Móveis; IMPLEMENTOS AGRÍCOLAS;4609; GRADE HIDRÁULICA MACHESAN (TATU) 24 x 18 SÉRIE 11013; 01/10/2002; DIRETORIA DE AGRICULTURA; Ativo;R$ 250,00; Compra Normal
 PREFEITURA MUNICIPAL DE BALNEÁRIO GAIVOTA; Móveis; APARELHOS ELETRO-ELETRÔNICOS; -;" CENTRAL DE ALARME SULTON R2M FREQUENCIA 433 MHZ 02 CONTROLES T8N3 BATERIA SELADA 7 AMPERES 12 VOLTS 02 SIRENES ELETRÔNICAS PIETOELETRICA 12 VOLTS POTÊNCIA 125DB SR 120V-1TOM 04 SENSORES PASSIVOS INFRA VERMELHO MODELO VIZION IR800Siproel; 01 TELE ALARME MICROPROECESSADO T530 SULTON; 01 FONTE ESTABILIZADOR 12 VOLTS FR 10 SULTON 13,8 V E 01 CONTROLE TSN SULTON."; 17/09/2002; CAMARA MUNICIPAL DE VEREADORES; Baixado;R$ 630,00; Compra Normal
 CÂMARA MUNICIPAL BALNEÁRIO GAIVOTA; MOVEIS; Cod.: 2 - ELETRONICOS;16; CENTRAL DE ALARME SULTOM R211; 17/09/2002; ARQUIVO MORTO; Baixado;R$ 630,00; Compra
 CÂMARA MUNICIPAL BALNEÁRIO GAIVOTA; MOVEIS; Cod.: 4 - MESAS;17; CONJUNTO DE MESA 1,20 X 1,00 MTRS COR BRANCA; 13/09/2002; ARQUIVO MORTO; Baixado;R$ 258,00; Compra
 CÂMARA MUNICIPAL BALNEÁRIO GAIVOTA; MOVEIS; Cod.: 2 - ELETRONICOS;196; DESSUMIFICADORA DE PAPEL; 13/09/2002; CAMARA MUNICIPAL DE VEREADORES; Em uso;R$ 8,00; Compra
 PREFEITURA MUNICIPAL DE BALNEÁRIO GAIVOTA; Móveis; MÁQUINAS PARA ESCRITÓRIO; -; MÁQUINA COPIADORA XEROX RECONDICIONADA REF XC 1045; 30/08/2002; CAMARA MUNICIPAL DE VEREADORES; Baixado;R$ 2.980,00; Compra Normal
 CÂMARA MUNICIPAL BALNEÁRIO GAIVOTA; MOVEIS; Cod.: 3 - INFORMATICA;18; MAQUINA COPIADORA MARCA XEROX REF XC 1045; 30/08/2002; ARQUIVO MORTO; Baixado;R$ 2.980,00; Compra
 CÂMARA MUNICIPAL BALNEÁRIO GAIVOTA; MOVEIS; Cod.: 1 - CADEIRA;19; CADEIRA  SECRETÁRIO GIRATORIA  COM EMCOSTO COR AZUL; 28/08/2002; ARQUIVO MORTO; Baixado;R$ 40,22; Compra
 PREFEITURA MUNICIPAL DE BALNEÁRIO GAIVOTA; Móveis; EQUIPAMENTOS DOMÉSTICOS;3050; VÍDEO CASSETE PANASONIC MODELO NVSJ 435; 24/07/2002; BENS INSERVÍVEIS; Baixado;R$ 379,00; Compra Normal
 PREFEITURA MUNICIPAL DE BALNEÁRIO GAIVOTA; Móveis; MICROCOMPUTADOR;2728; MICROCOMPUTADOR PENTIUM IV 1.6 OFF BOARD, 256 DE RAM DE MEMÓRIA FAX MODEM 56K, PLACADE REDE 10/100, HD MAXTOR 20,0 GB PLACA DE VÍDEO SIS305 32 MB, GABINETE ATX, COM GRAVADOR CD LG 24,10x40, COM TECLADO ABNT 2, MOUSE E CONJUNTO DE CAIXAS DE SOM, COM HUB 08 PORTAS; 12/07/2002; CAMARA MUNICIPAL DE VEREADORES; Baixado;R$ 2.316,00; Compra Normal
 PREFEITURA MUNICIPAL DE BALNEÁRIO GAIVOTA; Móveis; MONITORES;2729; MONITOR SANSUNG 15 POLEGADAS SS1; 12/07/2002; CAMARA MUNICIPAL DE VEREADORES; Baixado;R$ 476,00; Compra Normal
 PREFEITURA MUNICIPAL DE BALNEÁRIO GAIVOTA; Móveis; IMPRESSORAS;2731; IMPRESSORA HP 845C; 12/07/2002; CAMARA MUNICIPAL DE VEREADORES; Baixado;R$ 420,00; Compra Normal
 PREFEITURA MUNICIPAL DE BALNEÁRIO GAIVOTA; Móveis; MÁQUINAS PARA ESCRITÓRIO;2730; NOBREAK ENGELUX 1,2; 12/07/2002; CAMARA MUNICIPAL DE VEREADORES; Baixado;R$ 490,00; Compra Normal
 CÂMARA MUNICIPAL BALNEÁRIO GAIVOTA; MOVEIS; Cod.: 3 - INFORMATICA;21; NOBREAK ENGELUX 1.2; 12/07/2002; ARQUIVO MORTO; Baixado;R$ 490,00; Compra
 CÂMARA MUNICIPAL BALNEÁRIO GAIVOTA; MOVEIS; Cod.: 3 - INFORMATICA;20; IMPRESSORA HP 845 C; 12/07/2002; ARQUIVO MORTO; Baixado;R$ 420,00; Compra
 CÂMARA MUNICIPAL BALNEÁRIO GAIVOTA; MOVEIS; Cod.: 3 - INFORMATICA;22; COMPUTADOR PIV 1.6 GABINETE BRANCO COM MONITOR SANSUNG 551 COR BRANCO; 12/07/2002; ARQUIVO MORTO; Baixado;R$ 2.176,00; Compra
 PREFEITURA MUNICIPAL DE BALNEÁRIO GAIVOTA; Móveis; MICROCOMPUTADOR;651; KIT PENTIUM IV 1,4 GHz HD 20GB 128 DE MEMÓRIA, DRIVE DE CD52X DRIVE DE DISQUETE/TECLADO/MOUSE/MONITOR AOC 18,5''; 26/06/2002; BENS INSERVÍVEIS; Baixado;R$ 1.602,00; Compra Normal
 PREFEITURA MUNICIPAL DE BALNEÁRIO GAIVOTA; Móveis; MONITORES;3027; MONITOR 15 POLEGADAS AOC; 26/06/2002; BENS INSERVÍVEIS; Baixado;R$ 470,00; Compra Normal
 PREFEITURA MUNICIPAL DE BALNEÁRIO GAIVOTA; Móveis; IMPRESSORAS;3030; IMPRESSORA HP 656; 26/06/2002; BENS INSERVÍVEIS; Baixado;R$ 390,00; Compra Normal
 PREFEITURA MUNICIPAL DE BALNEÁRIO GAIVOTA; Móveis; APARELHO DE COMUNICAÇÃO;2561; TELEFONE CELULAR NOKIA 8260; 13/05/2002; BENS INSERVÍVEIS; Baixado;R$ 899,00; Compra Normal
 PREFEITURA MUNICIPAL DE BALNEÁRIO GAIVOTA; Móveis; MICROCOMPUTADOR;2926; KIT DURON 850 MHz HD 20 GB, 128 DE MEMÓRIA RAM; 10/05/2002; BENS INSERVÍVEIS; Baixado;R$ 1.402,00; Compra Normal
 PREFEITURA MUNICIPAL DE BALNEÁRIO GAIVOTA; Móveis; MONITORES;2927; MONITOR  14 POLEGADAS; 10/05/2002; BENS INSERVÍVEIS; Baixado;R$ 380,00; Compra Normal
 PREFEITURA MUNICIPAL DE BALNEÁRIO GAIVOTA; Móveis; MICROCOMPUTADOR;2952; KIT DURON 850, 128MB DE MEMÓRIA; 10/05/2002; BENS INSERVÍVEIS; Baixado;R$ 1.295,00; Compra Normal
 PREFEITURA MUNICIPAL DE BALNEÁRIO GAIVOTA; Móveis; MONITORES;2938; MONITOR 14 POLEGADAS; 10/05/2002; BENS INSERVÍVEIS; Baixado;R$ 380,00; Compra Normal
 PREFEITURA MUNICIPAL DE BALNEÁRIO GAIVOTA; Móveis; APARELHO DE COMUNICAÇÃO;2707; CENTRAL MICRO PABX MODULARE INTELBRAS 4/12 CONF 2/4; 04/04/2002; CAMARA MUNICIPAL DE VEREADORES; Baixado;R$ 600,00; Compra Normal
 PREFEITURA MUNICIPAL DE BALNEÁRIO GAIVOTA; Móveis; APARELHO DE COMUNICAÇÃO; -; CENTRAL PABX MODULARE INTELBRAS 4/12 CONF 2/4; 04/04/2002; .; Baixado;R$ 600,00; Compra Normal
 CÂMARA MUNICIPAL BALNEÁRIO GAIVOTA; MOVEIS; Cod.: 2 - ELETRONICOS;23; CENTRAL MICRO PABX MODULARE INTELBRAS 4/12; 04/04/2002; ARQUIVO MORTO; Baixado;R$ 474,00; Compra
 PREFEITURA MUNICIPAL DE BALNEÁRIO GAIVOTA; Móveis; MICROCOMPUTADOR;2560; MICROCOMPUTADOR DURON 850 MHz HD 20 GB, 128 MB DE MEMÓRI; 03/04/2002; BENS INSERVÍVEIS; Baixado;R$ 1.106,00; Compra Normal
 PREFEITURA MUNICIPAL DE BALNEÁRIO GAIVOTA; Móveis; MONITORES; -; MONITOR SANSUNG 15 POLEGADAS; 03/04/2002; BENS INSERVÍVEIS; Baixado;R$ 436,00; Compra Normal
 PREFEITURA MUNICIPAL DE BALNEÁRIO GAIVOTA; Móveis; MICROCOMPUTADOR;3022; KIT DURON 850 MHz 128 DE MEMÓRIA HD 20GB GABINENTE TRONI ATX/DIRVE DE CD LG, DRIVE DE 1,44; 27/03/2002; BENS INSERVÍVEIS; Baixado;R$ 1.260,00; Compra Normal
 PREFEITURA MUNICIPAL DE BALNEÁRIO GAIVOTA; Móveis; VEICULOS LEVES;2966; UNO FIORINO AMBULÂNCIA 02 PASSAGEIROS 004 CILINDROS, MARCA FIAT. FABRICAÇÃO 2002, MODELO 2002 COR BRANCO BRANCHISA REV-TEC. MAIA CINZA, CÓDIGO RENAVAN 777912880, MOTOR N.º 6330299, COMBUSTÍVEL GASOLINA; 19/03/2002; BENS INSERVÍVEIS; Baixado;R$ 5.107,20; Compra Normal
 PREFEITURA MUNICIPAL DE BALNEÁRIO GAIVOTA; Móveis; EQUIPAMENTOS MÉDICOS;1336; MESA GINECOLÓGICA COM ESTOFADO; 18/03/2002; FUNDO MUNICIPAL DE SAUDE; Ativo;R$ 48,60; Compra Normal
 PREFEITURA MUNICIPAL DE BALNEÁRIO GAIVOTA; Móveis; EQUIPAMENTOS MÉDICOS;1354; MESA GINECOLÓGICA COM ESTOFADO; 18/03/2002; BENS INSERVÍVEIS; Baixado;R$ 486,00; Compra Normal
 PREFEITURA MUNICIPAL DE BALNEÁRIO GAIVOTA; Móveis; MOBILIÁRIO EM GERAL;260; BRASÃO FUNDIDO EM METAL, BANHADO EM OURO 18K, MOLDURA EM MADEIRA DE LEI.; 07/03/2002; MANUTENÇÃO DO GABINETE DO PREFEITO; Ativo;R$ 90,00; Compra Normal
 PREFEITURA MUNICIPAL DE BALNEÁRIO GAIVOTA; Móveis; CÂMARA FOTOGRÁFICA;3067; MÁQUINA FOTOGRÁFICA DIGITAL; 30/01/2002; BENS INSERVÍVEIS; Baixado;R$ 1.760,00; Compra Normal
 PREFEITURA MUNICIPAL DE BALNEÁRIO GAIVOTA; Móveis; VEICULOS LEVES;1207; MOTOCICLETA MODELO C100 BIZ, ANO DE FABRICAÇÃO 2002, MODELO 2002, N.º MOTOR HA07E-2012896, 7,6 CV MARCA HONDA, COR AZUL METÁLICO, CHASSI 9C2HA07002R012896, RENAVAN 774790458 PLACA MCA7141; 29/01/2002; FUNDO MUNICIPAL DE SAUDE; Ativo;R$ 348,99; Compra Normal
 PREFEITURA MUNICIPAL DE BALNEÁRIO GAIVOTA; Móveis; UTENSÍLIO MÓVEL;2432; PALCO ESTRUTURA METÁLICA MEDINDO 09 x 07 = 63 METROS QUADRADOS; 24/01/2002; BENS INSERVÍVEIS; Baixado;R$ 7.500,00; Compra Normal
 PREFEITURA MUNICIPAL DE BALNEÁRIO GAIVOTA; Móveis; MOBILIÁRIO EM GERAL;2736; CONJUNTO DE COPA HAVANA; 23/01/2002; BENS INSERVÍVEIS; Baixado;R$ 672,00; Doação
 PREFEITURA MUNICIPAL DE BALNEÁRIO GAIVOTA; Móveis; VEICULOS LEVES; -; CAMINONETE MARCA FIAT MODELO 2311000 - DUCATO MAXI TURBO MOTORIZAÇÃO 2.8: 103 Hp - DIESEL MOTOR 3329190: 15PAS CHASSI 9EW23174011003852: FABRICAÇÃO 2001 COR BRANCO, MODELO 2001 CARGA ÚTIL 1510; 22/01/2002; MANUTENÇÃO DA SECRETARIA DE EDUCAÇÃO; Baixado;R$ 60.900,00; Compra Normal
 PREFEITURA MUNICIPAL DE BALNEÁRIO GAIVOTA; Móveis; IMPRESSORAS;3006; IMPRESSORA HP LASER 1200; 02/01/2002; BENS INSERVÍVEIS; Baixado;R$ 2.389,00; Compra Normal
 PREFEITURA MUNICIPAL DE BALNEÁRIO GAIVOTA; Móveis; MICROCOMPUTADOR;3007; MICROCOMPUTADOR PENTIUM III 800 MHz, 128 MB DE MEMÓRIA, HD 20 GB KIT MULTIMÍDIA MB 5040; 02/01/2002; BENS INSERVÍVEIS; Baixado;R$ 2.248,00; Compra Normal
 PREFEITURA MUNICIPAL DE BALNEÁRIO GAIVOTA; Móveis; INSTRUMENTOS E UTENSÍLIOS;2725; APARELHAGEM DE SOM.; 31/12/2001; CAMARA MUNICIPAL DE VEREADORES; Baixado;R$ 840,00; Compra Normal
 CÂMARA MUNICIPAL BALNEÁRIO GAIVOTA; MOVEIS; Cod.: 2 - ELETRONICOS;9; CAIXA ACULTICA PSR 260 CICLOTON; 14/12/2001; ARQUIVO MORTO; Baixado;R$ 132,50; Compra
 CÂMARA MUNICIPAL BALNEÁRIO GAIVOTA; MOVEIS; Cod.: 2 - ELETRONICOS;7; MESA DE SOM M XS 6 CANAL; 14/12/2001; ARQUIVO MORTO; Baixado;R$ 215,00; Compra
 CÂMARA MUNICIPAL BALNEÁRIO GAIVOTA; MOVEIS; Cod.: 2 - ELETRONICOS;8; MODULO DBR 720 CICLOTON; 14/12/2001; ARQUIVO MORTO; Baixado;R$ 360,00; Compra
 CÂMARA MUNICIPAL BALNEÁRIO GAIVOTA; MOVEIS; Cod.: 2 - ELETRONICOS;10; CAIXA ACUSTICA PSR 260 CICLOTRON; 14/12/2001; ARQUIVO MORTO; Baixado;R$ 132,50; Compra
 PREFEITURA MUNICIPAL DE BALNEÁRIO GAIVOTA; Móveis; MÁQUINAS PARA ESCRITÓRIO;3135; MÁQUINA DE XEROX; 06/12/2001; BENS INSERVÍVEIS; Baixado;R$ 851,59; Compra Normal
 PREFEITURA MUNICIPAL DE BALNEÁRIO GAIVOTA; Móveis; EQUIPAMENTOS DOMÉSTICOS;1507; REFRIGERADOR CONSUL 280 LITROS; 29/10/2001; SECRETÁRIO DA CULTURA; Ativo;R$ 46,00; Compra Normal
 PREFEITURA MUNICIPAL DE BALNEÁRIO GAIVOTA; Móveis; MOBILIÁRIO EM GERAL;2718; ARMÁRIO DE COZINHA MODULADO, UMA PIA E UMA MESA; 29/10/2001; CAMARA MUNICIPAL DE VEREADORES; Baixado;R$ 637,00; Compra Normal
 PREFEITURA MUNICIPAL DE BALNEÁRIO GAIVOTA; Móveis; INSTRUMENTOS E UTENSÍLIOS;2643; BEBEDOURO ELÉTRICO COM CASCO PARA ÁGUA MINERAL; 29/10/2001; CAMARA MUNICIPAL DE VEREADORES; Baixado;R$ 384,70; Compra Normal
 PREFEITURA MUNICIPAL DE BALNEÁRIO GAIVOTA; Móveis; EQUIPAMENTOS DOMÉSTICOS;2557; VÍDEO CASSETE PANASONIC MODELO NV SJ415/405; 17/09/2001; BENS INSERVÍVEIS; Baixado;R$ 349,00; Compra Normal
 CÂMARA MUNICIPAL BALNEÁRIO GAIVOTA; MOVEIS; Cod.: 2 - ELETRONICOS;6; BEBEDOURO ELETRICO BEGEL COR ZINZA; 24/08/2001; ARQUIVO MORTO; Baixado;R$ 101,97; Compra
 CÂMARA MUNICIPAL BALNEÁRIO GAIVOTA; MOVEIS; Cod.: 7 - MOVEIS;4; COZINHA MOD 800 COM PIA 1,20 COR PINHÃO; 23/08/2001; ZELADORIA; Baixado;R$ 503,16; Compra
 CAMARA MUNICIPAL DE BALNEARIO GAIVOTA; MOVEIS; Cod.: 2 - ELETRONICOS;5; REFRIGERADOR CONSUL 231 LT COR BRANCO; 23/08/2001; CAMARA MUNICIPAL DE VEREADORES; Baixado;R$ 32,38; Compra
 PREFEITURA MUNICIPAL DE BALNEÁRIO GAIVOTA; Móveis; MICROCOMPUTADOR;3025; COMPUTADOR PENTIUM III, 128MB DE MEMÓRIA, HD 10,2 KIT TRONI ARX; 20/07/2001; BENS INSERVÍVEIS; Baixado;R$ 1.444,30; Compra Normal
 PREFEITURA MUNICIPAL DE BALNEÁRIO GAIVOTA; Móveis; IMPRESSORAS;2942; IMPRESSORA LX - 300; 30/05/2001; CAMARA MUNICIPAL DE VEREADORES; Baixado;R$ 487,00; Compra Normal
 PREFEITURA MUNICIPAL DE BALNEÁRIO GAIVOTA; Móveis; IMPRESSORAS;2711; IMPRESSORA HP APOLLO 2.200; 30/05/2001; CAMARA MUNICIPAL DE VEREADORES; Baixado;R$ 487,00; Compra Normal
 PREFEITURA MUNICIPAL DE BALNEÁRIO GAIVOTA; Móveis; PLACAS DE COMPUTADORES;2556; PLACAS DIVERSAS PARA COMPUTADOR; 30/05/2001; BENS INSERVÍVEIS; Baixado;R$ 393,50; Compra Normal
 PREFEITURA MUNICIPAL DE BALNEÁRIO GAIVOTA; Móveis; VEICULOS LEVES;2985; AUTOMÓVEL NOVO, MARCA FIAT MODELO 1852130-MAREA SX 4P 1.8 127 HP GASOLINA CHASSI 9BD18521317039492 FAB. 2000 RENAVAN 152418 COR AZUL ASTRAL, MODELO 2001 VIDRO ELÉTRICO NAS 4 PORTAS,  AR CONDICIONADO PINTURA METÁLICA.; 23/04/2001; CAMARA MUNICIPAL DE VEREADORES; Baixado;R$ 33.500,00; Compra Normal
 PREFEITURA MUNICIPAL DE BALNEÁRIO GAIVOTA; Móveis; IMPRESSORAS; -; IMPRESSORA HP DESKJET 840C; 17/04/2001; BENS INSERVÍVEIS; Baixado;R$ 410,00; Compra Normal
 PREFEITURA MUNICIPAL DE BALNEÁRIO GAIVOTA; Móveis; MICROCOMPUTADOR;2847; MICROCOMPUTADOR; 09/04/2001; BENS INSERVÍVEIS; Baixado;R$ 1.460,00; Compra Normal
 PREFEITURA MUNICIPAL DE BALNEÁRIO GAIVOTA; Móveis; MICROCOMPUTADOR;3031; MICROCOMPUTADOR PENTIUM III 750MHZ, HD 10,2 GB, CD 52X 64 MB MEMÓRIA RAM; 19/03/2001; BENS INSERVÍVEIS; Baixado;R$ 1.250,00; Compra Normal
 CÂMARA MUNICIPAL BALNEÁRIO GAIVOTA; MOVEIS; Cod.: 7 - MOVEIS;3; CONJUNTO DE MESA 1,20 3 GAVETAS; 19/03/2001; PRESIDÊNCIA; Baixado;R$ 58,60; Compra
 PREFEITURA MUNICIPAL DE BALNEÁRIO GAIVOTA; Móveis; MICROCOMPUTADOR;3089; MICROCOMPUTADOR K-6 II 500, 64 MB, MONITOR 15 POLEGADAS, KIT MULTIMÍDIA, FAX  MODEM 56K, GABINENTE MINI TORRE; 02/03/2001; BENS INSERVÍVEIS; Baixado;R$ 1.450,00; Compra Normal
 PREFEITURA MUNICIPAL DE BALNEÁRIO GAIVOTA; Móveis; IMPRESSORAS;3068; IMPRESSORA HP 640C; 02/03/2001; BENS INSERVÍVEIS; Baixado;R$ 370,00; Compra Normal
 PREFEITURA MUNICIPAL DE BALNEÁRIO GAIVOTA; Móveis; APARELHO DE COMUNICAÇÃO; -; CELULAR ERICSSON A/2282 ESN: 115.034.613.99 N.º 9955-1087 COM CAPA; 01/03/2001; BENS INSERVÍVEIS; Baixado;R$ 309,00; Compra Normal
 PREFEITURA MUNICIPAL DE BALNEÁRIO GAIVOTA; Móveis; APARELHO DE COMUNICAÇÃO;2558; CELULAR ERICSSON A/2282 ESN: 115.034.571.87 N.º 9955-4010 COM CAPA; 01/03/2001; BENS INSERVÍVEIS; Baixado;R$ 309,00; Compra Normal
 PREFEITURA MUNICIPAL DE BALNEÁRIO GAIVOTA; Móveis; MICROCOMPUTADOR; -; 01 COMPUTADOR PIII 600, 64 MEMÓRIA, HD 10.2, MONITOR 15 SANSUG; 12/02/2001; .; Baixado;R$ 1.700,00; Compra Normal
 PREFEITURA MUNICIPAL DE BALNEÁRIO GAIVOTA; Móveis; IMPRESSORAS; -; 01 IMPRESSORA EPSON 660; 12/02/2001; .; Baixado;R$ 380,00; Compra Normal
 PREFEITURA MUNICIPAL DE BALNEÁRIO GAIVOTA; Móveis; MONITORES;3003; MONITOR SANSUNG 15 POLEGADAS; 12/02/2001; BENS INSERVÍVEIS; Baixado;R$ 330,00; Compra Normal
 PREFEITURA MUNICIPAL DE BALNEÁRIO GAIVOTA; Móveis; MICROCOMPUTADOR;2799; MICROCOMPUTADOR PIII 600 COM MONITOR 15 POLEGADAS SANSUNG; 12/02/2001; BENS INSERVÍVEIS; Baixado;R$ 1.880,00; Compra Normal
 PREFEITURA MUNICIPAL DE BALNEÁRIO GAIVOTA; Móveis; IMPRESSORAS;3052; IMPRESSORA EPSON 660; 12/02/2001; BENS INSERVÍVEIS; Baixado;R$ 380,00; Compra Normal
 PREFEITURA MUNICIPAL DE BALNEÁRIO GAIVOTA; Móveis; MICROCOMPUTADOR;2913; MICROCOMPUTADOR PIII 600 COM MONITOR 15 POLEGADAS SANSUNG; 12/02/2001; BENS INSERVÍVEIS; Baixado;R$ 1.700,00; Compra Normal
 PREFEITURA MUNICIPAL DE BALNEÁRIO GAIVOTA; Móveis; IMPRESSORAS;2554; IMPRESSORA EPSON 660; 12/02/2001; BENS INSERVÍVEIS; Baixado;R$ 380,00; Compra Normal
 PREFEITURA MUNICIPAL DE BALNEÁRIO GAIVOTA; Móveis; MONITORES;3011; MONITOR SANSUNG 14 POLEGADAS; 02/02/2001; BENS INSERVÍVEIS; Baixado;R$ 380,00; Compra Normal
 PREFEITURA MUNICIPAL DE BALNEÁRIO GAIVOTA; Móveis; MONITORES;3032; MONITOR 14 POLEGADAS SANSUNG 450B; 25/01/2001; BENS INSERVÍVEIS; Baixado;R$ 365,00; Compra Normal
 CÂMARA MUNICIPAL BALNEÁRIO GAIVOTA; MOVEIS; Cod.: 3 - INFORMATICA;1; IMPRESSORA LX 300 MATRICIAL; 23/01/2001; ARQUIVO MORTO; Baixado;R$ 0,00; Compra
 CÂMARA MUNICIPAL BALNEÁRIO GAIVOTA; MOVEIS; Cod.: 3 - INFORMATICA;2; IMPRESSORA HO APOLLO 2000; 23/01/2001; ARQUIVO MORTO; Baixado;R$ 329,00; Compra
 PREFEITURA MUNICIPAL DE BALNEÁRIO GAIVOTA; Imóveis; TERRENOS; -; TERRENO URBANO SITUADO NO LOTEAMENTO PRAIA TURIMAR LOTE 05, DA QUADRA 02, COM 375,00M2.; 27/12/2000; MANUTENÇÃO DA SECRETARIA DE ADMINISTRAÇÃ; Ativo;R$ 4.592,59; Permuta
 PREFEITURA MUNICIPAL DE BALNEÁRIO GAIVOTA; Imóveis; TERRENOS; -; TERRENO URBANO SITUADO NO LOTEAMENTO PRAIA TURIMAR LOTE 08, DA QUADRA 03, COM 375,00M2.; 27/12/2000; MANUTENÇÃO DA SECRETARIA DE ADMINISTRAÇÃ; Ativo;R$ 4.592,59; Permuta
 PREFEITURA MUNICIPAL DE BALNEÁRIO GAIVOTA; Imóveis; TERRENOS; -; TERRENO URBANO SITUADO NO LOTEAMENTO PRAIA TURIMAR LOTE 08, DA QUADRA 02, COM 375,00M2.; 27/12/2000; MANUTENÇÃO DA SECRETARIA DE ADMINISTRAÇÃ; Ativo;R$ 4.592,59; Permuta
 PREFEITURA MUNICIPAL DE BALNEÁRIO GAIVOTA; Imóveis; TERRENOS; -; TERRENO URBANO SITUADO NO LOTEAMENTO PRAIA TURIMAR LOTE 04, QUADRA 02 COM 375,00M2.; 27/12/2000; MANUTENÇÃO DA SECRETARIA DE ADMINISTRAÇÃ; Ativo;R$ 4.592,59; Permuta
 PREFEITURA MUNICIPAL DE BALNEÁRIO GAIVOTA; Imóveis; TERRENOS; -; TERRENO URBANO SITUADO NO LOTEAMENTO PRAIA TURIMAR LOTE 06, DA QUADRA 02, COM 375,00M2.; 27/12/2000; MANUTENÇÃO DA SECRETARIA DE ADMINISTRAÇÃ; Ativo;R$ 4.592,59; Permuta
 PREFEITURA MUNICIPAL DE BALNEÁRIO GAIVOTA; Imóveis; TERRENOS; -; TERRENO URBANO SITUADO  NO LOTEAMENTO PRAIA TURIMAR LOTE 07, DA QUADRA 02, COM 375,00M2.; 27/12/2000; MANUTENÇÃO DA SECRETARIA DE ADMINISTRAÇÃ; Ativo;R$ 4.592,59; Permuta
 PREFEITURA MUNICIPAL DE BALNEÁRIO GAIVOTA; Imóveis; TERRENOS; -; TERRENO URBANO SITUADO NO LOTEAMENTO PRAIA TURIMAR LOTE 09, DA QUADRA 02, COM 375,00M2.; 27/12/2000; MANUTENÇÃO DA SECRETARIA DE ADMINISTRAÇÃ; Ativo;R$ 4.592,59; Permuta
 PREFEITURA MUNICIPAL DE BALNEÁRIO GAIVOTA; Imóveis; TERRENOS; -; TERRENO URBANO SITUADO NO LOTEAMENTO PRAIA TURIMAR LOTE 13, DA QUADRA 02, COM 375,00M2.; 27/12/2000; MANUTENÇÃO DA SECRETARIA DE ADMINISTRAÇÃ; Ativo;R$ 4.592,59; Permuta
 PREFEITURA MUNICIPAL DE BALNEÁRIO GAIVOTA; Imóveis; TERRENOS; -; TERRENO URBANO SITUADO NO LOTEAMENTO PRAIA TURIMAR LOTE 14, DA QUADRA 02, COM 375,00M2.; 27/12/2000; MANUTENÇÃO DA SECRETARIA DE ADMINISTRAÇÃ; Ativo;R$ 4.592,59; Permuta
 PREFEITURA MUNICIPAL DE BALNEÁRIO GAIVOTA; Imóveis; TERRENOS; -; TERRENO URBANO SITUADO NO LOTEAMENTO PRAIA TURIMAR LOTE 15, DA QUADRA 02, COM 375,00M2.; 27/12/2000; MANUTENÇÃO DA SECRETARIA DE ADMINISTRAÇÃ; Ativo;R$ 4.592,59; Permuta
 PREFEITURA MUNICIPAL DE BALNEÁRIO GAIVOTA; Imóveis; TERRENOS; -; TERRENO URBANO SITUADO NO LOTEAMENTO PRAIA TURIMAR LOTE 16, DA QUDRA 02, COM 375,00M2.; 27/12/2000; MANUTENÇÃO DA SECRETARIA DE ADMINISTRAÇÃ; Ativo;R$ 4.592,59; Permuta
 PREFEITURA MUNICIPAL DE BALNEÁRIO GAIVOTA; Imóveis; TERRENOS; -; TERRENO URBANO SITUADO NO LOTEAMENTO PRAIA TURIMAR LOTE 17, DA QUADRA 02, COM 375,00M2.; 27/12/2000; MANUTENÇÃO DA SECRETARIA DE ADMINISTRAÇÃ; Ativo;R$ 4.592,59; Permuta
 PREFEITURA MUNICIPAL DE BALNEÁRIO GAIVOTA; Imóveis; TERRENOS; -; TERRENO URBANO SITUADO NO LOTEAMENTO PRAIA TURIMAR LOTE 18, DA QUADRA 02, COM 375,00M2.; 27/12/2000; MANUTENÇÃO DA SECRETARIA DE ADMINISTRAÇÃ; Ativo;R$ 4.592,59; Permuta
 PREFEITURA MUNICIPAL DE BALNEÁRIO GAIVOTA; Imóveis; TERRENOS; -; TERRENO URBANO SITUADO NO LOTEAMENTO PRAIA TURIMAR LOTE 04, DA QUADRA 03, COM 375,00M2.; 27/12/2000; MANUTENÇÃO DA SECRETARIA DE ADMINISTRAÇÃ; Ativo;R$ 4.592,59; Permuta
 PREFEITURA MUNICIPAL DE BALNEÁRIO GAIVOTA; Imóveis; TERRENOS; -; TERRENO URBANO SITUADO NO LOTEAMENTO PRAIA TURIMAR LOTE 05, DA QUADRA 03, COM 375,00M2.; 27/12/2000; MANUTENÇÃO DA SECRETARIA DE ADMINISTRAÇÃ; Ativo;R$ 4.592,59; Permuta
 PREFEITURA MUNICIPAL DE BALNEÁRIO GAIVOTA; Imóveis; TERRENOS; -; TERRENO URBANO SITUADO NO LOTEAMENTO PRAIA TURIMAR LOTE 06, DA QUADRA 03, COM 375,00M2.; 27/12/2000; MANUTENÇÃO DA SECRETARIA DE ADMINISTRAÇÃ; Ativo;R$ 4.592,59; Permuta
 PREFEITURA MUNICIPAL DE BALNEÁRIO GAIVOTA; Imóveis; TERRENOS; -; TERRENO URBANO SITUADO NO LOTEAMENTO PRAIA TURIMAR LOTE 07, DA QUADRA 03, COM 375,00M2.; 27/12/2000; MANUTENÇÃO DA SECRETARIA DE ADMINISTRAÇÃ; Ativo;R$ 4.592,59; Permuta
 PREFEITURA MUNICIPAL DE BALNEÁRIO GAIVOTA; Imóveis; TERRENOS; -; TERRENO URBANO SITUADO NO LOTEAMENTO PRAIA TURIMAR LOTE 09, DA QUADRA 03, COM 375,00M2.; 27/12/2000; MANUTENÇÃO DA SECRETARIA DE ADMINISTRAÇÃ; Ativo;R$ 4.592,59; Permuta
 PREFEITURA MUNICIPAL DE BALNEÁRIO GAIVOTA; Imóveis; TERRENOS; -; TERRENO URBANO  SITUADO NO LOTEAMENTO PRAIA TURIMAR LOTE 11, DA QUADRA 03, COM 400,00M2.; 27/12/2000; MANUTENÇÃO DA SECRETARIA DE ADMINISTRAÇÃ; Ativo;R$ 4.592,59; Permuta
 PREFEITURA MUNICIPAL DE BALNEÁRIO GAIVOTA; Imóveis; TERRENOS; -; TERRENO URBANO SITUADO NO LOTEAMENTO PRAIA TURIMAR LOTE 13, DA QUADRA 03, COM 375,00M2.; 27/12/2000; MANUTENÇÃO DA SECRETARIA DE ADMINISTRAÇÃ; Ativo;R$ 4.592,59; Permuta
 PREFEITURA MUNICIPAL DE BALNEÁRIO GAIVOTA; Imóveis; TERRENOS; -; TERRENO URBANO SITUADO NO LOTEAMENTO PRAIA TURIMAR LOTE 14, DA QUADRA 03, COM 375,00M2.; 27/12/2000; MANUTENÇÃO DA SECRETARIA DE ADMINISTRAÇÃ; Ativo;R$ 4.592,59; Permuta
 PREFEITURA MUNICIPAL DE BALNEÁRIO GAIVOTA; Imóveis; TERRENOS; -; TERRENO SITUADO NO LOTEAMENTO PRAIA TURIMAR LOTE 15, DA QUADRA 03, COM 375,00M2.; 27/12/2000; MANUTENÇÃO DA SECRETARIA DE ADMINISTRAÇÃ; Ativo;R$ 4.592,59; Permuta
 PREFEITURA MUNICIPAL DE BALNEÁRIO GAIVOTA; Imóveis; TERRENOS; -; TERRENO URBANO SITUADO NO LOTEAMENTO PRAIA TURIMAR LOTE 16, DA QUADRA 03, COM 375,00M2.; 27/12/2000; MANUTENÇÃO DA SECRETARIA DE ADMINISTRAÇÃ; Ativo;R$ 4.592,59; Permuta
 PREFEITURA MUNICIPAL DE BALNEÁRIO GAIVOTA; Imóveis; TERRENOS; -; TERRENO URBANO SITUADO NO LOTEAMENTO PRAIA TURIMAR LOTE 17, DA QUADRA 03, COM 375,00M2.; 27/12/2000; MANUTENÇÃO DA SECRETARIA DE ADMINISTRAÇÃ; Ativo;R$ 4.592,59; Permuta
 PREFEITURA MUNICIPAL DE BALNEÁRIO GAIVOTA; Imóveis; TERRENOS; -; TERRENO URBANO SITUADO NO LOTEAMENTO PRAIA TURIMAR LOTE 18, DA QUADRA 03, COM 375,00M2.; 27/12/2000; MANUTENÇÃO DA SECRETARIA DE ADMINISTRAÇÃ; Ativo;R$ 4.592,59; Permuta
 PREFEITURA MUNICIPAL DE BALNEÁRIO GAIVOTA; Imóveis; TERRENOS; -; TERRENO URBANO SITUADO NO LOTEAMENTO PRAIA TURIMAR LOTE 01, DA QUADRA 04, COM 425,00M2.; 27/12/2000; MANUTENÇÃO DA SECRETARIA DE ADMINISTRAÇÃ; Ativo;R$ 4.592,59; Permuta
 PREFEITURA MUNICIPAL DE BALNEÁRIO GAIVOTA; Imóveis; TERRENOS; -; TERRENO URBANO SITUADO NO LOTEAMENTO  PRAIA TURIMAR LOTE 02, DA QUADRA 04, COM 400,00M2.; 27/12/2000; MANUTENÇÃO DA SECRETARIA DE ADMINISTRAÇÃ; Ativo;R$ 4.592,59; Permuta
 PREFEITURA MUNICIPAL DE BALNEÁRIO GAIVOTA; Imóveis; TERRENOS; -; TERRENO URBANO SITUADO NO LOTEAMENTO PRAIA TURIMAR LOTE 03, DA QUADRA 04, COM 425,00M2.; 27/12/2000; MANUTENÇÃO DA SECRETARIA DE ADMINISTRAÇÃ; Ativo;R$ 4.592,59; Permuta
 PREFEITURA MUNICIPAL DE BALNEÁRIO GAIVOTA; Imóveis; TERRENOS; -; TERRENO URBANO SITUADO NO LOTEAMENTO PRAIA TURIMAR LOTE 04, DA QUADRA 04, COM 375,00M2.; 27/12/2000; MANUTENÇÃO DA SECRETARIA DE ADMINISTRAÇÃ; Ativo;R$ 4.592,59; Permuta
 PREFEITURA MUNICIPAL DE BALNEÁRIO GAIVOTA; Imóveis; TERRENOS; -; TERRENO URBANO SITUADO NO LOTEAMENTO PRAIA TURIMAR LOTE 05, DA QUADRA 04, COM 375,00 M2.; 27/12/2000; MANUTENÇÃO DA SECRETARIA DE ADMINISTRAÇÃ; Ativo;R$ 4.592,59; Permuta
 PREFEITURA MUNICIPAL DE BALNEÁRIO GAIVOTA; Imóveis; TERRENOS; -; TERRENO URBANO SITUADO NO LOTEAMENTO PRAIA TURIMAR LOTE 06, DA QUADRA 04, COM 375,00M2.; 27/12/2000; MANUTENÇÃO DA SECRETARIA DE ADMINISTRAÇÃ; Ativo;R$ 4.592,59; Permuta
 PREFEITURA MUNICIPAL DE BALNEÁRIO GAIVOTA; Imóveis; TERRENOS; -; TERRENO URBANO SITUADO NO LOTEAMENTO PRAIA TURIMAR LOTE 07, DA QUADRA 04, COM 375,00M2.; 27/12/2000; MANUTENÇÃO DA SECRETARIA DE ADMINISTRAÇÃ; Ativo;R$ 4.592,59; Permuta
 PREFEITURA MUNICIPAL DE BALNEÁRIO GAIVOTA; Imóveis; TERRENOS; -; TERRENO URBANO SITUADO NO LOTEAMENTO PRAIA TURIMAR LOTE 08, DA QUADRA 04, COM 375,00M2.; 27/12/2000; MANUTENÇÃO DA SECRETARIA DE ADMINISTRAÇÃ; Ativo;R$ 4.592,59; Permuta
 PREFEITURA MUNICIPAL DE BALNEÁRIO GAIVOTA; Imóveis; TERRENOS; -; TERRENO URBANO SITUADO NO LOTEAMENTO PRAIA TURIMAR LOTE 09, DA QUADRA 04, COM 375,00M2.; 27/12/2000; MANUTENÇÃO DA SECRETARIA DE ADMINISTRAÇÃ; Ativo;R$ 4.592,59; Permuta
 PREFEITURA MUNICIPAL DE BALNEÁRIO GAIVOTA; Imóveis; TERRENOS; -; TERRENO URBANO SITUADO NO LOTEAMENTO PRAIA TURIMAR LOTE 10, DA QUADRA 04, COM 425,00M2.; 27/12/2000; MANUTENÇÃO DA SECRETARIA DE ADMINISTRAÇÃ; Ativo;R$ 4.592,59; Permuta
 PREFEITURA MUNICIPAL DE BALNEÁRIO GAIVOTA; Imóveis; TERRENOS; -; TERRENO URBANO SITUADO NO LOTEAMENTO PRAIA TURIMAR LOTE 11, DA QUADRA 04, COM 400,00M2.; 27/12/2000; MANUTENÇÃO DA SECRETARIA DE ADMINISTRAÇÃ; Ativo;R$ 4.592,59; Permuta
 PREFEITURA MUNICIPAL DE BALNEÁRIO GAIVOTA; Imóveis; TERRENOS; -; TERRENO URBANO SITUADO NO LOTEAMENTO PRAIA TURIMAR LOTE 12, DA QUADRA 04, COM 425,00M2.; 27/12/2000; MANUTENÇÃO DA SECRETARIA DE ADMINISTRAÇÃ; Ativo;R$ 4.592,59; Permuta
 PREFEITURA MUNICIPAL DE BALNEÁRIO GAIVOTA; Imóveis; TERRENOS; -; TERRENO URBANO SITUADO NO LOTEAMENTO PRAIA TURIMAR LOTE 13, DA QUADRA 04, COM 375,00M2.; 27/12/2000; MANUTENÇÃO DA SECRETARIA DE ADMINISTRAÇÃ; Ativo;R$ 4.592,59; Permuta
 PREFEITURA MUNICIPAL DE BALNEÁRIO GAIVOTA; Imóveis; TERRENOS; -; TERRENO URBANO SITUADO NO LOTEAMENTO PRAIA TURIMAR LOTE 14, DA QUADRA 04, COM 375,00M2.; 27/12/2000; MANUTENÇÃO DA SECRETARIA DE ADMINISTRAÇÃ; Ativo;R$ 4.592,59; Permuta
 PREFEITURA MUNICIPAL DE BALNEÁRIO GAIVOTA; Imóveis; TERRENOS; -; TERRENO URBANO SITUADO NO LOTEAMENTO PRAIA TURIMAR LOTE 15, DA QUADRA 04, COM 375,00M2.; 27/12/2000; MANUTENÇÃO DA SECRETARIA DE ADMINISTRAÇÃ; Ativo;R$ 4.592,59; Permuta
 PREFEITURA MUNICIPAL DE BALNEÁRIO GAIVOTA; Imóveis; TERRENOS; -; TERRENO URBANO SITUADO NO LOTEAMENTO PRAIA TURIMAR LOTE 16, DA QUADRA 04, COM 375,00M2.; 27/12/2000; MANUTENÇÃO DA SECRETARIA DE ADMINISTRAÇÃ; Ativo;R$ 4.592,59; Permuta
 PREFEITURA MUNICIPAL DE BALNEÁRIO GAIVOTA; Imóveis; TERRENOS; -; TERRENO URBANO SITUADO NO LOTEAMENTO PRAIA TURIMAR LOTE 17, DA QUADRA 04, COM 375,00M2.; 27/12/2000; MANUTENÇÃO DA SECRETARIA DE ADMINISTRAÇÃ; Ativo;R$ 4.592,59; Permuta
 PREFEITURA MUNICIPAL DE BALNEÁRIO GAIVOTA; Imóveis; TERRENOS; -; TERRENO URBANO SITUADO NO LOTEAMENTO PRAIA TURIMAR LOTE 18, DA QUADRA 04, COM 375,00M2.; 27/12/2000; MANUTENÇÃO DA SECRETARIA DE ADMINISTRAÇÃ; Ativo;R$ 4.592,59; Permuta
 PREFEITURA MUNICIPAL DE BALNEÁRIO GAIVOTA; Móveis; IMPRESSORAS;2431; IMPRESSORA EPSON FX - 1170; 31/08/2000; BENS INSERVÍVEIS; Baixado;R$ 1.450,00; Compra Normal
 PREFEITURA MUNICIPAL DE BALNEÁRIO GAIVOTA; Móveis; MONITORES;3046; MONITOR AOC 15 POLEGADAS; 31/08/2000; BENS INSERVÍVEIS; Baixado;R$ 460,00; Compra Normal
 PREFEITURA MUNICIPAL DE BALNEÁRIO GAIVOTA; Móveis; MÁQUINAS PARA ESCRITÓRIO;3090; ZIP DRIVE IOMEGA; 31/08/2000; BENS INSERVÍVEIS; Baixado;R$ 370,00; Compra Normal
 PREFEITURA MUNICIPAL DE BALNEÁRIO GAIVOTA; Móveis; APARELHO DE COMUNICAÇÃO;3059; APARELHO CENTRAL IPX 6020; 28/06/2000; BENS INSERVÍVEIS; Baixado;R$ 2.200,00; Compra Normal
 PREFEITURA MUNICIPAL DE BALNEÁRIO GAIVOTA; Móveis; IMPRESSORAS;3021; IMPRESSORA EPSON STYLUS COLOR 640; 01/02/2000; BENS INSERVÍVEIS; Baixado;R$ 520,00; Compra Normal
 PREFEITURA MUNICIPAL DE BALNEÁRIO GAIVOTA; Móveis; IMPRESSORAS;2526; IMPRESSORA EPSON STYLUS COLOR 640; 01/02/2000; BENS INSERVÍVEIS; Baixado;R$ 520,00; Compra Normal
 PREFEITURA MUNICIPAL DE BALNEÁRIO GAIVOTA; Móveis; IMPRESSORAS;2527; IMPRESSORA EPSON STYLUS COLOR 640; 01/02/2000; BENS INSERVÍVEIS; Baixado;R$ 520,00; Compra Normal
 PREFEITURA MUNICIPAL DE BALNEÁRIO GAIVOTA; Móveis; IMPRESSORAS;2528; IMPRESSORA EPSON STYLUS COLOR 640; 01/02/2000; BENS INSERVÍVEIS; Baixado;R$ 520,00; Compra Normal
 PREFEITURA MUNICIPAL DE BALNEÁRIO GAIVOTA; Móveis; INSTRUMENTOS E UTENSÍLIOS;2715; AR CONDICIONADO 15.000 BTUs MARCA CONSUL; 12/11/1999; BENS INSERVÍVEIS; Baixado;R$ 800,00; Compra Normal
 PREFEITURA MUNICIPAL DE BALNEÁRIO GAIVOTA; Móveis; INSTRUMENTOS E UTENSÍLIOS;2714; AR CONDICIONADO 10.000 BTUs MARCA SPRINGER; 12/11/1999; BENS INSERVÍVEIS; Baixado;R$ 600,00; Compra Normal
 PREFEITURA MUNICIPAL DE BALNEÁRIO GAIVOTA; Móveis; APARELHO DE COMUNICAÇÃO; -; FAX SHARP V-X 108 97113574; 22/10/1999; BENS INSERVÍVEIS; Baixado;R$ 438,00; Compra Normal
 PREFEITURA MUNICIPAL DE BALNEÁRIO GAIVOTA; Móveis; APARELHO DE COMUNICAÇÃO;2523; CELULAR MOTOROLA STARTAC  ESN. EDF96012, B: W5081B; 29/09/1999; BENS INSERVÍVEIS; Baixado;R$ 599,00; Compra Normal
 PREFEITURA MUNICIPAL DE BALNEÁRIO GAIVOTA; Móveis; VEICULOS LEVES;3108; AUTOMÓVEL MARCA VOLKSEAGEN - KOMBI CAP. 09 LUGARES MOTOR 1600, 61HP FABRICAÇÃO 1999 MODELO 1999 COR BRANCO GEADA CHASSI 9BWZZZ237XPO112258, MOTOR UGA029918:09; 14/09/1999; .; Baixado;R$ 20.000,00; Compra Normal
 PREFEITURA MUNICIPAL DE BALNEÁRIO GAIVOTA; Móveis; MÁQUINAS PARA ESCRITÓRIO;1322; ESTABILIZADOR ADF/TRONIC 3000 W; 06/09/1999; FUNDO MUNICIPAL DE SAUDE; Ativo;R$ 31,08; Compra Normal
 PREFEITURA MUNICIPAL DE BALNEÁRIO GAIVOTA; Móveis; ELETRODOMÉSTICOS;2525; VÍDEO CASSETE CCE MODELO VCR 303; 30/08/1999; BENS INSERVÍVEIS; Baixado;R$ 425,00; Compra Normal
 PREFEITURA MUNICIPAL DE BALNEÁRIO GAIVOTA; Móveis; IMPRESSORAS;233; IMPRESSORA EPSON LX 300; 24/04/1999; BENS INSERVÍVEIS; Baixado;R$ 400,00; Compra Normal
 PREFEITURA MUNICIPAL DE BALNEÁRIO GAIVOTA; Móveis; IMPRESSORAS;214; IMPRESSORA EPSON LX 300; 24/04/1999; DIRETORIA DE AGRICULTURA; Ativo;R$ 40,00; Compra Normal
 PREFEITURA MUNICIPAL DE BALNEÁRIO GAIVOTA; Móveis; MICROCOMPUTADOR;2706; COMPUTADOR PENTIUM MMX, COM PLACA DE VÍDEO 4 MB, PLACA DE SOM 16 BYTS, CD ROOM 32X MONITOR 14 POLEGADAS HD 3.2; 24/02/1999; BENS INSERVÍVEIS; Baixado;R$ 2.050,00; Compra Normal
 PREFEITURA MUNICIPAL DE BALNEÁRIO GAIVOTA; Móveis; IMPRESSORAS;2705; IMPRESSORA STYLUS COLOR 600; 24/02/1999; BENS INSERVÍVEIS; Baixado;R$ 450,00; Compra Normal
 CÂMARA MUNICIPAL BALNEÁRIO GAIVOTA; MOVEIS; Cod.: 536 - Mesa;195; MESA DE REUNIÃO CIRCULAR 120 PES DE FERRO COR PRANCO; 22/02/1999; SALARA REUNIÃO; Baixado;R$ 67,08; Compra
 CAMARA MUNICIPAL DE BALNEARIO GAIVOTA; MOVEIS; Cod.: 518 - Cadeira;194; FOTO GALERIA DOS EX PRESIDENTES 2013/2014; 22/02/1999; CAMARA MUNICIPAL DE VEREADORES; Em uso;R$ 10,90; Compra
 PREFEITURA MUNICIPAL DE BALNEÁRIO GAIVOTA; Móveis; VEICULOS PESADOS;1116; ÔNIBUS MODELO 1999 - URBANUS FABRICAÇÃO 1998 MODELO 1999 CAPACIDADE 40 LUGARES NÚMERO BUSUCFAPNXB013850 COR AMARELO MARCA MERCEDES-BENZ; 17/02/1999; MANUTENÇÃO DA SECRETARIA DE EDUCAÇÃO; Ativo;R$ 6.900,00; Compra Normal
 PREFEITURA MUNICIPAL DE BALNEÁRIO GAIVOTA; Móveis; IMPLEMENTOS AGRÍCOLAS;769; TRATOR AGRÍCOLA SOBRE RODAS VALMET, MODELO 785, 4X4, N.º DO MOTOR 22904403597, N.º SÉRIE 07854X50163; 29/01/1999; MANUTENÇÃO DA SECRETARIA DE OBRAS E SERV; Baixado;R$ 31.100,00; Compra Normal
 PREFEITURA MUNICIPAL DE BALNEÁRIO GAIVOTA; Móveis; VEICULOS PESADOS;3104; L-1318 C/ CABINE MERCEDES-BENZ ANO DE FABRICAÇÃO 1987 COR AZUL ANO DE MODELO 1987 NÚMERO DO CHASSI: 9BM345303HB763262 LYS1618 RENAVAM 382375149; 28/12/1998; MANUTENÇÃO DA SECRETARIA DE OBRAS E SERV; Ativo;R$ 3.980,00; Compra Normal
 PREFEITURA MUNICIPAL DE BALNEÁRIO GAIVOTA; Móveis; VEICULOS PESADOS;2519; L-1318 C/ CABINE MERCEDES-BENZ ANO DE FABRICAÇÃO 1987 COR AZUL ANO DE MODELO 1987 NÚMERO DO CHASSI: 9BM345303JB783232; 28/12/1998; BENS INSERVÍVEIS; Baixado;R$ 39.800,00; Compra Normal
 PREFEITURA MUNICIPAL DE BALNEÁRIO GAIVOTA; Móveis; MÁQUINAS, MOTORES;3110; MOTOSSERRA 08 SEQÜÊNCIA 340688189; 18/11/1998; BENS PARA LEILÃO; Baixado;R$ 80,00; Compra Normal
 PREFEITURA MUNICIPAL DE BALNEÁRIO GAIVOTA; Móveis; MÁQUINAS, MOTORES;3111; ROÇADEIRA FS 280 SEQÜÊNCIA 338263734; 18/11/1998; BENS INSERVÍVEIS; Baixado;R$ 1.000,00; Compra Normal
 PREFEITURA MUNICIPAL DE BALNEÁRIO GAIVOTA; Móveis; ELETRODOMÉSTICOS;1767; FREEZER CONSUL HORIONTAL; 23/07/1998; BENS INSERVÍVEIS; Baixado;R$ 520,00; Compra Normal
 PREFEITURA MUNICIPAL DE BALNEÁRIO GAIVOTA; Móveis; VEICULOS PESADOS;4426; RETROESCAVADEIRA MARCA CASE, MODELO 580H, ANO 1993, N.º SÉRIE JHF0005384 - USADA - ÓLEO DIESEL POTÊNCIA 70HP; 17/07/1998; MANUTENÇÃO DA SECRETARIA DE OBRAS E SERV; Baixado;R$ 19.100,00; Compra Normal
 PREFEITURA MUNICIPAL DE BALNEÁRIO GAIVOTA; Móveis; MICROCOMPUTADOR;2506; MICRO 386 C/ MONITOR COLOR C/ GABINETE/ TECLADO; 26/06/1998; BENS INSERVÍVEIS; Baixado;R$ 500,00; Compra Normal
 PREFEITURA MUNICIPAL DE BALNEÁRIO GAIVOTA; Móveis; MICROCOMPUTADOR;2507; MICRO 386 C/ MONITOR COLOR C/ GABINETE/ TECLADO; 26/06/1998; BENS INSERVÍVEIS; Baixado;R$ 500,00; Compra Normal
 PREFEITURA MUNICIPAL DE BALNEÁRIO GAIVOTA; Móveis; MICROCOMPUTADOR;2508; MICRO 386 C/ MONITOR COLOR C/ GABINETE/ TECLADO; 26/06/1998; BENS INSERVÍVEIS; Baixado;R$ 500,00; Compra Normal
 PREFEITURA MUNICIPAL DE BALNEÁRIO GAIVOTA; Móveis; MICROCOMPUTADOR;2509; MICRO 386 C/ MONITOR COLOR C/ GABINETE/ TECLADO; 26/06/1998; BENS INSERVÍVEIS; Baixado;R$ 500,00; Compra Normal
 PREFEITURA MUNICIPAL DE BALNEÁRIO GAIVOTA; Móveis; MICROCOMPUTADOR;2510; MICRO 386 C/ MONITOR COLOR C/ GABINETE/ TECLADO; 26/06/1998; BENS INSERVÍVEIS; Baixado;R$ 500,00; Compra Normal
 PREFEITURA MUNICIPAL DE BALNEÁRIO GAIVOTA; Móveis; MICROCOMPUTADOR;2511; MICRO 386 C/ MONITOR COLOR C/ GABINETE/ TECLADO; 26/06/1998; BENS INSERVÍVEIS; Baixado;R$ 500,00; Compra Normal
 PREFEITURA MUNICIPAL DE BALNEÁRIO GAIVOTA; Móveis; MICROCOMPUTADOR;2512; MICRO 386 C/ MONITOR COLOR C/ GABINETE/ TECLADO; 26/06/1998; BENS INSERVÍVEIS; Baixado;R$ 500,00; Compra Normal
 PREFEITURA MUNICIPAL DE BALNEÁRIO GAIVOTA; Móveis; MICROCOMPUTADOR;2513; MICRO 386 C/ MONITOR COLOR C/ GABINETE/ TECLADO; 26/06/1998; BENS INSERVÍVEIS; Baixado;R$ 500,00; Compra Normal
 PREFEITURA MUNICIPAL DE BALNEÁRIO GAIVOTA; Móveis; IMPRESSORAS;2984; IMPRESSORA EPSON SXU 480; 26/06/1998; BENS INSERVÍVEIS; Baixado;R$ 335,00; Compra Normal
 PREFEITURA MUNICIPAL DE BALNEÁRIO GAIVOTA; Móveis; IMPRESSORAS;2515; IMPRESSORA CANON BJC-250; 26/06/1998; BENS INSERVÍVEIS; Baixado;R$ 335,00; Compra Normal
 PREFEITURA MUNICIPAL DE BALNEÁRIO GAIVOTA; Móveis; MÁQUINAS PARA ESCRITÓRIO;3041; MÁQUINA DE ESCREVER MANUAL OLIVETTI 98; 08/06/1998; BENS INSERVÍVEIS; Baixado;R$ 390,00; Compra Normal
 PREFEITURA MUNICIPAL DE BALNEÁRIO GAIVOTA; Móveis; INSTRUMENTOS E UTENSÍLIOS;522; NOBREACK ENERMAX; 18/05/1998; MANUTENÇÃO DA SECRETARIA DE EDUCAÇÃO; Ativo;R$ 65,00; Compra Normal
 PREFEITURA MUNICIPAL DE BALNEÁRIO GAIVOTA; Móveis; VEICULOS LEVES; -; AUTOMÓVEL MARCA FIAT, MODELO PALIO WEEKEND, ANO DE FABRICAÇÃO 1998, MODELO 1998, COR BRANCA GEADA.; 01/04/1998; .; Baixado;R$ 27.994,00; Compra Normal
 PREFEITURA MUNICIPAL DE BALNEÁRIO GAIVOTA; Móveis; IMPLEMENTOS AGRÍCOLAS;3109; TRATOR MASSEY FERGUSSON ANO 73 COM 44 HP SÉRIE 654034078 - MODELO 50 X COM CARRETA  E ROÇADEIRA.; 26/03/1998; BENS PARA LEILÃO; Baixado;R$ 6.500,00; Compra Normal
 PREFEITURA MUNICIPAL DE BALNEÁRIO GAIVOTA; Móveis; ELETRODOMÉSTICOS;1250; REFRIGERADOR CONSUL 229 LITROS BRANCO; 30/01/1998; FUNDO MUNICIPAL DE SAUDE; Ativo;R$ 44,20; Compra Normal
 CÂMARA MUNICIPAL BALNEÁRIO GAIVOTA; MOVEIS; Cod.: 511 - Armário;192; ARMARIO A203 B.C BRANCO; 27/01/1998; PRESIDÊNCIA; Baixado;R$ 53,53; Compra
 CÂMARA MUNICIPAL BALNEÁRIO GAIVOTA; MOVEIS; Cod.: 511 - Armário;193; ARMARIO EST A202 BC; 27/01/1998; ZELADORIA; Baixado;R$ 106,42; Compra
 PREFEITURA MUNICIPAL DE BALNEÁRIO GAIVOTA; Móveis; INSTRUMENTOS E UTENSÍLIOS;3799; TERMINAL ATENDEDOR; 22/01/1998; BENS PARA LEILÃO; Baixado;R$ 46,80; Compra Normal
 PREFEITURA MUNICIPAL DE BALNEÁRIO GAIVOTA; Móveis; MÁQUINAS, MOTORES;3114; ROÇADEIRA FS 280 - N.º 336174602; 08/01/1998; BENS INSERVÍVEIS; Baixado;R$ 900,00; Compra Normal
 PREFEITURA MUNICIPAL DE BALNEÁRIO GAIVOTA; Móveis; MICROCOMPUTADOR;3042; MICROCOMPUTADOR PENTIUM 200 MHz, MMX; 02/01/1998; BENS INSERVÍVEIS; Baixado;R$ 1.484,70; Compra Normal
 PREFEITURA MUNICIPAL DE BALNEÁRIO GAIVOTA; Móveis; IMPRESSORAS;3001; IMPRESSORA LX - 300; 02/01/1998; BENS INSERVÍVEIS; Baixado;R$ 353,50; Compra Normal
 PREFEITURA MUNICIPAL DE BALNEÁRIO GAIVOTA; Móveis; IMPRESSORAS;3054; IMPRESSORA EPSON FX 1170; 02/01/1998; BENS INSERVÍVEIS; Baixado;R$ 797,90; Compra Normal
 PREFEITURA MUNICIPAL DE BALNEÁRIO GAIVOTA; Móveis; MICROCOMPUTADOR;3129; MICROCOMPUTADOR PENTIUM 200 MHz, MMX; 02/01/1998; BENS INSERVÍVEIS; Baixado;R$ 1.484,70; Compra Normal
 PREFEITURA MUNICIPAL DE BALNEÁRIO GAIVOTA; Móveis; IMPRESSORAS;2486; IMPRESSORA STYLUS COLOR 600; 02/01/1998; BENS INSERVÍVEIS; Baixado;R$ 606,00; Compra Normal
 PREFEITURA MUNICIPAL DE BALNEÁRIO GAIVOTA; Móveis; MICROCOMPUTADOR;3121; MICROCOMPUTADOR PENTIUM 200 MHz  MMX; 02/01/1998; BENS INSERVÍVEIS; Baixado;R$ 1.484,70; Compra Normal
 PREFEITURA MUNICIPAL DE BALNEÁRIO GAIVOTA; Móveis; IMPRESSORAS;745; IMPRESSORA EPSON LX 300; 02/01/1998; MANUTENÇÃO DA SECRETARIA DE ADMINISTRAÇÃ; Ativo;R$ 35,35; Compra Normal
 PREFEITURA MUNICIPAL DE BALNEÁRIO GAIVOTA; Móveis; VEICULOS LEVES;3107; FORD FIESTA 1.0 A GASOLINA 53 HP ANO FAB. 97 MOD. 98; 31/12/1997; .; Baixado;R$ 13.759,00; Compra Normal
 PREFEITURA MUNICIPAL DE BALNEÁRIO GAIVOTA; Móveis; MOBILIÁRIO EM GERAL;1777; ARMÁRIO DE AÇO; 31/12/1997; BENS INSERVÍVEIS; Baixado;R$ 440,00; Compra Normal
 PREFEITURA MUNICIPAL DE BALNEÁRIO GAIVOTA; Móveis; MOBILIÁRIO EM GERAL;226; ARMÁRIO MILITAR 1,00 X 2,00; 31/12/1997; BENS INSERVÍVEIS; Baixado;R$ 152,00; Compra Normal
 PREFEITURA MUNICIPAL DE BALNEÁRIO GAIVOTA; Móveis; ELETRODOMÉSTICOS;1273; REFRIGERADOR ELECTROLUX R-27; 12/12/1997; FUNDO MUNICIPAL DE SAUDE; Baixado;R$ 43,90; Compra Normal
 PREFEITURA MUNICIPAL DE BALNEÁRIO GAIVOTA; Móveis; MÁQUINAS, MOTORES;2636; LAVA JATO KARCHER; 09/12/1997; BENS PARA LEILÃO; Baixado;R$ 655,00; Compra Normal
 PREFEITURA MUNICIPAL DE BALNEÁRIO GAIVOTA; Móveis; INSTRUMENTOS E UTENSÍLIOS;2964; ANTENA 0,60 COM DECODIFICADOR GRADIENTE E CABOS CONECTORES; 26/08/1997; BENS INSERVÍVEIS; Baixado;R$ 1.180,00; Compra Normal
 PREFEITURA MUNICIPAL DE BALNEÁRIO GAIVOTA; Móveis; INSTRUMENTOS E UTENSÍLIOS;2464; INTERFACE CELULAR; 14/08/1997; BENS INSERVÍVEIS; Baixado;R$ 750,00; Compra Normal
 PREFEITURA MUNICIPAL DE BALNEÁRIO GAIVOTA; Móveis; ELETRODOMÉSTICOS;2945; APARELHO DE TV PANASONIC 29 POLEGADAS; 16/07/1997; MANUTENÇÃO DA SECRETARIA DE EDUCAÇÃO; Ativo;R$ 93,60; Compra Normal
 PREFEITURA MUNICIPAL DE BALNEÁRIO GAIVOTA; Móveis; APARELHO DE COMUNICAÇÃO;2459; INTERFACE CELULAR; 23/06/1997; BENS INSERVÍVEIS; Baixado;R$ 750,00; Compra Normal
 PREFEITURA MUNICIPAL DE BALNEÁRIO GAIVOTA; Móveis; VEICULOS LEVES; -; VOLKSWAGEN KOMBI STANDARD BRANCO GEADA MOTOR 1600 GASOLINA ANO FAB. 1997, ANO MODELO 1997; 12/06/1997; .; Baixado;R$ 17.994,00; Compra Normal
 PREFEITURA MUNICIPAL DE BALNEÁRIO GAIVOTA; Móveis; EQUIPAMENTOS MÉDICOS;2458; CONTRA ANGULO BAIXA ROTAÇÃO COM CHAVETA; 03/06/1997; BENS INSERVÍVEIS; Baixado;R$ 445,00; Compra Normal
 PREFEITURA MUNICIPAL DE BALNEÁRIO GAIVOTA; Móveis; APARELHO DE COMUNICAÇÃO;2429; INTERFACE CELULAR; 15/05/1997; BENS INSERVÍVEIS; Baixado;R$ 750,00; Compra Normal
 PREFEITURA MUNICIPAL DE BALNEÁRIO GAIVOTA; Móveis; MICROCOMPUTADOR;2703; MICRO COMPUTADOR 100 MHZ; 28/04/1997; BENS INSERVÍVEIS; Baixado;R$ 1.335,00; Compra Normal
 PREFEITURA MUNICIPAL DE BALNEÁRIO GAIVOTA; Móveis; MICROCOMPUTADOR;2434; MICRO COMPUTADOR 100 MHZ; 28/04/1997; BENS INSERVÍVEIS; Baixado;R$ 1.335,00; Compra Normal
 PREFEITURA MUNICIPAL DE BALNEÁRIO GAIVOTA; Móveis; IMPRESSORAS;2704; IMPRESSORA HP 692C; 28/04/1997; BENS INSERVÍVEIS; Baixado;R$ 690,00; Compra Normal
 PREFEITURA MUNICIPAL DE BALNEÁRIO GAIVOTA; Móveis; IMPRESSORAS;2428; IMPRESSORA ELGIN MODELO EE324; 28/04/1997; BENS INSERVÍVEIS; Baixado;R$ 395,00; Compra Normal
 PREFEITURA MUNICIPAL DE BALNEÁRIO GAIVOTA; Móveis; MICROCOMPUTADOR;3035; MICRO COMPUTADOR 100 MHZ; 28/04/1997; BENS INSERVÍVEIS; Baixado;R$ 1.335,00; Compra Normal
 PREFEITURA MUNICIPAL DE BALNEÁRIO GAIVOTA; Móveis; IMPRESSORAS;2424; IMPRESSORA HP 692C; 28/04/1997; BENS INSERVÍVEIS; Baixado;R$ 690,00; Compra Normal
 PREFEITURA MUNICIPAL DE BALNEÁRIO GAIVOTA; Móveis; EQUIPAMENTOS MÉDICOS;1192; AMALGAMADOR MIXALLOY RHOS; 25/04/1997; BENS INSERVÍVEIS; Baixado;R$ 649,00; Compra Normal
 PREFEITURA MUNICIPAL DE BALNEÁRIO GAIVOTA; Móveis; EQUIPAMENTOS MÉDICOS;2918; MICRO-MOTOR INTRAMATE SPRAY I; 25/04/1997; BENS INSERVÍVEIS; Baixado;R$ 835,00; Compra Normal
 PREFEITURA MUNICIPAL DE BALNEÁRIO GAIVOTA; Móveis; EQUIPAMENTOS MÉDICOS;2920; TURBINA SUPER TORQUE; 25/04/1997; BENS INSERVÍVEIS; Baixado;R$ 644,00; Compra Normal
 PREFEITURA MUNICIPAL DE BALNEÁRIO GAIVOTA; Móveis; EQUIPAMENTOS MÉDICOS;1217; MESA GINECOLÓGICA; 25/04/1997; FUNDO MUNICIPAL DE SAUDE; Baixado;R$ 445,40; Compra Normal
 PREFEITURA MUNICIPAL DE BALNEÁRIO GAIVOTA; Móveis; EQUIPAMENTOS MÉDICOS;955; MACA; 25/04/1997; FUNDO MUNICIPAL DE SAUDE; Baixado;R$ 69,00; Compra Normal
 PREFEITURA MUNICIPAL DE BALNEÁRIO GAIVOTA; Móveis; EQUIPAMENTOS MÉDICOS;995; MACA; 25/04/1997; FUNDO MUNICIPAL DE SAUDE; Baixado;R$ 451,95; Compra Normal
 PREFEITURA MUNICIPAL DE BALNEÁRIO GAIVOTA; Móveis; MOBILIÁRIO EM GERAL;1149; BALANÇA ANTROPOMÉTRICA ADULTO; 25/04/1997; BENS INSERVÍVEIS; Baixado;R$ 788,00; Compra Normal
 PREFEITURA MUNICIPAL DE BALNEÁRIO GAIVOTA; Móveis; MÁQUINAS PARA ESCRITÓRIO; -; NOBREAK ENERMAX; 24/03/1997; BENS INSERVÍVEIS; Baixado;R$ 533,51; Compra Normal
 PREFEITURA MUNICIPAL DE BALNEÁRIO GAIVOTA; Móveis; MÁQUINAS PARA ESCRITÓRIO;2423; MULTIFUNCIONAL 150; 24/03/1997; BENS INSERVÍVEIS; Baixado;R$ 1.189,00; Compra Normal
 PREFEITURA MUNICIPAL DE BALNEÁRIO GAIVOTA; Móveis; CÂMARA FOTOGRÁFICA;2409; CÂMARA AUTOM SLIM ZOM SANST; 17/03/1997; BENS INSERVÍVEIS; Baixado;R$ 395,10; Compra Normal
 CÂMARA MUNICIPAL BALNEÁRIO GAIVOTA; MOVEIS; Cod.: 518 - Cadeira;173; CADEIRA FIXA JACUI PRETA; 09/03/1997; ARQUIVO MORTO; Baixado;R$ 5,29; Compra
 CÂMARA MUNICIPAL BALNEÁRIO GAIVOTA; MOVEIS; Cod.: 518 - Cadeira;174; CADEIRA FIXA JACUI PRETA; 09/03/1997; PRESIDÊNCIA; Baixado;R$ 5,29; Compra
 CÂMARA MUNICIPAL BALNEÁRIO GAIVOTA; MOVEIS; Cod.: 518 - Cadeira;171; CADEIRA FIXA JACUI PRETA; 09/03/1997; ARQUIVO MORTO; Baixado;R$ 5,29; Compra
 CÂMARA MUNICIPAL BALNEÁRIO GAIVOTA; MOVEIS; Cod.: 518 - Cadeira;172; CADEIRA FIXA JACUI PRETA; 09/03/1997; ARQUIVO MORTO; Baixado;R$ 5,29; Compra
 CÂMARA MUNICIPAL BALNEÁRIO GAIVOTA; MOVEIS; Cod.: 518 - Cadeira;177; CADEIRA FIXA JACUI PRETA; 09/03/1997; ARQUIVO MORTO; Baixado;R$ 5,29; Compra
 CÂMARA MUNICIPAL BALNEÁRIO GAIVOTA; MOVEIS; Cod.: 518 - Cadeira;191; CADEIRA FIXA JACUI PRETA; 09/03/1997; PRESIDÊNCIA; Baixado;R$ 5,29; Compra
 CÂMARA MUNICIPAL BALNEÁRIO GAIVOTA; MOVEIS; Cod.: 518 - Cadeira;176; CADEIRA FIXA JACUI PRETA; 09/03/1997; ARQUIVO MORTO; Baixado;R$ 5,29; Compra
 CÂMARA MUNICIPAL BALNEÁRIO GAIVOTA; MOVEIS; Cod.: 518 - Cadeira;190; CADEIRA FIXA JACUI PRETA; 09/03/1997; ARQUIVO MORTO; Baixado;R$ 5,29; Compra
 CÂMARA MUNICIPAL BALNEÁRIO GAIVOTA; MOVEIS; Cod.: 518 - Cadeira;179; CADEIRA FIXA JACUI PRETA; 09/03/1997; PRESIDÊNCIA; Baixado;R$ 5,29; Compra
 CÂMARA MUNICIPAL BALNEÁRIO GAIVOTA; MOVEIS; Cod.: 518 - Cadeira;178; CADEIRA FIXA JACUI PRETA; 09/03/1997; PRESIDÊNCIA; Baixado;R$ 5,29; Compra
 CÂMARA MUNICIPAL BALNEÁRIO GAIVOTA; MOVEIS; Cod.: 518 - Cadeira;182; CADEIRA FIXA JACUI PRETA; 09/03/1997; PRESIDÊNCIA; Baixado;R$ 5,29; Compra
 CÂMARA MUNICIPAL BALNEÁRIO GAIVOTA; MOVEIS; Cod.: 518 - Cadeira;180; CADEIRA FIXA JACUI PRETA; 09/03/1997; PRESIDÊNCIA; Baixado;R$ 5,29; Compra
 CÂMARA MUNICIPAL BALNEÁRIO GAIVOTA; MOVEIS; Cod.: 518 - Cadeira;183; CADEIRA FIXA JACUI PRETA; 09/03/1997; ARQUIVO MORTO; Baixado;R$ 5,29; Compra
 CÂMARA MUNICIPAL BALNEÁRIO GAIVOTA; MOVEIS; Cod.: 518 - Cadeira;188; CADEIRA FIXA JACUI PRETA; 09/03/1997; ARQUIVO MORTO; Baixado;R$ 5,29; Compra
 CÂMARA MUNICIPAL BALNEÁRIO GAIVOTA; MOVEIS; Cod.: 518 - Cadeira;184; CADEIRA FIXA JACUI PRETA; 09/03/1997; ARQUIVO MORTO; Baixado;R$ 5,29; Compra
 CÂMARA MUNICIPAL BALNEÁRIO GAIVOTA; MOVEIS; Cod.: 518 - Cadeira;186; CADEIRA FIXA JACUI PRETA; 09/03/1997; ARQUIVO MORTO; Baixado;R$ 5,29; Compra
 CÂMARA MUNICIPAL BALNEÁRIO GAIVOTA; MOVEIS; Cod.: 518 - Cadeira;189; CADEIRA FIXA JACUI PRETA; 09/03/1997; ARQUIVO MORTO; Baixado;R$ 5,29; Compra
 CÂMARA MUNICIPAL BALNEÁRIO GAIVOTA; MOVEIS; Cod.: 518 - Cadeira;185; CADEIRA FIXA JACUI PRETA; 09/03/1997; ARQUIVO MORTO; Baixado;R$ 5,29; Compra
 CÂMARA MUNICIPAL BALNEÁRIO GAIVOTA; MOVEIS; Cod.: 518 - Cadeira;187; CADEIRA FIXA JACUI PRETA; 09/03/1997; ARQUIVO MORTO; Baixado;R$ 5,29; Compra
 CAMARA MUNICIPAL DE BALNEARIO GAIVOTA; MOVEIS; Cod.: 518 - Cadeira;175; CADEIRA FIXA JACUI PRETA; 09/03/1997; CAMARA MUNICIPAL DE VEREADORES; Em uso;R$ 1,95; Compra
 CAMARA MUNICIPAL DE BALNEARIO GAIVOTA; MOVEIS; Cod.: 518 - Cadeira;181; CADEIRA FIXA JACUI PRETA; 09/03/1997; CAMARA MUNICIPAL DE VEREADORES; Em uso;R$ 1,95; Compra
 PREFEITURA MUNICIPAL DE BALNEÁRIO GAIVOTA; Móveis; MÁQUINAS, MOTORES;3113; ROÇADEIRA F.S 280 STIHL; 07/03/1997; BENS INSERVÍVEIS; Baixado;R$ 930,00; Compra Normal
 PREFEITURA MUNICIPAL DE BALNEÁRIO GAIVOTA; Móveis; MOBILIÁRIO EM GERAL;280; ARMÁRIO 2 PORTA ALTO FECHADO; 07/03/1997; MANUTENÇÃO DO GABINETE DO PREFEITO; Ativo;R$ 32,20; Compra Normal
 PREFEITURA MUNICIPAL DE BALNEÁRIO GAIVOTA; Móveis; MOBILIÁRIO EM GERAL;163; COFRE MODELO I-10 230 KG; 07/03/1997; MANUTENÇÃO DA SECRETARIA DE ADMINISTRAÇÃ; Ativo;R$ 39,60; Compra Normal
 PREFEITURA MUNICIPAL DE BALNEÁRIO GAIVOTA; Móveis; MOBILIÁRIO EM GERAL;2422; CONJUNTO ESCRIVANINHA  COM CADEIRA GIRATÓRIA; 07/03/1997; BENS INSERVÍVEIS; Baixado;R$ 1.786,00; Compra Normal
 PREFEITURA MUNICIPAL DE BALNEÁRIO GAIVOTA; Móveis; APARELHO DE COMUNICAÇÃO;2652; APARELHO DE SOM; 06/03/1997; BENS INSERVÍVEIS; Baixado;R$ 425,00; Compra Normal
 CÂMARA MUNICIPAL BALNEÁRIO GAIVOTA; MOVEIS; Cod.: 536 - Mesa;170; MESA BRANCA SEM GAVETA 150 X 70 X 74; 06/03/1997; ARQUIVO MORTO; Baixado;R$ 5,30; Compra
 PREFEITURA MUNICIPAL DE BALNEÁRIO GAIVOTA; Móveis; APARELHO DE COMUNICAÇÃO;3057; TERMINAL OPERADORA; 04/03/1997; BENS INSERVÍVEIS; Baixado;R$ 360,00; Compra Normal
 PREFEITURA MUNICIPAL DE BALNEÁRIO GAIVOTA; Móveis; APARELHO DE COMUNICAÇÃO;2414; CENTRAL TELEFÔNICA MARCA FASOR  - F415  04 TRONCOS E 15 RAMAIS; 04/03/1997; BENS INSERVÍVEIS; Baixado;R$ 822,00; Compra Normal
 PREFEITURA MUNICIPAL DE BALNEÁRIO GAIVOTA; Móveis; APARELHO DE COMUNICAÇÃO;2651; CENTRAL TELEFÔNICA MARCA FASOR 01 TRONCO E 05 RAMAIS; 04/03/1997; BENS INSERVÍVEIS; Baixado;R$ 483,00; Compra Normal
 PREFEITURA MUNICIPAL DE BALNEÁRIO GAIVOTA; Móveis; UTENSÍLIO MÓVEL;2629; BALCÃO EM CEREJEIRA MACIÇA COM 03 GAVETAS; 03/03/1997; CAMARA MUNICIPAL DE VEREADORES; Baixado;R$ 550,00; Compra Normal
 PREFEITURA MUNICIPAL DE BALNEÁRIO GAIVOTA; Móveis; UTENSÍLIO MÓVEL;2630; TRIBUNA EM CEREJEIRA MACIÇA; 03/03/1997; CAMARA MUNICIPAL DE VEREADORES; Baixado;R$ 350,00; Compra Normal
 CAMARA MUNICIPAL DE BALNEARIO GAIVOTA; MOVEIS; Cod.: 536 - Mesa;169; MESA DE CEREJEIRA COM FORMICA GAVETA COM CHAVE; 03/03/1997; CAMARA MUNICIPAL DE VEREADORES; Em uso;R$ 2,00; Compra
 PREFEITURA MUNICIPAL DE BALNEÁRIO GAIVOTA; Móveis; VEICULOS LEVES;3298; AUTOMÓVEL DE CARGA, MARCA PEUGEOT MODELO 504; 27/02/1997; .; Baixado;R$ 20.270,00; Compra Normal
 PREFEITURA MUNICIPAL DE BALNEÁRIO GAIVOTA; Móveis; APARELHO DE COMUNICAÇÃO;2696; APARELHO DE FAX PANASONIC MD. KX-F750; 27/02/1997; BENS INSERVÍVEIS; Baixado;R$ 700,00; Compra Normal
 PREFEITURA MUNICIPAL DE BALNEÁRIO GAIVOTA; Móveis; APARELHO DE COMUNICAÇÃO;2405; APARELHO DE RÁDIO TRANSMISSOR DE FREQÜÊNCIA; 07/02/1997; BENS INSERVÍVEIS; Baixado;R$ 600,00; Compra Normal
 PREFEITURA MUNICIPAL DE BALNEÁRIO GAIVOTA; Móveis; ELETRODOMÉSTICOS;3062; CONDICIONADOR DE AR 10000 BTUs; 05/02/1997; BENS INSERVÍVEIS; Baixado;R$ 875,00; Compra Normal
 PREFEITURA MUNICIPAL DE BALNEÁRIO GAIVOTA; Móveis; ELETRODOMÉSTICOS;2404; CONDICIONADOR DE AR 7500 BTUs; 05/02/1997; BENS INSERVÍVEIS; Baixado;R$ 669,00; Compra Normal
 PREFEITURA MUNICIPAL DE BALNEÁRIO GAIVOTA; Móveis; ELETRODOMÉSTICOS;2763; CONDICIONADOR DE AR 7500 BTUs; 05/02/1997; BENS INSERVÍVEIS; Baixado;R$ 669,00; Compra Normal
 PREFEITURA MUNICIPAL DE BALNEÁRIO GAIVOTA; Móveis; ELETRODOMÉSTICOS;3053; CONDICIONADOR DE AR 7500 BTUs; 05/02/1997; BENS INSERVÍVEIS; Baixado;R$ 669,00; Compra Normal
 PREFEITURA MUNICIPAL DE BALNEÁRIO GAIVOTA; Móveis; MICROCOMPUTADOR;3115; MICROCOMPUTADOR PENTIUM 100 MHZ; 04/02/1997; BENS INSERVÍVEIS; Baixado;R$ 1.240,00; Compra Normal
 PREFEITURA MUNICIPAL DE BALNEÁRIO GAIVOTA; Móveis; IMPRESSORAS;3116; IMPRESSORA ELGIN 132 COLUNAS; 04/02/1997; BENS INSERVÍVEIS; Baixado;R$ 789,00; Compra Normal
 PREFEITURA MUNICIPAL DE BALNEÁRIO GAIVOTA; Móveis; IMPRESSORAS;3122; IMPRESSORA OLIVETTI 132 COLUNAS; 04/02/1997; BENS INSERVÍVEIS; Baixado;R$ 789,00; Compra Normal
 PREFEITURA MUNICIPAL DE BALNEÁRIO GAIVOTA; Móveis; IMPRESSORAS;2437; IMPRESSORA ELGIN 132 COLUNAS; 04/02/1997; BENS INSERVÍVEIS; Baixado;R$ 789,00; Compra Normal
 PREFEITURA MUNICIPAL DE BALNEÁRIO GAIVOTA; Móveis; IMPRESSORAS;2400; IMPRESSORA HP DESKJET 680 C; 04/02/1997; BENS INSERVÍVEIS; Baixado;R$ 539,00; Compra Normal
 PREFEITURA MUNICIPAL DE BALNEÁRIO GAIVOTA; Móveis; IMPRESSORAS;2438; IMPRESSORA EPSON LX 300 N.S. 1YMY312498; 04/02/1997; BENS INSERVÍVEIS; Baixado;R$ 370,00; Compra Normal
 PREFEITURA MUNICIPAL DE BALNEÁRIO GAIVOTA; Móveis; MICROCOMPUTADOR;3117; MICROCOMPUTADOR PENTIUM 166 MHZ; 04/02/1997; BENS INSERVÍVEIS; Baixado;R$ 2.390,00; Compra Normal
 PREFEITURA MUNICIPAL DE BALNEÁRIO GAIVOTA; Móveis; MICROCOMPUTADOR;3014; MICROCOMPUTADOR; 04/02/1997; BENS INSERVÍVEIS; Baixado;R$ 1.545,00; Compra Normal
 PREFEITURA MUNICIPAL DE BALNEÁRIO GAIVOTA; Móveis; ELETRODOMÉSTICOS;4293; BEBEDOURO DVO PRATIC; 10/01/1997; BENS PARA LEILÃO; Baixado;R$ 32,00; Doação
