rel_entidade;numero_do_processo;ano_processo;numero_da_licitacao;ano_da_licitacao;objeto;modalide;data_de_abertura;data_de_publicacao;tipo_de_objeto;forma_de_julgamento;data_da_homologacao;situacao;data_de_anulacao;data_de_criacao;data_do_julgamento;data_da_revogacao;forma_de_contratacao;valor_estimado;valor_homologado
 CAMARA MUNICIPAL DE BALNEARIO GAIVOTA;26;2026;23;2026; PELA DESPESA EMPENHA REF, PRESTAÇÃO DE SERVIÇO DE DETETIZAÇÃO INTERNA E EXTERNA  DO PRÉDIO DA CAMARA DE VEREADORES  INCLUÍDO TUBOS E RALOS; Dispensa de licitação; -; -; Prestação de serviços; MENOR PREÇO; 14/05/2026; HOMOLOGADO; -; 14/05/2026;  - ; -; Contratação direta;R$ 7.344,00;R$ 931,20
 CAMARA MUNICIPAL DE BALNEARIO GAIVOTA;25;2026;22;2026; PELA DESPESA EMPENHA REF, AQUISIÇÃO DE BANDEIRAS EM CETIM DOIS PANOS, ESTADO MUNICÍPIO, BRASIL E PODER LEGISLATIVO, UM KIT DE PEDESTAL COM MASTRO  INTERNO , E 9 BANDEIRAS DE OXFORD DOS ESTADO DE SC, BRASIL, E MUNICÍPIO ,E BÂTON DO PODER LEGISLATIVO; Dispensa de licitação; -; -; Aquisição de bens; MAIOR OFERTA; 18/05/2026; HOMOLOGADO; -; 08/05/2026;  - ; -; Contratação direta;R$ 7.040,00;R$ 6.845,00
 CAMARA MUNICIPAL DE BALNEARIO GAIVOTA;24;2026;21;2026; PELA DESPESA EMPENHADA REF, AQUISIÇÃO DE COMPENSADO 9MM , MATERIAL HIDRÁULICO E ELETRICO,  E FERRAMENTAS; Dispensa de licitação; -; -; Aquisição de bens; MENOR PREÇO GLOBAL; 12/05/2026; HOMOLOGADO; -; 06/05/2026;  - ; -; Contratação direta;R$ 1.327,63;R$ 1.327,63
 CAMARA MUNICIPAL DE BALNEARIO GAIVOTA;23;2026;20;2026; PELA DESPESA EMPENHA REF, AQUISIÇÃO DE MOVEIS DE ESCRITÓRIO; Dispensa de licitação; -; -; Aquisição de bens; MENOR PREÇO GLOBAL; 07/05/2026; HOMOLOGADO; -; 06/05/2026;  - ; -; Contratação direta;R$ 2.793,00;R$ 2.607,00
 PREFEITURA MUNICIPAL DE BALNEARIO GAIVOTA;45;2026;20;2026; O OBJETO DA PRESENTE DISPENSA DE LICITAÇÃO CONSISTE NA AQUISIÇÃO DE TRATOR CORTADOR DE GRAMA, DESTINADO A ATENDER AS DEMANDAS DA SECRETARIA DE ESPORTES DO MUNICÍPIO DE BALNEÁRIO GAIVOTA/SC, CONFORME AS ESPECIFICAÇÕES MÍNIMAS CONSTANTES NO TERMO DE DISPENSA, TERMO DE REFERÊNCIA E DEMAIS ANEXOS CONFORME PROCESSO SGPE SCC 20082/2025.; Dispensa de licitação; -; 07/05/2026; Aquisição de bens; MENOR PREÇO; 07/05/2026; HOMOLOGADO; -; 30/04/2026;  - ; -; Contratação direta;R$ 27.500,00;R$ 27.500,00
 CAMARA MUNICIPAL DE BALNEARIO GAIVOTA;22;2026;19;2026; aquisição de mobiliário em geral, moveis planejado conforme ETP  para suprir as necessidades dos diversos setores desta Câmara Municipal, estando incluso todos os; Dispensa de licitação; -; -; Aquisição de bens; MENOR PREÇO GLOBAL; 22/04/2026; HOMOLOGADO; -; 22/04/2026;  - ; -; Contratação direta;R$ 23.175,01;R$ 21.545,00
 PREFEITURA MUNICIPAL DE BALNEARIO GAIVOTA;43;2026;19;2026; O OBJETO DA PRESENTE DISPENSA DE LICITAÇÃO CONSISTE NA CONTRATAÇÃO DE EMPRESA ESPECIALIZADA PARA A PRESTAÇÃO DE SERVIÇOS DE ASSISTÊNCIA TÉCNICA E EXTENSÃO RURAL (ATER) AO MUNICÍPIO DE BALNEÁRIO GAIVOTA/SC, CONFORME AÇÕES DESCRITAS NO PLANO ANUAL DE TRABALHO (PAT), PARTE INTEGRANTE DO INSTRUMENTO CONTRATUAL, COMPREENDENDO ATENDIMENTO TÉCNICO INDIVIDUAL E COLETIVO AOS PRODUTORES RURAIS E PESCADORES, VISITAS TÉCNICAS ÀS PROPRIEDADES, ELABORAÇÃO DE PROJETOS TÉCNICOS, CAPACITAÇÕES E DEMAIS ATIVIDADES; Dispensa de licitação; -; 14/05/2026; Prestação de serviços; MENOR PREÇO; 14/05/2026; HOMOLOGADO; -; 22/04/2026;  - ; -; Licitação;R$ 42.000,00;R$ 42.000,00
 CAMARA MUNICIPAL DE BALNEARIO GAIVOTA;18;2026;18;2026; PELA DESPESA EMPENHA REF, SERVIÇO DE INSTALAÇAÕA DE 7 CAMERAS INTELBRAS COM CAPEAMENTO, GRAVADOR DVR 12 CANAIS; Dispensa de licitação; -; -; Prestação de serviços; MENOR PREÇO GLOBAL; 06/03/2026; HOMOLOGADO; -; 06/03/2026;  - ; -; Contratação direta;R$ 4.230,00;R$ 4.230,00
 CAMARA MUNICIPAL DE BALNEARIO GAIVOTA;21;2026;17;2026; PELA DESPESA EMPENHARA REF, AQUISIÇÃO DE UMA PORTA EXTERNA DE VIDRO TEMPERADO 10MM COM FECHADURA, DOBRADIÇAS, MOLA AMORTECIMENTO MEDINDO 2000CM X 2500 CM TOTAL DE 5Mº LOCAL SALA DE REUNIÃO.; Dispensa de licitação; -; -; Aquisição de bens; MENOR PREÇO GLOBAL; 07/04/2026; HOMOLOGADO; -; 07/04/2026;  - ; -; Contratação direta;R$ 4.029,67;R$ 3.589,00
 PREFEITURA MUNICIPAL DE BALNEARIO GAIVOTA;33;2026;17;2026; O OBJETO DA PRESENTE DISPENSA DE LICITAÇÃO CONSISTE NA CONTRATAÇÃO DE EMPRESA ESPECIALIZADA PARA PRESTAÇÃO DE SERVIÇOS DE MANUTENÇÃO CORRETIVA PONTUAL NO SISTEMA DE ILUMINAÇÃO PÚBLICA DO MUNICÍPIO DE BALNEÁRIO GAIVOTA/SC, CONFORME AS ESPECIFICAÇÕES MÍNIMAS CONSTANTES NO EDITAL, TERMO DE REFERÊNCIA E DEMAIS ANEXOS.; Dispensa de licitação; -; 30/03/2026; Prestação de serviços; MENOR PREÇO GLOBAL; 02/04/2026; HOMOLOGADO; -; 25/03/2026;  - ; -; Contratação direta;R$ 65.296,70;R$ 65.296,70
 PREFEITURA MUNICIPAL DE BALNEARIO GAIVOTA;30;2026;17;2026; A PRESENTE CHAMADA PÚBLICA TEM POR OBJETIVO A AQUISIÇÃO DE GÊNEROS ALIMENTÍCIOS DIRETAMENTE DA AGRICULTURA FAMILIAR E DO EMPREENDEDOR FAMILIAR RURAL OU DE SUAS ORGANIZAÇÕES, DESTINADOS À ALIMENTAÇÃO ESCOLAR NO MUNICÍPIO DE BALNEARIO GAIVOTA/SC, PARA O ANO LETIVO DE 2026, CONFORME A LEI FEDERAL Nº 11.947/2009, A RESOLUÇÃO CD/FNDE Nº 06/2020 E SUAS ALTERAÇÕES, CONFORME ESPECIFICAÇÕES DO ANEXO I.; Inexigibilidade de licitação; -; 19/03/2026; Aquisição de bens; SEM COMPETITIVIDADE - Qtd. rateada; 28/05/2026; HOMOLOGADO; -; 17/03/2026;  - ; -; Chamada pública / credenciamento;R$ 420.498,00;R$ 420.498,00
 CAMARA MUNICIPAL DE BALNEARIO GAIVOTA;19;2026;16;2026; CONTRATAÇÃO DE AGÊNCIA DE VIAGEM PARA AQUISIÇÃO DE PASSAGENS AÉREAS – IDA E VOLTA – DE  FLORIANÓPOLIS/SC, BRASÍLIA DF PARA  15 PARTICIPANTES DA XXVII MARCHA A BRASÍLIA  REALIZADO PELA CNM – CONFEDERAÇÃO NACIONAL DE  MUNICÍPIOS , COM SAÍDA DE FLORIANOPOLIS NO DIA 17 DE MAIO E RETORNO DE BRASÍLIA  NO DIA  21 DE MAIO E 2026.; Dispensa de licitação; -; -; Prestação de serviços; MENOR PREÇO GLOBAL; 11/03/2026; HOMOLOGADO; -; 11/03/2026;  - ; -; Contratação direta;R$ 26.307,87;R$ 26.307,87
 PREFEITURA MUNICIPAL DE BALNEARIO GAIVOTA;32;2026;16;2026; O OBJETO DA PRESENTE DISPENSA DE LICITAÇÃO CONSISTE NA CONTRATAÇÃO DE EMPRESA ESPECIALIZADA PARA PRESTAÇÃO DE SERVIÇOS DE MANUTENÇÃO CORRETIVA PONTUAL NO SISTEMA DE ILUMINAÇÃO PÚBLICA DO MUNICÍPIO DE BALNEÁRIO GAIVOTA/SC,, CONFORME AS ESPECIFICAÇÕES MÍNIMAS CONSTANTES NO EDITAL, TERMO DE REFERÊNCIA E DEMAIS ANEXOS.; Dispensa de licitação; -; 20/03/2026; Prestação de serviços; MENOR PREÇO GLOBAL; -; DESERTO; -; 20/03/2026;  - ; -; Contratação direta;R$ 65.296,70; -
 CAMARA MUNICIPAL DE BALNEARIO GAIVOTA;15;2026;15;2026; PELA DESPESA EMPENHA REF, AQUISIÇÃO DE MOVEIS DE ESCRITÓRIO; Dispensa de licitação; -; -; Aquisição de bens; MENOR PREÇO GLOBAL; 04/03/2026; HOMOLOGADO; -; 27/02/2026;  - ; -; Contratação direta;R$ 6.561,00;R$ 4.996,00
 CAMARA MUNICIPAL DE BALNEARIO GAIVOTA;14;2026;14;2026; PELA AQUISIÇÃO DE UM APARELHO SMARTPHONE SASUNG GALAXY S25 ULTRA; Dispensa de licitação; -; -; Aquisição de bens; MENOR PREÇO; 13/02/2026; HOMOLOGADO; -; 13/02/2026;  - ; -; Contratação direta;R$ 7.433,36;R$ 6.899,00
 CAMARA MUNICIPAL DE BALNEARIO GAIVOTA;13;2026;13;2026; PELA DESPESA EMPENHA REF, AQUISIÇÃO DE MOVEIS DE ESCRITÓRIO E COZINHA; Dispensa de licitação; -; -; Aquisição de bens; MENOR PREÇO GLOBAL; 13/02/2026; HOMOLOGADO; -; 13/02/2026;  - ; -; Contratação direta;R$ 3.112,00;R$ 2.518,00
 PREFEITURA MUNICIPAL DE BALNEARIO GAIVOTA;22;2026;12;2026; O OBJETO DA PRESENTE DISPENSA DE LICITAÇÃO CONSISTE NA CONTRATAÇÃO DE EMPRESA ESPECIALIZADA PARA PRESTAÇÃO DE SERVIÇOS DE MANUTENÇÃO PREVENTIVA E CORRETIVA DE CALHAS NAS UNIDADES ESCOLARES DA REDE MUNICIPAL DE ENSINO DO MUNICÍPIO DE BALNEÁRIO GAIVOTA/SC, INCLUINDO LIMPEZA, DESOBSTRUÇÃO, REPAROS E SUBSTITUIÇÃO DE COMPONENTES DANIFICADOS, BEM COMO O FORNECIMENTO E INSTALAÇÃO DE CALHA TIPO PINGADEIRA, COM FORNECIMENTO DE TODOS OS MATERIAIS, EQUIPAMENTOS E MÃO DE OBRA NECESSÁRIOS À ADEQUADA EXECUÇÃO; Dispensa de licitação; -; 02/03/2026; Prestação de serviços; MENOR PREÇO; 02/03/2026; HOMOLOGADO; -; 18/02/2026;  - ; -; Contratação direta;R$ 31.900,00;R$ 31.900,00
 CAMARA MUNICIPAL DE BALNEARIO GAIVOTA;12;2026;12;2026; PELA DESPESA EMPENHA REF,  Contratação de empresa para a prestação dos serviços de radiodifusão em frequência modulada (FM), para inserções diárias de 30 segundos, com conteúdos informados pela casa legislativa; Dispensa de licitação; -; -; Prestação de serviços; MENOR PREÇO; 13/02/2026; HOMOLOGADO; -; 13/02/2026;  - ; -; Contratação direta;R$ 20.100,00;R$ 20.100,00
 CAMARA MUNICIPAL DE BALNEARIO GAIVOTA;11;2026;11;2026;" Aquisição de combustível (GASOLINA-COMUM) para abastecimento do veículo oficial da Câmara de Vereadores de Balneário Gaivota, obedecendo integralmente às condições, quantitativos e especificações constantes
no Termo de Referência"; Dispensa de licitação; -; -; Prestação de serviços; MENOR PREÇO; 05/02/2026; HOMOLOGADO; -; 05/02/2026;  - ; -; Contratação direta;R$ 17.091,00;R$ 16.821,00
 PREFEITURA MUNICIPAL DE BALNEARIO GAIVOTA;20;2026;11;2026; O OBJETO DA PRESENTE DISPENSA DE LICITAÇÃO CONSISTE NA CONTRATAÇÃO DE PROFISSIONAL MÉDICO VETERINÁRIO, PARA PRESTAÇÃO DE SERVIÇOS TÉCNICOS ESPECIALIZADOS JUNTO AO SERVIÇO DE INSPEÇÃO MUNICIPAL , VINCULADO AO DEPARTAMENTO DE AGRICULTURA DO MUNICÍPIO DE BALNEÁRIO GAIVOTA/SC.; Dispensa de licitação; -; 11/02/2026; Prestação de serviços; MENOR PREÇO GLOBAL; 18/02/2026; HOMOLOGADO; -; 10/02/2026;  - ; -; Contratação direta;R$ 54.793,32;R$ 38.400,00
 CAMARA MUNICIPAL DE BALNEARIO GAIVOTA;10;2026;10;2026; serviços de transmissão contínua (streaming), via internet simultânea nas redes sociais da câmara pelas plataformas Youtube/Facebook/instagram e site da Câmara https://www.camaragaivota.sc.gov.br/gravação das sessões ordinárias e extraordinárias da Câmara Municipal, bem como outras reuniões legislativas de interesse público, em atendimento ao princípio constitucional da transparência e da publicidade.; Dispensa de licitação; -; -; Prestação de serviços; MENOR PREÇO GLOBAL; 30/01/2026; HOMOLOGADO; -; 30/01/2026;  - ; -; Contratação direta;R$ 23.307,00;R$ 16.800,00
 PREFEITURA MUNICIPAL DE BALNEARIO GAIVOTA;25;2026;10;2026; O OBJETO DA PRESENTE INEXIGIBILIDADE DE LICITAÇÃO É A LOCAÇÃO DE IMÓVEL, SENDO UMA CASA DE ALVENARIA, LOCALIZADA NOS LOTES 01 E 02 DA QUADRA E, BAIRRO SANTA RITA DE CASSIA SUL, NESTE MUNICÍPIO, DEVIDAMENTE REGISTRADO SOB O Nº 53.872, NO CARTÓRIO DE REGISTRO DE IMÓVEIS DA COMARCA DE SOMBRIO – SC. O QUAL SERVIRÁ PARA O FUNCIONAMENTO DO CONSELHO TUTELAR E BIBLIOTECA DO MUNICÍPIO DE BALNEÁRIO GAIVOTA/SC.; Inexigibilidade de licitação; -; 16/03/2026; Locação; Sem Competitividade; 16/03/2026; HOMOLOGADO; -; 23/02/2026;  - ; -; Contratação direta;R$ 29.037,96;R$ 29.820,00
 FUNDO MUNICIPAL DE SAUDE BALNEARIO GAIVOTA;13;2026;10;2026; O objeto da presente inexigibilidade de licitação é a locação de um imóvel comercial composto por duas salas contíguas, com aproximadamente 100m², destinado à instalação do setor de Tratamento Fora do Domicílio (TFD) e do arquivo geral das Estratégias de Saúde da Família (ESF), situado na Avenida Interpraias, nº 561, bairro Santa Rita de Cássia Sul, Balneário Gaivota/SC, CEP 88955-000.; Inexigibilidade de licitação; -; 14/05/2026; Locação; Inexigibilidade de Licitação; 14/05/2026; HOMOLOGADO; -; 07/05/2026;  - ; -; Contratação direta;R$ 31.999,92;R$ 31.999,92
 CAMARA MUNICIPAL DE BALNEARIO GAIVOTA;9;2026;9;2026; PELA DESPESA EMPENHA REF, AQUISIÇÃO DE MOVEIS DE ESCRITÓRIO E COZINHA; Dispensa de licitação; -; -; Aquisição de bens; MENOR PREÇO GLOBAL; 28/01/2026; HOMOLOGADO; -; 28/01/2026;  - ; -; Contratação direta;R$ 16.907,34;R$ 15.622,00
 FUNDO MUNICIPAL DE SAUDE BALNEARIO GAIVOTA;12;2026;9;2026; O OBJETO DA PRESENTE INEXIGIBILIDADE DE LICITAÇÃO CONSISTE NA CONTRATAÇÃO DE LABORATÓRIO DE ANÁLISES CLÍNICAS PARA PRESTAÇÃO DE SERVIÇOS DE COLETA, REALIZAÇÃO E ENTREGA DE EXAMES CLÍNICOS, DESTINADOS AO ATENDIMENTO DOS USUÁRIOS DO SISTEMA ÚNICO DE SAÚDE (SUS) NA REDE MUNICIPAL DE SAÚDE DO MUNICÍPIO DE BALNEÁRIO GAIVOTA COM BASE NOS PROCEDIMENTOS E VALORES CONSTANTES NA TABELA DE EXAMES LABORATORIAIS DO SISTEMA DE INFORMAÇÕES AMBULATORIAIS DO SISTEMA ÚNICO DE SAÚDE (SIA/SUS) – TABELA UNIFICADA DE; Inexigibilidade de licitação; -; -; Prestação de serviços; Inexigibilidade de Licitação; 07/05/2026; HOMOLOGADO; -; 07/05/2026;  - ; -; Contratação direta;R$ 110.000,30;R$ 110.000,30
 CAMARA MUNICIPAL DE BALNEARIO GAIVOTA;8;2026;8;2026; PELA DESPESA EMPENHA REF, AQUISIÇÃO DE GÉNEROS ALIMENTÍCIOS E PRODUTOS DE LIMPEZA E HIGIENIZAÇÃO  DE USO EXCLUSIVO DESTA CASA LEGISLATIVA; Dispensa de licitação; -; -; Aquisição de bens; MENOR PREÇO GLOBAL; 16/01/2026; HOMOLOGADO; -; 16/01/2026;  - ; -; Contratação direta;R$ 11.222,22;R$ 11.222,22
 PREFEITURA MUNICIPAL DE BALNEARIO GAIVOTA;21;2026;8;2026; O OBJETO DA PRESENTE INEXIGIBILIDADE DE LICITAÇÃO É A LOCAÇÃO DE IMÓVEL, SENDO UMA CASA DE ALVENARIA DE 248.41 M² APROXIMADAMENTE, LOCALIZADA NO LOTE 05 DA QUADRA 03, BAIRRO SANTA RITA DE CASSIA SUL, SITO A RUA ERMIRIO JOSÉ COELHO, Nº 287, NESTE MUNICÍPIO, DEVIDAMENTE REGISTRADO SOB O Nº 60.566, NO CARTÓRIO DE REGISTRO DE IMÓVEIS DA COMARCA DE SOMBRIO – SC. O QUAL SERVIRÁ PARA O FUNCIONAMENTO DA SECRETARIA MUNICIPAL DE ASSISTÊNCIA SOCIAL DO MUNICÍPIO DE BALNEÁRIO GAIVOTA/SC.; Inexigibilidade de licitação; -; 19/02/2026; Locação; Sem Competitividade; 20/02/2026; HOMOLOGADO; -; 18/02/2026;  - ; -; Contratação direta;R$ 22.800,00;R$ 22.800,00
 FUNDO MUNICIPAL DE SAUDE BALNEARIO GAIVOTA;11;2026;8;2026; O OBJETO DA PRESENTE INEXIGIBILIDADE DE LICITAÇÃO CONSISTE NA CONTRATAÇÃO DE LABORATÓRIO DE ANÁLISES CLÍNICAS PARA PRESTAÇÃO DE SERVIÇOS DE COLETA, REALIZAÇÃO E ENTREGA DE EXAMES CLÍNICOS, DESTINADOS AO ATENDIMENTO DOS USUÁRIOS DO SISTEMA ÚNICO DE SAÚDE (SUS) NA REDE MUNICIPAL DE SAÚDE DO MUNICÍPIO DE BALNEÁRIO GAIVOTA COM BASE NOS PROCEDIMENTOS E VALORES CONSTANTES NA TABELA DE EXAMES LABORATORIAIS DO SISTEMA DE INFORMAÇÕES AMBULATORIAIS DO SISTEMA ÚNICO DE SAÚDE (SIA/SUS) – TABELA UNIFICADA DE; Inexigibilidade de licitação; -; -; Prestação de serviços; Inexigibilidade de Licitação; 07/05/2026; HOMOLOGADO; -; 07/05/2026;  - ; -; Contratação direta;R$ 110.000,30;R$ 110.000,30
 CAMARA MUNICIPAL DE BALNEARIO GAIVOTA;7;2026;7;2026; PELA DESPESA DE AQUISIÇÃO DE MATERIAL E MAO DE OBRA PARA MANUTENÇÃO DE CONSERVAÇÃO DE  BENS IMÓVEIS; Dispensa de licitação; -; -; Prestação de serviços; MENOR PREÇO GLOBAL; 12/01/2026; HOMOLOGADO; -; 12/01/2026;  - ; -; Contratação direta;R$ 6.271,00;R$ 6.271,00
 PREFEITURA MUNICIPAL DE BALNEARIO GAIVOTA;19;2026;7;2026; O OBJETO DA PRESENTE INEXIGIBILIDADE DE LICITAÇÃO É A LOCAÇÃO DE UM IMÓVEL COM APROXIMADAMENTE 200 M², LOCALIZADO NA RUA DOS COQUEIROS, LOTEAMENTO SANTO ANTÔNIO II, LAGOA DE FORA, DESTINADO AO FUNCIONAMENTO DO ALMOXARIFADO DO MUNICÍPIO DE BALNEÁRIO GAIVOTA/SC.; Inexigibilidade de licitação; -; 20/02/2026; Locação; Sem Competitividade; 20/02/2026; HOMOLOGADO; -; 06/02/2026;  - ; -; Contratação direta;R$ 20.131,80;R$ 20.131,80
 FUNDO MUNICIPAL DE SAUDE BALNEARIO GAIVOTA;10;2026;7;2026; O OBJETO DA PRESENTE INEXIGIBILIDADE DE LICITAÇÃO CONSISTE NA CONTRATAÇÃO DE LABORATÓRIO DE ANÁLISES CLÍNICAS PARA PRESTAÇÃO DE SERVIÇOS DE COLETA, REALIZAÇÃO E ENTREGA DE EXAMES CLÍNICOS, DESTINADOS AO ATENDIMENTO DOS USUÁRIOS DO SISTEMA ÚNICO DE SAÚDE (SUS) NA REDE MUNICIPAL DE SAÚDE DO MUNICÍPIO DE BALNEÁRIO GAIVOTA COM BASE NOS PROCEDIMENTOS E VALORES CONSTANTES NA TABELA DE EXAMES LABORATORIAIS DO SISTEMA DE INFORMAÇÕES AMBULATORIAIS DO SISTEMA ÚNICO DE SAÚDE (SIA/SUS) – TABELA UNIFICADA DE; Inexigibilidade de licitação; -; -; Prestação de serviços; Inexigibilidade de Licitação; 07/05/2026; HOMOLOGADO; -; 07/05/2026;  - ; -; Contratação direta;R$ 110.000,30;R$ 110.000,30
 CAMARA MUNICIPAL DE BALNEARIO GAIVOTA;6;2026;6;2026; PELA DESPESA EMPENHA REF, AQUISIÇÃO DE CORAS DE FLORES PARA HOMENAGENS PÓSTUMAS E ARRANJO DE FLORES  PARA DECORAÇÃO; Dispensa de licitação; -; -; Aquisição de bens; MENOR PREÇO GLOBAL; 09/01/2026; HOMOLOGADO; -; 09/01/2026;  - ; -; Contratação direta;R$ 3.750,00;R$ 3.750,00
 PREFEITURA MUNICIPAL DE BALNEARIO GAIVOTA;13;2026;6;2026; CREDENCIAMENTO DE EMPRESAS PARA A PRESTAÇÃO DE SERVIÇOS DE INSERÇÃO DE MÍDIA EM JORNAL IMPRESSO COM CONTEÚDO PRIORITARIAMENTE LOCAL E INFORMATIVO, SERVIÇOS DE TELEVISÃO, SERVIÇOS DE MÍDIA ONLINE PARA DIVULGAÇÃO DE MATÉRIAS JORNALÍSTICAS E CAMPANHAS INSTITUCIONAIS, SERVIÇOS DE RÁDIODIFUSÃO E ASSINATURAL ANUAL DE JORNAL DESTINADO ÀS SECRETARIAS DO MUNICÍPIO DE BALNEÁRIO GAIVOTA/SC, em conformidade com as especificações mínimas constantes no Edital, Termo de Referência e demais Anexo.; Inexigibilidade de licitação; -; 29/01/2026; Prestação de serviços; Sem Competitividade; 29/01/2026; HOMOLOGADO; -; 29/01/2026;  - ; -; Contratação direta;R$ 11.400,00;R$ 11.400,00
 FUNDO MUNICIPAL DE SAUDE BALNEARIO GAIVOTA;9;2026;6;2026; O OBJETO DA PRESENTE INEXIGIBILIDADE DE LICITAÇÃO CONSISTE NA CONTRATAÇÃO DE LABORATÓRIO DE ANÁLISES CLÍNICAS PARA PRESTAÇÃO DE SERVIÇOS DE COLETA, REALIZAÇÃO E ENTREGA DE EXAMES CLÍNICOS, DESTINADOS AO ATENDIMENTO DOS USUÁRIOS DO SISTEMA ÚNICO DE SAÚDE (SUS) NA REDE MUNICIPAL DE SAÚDE DO MUNICÍPIO DE BALNEÁRIO GAIVOTA COM BASE NOS PROCEDIMENTOS E VALORES CONSTANTES NA TABELA DE EXAMES LABORATORIAIS DO SISTEMA DE INFORMAÇÕES AMBULATORIAIS DO SISTEMA ÚNICO DE SAÚDE (SIA/SUS) – TABELA UNIFICADA DE; Inexigibilidade de licitação; -; -; Prestação de serviços; Inexigibilidade de Licitação; 07/05/2026; HOMOLOGADO; -; 06/05/2026;  - ; -; Contratação direta;R$ 110.000,30;R$ 110.000,30
 CAMARA MUNICIPAL DE BALNEARIO GAIVOTA;5;2026;5;2026; AQUISIÇÃO DE AGUA MINERAL  ENGARRAFADA; Dispensa de licitação; -; -; Aquisição de bens; MENOR PREÇO GLOBAL; 08/01/2026; HOMOLOGADO; -; 08/01/2026;  - ; -; Contratação direta;R$ 5.445,00;R$ 5.445,00
 PREFEITURA MUNICIPAL DE BALNEARIO GAIVOTA;10;2026;5;2026; LOCAÇÃO DE IMÓVEL, COMPOSTO POR 02 (DUAS) SALAS, SITUADO NA RODOVIA JOSÉ TISKOSKI, BAIRRO LAGOA DE FORA, NO MUNICÍPIO DE BALNEÁRIO GAIVOTA/SC, DESTINADO A ABRIGAR AS INSTALAÇÕES DA SECRETARIA MUNICIPAL DE AGRICULTURA E PESCA.; Inexigibilidade de licitação; -; 28/01/2026; Locação; Sem Competitividade; 28/01/2026; HOMOLOGADO; -; 21/01/2026;  - ; -; Contratação direta;R$ 32.834,76;R$ 32.834,76
 FUNDO MUNICIPAL DE SAUDE BALNEARIO GAIVOTA;6;2026;5;2026; O OBJETO DA PRESENTE INEXIGIBILIDADE DE LICITAÇÃO É A LOCAÇÃO DE UM IMÓVEL DE ALVENARIA, ÁREA APROXIMADAMENTE DE 50M², LOCALIZADO NO BAIRRO LAGOINHAS, DESTINADO AO FUNCIONAMENTO DO POSTO DE ATENDIMENTO DA ESTRATÉGIA SAÚDE DA FAMÍLIA (ESF) NO MUNICÍPIO DE BALNEÁRIO GAIVOTA/SC.; Inexigibilidade de licitação; -; 13/03/2026; Locação; Inexigibilidade de Licitação; 13/03/2026; HOMOLOGADO; -; 12/03/2026;  - ; -; Contratação direta;R$ 8.413,68;R$ 8.413,68
 PREFEITURA MUNICIPAL DE BALNEARIO GAIVOTA;38;2026;5;2026; O PRESENTE PROCEDIMENTO LICITATÓRIO TEM COMO OBJETIVO REGISTRAR PREÇOS COM A FINALIDADE DE SELECIONAR A PROPOSTA MAIS VANTAJOSA PARA FUTURA(S) E EVENTUAL(IS) AQUISIÇÕES DE MADEIRAS COM OU SEM TRATAMENTO, DESTINADOS A ATENDER AS DEMANDAS DA SECRETARIA DE OBRAS E SERVIÇOS URBANOS, DAS DEMAIS SECRETARIAS E DOS ENTES CONVENIADOS VINCULADOS AO MUNICÍPIO DE BALNEÁRIO GAIVOTA/SC, EM CONFORMIDADE COM AS ESPECIFICAÇÕES MÍNIMAS DESCRITAS NO EDITAL, TERMO DE REFERÊNCIA E DEMAIS ANEXOS.; Pregão eletrônico; 20/04/2026 09:00; 08/04/2026; Aquisição de bens; MENOR PREÇO; 27/04/2026; HOMOLOGADO; -; 08/04/2026; 20/04/2026; -; Licitação;R$ 612.743,20;R$ 434.413,60
 CAMARA MUNICIPAL DE BALNEARIO GAIVOTA;4;2026;4;2026; CONTRATAÇÃO DE EMPRESA ESPECIALIZADA LAVAÇÃO AUTOMOTIVA; Dispensa de licitação; -; -; Prestação de serviços; MENOR PREÇO GLOBAL; 08/01/2026; HOMOLOGADO; -; 08/01/2026;  - ; -; Contratação direta;R$ 2.800,00;R$ 2.800,00
 PREFEITURA MUNICIPAL DE BALNEARIO GAIVOTA;12;2026;4;2026; LOCAÇÃO DE UM IMÓVEL DE ALVENARIA COM ÁREA APROXIMADA DE 256,38 M², LOCALIZADO NA RUA NOVA, NO MUNICÍPIO DE BALNEÁRIO GAIVOTA/SC, DESTINADO AO FUNCIONAMENTO DO CENTRO DE EDUCAÇÃO INFANTIL ABELHINHA.; Inexigibilidade de licitação; -; 26/01/2026; Locação; Sem Competitividade; 26/01/2026; HOMOLOGADO; -; 26/01/2026;  - ; -; Contratação direta;R$ 50.235,60;R$ 50.235,60
 PREFEITURA MUNICIPAL DE BALNEARIO GAIVOTA;8;2026;4;2026; O objeto da presente Dispensa de Licitação é a contratação de empresa especializada para a prestação de serviços de sistema de controle e cronometragem com chip em corridas esportivas a serem realizadas no Município de Balneário Gaivota/SC, contemplando 04 (quatro) eventos no período de janeiro a maio de 2026, incluindo fornecimento de pulseira descartável resistente à água ou número de peito com chip, cronômetro digital para largada, carro madrinha e plataforma/site para divulgação dos resultad; Dispensa de licitação; -; 16/01/2026; Prestação de serviços; MENOR PREÇO; 16/01/2026; HOMOLOGADO; -; 16/01/2026;  - ; -; Contratação direta;R$ 17.300,00;R$ 17.300,00
 FUNDO MUNICIPAL DE SAUDE BALNEARIO GAIVOTA;5;2026;4;2026; O OBJETO DA PRESENTE INEXIGIBILIDADE DE LICITAÇÃO É A LOCAÇÃO DE IMÓVEL, SENDO UMA SALA COMERCIAL EM ALVENARIA, LOCALIZADA NA ESTRADA JORGE FLORIANO, Nº 1250, BAIRRO RUA NOVA, NESTE MUNICÍPIO, DEVIDAMENTE REGISTRADO SOB O Nº 75.701, NO CARTÓRIO DE REGISTRO DE IMÓVEIS DA COMARCA DE SOMBRIO – SC, O QUAL SERVIRÁ PARA O FUNCIONAMENTO DO POSTO DE ATENDIMENTO DA ESTRATÉGIA SAÚDE DA FAMÍLIA (ESF) MANOEL GENEROSO PAULO.; Inexigibilidade de licitação; -; 12/03/2026; Locação; Inexigibilidade de Licitação; 12/03/2026; HOMOLOGADO; -; 11/03/2026;  - ; -; Contratação direta;R$ 18.774,48;R$ 18.774,48
 PREFEITURA MUNICIPAL DE BALNEARIO GAIVOTA;37;2026;4;2026; O presente procedimento licitatório tem como objetivo registrar preços com a finalidade de selecionar a proposta mais vantajosa para futura contratação de empresa especializada para execução de Pavimento com Aplicação de Concreto Asfáltico, camada de rolamento – inclusive carga e transporte, Fresagem, Pintura de Ligação com RR1 e Imprimação, para utilização de reparos/reforço de base para pavimentação asfáltica no Município de Balneário Gaivota/SC.; Pregão eletrônico; 24/04/2026 09:00; 06/04/2026; Contratação de serviços; menor preço global por lote; -; ANULADO; 29/04/2026; 02/04/2026; 24/04/2026; -; Licitação;R$ 10.834.250,00; -
 PREFEITURA MUNICIPAL DE BALNEARIO GAIVOTA;9;2026;3;2026; LOCAÇÃO DE UM IMÓVEL DE ALVENARIA COM ÁREA APROXIMADA DE 256,38 M², LOCALIZADO NA RUA NOVA, NO MUNICÍPIO DE BALNEÁRIO GAIVOTA/SC, DESTINADO AO FUNCIONAMENTO DO CENTRO DE EDUCAÇÃO INFANTIL ABELHINHA.; Inexigibilidade de licitação; -; 21/01/2026; Locação; Sem Competitividade; 21/01/2026; REVOGADO; -; 21/01/2026;  - ; 26/01/2026; Contratação direta;R$ 44.940,00;R$ 44.940,00
 FUNDO MUNICIPAL DE SAUDE BALNEARIO GAIVOTA;4;2026;3;2026; O OBJETO DA PRESENTE INEXIGIBILIDADE DE LICITAÇÃO É A LOCAÇÃO DE UM IMÓVEL COMERCIAL COM ÁREA DE APROXIMADAMENTE 100 M², SITUADO NA AVENIDA INTERPRAIAS, Nº 904-917, BAIRRO SANTA RITA DE CÁSSIA SUL, NO MUNICÍPIO DE BALNEÁRIO GAIVOTA/SC, DESTINADO AO FUNCIONAMENTO DO SETOR DE TRANSPORTE DE PACIENTES DA SECRETARIA MUNICIPAL DE SAÚDE NO MUNICÍPIO DE BALNEÁRIO GAIVOTA/SC.; Inexigibilidade de licitação; -; -; Locação; Inexigibilidade de Licitação; 12/03/2026; HOMOLOGADO; -; 11/03/2026;  - ; -; Contratação direta;R$ 24.000,00;R$ 24.000,00
 CAMARA MUNICIPAL DE BALNEARIO GAIVOTA;20;2026;3;2026; PELA DESPESA EMPENHA REF, INSCRIÇÃO DE 01 VEREADORES PARA O CURSO  COMUNICAÇÃO DE IMPACTO E ASSERTIVIDADE NO SETOR PUBLICO MINISTRADO PELA CGP CENTRO DE CAPACITAÇÃO EM GESTÃO PUBLICA; Inexigibilidade de licitação; -; -; Prestação de serviços; Inexigibilidade de Licitação; 23/03/2026; HOMOLOGADO; -; 23/03/2026;  - ; -; Contratação direta;R$ 1.000,00;R$ 1.000,00
 PREFEITURA MUNICIPAL DE BALNEARIO GAIVOTA;28;2026;3;2026; O PRESENTE PROCEDIMENTO LICITATÓRIO TEM POR OBJETO A SELEÇÃO DA PROPOSTA MAIS VANTAJOSA PARA A CONTRATAÇÃO DE EMPRESA ESPECIALIZADA NA EXECUÇÃO DE PAVIMENTAÇÃO EM LAJOTA SEXTAVADA DA AVENIDA ISAAC, NO BAIRRO LAGOINHA, COM EXTENSÃO TOTAL DE 520,00M NO MUNICÍPIO DE BALNEÁRIO GAIVOTA/SC, CONFORME A PORTARIA CONJUNTA SGG/SEF Nº 081/2025, PROCESSO Nº SGPE SCC 13309/2025, OBSERVADAS AS ESPECIFICAÇÕES TÉCNICAS E QUANTITATIVOS MÍNIMOS CONSTANTES NO EDITAL, NO CRONOGRAMA FÍSICO-FINANCEIRO, NO MEMORIAL DE; Concorrência eletrônica; 26/03/2026 09:00; 12/03/2026; Obras e Serviços de Arquitetura e Engenharia; MENOR PREÇO GLOBAL; 14/04/2026; HOMOLOGADO; -; 11/03/2026; 26/03/2026; -; Licitação;R$ 392.601,64;R$ 329.785,00
 CAMARA MUNICIPAL DE BALNEARIO GAIVOTA;3;2026;3;2026; Contratação do Banco do Brasil S.A., instituição financeira oficial, para a prestação de serviços bancários, compreendendo a execução e administração de transações bancárias, bem como a cobrança de tarifas incidentes sobre os serviços utilizados pela Administração Pública.; Dispensa de licitação; -; -; Prestação de serviços; MENOR PREÇO GLOBAL; 06/01/2026; HOMOLOGADO; -; 06/01/2026;  - ; -; Contratação direta;R$ 4.000,00;R$ 4.000,00
 PREFEITURA MUNICIPAL DE BALNEARIO GAIVOTA;36;2026;3;2026; O PRESENTE PROCEDIMENTO LICITATÓRIO TEM COMO OBJETIVO REGISTRAR PREÇOS COM A FINALIDADE DE SELECIONAR A PROPOSTA MAIS VANTAJOSA PARA FUTURA(S) E EVENTUAL(IS) AQUISIÇÕES DE INSTALAÇÃO DE PEÇAS EM GRANITO, DIVISÓRIAS EM MÁRMORE, MICTÓRIOS E CUBAS EM AÇO INOX, DESTINADOS A ATENDER AS DEMANDAS DA SECRETARIA DE EDUCAÇÃO DE BALNEÁRIO GAIVOTA/SC, DAS DEMAIS SECRETARIAS E DOS ENTES CONVENIADOS VINCULADOS AO MUNICÍPIO DE BALNEÁRIO GAIVOTA/SC, EM CONFORMIDADE COM AS ESPECIFICAÇÕES MÍNIMAS DESCRITAS NO EDI; Pregão eletrônico; 30/04/2026 09:00; 07/04/2026; Aquisição de bens; MENOR PREÇO; 30/04/2026; HOMOLOGADO; -; 02/04/2026; 30/04/2026; -; Licitação;R$ 134.201,00;R$ 128.930,00
 FUNDO MUNICIPAL DE SAUDE BALNEARIO GAIVOTA;14;2026;3;2026; Contratação emergencial de empresa especializada para disponibilização, manutenção, licenciamento de uso e suporte técnico do sistema informatizado de gestão pública em saúde atualmente utilizado pela Secretaria Municipal de Saúde de Balneário Gaivota/SC, pelo prazo máximo de 06 (seis) meses, ou até a conclusão e início da execução da contratação regular decorrente do procedimento licitatório definitivo, o que ocorrer primeiro, a fim de assegurar a continuidade dos serviços públicos essenciais d; Dispensa de licitação; 11/05/2026 11:10; 14/05/2026; Prestação de serviços; MENOR PREÇO; 14/05/2026; HOMOLOGADO; -; 11/05/2026; 11/05/2026; -; Licitação;R$ 43.065,78;R$ 43.065,78
 CAMARA MUNICIPAL DE BALNEARIO GAIVOTA;2;2026;2;2026; Contratação do fornecimento de agua e esgoto  para a Câmara de vereadores de Balneário Gaivota; Dispensa de licitação; -; -; Prestação de serviços; Inexigibilidade de Licitação; 06/01/2026; HOMOLOGADO; -; 06/01/2026;  - ; -; Contratação direta;R$ 3.000,00;R$ 3.000,00
 PREFEITURA MUNICIPAL DE BALNEARIO GAIVOTA;4;2026;2;2026; A PRESENTE DISPENSA DE LICITAÇÃO TEM COMO OBJETO A CONTRATAÇÃO DE EMPRESA ESPECIALIZADA PARA REFORMA DE ACESSIBILIDADE E ADEQUAÇÕES NA ESCOLA DE ENSINO FUNDAMENTAL PROFESSOR DARCY RIBEIRO E DO CENTRO DE EDUCAÇÃO INFANTIL ESTRELINHA DO MAR NO MUNICÍPIO DE BALNEÁRIO GAIVOTA/SC, AS ABRANGENDO A REALIZAÇÃO DE TODOS OS SERVIÇOS NECESSÁRIOS PARA A EXECUÇÃO DA OBRA, CONFORME AS ESPECIFICAÇÕES MÍNIMAS CONSTANTES NO EDITAL, CRONOGRAMA FÍSICO-FINANCEIRO, MEMORIAL DESCRITIVO, PLANILHA ORÇAMENTÁRIA, E DEMAI; Dispensa de licitação; -; 21/01/2026; Obras e Serviços de Arquitetura e Engenharia; MENOR PREÇO; 27/01/2026; HOMOLOGADO; -; 15/01/2026;  - ; -; Contratação direta;R$ 121.207,87;R$ 115.146,29
 PREFEITURA MUNICIPAL DE BALNEARIO GAIVOTA;7;2026;2;2026; CREDENCIAMENTO DE EMPRESAS PARA A PRESTAÇÃO DE SERVIÇOS DE INSERÇÃO DE MÍDIA EM JORNAL IMPRESSO COM CONTEÚDO PRIORITARIAMENTE LOCAL E INFORMATIVO, SERVIÇOS DE TELEVISÃO, SERVIÇOS DE MÍDIA ONLINE PARA DIVULGAÇÃO DE MATÉRIAS JORNALÍSTICAS E CAMPANHAS INSTITUCIONAIS, SERVIÇOS DE RÁDIODIFUSÃO E ASSINATURAL ANUAL DE JORNAL DESTINADO ÀS SECRETARIAS DO MUNICÍPIO DE BALNEÁRIO GAIVOTA/SC, em conformidade com as especificações mínimas constantes no Edital, Termo de Referência e demais Anexo.; Inexigibilidade de licitação; -; 28/01/2026; Prestação de serviços; Sem Competitividade; 13/02/2026; HOMOLOGADO; -; 16/01/2026;  - ; -; Contratação direta;R$ 86.500,00;R$ 86.500,00
 CAMARA MUNICIPAL DE BALNEARIO GAIVOTA;17;2026;2;2026; PELA DESPESA EMPENHA REF, INSCRIÇÃO DE 10 VEREADORES E 5 SERVIDORES ENCONTRO ESTADUAL DE VEREADORES E SERVIDORES DE CÂMARAS DE SANTA CATARINA - 2026 17 a 20 de Março 2026; Inexigibilidade de licitação; -; -; Prestação de serviços; Inexigibilidade de Licitação; 04/03/2026; HOMOLOGADO; -; 04/03/2026;  - ; -; Contratação direta;R$ 10.125,00;R$ 10.125,00
 FUNDO MUNICIPAL DE SAUDE BALNEARIO GAIVOTA;7;2026;2;2026; A PRESENTE DISPENSA DE LICITAÇÃO TEM COMO OBJETIVO A  CONTRATAÇÃO DE EMPRESA ESPECIALIZADA PARA PRESTAÇÃO DE SERVIÇOS DE EXAMES DE DIAGNÓSTICO POR IMAGEM, COMPREENDENDO EXAMES DE ALTA COMPLEXIDADE, PARA ATENDIMENTO DAS DEMANDAS DA POPULAÇÃO USUÁRIA DO SISTEMA ÚNICO DE SAÚDE (SUS) VINCULADAS AO FUNDO MUNICIPAL DE SAÚDE DE BALNEÁRIO GAIVOTA-SC, EM CONFORMIDADE COM AS ESPECIFICAÇÕES MÍNIMAS DESCRITAS NO EDITAL, TERMO DE REFERÊNCIA E DEMAIS ANEXOS.; Dispensa de licitação; -; -; Prestação de serviços; MENOR PREÇO; 24/03/2026; HOMOLOGADO; -; 23/03/2026;  - ; -; Contratação direta;R$ 117.459,30;R$ 117.459,30
 FUNDO MUNICIPAL DE SAUDE BALNEARIO GAIVOTA;3;2026;2;2026; O OBJETO DA PRESENTE INEXIGIBILIDADE DE LICITAÇÃO É A LOCAÇÃO DE IMÓVEL, SENDO UMA SALA COMERCIAL EM ALVENARIA DE 114 M² (CENTO E QUATORZE METROS QUADRADOS), LOCALIZADA NA AVENIDA CRISPIM JOÃO PEREIRA, Nº 930, ESQUINA COM RUA N, BAIRRO JARDIM ULTRAMAR, NESTE MUNICÍPIO, DEVIDAMENTE REGISTRADO SOB O Nº 28.742, LIVRO Nº 02, NO CARTÓRIO DE REGISTRO DE IMÓVEIS DA COMARCA DE SOMBRIO – SC, O QUAL SERVIRÁ PARA ABRIGAR AS INSTALAÇÕES DA FARMÁCIA POPULAR MUNICIPAL, PARA O EXERCÍCIO DE 2026.; Inexigibilidade de licitação; -; -; Locação; Inexigibilidade de Licitação; 10/03/2026; HOMOLOGADO; -; 03/03/2026;  - ; -; Contratação direta;R$ 46.800,00;R$ 46.800,00
 PREFEITURA MUNICIPAL DE BALNEARIO GAIVOTA;27;2026;2;2026; O PRESENTE PROCEDIMENTO LICITATÓRIO TEM POR OBJETIVO SELECIONAR A PROPOSTA MAIS VANTAJOSA PARA CONTRATAÇÃO DE EMPRESA ESPECIALIZADA PARA CONSTRUÇÃO DA SEDE DOS APICULTORES - (CASA DO MEL) NO MUNICÍPIO DE BALNEÁRIO GAIVOTA/SC, COM ÁREA A SER CONSTRUÍDA DE APROXIMADAMENTE DE 137,78 M², ABRANGENDO A REALIZAÇÃO DE TODOS OS SERVIÇOS NECESSÁRIOS PARA A ENTREGA COMPLETA DA EDIFICAÇÃO, CONFORME AS ESPECIFICAÇÕES MÍNIMAS CONSTANTES NO EDITAL, CRONOGRAMA FÍSICO-FINANCEIRO, MEMORIAL DESCRITIVO, PLANILHA OR; Concorrência eletrônica; 19/03/2026 08:00; 05/03/2026; Obras e Serviços de Arquitetura e Engenharia; MENOR PREÇO GLOBAL; 02/04/2026; HOMOLOGADO; -; 05/03/2026; 19/03/2026; -; Licitação;R$ 175.547,16;R$ 131.660,36
 FUNDO MUNICIPAL DE SAUDE BALNEARIO GAIVOTA;1;2026;1;2026; A PRESENTE DISPENSA DE LICITAÇÃO TEM COMO OBJETIVO A  CONTRATAÇÃO DE EMPRESA ESPECIALIZADA PARA PRESTAÇÃO DE SERVIÇOS DE EXAMES DE DIAGNÓSTICO POR IMAGEM, COMPREENDENDO EXAMES DE ALTA COMPLEXIDADE, PARA ATENDIMENTO DAS DEMANDAS DA POPULAÇÃO USUÁRIA DO SISTEMA ÚNICO DE SAÚDE (SUS) VINCULADAS AO FUNDO MUNICIPAL DE SAÚDE DE BALNEÁRIO GAIVOTA-SC, EM CONFORMIDADE COM AS ESPECIFICAÇÕES MÍNIMAS DESCRITAS NO EDITAL, TERMO DE REFERÊNCIA E DEMAIS ANEXOS.; Dispensa de licitação; -; -; Prestação de serviços; MENOR PREÇO; 02/02/2026; HOMOLOGADO; -; 04/02/2026;  - ; -; Licitação;R$ 219.652,45;R$ 219.652,45
 CAMARA MUNICIPAL DE BALNEARIO GAIVOTA;1;2026;1;2026; Contratação do fornecimento de energia elétrica para a Câmara de vereadores de Balneário Gaivota; Dispensa de licitação; -; -; Prestação de serviços; Inexigibilidade de Licitação; 06/01/2026; HOMOLOGADO; -; 06/01/2026;  - ; -; Contratação direta;R$ 6.000,00;R$ 6.000,00
 PREFEITURA MUNICIPAL DE BALNEARIO GAIVOTA;1;2026;1;2026; A PRESENTE LICITAÇÃO TEM POR OBJETIVO REGISTRAR PREÇOS COM A FINALIDADE DE SELECIONAR A PROPOSTA MAIS VANTAJOSA PARA AQUISIÇÃO DE PNEUS, DESTINADOS A ATENDER A FROTA DA SECRETARIA DE ADMINISTRAÇÃO E DAS DEMAIS SECRETARIAS E ENTES CONVENIADOS VINCULADOS AO MUNICÍPIO DE BALNEÁRIO GAIVOTA/SC.; Pregão eletrônico; 04/02/2026 09:00; 22/01/2026; Aquisição de bens; MENOR PREÇO; 09/02/2026; HOMOLOGADO; -; 22/01/2026; 04/02/2026; -; Licitação;R$ 468.862,16;R$ 244.031,28
 PREFEITURA MUNICIPAL DE BALNEARIO GAIVOTA;3;2026;1;2026; O OBJETO DA PRESENTE DISPENSA DE LICITAÇÃO CONSISTE NA CONTRATAÇÃO DE EMPRESA ESPECIALIZADA PARA A EXECUÇÃO DA OBRA DE PAVIMENTAÇÃO DO ESTACIONAMENTO DO 19º BATALHÃO DA POLÍCIA MILITAR DE BALNEÁRIO GAIVOTA/SC, CONFORME AS ESPECIFICAÇÕES MÍNIMAS CONSTANTES NO EDITAL, CRONOGRAMA FÍSICO FINANCEIRO, MEMORIAL DESCRITIVO, PLANILHA ORÇAMENTÁRIA, PROJETO E DEMAIS ANEXOS.; Dispensa de licitação; -; 16/01/2026; Obras e Serviços de Arquitetura e Engenharia; MENOR PREÇO; 09/02/2026; HOMOLOGADO; -; 15/01/2026;  - ; -; Contratação direta;R$ 59.129,20;R$ 54.578,94
 FUNDO MUNICIPAL DE SAUDE BALNEARIO GAIVOTA;2;2026;1;2026; O OBJETO DA PRESENTE INEXIGIBILIDADE DE LICITAÇÃO É A LOCAÇÃO DE IMÓVEL , SENDO UMA SALA DE ALVENARIA DE 90,00 M² APROXIMADAMENTE, LOCALIZADA NO LOTE 16 NA QUADRA G,  NA RODOVIA JOSÉ TISCOSKI, Nº 4135, BAIRRO LAGOA DE FORA, NESTE MUNICÍPIO, DEVIDAMENTE REGISTRADO SOB O Nº 65.627, LIVRO Nº 02, NO CARTÓRIO DE REGISTRO DE IMÓVEIS DA COMARCA DE SOMBRIO – SC. O QUAL SERVIRÁ PARA ABRIGAR AS INSTALAÇÕES DA FARMÁCIA POPULAR MUNICIPAL, PARA O EXERCÍCIO DE 2026.; Inexigibilidade de licitação; -; 04/03/2026; Locação; Inexigibilidade de Licitação; 05/03/2026; HOMOLOGADO; -; 03/03/2026;  - ; -; Contratação direta;R$ 19.536,00;R$ 19.536,00
 CAMARA MUNICIPAL DE BALNEARIO GAIVOTA;16;2026;1;2026; PELA DESPESA EMPENHA REF, INSCRIÇÃO DE 11 VEREADORES E 4 SERVIDORES NA MARCHA EM DEFESA DOS MUNICÍPIOS ORGANIZADO PELA CNM NOS DIA 18 A 21 DE MAIO DE 2026 CONFORME FOULDER EM ANEXO; Inexigibilidade de licitação; -; -; Prestação de serviços; Inexigibilidade de Licitação; 27/02/2026; HOMOLOGADO; -; 27/02/2026;  - ; -; Contratação direta;R$ 8.250,00;R$ 8.250,00
 PREFEITURA MUNICIPAL DE BALNEARIO GAIVOTA;6;2026;1;2026; O PRESENTE PROCEDIMENTO LICITATÓRIO TEM POR OBJETO A SELEÇÃO DA PROPOSTA MAIS VANTAJOSA PARA A CONTRATAÇÃO DE EMPRESA ESPECIALIZADA NA EXECUÇÃO DE PAVIMENTAÇÃO COM BLOCOS SEXTAVADOS E ASSENTAMENTO DE MEIO-FIO EM DIVERSAS RUAS DO BAIRRO LAGOA DE FORA, NO MUNICÍPIO DE BALNEÁRIO GAIVOTA/SC, CONFORME A PORTARIA CONJUNTA SGG/SEF Nº 076/2025, PROCESSO Nº SGPE SCC 5958/2025, OBSERVADAS AS ESPECIFICAÇÕES TÉCNICAS E QUANTITATIVOS MÍNIMOS CONSTANTES NO EDITAL, NO CRONOGRAMA FÍSICO-FINANCEIRO, NO MEMORIAL ; Concorrência eletrônica; 23/03/2026 09:00; 09/03/2026; Obras e Serviços de Arquitetura e Engenharia; menor preço global por lote; 27/04/2026; HOMOLOGADO; -; 15/01/2026; 23/03/2026; -; Licitação;R$ 643.554,81;R$ 544.891,94
 FUNDO MUNICIPAL DE SAUDE BALNEARIO GAIVOTA;8;2026;1;2026; O PRESENTE PROCEDIMENTO LICITATÓRIO TEM COMO OBJETIVO REGISTRAR PREÇOS COM A FINALIDADE DE SELECIONAR A PROPOSTA MAIS VANTAJOSA PARA FUTURA(S) CONTRATAÇÃO(ES) DE EMPRESA PARA PRESTAÇÃO DE SERVIÇO DE TRANSPORTE DE PACIENTES QUE NECESSITAM DE TRATAMENTO FORA DOMICÍLIO (TFD), VISANDO ATENDER A NECESSIDADE DA SECRETARIA MUNICIPAL DE SAÚDE DO MUNICÍPIO DE BALNEÁRIO GAIVOTA/SC, EM CONFORMIDADE COM AS ESPECIFICAÇÕES MÍNIMAS DESCRITAS NO EDITAL, TERMO DE REFERÊNCIA E DEMAIS ANEXOS.; Pregão eletrônico; 04/05/2026 09:00; 14/04/2026; Prestação de serviços; MENOR PRECO POR ITEM; 06/05/2026; HOMOLOGADO; -; 08/04/2026; 04/05/2026; -; Licitação;R$ 576.000,00;R$ 383.520,00
 FUNDO MUNICIPAL DE SAUDE BALNEARIO GAIVOTA;15;2026;1;2026; O presente procedimento licitatório tem por objeto a seleção da proposta mais vantajosa para a contratação de empresa especializada na execução de obra de engenharia destinada à reforma e ampliação da Unidade Básica de Saúde Central Zenita Mendes da Silva Pedro , no Município de Balneário Gaivota/SC, com área construída aproximada de 380,22 m², conforme portaria conjunta  SGG/SEF Nº 85/2025, processo SCC SGPe 16358/2025, observadas as especificações técnicas e quantitativos mínimos constantes no; Concorrência eletrônica; 03/06/2026 09:00; 20/05/2026; Obras e Serviços de Arquitetura e Engenharia; MENOR PREÇO GLOBAL; -; AGUARDANDO ABERTURA; -; 18/05/2026; 03/06/2026; -; Licitação;R$ 1.107.285,31; -
 PREFEITURA MUNICIPAL DE BALNEARIO GAIVOTA;136;2025;136;2025;" O objeto da presente inexigibilidade de licitação é a contratação de empresa especializada para prestação de serviços técnicos especializados em assessoria, consultoria, orientação e assistência técnica e operacional em gestão pública nas atividades de: planejamento; execução e controle financeiro e orçamentário; administração; e, controle interno, aplicados ao setor público, abrangendo contínua capacitação através da transparência de conhecimentos, acompanhamento e orientação as áreas contábeis"; Inexigibilidade de licitação; -; 31/12/2025; Prestação de serviços; Inexigibilidade de Licitação; 31/12/2025; HOMOLOGADO; -; 30/12/2025;  - ; -; Licitação;R$ 92.760,00;R$ 92.760,00
 PREFEITURA MUNICIPAL DE BALNEARIO GAIVOTA;135;2025;135;2025; O OBJETO DA PRESENTE DISPENSA DE LICITAÇÃO É CONTRATAÇÃO DE EMPRESA ESPECIALIZADA PARA A LOCAÇÃO DE BANHEIROS QUÍMICOS, INCLUINDO FORNECIMENTO, INSTALAÇÃO, MANUTENÇÃO, HIGIENIZAÇÃO PERIÓDICA, REPOSIÇÃO DE INSUMOS, LIMPEZA, RETIRADA E DESTINAÇÃO FINAL DOS RESÍDUOS, VISANDO ATENDER À DEMANDA EXCEPCIONAL DA ORLA MARÍTIMA DO MUNICÍPIO DE BALNEÁRIO GAIVOTA/SC, EM RAZÃO DO AUMENTO SIGNIFICATIVO DE FLUXO DE PESSOAS NO PERÍODO DAS FESTIVIDADES DE NATAL E ANO NOVO, PELO PERÍODO DE 25 DE DEZEMBRO DE 2025 ; Dispensa de licitação; -; 24/12/2025; Prestação de serviços; MENOR PREÇO; 24/12/2025; HOMOLOGADO; -; 24/12/2025;  - ; -; Licitação;R$ 25.696,00;R$ 25.696,00
 PREFEITURA MUNICIPAL DE BALNEARIO GAIVOTA;132;2025;132;2025; A presente contratação tem como objetivo, a apresentação musical da dupla JOÃO BOSCO & GABRIEL, a ser realizada no dia 29 de dezembro de 2025, durante as festividades alusivas ao 30º Aniversário e Réveillon do Município de Balneário Gaivota/SC, conforme condições e especificações estabelecidas no Plano de Trabalho e no Convênio celebrado com o Ministério do Turismo.; Inexigibilidade de licitação; -; 19/12/2025; Prestação de serviços; MELHOR TECNICA; 19/12/2025; HOMOLOGADO; -; 19/12/2025;  - ; -; Licitação;R$ 200.000,00;R$ 200.000,00
 PREFEITURA MUNICIPAL DE BALNEARIO GAIVOTA;131;2025;131;2025; O presente procedimento licitatório tem como objetivo registrar preços com a finalidade de selecionar a proposta mais vantajosa para futura(s) e eventual(is) aquisições de Materiais de Iluminação Publica, destinados a atender as demandas da Secretaria de Administração, das demais Secretarias e dos Entes Conveniados vinculados ao Município de Balneário Gaivota/SC, em conformidade com as especificações mínimas descritas no Edital, Termo de Referência e demais anexos; Pregão eletrônico; 31/12/2025 09:00; 18/12/2025; Aquisição de bens; MENOR PREÇO; 29/01/2026; HOMOLOGADO; -; 18/12/2025; 31/12/2025; -; Licitação;R$ 1.904.226,07;R$ 692.358,85
 PREFEITURA MUNICIPAL DE BALNEARIO GAIVOTA;129;2025;129;2025; O objeto da presente licitação é alienação de bens móveis de propriedade do município de Balneário Gaivota/SC, autorizada pelo legislativo através da Lei Nº 1.062, de 10 de dezembro de 2020, nas condições em que se encontram, observadas as disposições da Lei n 14.133/2021 e do Decreto Nº 024 de 26 de março de 2025, conforme condições, quantidades e exigências estabelecidas neste Edital e seus anexos.; Leilão Eletrônico; 16/01/2026 14:00; 18/12/2025; Alienação de bens; MAIOR LANCE; 29/01/2026; HOMOLOGADO; -; 18/12/2025; 16/01/2026; -; Licitação;R$ 640.300,00;R$ 85.500,00
 PREFEITURA MUNICIPAL DE BALNEARIO GAIVOTA;128;2025;128;2025; Contratação emergencial de empresa especializada para execução dos serviços contínuos de limpeza urbana no Município de Balneário Gaivota/SC, compreendendo coleta, transporte, triagem/recuperação de recicláveis e destinação final ambientalmente adequada do rejeito de resíduos sólidos domiciliares e comerciais (classe II), durante a tramitação do novo processo licitatório, conforme TR/ETP e demais anexos.; Dispensa de licitação; -; 31/12/2025; Prestação de serviços; MENOR PREÇO GLOBAL; 31/12/2025; HOMOLOGADO; -; 15/12/2025;  - ; -; Licitação;R$ 2.117.580,00;R$ 2.117.580,00
 PREFEITURA MUNICIPAL DE BALNEARIO GAIVOTA;126;2025;126;2025; A presente licitação tem por objetivo registrar preços com a finalidade de selecionar a proposta mais vantajosa para futura e eventual contratação de empresa especializada para fornecimento de licença de uso de software de gestão escolar integrada para a Secretaria de Educação e gestão da assistência social para Secretaria Municipal de Desenvolvimento Social de Balneário Gaivota/SC, em conformidade com as especificações mínimas descritas no Edital, Termo de Referência e demais anexos; Pregão eletrônico; 17/12/2025 09:00; 03/12/2025; Prestação de serviços; MENOR PREÇO POR LOTE; 17/12/2025; HOMOLOGADO; -; 02/12/2025; 17/12/2025; -; Licitação;R$ 68.484,12;R$ 38.400,00
 PREFEITURA MUNICIPAL DE BALNEARIO GAIVOTA;125;2025;125;2025; O PRESENTE PROCEDIMENTO LICITATÓRIO TEM COMO OBJETIVO REGISTRAR PREÇOS COM A FINALIDADE DE SELECIONAR A PROPOSTA MAIS VANTAJOSA PARA FUTURA E EVENTUAL CONTRATAÇÃO DE EMPRESA ESPECIALIZADA PARA LOCAÇÃO DE BANHEIROS QUÍMICOS E DE LIMPEZA E MANUTENÇÃO DE FOSSAS SÉPTICAS, DESTINADOS A ATENDER AS DEMANDAS DA SECRETARIA DE ADMINISTRAÇÃO, DAS DEMAIS SECRETARIAS E DOS ENTES CONVENIADOS VINCULADOS AO MUNICÍPIO DE BALNEÁRIO GAIVOTA/SC, EM CONFORMIDADE COM AS ESPECIFICAÇÕES MÍNIMAS DESCRITAS NO EDITAL, TER; Pregão eletrônico; 18/12/2025 09:00; 01/12/2025; Prestação de serviços; MENOR PREÇO; 05/01/2026; HOMOLOGADO; -; 01/12/2025; 18/12/2025; -; Licitação;R$ 807.122,00;R$ 401.900,00
 PREFEITURA MUNICIPAL DE BALNEARIO GAIVOTA;124;2025;124;2025; O objeto do presente edital é a comercialização dos “Naming rights” (Direito de Nome)  de eventos esportivos promovidos pelo município de Balneário Gaivota/SC. A comercialização será realizada de acordo com as condições estabelecidas neste edital e seus anexos. Os “Naming rights” serão alienados para exploração comercial, permitindo a associação de nomes de patrocinadores aos eventos esportivos oficiais, conforme critérios, requisitos e condições especificadas nos documentos deste processo.; Leilão; 16/12/2025 09:00; 24/11/2025; Alienação de bens; MAIOR LANCE; 16/12/2025; HOMOLOGADO; -; 24/11/2025; 16/12/2025; -; Licitação;R$ 23.500,00;R$ 23.500,00
 PREFEITURA MUNICIPAL DE BALNEARIO GAIVOTA;122;2025;122;2025; O presente procedimento licitatório tem por objetivo selecionar a proposta mais vantajosa para contratação de empresa especializada para construção de 20 unidades habitacionais no Município de Balneário Gaivota/SC - Programa Casa Catarina, consoante processo SGPe SCC n° 11167/2025, Portaria Conjunta SGG/SEF n° 58/2025 e Decreto Estadual n° 948/2025.; Concorrência eletrônica; 09/12/2025 09:00; 24/11/2025; Obras e Serviços de Arquitetura e Engenharia; menor preço global por lote; 05/01/2026; HOMOLOGADO; -; 19/11/2025; 09/12/2025; -; Licitação;R$ 2.542.753,40;R$ 2.081.344,79
 PREFEITURA MUNICIPAL DE BALNEARIO GAIVOTA;120;2025;120;2025; O presente procedimento licitatório tem como objetivo registrar preços com a finalidade de selecionar a proposta mais vantajosa para futura(s) e eventual(is) aquisições de madeiras com ou sem tratamento, destinados a atender as demandas da Secretaria de Obras e Serviços Urbanos, das demais Secretarias e dos Entes Conveniados vinculados ao Município de Balneário Gaivota/SC, em conformidade com as especificações mínimas descritas no Edital, Termo de Referência e demais anexos; Pregão eletrônico; 28/11/2025 09:00; 17/11/2025; Aquisição de bens; MENOR PRECO POR ITEM; 01/12/2025; HOMOLOGADO; -; 17/11/2025; 28/11/2025; -; Licitação;R$ 401.568,00;R$ 325.299,50
 PREFEITURA MUNICIPAL DE BALNEARIO GAIVOTA;119;2025;119;2025; A presente dispensa de licitação tem como objeto a Contratação de empresa especializada para realização de show pirotécnico, para o Réveillon 2025/2026 do Município de Balneário Gaivota /SC, em conformidade com as especificações mínimas descritas no Edital, Termo de Referência e demais anexos.; Dispensa de licitação; -; 14/11/2025; Prestação de serviços; MENOR PREÇO; 19/11/2025; HOMOLOGADO; -; 06/11/2025;  - ; -; Licitação;R$ 48.033,33;R$ 35.500,00
 PREFEITURA MUNICIPAL DE BALNEARIO GAIVOTA;118;2025;118;2025; O presente procedimento licitatório tem por objetivo selecionar a proposta mais vantajosa para contratação de empresa de engenharia especializada para instalação de postes e execução dos demais serviços para implantação de sistema de iluminação pública na orla do município de Balneário Gaivota/SC, conforme condições, quantidades e exigências definidas no edital e demais anexos.; Concorrência eletrônica; 19/11/2025 09:00; 05/11/2025; Obras e Serviços de Arquitetura e Engenharia; menor preço global por lote; 25/11/2025; HOMOLOGADO; -; 03/11/2025; 19/11/2025; -; Licitação;R$ 126.015,74;R$ 126.000,00
 PREFEITURA MUNICIPAL DE BALNEARIO GAIVOTA;117;2025;117;2025; O objeto da presente licitação é alienação de bens imóveis de propriedade do município de Balneário Gaivota/SC, autorizada pelo legislativo através da Lei Nº 1.062, de 10 de dezembro de 2020, nas condições em que se encontram, observadas as disposições da Lei n 14.133/2021 e do Decreto Nº 022 de 12 de abril de 2023, conforme condições, quantidades e exigências estabelecidas neste Edital e seus anexos.; Leilão Eletrônico; 25/11/2025 09:00; 31/10/2025; Alienação de bens; MAIOR LANCE; -; DESERTO; -; 31/10/2025; 25/11/2025; -; Licitação;R$ 240.000,00; -
 PREFEITURA MUNICIPAL DE BALNEARIO GAIVOTA;114;2025;114;2025; O PRESENTE PROCEDIMENTO LICITATÓRIO TEM COMO OBJETIVO SELECIONAR A PROPOSTA MAIS VANTAJOSA PARA CONTRATAÇÃO DE EMPRESA ESPECIALIZADA NA PRESTAÇÃO DE SERVIÇOS DE LOCAÇÃO DE CÂMERAS E EQUIPAMENTOS, INCLUINDO INSTALAÇÃO, MANUTENÇÃO CORRETIVA E PREVENTIVA, FORNECIMENTO DE SISTEMA DE VIDEOMONITORAMENTO COM RECONHECIMENTO FACIAL, DE OBJETOS E LEITURA DE PLACAS VEICULARES (LPR), ABRANGENDO CÂMERAS, SOFTWARE PARA VISUALIZAÇÃO EM NUVEM (SEM NECESSIDADE DE INSTALAÇÃO DE PLUGINS PROPRIETÁRIOS) COMPATÍVEL C; Pregão eletrônico; 09/01/2026 09:00; 01/12/2025; Prestação de serviços; menor preço global por lote; 23/01/2026; HOMOLOGADO; -; 01/12/2025; 09/01/2026; -; Licitação;R$ 744.279,96;R$ 242.218,56
 PREFEITURA MUNICIPAL DE BALNEARIO GAIVOTA;113;2025;113;2025; A PRESENTE DISPENSA DE LICITAÇÃO TEM COMO OBJETO A CONTRATAÇÃO DE EMPRESA PARA PRESTAÇÃO DE SERVIÇOS DE SEGURO VEÍCULAR PARA AUTOMÓVEIS E AMBULÂNCIAS DA FROTA MUNICIPAL DE BALNEÁRIO GAIVOTA/SC.; Dispensa de licitação; -; 14/11/2025; Prestação de serviços; MENOR PREÇO; 14/11/2025; HOMOLOGADO; -; 20/10/2025;  - ; -; Licitação;R$ 29.545,48;R$ 29.545,48
 PREFEITURA MUNICIPAL DE BALNEARIO GAIVOTA;112;2025;112;2025; O OBJETO DA PRESENTE INEXIGIBILIDADE DE LICITAÇÃO É A CONTRATAÇÃO DE EMPRESA ESPECIALIZADA PARA O FORNECIMENTO DO SISTEMA DE ENSINO APRENDE BRASIL, CONTEMPLANDO O FORNECIMENTO DE MATERIAIS DIDÁTICOS E PEDAGÓGICOS DESTINADOS AOS ESTUDANTES DA EDUCAÇÃO INFANTIL E DO ENSINO FUNDAMENTAL DA REDE MUNICIPAL DE ENSINO DE BALNEÁRIO GAIVOTA/SC.; Inexigibilidade de licitação; -; 10/10/2025; Aquisição de bens; Inexigibilidade de Licitação; 10/10/2025; HOMOLOGADO; -; 08/10/2025;  - ; -; Licitação;R$ 1.240.323,20;R$ 1.240.323,20
 PREFEITURA MUNICIPAL DE BALNEARIO GAIVOTA;111;2025;111;2025; CONSTITUI-SE OBJETO DA PRESENTE DISPENSA A CONTRATAÇÃO DE INSTITUIÇÃO ESPECIALIZADA PARA ELABORAÇÃO DE DIAGNÓSTICO SOCIOAMBIENTAL DO MUNICÍPIO DE BALNEÁRIO GAIVOTA – SC CONFORME ESPECIFICAÇÕES MÍNIMAS CONSTANTES NESTE EDITAL, NO ESTUDO TÉCNICO PRELIMINAR E DEMAIS DOCUMENTOS RELACIONADOS.; Dispensa de licitação; -; 05/11/2025; Prestação de serviços; MENOR PREÇO; 05/11/2025; HOMOLOGADO; -; 14/10/2025;  - ; -; Licitação;R$ 68.388,00;R$ 68.388,00
 PREFEITURA MUNICIPAL DE BALNEARIO GAIVOTA;109;2025;109;2025; Credenciamento de pessoas físicas ou jurídicas, para prestação de serviços vinculados aos Projetos e Oficinas Vinculadas ao Serviço de Convivência e Fortalecimento de Vínculos e ao Centro de Referência da Assistência Social, em atendimento à Secretaria Municipal de Assistência Social, de acordo com as necessidades, condições, quantidades e exigências estabelecidas neste Edital e, conforme planilha especificada no Termo de Referência e demais documentos em anexo.; Inexigibilidade de licitação; -; 01/10/2025; Prestação de serviços; MENOR PREÇO; 01/10/2025; HOMOLOGADO; -; 30/09/2025;  - ; -; Chamada pública / credenciamento;R$ 2.550,00;R$ 2.550,00
 PREFEITURA MUNICIPAL DE BALNEARIO GAIVOTA;108;2025;108;2025; O objeto da presente licitação é alienação de bens imóveis de propriedade do município de Balneário Gaivota/SC, autorizada pelo legislativo através da Lei Nº 1.062, de 10 de dezembro de 2020, nas condições em que se encontram, observadas as disposições da Lei n 14.133/2021 e do Decreto Nº 022 de 12 de abril de 2023, conforme condições, quantidades e exigências estabelecidas neste Edital e seus anexos.; Leilão Eletrônico; 29/10/2025 14:00; 07/10/2025; Alienação de bens; MAIOR LANCE; -; DESERTO; -; 06/10/2025; 29/10/2025; -; Licitação;R$ 240.000,00; -
 PREFEITURA MUNICIPAL DE BALNEARIO GAIVOTA;107;2025;107;2025; A PRESENTE DISPENSA DE LICITAÇÃO TEM COMO OBJETO A CONTRATAÇÃO DE INSTITUIÇÃO BRASILEIRA SEM FINS LUCRATIVOS, PARA ORGANIZAÇÃO E EXECUÇÃO DE PROCESSO SELETIVO SIMPLIFICADO, DESTINADO À SELEÇÃO DE PROFISSIONAIS TEMPORÁRIOS PARA ATENDER ÀS NECESSIDADES DA SECRETARIA DE ADMINISTRAÇÃO E SECRETARIA DE EDUCAÇÃO DO MUNICÍPIO DE BALNEÁRIO GAIVOTA/SC.; Dispensa de licitação; -; 03/10/2025; Prestação de serviços; MENOR PREÇO; 03/10/2025; HOMOLOGADO; -; 30/09/2025;  - ; -; Licitação;R$ 112.000,00;R$ 112.000,00
 PREFEITURA MUNICIPAL DE BALNEARIO GAIVOTA;106;2025;106;2025; O PRESENTE PROCEDIMENTO LICITATÓRIO TEM COMO OBJETIVO REGISTRAR PREÇOS COM A FINALIDADE DE SELECIONAR A PROPOSTA MAIS VANTAJOSA PARA FUTURA(S) E EVENTUAL(IS) CONTRATAÇÃO DE EMPRESA ESPECIALIZADA PARA LOCAÇÃO DE TRATOR DE ESTEIRA, RETROESCAVADEIRA E DEMAIS EQUIPAMENTOS, DESTINADOS A ATENDER AS DEMANDAS DA SECRETARIA DE OBRAS E SERVIÇOS URBANOS DO MUNICÍPIO DE BALNEÁRIO GAIVOTA/SC, EM CONFORMIDADE COM AS ESPECIFICAÇÕES MÍNIMAS DESCRITAS NO EDITAL, TERMO DE REFERÊNCIA E DEMAIS ANEXOS.; Pregão eletrônico; 20/10/2025 09:00; 29/09/2025; Prestação de serviços; MENOR PREÇO; 20/10/2025; HOMOLOGADO; -; 29/09/2025; 20/10/2025; -; Licitação;R$ 922.436,00;R$ 688.008,00
 PREFEITURA MUNICIPAL DE BALNEARIO GAIVOTA;105;2025;105;2025; O PRESENTE PROCEDIMENTO LICITATÓRIO TEM COMO OBJETIVO REGISTRAR PREÇOS COM A FINALIDADE DE SELECIONAR A PROPOSTA MAIS VANTAJOSA PARA FUTURA CONTRATAÇÃO DE EMPRESA PARA PRESTAÇÃO DE SERVIÇO DE TRANSPORTE ESCOLAR E UNIVERSITÁRIO DESTINADOS A ATENDER AS DEMANDAS DA SECRETARIA DE ADMINISTRAÇÃO, DAS DEMAIS SECRETARIAS E DOS ENTES CONVENIADOS VINCULADOS AO MUNICÍPIO DE BALNEÁRIO GAIVOTA/SC, EM CONFORMIDADE COM AS ESPECIFICAÇÕES MÍNIMAS DESCRITAS NO EDITAL, TERMO DE REFERÊNCIA E DEMAIS ANEXOS.; Pregão eletrônico; 15/10/2025 09:00; 26/09/2025; Prestação de serviços; menor preço global por lote; 28/10/2025; HOMOLOGADO; -; 25/09/2025; 15/10/2025; -; Licitação;R$ 4.026.168,00;R$ 4.026.168,00
 PREFEITURA MUNICIPAL DE BALNEARIO GAIVOTA;104;2025;104;2025; O OBJETO DA PRESENTE DISPENSA DE LICITAÇÃO É A CONTRATAÇÃO DE INSTITUIÇÃO PARA ELABORAÇÃO DO PLANO DIRETOR DO MUNICIPIO DE BALNEARIO GAIVOTA – SC, EM CUMPRIMENTO A RECOMENDAÇÃO Nº 016/2024/02PJ/SOM EXPEDIDA PELO INQUERITO CIVIL Nº 06.2024.00002380-6 AJUIZADO PELA SEGUNDA PROMOTORIA DE JUSTIÇA DO MINISTERIO PUBLICO DA COMARCA DE SOMBRIO.; Dispensa de licitação; -; 13/10/2025; Prestação de serviços; MENOR PREÇO; 13/10/2025; HOMOLOGADO; -; 25/09/2025;  - ; -; Licitação;R$ 300.000,00;R$ 300.000,00
 PREFEITURA MUNICIPAL DE BALNEARIO GAIVOTA;103;2025;103;2025; A PRESENTE DISPENSA DE LICITAÇÃO TEM COMO OBJETO A AQUISIÇÃO DE UM PLAYGROUND, DESTINADO À IMPLANTAÇÃO NA PRAÇA DO BAIRRO NOVA TORRES, NO MUNICÍPIO DE BALNEÁRIO GAIVOTA/SC.; Dispensa de licitação; -; 26/09/2025; Aquisição de bens; MENOR PREÇO; 26/09/2025; HOMOLOGADO; -; 19/09/2025;  - ; -; Licitação;R$ 15.190,00;R$ 15.190,00
 PREFEITURA MUNICIPAL DE BALNEARIO GAIVOTA;102;2025;102;2025; O presente procedimento licitatório tem por objetivo selecionar a proposta mais vantajosa para contratação de empresa especializada para construção de uma Capela Mortuária no Município de Balneário Gaivota/SC, com área aproximada de 196,48 m², abrangendo a realização de todos os serviços necessários para a entrega completa da edificação, conforme as especificações mínimas constantes no edital, cronograma físico-financeiro, memorial descritivo, planilha orçamentária, projeto e demais anexos; Concorrência eletrônica; 30/12/2025 09:00; 16/09/2025; Obras e Serviços de Arquitetura e Engenharia; MENOR PREÇO GLOBAL; 05/01/2026; HOMOLOGADO; -; 04/09/2025; 30/12/2025; -; Licitação;R$ 784.440,94;R$ 649.000,00
 PREFEITURA MUNICIPAL DE BALNEARIO GAIVOTA;101;2025;101;2025; A PRESENTE INEXIGIBILIDADE DE LICITAÇÃO TEM COMO OBJETO A CONTRATAÇÃO DE EMPRESA PARA PRESTAÇÃO DE SERVIÇOS DE ASSESSORIA E CONSULTORIA EM RECUPERAÇÃO TRIBUTÁRIA E CRUZAMENTO DE DADOS ENTRE O INSS/SEFIP/GFIT PARA O MUNICÍPIO DE BALNEÁRIO GAIVOTA/SC.; Inexigibilidade de licitação; -; 10/09/2025; Prestação de serviços; Inexigibilidade de Licitação; 10/09/2025; HOMOLOGADO; -; 04/09/2025;  - ; -; Licitação;R$ 900.000,00;R$ 900.000,00
 PREFEITURA MUNICIPAL DE BALNEARIO GAIVOTA;100;2025;100;2025; O PRESENTE PROCEDIMENTO LICITATÓRIO TEM COMO OBJETIVO REGISTRAR PREÇOS COM A FINALIDADE DE SELECIONAR A PROPOSTA MAIS VANTAJOSA PARA A FUTURA E EVENTUAL AQUISIÇÃO DE VIDROS, PORTAS DE VIDRO, JANELAS, ESPELHOS E ACESSÓRIOS CORRELATOS COM FORNECIMENTO E INSTALAÇÃO, DESTINADOS A ATENDER AS DEMANDAS DA SECRETARIA DE ADMINISTRAÇÃO E DAS DEMAIS SECRETARIAS MUNICIPAIS DE BALNEÁRIO GAIVOTA/SC, EM CONFORMIDADE COM AS ESPECIFICAÇÕES MÍNIMAS DESCRITAS NO EDITAL, NO TERMO DE REFERÊNCIA E DEMAIS ANEXOS.; Pregão eletrônico; 24/09/2025 09:00; 03/09/2025; Aquisição de bens; MENOR PREÇO; 24/09/2025; HOMOLOGADO; -; 03/09/2025; 24/09/2025; -; Licitação;R$ 229.360,50;R$ 160.991,50
 PREFEITURA MUNICIPAL DE BALNEARIO GAIVOTA;99;2025;99;2025; A PRESENTE INEXIGIBILIDADE DE LICITAÇÃO TEM COMO OBJETO A CONTRATAÇÃO DE PRESTAÇÃO DE SERVIÇOS DE ASSESSORIA E CONSULTORIA COM TREINAMENTO, SUPORTE, ACOMPANHAMENTO, EXECUÇÃO E MONITORAMENTO NA UTILIZAÇÃO DE PLATAFORMAS DE CAPTAÇÃO DE RECURSOS E PRESTAÇÃO DE CONTAS DO GOVERNO FEDERAL E ESTADUAL.; Inexigibilidade de licitação; -; 01/09/2025; Prestação de serviços; Inexigibilidade de Licitação; 01/09/2025; HOMOLOGADO; -; 28/08/2025;  - ; -; Licitação;R$ 90.000,00;R$ 90.000,00
 PREFEITURA MUNICIPAL DE BALNEARIO GAIVOTA;98;2025;98;2025; A PRESENTE DISPENSA DE LICITAÇÃO TEM COMO OBJETO A CONTRATAÇÃO DE EMPRESA DE ENGENHARIA E ARQUITETURA PARA PRESTAÇÃO DE SERVIÇOS TÉCNICOS ESPECIALIZADOS EM MODELAGEM TRIDIMENSIONAL (3D) DE PROJETOS DE ENGENHARIA E ARQUITETURA SENDO EXECUTADO CONFORME DEMANDA SOLICITADA; Dispensa de licitação; -; 20/08/2025; Prestação de serviços; MENOR PREÇO; 20/08/2025; HOMOLOGADO; -; 19/08/2025;  - ; -; Licitação;R$ 27.500,00;R$ 27.500,00
 PREFEITURA MUNICIPAL DE BALNEARIO GAIVOTA;97;2025;97;2025; O presente procedimento licitatório tem por objetivo selecionar a proposta mais vantajosa para contratação de empresa especializada para execução de Pavimentação Asfáltica da Rodovia Interpraias (Trecho Sul), no Município de Balneário Gaivota/SC.; Concorrência eletrônica; 28/08/2025 09:00; 14/08/2025; Obras e Serviços de Arquitetura e Engenharia; MENOR PREÇO GLOBAL; 02/09/2025; HOMOLOGADO; -; 14/08/2025; 28/08/2025; -; Licitação;R$ 5.306.854,85;R$ 3.980.141,14
 PREFEITURA MUNICIPAL DE BALNEARIO GAIVOTA;96;2025;96;2025; O presente procedimento licitatório tem por objetivo selecionar a proposta mais vantajosa para contratação de empresa especializada para reforma e ampliação das instalações da Delegacia de Polícia Civil de Balneário Gaivota/SC, conforme as especificações mínimas constantes no edital, cronograma físico financeiro, memorial descritivo, planilha orçamentária, projeto e demais anexos.; Concorrência eletrônica; 29/08/2025 11:00; 15/08/2025; Obras e Serviços de Arquitetura e Engenharia; MENOR PREÇO GLOBAL; 15/09/2025; HOMOLOGADO; -; 12/08/2025; 29/08/2025; -; Licitação;R$ 162.506,55;R$ 132.200,00
 PREFEITURA MUNICIPAL DE BALNEARIO GAIVOTA;95;2025;95;2025; Credenciamento de pessoas físicas ou jurídicas, para prestação de serviços vinculados aos Projetos e Oficinas Vinculadas ao Serviço de Convivência e Fortalecimento de Vínculos e ao Centro de Referência da Assistência Social, em atendimento à Secretaria Municipal de Assistência Social, de acordo com as necessidades, condições, quantidades e exigências estabelecidas neste Edital e, conforme planilha especificada no Termo de Referência e demais documentos em anexo.; Inexigibilidade de licitação; -; 01/10/2025; Prestação de serviços; MENOR PREÇO; 01/10/2025; HOMOLOGADO; -; 04/08/2025;  - ; -; Chamada pública / credenciamento;R$ 2.550,00;R$ 2.550,00
 PREFEITURA MUNICIPAL DE BALNEARIO GAIVOTA;94;2025;94;2025; O PRESENTE PROCEDIMENTO LICITATÓRIO TEM COMO OBJETIVO REGISTRAR PREÇOS COM A FINALIDADE DE SELECIONAR A PROPOSTA MAIS VANTAJOSA PARA FUTURA(S) E EVENTUAL(IS) AQUISIÇÃO DE MATERIAIS DE ILUMINAÇÃO PÚBLICA E SERVIÇO TÉCNICO ESPECIALIZADO PARA IMPLANTAÇÃO DE NOVO SISTEMA DE ILUMINAÇÃO PÚBLICA DA AVENIDA BEIRA MAR SUL DO MUNICÍPIO DE BALNEÁRIO GAIVOTA/SC, EM CONFORMIDADE COM AS ESPECIFICAÇÕES MÍNIMAS DESCRITAS NO EDITAL, TERMO DE REFERÊNCIA E DEMAIS ANEXOS.; Pregão eletrônico; 24/10/2025 09:00; 03/10/2025; Obras e Serviços de Engenharia; menor preço global por lote; 24/10/2025; HOMOLOGADO; -; 02/10/2025; 24/10/2025; -; Licitação;R$ 292.509,90;R$ 292.509,90
 PREFEITURA MUNICIPAL DE BALNEARIO GAIVOTA;93;2025;93;2025; A PRESENTE CONTRATAÇÃO TEM COMO OBJETIVO A CONTRATAÇÃO DE ASSESSORIA CONTÁBIL PARA A SECRETARIA DE ADMINISTRAÇÃO E FINANÇAS DO MUNICÍPIO DE BALNEÁRIO GAIVOTA/SC.; Inexigibilidade de licitação; -; 31/07/2025; Prestação de serviços; MENOR PREÇO; 31/07/2025; HOMOLOGADO; -; 28/07/2025;  - ; -; Licitação;R$ 27.000,00;R$ 27.000,00
 PREFEITURA MUNICIPAL DE BALNEARIO GAIVOTA;92;2025;92;2025; A PRESENTE DISPENSA DE LICITAÇÃO REFERE-SE A PRESTAÇÃO DE SERVIÇO DE ACOLHIMENTO PROVISÓRIO PARA IDOSOS EM SITUAÇÃO DE VULNERABILIDADE SOCIAL DO MÊS DE JUNHO DO ANO DE 2025, EM CUMPRIMENTO AO DISPOSTO NO DESPACHO/DECISÃO DE AÇÃO CIVIL PÚBLICA N°5004503-83.2024.8.24.0069/SC.; Dispensa de licitação; -; 25/07/2025; Prestação de serviços; MENOR PREÇO; 25/07/2025; HOMOLOGADO; -; 25/07/2025;  - ; -; Licitação;R$ 3.800,00;R$ 3.800,00
 PREFEITURA MUNICIPAL DE BALNEARIO GAIVOTA;91;2025;91;2025; O presente procedimento licitatório tem por objetivo selecionar a proposta mais vantajosa para contratação de empresa especializada para execução de pavimentação, drenagem pluvial, assentamento de meio fio e sinalização viária de diversas ruas, no município de Município de Balneário Gaivota/SC, conforme as especificações mínimas constantes no edital, cronograma físico-financeiro, memorial descritivo, planilha orçamentária, projeto e demais anexos; Concorrência eletrônica; 23/10/2025 13:30; 08/10/2025; Obras e Serviços de Arquitetura e Engenharia; menor preço global por lote; 03/11/2025; HOMOLOGADO; -; 17/07/2025; 23/10/2025; -; Licitação;R$ 2.294.192,11;R$ 1.896.936,68
 PREFEITURA MUNICIPAL DE BALNEARIO GAIVOTA;90;2025;90;2025; A PRESENTE DISPENSA DE LICITAÇÃO REFERE-SE A PRESTAÇÃO DE SERVIÇO DE ACOLHIMENTO PROVISÓRIO PARA IDOSOS EM SITUAÇÃO DE VULNERABILIDADE SOCIAL DOS MESES DE FEVEREIRO, MARÇO E ABRIL DO ANO DE 2025, EM CUMPRIMENTO AO DISPOSTO NO DESPACHO/DECISÃO DE AÇÃO CIVIL PÚBLICA N°5004503-83.2024.8.24.0069/SC.; Dispensa de licitação; -; 22/07/2025; Prestação de serviços; MENOR PREÇO; 22/07/2025; HOMOLOGADO; -; 15/07/2025;  - ; -; Licitação;R$ 11.400,00;R$ 11.400,00
 PREFEITURA MUNICIPAL DE BALNEARIO GAIVOTA;89;2025;89;2025; A PRESENTE DISPENSA DE LICITAÇÃO TEM COMO OBJETO A CONTRATAÇÃO DE ASSESSORIA JURÍDICA, PARA PRESTAR ORIENTAÇÕES TÉCNICAS, CONSULTORIAS E ACOMPANHAMENTO DAS MOVIMENTAÇÕES PROCESSUAIS RELATIVAS ÀS AÇÕES DE EXECUÇÃO FISCAL PROMOVIDAS PELO SAMAE DO MUNICÍPIO DE BALNEÁRIO GAIVOTA/SC.; Dispensa de licitação; -; 14/07/2025; Prestação de serviços; MENOR PREÇO; 14/07/2025; HOMOLOGADO; -; 14/07/2025;  - ; -; Licitação;R$ 26.000,00;R$ 26.000,00
 PREFEITURA MUNICIPAL DE BALNEARIO GAIVOTA;88;2025;88;2025; A PRESENTE DISPENSA DE LICITAÇÃO TEM COMO OBJETO A REALIZAÇÃO DE OBRA EMERGENCIAL DE REPARAÇÃO DA REDE DE TUBOS DE CONCRETO UTILIZADOS COMO PONTE NO BALNEÁRIO LAGOINHAS LOCALIZADAS NA AV. JOÃO FERNANDES E NA RUA TAQUAREMBÓ.; Dispensa de licitação; 21/07/2025 08:15; 21/07/2025; Obras e Serviços de Arquitetura e Engenharia; MENOR PREÇO; 21/07/2025; HOMOLOGADO; -; 21/07/2025; 21/07/2025; -; Licitação;R$ 65.849,15;R$ 59.000,00
 PREFEITURA MUNICIPAL DE BALNEARIO GAIVOTA;87;2025;87;2025; O presente procedimento licitatório tem por objetivo selecionar a proposta mais vantajosa para contratação de empresa especializada para  construção de cobertura metálica para viaturas da Polícia Militar de Balneário Gaivota/SC, conforme as especificações mínimas constantes no edital, cronograma físico financeiro, memorial descritivo, planilha orçamentária, projeto e demais anexos; Concorrência; 25/07/2025 09:00; 09/07/2025; Obras e Serviços de Arquitetura e Engenharia; MENOR PREÇO; 28/07/2025; HOMOLOGADO; -; 08/07/2025; 25/07/2025; -; Licitação;R$ 76.880,71;R$ 50.000,00
 PREFEITURA MUNICIPAL DE BALNEARIO GAIVOTA;86;2025;86;2025; O presente procedimento licitatório tem por objetivo selecionar a proposta mais vantajosa para contratação de empresa especializada para execução de obra de deslocamento de rede do sistema de iluminação pública do município, conforme nota PS: 400716618, as especificações mínimas constantes no edital, cronograma físico-financeiro, memorial descritivo, planilha orçamentária, projeto e demais anexos; Concorrência eletrônica; 23/07/2025 09:00; 09/07/2025; Obras e Serviços de Arquitetura e Engenharia; MENOR PREÇO GLOBAL; 11/08/2025; HOMOLOGADO; -; 02/07/2025; 23/07/2025; -; Licitação;R$ 329.725,53;R$ 329.700,00
 PREFEITURA MUNICIPAL DE BALNEARIO GAIVOTA;85;2025;85;2025; A PRESENTE DISPENSA DE LICITAÇÃO TEM COMO OBJETO CONTRATAÇÃO DE EMPRESA PARA PRESTAÇÃO DE SERVIÇO DE CASTRAÇÃO DE CÃES E GATOS EM UNIDADE MÓVEL NO MUNICÍPIO DE BALNEÁRIO GAIVOTA/SC, ATENDENDO AS NECESSIDADES DA ADMINISTRAÇÃO PÚBLICA MUNICIPAL.; Dispensa de licitação; -; 03/07/2025; Prestação de serviços; MENOR PREÇO; 03/07/2025; HOMOLOGADO; -; 30/06/2025;  - ; -; Licitação;R$ 30.000,00;R$ 30.000,00
 PREFEITURA MUNICIPAL DE BALNEARIO GAIVOTA;84;2025;84;2025; O presente procedimento licitatório tem como objetivo registrar preços com a finalidade de selecionar a proposta mais vantajosa para futura contratação de empresa especializada para execução de Pavimento com Aplicação de Concreto Asfáltico, camada de rolamento – inclusive carga e transporte, Fresagem, Pintura de Ligação com RR1 e Imprimação, para utilização de reparos/reforço de base para pavimentação asfáltica no Município de Balneário Gaivota/SC.; Pregão eletrônico; 09/07/2025 09:00; 25/06/2025; Obras e Serviços de Arquitetura e Engenharia; MENOR PREÇO GLOBAL; 21/07/2025; HOMOLOGADO; -; 25/06/2025; 09/07/2025; -; Licitação;R$ 2.187.787,00;R$ 1.640.600,00
 PREFEITURA MUNICIPAL DE BALNEARIO GAIVOTA;83;2025;83;2025; O PRESENTE PROCEDIMENTO LICITATÓRIO TEM COMO OBJETIVO REGISTRAR PREÇOS COM A FINALIDADE DE SELECIONAR A PROPOSTA MAIS VANTAJOSA PARA A FUTURA E EVENTUAL AQUISIÇÃO DE VIDROS, PORTAS DE VIDRO, JANELAS, ESPELHOS E ACESSÓRIOS CORRELATOS COM FORNECIMENTO E INSTALAÇÃO, DESTINADOS A ATENDER AS DEMANDAS DA SECRETARIA DE ADMINISTRAÇÃO E DAS DEMAIS SECRETARIAS MUNICIPAIS DE BALNEÁRIO GAIVOTA/SC, EM CONFORMIDADE COM AS ESPECIFICAÇÕES MÍNIMAS DESCRITAS NO EDITAL, NO TERMO DE REFERÊNCIA E DEMAIS ANEXOS.; Pregão eletrônico; 25/08/2025 09:00; 05/08/2025; Aquisição de bens; MENOR PREÇO; -; DESERTO; -; 26/06/2025; 25/08/2025; -; Licitação;R$ 229.360,50; -
 PREFEITURA MUNICIPAL DE BALNEARIO GAIVOTA;82;2025;82;2025; A PRESENTE DISPENSA DE LICITAÇÃO TEM COMO OBJETO A AQUISIÇÃO DE INSTRUMENTOS MUSICAIS PARA AS BANDAS MARCIAIS DAS ESCOLAS DE ENSINO FUNDAMENTAL PROFESSOR DARCY RIBEIRO E ALBINO BERNARDINO DE MELO DA REDE MUNICIPAL DE ENSINO DE BALNEÁRIO GAIVOTA/SC.; Dispensa de licitação; -; 27/06/2025; Aquisição de bens; MENOR PREÇO; 27/06/2025; HOMOLOGADO; -; 25/06/2025;  - ; -; Licitação;R$ 15.247,00;R$ 15.247,00
 PREFEITURA MUNICIPAL DE BALNEARIO GAIVOTA;81;2025;81;2025; O PRESENTE PROCEDIMENTO LICITATÓRIO TEM COMO OBJETIVO REGISTRAR PREÇOS COM A FINALIDADE DE SELECIONAR A PROPOSTA MAIS VANTAJOSA PARA FUTURAS E EVENTUAIS AQUISIÇÕES DE MATERIAIS ESPORTIVOS, DESTINADOS AO ATENDIMENTO DAS DEMANDAS DA SECRETARIA MUNICIPAL DE ESPORTE, SECRETARIA MUNICIPAL DE EDUCAÇÃO E SECRETARIA MUNICIPAL DE ASSISTÊNCIA SOCIAL DE BALNEÁRIO GAIVOTA/SC, EM CONFORMIDADE COM AS ESPECIFICAÇÕES MÍNIMAS DESCRITAS NO EDITAL, TERMO DE REFERÊNCIA E DEMAIS ANEXOS.; Pregão eletrônico; 11/08/2025 09:00; 29/07/2025; Aquisição de bens; MENOR PREÇO; 02/12/2025; HOMOLOGADO; -; 29/07/2025; 11/08/2025; -; Licitação;R$ 469.018,23;R$ 151.853,59
 PREFEITURA MUNICIPAL DE BALNEARIO GAIVOTA;80;2025;80;2025; O PRESENTE PROCEDIMENTO LICITATÓRIO TEM COMO OBJETIVO REGISTRAR PREÇOS COM A FINALIDADE DE SELECIONAR A PROPOSTA MAIS VANTAJOSA PARA FUTURA(S) E EVENTUAL(IS) AQUISIÇÕES DE TUBOS DE CONCRETO, LAJOTAS, PAVERS E MEIOS-FIOS, DESTINADOS A ATENDER AS DEMANDAS DA SECRETARIA DE OBRAS E SERVIÇOS URBANOS, DAS DEMAIS SECRETARIAS E DOS ENTES CONVENIADOS VINCULADOS AO MUNICÍPIO DE BALNEÁRIO GAIVOTA/SC, EM CONFORMIDADE COM AS ESPECIFICAÇÕES MÍNIMAS DESCRITAS NO EDITAL, TERMO DE REFERÊNCIA E DEMAIS ANEXOS.; Pregão eletrônico; 14/07/2025 09:00; 24/06/2025; Aquisição de bens; MENOR PREÇO; 15/07/2025; HOMOLOGADO; -; 23/06/2025; 14/07/2025; -; Licitação;R$ 2.205.915,00;R$ 1.493.500,00
 PREFEITURA MUNICIPAL DE BALNEARIO GAIVOTA;79;2025;79;2025; O objeto da presente licitação é a contratação de empresa especializada para execução da obra de cobertura metálica da quadra esportiva aberta localizada no bairro Turimar, no Município de Balneário Gaivota/SC. A execução deverá obedecer às especificações técnicas constantes no projeto executivo, memorial descritivo, planilhas orçamentárias, cronograma físico-financeiro, bem como às demais exigências previstas neste edital e seus anexos.; Concorrência eletrônica; 03/07/2025 09:00; 24/06/2025; Obras e Serviços de Arquitetura e Engenharia; MENOR PREÇO GLOBAL; 10/07/2025; HOMOLOGADO; -; 17/06/2025; 03/07/2025; -; Licitação;R$ 757.850,80;R$ 599.999,00
 PREFEITURA MUNICIPAL DE BALNEARIO GAIVOTA;78;2025;78;2025; Credenciamento de pessoas físicas ou jurídicas, para prestação de serviços vinculados aos Projetos e Oficinas Vinculadas ao Serviço de Convivência e Fortalecimento de Vínculos e ao Centro de Referência da Assistência Social, em atendimento à Secretaria Municipal de Assistência Social, de acordo com as necessidades, condições, quantidades e exigências estabelecidas neste Edital e, conforme planilha especificada no Termo de Referência e demais documentos em anexo.; Inexigibilidade de licitação; -; 11/06/2025; Prestação de serviços; MENOR PREÇO; 11/06/2025; HOMOLOGADO; -; 11/06/2025;  - ; -; Chamada pública / credenciamento;R$ 821,20;R$ 821,20
 PREFEITURA MUNICIPAL DE BALNEARIO GAIVOTA;77;2025;77;2025; O PRESENTE PROCEDIMENTO LICITATÓRIO TEM COMO OBJETIVO REGISTRAR PREÇOS COM A FINALIDADE DE SELECIONAR A PROPOSTA MAIS VANTAJOSA PARA FUTURA(S) E EVENTUAL(IS) AQUISIÇÕES  DE  LUMINÁRIAS LED  PARA MANUTENÇÃO DA REDE DE ILUMINAÇÃO PUBLICA MUNICIPAL E AQUISIÇÃO DE MATERIAIS DE ILUMINAÇÃO PÚBLICA E SERVIÇO TÉCNICO ESPECIALIZADO PARA IMPLANTAÇÃO DE NOVO SISTEMA DE ILUMINAÇÃO PÚBLICA DA AVENIDA BEIRA MAR  DO MUNICÍPIO DE BALNEÁRIO GAIVOTA/SC, EM CONFORMIDADE COM AS ESPECIFICAÇÕES MÍNIMAS DESCRITAS NO E; Pregão eletrônico; 07/07/2025 09:00; 23/06/2025; Obras e Serviços de Arquitetura e Engenharia; MENOR PREÇO; 04/08/2025; HOMOLOGADO; -; 12/06/2025; 07/07/2025; -; Licitação;R$ 238.658,99;R$ 171.265,01
 PREFEITURA MUNICIPAL DE BALNEARIO GAIVOTA;76;2025;76;2025; O OBJETO DESTA DISPENSA DE LICITAÇÃO É A SELEÇÃO DA PROPOSTA MAIS VANTAJOSA VISANDO À CONTRATAÇÃO DE EMPRESA ESPECIALIZADA PARA EXECUÇÃO DE CONSTRUÇÃO DE UM BANHEIRO NA ESCOLA ALBINO BERNARDINO DE MELO, CONFORME AS ESPECIFICAÇÕES TÉCNICAS DESCRITAS NO PROJETO, MEMORIAL DESCRITIVO, PLANILHAS ORÇAMENTÁRIAS, CRONOGRAMA FÍSICO-FINANCEIRO .; Dispensa de licitação; -; 24/06/2025; Obras e Serviços de Arquitetura e Engenharia; MENOR PREÇO; 24/06/2025; HOMOLOGADO; -; 12/06/2025;  - ; -; Licitação;R$ 28.329,67;R$ 27.621,43
 PREFEITURA MUNICIPAL DE BALNEARIO GAIVOTA;75;2025;75;2025; A PRESENTE DISPENSA DE LICITAÇÃOTEM COMO  OBJETO A AQUISIÇÃO DE RAÇÃO  ANIMAL PARA USO NA MANUTENÇÃO DA ALIMENTAÇÃO DOS ANIMAIS RESGATADOS E SOB REPONSABILIDADE DO MUNICÍPIO DE BALNEARIO GAIVOTA/SC.; Dispensa de licitação; -; 03/07/2025; Aquisição de bens; MENOR PREÇO; 03/07/2025; HOMOLOGADO; -; 09/06/2025;  - ; -; Licitação;R$ 30.909,00;R$ 30.909,00
 PREFEITURA MUNICIPAL DE BALNEARIO GAIVOTA;74;2025;74;2025; Credenciamento de pessoas físicas ou jurídicas, para prestação de serviços vinculados aos Projetos e Oficinas Vinculadas ao Serviço de Convivência e Fortalecimento de Vínculos e ao Centro de Referência da Assistência Social, em atendimento à Secretaria Municipal de Assistência Social, de acordo com as necessidades, condições, quantidades e exigências estabelecidas neste Edital e, conforme planilha especificada no Termo de Referência e demais documentos em anexo.; Inexigibilidade de licitação; -; 10/06/2025; Prestação de serviços; MENOR PREÇO; 10/06/2025; HOMOLOGADO; -; 10/06/2025;  - ; -; Chamada pública / credenciamento;R$ 1.275,00;R$ 1.275,00
 PREFEITURA MUNICIPAL DE BALNEARIO GAIVOTA;73;2025;73;2025; O PRESENTE PROCEDIMENTO LICITATÓRIO TEM COMO OBJETIVO REGISTRAR PREÇOS COM A FINALIDADE DE SELECIONAR A PROPOSTA MAIS VANTAJOSA PARA FUTURA(S) E EVENTUAL(IS) AQUISIÇÕES DE PLACAS DE SINALIZAÇÃO VIÁRIA E INSTALAÇÃO NAS VIAS PUBLICAS RURAIS E URBANAS DO MUNICÍPIO DE BALNEÁRIO GAIVOTA/SC, BEM COMO EXECUÇÃO DE SERVIÇOS DE PINTURA VIÁRIA E PINTURA DE MEIO-FIO, DESTINADOS A ATENDER AS DEMANDAS DA SECRETARIA DE OBRAS E SERVIÇOS URBANOS, DAS DEMAIS SECRETARIAS E DOS ENTES CONVENIADOS VINCULADOS AO MUNIC; Pregão eletrônico; 17/07/2025 09:00; 11/06/2025; Obras e Serviços de Engenharia; MENOR PREÇO; 18/07/2025; HOMOLOGADO; -; 06/06/2025; 17/07/2025; -; Licitação;R$ 1.475.474,24;R$ 442.294,28
 PREFEITURA MUNICIPAL DE BALNEARIO GAIVOTA;72;2025;72;2025; O OBJETO DA PRESENTE DISPENSA DE LICITAÇÃO CONSISTE NA AQUISIÇÃO DE ACERVO DE LIVROS PARA ATENDER ÀS NECESSIDADES PEDAGÓGICAS DAS INSTITUIÇÕES DE ENSINO DA SECRETARIA MUNICIPAL DE EDUCAÇÃO DO MUNICIPIO DE BALNEÁRIO GAIVOTA/SC, CONTEMPLANDO TÍTULOS VOLTADOS À EDUCAÇÃO INFANTIL E AO ENSINO FUNDAMENTAL .; Dispensa de licitação; -; 06/06/2025; Aquisição de bens; MENOR PREÇO; 12/06/2025; HOMOLOGADO; -; 06/06/2025;  - ; -; Licitação;R$ 59.930,00;R$ 59.930,00
 PREFEITURA MUNICIPAL DE BALNEARIO GAIVOTA;71;2025;71;2025; O presente procedimento licitatório tem por objetivo registrar preços com a finalidade de selecionar a proposta mais vantajosa para futura e eventual contratação de empresa(s) tecnicamente especializada(s) na Locação, Montagem e Desmontagem de Estruturas de Palco, Palanque, Tendas, Tablado de Madeira, Estandes, Grades, Barricada, outras estruturas temporárias, para atender aos diversos eventos promovidos e/ou apoiados pela Prefeitura Municipal de Balneário Gaivota/SC.; Pregão eletrônico; 25/06/2025 08:30; 06/06/2025; Obras e Serviços de Arquitetura e Engenharia; MENOR PRECO POR ITEM; 27/06/2025; HOMOLOGADO; -; 04/06/2025; 25/06/2025; -; Licitação;R$ 3.973.590,90;R$ 1.941.780,00
 PREFEITURA MUNICIPAL DE BALNEARIO GAIVOTA;70;2025;70;2025; O objeto da presente licitação é a contratação de empresa especializada para a execução de obras de pavimentação asfáltica da Rodovia Jorge Floriano - comunidade Anita Garibaldi, com extensão total de 380 metros no Município de Balneário Gaivota/SC. A execução deverá obedecer às especificações técnicas constantes no projeto executivo, memorial descritivo, planilhas orçamentárias, cronograma físico-financeiro, bem como às demais exigências previstas neste edital e seus anexos.; Concorrência eletrônica; 25/06/2025 08:30; 05/06/2025; Obras e Serviços de Arquitetura e Engenharia; MENOR PREÇO GLOBAL; 08/07/2025; HOMOLOGADO; -; 04/06/2025; 25/06/2025; -; Licitação;R$ 538.628,91;R$ 448.000,00
 PREFEITURA MUNICIPAL DE BALNEARIO GAIVOTA;69;2025;69;2025; O OBJETO DA PRESENTE DISPENSA É A CONTRATAÇÃO DE EMPRESA ESPECIALIZADA NA INSPEÇÃO E VERIFICAÇÃO METROLÓGICA DOS TACÓGRAFOS INSTALADOS NOS VEÍCULOS UTILIZADOS NO TRANSPORTE ESCOLAR MUNICIPAL, CONFORME EXIGIDO PELA LEGISLAÇÃO VIGENTE PARA FINS DE LICENCIAMENTO ANUAL DOS REFERIDOS VEÍCULOS.; Dispensa de licitação; -; 28/05/2025; Prestação de serviços; MENOR PREÇO; 28/05/2025; HOMOLOGADO; -; 28/05/2025;  - ; -; Licitação;R$ 3.610,00;R$ 3.610,00
 PREFEITURA MUNICIPAL DE BALNEARIO GAIVOTA;68;2025;68;2025; O OBJETO DA PRESENTE DISPENSA DE LICITAÇÃO É A CONTRATAÇÃO DE EMPRESA ESPECIALIZADA NA EXECUÇÃO DE OBRA DE RECUPERAÇÃO DE DRENAGEM PLUVIAL DA PONTE DA ESTRADA JORGE FLORIANO BORGES, NO BAIRRO RIO NOVO NO MUNICÍPIO DE BALNEÁRIO GAIVOTA/SC.; Dispensa de licitação; -; 27/05/2025; Obras e Serviços de Arquitetura e Engenharia; MENOR PREÇO; 27/05/2025; HOMOLOGADO; -; 26/05/2025;  - ; -; Licitação;R$ 27.613,28;R$ 27.613,28
 PREFEITURA MUNICIPAL DE BALNEARIO GAIVOTA;67;2025;67;2025; O presente procedimento licitatório tem como objetivo registrar preços com a finalidade de selecionar a proposta mais vantajosa para futura(s) e eventual(is) aquisições de troféus e medalhas destinadas à premiação em eventos promovidos pela Secretaria de Esporte do Município de Balneário Gaivota/SC, em conformidade com as especificações mínimas descritas no Edital, no Termo de Referência e demais anexos.; Pregão eletrônico; 24/06/2025 08:30; 06/06/2025; Aquisição de bens; MENOR PREÇO; 24/06/2025; HOMOLOGADO; -; 23/05/2025; 24/06/2025; -; Licitação;R$ 329.510,40;R$ 85.655,00
 PREFEITURA MUNICIPAL DE BALNEARIO GAIVOTA;66;2025;66;2025; O PRESENTE PROCEDIMENTO LICITATÓRIO TEM COMO OBJETIVO REGISTRAR PREÇOS COM A FINALIDADE DE SELECIONAR A PROPOSTA MAIS VANTAJOSA PARA FUTURA E EVENTUAL CONTRATAÇÃO DE EMPRESA ESPECIALIZADA PARA FORNECIMENTO, INSTALAÇÃO E MANUTENÇÃO PREVENTIVA E CORRETIVA DE CORTINAS DO TIPO BLACKOUT E PERSIANAS, DESTINADOS A ATENDER AS DEMANDAS DA SECRETARIA DE ADMINISTRAÇÃO, DAS DEMAIS SECRETARIAS E DOS ENTES CONVENIADOS VINCULADOS AO MUNICÍPIO DE BALNEÁRIO GAIVOTA/SC, EM CONFORMIDADE COM AS ESPECIFICAÇÕES MÍNIM; Pregão eletrônico; 20/08/2025 09:00; 05/08/2025; Prestação de serviços; MENOR PREÇO POR LOTE; 27/08/2025; HOMOLOGADO; -; 23/05/2025; 20/08/2025; -; Licitação;R$ 438.574,60;R$ 217.999,00
 PREFEITURA MUNICIPAL DE BALNEARIO GAIVOTA;65;2025;65;2025; O OBJETO DA PRESENTE DISPENSA DE LICITAÇÃO É A CONTRATAÇÃO DE EMPRESA PARA FORNECIMENTO E INSTALAÇÃO DE PELICULAS PARA VIDROS, CONFORME DEMANDA DA SECRETARIA MUNICIPAL DE ADMINISTRAÇÃO E FINANÇAS.; Dispensa de licitação; -; 26/05/2025; Prestação de serviços; MENOR PREÇO; 26/05/2025; HOMOLOGADO; -; 22/05/2025;  - ; -; Licitação;R$ 30.600,00;R$ 30.600,00
 PREFEITURA MUNICIPAL DE BALNEARIO GAIVOTA;64;2025;64;2025; O OBJETO DA PRESENTE DISPENSA DE LICITAÇÃO É A CONTRATAÇÃO DE ASSESSORIA TÉCNICA ESPECIALIZADA, PARA PRESTAÇÃO DE SERVIÇOS DE TREINAMENTO E SUPORTE DE EQUIPE DESTA MUNICIPALIDADE NAS PLATAFORMAS DE CAPTAÇÃO DE RECURSOS, MONITORAMENTO, EXECUÇÃO E PRESTAÇÃO DE CONTAS DO GOVERNO FEDERAL, CONFORME A DEMANDA DA SECRETARIA MUNICIPAL DE ADMINISTRAÇÃO E FINANÇAS.; Dispensa de licitação; -; 21/05/2025; Prestação de serviços; MENOR PREÇO; 21/05/2025; HOMOLOGADO; -; 21/05/2025;  - ; -; Licitação;R$ 28.000,00;R$ 28.000,00
 PREFEITURA MUNICIPAL DE BALNEARIO GAIVOTA;63;2025;63;2025; O presente procedimento licitatório tem por objetivo registrar preços com a finalidade de selecionar a proposta mais vantajosa para futura contratação de empresa do ramo pertinente, para prestação de serviços de roçadas, capinação, com a remoção de detritos  e limpeza de sarjetas em atendimento as necessidades da Secretaria de Obras e Serviços Urbanos do Município de Balneário Gaivota/SC, conforme as especificações mínimas constantes no Edital, Termo de Referência e demais Anexos.; Pregão eletrônico; 03/07/2025 09:00; 18/06/2025; Prestação de serviços; menor preço global por lote; 07/11/2025; HOMOLOGADO; -; 21/05/2025; 03/07/2025; -; Licitação;R$ 2.362.441,14;R$ 1.958.094,02
 PREFEITURA MUNICIPAL DE BALNEARIO GAIVOTA;62;2025;62;2025; O presente procedimento licitatório tem como objetivo registrar preços com a finalidade de selecionar a proposta mais vantajosa para futura(s) e eventual(is) contratação de empresa especializada na prestação de serviços de manutenção preventiva e corretiva em aparelhos de ar-condicionado. Os serviços incluem limpeza semestral, lubrificação, revisão eletromecânica, instalação, desinstalação e recarga de gás, destinados a atender as demandas da Secretaria de Administração, das demais Secretarias e; Pregão eletrônico; 12/06/2025 08:30; 28/05/2025; Obras e Serviços de Arquitetura e Engenharia; menor preço global por lote; 17/06/2025; HOMOLOGADO; -; 20/05/2025; 12/06/2025; -; Licitação;R$ 348.769,66;R$ 149.998,93
 PREFEITURA MUNICIPAL DE BALNEARIO GAIVOTA;61;2025;61;2025; Credenciamento de pessoas físicas ou jurídicas, para prestação de serviços vinculados aos Projetos e Oficinas Vinculadas ao Serviço de Convivência e Fortalecimento de Vínculos e ao Centro de Referência da Assistência Social, em atendimento à Secretaria Municipal de Assistência Social, de acordo com as necessidades, condições, quantidades e exigências estabelecidas neste Edital e, conforme planilha especificada no Termo de Referência e demais documentos em anexo.; Inexigibilidade de licitação; -; 26/05/2025; Prestação de serviços; MENOR PREÇO; 26/05/2025; HOMOLOGADO; -; 20/05/2025;  - ; -; Chamada pública / credenciamento;R$ 2.550,00;R$ 2.550,00
 PREFEITURA MUNICIPAL DE BALNEARIO GAIVOTA;60;2025;60;2025; O OBJETO DA PRESENTE DISPENSA DE LICITAÇÃO É A AQUISIÇÃO DE MÓVEIS DESTINADOS A MANUTENÇÃO DA SECRETARIA MUNICIPAL DE ADMINISTRAÇÃO E FINANÇAS.; Dispensa de licitação; -; 22/05/2025; Aquisição de bens; MENOR PREÇO; 22/05/2025; HOMOLOGADO; -; 19/05/2025;  - ; -; Licitação;R$ 21.407,50;R$ 21.407,50
 PREFEITURA MUNICIPAL DE BALNEARIO GAIVOTA;59;2025;59;2025; O presente procedimento licitatório tem como objetivo registrar preços com a finalidade de selecionar a proposta mais vantajosa para futura(s) e eventual(is) aquisições de fórmulas infantis, destinadas à composição da alimentação escolar de crianças matriculadas nas unidades de ensino infantil da Rede Municipal de Educação de Balneário Gaivota/SC, pertencentes às faixas etárias de: 0 a 6 meses e 6 a 12 meses, destinados a atender as demandas da Secretaria de Educação de Município de Balneário Ga; Pregão eletrônico; 30/05/2025 14:00; 20/05/2025; Aquisição de bens; MENOR PREÇO; 12/06/2025; HOMOLOGADO; -; 19/05/2025; 30/05/2025; -; Licitação;R$ 195.979,00;R$ 112.830,00
 PREFEITURA MUNICIPAL DE BALNEARIO GAIVOTA;58;2025;58;2025; O OBJETO DA PRESENTE DISPENSA DE LICITAÇÃO É A AQUISIÇÃO DE CALHAS PARA MANUTENÇAO GERAL DOS CONDUTORES E ALGEROSAS DO CENTRO DE EDUCAÇÃO INFANTIL MUNICIPAL PINGO DE GENTE.; Dispensa de licitação; -; 19/05/2025; Prestação de serviços; MENOR PREÇO; 19/05/2025; HOMOLOGADO; -; 19/05/2025;  - ; -; Licitação;R$ 7.900,00;R$ 7.900,00
 PREFEITURA MUNICIPAL DE BALNEARIO GAIVOTA;57;2025;57;2025; O  OBJETO DA PRESENTE DISPENSA DE LICITAÇÃO É A CONTRATAÇÃO DE TRIO ELÉTRICO COM SISTEMA DE SONORIZAÇÃO COMPLETO, PARA UTILIZAÇÃO DURANTE A AÇÃO CONJUNTA DA REDE DE PROTEÇÃO MUNICIPAL EM ALUSÃO AO DIA NACIONAL DE COMBATE AO ABUSO E À EXPLORAÇÃO SEXUAL DE CRIANÇAS E ADOLESCENTES, A SER REALIZADA NO DIA 19 DE MAIO DE 2025, NA AVENIDA INTERPRAIAS, BALNEÁRIO GAIVOTA/SC.; Dispensa de licitação; -; 16/05/2025; Prestação de serviços; MENOR PREÇO; 16/05/2025; HOMOLOGADO; -; 15/05/2025;  - ; -; Licitação;R$ 4.000,00;R$ 4.000,00
 PREFEITURA MUNICIPAL DE BALNEARIO GAIVOTA;56;2025;56;2025; O OBJETO DA PRESENTE DISPENSA DE LICITAÇÃO É A CONTRATAÇÃO DA PALESTRANTE KARLA CARDOSO BORGES, POR MEIO DA EMPRESA PROFISSIONAIS RESSIGNIFICAR DESENVOLVIMENTO PROFISSIONAL, PARA MINISTRAR UMA PALESTRA “20 ANOS DO SUAS: CONSTRUÇÃO, PROTEÇÃO SOCIAL E RESISTÊNCIA” PARA OS SERVIDORES VINCULADOS A SECRETARIA DE ASSISTÊNCIA SOCIAL DE BALNEÁRIO GAIVOTA/SC. OBEDECENDO ÀS ESPECIFICAÇÕES MÍNIMAS CONSTANTES NO EDITAL, TERMO DE REFERÊNCIA E DEMAIS ANEXOS.; Dispensa de licitação; -; 04/06/2025; Prestação de serviços; Inexigibilidade de Licitação; 04/06/2025; HOMOLOGADO; -; 06/05/2025;  - ; -; Licitação;R$ 5.180,00;R$ 5.180,00
 PREFEITURA MUNICIPAL DE BALNEARIO GAIVOTA;55;2025;55;2025; O OBJETO DA PRESENTE DISPENSA DE LICITAÇÃO É A CONTRATAÇÃO DE ASSESSORIA TÉCNICA AMBIENTAL ESPECIALIZADA, PARA PRESTAÇÃO DE SERVIÇOS DE ORIENTAÇÃO TÉCNICA NA ELABORAÇÃO DE PARECERES E LICENCIAMENTO AMBIENTAL, PROJETOS DE LEI, DECRETOS  ENTRE OUTRAS ATIVIDADES DE ASSESSORIA CONFORME A DEMANDA DA  SECRETARIA DO MEIO AMBIENTE MUNICIPAL.; Dispensa de licitação; -; 15/05/2025; Prestação de serviços; MENOR PREÇO; 15/05/2025; HOMOLOGADO; -; 14/05/2025;  - ; -; Licitação;R$ 28.355,04;R$ 28.355,04
 PREFEITURA MUNICIPAL DE BALNEARIO GAIVOTA;54;2025;54;2025; O presente procedimento licitatório tem como objetivo registrar preços com a finalidade de selecionar a proposta mais vantajosa para futura(s) e eventual(is) aquisições de madeiras com ou sem tratamento, destinados a atender as demandas da Secretaria de Obras e Serviços Urbanos, das demais Secretarias e dos Entes Conveniados vinculados ao Município de Balneário Gaivota/SC.; Pregão eletrônico; 22/05/2025 08:30; 09/05/2025; Aquisição de bens; MENOR PRECO POR ITEM; 22/05/2025; HOMOLOGADO; -; 09/05/2025; 22/05/2025; -; Licitação;R$ 153.527,64;R$ 114.932,59
 PREFEITURA MUNICIPAL DE BALNEARIO GAIVOTA;53;2025;53;2025; O PRESENTE EDITAL TEM POR OBJETO O CREDENCIAMENTO DE EMPRESA ESPECIALIZADA PARA A PRESTAÇÃO DE SERVIÇOS DE ACOLHIMENTO NA MODALIDADE DE ACOLHIMENTO INSTITUCIONAL DE LONGA PERMANÊNCIA PARA PESSOA IDOSA, ATRAVÉS DA SECRETARIA MUNICIPAL DE ASSISTÊNCIA SOCIAL, EM CONFORMIDADE COM AS ESPECIFICAÇÕES MÍNIMAS CONSTANTES NO EDITAL, TERMO DE REFERÊNCIA E DEMAIS ANEXO.; Inexigibilidade de licitação; -; 30/04/2025; Prestação de serviços; Inexigibilidade de Licitação; 30/04/2025; HOMOLOGADO; -; 30/04/2025;  - ; -; Chamada pública / credenciamento;R$ 52.207,92;R$ 52.207,92
 PREFEITURA MUNICIPAL DE BALNEARIO GAIVOTA;52;2025;52;2025; O OBJETO DA PRESENTE DISPENSA DE LICITAÇÃO É A AQUISIÇÃO DE PAMONHAS PARA PROJETO DE EXPERIENCIA GASTRONÔMICA TRADICIONAL QUE SERÁ REALIZADO COM O GRUPO DE IDOSOS DA SECRETARIA MUNICIPAL DE ASSISTENCIA SOCIAL.; Dispensa de licitação; -; 29/04/2025; Aquisição de bens; MENOR PREÇO; 29/04/2025; HOMOLOGADO; -; 29/04/2025;  - ; -; Licitação;R$ 12.000,00;R$ 12.000,00
 PREFEITURA MUNICIPAL DE BALNEARIO GAIVOTA;51;2025;51;2025; O OBJETO DA PRESENTE DISPENSA É A CONTRATAÇÃO DE EMPRESA ESPECIALIZADA NA INSPEÇÃO E VERIFICAÇÃO METROLÓGICA DOS TACÓGRAFOS INSTALADOS NOS VEÍCULOS UTILIZADOS NO TRANSPORTE ESCOLAR MUNICIPAL, CONFORME EXIGIDO PELA LEGISLAÇÃO VIGENTE PARA FINS DE LICENCIAMENTO ANUAL DOS REFERIDOS VEÍCULOS.; Dispensa de licitação; -; 09/05/2025; Prestação de serviços; MENOR PREÇO; 09/05/2025; HOMOLOGADO; -; 28/04/2025;  - ; -; Licitação;R$ 2.910,00;R$ 2.910,00
 PREFEITURA MUNICIPAL DE BALNEARIO GAIVOTA;50;2025;50;2025; Credenciamento de pessoas físicas ou jurídicas, para prestação de serviços vinculados aos Projetos e Oficinas Vinculadas ao Serviço de Convivência e Fortalecimento de Vínculos e ao Centro de Referência da Assistência Social, em atendimento à Secretaria Municipal de Assistência Social, de acordo com as necessidades, condições, quantidades e exigências estabelecidas neste Edital e, conforme planilha especificada no Termo de Referência e demais documentos em anexo.; Inexigibilidade de licitação; -; 28/04/2025; Prestação de serviços; MENOR PREÇO; 28/04/2025; HOMOLOGADO; -; 24/04/2025;  - ; -; Chamada pública / credenciamento;R$ 2.125,00;R$ 2.125,00
 PREFEITURA MUNICIPAL DE BALNEARIO GAIVOTA;49;2025;49;2025; O presente procedimento licitatório tem como objetivo registrar preços com a finalidade de selecionar a proposta mais vantajosa para futura contratação de empresa especializada para execução de Pavimento com Aplicação de Concreto Asfáltico, camada de rolamento – inclusive carga e transporte, Fresagem, Pintura de Ligação com RR1 e Imprimação, para utilização de reparos/reforço de base para pavimentação asfáltica no Município de Balneário Gaivota/SC.; Pregão eletrônico; 03/06/2025 09:00; 20/05/2025; Obras e Serviços de Arquitetura e Engenharia; MENOR PREÇO GLOBAL; -; REVOGADO; -; 23/04/2025; 03/06/2025; 05/06/2025; Licitação;R$ 1.675.982,80; -
 PREFEITURA MUNICIPAL DE BALNEARIO GAIVOTA;48;2025;48;2025; O OBJETO DA PRESENTE DISPENSA DE LICITAÇÃO É A AQUISIÇÃO DE CAMISETAS PERSONALIZADAS DESTINADAS A PADRONIZAÇÃO VISUAL DOS SERVIDORES MUNICIPAIS DURANTE CAMPANHA MAIO LARANJA-CAMPANHA DE COMBATE  AO ABUSO E A EXPLORAÇÃO SEXUAL DE CRIANÇAS E ADOLESCENTES.; Dispensa de licitação; -; 28/04/2025; Aquisição de bens; MENOR PREÇO; 28/04/2025; HOMOLOGADO; -; 23/04/2025;  - ; -; Licitação;R$ 2.990,00;R$ 2.990,00
 PREFEITURA MUNICIPAL DE BALNEARIO GAIVOTA;47;2025;47;2025; O presente procedimento licitatório tem como objetivo registrar preços com a finalidade de selecionar a proposta mais vantajosa para futura(s) e eventual(is) contratação de empresa para a prestação de serviços de mão-de-obra mecânica/elétrica (hora/homem) com diagnóstico e substituição de peças necessárias para realização dos serviços de manutenção, recuperação ou revisão geral de toda frota municipal, destinados a atender as demandas da Secretaria de Administração, das demais Secretarias e dos ; Pregão eletrônico; 10/06/2025 08:30; 26/05/2025; Aquisição de bens; MENOR PREÇO POR LOTE; 11/06/2025; HOMOLOGADO; -; 22/04/2025; 10/06/2025; -; Licitação;R$ 798.091,00;R$ 781.860,00
 PREFEITURA MUNICIPAL DE BALNEARIO GAIVOTA;46;2025;46;2025; A presente contratação tem como objetivo, a realização de um Workshop Educacional, com o objetivo de abordar a necessidade de promover a inclusão (com foco no autismo) e combater o bullying nas escolas, utilizando a robótica como ferramenta. O público-alvo são os alunos matriculados nas instituições de ensino municipais de Balneário Gaivota/SC, abrangendo desde a pré-escola até o 5° ano do ensino fundamental.; Dispensa de licitação; -; 12/05/2025; Prestação de serviços; MENOR PREÇO; 12/05/2025; HOMOLOGADO; -; 22/04/2025;  - ; -; Licitação;R$ 15.400,00;R$ 15.399,93
 PREFEITURA MUNICIPAL DE BALNEARIO GAIVOTA;44;2025;44;2025; Credenciamento de pessoas físicas ou jurídicas, para prestação de serviços vinculados aos Projetos e Oficinas Vinculadas ao Serviço de Convivência e Fortalecimento de Vínculos e ao Centro de Referência da Assistência Social, em atendimento à Secretaria Municipal de Assistência Social, de acordo com as necessidades, condições, quantidades e exigências estabelecidas neste Edital e, conforme planilha especificada no Termo de Referência e demais documentos em anexo.; Inexigibilidade de licitação; -; 15/04/2025; Prestação de serviços; MENOR PREÇO; 15/04/2025; HOMOLOGADO; -; 15/04/2025;  - ; -; Chamada pública / credenciamento;R$ 2.499,60;R$ 2.499,60
 PREFEITURA MUNICIPAL DE BALNEARIO GAIVOTA;43;2025;43;2025; O objeto da presente licitação é a contratação de empresa especializada para a execução de obras de drenagem pluvial na Rua Porto Alegre e na Rua Espírito Santo, localizadas no Bairro Praia Gaivota, com extensão total de 980 metros, no Município de Balneário Gaivota/SC. A execução deverá obedecer às especificações técnicas constantes no projeto executivo, memorial descritivo, planilhas orçamentárias, cronograma físico-financeiro, bem como às demais exigências previstas no edital e seus anexos.; Concorrência eletrônica; 02/05/2025 08:30; 15/04/2025; Obras e Serviços de Arquitetura e Engenharia; MENOR PREÇO; 22/05/2025; HOMOLOGADO; -; 11/04/2025; 02/05/2025; -; Licitação;R$ 726.282,86;R$ 580.000,00
 PREFEITURA MUNICIPAL DE BALNEARIO GAIVOTA;42;2025;42;2025; A PRESENTE DISPENSA DE LICITAÇÃO TEM POR OBJETIVO A SELEÇÃO DA PROPOSTA MAIS VANTAJOSA PARA FUTURAS AQUISIÇÕES DE MATERIAIS PARA CONFECÇÃO DE KITS MATERNIDADE, DESTINADOS A ATENDER À DEMANDA DA SECRETARIA MUNICIPAL DE ASSISTÊNCIA SOCIAL, OBSERVANDO-SE AS ESPECIFICAÇÕES MÍNIMAS CONSTANTES NO AVISO DE DISPENSA, NO TERMO DE REFERÊNCIA E DEMAIS ANEXOS.; Dispensa de licitação; -; 14/04/2025; Aquisição de bens; MENOR PREÇO; 14/04/2025; HOMOLOGADO; -; 10/04/2025;  - ; -; Licitação;R$ 15.017,50;R$ 15.017,50
 PREFEITURA MUNICIPAL DE BALNEARIO GAIVOTA;41;2025;41;2025; O presente procedimento licitatório tem por objetivo registrar preços com a finalidade de selecionar a proposta mais vantajosa para futura e eventual contratação de empresa(s) tecnicamente especializada(s) na Locação, Montagem e Desmontagem de Estruturas de Palco, Palanque, Tendas, Tablado de Madeira, Estandes, Grades, Barricada, outras estruturas temporárias, para atender aos diversos eventos promovidos e/ou apoiados pela Prefeitura Municipal de Balneário Gaivota/SC.; Pregão eletrônico; 23/05/2025 08:30; 09/05/2025; Obras e Serviços de Arquitetura e Engenharia; MENOR PREÇO; -; ANULADO; 04/06/2025; 10/04/2025; 23/05/2025; -; Licitação;R$ 3.973.590,90; -
 PREFEITURA MUNICIPAL DE BALNEARIO GAIVOTA;39;2025;39;2025; O presente procedimento licitatório tem como objetivo registrar preços com a finalidade de selecionar a proposta mais vantajosa para futura(s) e eventual(is) aquisições de parcelada de óleos lubrificantes, graxas lubrificantes e aditivos para manutenção da frota municipal de veículos, destinados a atender as demandas da Secretaria de Administração, das demais Secretarias e dos Entes Conveniados vinculados ao Município de Balneário Gaivota/SC.; Pregão eletrônico; 23/04/2025 08:30; 09/04/2025; Aquisição de bens; MENOR PREÇO; 28/04/2025; HOMOLOGADO; -; 09/04/2025; 23/04/2025; -; Licitação;R$ 475.833,93;R$ 185.244,75
 PREFEITURA MUNICIPAL DE BALNEARIO GAIVOTA;38;2025;38;2025; Credenciamento de pessoas físicas ou jurídicas, para prestação de serviços vinculados aos Projetos e Oficinas Vinculadas ao Serviço de Convivência e Fortalecimento de Vínculos e ao Centro de Referência da Assistência Social, em atendimento à Secretaria Municipal de Assistência Social, de acordo com as necessidades, condições, quantidades e exigências estabelecidas neste Edital e, conforme planilha especificada no Termo de Referência e demais documentos em anexo.; Inexigibilidade de licitação; -; 08/04/2025; Prestação de serviços; MENOR PREÇO; 08/04/2025; HOMOLOGADO; -; 08/04/2025;  - ; -; Chamada pública / credenciamento;R$ 7.650,00;R$ 7.650,00
 PREFEITURA MUNICIPAL DE BALNEARIO GAIVOTA;36;2025;36;2025; Credenciamento de pessoas físicas ou jurídicas, para prestação de serviços vinculados aos Projetos e Oficinas Vinculadas ao Serviço de Convivência e Fortalecimento de Vínculos e ao Centro de Referência da Assistência Social, em atendimento à Secretaria Municipal de Assistência Social, de acordo com as necessidades, condições, quantidades e exigências estabelecidas neste Edital e, conforme planilha especificada no Termo de Referência e demais documentos em anexo.; Inexigibilidade de licitação; -; 04/04/2025; Prestação de serviços; MENOR PREÇO; 04/04/2025; HOMOLOGADO; -; 04/04/2025;  - ; -; Chamada pública / credenciamento;R$ 7.132,00;R$ 7.132,00
 CAMARA MUNICIPAL DE BALNEARIO GAIVOTA;36;2025;36;2025; PELA DESPESA EMPENHADA REF, CONTRATAÇÃO DE EMPRESA ESPECIALIZADA EM FORNECER GÉNEROS ALIMENTÍCIOS DIVERSOS ( COOFFEE BREAK )PARA SESSÃO SOLENE  ENTREGA DA PLACA DE Título de “Cidadão Honorário” ao Senhor marcos Vieira, Deputado Estadual.; Dispensa de licitação; -; -; Prestação de serviços; MENOR PREÇO GLOBAL; 02/12/2025; HOMOLOGADO; -; 02/12/2025;  - ; -; Contratação direta;R$ 3.033,00;R$ 2.254,00
 CAMARA MUNICIPAL DE BALNEARIO GAIVOTA;35;2025;35;2025; PELA DESPESA EMPENHA REF, AQUISIÇÃO DE 02 PLACAS 13 X 13 CM EM AÇO INOX COM ESTOJO DE VELUDO E 03 PLACA EM AÇO INOX 24X16 COM ESTOJO EM VELUDO  PARA HOMENAGENS CONFORME MOÇÕES DE APLAUSOS 04/25 06/25 07/25; Dispensa de licitação; -; -; Prestação de serviços; MENOR PREÇO GLOBAL; 04/11/2025; HOMOLOGADO; -; 30/10/2025;  - ; -; Contratação direta;R$ 1.585,00;R$ 1.430,00
 PREFEITURA MUNICIPAL DE BALNEARIO GAIVOTA;35;2025;35;2025; Credenciamento de pessoas físicas ou jurídicas, para prestação de serviços vinculados aos Projetos e Oficinas Vinculadas ao Serviço de Convivência e Fortalecimento de Vínculos e ao Centro de Referência da Assistência Social, em atendimento à Secretaria Municipal de Assistência Social, de acordo com as necessidades, condições, quantidades e exigências estabelecidas neste Edital e, conforme planilha especificada no Termo de Referência e demais documentos em anexo.; Inexigibilidade de licitação; -; 31/03/2025; Prestação de serviços; MENOR PREÇO; 31/03/2025; HOMOLOGADO; -; 31/03/2025;  - ; -; Chamada pública / credenciamento;R$ 5.276,40;R$ 5.276,40
 CAMARA MUNICIPAL DE BALNEARIO GAIVOTA;34;2025;34;2025; PELA DESPESA EMPENHA REF, AQUISIÇÃO DE DOIS LED 100W COLORIDO PARA USO EXTERNO DESTA CASALA LEGISLATIVA; Dispensa de licitação; -; -; Aquisição de bens; MAIOR OFERTA; 24/10/2025; HOMOLOGADO; -; 24/10/2025;  - ; -; Contratação direta;R$ 360,00;R$ 358,00
 PREFEITURA MUNICIPAL DE BALNEARIO GAIVOTA;33;2025;33;2025; O presente procedimento licitatório tem por objetivo a escolha da proposta apta a gerar o resultado mais vantajoso para futura(s) e eventual(ais) aquisição(ões) de seixo rolado classificado em jazida, para utilização na manutenção e conservação das ruas e estradas vicinais do Município e demais serviços necessários em atendimento da Secretaria de Infraestrutura do município de Balneário Gaivota/SC, conforme descrito no Termo de Referência (Anexo I) e as demais condições constantes no edital e de; Pregão eletrônico; 27/06/2025 08:30; 25/03/2025; Aquisição de bens; MENOR PREÇO; 27/06/2025; HOMOLOGADO; -; 25/03/2025; 27/06/2025; -; Licitação;R$ 478.740,00;R$ 317.700,00
 CAMARA MUNICIPAL DE BALNEARIO GAIVOTA;33;2025;33;2025; PELA DESPESA EMPENHA REF, SEGURO AUTOMOVEL NISSAN VERSA ANO 2021/2022  PLACA RXP9C78 DESTA CASA LEGISLATIVA POR UM PERÍODO DE 12 MESES; Dispensa de licitação; -; -; Prestação de serviços; MAIOR OFERTA; 27/10/2025; HOMOLOGADO; -; 24/10/2025;  - ; -; Contratação direta;R$ 1.866,38;R$ 1.866,34
 PREFEITURA MUNICIPAL DE BALNEARIO GAIVOTA;32;2025;32;2025; O OBJETO DESTA LICITAÇÃO É A SELEÇÃO DA PROPOSTA MAIS VANTAJOSA VISANDO À CONTRATAÇÃO DE EMPRESA ESPECIALIZADA NA EXECUÇÃO DE REFORMA E AMPLIAÇÃO DA CÂMARA DE VEREADORES DO MUNICÍPIO DE BALNEÁRIO GAIVOTA, CONFORME AS ESPECIFICAÇÕES TÉCNICAS DESCRITAS NO PROJETO, MEMORIAL DESCRITIVO, PLANILHAS ORÇAMENTÁRIAS, CRONOGRAMA FÍSICO-FINANCEIRO E DEMAIS EXIGÊNCIAS ESTABELECIDAS NESTE EDITAL E SEUS ANEXOS.; Concorrência eletrônica; 01/04/2025 09:00; 18/03/2025; Obras e Serviços de Arquitetura e Engenharia; MENOR PREÇO GLOBAL; 01/04/2025; HOMOLOGADO; -; 17/03/2025; 01/04/2025; -; Licitação;R$ 163.005,93;R$ 122.249,50
 CAMARA MUNICIPAL DE BALNEARIO GAIVOTA;32;2025;32;2025; PELA DESPESA EMPENHA REF, AQUISIÇÃO DE 04 (QUATRO) Persiana vertical cor cinza tropical BK (blackout)       tamanho 1,90x1,60 E 03(TREIS) Persianas vertical cor cinza tropical BK(blackout)               tamanho 2,60x2,60; Dispensa de licitação; -; -; Aquisição de bens; MAIOR OFERTA; 24/10/2025; HOMOLOGADO; -; 24/10/2025;  - ; -; Contratação direta;R$ 6.991,13;R$ 5.850,00
 PREFEITURA MUNICIPAL DE BALNEARIO GAIVOTA;31;2025;31;2025; O presente procedimento licitatório tem como objetivo registrar preços com a finalidade de selecionar a proposta mais vantajosa para futura(s) e eventual(is) aquisições de Materiais de Expediente, Escritório e Correlatos, destinados a atender as demandas da Secretaria de Administração, das demais Secretarias e dos Entes Conveniados vinculados ao Município de Balneário Gaivota/SC, em conformidade com as especificações mínimas descritas no Edital, Termo de Referência e demais anexos; Pregão eletrônico; 21/03/2025 09:00; 12/03/2025; Aquisição de bens; MENOR PREÇO; 04/04/2025; HOMOLOGADO; -; 05/03/2025; 21/03/2025; -; Licitação;R$ 1.052.899,40;R$ 461.046,95
 CAMARA MUNICIPAL DE BALNEARIO GAIVOTA;31;2025;31;2025; PELA DESPESA EMPENHA REF Aquisição de 01 (um) forno elétrico com capacidade de 44 litros, destinado a atender às necessidades do setor de cozinha  desta instituição; Dispensa de licitação; -; -; Aquisição de bens; MENOR PREÇO GLOBAL; 20/10/2025; HOMOLOGADO; -; 20/10/2025;  - ; -; Contratação direta;R$ 910,90;R$ 825,38
 PREFEITURA MUNICIPAL DE BALNEARIO GAIVOTA;30;2025;30;2025; A presente contratação tem como objetivo, dentro das atividades culturais e turísticas da semana de Carnaval, viabilizar a apresentação/show musical com o artista LUCAS SIMÃO, na data de 03/03/2025, no palco central do Município de Balneário Gaivota/SC, com duração de 02h00min.; Inexigibilidade de licitação; -; 28/02/2025; Prestação de serviços; MENOR PREÇO; 28/02/2025; HOMOLOGADO; -; 28/02/2025;  - ; -; Contratação direta;R$ 14.900,00;R$ 14.900,00
 CAMARA MUNICIPAL DE BALNEARIO GAIVOTA;30;2025;30;2025; PELA DESPESA EMPENHA REF, CONTRATAÇÃO DE INSTITUIÇÃO FINANCEIRA PÚBLICA OU PRIVADA. INCLUSIVE SOB A FORMA DE COOPERATIVA DE CRÉDITO. AUTORIZADA A FUNCIONAR PELO BANCO CENTRAL DO BRASIL. PARA A PRESTAÇÃO DE SERVIÇOS DE CENTRALIZAÇÃO. PROCESSAMENTO E GERENCIAMENTO DE CRÉDITOS PROVENIENTES DE 100% DA FOLHA DE PAGAMENTO DOS SERVIDORES E EMPREGADOS PÚBLICOS DA ADMINISTRAÇÃO DIRETA DA CAMARA DE VEREADORES DO MUNICÍPIO DE BALNEÁRIO GAIVOTA SC. ABRANGENDO OS EFETIVOS. COMISSIONADOS. AGENTES POLÍTICOS. E; Dispensa de licitação; -; -; Prestação de serviços; MAIOR OFERTA; 23/10/2025; HOMOLOGADO; -; 20/10/2025;  - ; -; Contratação direta;R$ 840,00;R$ 750,00
 PREFEITURA MUNICIPAL DE BALNEARIO GAIVOTA;29;2025;29;2025; O presente procedimento licitatório tem por objetivo registrar preços com a finalidade de selecionar a proposta mais vantajosa para futura contratação de prestação de serviços de hora máquina (retroescavadeira), destinados para recuperação de vias públicas, acessos a propriedades, abertura de valas, aterros, limpeza da praia e demais serviços similares, obedecidos as especificações mínimas constantes no Edital, Termo de Referência e demais anexos.; Pregão eletrônico; 18/03/2025 09:00; 01/03/2025; Prestação de serviços; menor preço global por lote; 28/03/2025; HOMOLOGADO; -; 27/02/2025; 18/03/2025; -; Licitação;R$ 244.660,00;R$ 243.980,00
 CAMARA MUNICIPAL DE BALNEARIO GAIVOTA;29;2025;29;2025;" Ar condicionado (parede) de 9.000 BTU’s – 220V; ▪ Tipo Split, cor branca. ▪ Ciclo Frio. E quinte▪ INVERTE COM INSTALAÇÃO"; Dispensa de licitação; -; -; Aquisição de bens; MENOR PREÇO GLOBAL; 13/10/2025; HOMOLOGADO; -; 13/10/2025;  - ; -; Contratação direta;R$ 12.382,00;R$ 11.756,00
 PREFEITURA MUNICIPAL DE BALNEARIO GAIVOTA;28;2025;28;2025; A presente contratação tem como objetivo, dentro das atividades culturais e turísticas da semana de Carnaval, viabilizar a apresentação/show musical com o artista GRUPO JEITO LOUCO, na data de 02/03/2025, no palco central do Município de Balneário Gaivota/SC, com duração de 02h00min.; Inexigibilidade de licitação; -; 26/02/2025; Prestação de serviços; MENOR PREÇO; 26/02/2025; HOMOLOGADO; -; 26/02/2025;  - ; -; Contratação direta;R$ 14.900,00;R$ 14.900,00
 CAMARA MUNICIPAL DE BALNEARIO GAIVOTA;28;2025;28;2025; PELA DESPESA EMPENHA REF, AQUISIÇÃO DE UMA MEA DE ESCRITORIO MEDINDO 150 X 060 CM NA COM DUAS GAVETAS NA COR MADEIRA MOGNO; Dispensa de licitação; -; -; Aquisição de bens; MENOR PREÇO GLOBAL; 23/09/2025; HOMOLOGADO; -; 23/09/2025;  - ; -; Contratação direta;R$ 689,00;R$ 689,00
 PREFEITURA MUNICIPAL DE BALNEARIO GAIVOTA;27;2025;27;2025; A presente contratação tem como objetivo, dentro das atividades culturais e turísticas da semana de Carnaval, viabilizar a apresentação/show musical com a banda PLANO B, na data de 01/03/2025, no palco central do Município de Balneário Gaivota/SC, com duração de 02h00min.; Inexigibilidade de licitação; -; 26/02/2025; Prestação de serviços; MENOR PREÇO; 26/02/2025; HOMOLOGADO; -; 26/02/2025;  - ; -; Contratação direta;R$ 12.900,00;R$ 12.900,00
 CAMARA MUNICIPAL DE BALNEARIO GAIVOTA;27;2025;27;2025; PELA DESPESA EMPENHA REF, AQUISIÇÃO DE 04(QUATRO) GRADES EM EM FERRO GALVANIZADO, CONTONEIRA 3/4 ESPESSURA FERRO 5/16 TAMANHO DAS GRANDES 155X120 CM; Dispensa de licitação; -; -; Aquisição de bens; MENOR PREÇO; 26/08/2025; HOMOLOGADO; -; 26/08/2025;  - ; -; Contratação direta;R$ 2.320,00;R$ 2.320,00
 PREFEITURA MUNICIPAL DE BALNEARIO GAIVOTA;26;2025;26;2025; A presente contratação tem como objetivo, dentro das atividades culturais e turísticas da semana de Carnaval, viabilizar a apresentação/show musical com a BANDA INDÚSTRIA NACIONAL, na data de 28/02/2025, no palco central do Município de Balneário Gaivota/SC, com duração de 02h00min.; Inexigibilidade de licitação; -; 25/02/2025; Prestação de serviços; MENOR PREÇO; 25/02/2025; HOMOLOGADO; -; 25/02/2025;  - ; -; Contratação direta;R$ 12.900,00;R$ 12.900,00
 CAMARA MUNICIPAL DE BALNEARIO GAIVOTA;26;2025;26;2025;" 1.1.	O objeto da presente contratação de empresa para o fornecimento de planos de telefonia móvel num total de 05 (cinco linhas), todas com ligações (fixa ou móvel) e SMS ilimitados para qualquer operadora e plano de internet de 05 (cinco)GB para cada uma das linhas, Aviso de Contratação Direta e seus anexos"; Dispensa de licitação; -; -; Prestação de serviços; MENOR PREÇO GLOBAL; 18/08/2025; HOMOLOGADO; -; 18/08/2025;  - ; -; Contratação direta;R$ 3.150,60;R$ 3.150,60
 PREFEITURA MUNICIPAL DE BALNEARIO GAIVOTA;25;2025;25;2025; A presente contratação tem como objetivo, dentro das atividades culturais e turísticas da semana de Carnaval, viabilizar a apresentação/show musical com a BANDA MATUSA, na data de 01/03/2025, no palco central do Município de Balneário Gaivota/SC, com duração de 02h00min.; Inexigibilidade de licitação; -; 25/02/2025; Prestação de serviços; MENOR PREÇO; 25/02/2025; HOMOLOGADO; -; 25/02/2025;  - ; -; Contratação direta;R$ 18.500,00;R$ 18.500,00
 CAMARA MUNICIPAL DE BALNEARIO GAIVOTA;25;2025;25;2025; Pela despesa empenhada Ref, AQUISIÇÃO DE 01 (UM) KIT DE LETRAS  EM PVC 20MM TAMANHO DA LETRA 23 CM E 14CM EM CAIXA ALTA DE 2CM LARGURA DAS LETRAS EM 3,5 CM E 2,00 CM NA COR PRATA PINTURA AUTOMOTIVA CONFORME TERMO DE REFERENCIA.; Dispensa de licitação; -; -; Aquisição de bens; MENOR PREÇO GLOBAL; 22/08/2025; HOMOLOGADO; -; 11/08/2025;  - ; -; Contratação direta;R$ 2.432,00;R$ 2.245,00
 FUNDO MUNICIPAL DE SAUDE BALNEARIO GAIVOTA;25;2025;25;2025; O presente procedimento licitatório tem como objetivo registrar preços com a finalidade de selecionar a proposta mais vantajosa para futura(s) e eventual(is) Contratação de empresa especializada para prestação de serviços de exames de diagnóstico por imagem, compreendendo exames de Alta Complexidade, para atendimento das demandas da população usuária do Sistema Único de Saúde (SUS) vinculadas ao Fundo Municipal de Saúde de Balneário Gaivota/SC /SC, em conformidade com as especificações mínimas d; Pregão eletrônico; 22/12/2025 09:00; 04/12/2025; Prestação de serviços; MENOR PREÇO; -; DESERTO; -; 04/12/2025; 22/12/2025; -; Licitação;R$ 159.944,80; -
 PREFEITURA MUNICIPAL DE BALNEARIO GAIVOTA;24;2025;24;2025; O presente procedimento licitatório tem como objetivo registrar preços com a finalidade de selecionar a proposta mais vantajosa para futura(s) e eventual(is) aquisições de Produtos De Higiene Infantil para a Secretaria Municipal de Educação a ser distribuídos a suas instituições de ensino Escolas e Centros de Educação Infantil, para assim manter o cuidado com a higiene das crianças nelas matriculadas. Para serem fornecidas de forma parcelada, obedecidos às especificações mínimas constantes no Ed; Pregão eletrônico; 28/02/2025 09:00; 18/02/2025; Aquisição de bens; MENOR PREÇO; 06/03/2025; HOMOLOGADO; -; 17/02/2025; 28/02/2025; -; Licitação;R$ 37.452,00;R$ 20.707,00
 CAMARA MUNICIPAL DE BALNEARIO GAIVOTA;24;2025;24;2025; tapete personalizado de 3.00m x2.50m na cor fundo cinza com o brasão do poder legislativo conforme desenho em anexo.; Dispensa de licitação; -; -; Aquisição de bens; MENOR PREÇO GLOBAL; 22/08/2025; HOMOLOGADO; -; 11/08/2025;  - ; -; Contratação direta;R$ 5.200,00;R$ 4.855,00
 FUNDO MUNICIPAL DE SAUDE BALNEARIO GAIVOTA;24;2025;24;2025; O presente procedimento licitatório tem como objetivo registrar preços com a finalidade de selecionar a proposta mais vantajosa, objetivando a contratação de empresa especializada na prestação de serviços veterinários para cirurgias de esterilização (castração) em espécies felinas e caninas por meio de unidade móvel (castramóvel), com recursos oriundos do Convênio Simplificado do Estado nº SPGe SAMAE 1213/2025 (Programa Pet levado a sério, controle populacional de cães e gatos), em conformidade ; Pregão eletrônico; 10/12/2025 09:00; 26/11/2025; Prestação de serviços; MENOR PREÇO GLOBAL; 10/12/2025; HOMOLOGADO; -; 25/11/2025; 10/12/2025; -; Licitação;R$ 67.152,86;R$ 50.400,00
 PREFEITURA MUNICIPAL DE BALNEARIO GAIVOTA;23;2025;23;2025; A PRESENTE CHAMADA PÚBLICA TEM POR OBJETIVO A AQUISIÇÃO DE GÊNEROS ALIMENTÍCIOS DA AGRICULTURA FAMILIAR E EMPREENDEDOR FAMILIAR RURAL E/OU SUAS ORGANIZAÇÕES, DESTINADA AO ATENDIMENTO DO PROGRAMA NACIONAL DE ALIMENTAÇÃO ESCOLAR - PNAE, PARA     ATENDER OS ALUNOS MATRICULADOS NA REDE MUNICIPAL DE ENSINO DE BALNEARIO GAIVOTA /SC; Inexigibilidade de licitação; 08/04/2025 14:00; 24/03/2025; Aquisição de bens; SEM COMPETITIVIDADE - Qtd. rateada; 23/04/2025; HOMOLOGADO; -; 24/03/2025; 08/04/2025; -; Licitação;R$ 395.358,50;R$ 379.789,72
 CAMARA MUNICIPAL DE BALNEARIO GAIVOTA;23;2025;23;2025; CONTRATAÇÃO DE EMPRESA ESPECIALIZADA PARA MINISTRAR CURSOS , 05(CINCO) INSCRIÇÃO  SERVIDOR GILBERTO QUADROS, MARIA VITORIA, OS VEREADORES, JUSSRA DA SILVA MATTOS, MOACIR COELHO, MARCIO SILVA BATISTA  NO CURSO  VOZ DA LIDERANÇA PUBLICA , ESTRATAGIA DA COMUNICAÇÃO ASSERTIVA PARA PARLAMENTARES E SERVIDORES NOS DIA 26 A 29 DE AGOSTO DE 2025 NA SALA DE CONVENCOES DO HOTEL FAIAL EM FLORIANOPOLIS SC; Inexigibilidade de licitação; -; -; Prestação de serviços; MAIOR OFERTA; 12/08/2025; HOMOLOGADO; -; 07/08/2025;  - ; -; Contratação direta;R$ 7.985,00;R$ 7.985,00
 FUNDO MUNICIPAL DE SAUDE BALNEARIO GAIVOTA;23;2025;23;2025; O OBJETO DA PRESENTE INEXIGIBILIDADE DE LICITAÇÃO É A CONTRATAÇÃO DE PESSOAS  JURÍDICAS PARA A PRESTAÇÃO DE SERVIÇOS ESPECIALIZADOS DE MEDICO NEUROPEDIATRA DESTINADOS A ATENDER AS DEMANDAS DA SECRETARIA MUNICIPAL DE SAÚDE DE BALNEÁRIO GAIVOTA/SC.; Inexigibilidade de licitação; -; -; Prestação de serviços; Inexigibilidade de Licitação; 03/12/2025; HOMOLOGADO; -; 03/12/2025;  - ; -; Licitação;R$ 273.600,00;R$ 273.600,00
 PREFEITURA MUNICIPAL DE BALNEARIO GAIVOTA;22;2025;22;2025; O presente procedimento licitatório tem como objetivo registrar preços com a finalidade de selecionar a proposta mais vantajosa para futura contratação de empresa especializada para a manutenção preditiva, preventiva e corretiva das maquinas pesadas da frota municipal, compreendendo mecânica e elétrica em geral com fornecimento de peças genuínas, originais e/ou similares necessários ao perfeito funcionamento, conforme especificações, quantitativos e condições estabelecidas e previstas neste edit; Pregão eletrônico; 14/03/2025 09:00; 12/02/2025; Prestação de serviços; MAIOR DESCONTO POR LOTE; 14/03/2025; HOMOLOGADO; -; 11/02/2025; 14/03/2025; -; Licitação;R$ 150.030,00;R$ 150.030,00
 CAMARA MUNICIPAL DE BALNEARIO GAIVOTA;22;2025;22;2025; Aquisição de  01 (UM) notebook com processador intel core i5 ou superior, memoria ram de o mínimo 16gb,DDR4, sistema operacional Windows 11 home em português, tela 15.6’ full hd, armazenamento SSD 1TB, placa de vídeo intel íris Xe com memoria gráfica compartilhada; Dispensa de licitação; -; -; Aquisição de bens; MENOR PREÇO GLOBAL; 29/05/2025; HOMOLOGADO; -; 12/05/2025;  - ; -; Contratação direta;R$ 5.000,00;R$ 4.995,00
 FUNDO MUNICIPAL DE SAUDE BALNEARIO GAIVOTA;22;2025;22;2025; O objeto da presente dispensa de licitação é a contratação emergencial de empresa especializada para o licenciamento de uso de sistemas destinados à gestão pública municipal, bem como a prestação de suporte técnico necessário à operacionalização desses sistemas, pelo tempo necessário à conclusão do processo licitatório destinado à regularização dessa contratação, em caráter temporário e excepcional, conforme fundamentação legal no art. 75, VIII, da Lei nº 14.133/2021, observadas as demais condiç; Dispensa de licitação; -; 11/11/2025; Prestação de serviços; MENOR PREÇO; 11/11/2025; HOMOLOGADO; -; 10/11/2025;  - ; -; Licitação;R$ 43.065,78;R$ 43.065,78
 PREFEITURA MUNICIPAL DE BALNEARIO GAIVOTA;21;2025;21;2025; A presente dispensa de licitação tem por objetivo selecionar a proposta mais vantajosa para a futura contratação de aquisições de sistema informatizado especializado para o Programa de Regularização Fundiária Urbana (REURB) no município de Balneário Gaivota/SC. O sistema será destinado a atender as demandas das Secretarias Municipais, proporcionando maior eficiência, organização e transparência nos processos de regularização fundiária. Os serviços e itens contratados deverão ser fornecidos de fo; Dispensa eletrônica; 05/03/2025 13:00; 26/02/2025; Prestação de serviços; MENOR PREÇO; 07/03/2025; HOMOLOGADO; -; 10/02/2025; 05/03/2025; -; Licitação;R$ 24.045,00;R$ 24.045,00
 CAMARA MUNICIPAL DE BALNEARIO GAIVOTA;21;2025;21;2025; PELA DESPESA EMPENHA REF, AQUISIÇÃO DE PEÇA PARA MANUTENÇÃO DO CARRO OFICIAL NISSAN VERSA PLACA RXP9C78 ARRUELA DE COBRE, FILTRO ÓLEO CÁRTER , FILTRO ASSYFUEL, ÓLEO LUBRIFICANTE BÁSICO, ÓLEO MOTOR 5W30 SN GFS, ÓLEO LUBRIFICANTE CAIXA, FLUIDO DE FREIO, FILTRO AR MOTOR, KIT PASTILHA FREIO.; Dispensa de licitação; -; -; Alienação de bens; MENOR PREÇO GLOBAL; 07/05/2025; HOMOLOGADO; -; 07/05/2025;  - ; -; Contratação direta;R$ 1.769,60;R$ 1.769,60
 FUNDO MUNICIPAL DE SAUDE BALNEARIO GAIVOTA;21;2025;21;2025; O OBJETO DA PRESENTE INEXIGIBILIDADE DE LICITAÇÃO É A CONTRATAÇÃO DE PESSOAS FÍSICAS OU JURÍDICAS PARA A PRESTAÇÃO DE SERVIÇOS ESPECIALIZADOS DE MEDICO CARDIOLOGISTA DESTINADOS A ATENDER AS DEMANDAS DA SECRETARIA MUNICIPAL DE SAÚDE DE BALNEÁRIO GAIVOTA/SC; Inexigibilidade de licitação; -; -; Prestação de serviços; Inexigibilidade de Licitação; 11/11/2025; HOMOLOGADO; -; 06/11/2025;  - ; -; Licitação;R$ 288.000,00;R$ 288.000,00
 PREFEITURA MUNICIPAL DE BALNEARIO GAIVOTA;20;2025;20;2025; O presente procedimento licitatório tem por objetivo registrar preços com a finalidade de selecionar a proposta mais vantajosa para futura(s) e eventual(is) aquisições de Materiais Elétricos para manutenção da iluminação pública municipal de Balneário Gaivota/sc. conforme quantidades e exigências estabelecidas neste edital e seus anexos.; Pregão eletrônico; 21/02/2025 09:00; 11/02/2025; Aquisição de bens; MENOR PREÇO; 25/03/2025; HOMOLOGADO; -; 10/02/2025; 21/02/2025; -; Licitação;R$ 1.109.220,03;R$ 552.911,45
 CAMARA MUNICIPAL DE BALNEARIO GAIVOTA;20;2025;20;2025; PELA DESPESA EMPENHA REF, PRESTAÇÃO DE SERVIÇO DE MECÂNICA NISSAN VERSA PLACA  RXPC78 DESTA CASA LEGISLATIVA; Dispensa de licitação; -; -; Prestação de serviços; MELHOR PRECO E TECNICA; 06/05/2025; HOMOLOGADO; -; 05/05/2025;  - ; -; Contratação direta;R$ 684,40;R$ 684,40
 FUNDO MUNICIPAL DE SAUDE BALNEARIO GAIVOTA;20;2025;20;2025; O presente procedimento licitatório objetiva credenciamento de LABORATÓRIOS DE ANÁLISES CLÍNICAS, para prestação de serviços de coleta, realização e entrega de exames clínicos, destinados ao atendimento dos usuários do Sistema Único de Saúde (SUS) na Rede Municipal de Saúde do Município de Balneário Gaivota/SC.; Inexigibilidade de licitação; -; -; Prestação de serviços; SEM COMPETITIVIDADE - Qtd. rateada; 21/10/2025; HOMOLOGADO; -; 21/10/2025;  - ; -; Licitação;R$ 720.000,00;R$ 720.000,00
 PREFEITURA MUNICIPAL DE BALNEARIO GAIVOTA;19;2025;19;2025; A presente contratação tem como objetivo, dentro das atividades culturais e turísticas, viabilizar a apresentação/show musical com a artista NANDA VIRTUOZO, na data de 14/02/2025, no palco central do Município de Balneário Gaivota/SC, com duração de 02h00min.; Inexigibilidade de licitação; -; 10/02/2025; Prestação de serviços; MENOR PREÇO; 10/02/2025; HOMOLOGADO; -; 10/02/2025;  - ; -; Contratação direta;R$ 13.000,00;R$ 13.000,00
 CAMARA MUNICIPAL DE BALNEARIO GAIVOTA;19;2025;19;2025;" prestação de serviço com a organização/fornecimento de04(QUATRO) INSCRIÇÃO  SERVIDOR PAULO GILSON MARTINS, ARLEU MOZAR RAMOS OLIVEIRA, JEFERSON RAUPP, E O PRESIDENTE JAISON LEIAL PEREIRA cursos/eventos intitulados  'O caminho seguro para as contratações do Poder Legislativo - Lei 14.133/2021', a ser realizado entre os dias 23 a 25/04/2025; na cidade de Florianópolis/SC e promovido pelo IGAM SC Cursos e Consultoria LTDA. Os eventos terão como finalidade proporcionar capacitação e atualização em t"; Inexigibilidade de licitação; -; -; Prestação de serviços; MENOR PREÇO GLOBAL; 06/06/2025; HOMOLOGADO; -; 02/04/2025;  - ; -; Contratação direta;R$ 7.160,00;R$ 7.160,00
 FUNDO MUNICIPAL DE SAUDE BALNEARIO GAIVOTA;19;2025;19;2025; O presente procedimento licitatório tem como objetivo registrar preços com a finalidade de selecionar a proposta mais vantajosa para futura(s) e eventual(is) Contratação de empresa especializada para prestação de serviços de exames de diagnóstico por imagem, compreendendo exames de Alta Complexidade, para atendimento das demandas da população usuária do Sistema Único de Saúde (SUS) vinculadas ao Fundo Municipal de Saúde de Balneário Gaivota/SC /SC, em conformidade com as especificações mínimas d; Pregão eletrônico; 05/11/2025 09:00; 21/10/2025; Prestação de serviços; MENOR PREÇO; -; DESERTO; -; 21/10/2025; 05/11/2025; -; Licitação;R$ 200.084,80; -
 PREFEITURA MUNICIPAL DE BALNEARIO GAIVOTA;18;2025;18;2025; O presente procedimento licitatório tem como objetivo registrar preços com a finalidade de selecionar a proposta mais vantajosa para futura(s) e eventual(is) aquisições de CARTUCHOS DE TINTAS E TONERS DE IMPRESSORAS, destinados a atender as demandas da Secretaria de Educação Municipal de Balneário Gaivota/SC, em conformidade com as especificações mínimas descritas no Edital, Termo de Referência e demais anexos.; Pregão eletrônico; 19/02/2025 09:00; 06/02/2025; Aquisição de bens; MENOR PREÇO; 06/03/2025; HOMOLOGADO; -; 06/02/2025; 19/02/2025; -; Licitação;R$ 130.164,35;R$ 17.647,10
 FUNDO MUNICIPAL DE SAUDE BALNEARIO GAIVOTA;18;2025;18;2025; A presente contratação tem como objetivo a locação de um imóvel com estrutura física de  de 175m² de área física construída, localizada no Bairro Barramares, o qual se destinará a acomodação do Centro de Atenção Psicossocial - CAPS  da Secretaria Municipal de Saúde de Balneário Gaivota.; Inexigibilidade de licitação; -; -; Locação; Inexigibilidade de Licitação; 24/10/2025; HOMOLOGADO; -; 15/10/2025;  - ; -; Licitação;R$ 24.000,00;R$ 24.000,00
 CAMARA MUNICIPAL DE BALNEARIO GAIVOTA;18;2025;18;2025; O PRESENTE PROCEDIMENTO, RESPEITADO O DISPOSTO NO ART. 11 DA LEI FEDERAL Nº 14.133, TEM POR OBJETO A CONTRATAÇÃO DE EMPRESA PARA FORNECIMENTO E INSTALAÇÃO DE MOVEIS PLANEADOS PARA PLENÁRIO DA CÂMARA MUNICIPAL DE VEREADORES DE BALNEÁRIO GAIVOTA SC; Dispensa de licitação; -; -; Aquisição de bens; MENOR PREÇO GLOBAL; 06/06/2025; HOMOLOGADO; -; 02/04/2025;  - ; -; Contratação direta;R$ 60.000,00;R$ 59.900,00
 CAMARA MUNICIPAL DE BALNEARIO GAIVOTA;17;2025;17;2025; CONTRATAÇÃO DE AGÊNCIA DE VIAGEM PARA AQUISIÇÃO DE PASSAGENS AÉREAS – IDA E VOLTA – DE  FLORIANÓPOLIS /SC, BRASÍLIA DF PARA PARTICIPAR  DA XXVI  MARCHA A BRASÍLIA  REALIZADO PELA CNM – CONFEDERAÇÃO NACIONAL DE  MUNICÍPIOS , COM SAÍDA DE FLORIANOPOLIS NO DIA 18 DE MAIO E RETORNO DE BRASÍLIA  NO DIA 22 DE MAIO E 2025. COM CRITÉRIO DE JULGAMENTO MENOR PREÇO, NA HIPÓTESE DO ART. 75, INCISO II., NOS TERMOS DA LEI N.º 14.133, DE 1º DE ABRIL DE 2021, E DEMAIS NORMAS APLICÁVEIS, CONFORME CONDIÇÕES, QUAN; Dispensa de licitação; -; -; Prestação de serviços; MENOR PREÇO; 21/03/2025; HOMOLOGADO; -; 18/03/2025;  - ; -; Contratação direta;R$ 15.116,64;R$ 15.116,64
 PREFEITURA MUNICIPAL DE BALNEARIO GAIVOTA;17;2025;17;2025; A presente contratação tem como objetivo, dentro das atividades culturais e turísticas, viabilizar a apresentação/show musical com o artista TCHÊ BARBARIDADE, na data de 06/02/2025, no palco central do Município de Balneário Gaivota/SC, com duração de 02h00min.; Inexigibilidade de licitação; -; 05/02/2025; Prestação de serviços; MENOR PREÇO; 05/02/2025; HOMOLOGADO; -; 04/02/2025;  - ; -; Contratação direta;R$ 18.500,00;R$ 18.500,00
 FUNDO MUNICIPAL DE SAUDE BALNEARIO GAIVOTA;17;2025;17;2025; O presente procedimento licitatório tem como objetivo registrar preços com a finalidade de selecionar a proposta mais vantajosa para futura(s) e eventual(is) Contratação de empresa especializada para prestação de serviços de exames de diagnóstico por imagem, compreendendo exames de Alta Complexidade, para atendimento das demandas da população usuária do Sistema Único de Saúde (SUS) vinculadas ao Fundo Municipal de Saúde de Balneário Gaivota/SC /SC, em conformidade com as especificações mínimas d; Pregão eletrônico; 17/10/2025 09:00; 03/10/2025; Prestação de serviços; MENOR PREÇO; -; DESERTO; -; 02/10/2025; 17/10/2025; -; Licitação;R$ 200.084,80; -
 PREFEITURA MUNICIPAL DE BALNEARIO GAIVOTA;16;2025;16;2025;" Inscrição dos servidores Thais Valandro Martins Borges e Kelly da Silva Costa, pertencentes à Secretaria De Administração E Finanças - no curso ""Imersão Igam - Formação Do Pregoeiro, Agente de Contratação e Equipe De Apoio: tudo o que você precisa saber para atuar nas Contratações Públicas"", que ocorrerá de 04 a 07/02/2025 e 25 A 27/02/2025, na cidade de Florianópolis/Sc."; Inexigibilidade de licitação; -; 03/02/2025; Prestação de serviços; Inexigibilidade de Licitação; 03/02/2025; HOMOLOGADO; -; 03/02/2025;  - ; -; Licitação;R$ 4.980,00;R$ 4.980,00
 CAMARA MUNICIPAL DE BALNEARIO GAIVOTA;16;2025;16;2025; PELA DESPESA EMPENHA REF, PUBLICIDADE INSTITUCIONAL EM MIDIA ESCRITA DE CONVITE DAS SESSÕES DESTA CASA LEGISLATIVA; Dispensa de licitação; -; -; Prestação de serviços; MENOR PREÇO GLOBAL; 27/02/2025; HOMOLOGADO; -; 27/02/2025;  - ; -; Licitação;R$ 6.930,00;R$ 6.930,00
 FUNDO MUNICIPAL DE SAUDE BALNEARIO GAIVOTA;16;2025;16;2025; O presente procedimento licitatório tem como objetivo registrar preços com a finalidade de selecionar a proposta mais vantajosa para futura(s) e eventual(is) Contratação de empresa especializada para prestação de serviços de exames de diagnóstico por imagem, compreendendo exames de Alta Complexidade, para atendimento das demandas da população usuária do Sistema Único de Saúde (SUS) vinculadas ao Fundo Municipal de Saúde de Balneário Gaivota/SC /SC, em conformidade com as especificações mínimas d; Pregão eletrônico; 02/10/2025 09:00; 18/09/2025; Prestação de serviços; MENOR PREÇO; -; REVOGADO; -; 18/09/2025; 02/10/2025; 02/10/2025; Licitação;R$ 200.084,80; -
 CAMARA MUNICIPAL DE BALNEARIO GAIVOTA;15;2025;15;2025; APARELHO TELEFÔNICO CELULAR MÓVEL (SMARTPHONE); Dispensa de licitação; -; -; Aquisição de bens; MENOR PREÇO; 11/02/2025; HOMOLOGADO; -; 11/02/2025;  - ; -; Contratação direta;R$ 3.822,06;R$ 3.822,06
 PREFEITURA MUNICIPAL DE BALNEARIO GAIVOTA;15;2025;15;2025; O presente procedimento licitatório tem por objetivo registrar preços com a finalidade de selecionar a proposta mais vantajosa para futuras aquisições de materiais gráficos para a Prefeitura Municipal e suas Secretarias. As aquisições serão realizadas de forma parcelada, conforme a demanda de cada órgão, obedecendo às especificações mínimas constantes no Edital, no Termo de Referência e demais Anexos. O processo licitatório visa assegurar que os materiais atendam aos padrões de qualidade necessá; Pregão eletrônico; 19/02/2025 14:00; 06/02/2025; Aquisição de bens; MENOR PREÇO; 17/03/2025; HOMOLOGADO; -; 31/01/2025; 19/02/2025; -; Licitação;R$ 2.494.826,34;R$ 609.817,96
 FUNDO MUNICIPAL DE SAUDE BALNEARIO GAIVOTA;15;2025;15;2025; O presente procedimento licitatório objetiva credenciamento de LABORATÓRIOS DE ANÁLISES CLÍNICAS, para prestação de serviços de coleta, realização e entrega de exames clínicos, destinados ao atendimento dos usuários do Sistema Único de Saúde (SUS) na Rede Municipal de Saúde do Município de Balneário Gaivota/SC.; Inexigibilidade de licitação; -; -; Prestação de serviços; SEM COMPETITIVIDADE - Qtd. rateada; 09/09/2025; HOMOLOGADO; -; 09/09/2025;  - ; -; Licitação;R$ 720.000,00;R$ 720.000,00
 CAMARA MUNICIPAL DE BALNEARIO GAIVOTA;14;2025;14;2025; PELA DESPESA EMPENHA REF, CONTRATAÇÃO DE EMPRESA ESPECIALIZADA EM PRESTAÇÃO DE SERVIÇO DE REFORMA, TROCA DE ESPUMA E SUBSTITUIÇÃO/RECAPAGEM DO TECIDO/NYLON NA COR AZUL PARA A COR PRETO EM 18 LONGARINA DE 3 LUGARES , ACENTO E ESCORO; Dispensa de licitação; -; -; Prestação de serviços; MENOR PREÇO GLOBAL; 10/02/2025; HOMOLOGADO; -; 10/02/2025;  - ; -; Contratação direta;R$ 5.472,00;R$ 5.472,00
 PREFEITURA MUNICIPAL DE BALNEARIO GAIVOTA;14;2025;14;2025; O presente procedimento licitatório tem por objetivo registrar preços com a finalidade de selecionar a proposta mais vantajosa para a prestação de serviços de manutenção, recarga e substituição de extintores nas instituições públicas de Balneário Gaivota. Os serviços deverão ser realizados de forma parcelada, conforme as necessidades das escolas, postos de saúde, repartições públicas e demais órgãos municipais. Todas as atividades deverão obedecer às especificações mínimas estabelecidas no Edita; Pregão eletrônico; 20/02/2025 09:00; 05/02/2025; Prestação de serviços; MENOR PREÇO; 07/03/2025; HOMOLOGADO; -; 31/01/2025; 20/02/2025; -; Licitação;R$ 56.741,95;R$ 20.785,00
 FUNDO MUNICIPAL DE SAUDE BALNEARIO GAIVOTA;14;2025;14;2025; O presente procedimento licitatório objetiva credenciamento de LABORATÓRIOS DE ANÁLISES CLÍNICAS, para prestação de serviços de coleta, realização e entrega de exames clínicos, destinados ao atendimento dos usuários do Sistema Único de Saúde (SUS) na Rede Municipal de Saúde do Município de Balneário Gaivota/SC.; Inexigibilidade de licitação; -; -; Prestação de serviços; SEM COMPETITIVIDADE - Qtd. rateada; 09/09/2025; HOMOLOGADO; -; 04/09/2025;  - ; -; Licitação;R$ 720.000,00;R$ 720.000,00
 PREFEITURA MUNICIPAL DE BALNEARIO GAIVOTA;13;2025;13;2025; A presente contratação tem como objetivo, dentro das atividades culturais e turísticas, viabilizar a apresentação/show musical com o artista JONATHAN PACHECO, na data de 30/01/2025, no palco central do Município de Balneário Gaivota/SC, com duração de 02h00min.; Inexigibilidade de licitação; -; 29/01/2025; Prestação de serviços; MENOR PREÇO; 29/01/2025; HOMOLOGADO; -; 27/01/2025;  - ; -; Contratação direta;R$ 13.500,00;R$ 13.500,00
 CAMARA MUNICIPAL DE BALNEARIO GAIVOTA;13;2025;13;2025; UMA AR CONDICIONADO DE 24.000 BTU PARA COLOCAÇÃO NO PLENARIO DESTA CASA LEGISLALTIVA; Dispensa de licitação; -; -; Aquisição de bens; MENOR PREÇO GLOBAL; 06/02/2025; HOMOLOGADO; -; 06/02/2025;  - ; -; Contratação direta;R$ 4.850,00;R$ 4.850,00
 FUNDO MUNICIPAL DE SAUDE BALNEARIO GAIVOTA;13;2025;13;2025; O OBJETO DO PRESENTE EDITAL É O CHAMAMENTO PÚBLICO PARA CREDENCIAMENTO DE PESSOAS FÍSICAS OU JURÍDICAS PARA A PRESTAÇÃO DE SERVIÇOS ESPECIALIZADOS DOS SEGUINTES PROFISSIONAIS: FONOAUDIÓLOGO, PSIQUIATRA, PSIQUIATRA INFANTIL, PSICÓLOGO COM ATENDIMENTO EM TERAPIA ABA, NEUROPEDIATRA, TERAPEUTA OCUPACIONAL E PSICOMOTRICISTA, TODOS DESTINADOS A ATENDER AS DEMANDAS DO CENTRO DE ATENDIMENTO PSICOSSOCIAL, LIMINARES JUDICIAIS ENTRE OUTRAS DEMANDAS DA SECRETARIA MUNICIPAL DE SAÚDE DE BALNEÁRIO GAIVOTA/SC E; Inexigibilidade de licitação; -; 05/09/2025; Prestação de serviços; SEM COMPETITIVIDADE - Qtd. rateada; 05/09/2025; HOMOLOGADO; -; 01/09/2025;  - ; -; Chamada pública / credenciamento;R$ 3.972.153,60;R$ 486.846,00
 CAMARA MUNICIPAL DE BALNEARIO GAIVOTA;12;2025;12;2025; Aquisição de  02 (dois) notebook com processador intel core i5 ou superior, memoria ram de o mínimo 16gb,DDR4, sistema operacional Windows 11 home em português, tela 15.6’ full hd, armazenamento SSD 1TB, placa de vídeo intel íris Xe com memoria gráfica compartilhada; Dispensa de licitação; -; -; Aquisição de bens; MENOR PREÇO; 13/02/2025; HOMOLOGADO; -; 05/02/2025;  - ; -; Licitação;R$ 5.000,00;R$ 4.990,00
 PREFEITURA MUNICIPAL DE BALNEARIO GAIVOTA;12;2025;12;2025; O presente procedimento licitatório tem por objetivo registrar preços com a finalidade de selecionar a proposta mais vantajosa para futura contratação de empresa especializada para instalação/manutenção de software (sistema web) a ser utilizado na gestão da rede municipal de educação, secretarias e unidades de ensino do município de Balneário Gaivota/SC, durante o ano de 2025. Para serem fornecidas de forma parcelada, obedecidos às especificações mínimas constantes no Edital, Termo de Referência; Pregão eletrônico; 11/02/2025 09:00; 28/01/2025; Contratação de serviços; MENOR PREÇO; -; REVOGADO; -; 27/01/2025; 11/02/2025; 22/04/2025; Licitação;R$ 12.062,76; -
 FUNDO MUNICIPAL DE SAUDE BALNEARIO GAIVOTA;12;2025;12;2025; O presente procedimento licitatório objetiva credenciamento de LABORATÓRIOS DE ANÁLISES CLÍNICAS, para prestação de serviços de coleta, realização e entrega de exames clínicos, destinados ao atendimento dos usuários do Sistema Único de Saúde (SUS) na Rede Municipal de Saúde do Município de Balneário Gaivota/SC.; Inexigibilidade de licitação; -; 04/09/2025; Prestação de serviços; SEM COMPETITIVIDADE - Qtd. rateada; 04/09/2025; HOMOLOGADO; -; 14/08/2025;  - ; -; Licitação;R$ 720.000,00;R$ 720.000,00
 CAMARA MUNICIPAL DE BALNEARIO GAIVOTA;11;2025;11;2025; PELA DESPESA EMPENHADA REF, AQUISIÇÃO DE UMA IMPRESSORA JATO DE TINTA  MUTIFUNCIONAL ,  COM TANQUE DE TINTA COLORIDA WI FI CONEXAO USB  COM ESCANER  TIPO MESA PLANA COM SENSOR DE LINHAS VELOCIDADE DE COPIA ISO PRETO 10.8 CPM E COLORIDA 5.5 CPM; Dispensa de licitação; -; -; Aquisição de bens; MENOR PREÇO; 05/02/2025; HOMOLOGADO; -; 05/02/2025;  - ; -; Contratação direta;R$ 2.200,00;R$ 2.200,00
 PREFEITURA MUNICIPAL DE BALNEARIO GAIVOTA;11;2025;11;2025; O presente procedimento licitatório tem como objetivo registrar preços com a finalidade de selecionar a proposta mais vantajosa para futura contratação de empresa especializada para execução de Pavimento com Aplicação de Concreto Asfáltico, camada de rolamento – inclusive carga e transporte, Fresagem, Pintura de Ligação com RR1 e Imprimação, para utilização de reparos/reforço de base para pavimentação asfáltica no Município de Balneário Gaivota/SC.; Pregão eletrônico; 13/05/2025 09:00; 12/02/2025; Obras e Serviços de Arquitetura e Engenharia; MENOR PREÇO GLOBAL; -; REVOGADO; -; 15/01/2025; 13/05/2025; 24/04/2025; Licitação;R$ 4.189.957,00; -
 FUNDO MUNICIPAL DE SAUDE BALNEARIO GAIVOTA;11;2025;11;2025; O PRESENTE PROCEDIMENTO LICITATÓRIO TEM COMO OBJETIVO REGISTRAR PREÇOS COM A FINALIDADE DE SELECIONAR A PROPOSTA MAIS VANTAJOSA PARA FUTURA(S) CONTRATAÇÃO(ES) DE EMPRESA PARA PRESTAÇÃO DE SERVIÇO DE TRANSPORTE DE PACIENTES QUE NECESSITAM DE TRATAMENTO FORA DOMICÍLIO (TFD), VISANDO ATENDER A NECESSIDADE DA SECRETARIA MUNICIPAL DE SAÚDE DO MUNICÍPIO DE BALNEÁRIO GAIVOTA/SC, EM CONFORMIDADE COM AS ESPECIFICAÇÕES MÍNIMAS DESCRITAS NO EDITAL, TERMO DE REFERÊNCIA E DEMAIS ANEXOS.; Pregão eletrônico; 14/08/2025 09:00; 29/07/2025; Prestação de serviços; MENOR PREÇO; 19/08/2025; HOMOLOGADO; -; 29/07/2025; 14/08/2025; -; Licitação;R$ 576.000,00;R$ 384.000,00
 CAMARA MUNICIPAL DE BALNEARIO GAIVOTA;10;2025;10;2025; Empresa juridica serviços de transmissão contínua (streaming), via internet simultânea nas redes sociais da câmara pelas plataformas Youtube/Facebook/instagram e site da Câmara https://www.camaragaivota.sc.gov.br/gravação das sessões ordinárias e extraordinárias da Câmara Municipal, bem como outras reuniões legislativas de interesse público, em atendimento ao princípio constitucional da transparência e da publicidade.; Dispensa de licitação; -; -; Prestação de serviços; MENOR PREÇO; 10/02/2025; RATIFICADO; -; 29/01/2025;  - ; -; Licitação;R$ 31.800,00;R$ 19.200,00
 PREFEITURA MUNICIPAL DE BALNEARIO GAIVOTA;10;2025;10;2025; O presente procedimento licitatório tem como objetivo registrar preços com a finalidade de selecionar a proposta mais vantajosa para futura(s) e eventual(is) aquisições de Ar-condicionado, destinados a atender as demandas da Secretaria de Administração, das demais Secretarias e dos Entes Conveniados vinculados ao Município de Balneário Gaivota/SC, em conformidade com as especificações mínimas descritas no Edital, Termo de Referência e demais anexos.; Pregão eletrônico; 27/01/2025 09:00; 14/01/2025; Aquisição de bens; MENOR PREÇO; 03/02/2025; HOMOLOGADO; -; 14/01/2025; 27/01/2025; -; Licitação;R$ 535.996,98;R$ 371.953,45
 FUNDO MUNICIPAL DE SAUDE BALNEARIO GAIVOTA;10;2025;10;2025; O OBJETO DA PRESENTE DISPENSA DE LICITAÇÃO É A AQUISIÇÃO DE EQUIPAMENTOS HOSPITALARES E ODONTOLÓGICOS PARA A ADEQUAÇÃO E O PLENO FUNCIONAMENTO DA UNIDADE CENTRAL ZENITA MENDES E O ATENDIMENTO ODONTOLÓGICO DA UNIDADE BÁSICA DE SAÚDE RAULINO RAMOS DO MUNICÍPIO DE BALNEÁRIO GAIVOTA/SC.; Dispensa de licitação; -; 04/07/2025; Aquisição de bens; MENOR PREÇO; 04/07/2025; HOMOLOGADO; -; 04/07/2025;  - ; -; Licitação;R$ 6.520,00;R$ 6.520,00
 CAMARA MUNICIPAL DE BALNEARIO GAIVOTA;9;2025;9;2025; AQUISIÇÃO DE MATERIAIS DE LIMPEZA E HIGIENE, COM ENTREGA PARCELADA, PARA ATENDER AS NECESSIDADES E HIGIENIZAÇÃO DOS AMBIENTES INTERNOS E EXTERNOS DA CÂMARA MUNICIPAL; Dispensa de licitação; -; -; Aquisição de bens; MAIOR OFERTA; 28/01/2025; HOMOLOGADO; -; 27/01/2025;  - ; -; Contratação direta;R$ 3.327,58;R$ 0,00
 PREFEITURA MUNICIPAL BALNEÁRIO GAIVOTA;9;2025;9;2025; A presente contratação tem como objetivo, dentro das atividades culturais e turísticas, viabilizar a apresentação/show musical com o artista BANDA BRILHA SOM, na data de 23/01/2025, no palco central do Município de Balneário Gaivota/SC, com duração de 02h00min.; Inexigibilidade de licitação; -; 16/01/2025; Prestação de serviços; MENOR PREÇO; 16/01/2025; HOMOLOGADO; -; 10/01/2025;  - ; -; Contratação direta;R$ 16.000,00;R$ 16.000,00
 FUNDO MUNICIPAL DE SAUDE BALNEARIO GAIVOTA;9;2025;9;2025; O presente instrumento objetiva credenciamento de empresa especializada para a contratação de serviços de castração de animais. A finalidade é controlar a população animal, melhorar a saúde pública e o bem-estar dos animais. A contratação inclui o fornecimento de materiais, mão de obra qualificada e cuidados pós-operatórios. As castrações serão realizadas em locais designados e horários pré-estabelecidos. A ação visa atender a demanda de castração de cães e gatos de comunidades específicas.; Inexigibilidade de licitação; -; 06/06/2025; Prestação de serviços; MENOR PREÇO; 06/06/2025; HOMOLOGADO; -; 06/06/2025;  - ; -; Chamada pública / credenciamento;R$ 149.160,00;R$ 149.160,00
 CAMARA MUNICIPAL DE BALNEARIO GAIVOTA;8;2025;8;2025;" CONTRATAÇÃO DE EMPRESA PARA
FORNECIMENTO DE GÊNEROS ALIMENTÍCIOS, PARA ATENDER AS NECESSIDADES DA CÂMARA
MUNICIPAL"; Dispensa de licitação; -; -; Aquisição de bens; MAIOR OFERTA; 28/01/2025; HOMOLOGADO; -; 27/01/2025;  - ; -; Contratação direta;R$ 7.709,03;R$ 0,00
 FUNDO MUNICIPAL DE SAUDE BALNEARIO GAIVOTA;8;2025;8;2025; O OBJETO DA PRESENTE DISPENSA DE LICITAÇÃO É A AQUISIÇÃO DE MOBILIÁRIO HOSPITALAR PARA A ATENDER AS NECESSIDADES DE ADEQUAÇÃO DA SALA DE EXPURGO DA UNIDADE  DE SAUDE CENTRAL  DO MUNICIPIO DE BALNBEÁRIO GAIVOTA.; Dispensa de licitação; -; 04/06/2025; Aquisição de bens; MENOR PREÇO; 04/06/2025; HOMOLOGADO; -; 04/06/2025;  - ; -; Licitação;R$ 11.250,00;R$ 11.250,00
 PREFEITURA MUNICIPAL DE BALNEARIO GAIVOTA;8;2025;8;2025; O presente procedimento licitatório tem como objetivo registrar preços com a finalidade de selecionar a proposta mais vantajosa para futura(s) e eventual(is) aquisições de Materiais E Equipamentos De Informática destinados a atender as demandas da Secretaria de Administração, das demais Secretarias e dos Entes Conveniados vinculados ao Município de Balneário Gaivota/SC, para serem fornecidas de forma parcelada, conforme quantidades e exigências estabelecidas neste edital e seus anexos; Pregão eletrônico; 31/03/2025 09:00; 10/01/2025; Aquisição de bens; MENOR PREÇO; 10/06/2025; HOMOLOGADO; -; 09/01/2025; 31/03/2025; -; Licitação;R$ 920.777,28;R$ 476.024,96
 PREFEITURA MUNICIPAL DE BALNEARIO GAIVOTA;7;2025;7;2025; O presente procedimento licitatório tem por objetivo registrar preços com a finalidade de selecionar a proposta mais vantajosa para futura(s) e eventual(is) aquisições de gêneros alimentícios destinados ao Serviço de Convivência e Fortalecimento de Vínculos da Secretaria De Assistência Social de Balneário Gaivota/SC para serem fornecidas de forma parcelada conforme quantidades e exigências estabelecidas neste edital e seus anexos; Pregão eletrônico; 22/01/2025 09:00; 10/01/2025; Aquisição de bens; MENOR PREÇO; 28/01/2025; HOMOLOGADO; -; 09/01/2025; 22/01/2025; -; Licitação;R$ 629.727,40;R$ 408.630,50
 CAMARA MUNICIPAL DE BALNEARIO GAIVOTA;7;2025;7;2025; PELA DESPESA EMPENHADA REF, AQUISIÇÃO DE UMA IMPRESSORA JATO DE TINTA  MUTIFUNCIONAL ,  COM TANQUE DE TINTA COLORIDA WI FI CONEXAO USB  COM ESCANER  TIPO MESA PLANA COM SENSOR DE LINHAS VELOCIDADE DE COPIA ISO PRETO 10.8 CPM E COLORIDA 5.5 CPM; Dispensa de licitação; -; -; Aquisição de bens; MAIOR OFERTA; 29/01/2025; HOMOLOGADO; -; 27/01/2025;  - ; -; Contratação direta;R$ 2.200,00;R$ 1.799,10
 FUNDO MUNICIPAL DE SAUDE BALNEARIO GAIVOTA;7;2025;7;2025; O presente procedimento licitatório tem como objetivo registrar preços com a finalidade de selecionar a proposta mais vantajosa para futura(s) e eventual(is) contratação de empresa especializada para disponibilização de profissionais médicos, odontólogos e demais profissionais, conforme as especificações mínimas, quantidades de consultas, forma e locais de prestação dos serviços, constantes no Termo de Referência, destinados a atender as demandas da Secretaria de Saúde do Município de Balneário ; Pregão eletrônico; 14/07/2025 09:00; 02/06/2025; Prestação de serviços; MENOR PREÇO; 25/07/2025; HOMOLOGADO; -; 28/05/2025; 14/07/2025; -; Licitação;R$ 7.373.831,60;R$ 6.744.997,72
 PREFEITURA MUNICIPAL BALNEÁRIO GAIVOTA;6;2025;6;2025; A presente contratação tem como objetivo, dentro das atividades culturais e turísticas, viabilizar a apresentação/show musical com o artista GAROTOS DE OURO, na data de 16/01/2025, no palco central do Município de Balneário Gaivota/SC, com início previsto para as 22h00min e duração de 02h00min.; Inexigibilidade de licitação; -; 08/01/2025; Prestação de serviços; MENOR PREÇO; 08/01/2025; HOMOLOGADO; -; 08/01/2025;  - ; -; Contratação direta;R$ 17.000,00;R$ 17.000,00
 CAMARA MUNICIPAL DE BALNEARIO GAIVOTA;6;2025;6;2025; Aquisição de  02 (dois) notebook com processador intel core i5 ou superior, memoria ram de o mínimo 16gb,DDR4, sistema operacional Windows 11 home em português, tela 15.6’ full hd, armazenamento SSD 1TB, placa de vídeo intel íris Xe com memoria gráfica compartilhada; Dispensa de licitação; -; -; Aquisição de bens; MENOR PREÇO; 28/01/2025; RATIFICADO; -; 24/01/2025;  - ; -; Contratação direta;R$ 9.980,00;R$ 9.980,00
 FUNDO MUNICIPAL DE SAUDE BALNEARIO GAIVOTA;6;2025;6;2025; O OBJETO DA PRESENTE DISPENSA DE LICITAÇÃO É A LOCAÇÃO DE UM IMÓVEL COM ESTRUTURA FÍSICA DE NO MÍNIMO DE 70 M² E NO MÁXIMO DE 100M² DE ÁREA FÍSICA CONSTRUÍDA, LOCALIZADA NO BAIRRO SANTA RITA DE CASSIA, O QUAL SE DESTINARÁ A ACOMODAÇÃO DOS SETORES TFD E TRANSPORTE DE PASSAGEIROS DA SECRETARIA MUNICIPAL DE SAUDE DE BALNEARIO GAIVOTA.; Inexigibilidade de licitação; -; 14/05/2025; Prestação de serviços; Inexigibilidade de Licitação; 14/05/2025; HOMOLOGADO; -; 17/03/2025;  - ; -; Licitação;R$ 18.000,00;R$ 18.000,00
 PREFEITURA MUNICIPAL BALNEÁRIO GAIVOTA;5;2025;5;2025; A presente contratação tem como objetivo, dentro das atividades culturais e turísticas, viabilizar a apresentação/show musical com o artista ESTAÇÃO FANDANGUEIRA, na data de 09/01/2025, no palco central do Município de Balneário Gaivota/SC, com duração de 02h30min.; Inexigibilidade de licitação; -; 07/01/2025; Prestação de serviços; MENOR PREÇO; 07/01/2025; HOMOLOGADO; -; 07/01/2025;  - ; -; Contratação direta;R$ 16.500,00;R$ 16.500,00
 CAMARA MUNICIPAL DE BALNEARIO GAIVOTA;5;2025;5;2025;" Ar condicionado (parede) de 18.000 BTU’s – 220V; ▪ Tipo Split, cor branca. ▪ Ciclo Frio. E quinte▪"; Dispensa de licitação; -; -; Aquisição de bens; MENOR PREÇO; 28/01/2025; RATIFICADO; -; 24/01/2025;  - ; -; Contratação direta;R$ 4.850,00;R$ 4.305,00
 FUNDO MUNICIPAL DE SAUDE BALNEARIO GAIVOTA;5;2025;5;2025; O OBJETO DA PRESENTE DISPENSA DE LICITAÇÃO É A AQUISIÇÃO DE MÓVEIS SOB MEDIDA PARA ATENDER AS NECESSIDADES DO SETOR TFD DA SECRETARIA MUNICIPAL DE SAÚDE DE BALNEÁRIO GAIVOTA. A PRESENTE DISPENSA DE LICITAÇÃO ENCONTRA FUNDAMENTAÇÃO LEGAL NO ART. 37, INCISO XXI DA CRFB, DE 1988, DECRETO MUNICIPAL Nº 06/2025 E ART. 75, INCISO II DA LEI FEDERAL Nº 14.133, DE 1º DE ABRIL DE2021.; Dispensa de licitação; -; -; Aquisição de bens; MENOR PREÇO; -; AGUARDANDO ABERTURA; -; 28/03/2025;  - ; -; Contratação direta;R$ 6.000,00; -
 PREFEITURA MUNICIPAL DE BALNEARIO GAIVOTA;4;2025;4;2025; O presente procedimento licitatório tem por objetivo registrar preços com a finalidade de selecionar a proposta mais vantajosa para futura(s) e eventual(is) aquisições de materiais elétricos para manutenção da iluminação pública municipal de Balneário Gaivota/sc. conforme quantidades e exigências estabelecidas neste edital e seus anexos.; Pregão eletrônico; 21/01/2025 08:30; 07/01/2025; Aquisição de bens; MENOR PREÇO; -; ANULADO; 28/01/2025; 03/01/2025; 21/01/2025; -; Licitação;R$ 1.420.092,00; -
 CAMARA MUNICIPAL DE BALNEARIO GAIVOTA;4;2025;4;2025; 100 Fardo com 12 unidade  contendo 500ml de agua em garrafa pet   com gás, , 20 galão de agua mineral com 20 litros sem gás , 100 fardos com 12 unidades contendo 500ml de agua em garrafa pet  sem  gás,; Dispensa de licitação; -; -; Aquisição de bens; MAIOR OFERTA; 15/01/2025; HOMOLOGADO; -; 10/01/2025;  - ; -; Contratação direta;R$ 3.220,00;R$ 3.220,00
 FUNDO MUNICIPAL DE SAUDE BALNEARIO GAIVOTA;4;2025;4;2025; O presente procedimento licitatório tem como objetivo registrar preços com a finalidade de selecionar a proposta mais vantajosa para futura contratação de empresa especializada para prestação de serviços de castração, incluindo realização de exames no pré-cirúrgico, aplicação de medicação (antimicrobiana, analgésicos e anti-inflamatórios) e micro chipagem de cães e gatos de rua ou de animais pertencentes a famílias de baixa renda devidamente cadastradas pela Assistência Social de Balneário Gaivo; Pregão eletrônico; 04/03/2025 09:00; 17/02/2025; Prestação de serviços; MENOR PREÇO POR LOTE; -; REVOGADO; -; 14/02/2025; 04/03/2025; 12/03/2025; Licitação;R$ 162.409,25; -
 CAMARA MUNICIPAL DE BALNEARIO GAIVOTA;3;2025;3;2025; Contratação do fornecimento de agua encanada  para a Câmara de vereadores de Balneário Gaivota; Inexigibilidade de licitação; -; -; Prestação de serviços; SEM COMPETITIVIDADE - Qtd. fixa; 14/01/2025; HOMOLOGADO; -; 14/01/2025;  - ; -; Contratação direta;R$ 5.000,04;R$ 5.000,04
 FUNDO MUNICIPAL DE SAUDE BALNEARIO GAIVOTA;3;2025;3;2025; O PRESENTE INSTRUMENTO OBJETIVA CREDENCIAMENTO DE EMPRESA ESPECIALIZADA PARA A CONFECÇÃO E FORNECIMENTO, ATRAVÉS DE AQUISIÇÃO PARCELADA, SOB DEMANDA, DE PRÓTESE DENTÁRIA MAXILAR E MANDIBULAR DO TIPO PRÓTESE TOTAL E PRÓTESE PARCIAL REMOVÍVEL, INCLUINDO CONSERTO E REEMBASAMENTO, CONFORME CONDIÇÕES, QUANTIDADES E EXIGÊNCIAS ESTABELECIDAS NESTE INSTRUMENTO.; Inexigibilidade de licitação; -; 07/02/2025; Prestação de serviços; MENOR PREÇO; 12/02/2025; HOMOLOGADO; -; 07/02/2025;  - ; -; Chamada pública / credenciamento;R$ 212.500,00;R$ 212.500,00
 PREFEITURA MUNICIPAL DE BALNEARIO GAIVOTA;3;2025;3;2025; O presente procedimento licitatório tem como objetivo registrar preços visando à seleção da proposta mais vantajosa para futura(s) e eventual(is) aquisição(es) de Materiais Escolares, para distribuição gratuita aos alunos da Rede Municipal de Ensino para o ano de 2025, através da Secretaria Municipal de Educação e Desenvolvimento Social, em conformidade com as especificações mínimas descritas no Edital, Termo de Referência e demais anexos; Pregão eletrônico; 28/03/2025 09:00; 03/02/2025; Aquisição de bens; MENOR PREÇO; 31/03/2025; HOMOLOGADO; -; 02/01/2025; 28/03/2025; -; Licitação;R$ 1.360.171,05;R$ 576.360,45
 CAMARA MUNICIPAL DE BALNEARIO GAIVOTA;2;2025;2;2025; Contratação do fornecimento de energia elétrica para a Câmara de vereadores de Balneário Gaivota; Inexigibilidade de licitação; -; -; Prestação de serviços; SEM COMPETITIVIDADE - Qtd. fixa; 14/01/2025; HOMOLOGADO; -; 14/01/2025;  - ; -; Contratação direta;R$ 6.000,00;R$ 6.000,00
 PREFEITURA MUNICIPAL DE BALNEARIO GAIVOTA;2;2025;2;2025; O objeto desta licitação é a seleção da proposta mais vantajosa para o Município, visando à contratação de empresa especializada na execução de pavimentação com lajota sextavada e meio-fio para a continuação da Avenida Alvim Manoel Cardoso - 3ª avenida, localizada no bairro Jardim Ultramar, no Município de Balneário Gaivota/SC com extensão de 295,60 metros (EM DUAS VIAS), conforme as especificações técnicas descritas no projeto, memorial descritivo, planilhas orçamentárias, cronograma físico-fin; Concorrência eletrônica; 16/01/2025 11:00; 02/01/2025; Obras e Serviços de Arquitetura e Engenharia; MENOR PREÇO GLOBAL; 23/01/2025; HOMOLOGADO; -; 02/01/2025; 16/01/2025; -; Licitação;R$ 183.600,79;R$ 136.000,00
 FUNDO MUNICIPAL DE SAUDE BALNEARIO GAIVOTA;2;2025;2;2025; O presente procedimento licitatório tem como objetivo registrar preços com a finalidade de selecionar a proposta mais vantajosa para futura(s) contratação(es) de empresa para prestação de serviço de transporte de pacientes que necessitam de tratamento fora domicílio (TFD), visando atender a necessidade da Secretaria Municipal de Saúde do Município de Balneário Gaivota/SC, em conformidade com as especificações mínimas descritas no Edital, Termo de Referência e demais anexos.; Pregão eletrônico; 18/02/2025 09:00; 03/02/2025; Prestação de serviços; MENOR PREÇO; 19/02/2025; HOMOLOGADO; -; 31/01/2025; 18/02/2025; -; Licitação;R$ 283.680,00;R$ 283.680,00
 FUNDO MUNICIPAL SAÚDE BALNEÁRIO GAIVOTA;1;2025;1;2025; O objeto da presente dispensa é o rateio das despesas administrativas e de manutenção do CONSÓRCIO, inclusive as pré-operacionais (parte fixa), obedecidos às especificações mínimas constantes no Edital, Termo de Referência e demais Anexos.; Dispensa de licitação; -; -; Prestação de serviços; MENOR PREÇO; -; AGUARDANDO ABERTURA; -; 14/01/2025;  - ; -; Licitação;R$ 109.992,84; -
 CAMARA MUNICIPAL DE BALNEARIO GAIVOTA;1;2025;1;2025; PELA DESPESA EMPENHADA REF, AQUISIÇÃO DE 11 PLACAS EM AÇO INOX 40X12 COM GRAVAÇÃO EM BAIXO RELEVO  COM SUPORTE EM ACRÍLICO PARA IDENTIFICAÇÃO DOS 11 VEREADORES QUE VAO ASSUMIR NO DIA 01 DE JANEIRO DE 2025; Dispensa de licitação; -; 13/01/2025; Aquisição de bens; MENOR PREÇO; 13/01/2025; HOMOLOGADO; -; 13/01/2025;  - ; -; Contratação direta;R$ 3.014,00;R$ 3.014,00
 PREFEITURA MUNICIPAL DE BALNEARIO GAIVOTA;1;2025;1;2025; O objeto da presente licitação é a seleção da proposta mais vantajosa para o município, visando à contratação de empresa especializada para prestação de serviços relacionado à terceirização de atividades técnicas, administrativas e operacionais para o departamento de trânsito junto à Delegacia de Polícia Civil, conforme com as especificações mínimas descritas no Edital, Termo de Referência e demais anexos.; Pregão eletrônico; 03/02/2025 09:00; 06/01/2025; Prestação de serviços; MENOR PREÇO; 24/02/2025; HOMOLOGADO; -; 02/01/2025; 03/02/2025; -; Licitação;R$ 109.989,00;R$ 80.399,88
 PREFEITURA MUNICIPAL BALNEÁRIO GAIVOTA;136;2024;136;2024; A presente contratação tem como objetivo, dentro das atividades culturais e turísticas, viabilizar a apresentação/show musical com o artista MARI E RAFA, na data de 31/12/2024, No palco central do Município de Balneário Gaivota, durante a realização REVEILLON do Município, com início previsto para as 23h00min e duração mínima de 02h00min.; Inexigibilidade de licitação; -; 17/12/2024; Prestação de serviços; MENOR PREÇO; 20/12/2024; HOMOLOGADO; -; 17/12/2024;  - ; -; Contratação direta;R$ 13.500,00;R$ 13.500,00
 PREFEITURA MUNICIPAL BALNEÁRIO GAIVOTA;135;2024;135;2024; A presente contratação tem como objetivo, dentro das atividades culturais e turísticas, viabilizar a apresentação/show musical com o artista GRUPO JEITO LOUCO, na data de 29/12/2024, No palco central do Município de Balneário Gaivota/SC, durante a realização do 29º aniversario do Município, com início previsto para as 23h00min e duração mínima de 02h00min.; Inexigibilidade de licitação; -; 17/12/2024; Prestação de serviços; MENOR PREÇO; 20/12/2024; HOMOLOGADO; -; 17/12/2024;  - ; -; Contratação direta;R$ 14.000,00;R$ 14.000,00
 PREFEITURA MUNICIPAL BALNEÁRIO GAIVOTA;134;2024;134;2024; O objeto da presente inexigibilidade de licitação é a contratação do palestrante EMANUEL CURI, por meio da empresa Profissional SA - Curadoria de palestras LTDA para ministrar uma palestra MOTIVACIONAL com foco em engajamento, resiliência e trabalho em equipe, para’ os servidores vinculados a Secretaria Municipal de Educação de Balneário Gaivota/SC. Obedecendo às especificações mínimas constantes no Edital, Termo de Referência e demais Anexos.; Inexigibilidade de licitação; -; 27/12/2024; Prestação de serviços; MENOR PREÇO; 27/12/2024; HOMOLOGADO; -; 27/12/2024;  - ; -; Contratação direta;R$ 12.000,00;R$ 12.000,00
 PREFEITURA MUNICIPAL DE BALNEARIO GAIVOTA;133;2024;133;2024; O presente procedimento licitatório tem como objetivo a seleção da proposta apta a gerar resultado mais vantajoso para futura contratação de profissional(ais) especializado(s) com habilitação em Educação Física e inscrito(s) Conselho Regional de Educação Física - (CREF), para a prestação de serviços dos projetos de verão, abrangendo modalidades de danças fitness, surf e treinamento funcional, em conformidade com as especificações mínimas descritas no Edital, Termo de Referência e demais anexos.; Dispensa eletrônica; -; 27/12/2024; Prestação de serviços; MENOR PREÇO; -; REVOGADO; -; 20/12/2024;  - ; 13/01/2025; Licitação;R$ 9.341,67; -
 PREFEITURA MUNICIPAL BALNEÁRIO GAIVOTA;132;2024;132;2024; O presente termo tem por objeto a CONTRATAÇÃO DO CONSÓRCIO DE INFORMÁTICA NA GESTÃO PÚBLICA MUNICIPAL – CIGA, PARA A PRESTAÇÃO DE SERVIÇOS CONTINUADOS DE TECNOLOGIA DA INFORMAÇÃO E COMUNICAÇÃO, ATRAVÉS DO SISTEMA DE GESTÃO DO SIMPLES NACIONAL E SISTEMA DE GESTÃO DO CADASTRO INTEGRADO MUNICIPAL.; Dispensa de licitação; -; 27/12/2024; Prestação de serviços; MENOR PREÇO; 27/12/2024; HOMOLOGADO; -; 27/12/2024;  - ; -; Licitação;R$ 11.158,18;R$ 11.158,18
 PREFEITURA MUNICIPAL DE BALNEARIO GAIVOTA;131;2024;131;2024; O objeto desta licitação é a seleção da proposta mais vantajosa, visando à contratação de empresa especializada na execução de obra de deslocamento de rede do sistema de iluminação pública, no lado Sul da Avenida Interpraias no bairro Jardim Ultramar neste município, conforme nota PS: 400748732, conforme as especificações técnicas descritas no projeto, planilhas orçamentárias e demais exigências estabelecidas neste edital e seus anexos; Concorrência eletrônica; 17/01/2025 09:00; 12/12/2024; Obras e Serviços de Arquitetura e Engenharia; MENOR PREÇO; 03/02/2025; HOMOLOGADO; -; 12/12/2024; 17/01/2025; -; Licitação;R$ 191.227,48;R$ 179.999,99
 PREFEITURA MUNICIPAL DE BALNEARIO GAIVOTA;130;2024;130;2024; O presente procedimento licitatório tem como objetivo registrar preços visando à seleção da proposta mais vantajosa para futuras aquisições de Trator Agrícola, destinado exclusivamente ao cultivo de maracujá, em conformidade com as especificações mínimas descritas no Edital, Termo de Referência e demais anexos; Pregão eletrônico; 14/02/2025 09:00; 12/12/2024; Aquisição de bens; MENOR PREÇO; 19/02/2025; HOMOLOGADO; -; 12/12/2024; 14/02/2025; -; Licitação;R$ 198.833,33;R$ 139.800,00
 PREFEITURA MUNICIPAL BALNEÁRIO GAIVOTA;129;2024;129;2024; O presente procedimento licitatório tem por objetivo registrar preços com a finalidade de selecionar a proposta mais vantajosa para futuras aquisições de premiações para eventos, troféus e medalhas, para a Secretaria de Esportes e Turismo usar nos eventos que ocorrem durante o período 2024/2025. Para serem fornecidas de forma parcelada, obedecidos às especificações mínimas constantes no Edital, Termo de Referência e demais Anexos.; Dispensa eletrônica; 16/12/2024 09:00; 20/12/2024; Compras e Serviços; MENOR PREÇO; 20/12/2024; HOMOLOGADO; -; 11/12/2024; 16/12/2024; -; Licitação;R$ 59.778,06;R$ 34.726,26
 PREFEITURA MUNICIPAL BALNEÁRIO GAIVOTA;128;2024;128;2024; O objeto desta licitação é a seleção da proposta mais vantajosa para o Município, visando à contratação de empresa especializada na execução de pavimentação com lajota sextavada e meio-fio na Rua 1 (Rua da Antena), localizada no bairro Fernão Capelo, com extensão de 927,00 metros, conforme as especificações técnicas descritas no projeto, memorial descritivo, planilhas orçamentárias, cronograma físico-financeiro e demais exigências estabelecidas neste edital e seus anexos.; Concorrência eletrônica; 27/12/2024 10:00; 10/12/2024; Obras e Serviços de Arquitetura e Engenharia; MENOR PREÇO; 06/01/2025; HOMOLOGADO; -; 09/12/2024; 27/12/2024; -; Licitação;R$ 552.483,20;R$ 452.000,00
 PREFEITURA MUNICIPAL BALNEÁRIO GAIVOTA;127;2024;127;2024; O presente instrumento objetiva credenciamento de pessoa física ou jurídica para a prestação de serviços vinculados aos PROJETOS E OFICINAS VINCULADOS AO SERVIÇO DE CONVIVÊNCIA E FORTALECIMENTO DE VÍNCULOS, de acordo com as necessidades do município e segundo as condições, quantidades e exigências estabelecidas neste edital e conforme planilha especificada no Termo de Referência e demais regulamentos.; Inexigibilidade de licitação; -; 09/12/2024; Prestação de serviços; MENOR PREÇO; 09/12/2024; HOMOLOGADO; -; 09/12/2024;  - ; -; Chamada pública / credenciamento;R$ 2.250,00;R$ 2.250,00
 PREFEITURA MUNICIPAL DE BALNEARIO GAIVOTA;126;2024;126;2024; O objeto da presente licitação é a seleção da proposta mais vantajosa para o município, visando à contratação de empresa especializada para a execução de pavimentação em blocos de concreto sextavado na Rua 2, no bairro Onda Azul, neste município, com extensão de 880,00 m, conforme especificações contidas no projeto, memorial descritivo, planilhas orçamentárias, cronograma físico-financeiro e exigências estabelecidas neste edital e seus anexos.; Concorrência eletrônica; 23/12/2024 08:30; 09/12/2024; Obras e Serviços de Engenharia; MENOR PREÇO GLOBAL; 26/12/2024; HOMOLOGADO; -; 09/12/2024; 23/12/2024; -; Licitação;R$ 593.301,11;R$ 474.000,00
 PREFEITURA MUNICIPAL BALNEÁRIO GAIVOTA;125;2024;125;2024; O presente processo licitatório, na modalidade de Chamamento Público, tem como objetivo promover parceria com entidades da sociedade civil para a implantação de quadras poliesportivas. Essas instalações serão destinadas à realização de atividades de cunho desportivo e paradesportivo, além de atividades físicas, recreativas e de lazer, em atendimento às demandas da Diretoria Municipal de Esportes, conforme especificações contidas neste edital e seus anexos.; Inexigibilidade de licitação; -; 06/12/2024; Prestação de serviços; MENOR PREÇO; 27/12/2024; HOMOLOGADO; -; 05/12/2024;  - ; -; Licitação;R$ 0,14;R$ 0,04
 PREFEITURA MUNICIPAL BALNEÁRIO GAIVOTA;124;2024;124;2024; O objeto do presente edital é a comercialização dos “Naming rights” de eventos esportivos promovidos pelo município de Balneário Gaivota/SC. A comercialização será realizada de acordo com as condições estabelecidas neste edital e seus anexos. Os “Naming rights” serão alienados para exploração comercial, permitindo a associação de nomes de patrocinadores aos eventos esportivos oficiais, conforme critérios, requisitos e condições especificadas nos documentos deste processo.; Leilão; 26/12/2024 09:00; 04/12/2024; Alienação de bens; MAIOR LANCE; 03/01/2025; HOMOLOGADO; -; 04/12/2024; 26/12/2024; -; Licitação;R$ 20.000,00;R$ 20.150,00
 PREFEITURA MUNICIPAL BALNEÁRIO GAIVOTA;123;2024;123;2024; Constitui objeto do presente contrato a locação de imóvel, respeitado o disposto no art. 11 da lei Federal nº 14.133, tem por objetivo a locação de uma sala comercial, representado pelo lote nº 04 quadra nº “I” com área de 280 m² - Praia Itapuã – Balneário Gaivota/SC para abrigar os serviços da Assistência Social, que opera de maneira complementar e integrada com programas voltados à sociedade. Salas serão destinadas para as especialidades (Clube de Mães e Mãos que Acolhem), conforme demanda da ; Inexigibilidade de licitação; -; 10/12/2024; Locação; MENOR PREÇO; 10/12/2024; HOMOLOGADO; -; 10/12/2024;  - ; -; Licitação;R$ 33.600,00;R$ 33.600,00
 PREFEITURA MUNICIPAL BALNEÁRIO GAIVOTA;122;2024;122;2024; O presente procedimento licitatório tem por objetivo registrar preços para selecionar a proposta mais vantajosa visando à aquisição de postes de iluminação pública em fibra de vidro para a orla marítima de Balneário Gaivota. Atualmente, a orla não possui iluminação adequada, o que compromete a segurança dos transeuntes e frequentadores, especialmente no período noturno. A instalação dos novos postes garantirá uma iluminação eficiente e segura, proporcionando maior visibilidade e valorizando este; Pregão eletrônico; 11/12/2024 09:00; 29/11/2024; Aquisição de bens; MENOR PREÇO; 08/01/2025; HOMOLOGADO; -; 29/11/2024; 11/12/2024; -; Licitação;R$ 128.200,00;R$ 91.600,00
 PREFEITURA MUNICIPAL BALNEÁRIO GAIVOTA;121;2024;121;2024; O objeto da presente licitação é a seleção da proposta mais vantajosa para o município, visando à contratação de empresa especializada para a execução de pavimentação em blocos de concreto sextavado, drenagem, passeio público e sinalização na Avenida Emas, no bairro Bairro Village Dunas, neste município, com extensão de 596,30m, conforme especificações contidas no projeto, memorial descritivo, planilhas orçamentárias, cronograma físico-financeiro e exigências estabelecidas neste edital e seus an; Concorrência; 27/12/2024 09:00; 29/11/2024; Obras e Serviços de Engenharia; MENOR PREÇO; 03/01/2025; HOMOLOGADO; -; 29/11/2024; 27/12/2024; -; Licitação;R$ 1.489.309,38;R$ 1.325.000,00
 PREFEITURA MUNICIPAL DE BALNEARIO GAIVOTA;120;2024;120;2024; O presente procedimento licitatório tem como objetivo registrar preços para selecionar a proposta mais vantajosa para futuras aquisições de serviços especializados em elétrica para veículos leves, médios e pesados, a fim de atender às demandas de manutenção da frota municipal de Balneário Gaivota. Os serviços deverão ser fornecidos de forma parcelada, conforme necessidade, e em conformidade com as especificações mínimas descritas no Edital, Termo de Referência e demais anexos.; Pregão eletrônico; 11/12/2024 09:00; 28/11/2024; Prestação de serviços; MENOR PREÇO; -; FRACASSADO; -; 27/11/2024; 11/12/2024; -; Licitação;R$ 1.098.849,40; -
 PREFEITURA MUNICIPAL BALNEÁRIO GAIVOTA;119;2024;119;2024; O presente procedimento licitatório tem por objetivo registrar preços com a finalidade de selecionar a proposta mais vantajosa para futuras aquisições de Trator Agrícola destinado ao cultivo de maracujá e outras frutas. Para serem fornecidas de forma parcelada, obedecidos às especificações mínimas constantes no Edital, Termo de Referência e demais Anexos.; Pregão eletrônico; 06/12/2024 09:00; 26/11/2024; Aquisição de bens; MENOR PREÇO; -; ANULADO; 12/12/2024; 26/11/2024; 06/12/2024; -; Licitação;R$ 198.833,33; -
 PREFEITURA MUNICIPAL BALNEÁRIO GAIVOTA;118;2024;118;2024; Contratação de licenciamento para uso do software INFOCONSIG, com a finalidade de realizar o controle do uso das margens consignáveis dos seus servidores públicos, da averbação eletrônica dos contratos das Consignatárias e dos descontos consignados na sua folha de pagamento, tudo via internet.; Dispensa de licitação; -; 09/12/2024; Outros Direitos; MENOR PREÇO; 09/12/2024; HOMOLOGADO; -; 28/11/2024;  - ; -; Licitação;R$ 0,01;R$ 0,01
 PREFEITURA MUNICIPAL DE BALNEARIO GAIVOTA;117;2024;117;2024; O presente procedimento licitatório tem por objetivo registrar preços com a finalidade de selecionar a proposta mais vantajosa para futura aquisição de móveis novos para a rede municipal de ensino do município de Balneário Gaivota, com o objetivo de suprir e melhorar a infraestrutura das escolas e CEIS do município, bem como mobiliar a nova escola Tavane Graeff Costamilan á ser inaugurada promovendo o bem estar de alunos e professores, e a funcionalidade dos locais. Para serem fornecidas de form; Pregão eletrônico; 28/01/2025 09:00; 18/11/2024; Aquisição de bens; MENOR PREÇO; 19/02/2025; HOMOLOGADO; -; 18/11/2024; 28/01/2025; -; Licitação;R$ 1.052.931,18;R$ 523.202,75
 PREFEITURA MUNICIPAL BALNEÁRIO GAIVOTA;116;2024;116;2024; O presente procedimento licitatório tem por objetivo registrar preços com a finalidade de selecionar a proposta mais vantajosa para futura contratação de empresa especializada com fornecimento de material e mão de obra especializada para execução dos serviços de Pirotecnia com “fogos de baixo ruído”, em observância a Lei Municipal nº 1.102, de 2021, para atender ao evento Réveillon 2025, com duração aproximada de 07 (sete) minutos ininterruptos, a ser realizado no município de Balneário Gaivota/; Pregão eletrônico; 26/11/2024 09:00; 12/11/2024; Prestação de serviços; MENOR PREÇO; 27/11/2024; HOMOLOGADO; -; 11/11/2024; 26/11/2024; -; Licitação;R$ 46.436,55;R$ 17.800,00
 PREFEITURA MUNICIPAL BALNEÁRIO GAIVOTA;115;2024;115;2024; O presente procedimento licitatório tem por objetivo registrar preços com a finalidade de selecionar a proposta mais vantajosa para futuras aquisição de móveis para mobiliar a APAE, incluindo armários, bancadas e prateleiras de madeira e inox. Esses móveis foram selecionados para atender às necessidades específicas da instituição, proporcionando funcionalidade, durabilidade e facilidade de limpeza. A compra visa melhorar a organização e o ambiente de trabalho, facilitando o atendimento e as ativ; Pregão eletrônico; 19/11/2024 09:00; 05/11/2024; Aquisição de bens; MENOR PREÇO; 16/12/2024; HOMOLOGADO; -; 05/11/2024; 19/11/2024; -; Licitação;R$ 119.452,51;R$ 88.076,58
 PREFEITURA MUNICIPAL BALNEÁRIO GAIVOTA;114;2024;114;2024; Aquisição de kits de cesta básica, kits de limpeza e kits de higiene pessoal, tendo em vista a situação de emergência, nas áreas do município de Balneário Gaivota/SC, afetadas por desastre, tempestade local/convectiva - chuvas intensas, entre os dias 11 e 12 de maio de 2024, onde foram atingidos todos os bairros e comunidades urbanas e rurais, registrado no decreto n° 032/2024 de situação de emergência de 15/05/2024, homologado pela secretaria nacional de proteção e defesa civil do ministério da; Dispensa de licitação; 06/11/2024 00:00; 06/11/2024; Aquisição de bens; MENOR PREÇO; 06/11/2024; HOMOLOGADO; -; 06/11/2024; 06/11/2024; -; Licitação;R$ 73.233,00;R$ 73.233,00
 PREFEITURA MUNICIPAL DE BALNEARIO GAIVOTA;113;2024;113;2024; O PRESENTE PROCEDIMENTO LICITATÓRIO TEM POR OBJETIVO REGISTRAR PREÇOS COM A FINALIDADE DE SELECIONAR A PROPOSTA MAIS VANTAJOSA PARA FUTURAS AQUISIÇÕES DE TELEFONIA DESTINADAS PARA AS INSTITUIÇÕES PÚBLICAS DE BALNEÁRIO GAIVOTA. PARA SEREM FORNECIDAS DE FORMA PARCELADA, OBEDECENDO ÀS ESPECIFICAÇÕES MÍNIMAS CONSTANTES NO EDITAL, TERMO DE REFERÊNCIA E DEMAIS ANEXOS.; Dispensa eletrônica; -; 08/11/2024; Prestação de serviços; MENOR PREÇO; -; REVOGADO; -; 08/11/2024;  - ; 27/05/2025; Licitação;R$ 36.600,00; -
 PREFEITURA MUNICIPAL BALNEÁRIO GAIVOTA;112;2024;112;2024; O presente procedimento licitatório tem por objetivo registrar preços com a finalidade de selecionar a proposta mais vantajosa para futuras é a aquisição de materiais decorativos para o período natalino em Balneário Gaivota, com o objetivo de promover a decoração festiva da cidade. O município será responsável pela montagem, desmontagem e armazenamento dos itens, garantindo sua reutilização em futuras edições. obedecendo as demais especificações e condições constantes no edital e anexos, em espe; Pregão eletrônico; 14/11/2024 08:30; 02/11/2024; Aquisição de bens; MENOR PREÇO; 27/11/2024; HOMOLOGADO; -; 02/11/2024; 14/11/2024; -; Licitação;R$ 43.778,64;R$ 34.065,74
 PREFEITURA MUNICIPAL DE BALNEARIO GAIVOTA;111;2024;111;2024; O objetivo geral da contratação de manutenção de máquinas pesadas é garantir a operacionalidade contínua e eficiente desses equipamentos, visando à manutenção da qualidade e produtividade das atividades municipais que dependem dessas máquinas. Através da realização de serviços de manutenção preventiva e corretiva, buscam-se minimizar o tempo de inatividade dos equipamentos, prevenir falhas mecânicas e prolongar sua vida útil, assegurando assim a disponibilidade operacional necessária para a exec; Pregão eletrônico; 18/12/2024 09:00; 11/12/2024; Prestação de serviços; MAIOR DESCONTO POR LOTE; 23/01/2025; HOMOLOGADO; -; 01/11/2024; 18/12/2024; -; Licitação;R$ 2.127.065,97;R$ 2.127.065,97
 PREFEITURA MUNICIPAL BALNEÁRIO GAIVOTA;110;2024;110;2024; O presente procedimento licitatório tem por objetivo registrar preços com a finalidade de selecionar a proposta mais vantajosa para futuras aquisições de postes de iluminação pública devido ao desgaste das estruturas atuais, que apresentam sinais de corrosão e fragilidade, comprometendo a segurança dos transeuntes e frequentadores. A renovação dos postes garantirá uma iluminação adequada e eficiente, contribuindo para a valorização da área turística e segurança noturna. Além disso, essa medida a; Pregão eletrônico; 11/11/2024 09:00; 30/10/2024; Aquisição de bens; MENOR PREÇO; 21/11/2024; HOMOLOGADO; -; 30/10/2024; 11/11/2024; -; Licitação;R$ 364.959,84;R$ 345.504,00
 PREFEITURA MUNICIPAL BALNEÁRIO GAIVOTA;109;2024;109;2024; O objeto da presente licitação é alienação de bens imóveis de propriedade do município de Balneário Gaivota/SC, autorizada pelo legislativo através da Lei Nº 1.062, de 10 de dezembro de 2020, nas condições em que se encontram, observadas as disposições da Lei n 14.133/2021 e do Decreto Nº 022 de 12 de abril de 2023, conforme condições, quantidades e exigências estabelecidas neste Edital e seus anexos.; Leilão; 22/11/2024 09:00; 28/10/2024; Alienação de bens; MAIOR LANCE; 26/11/2024; HOMOLOGADO; -; 25/10/2024; 22/11/2024; -; Licitação;R$ 560.000,00;R$ 320.000,00
 PREFEITURA MUNICIPAL BALNEÁRIO GAIVOTA;108;2024;108;2024; O presente instrumento objetiva credenciamento de pessoa física ou jurídica para a prestação de serviços vinculados aos PROJETOS E OFICINAS VINCULADOS AO SERVIÇO DE CONVIVÊNCIA E FORTALECIMENTO DE VÍNCULOS, de acordo com as necessidades do município e segundo as condições, quantidades e exigências estabelecidas neste edital e conforme planilha especificada no Termo de Referência e demais regulamentos.; Inexigibilidade de licitação; -; 22/10/2024; Prestação de serviços; MENOR PREÇO; 30/10/2024; HOMOLOGADO; -; 22/10/2024;  - ; -; Chamada pública / credenciamento;R$ 22.500,00;R$ 22.500,00
 PREFEITURA MUNICIPAL BALNEÁRIO GAIVOTA;107;2024;107;2024; A presente dispensa de licitação tem por objetivo selecionar a proposta mais vantajosa para a futura aquisição de materiais, para transformação de 01 (um) contêiner marítimo em 04 (quatro) contêineres com a finalidade de servirem de posto guarda vidas para serem utilizados na Operação Veraneio 2024/2025 em Balneário Gaivota/SC para serem fornecidas de forma única, obedecidos às especificações mínimas constantes no Edital, Termo de Referência e demais Anexos.; Dispensa eletrônica; 30/10/2024 17:00; 24/10/2024; Aquisição de bens; MENOR PREÇO; 01/11/2024; HOMOLOGADO; -; 18/10/2024; 30/10/2024; -; Licitação;R$ 34.853,19;R$ 34.791,00
 PREFEITURA MUNICIPAL BALNEÁRIO GAIVOTA;106;2024;106;2024; O presente procedimento licitatório tem por objetivo registrar preços com a finalidade de selecionar a proposta mais vantajosa para futura aquisição de divisórias e portas para a criação de ambientes internos moduláveis. As divisórias serão de Eucatex, com espessura mínima de 10 mm e acabamento liso. As portas serão compatíveis com as divisórias, de material resistente e com sistema de fixação simples. Ambos os itens permitirão fácil instalação e remoção, possibilitando reconfiguração dos espaço; Pregão eletrônico; 31/10/2024 14:00; 17/10/2024; Aquisição de bens; MENOR PREÇO; 08/11/2024; HOMOLOGADO; -; 17/10/2024; 31/10/2024; -; Licitação;R$ 231.795,70;R$ 211.850,00
 PREFEITURA MUNICIPAL BALNEÁRIO GAIVOTA;105;2024;105;2024; O objeto geral é a contratação de empresa especializada para a prestação de serviços de higienização, manutenção preventiva e corretiva, instalação, desinstalação e recarga de gás em aparelhos de ar-condicionado da rede municipal de Balneário Gaivota. A execução dos serviços abrangerá todas as unidades públicas, incluindo escolas, postos de saúde e demais repartições municipais, visando assegurar o adequado funcionamento dos sistemas de climatização. O objetivo é proporcionar ambientes saudáveis; Pregão eletrônico; 30/10/2024 09:00; 16/10/2024; Prestação de serviços; MENOR PREÇO; 28/11/2024; HOMOLOGADO; -; 16/10/2024; 30/10/2024; -; Licitação;R$ 214.844,84;R$ 60.000,00
 PREFEITURA MUNICIPAL DE BALNEARIO GAIVOTA;103;2024;103;2024; O objeto do presente processo de licitação é a seleção da proposta mais vantajosa para Contratação de empresa especializada em medicina e segurança do trabalho incluindo os serviços de (PGR, GRO, LTCAT, CAT, PCMSO e PPP) , conforme condições, quantidades e exigências estabelecidas neste Edital e seus anexos; Pregão eletrônico; 14/02/2025 09:00; 17/12/2024; Prestação de serviços; MENOR PREÇO; -; REVOGADO; -; 03/10/2024; 14/02/2025; 25/02/2025; Licitação;R$ 57.912,72; -
 PREFEITURA MUNICIPAL BALNEÁRIO GAIVOTA;102;2024;102;2024; O objeto geral desta contratação é a aquisição de materiais decorativos para o período natalino em Balneário Gaivota, com o objetivo de promover a decoração festiva da cidade. A contratação inclui a compra de mangueiras luminosas, estrelas, anjos, trombetas, cordões de luz e estruturas metálicas, que serão utilizadas para embelezar áreas públicas e pontos turísticos. A iniciativa visa criar um ambiente acolhedor e atraente para moradores e visitantes, fortalecer o espírito natalino e estimular o; Pregão eletrônico; 10/10/2024 14:00; 26/09/2024; Aquisição de bens; MENOR PREÇO; 18/10/2024; HOMOLOGADO; -; 26/09/2024; 10/10/2024; -; Licitação;R$ 249.569,05;R$ 134.789,59
 PREFEITURA MUNICIPAL BALNEÁRIO GAIVOTA;101;2024;101;2024; O presente procedimento licitatório tem como objetivo a contratação dos serviços de uma empresa de seguro (seguradora) para os veículos de transporte escolar, que pode incluir ônibus, micro-ônibus, e veículos adaptados conforme demanda e necessidade do município de Balneário Gaivota.; Pregão eletrônico; 18/11/2024 14:00; 25/09/2024; Seguros (Obrigações); MENOR PREÇO; 27/11/2024; HOMOLOGADO; -; 25/09/2024; 18/11/2024; -; Licitação;R$ 26.359,24;R$ 25.200,00
 PREFEITURA MUNICIPAL DE BALNEARIO GAIVOTA;100;2024;100;2024; O presente procedimento licitatório tem por objetivo registrar preços com a finalidade de selecionar a proposta mais vantajosa para futuras contratações de locação, montagem e desmontagem de estruturas temporárias, como palco, palanque, tendas, tablados de madeira, estandes, grades, barricadas, entre outras, visando atender às necessidades dos diversos eventos promovidos e/ou apoiados pela Prefeitura Municipal de Balneário Gaivota. Essas estruturas serão utilizadas para garantir a infraestrutura; Pregão eletrônico; 04/10/2024 10:00; 25/09/2024; Locação; MENOR PREÇO; -; REVOGADO; -; 19/09/2024; 04/10/2024; 27/05/2025; Licitação;R$ 1.121.375,06; -
 PREFEITURA MUNICIPAL BALNEÁRIO GAIVOTA;99;2024;99;2024; O Presente procedimento licitatório tem por finalidade registrar preços no intuito de selecionar a proposta mais vantajosa para futura(s) e eventual(is) prestações de serviços de locação de banheiros químicos e lavatórios portáteis, bem como serviços de limpeza e manutenção de fossas sépticas. Os serviços serão destinados a atender os diversos eventos promovidos pelo município, além da Prefeitura, Secretarias e Entes Conveniados, bem como todas as instituições de ensino, como escolas e centros d; Pregão eletrônico; 30/09/2024 10:00; 17/09/2024; Obras e Serviços de Arquitetura e Engenharia; MENOR PREÇO; 08/11/2024; HOMOLOGADO; -; 17/09/2024; 30/09/2024; -; Licitação;R$ 793.662,46;R$ 593.438,00
 PREFEITURA MUNICIPAL BALNEÁRIO GAIVOTA;98;2024;98;2024; O presente procedimento licitatório tem por objetivo selecionar a proposta mais vantajosa para contratação de empresa especializada para construção de posto guarda vidas, com 160m², localizado na Avenida Beira Mar, consoante emendas impositivas, no município de Balneário Gaivota/SC, conforme as especificações mínimas constantes no edital, cronogramas físicos-financeiros, memoriais descritivos, planilhas orçamentárias, projetos e demais anexos.; Concorrência eletrônica; 05/11/2024 09:00; 18/10/2024; Obras e Serviços de Arquitetura e Engenharia; MENOR PREÇO; 26/11/2024; HOMOLOGADO; -; 16/09/2024; 05/11/2024; -; Licitação;R$ 401.478,74;R$ 301.109,00
 PREFEITURA MUNICIPAL BALNEÁRIO GAIVOTA;97;2024;97;2024; O objeto da licitação consiste na aquisição de produtos de limpeza, destinados a suprir as necessidades da Administração Pública. Estes produtos incluem uma variedade de itens essenciais para a higienização e manutenção de espaços públicos, tais como detergentes, desinfetantes, sabões, desengordurantes, entre outros, visando garantir a adequada limpeza e assepsia de ambientes municipais, promovendo assim a saúde e o bem-estar da comunidade. Para serem fornecidas de forma parcelada, obedecidos às; Pregão eletrônico; 27/09/2024 14:00; 16/09/2024; Aquisição de bens; MENOR PREÇO; 12/11/2024; HOMOLOGADO; -; 16/09/2024; 27/09/2024; -; Licitação;R$ 3.149.012,54;R$ 1.644.434,29
 PREFEITURA MUNICIPAL BALNEÁRIO GAIVOTA;96;2024;96;2024; O presente procedimento licitatório tem por objetivo selecionar a proposta mais vantajosa para contratação de empresa especializada para pavimentação da 5° Avenida, a obra abrange a pavimentação com blocos de concreto sextavado em uma extensão de 287,20 metros, acompanhada do assentamento de meio fio, instalação de sistema de drenagem pluvial e sinalização viária, conforme as especificações mínimas constantes no edital, cronogramas físico-financeiros, memoriais descritivos, planilhas orçamentári; Concorrência eletrônica; 27/09/2024 09:00; 12/09/2024; Obras e Serviços de Arquitetura e Engenharia; MENOR PREÇO; 01/10/2024; HOMOLOGADO; -; 12/09/2024; 27/09/2024; -; Licitação;R$ 490.568,33;R$ 404.500,00
 PREFEITURA MUNICIPAL BALNEÁRIO GAIVOTA;95;2024;95;2024; O presente pregão eletrônico tem como objetivo registrar preços no intuito de selecionar a proposta mais vantajosa para futura e eventual contratação de serviços eventuais de mão de obra de calceteiro e mão de obra de drenagens para atender o Departamento de Obras e Serviços Urbanos, compreendendo os serviços de assentamento de lajotas, meio fio e pedras irregulares (mão de obra calceteiro) e instalação de sistemas de drenagem(mão de obra para drenagens). Conforme Termo de Referência (Anexo I) e; Pregão eletrônico; 23/09/2024 09:00; 09/09/2024; Obras e Serviços de Arquitetura e Engenharia; MENOR PREÇO; 25/09/2024; HOMOLOGADO; -; 09/09/2024; 23/09/2024; -; Licitação;R$ 1.745.348,50;R$ 1.745.348,50
 PREFEITURA MUNICIPAL BALNEÁRIO GAIVOTA;94;2024;94;2024; O presente procedimento licitatório tem por objetivo registrar preços com a finalidade de selecionar a proposta mais vantajosa para futura aquisição de materiais esportivos destinados às Secretarias de Desenvolvimento Social e Esporte. Esses materiais englobam uma ampla variedade de equipamentos e acessórios voltados para a prática de atividades físicas e esportivas, adequados ao desenvolvimento das crianças. Isso pode incluir bolas de diferentes modalidades esportivas, como futebol, vôlei, basq; Pregão eletrônico; 16/09/2024 10:00; 05/09/2024; Aquisição de bens; MENOR PREÇO; 18/10/2024; HOMOLOGADO; -; 04/09/2024; 16/09/2024; -; Licitação;R$ 91.600,80;R$ 26.473,95
 PREFEITURA MUNICIPAL BALNEÁRIO GAIVOTA;93;2024;93;2024; A presente dispensa de licitação tem por objetivo selecionar a proposta mais vantajosa para a futura aquisição de sêmen bovino, que contém espermatozoides de reprodutores machos com alto padrão genético, utilizado para fins de reprodução animal, através da técnica de inseminação artificial, conforme as especificações mínimas constantes no edital, termo de referência e demais anexos.; Dispensa eletrônica; -; 12/09/2024; Aquisição de bens; MENOR PREÇO; 12/09/2024; HOMOLOGADO; -; 04/09/2024;  - ; -; Licitação;R$ 38.661,68;R$ 22.895,80
 PREFEITURA MUNICIPAL BALNEÁRIO GAIVOTA;92;2024;92;2024; O presente procedimento licitatório tem por objetivo selecionar a proposta mais vantajosa para contratação de empresa especializada para pavimentação em bloco de concreto sextavado nas ruas L, M e N, no bairro Jardim Ultramar, no município de Balneário Gaivota/SC, conforme as especificações mínimas constantes no edital, cronogramas físico-financeiros, memoriais descritivos, planilhas orçamentárias, projeto e demais anexos.; Concorrência eletrônica; 17/09/2024 09:00; 03/09/2024; Obras e Serviços de Engenharia; MENOR PREÇO; 27/09/2024; HOMOLOGADO; -; 03/09/2024; 17/09/2024; -; Licitação;R$ 390.789,75;R$ 308.300,00
 PREFEITURA MUNICIPAL BALNEÁRIO GAIVOTA;91;2024;91;2024; A presente licitação tem por objetivo registrar preços com a finalidade de selecionar a proposta mais vantajosa para a futura aquisição de uniformes destinados para os colaboradores da Prefeitura Municipal de Balneário Gaivota, conforme as especificações mínimas constantes no edital, termo de referência e demais anexos.; Dispensa de licitação; -; 06/09/2024; Aquisição de bens; MENOR PREÇO; 06/09/2024; HOMOLOGADO; -; 02/09/2024;  - ; -; Licitação;R$ 59.302,90;R$ 52.460,00
 PREFEITURA MUNICIPAL BALNEÁRIO GAIVOTA;90;2024;90;2024; O presente procedimento licitatório tem por objetivo registrar preços com a finalidade de selecionar a proposta mais vantajosa para futura execução de serviços de impressão gráfica de boletos relacionados ao IPTU, para os moradores de Balneário Gaivota. Este serviço visa assegurar que os boletos sejam produzidos com alta qualidade, mantendo a clareza das informações impressas, e que sejam entregues de forma pontual, conforme os prazos determinados. O objetivo final é facilitar o processo de paga; Pregão eletrônico; 12/09/2024 10:00; 02/09/2024; Aquisição de bens; MENOR PREÇO; 12/09/2024; HOMOLOGADO; -; 02/09/2024; 12/09/2024; -; Licitação;R$ 102.500,00;R$ 85.000,00
 PREFEITURA MUNICIPAL DE BALNEARIO GAIVOTA;89;2024;89;2024; O presente procedimento licitatório tem por finalidade selecionar a proposta mais vantajosa para futura contratação de empresa especializada para execução de obra de deslocamento de rede do sistema de iluminação pública do município, conforme nota PS: 400716625 e planilha orçamentária em anexo ao edital.; Concorrência eletrônica; 03/10/2024 10:00; 17/09/2024; Obras e Serviços de Engenharia; MENOR PREÇO; -; REVOGADO; -; 17/09/2024; 03/10/2024; 27/05/2025; Licitação;R$ 408.444,46; -
 PREFEITURA MUNICIPAL DE BALNEARIO GAIVOTA;88;2024;88;2024; CONTRATAÇÃO DE EMPRESA ESPECIALIZADA PARA FORNECIMENTO DE LICENÇA DE USO (LOCAÇÃO) DE SISTEMA INTEGRADO MULTIENTIDADES DE GESTÃO PÚBLICA MUNICIPAL, INCLUINDO AINDA SERVIÇOS NECESSÁRIOS À SUA IMPLANTAÇÃO, MANUTENÇÃO E SUPORTE TÉCNICO, CONFORME ESPECIFICAÇÕES TÉCNICAS DESTE TERMO DE REFERÊNCIA; Pregão eletrônico; 16/09/2024 09:00; 02/09/2024; Contratação de Tecnologia da informação e de Comunicação; MENOR PREÇO; -; REVOGADO; -; 01/09/2024; 16/09/2024; 03/04/2025; Licitação;R$ 607.598,27; -
 PREFEITURA MUNICIPAL BALNEÁRIO GAIVOTA;87;2024;87;2024; O presente procedimento licitatório tem por objetivo registrar preços com a finalidade de selecionar a proposta mais vantajosa para futuras aquisições de Cesta básica para o município de Balneário Gaivota, para atender a necessidade das famílias em situação de vulnerabilidade social. Para serem fornecidas de forma parcelada, obedecidos às especificações mínimas constantes no Edital, Termo de Referência e demais Anexos.; Pregão eletrônico; 11/10/2024 14:00; 28/08/2024; Aquisição de bens; MENOR PREÇO; 18/10/2024; HOMOLOGADO; -; 28/08/2024; 11/10/2024; -; Licitação;R$ 608.640,00;R$ 542.382,00
 PREFEITURA MUNICIPAL BALNEÁRIO GAIVOTA;86;2024;86;2024; O presente procedimento licitatório tem por objetivo registrar preços com a finalidade de selecionar a proposta mais vantajosa para futuros fornecimento de recargas de gás liquefeito de petróleo em botijões P13, P45, água mineral em galão de 20 litros e 500ml, com fornecimento contínuo e fracionado, conforme demanda, diretamente nas escolas municipais, nas creches, nas unidades de saúde e demais Secretarias Municipais, obedecidos as especificações mínimas constantes no Edital, Termo de Referênci; Pregão eletrônico; 09/09/2024 10:00; 27/08/2024; Aquisição de bens; MENOR PREÇO; 04/10/2024; HOMOLOGADO; -; 27/08/2024; 09/09/2024; -; Licitação;R$ 270.346,00;R$ 237.209,50
 PREFEITURA MUNICIPAL BALNEÁRIO GAIVOTA;85;2024;85;2024; O presente procedimento licitatório tem por objetivo registrar preços com a finalidade de selecionar a proposta mais vantajosa para futuras aquisições de material de construção, visando garantir a infraestrutura de construção eficiente e manutenção segura e sustentável em áreas urbanas e rurais. Para serem fornecidas de forma parcelada, obedecidos às especificações mínimas constantes no Edital, Termo de Referência e demais Anexos.; Pregão eletrônico; 25/09/2024 10:00; 11/09/2024; Aquisição de bens; MENOR PREÇO; 14/11/2024; HOMOLOGADO; -; 29/08/2024; 25/09/2024; -; Licitação;R$ 2.037.152,48;R$ 1.534.197,51
 PREFEITURA MUNICIPAL BALNEÁRIO GAIVOTA;84;2024;84;2024; O objeto geral é garantir a operacionalidade e segurança da frota de veículos da prefeitura municipal de Balneário Gaivota por meio da contratação de serviços especializados de borracharia. Isso inclui a realização de manutenções preventivas e corretivas nos pneus, abrangendo consertos, trocas e reposição de peças como câmaras, bicos e colarinhos tiptop. A empresa contratada também oferecerá serviços de deslocamento e atendimento emergencial, assegurando que todos os veículos estejam sempre em c; Pregão eletrônico; 05/09/2024 10:00; 22/08/2024; Prestação de serviços; MENOR PREÇO; 06/09/2024; HOMOLOGADO; -; 22/08/2024; 05/09/2024; -; Licitação;R$ 222.720,90;R$ 272.109,80
 PREFEITURA MUNICIPAL BALNEÁRIO GAIVOTA;83;2024;83;2024; O presente procedimento licitatório tem por objetivo registrar preços para futuras e eventuais contratações de empresa do ramo pertinente para a prestação de serviços de mão de obra de manutenção, reforma e pequenos reparos de alvenaria, pintura e etc, tudo destinado para a conservação da Prefeitura, Secretarias e Entes Conveniados, em conformidade com o termo de referência - anexo I do edital; Pregão eletrônico; 30/08/2024 10:00; 16/08/2024; Prestação de serviços; MENOR PREÇO; 02/09/2024; HOMOLOGADO; -; 16/08/2024; 30/08/2024; -; Licitação;R$ 382.313,00;R$ 279.389,00
 PREFEITURA MUNICIPAL BALNEÁRIO GAIVOTA;82;2024;82;2024; O presente procedimento licitatório tem por objetivo registrar preços com a finalidade de selecionar a proposta mais vantajosa para futura aquisição de Trator Agrícola, novo, com tração 4x4, para ser utilizado no desenvolvimento das atividades da Secretaria Municipal de Agricultura, do Município de Balneário Gaivota/SC, conforme as especificações mínimas constantes no Edital, Termo de Referência e demais Anexos.; Pregão eletrônico; 04/09/2024 14:00; 23/08/2024; Aquisição de bens; MENOR PREÇO; -; REVOGADO; -; 23/08/2024; 04/09/2024; 16/10/2024; Licitação;R$ 193.733,33; -
 PREFEITURA MUNICIPAL DE BALNEARIO GAIVOTA;81;2024;81;2024; A presente licitação tem por objetivo registrar preços com a finalidade de selecionar a proposta mais vantajosa para futura(s) e eventual(is) contratação(ões) de empresa(s) especializada(s) para prestação de serviços de manutenção preventiva e corretiva de máquinas pesadas, dos caminhões, ônibus e vans da frota do município de Balneário Gaivota/SC, compreendendo em mecânica em geral, com fornecimento de peças genuínas, originais e/ou similares e demais materiais necessários para o perfeito funci; Pregão eletrônico; 27/08/2024 09:00; 14/08/2024; Prestação de serviços; MAIOR DESCONTO POR LOTE; 04/09/2024; HOMOLOGADO; -; 13/08/2024; 27/08/2024; -; Licitação;R$ 2.001.492,00;R$ 2.001.492,00
 PREFEITURA MUNICIPAL BALNEÁRIO GAIVOTA;80;2024;80;2024; O presente pregão eletrônico tem como objetivo registrar preços no intuito de selecionar a proposta mais vantajosa para futura e eventual contratação de serviços eventuais de mão de obra de calceteiro e mão de obra de drenagens para atender o Departamento de Obras e Serviços Urbanos, compreendendo os serviços de assentamento de lajotas, meio fio e pedras irregulares (mão de obra calceteiro) e instalação de sistemas de drenagem(mão de obra para drenagens). Conforme Termo de Referência (Anexo I) e; Pregão eletrônico; 29/08/2024 14:00; 15/08/2024; Prestação de serviços; MENOR PREÇO; -; ANULADO; 06/09/2024; 12/08/2024; 29/08/2024; -; Licitação;R$ 1.745.348,50; -
 PREFEITURA MUNICIPAL BALNEÁRIO GAIVOTA;79;2024;79;2024; A presente licitação tem por objetivo registrar preços com a finalidade de selecionar a proposta mais vantajosa para futura(s) e eventual(is) aquisições de materiais elétricos para manutenção da iluminação pública municipal de Balneário Gaivota/sc. conforme quantidades e exigências estabelecidas neste edital e seus anexos; Pregão eletrônico; 25/09/2024 09:00; 12/08/2024; Obras e Serviços de Arquitetura e Engenharia; MENOR PREÇO; 31/10/2024; HOMOLOGADO; -; 12/08/2024; 25/09/2024; -; Licitação;R$ 436.027,01;R$ 189.575,00
 PREFEITURA MUNICIPAL BALNEÁRIO GAIVOTA;78;2024;78;2024; A presente dispensa de licitação tem por objetivo geral para a contratação de empresa de recolhimento de animais de grande porte no município de Balneário Gaivota é assegurar o serviço contínuo e adequado de recolhimento de animais de grande porte necessários para a manutenção da segurança pública ao longo de um período de 12 (doze) meses.; Dispensa de licitação; -; 15/08/2024; Prestação de serviços; MENOR PREÇO; 15/08/2024; HOMOLOGADO; -; 08/08/2024;  - ; -; Licitação;R$ 41.240,00;R$ 41.240,00
 PREFEITURA MUNICIPAL BALNEÁRIO GAIVOTA;77;2024;77;2024; A presente dispensa de licitação tem por objetivo selecionar a proposta mais vantajosa para a futura contratação de empresa especializada para a realização de pequenos reparos em eletrodomésticos e eletrônicos nas instituições públicas de Balneário Gaivota, conforme as especificações mínimas constantes no edital, termo de referência e demais anexos; Dispensa eletrônica; -; 08/08/2024; Prestação de serviços; MENOR PREÇO; 08/08/2024; HOMOLOGADO; -; 31/07/2024;  - ; -; Licitação;R$ 58.575,00;R$ 58.200,00
 PREFEITURA MUNICIPAL BALNEÁRIO GAIVOTA;76;2024;76;2024; A presente dispensa de licitação tem por objetivo selecionar a proposta mais vantajosa para a futura contratação de empresa especializada para a aquisição de instrumentos musicais de fanfarra visa proporcionar suporte essencial às atividades educacionais, sociais e culturais do município, conforme as especificações mínimas constantes no edital, termo de referência e demais anexos.; Dispensa eletrônica; -; 12/08/2024; Aquisição de bens; MENOR PREÇO; 12/08/2024; HOMOLOGADO; -; 30/07/2024;  - ; -; Licitação;R$ 30.704,00;R$ 30.703,98
 PREFEITURA MUNICIPAL BALNEÁRIO GAIVOTA;75;2024;75;2024; O objeto da demanda consiste na aquisição e fornecimento de utensílios de cozinha e higiene de ambientes assim como de higiene pessoal que serão destinados às escolas de Ensino Fundamental e os centros de Educação Infantil do município de Balneário Gaivota. Se faz necessário para que se mantenha a manipulação de alimentos com qualidade e segurança, realização de procedimentos de higienização e limpeza de todo o ambiente escolar assim como a garantia da higiene pessoal e melhor acolhimento dos al; Pregão eletrônico; 07/08/2024 10:00; 26/07/2024; Aquisição de bens; MENOR PREÇO; 03/09/2024; HOMOLOGADO; -; 26/07/2024; 07/08/2024; -; Licitação;R$ 341.262,72;R$ 220.496,60
 PREFEITURA MUNICIPAL BALNEÁRIO GAIVOTA;74;2024;74;2024; O presente procedimento licitatório tem por objetivo registrar preços com a finalidade de selecionar a proposta mais vantajosa para futuras aquisições de divisórias e portas para adequação de espaços internos. O objetivo é melhorar a funcionalidade e organização dos ambientes, proporcionando privacidade e isolamento acústico. As divisórias devem ser de material resistente e de fácil manutenção, atendendo às especificações técnicas e estéticas estabelecidas. As portas precisam garantir segurança ; Pregão eletrônico; 30/07/2024 10:00; 19/07/2024; Aquisição de bens; MENOR PREÇO; 08/08/2024; HOMOLOGADO; -; 18/07/2024; 30/07/2024; -; Licitação;R$ 255.569,30;R$ 205.500,00
 PREFEITURA MUNICIPAL BALNEÁRIO GAIVOTA;73;2024;73;2024; O presente procedimento licitatório tem por objetivo registrar preços para futuras e eventuais contratações de empresa do ramo pertinente para a prestação de serviços de mão de obra de manutenção, reforma e pequenos reparos de alvenaria, pintura e etc, tudo destinado para a conservação da Prefeitura, Secretarias e Entes Conveniados, em conformidade com o termo de referência - anexo I do edital; Pregão eletrônico; 09/08/2024 10:00; 25/07/2024; Prestação de serviços; MENOR PREÇO; -; REVOGADO; -; 18/07/2024; 09/08/2024; 16/08/2024; Licitação;R$ 256.283,00; -
 PREFEITURA MUNICIPAL BALNEÁRIO GAIVOTA;72;2024;72;2024; O objeto da demanda consiste na aquisição e fornecimento de utensílios de cozinha e higiene de ambientes assim como de higiene pessoal que serão destinados às escolas de Ensino Fundamental e os centros de Educação Infantil do município de Balneário Gaivota. Se faz necessário para que se mantenha a manipulação de alimentos com qualidade e segurança, realização de procedimentos de higienização e limpeza de todo o ambiente escolar assim como a garantia da higiene pessoal e melhor acolhimento dos al; Pregão eletrônico; 22/07/2024 10:00; 11/07/2024; Aquisição de bens; MENOR PREÇO; -; ANULADO; 26/07/2024; 10/07/2024; 22/07/2024; -; Licitação;R$ 341.262,72; -
 PREFEITURA MUNICIPAL DE BALNEARIO GAIVOTA;71;2024;71;2024; O presente procedimento licitatório tem por objeto selecionar a melhor proposta para a contratação de instituição de ensino especializada para a oferta de serviços educacionais na modalidade de Curso Técnico de nível médio em Enfermagem e Técnico em Radiologia, para instrumentalização do Programa Municipal de Bolsas de Estudo, com oferta de 30 (trinta) bolsas, obedecendo integralmente às condições, quantidades e seus anexos para serem fornecidos, conforme quantitativos e especificações constante; Pregão eletrônico; 19/07/2024 09:00; 05/07/2024; Prestação de serviços; MENOR PREÇO; 25/07/2024; HOMOLOGADO; -; 05/07/2024; 19/07/2024; -; Licitação;R$ 489.805,20;R$ 489.805,20
 PREFEITURA MUNICIPAL BALNEÁRIO GAIVOTA;70;2024;70;2024; O presente processo licitatório visa à contratação de Instituição do ramo pertinente para execução de Laudo para pavimentação asfáltica, contendo análises (Mecânica de Solo e Construção Civil), no Parque Industrial do Município de Balneário Gaivota/SC, com objetivo principal de confrontar os parâmetros técnicos disponíveis com a realidade de campo, visualizando o traçado atual e as perspectivas para o traçado futuro, do Município de Balneário Gaivota/SC.; Dispensa de licitação; -; 05/07/2024; Prestação de serviços; MENOR PREÇO; 05/07/2024; HOMOLOGADO; -; 05/07/2024;  - ; -; Licitação;R$ 13.961,00;R$ 13.961,00
 PREFEITURA MUNICIPAL BALNEÁRIO GAIVOTA;69;2024;69;2024; O presente procedimento licitatório tem por objetivo registrar preços com a finalidade de selecionar a proposta mais vantajosa para futura aquisição e instalação de um playground para a praça da Lagoa Cortada. Este playground visa proporcionar um espaço seguro e agradável para lazer e recreação das crianças da comunidade. O equipamento incluirá diversos brinquedos, como balanços, escorregadores e gangorras, todos com certificação de segurança. A instalação será realizada por uma empresa especial; Pregão eletrônico; 17/07/2024 09:00; 04/07/2024; Aquisição de bens; MENOR PREÇO; 25/07/2024; HOMOLOGADO; -; 04/07/2024; 17/07/2024; -; Licitação;R$ 78.656,66;R$ 44.490,00
 PREFEITURA MUNICIPAL BALNEÁRIO GAIVOTA;68;2024;68;2024; CONSTRUÇÃO DE UMA PRAÇA CENTRAL COM PAVIMENTAÇÃO EM PAVER, PAISAGISMO E ILUMINAÇÃO NO MUNICÍPIO DE BALNEÁRIO GAIVOTA/SC, CONFORME AS ESPECIFICAÇÕES MÍNIMAS CONSTANTES NO EDITAL, CRONOGRAMAS FÍSICOFINANCEIROS, MEMORIAIS DESCRITIVOS, PLANILHAS ORÇAMENTÁRIAS, PROJETOS E DEMAIS ANEXOS.; Concorrência; 16/07/2024 09:00; 02/07/2024; Prestação de serviços; MENOR PREÇO GLOBAL; 19/07/2024; HOMOLOGADO; -; 02/07/2024; 16/07/2024; -; Licitação;R$ 99.681,65;R$ 89.500,00
 PREFEITURA MUNICIPAL BALNEÁRIO GAIVOTA;67;2024;67;2024; A PRESENTE CHAMADA PÚBLICA TEM POR OBJETIVO A AQUISIÇÃO DE GÊNEROS ALIMENTÍCIOS DA AGRICULTURA FAMILIAR E EMPREENDEDOR FAMILIAR RURAL E/OU SUAS ORGANIZAÇÕES, DESTINADA AO ATENDIMENTO DO PROGRAMA NACIONAL DE ALIMENTAÇÃO ESCOLAR - PNAE, PARA     ATENDER OS ALUNOS MATRICULADOS NA REDE MUNICIPAL DE ENSINO DE BALNEARIO GAIVOTA /SC; Inexigibilidade de licitação; 15/04/2024 09:01; 25/03/2024; Aquisição de bens; MENOR PREÇO; 25/06/2024; HOMOLOGADO; -; 22/03/2024; 15/04/2024; -; Chamada pública / credenciamento;R$ 39.994,56;R$ 39.994,56
 PREFEITURA MUNICIPAL BALNEÁRIO GAIVOTA;66;2024;66;2024; A presente licitação tem por objetivo registrar preços com a finalidade de selecionar a proposta mais vantajosa para futura(s) e eventual(is) aquisições de materiais elétricos para manutenção da iluminação pública municipal de Balneário Gaivota/sc. conforme quantidades e exigências estabelecidas neste edital e seus anexos; Pregão eletrônico; 03/07/2024 10:00; 21/06/2024; Aquisição de bens; MENOR PREÇO; 25/07/2024; HOMOLOGADO; -; 21/06/2024; 03/07/2024; -; Licitação;R$ 1.150.165,00;R$ 104.374,10
 PREFEITURA MUNICIPAL BALNEÁRIO GAIVOTA;65;2024;65;2024; O objeto de contratação é a mão de obra de limpeza de 25 terrenos mensais, que envolve a remoção de resíduos, detritos, vegetação excessiva e outros materiais indesejados em áreas específicas do município de Gaivota. Este serviço é essencial para manter a estética urbana, prevenir a proliferação de pragas e doenças, e garantir a segurança e bem-estar da comunidade. A limpeza de terrenos também facilita a utilização dessas áreas para futuros projetos urbanos ou atividades comunitárias, contribuin; Dispensa de licitação; -; 27/06/2024; Contratação de serviços; MENOR PREÇO GLOBAL; 27/06/2024; HOMOLOGADO; -; 21/06/2024;  - ; -; Licitação;R$ 25.999,50;R$ 21.000,00
 PREFEITURA MUNICIPAL BALNEÁRIO GAIVOTA;64;2024;64;2024; O presente procedimento licitatório tem por objetivo selecionar a proposta mais vantajosa para contratação de empresa especializada para pavimentação asfáltica da Rua 2  no bairro Onda Azul em Balneário Gaivota, conforme as especificações mínimas constantes no edital, cronogramas físicos-financeiros, memoriais descritivos, planilhas orçamentárias, projetos e demais anexos.; Concorrência eletrônica; 08/07/2024 15:00; 24/06/2024; Prestação de serviços; MENOR PREÇO; -; REVOGADO; -; 20/06/2024; 08/07/2024; 22/08/2024; Licitação;R$ 958.509,42; -
 PREFEITURA MUNICIPAL BALNEÁRIO GAIVOTA;63;2024;63;2024; O presente procedimento licitatório tem por objetivo selecionar a proposta mais vantajosa para contratação de empresa especializada para pavimentação asfáltica da travessa 45 no bairro Rua Nova, consoante emendas impositivas no 324/2024, no município de Balneário Gaivota/SC, conforme as especificações mínimas constantes no edital, cronogramas físicos-financeiros, memoriais descritivos, planilhas orçamentárias, projetos e demais anexos; Concorrência eletrônica; 08/07/2024 09:00; 24/06/2024; Prestação de serviços; MENOR PREÇO; 10/07/2024; HOMOLOGADO; -; 17/06/2024; 08/07/2024; -; Licitação;R$ 195.024,96;R$ 194.000,00
 PREFEITURA MUNICIPAL BALNEÁRIO GAIVOTA;62;2024;62;2024; O presente procedimento licitatório tem por objetivo selecionar a proposta mais vantajosa para a contratação de empresa especializada na prestação de serviços de vigilância e segurança patrimonial presencial desarmada para atender aos prédios públicos e eventos realizados pelo município com fornecimento de todos os equipamentos, EPI´S e ferramentas necessárias à execução do serviço, obedecendo as demais especificações e condições constantes no edital e anexos, em especial as descrições do Termo ; Pregão eletrônico; 05/08/2024 14:00; 17/06/2024; Prestação de serviços; MENOR PREÇO; 08/08/2024; HOMOLOGADO; -; 17/06/2024; 05/08/2024; -; Licitação;R$ 1.347.612,00;R$ 1.094.340,00
 PREFEITURA MUNICIPAL BALNEÁRIO GAIVOTA;61;2024;61;2024; A presente dispensa de licitação tem por objetivo selecionar a proposta mais vantajosa para a futura aquisição de materiais gráficos para atender às necessidades administrativas do município de Balneário Gaivota, conforme as especificações mínimas constantes no edital, termo de referência e demais anexos.; Dispensa de licitação; -; 21/06/2024; Aquisição de bens; MENOR PREÇO; 21/06/2024; HOMOLOGADO; -; 12/06/2024;  - ; -; Licitação;R$ 58.900,00;R$ 41.894,00
 PREFEITURA MUNICIPAL DE BALNEARIO GAIVOTA;60;2024;60;2024; O presente procedimento licitatório tem por objetivo registrar preços com a finalidade de selecionar a proposta mais vantajosa para futuras aquisições de ferramentas para atender às necessidades operacionais da organização da Secretaria de Obras e Serviços Urbanos de Balneário Gaivota, garantindo equipamentos adequados para diversas atividades e projetos. Incluindo ferramentas manuais, elétricas e de jardinagem, a aquisição é essencial para manutenção, reparos e melhorias das instalações pública; Pregão eletrônico; 02/07/2024 10:00; 19/06/2024; Aquisição de bens; MENOR PREÇO; 22/09/2024; HOMOLOGADO; -; 12/06/2024; 02/07/2024; -; Licitação;R$ 145.738,68;R$ 88.511,62
 PREFEITURA MUNICIPAL BALNEÁRIO GAIVOTA;59;2024;59;2024; A presente licitação tem por objetivo registrar preços com a finalidade de selecionar a proposta mais vantajosa para futura(s) e eventual(is) aquisições de materiais elétricos para manutenção da iluminação pública municipal de Balneário Gaivota/sc. conforme quantidades e exigências estabelecidas neste edital e seus anexos; Pregão eletrônico; 21/06/2024 14:00; 11/06/2024; Aquisição de bens; MENOR PREÇO; -; ANULADO; 21/06/2024; 11/06/2024; 21/06/2024; -; Licitação;R$ 1.150.165,00; -
 PREFEITURA MUNICIPAL BALNEÁRIO GAIVOTA;58;2024;58;2024; Constitui como objeto, a alienação de bens imóveis do Município de Balneário Gaivota/SC.; Leilão; 24/06/2024 00:00; 10/06/2024; Alienação de bens; MAIOR LANCE; 24/06/2024; HOMOLOGADO; -; 10/06/2024; 24/06/2024; -; Licitação;R$ 640.000,00;R$ 80.000,00
 PREFEITURA MUNICIPAL BALNEÁRIO GAIVOTA;57;2024;57;2024; O presente procedimento licitatório tem por objetivo registrar preços com a finalidade de selecionar a proposta mais vantajosa para futuras aquisições de Equipamentos de Proteção Individual (EPIs) no município de Balneário Gaivota para garantir o fornecimento contínuo e adequado de EPIs necessários para a segurança dos trabalhadores municipais durante a manutenção da frota ao longo de um período de 12 (doze) meses. Para serem fornecidas de forma parcelada, obedecidos as especificações mínimas co; Pregão eletrônico; 21/06/2024 10:00; 07/06/2024; Aquisição de bens; MENOR PREÇO; 11/07/2024; HOMOLOGADO; -; 07/06/2024; 21/06/2024; -; Licitação;R$ 113.540,53;R$ 35.730,59
 PREFEITURA MUNICIPAL BALNEÁRIO GAIVOTA;56;2024;56;2024; A presente dispensa de licitação tem por objetivo selecionar a proposta mais vantajosa para a futura contratação de empresa especializada para a execução de obras de drenagem pluvial no parque industrial do município de Balneário Gaivota, que está em fase de construção. Essas obras incluem a instalação de sistemas de escoamento de água, bueiros, canaletas e outras infraestruturas necessárias para garantir o eficiente manejo das águas pluviais, conforme as especificações mínimas constantes no edi; Dispensa de licitação; -; 18/06/2024; Prestação de serviços; MENOR PREÇO; 18/06/2024; HOMOLOGADO; -; 07/06/2024;  - ; -; Licitação;R$ 116.591,18;R$ 104.915,88
 PREFEITURA MUNICIPAL BALNEÁRIO GAIVOTA;55;2024;55;2024;" O presente procedimento licitatório tem como finalidade estabelecer contrato de imóvel/espaço para a seleção
da proposta mais vantajosa, visando à futura e eventual contratação de imóveis/espaços para atender as
demandas de instalações físicas para a Secretaria Municipal de Turismo e Esportes de Balneário Gaivota/SC"; Inexigibilidade de licitação; -; 07/06/2024; Locação; MENOR PREÇO; 07/06/2024; HOMOLOGADO; -; 07/06/2024;  - ; -; Licitação;R$ 20.405,00;R$ 20.405,00
 PREFEITURA MUNICIPAL BALNEÁRIO GAIVOTA;54;2024;54;2024; O presente procedimento licitatório tem por objetivo registrar preços com a finalidade de selecionar a proposta mais vantajosa para à aquisição de pneus destinados à frota de veículos dos setores da administração, obras, saúde, educação e desenvolvimento social e outros serviços relacionados da entidade licitante. Esta frota abrange uma variedade de veículos, desde ambulâncias até utilitários para transporte de materiais e equipes, além de veículos utilizados em atividades administrativas e de a; Pregão eletrônico; 18/07/2024 10:00; 08/07/2024; Compras e Serviços; MENOR PREÇO; 16/09/2024; HOMOLOGADO; -; 08/07/2024; 18/07/2024; -; Licitação;R$ 1.660.990,77;R$ 992.861,16
 PREFEITURA MUNICIPAL BALNEÁRIO GAIVOTA;53;2024;53;2024; O presente procedimento licitatório tem por objetivo registrar preços com a finalidade de selecionar a proposta mais vantajosa para futuras aquisições de material esportivo para as escolas de Ensino Fundamental e os centros de Educação Infantil do município. Para serem fornecidas de forma parcelada, obedecidos as especificações mínimas constantes no Edital, Termo de Referência e demais Anexos.; Pregão eletrônico; 10/06/2024 10:00; 31/05/2024; Aquisição de bens; MENOR PREÇO; 31/07/2024; HOMOLOGADO; -; 29/05/2024; 10/06/2024; -; Licitação;R$ 63.684,03;R$ 19.964,65
 PREFEITURA MUNICIPAL BALNEÁRIO GAIVOTA;52;2024;52;2024; O presente procedimento licitatório tem por objetivo registrar preços com a finalidade de selecionar a proposta mais vantajosa para futuras aquisições de óleos, graxas, lubrificantes e aditivos para a manutenção da frota do Município de Balneário Gaivota, abrangendo os setores do Fundo Municipal de Administração e Finanças, Obras, Educação, Saúde, Agricultura, Desenvolvimento Social, Polícia Militar e Polícia Civil ao longo de um período de 12 (doze) meses. Para serem fornecidas de forma parcela; Pregão eletrônico; 10/06/2024 09:00; 29/05/2024; Aquisição de bens; MENOR PREÇO; 18/07/2024; HOMOLOGADO; -; 27/05/2024; 10/06/2024; -; Licitação;R$ 252.995,80;R$ 114.999,00
 PREFEITURA MUNICIPAL BALNEÁRIO GAIVOTA;51;2024;51;2024;" A presente dispensa de licitação tem por objetivo selecionar a proposta mais vantajosa para a futura
contratação de empresa tecnicamente especializada para a customização da viatura veículo Tracker LTZ AT
placa RYI2F49, destinados ao uso pela Polícia Militar, conforme quantitativos e especificações contidas no
Anexo I do Edital."; Dispensa de licitação; -; 07/06/2024; Prestação de serviços; MENOR PREÇO; 07/06/2024; HOMOLOGADO; -; 17/05/2024;  - ; -; Licitação;R$ 20.907,32;R$ 14.036,60
 PREFEITURA MUNICIPAL BALNEÁRIO GAIVOTA;50;2024;50;2024;" A presente dispensa de licitação tem por objetivo selecionar a proposta mais vantajosa para a futura aquisição
de rede de internet complexa para a E.E.F. Professor Darcy Ribeiro, rede Municipal de Balneário Gaivota/SC,
conforme as especificações mínimas constantes no edital, termo de referência e demais anexos."; Dispensa de licitação; -; 23/05/2024; Prestação de serviços; MENOR PREÇO; 23/05/2024; HOMOLOGADO; -; 16/05/2024;  - ; -; Licitação;R$ 25.234,85;R$ 21.963,00
 PREFEITURA MUNICIPAL BALNEÁRIO GAIVOTA;49;2024;49;2024; A presente licitação tem por finalidade selecionar a proposta mais vantajosa para futura contratação de empresa especializada para execução de obra de deslocamento de rede do sistema de iluminação pública do município, conforme nota PS: 400716618 e planilha orçamentária em anexo ao edital.; Concorrência eletrônica; 31/05/2024 10:00; 16/05/2024; Prestação de serviços; MENOR PREÇO; 17/06/2024; HOMOLOGADO; -; 15/05/2024; 31/05/2024; -; Licitação;R$ 515.477,90;R$ 360.000,00
 PREFEITURA MUNICIPAL BALNEÁRIO GAIVOTA;48;2024;48;2024; A presente dispensa de licitação tem por objetivo selecionar a proposta mais vantajosa para a futura contratação de empresa especializada para prestação de assessoria de comunicação de marketing e gerenciamento de mídias sociais, bem como, manutenção de site, conforme as especificações mínimas constantes no edital, termo de referência e demais anexos.; Dispensa de licitação; 21/05/2024 09:00; 21/05/2024; Prestação de serviços; MENOR PREÇO; 21/05/2024; HOMOLOGADO; -; 14/05/2024; 21/05/2024; -; Licitação;R$ 26.504,00;R$ 21.480,00
 PREFEITURA MUNICIPAL BALNEÁRIO GAIVOTA;47;2024;47;2024; O presente instrumento objetiva credenciamento de pessoa física ou jurídica para a prestação de serviços vinculados aos PROJETOS E OFICINAS VINCULADOS AO SERVIÇO DE CONVIVÊNCIA E FORTALECIMENTO DE VÍNCULOS E AO CENTRO DE REFERÊNCIA DA ASSISTÊNCIA SOCIAL, de acordo com as necessidades do município e segundo as condições, quantidades e exigências estabelecidas neste edital e conforme planilha especificada no Termo de Referência e demais regulamentos.; Inexigibilidade de licitação; -; 15/05/2024; Prestação de serviços; MENOR PREÇO; 15/05/2024; HOMOLOGADO; -; 02/05/2024;  - ; -; Chamada pública / credenciamento; -; -
 PREFEITURA MUNICIPAL BALNEÁRIO GAIVOTA;46;2024;46;2024;" O objeto da presente dispensa de licitação a contratação emergencial de empresa especializada de engenharia para realização de reparação das saídas de água na Avenida Beira Mar, Village Dunas reserva especial;  na Avenida Beira Mar, Village Dunas norte; Av. Beira Mar com Rua Tubarão, Balneário Santa Fé;  na Av. Beira Mar com Rua Criciúma, Balneário Santa Fé; na Av. Beira Mar, Fernão Capelo, recuperação da Rua 2 com Av. Beira Mar; restabelecimento da calçada e drenagem da Estrada Jorge Floriano B"; Dispensa de licitação; -; 24/04/2024; Contratação de serviços; MENOR PREÇO; 24/04/2024; HOMOLOGADO; -; 24/04/2024;  - ; -; Licitação;R$ 474.969,51;R$ 474.969,51
 PREFEITURA MUNICIPAL BALNEÁRIO GAIVOTA;45;2024;45;2024; O presente procedimento licitatório tem por objetivo registrar preços com a finalidade de selecionar a proposta mais vantajosa para futuro fornecimento parcelado de material britado, para uso na manutenção da rede viária municipal, espaços públicos, logradouros públicos e melhoria de acessos a propriedades rurais, conforme exigências estabelecidas neste Edital e seus anexos, em especial as constantes no Termo de Referência - Anexo I.; Pregão eletrônico; 14/05/2024 09:00; 22/04/2024; Prestação de serviços; MENOR PRECO POR ITEM; 22/05/2024; HOMOLOGADO; -; 22/04/2024; 14/05/2024; -; Licitação; -; -
 PREFEITURA MUNICIPAL BALNEÁRIO GAIVOTA;44;2024;44;2024; REFERENTE AQUISIÇÃO DE UNIFORMES ESCOLARES PARA OS ALUNOS DA REDE MUNICIPAL DE ENSINO, NAS CONDIÇÕES FIXADAS NO EDITAL PARA SEREM FORNECIDOS, CONFORME ESPECIFICAÇÕES TÉCNICAS.; Pregão eletrônico; 29/04/2024 14:00; 17/04/2024; Compras e Serviços; MENOR PREÇO POR LOTE; 14/05/2024; HOMOLOGADO; -; 17/04/2024; 29/04/2024; -; Licitação; -; -
 PREFEITURA MUNICIPAL BALNEÁRIO GAIVOTA;43;2024;43;2024; A presente dispensa de licitação tem por objetivo selecionar a proposta mais vantajosa para a futura contratação de empresa tecnicamente especializada para a customização da viatura veículo Tracker LTZ AT placa RYI2F49, destinados ao uso pela Polícia Militar, conforme quantitativos e especificações contidas no Anexo I do Edital.; Dispensa de licitação; -; 16/04/2024; Compras e Serviços; MENOR PREÇO; -; FRACASSADO; -; 16/04/2024;  - ; -; Licitação;R$ 19.955,33; -
 PREFEITURA MUNICIPAL BALNEÁRIO GAIVOTA;42;2024;42;2024; O presente procedimento licitatório tem por objetivo selecionar a proposta mais vantajosa para contratação de serviços de arbitragem e suporte técnico para realização dos campeonatos do município de Balneário Gaivota no ano de 2024/2025 de diversas modalidades, conforme especificações constantes no termo de referência e demais condições do edital e anexos; Pregão eletrônico; 30/04/2024 14:00; 16/04/2024; Prestação de serviços; MENOR PREÇO; 09/05/2024; HOMOLOGADO; -; 16/04/2024; 30/04/2024; -; Licitação; -; -
 PREFEITURA MUNICIPAL BALNEÁRIO GAIVOTA;41;2024;41;2024; O presente procedimento licitatório tem por objetivo registrar preços com a finalidade de selecionar a proposta mais vantajosa para futuras aquisições de tênis escolares destinados aos alunos da rede municipal de ensino fundamental/infantil matriculados no ano letivo de 2024 do município de Balneário Gaivota/SC. As aquisições serão realizadas de forma parcelada, observando-se as especificações mínimas constantes no Edital, Termo de Referência e demais Anexos pertinentes ao processo licitatório.; Pregão eletrônico; 30/04/2024 09:00; 15/04/2024; Compras e Serviços; MENOR PREÇO; -; REVOGADO; -; 15/04/2024; 30/04/2024; 19/07/2024; Licitação;R$ 163.500,00; -
 PREFEITURA MUNICIPAL BALNEÁRIO GAIVOTA;40;2024;40;2024; O presente procedimento licitatório tem por objetivo registrar preços com a finalidade de selecionar a proposta mais vantajosa para futuras aquisições de gêneros alimentícios para merenda escolar da rede municipal de ensino fundamental/infantil assim como atender a recomendação do Programa Nacional de Alimentação Escolar (PNAE) e suas resoluções vigentes, para serem fornecidas de forma parcelada, obedecidos as especificações mínimas constantes no Edital, Termo de Referência e demais Anexos.; Pregão eletrônico; 24/04/2024 08:00; 12/04/2024; Compras e Serviços; MENOR PREÇO; 04/06/2024; HOMOLOGADO; -; 12/04/2024; 24/04/2024; -; Licitação;R$ 3.529.109,20;R$ 2.344.392,80
 PREFEITURA MUNICIPAL BALNEÁRIO GAIVOTA;39;2024;39;2024; A presente dispensa de licitação tem por objetivo selecionar a proposta mais vantajosa para a futura contratação de empresa especializada para aquisição de  material esportivo para as Escolas de Ensino Fundamental Albino Bernardino de Melo e Professor Darcy Ribeiro, conforme as especificações mínimas constantes no edital, termo de referência e demais anexos.; Dispensa de licitação; -; 12/04/2024; Compras e Serviços; MENOR PREÇO; -; REVOGADO; -; 11/04/2024;  - ; 17/04/2024; Licitação; -; -
 PREFEITURA MUNICIPAL BALNEÁRIO GAIVOTA;38;2024;38;2024; A presente licitação tem por finalidade selecionar a proposta mais vantajosa para futura contratação de empresa especializada para execução de obra de deslocamento de rede do sistema de iluminação pública do município, conforme nota PS: 400716618 e planilha orçamentária em anexo ao edital.; Concorrência; 29/04/2024 08:00; 12/04/2024; Contratação de serviços; MENOR PREÇO; -; ANULADO; 06/05/2024; 10/04/2024; 29/04/2024; -; Licitação; -; -
 PREFEITURA MUNICIPAL BALNEÁRIO GAIVOTA;37;2024;37;2024; Constitui como objeto, a alienação de bens imóveis do Município de Balneário Gaivota/SC, no estado em que se encontram, nos termos da Lei Municipal nº 1.062, DE 2020, Lei Municipal nº 1.129, de 2021 c/c com o art. 79, inciso II da Lei Federal nº 14.133, de 2021 e conforme especificações constantes no anexo I deste edital.; Leilão; 15/05/2024 10:00; 10/04/2024; Alienação de bens; MAIOR LANCE; 15/05/2024; HOMOLOGADO; -; 10/04/2024; 15/05/2024; -; Licitação;R$ 1.440.000,00;R$ 885.000,00
 PREFEITURA MUNICIPAL BALNEÁRIO GAIVOTA;36;2024;36;2024; A presente dispensa de licitação tem por objetivo selecionar a proposta mais vantajosa para a futura contratação de empresa especializada para prestação de serviços topográficos, conforme as especificações mínimas constantes nesse edital, termo de referência e demais anexos; Dispensa de licitação; 15/04/2024 14:00; 15/04/2024; Contratação de serviços; MENOR PREÇO; 15/04/2024; HOMOLOGADO; -; 09/04/2024; 15/04/2024; -; Licitação;R$ 46.985,33;R$ 46.800,00
 PREFEITURA MUNICIPAL BALNEÁRIO GAIVOTA;35;2024;35;2024; A presente licitação tem por objetivo registrar preços com a finalidade de selecionar a proposta mais vantajosa para futura(s) e eventual(is) aquisições de materiais elétricos para manutenção da iluminação pública municipal de Balneário Gaivota/sc. conforme quantidades e exigências estabelecidas neste edital e seus anexos; Pregão eletrônico; 19/04/2024 09:00; 09/04/2024; Compras e Serviços; MENOR PRECO POR ITEM; -; REVOGADO; -; 08/04/2024; 19/04/2024; 04/06/2024; Licitação;R$ 1.150.165,00; -
 PREFEITURA MUNICIPAL BALNEÁRIO GAIVOTA;33;2024;33;2024; REFERENTE AQUISIÇÃO DE UNIFORMES ESCOLARES PARA OS ALUNOS DA REDE MUNICIPAL DE ENSINO, NAS CONDIÇÕES FIXADAS NO EDITAL PARA SEREM FORNECIDOS, CONFORME ESPECIFICAÇÕES TÉCNICAS.; Pregão eletrônico; 12/04/2024 09:00; 02/04/2024; Compras e Serviços; MENOR PREÇO POR LOTE; -; REVOGADO; -; 01/04/2024; 12/04/2024; 22/08/2024; Licitação;R$ 668.833,40; -
 PREFEITURA MUNICIPAL BALNEÁRIO GAIVOTA;32;2024;32;2024; O presente instrumento objetiva credenciamento de pessoa física ou jurídica para a prestação de serviços vinculados aos PROJETOS E OFICINAS VINCULADOS AO SERVIÇO DE CONVIVÊNCIA E FORTALECIMENTO DE VÍNCULOS E AO CENTRO DE REFERÊNCIA DA ASSISTÊNCIA SOCIAL, de acordo com as necessidades do município e segundo as condições, quantidades e exigências estabelecidas neste edital e conforme planilha especificada no Termo de Referência e demais regulamentos.; Inexigibilidade de licitação; -; 22/04/2024; Contratação de serviços; MENOR PREÇO; 22/04/2024; HOMOLOGADO; -; 27/03/2024;  - ; -; Chamada pública / credenciamento;R$ 115.200,00;R$ 75.600,48
 PREFEITURA MUNICIPAL BALNEÁRIO GAIVOTA;31;2024;31;2024; A presente dispensa de licitação tem por objetivo selecionar a proposta mais vantajosa para a futura contratação de empresa especializada para prestação de assessoria de comunicação de marketing e gerenciamento de mídias sociais, conforme as especificações mínimas constantes no edital, termo de referência e demais anexos.; Dispensa de licitação; 15/04/2024 14:00; 08/04/2024; Prestação de serviços; MENOR PREÇO; -; REVOGADO; -; 26/03/2024; 15/04/2024; 19/04/2024; Licitação;R$ 26.504,00; -
 PREFEITURA MUNICIPAL BALNEÁRIO GAIVOTA;30;2024;30;2024; Aquisição de kit de limpeza, tendo em vista o desastre ocorrido no município, na qual diversas residências foram atingidas fazendo com que os habitantes perdessem seus objetos de limpeza, vítimas atingidas pelas fortes chuvas e ventos ocorridos em 18/11/2023 no município de Balneário Gaivota/SC, registrado no Decreto n° 081/2023 de situação de emergência de 18/11/2023, homologado pela Secretaria Nacional de Proteção e Defesa Civil do Ministério da Integração e do Desenvolvimento Regional através; Dispensa de licitação; -; 26/03/2024; Compras e Serviços; MENOR PREÇO; 26/03/2024; HOMOLOGADO; -; 26/03/2024;  - ; -; Licitação;R$ 58.144,00;R$ 58.144,00
 PREFEITURA MUNICIPAL BALNEÁRIO GAIVOTA;29;2024;29;2024; A presente dispensa de licitação tem por objetivo selecionar a proposta mais vantajosa para a futura contratação de empresa especializada para a reforma da cobertura/arquibancada do campo de futebol Domingos da Silva, conforme as especificações mínimas constantes no edital, termo de referência e demais anexos; Dispensa de licitação; -; 01/04/2024; Contratação de serviços; MENOR PREÇO; 01/04/2024; HOMOLOGADO; -; 25/03/2024;  - ; -; Licitação;R$ 14.833,33;R$ 14.300,00
 PREFEITURA MUNICIPAL BALNEÁRIO GAIVOTA;28;2024;28;2024; Aquisição de kit higiene pessoal, tendo em vista o desastre ocorrido no município, na qual diversas residências foram atingidas fazendo com que os habitantes perdessem seus objetos de uso pessoal, vítimas atingidas pelas fortes chuvas e ventos ocorridos em 18/11/2023 no município de Balneário Gaivota/SC, registrado no Decreto n° 081/2023 de situação de emergência de 18/11/2023, homologado pela Secretaria Nacional de Proteção e Defesa Civil do Ministério da Integração e do Desenvolvimento Regiona; Dispensa de licitação; -; 25/03/2024; Compras e Serviços; MENOR PREÇO; 25/03/2024; HOMOLOGADO; -; 25/03/2024;  - ; -; Licitação;R$ 105.984,00;R$ 105.984,00
 PREFEITURA MUNICIPAL BALNEÁRIO GAIVOTA;27;2024;27;2024; O presente processo licitatório visa a Locação de imóvel, visando o atendimento de demandas para instalação física da Secretaria Municipal de Educação, para o ano de 2024, especialmente quanto a demanda de sala para oferta de Oficinas de Artes, para os alunos do contra turno, da Escola de Ensino Fundamental Professor Darcy Ribeiro, pois, a escola não possui mais espaço, para comportar tal demanda.; Inexigibilidade de licitação; -; 25/03/2024; Locação; MENOR PREÇO; 25/03/2024; HOMOLOGADO; -; 25/03/2024;  - ; -; Licitação;R$ 14.500,00;R$ 14.500,00
 PREFEITURA MUNICIPAL BALNEÁRIO GAIVOTA;26;2024;26;2024; O presente processo licitatório visa a Locação de imóvel, tipo casa administrativa, visando o atendimento de demandas para instalação física da Secretaria da Cultura, especialmente quanto às demandas da Biblioteca Pública Municipal, no que se referem à alocação de espaços de salas de estudos, laboratórios e recepção, para o ano de 2024.; Inexigibilidade de licitação; -; 25/03/2024; Locação; MENOR PREÇO; 25/03/2024; HOMOLOGADO; -; 25/03/2024;  - ; -; Licitação;R$ 17.500,00;R$ 17.500,00
 PREFEITURA MUNICIPAL BALNEÁRIO GAIVOTA;25;2024;25;2024; O presente processo licitatório visa a Locação de imóvel, visando o atendimento de demandas para instalação física do Conselho Tutelar Municipal, para o ano de 2024.; Inexigibilidade de licitação; -; 25/03/2024; Locação; MENOR PREÇO; 25/03/2024; HOMOLOGADO; -; 25/03/2024;  - ; -; Licitação;R$ 13.500,00;R$ 13.500,00
 PREFEITURA MUNICIPAL DE BALNEARIO GAIVOTA;24;2024;24;2024; A PRESENTE CHAMADA PÚBLICA TEM POR OBJETIVO A AQUISIÇÃO DE GÊNEROS ALIMENTÍCIOS DA AGRICULTURA FAMILIAR E EMPREENDEDOR FAMILIAR RURAL E/OU SUAS ORGANIZAÇÕES, DESTINADA AO ATENDIMENTO DO PROGRAMA NACIONAL DE ALIMENTAÇÃO ESCOLAR - PNAE, PARA     ATENDER OS ALUNOS MATRICULADOS NA REDE MUNICIPAL DE ENSINO DE BALNEARIO GAIVOTA /SC; Inexigibilidade de licitação; 15/04/2024 09:01; 09/05/2024; Aquisição de bens; SEM COMPETITIVIDADE - Qtd. rateada; 09/05/2024; HOMOLOGADO; -; 22/03/2024; 15/04/2024; -; Chamada pública / credenciamento;R$ 588.396,50;R$ 499.988,25
 PREFEITURA MUNICIPAL BALNEÁRIO GAIVOTA;23;2024;23;2024;" A presente dispensa de licitação tem por objetivo selecionar a proposta mais vantajosa para a futura
contratação de empresa especializada para prestação de serviços de manutenção e aquisição de cercas e portões
de PVC, das escolas: Escola de Ensino Fundamental Albino Bernardino de Melo e Escola de Ensino
Fundamental Professor Darcy Ribeiro da rede Municipal de Balneário Gaivota/SC, conforme as especificações
mínimas constantes no edital, termo de referência e demais anexos"; Dispensa de licitação; -; 22/03/2024; Prestação de serviços; MENOR PREÇO; -; DESERTO; -; 22/03/2024;  - ; -; Licitação;R$ 16.510,00; -
 CAMARA MUNICIPAL DE BALNEARIO GAIVOTA;23;2024;23;2024; CONTRATAÇÃO DE EMPRESA ESPECIALIZADA PARA MINISTRAR CURSOS , 02 INSCRIÇÃO  VEREADOR ,.  FELIPE AGOSTINHO SANTOS, , E ASSESSOR DA PRESIDÊNCIA RODRIGO GUERREIRA  NO CURSO  GOVERNACIA E TRANSPARENCIA NO PERIODO DE ENCERRAMENTO DE MANDATO NOS DIA 26 A 29 DE NOVEMBRO NA CIDADE DE FLORIANOPOLIS SC CONFORME ANEXO DESTE PROCESSO; Inexigibilidade de licitação; -; -; Prestação de serviços; MAIOR OFERTA; 19/11/2024; HOMOLOGADO; -; 13/11/2024;  - ; -; Contratação direta;R$ 2.980,00;R$ 2.980,00
 PREFEITURA MUNICIPAL BALNEÁRIO GAIVOTA;22;2024;22;2024; AQUISIÇÃO DE CESTAS BÁSICAS, TENDO EM VISTA O DESASTRE OCORRIDO NO MUNICÍPIO, NA QUAL DIVERSAS RESIDÊNCIAS FORAM ATINGIDAS FAZENDO COM QUE OS HABITANTES PERDESSEM SEUS GÊNEROS ALIMENTÍCIOS, VÍTIMAS ATINGIDAS PELAS FORTES CHUVAS E VENTOS OCORRIDOS EM 18/11/2023 NO MUNICÍPIO DE BALNEÁRIO GAIVOTA/SC, REGISTRADO NO DECRETO N° 081/2023 DE SITUAÇÃO DE EMERGÊNCIA DE 18/11/2023, HOMOLOGADO PELA SECRETARIA NACIONAL DE PROTEÇÃO E DEFESA CIVIL DO MINISTÉRIO DA INTEGRAÇÃO E DO DESENVOLVIMENTO REGIONAL ATRAV; Dispensa de licitação; -; 21/03/2024; Compras e Serviços; MENOR PREÇO; 21/03/2024; HOMOLOGADO; -; 21/03/2024;  - ; -; Licitação; -; -
 CAMARA MUNICIPAL DE BALNEARIO GAIVOTA;22;2024;22;2024; AQUISIÇÃO DE 12 CADEIRAS POLTRONAS MODELO DIRETOR , E UMA CEDERIA POLTRONA MODELO PRESIDENTE.  APOIO DE BRAÇO CONFORTÁVEL, BASE GIRATÓRIA, EM TECIDO  NYLON POLIÉSTER,   PESO SUPORTÁVEL 120 KG  NA COR PRETO.; Dispensa de licitação; -; -; Aquisição de bens; MENOR PREÇO GLOBAL; 19/11/2024; HOMOLOGADO; -; 11/11/2024;  - ; -; Contratação direta;R$ 9.568,00;R$ 9.177,09
 PREFEITURA MUNICIPAL BALNEÁRIO GAIVOTA;21;2024;21;2024; O presente procedimento licitatório tem por objetivo registrar preços com a finalidade de selecionar a proposta mais vantajosa para futuras aquisições de gêneros alimentícios para merenda escolar da rede municipal de ensino fundamental/infantil assim como atender a recomendação do Programa Nacional de Alimentação Escolar (PNAE) e suas resoluções vigentes, para serem fornecidas de forma parcelada, obedecidos as especificações mínimas constantes no Edital, Termo de Referência e demais Anexos.; Pregão eletrônico; 11/04/2024 09:00; 18/03/2024; Compras e Serviços; MENOR PREÇO; -; ANULADO; 12/04/2024; 18/03/2024; 11/04/2024; -; Licitação; -; -
 CAMARA MUNICIPAL DE BALNEARIO GAIVOTA;21;2024;21;2024; CONTRATAÇÃO DE EMPRESA ESPECIALIZADA PARA MINISTRAR CURSOS , 02 INSCRIÇÃO  VEREADOR ,.  FELIPE AGOSTINHO SANTOS, , E ASSESSOR DA PRESIDÊNCIA RODRIGO GUERREIRA  NO CURSO  MASTER CLASS ENCERRAMENTO E TRANSIÇÃO DE MANDATO NOS DIAS 22 A 25 DE OUTUBRO DE 2024 NA CIADADE DE FLORIANOPOLIS SC; Inexigibilidade de licitação; -; -; Prestação de serviços; MAIOR OFERTA; 23/10/2024; HOMOLOGADO; -; 21/10/2024;  - ; -; Licitação;R$ 3.580,00;R$ 3.580,00
 PREFEITURA MUNICIPAL BALNEÁRIO GAIVOTA;20;2024;20;2024; A presente dispensa de licitação tem por objetivo selecionar a proposta mais vantajosa para a futura contratação de empresa especializada para prestação de serviços de manutenção em algerosas, rufos, pingadeiros, calhas, e calhas embutidas nas escolas infantil/fundamental da rede Municipal de Balneário Gaivota/SC, conforme as especificações mínimas constantes no edital, termo de referência e demais anexos.; Dispensa de licitação; -; 25/03/2024; Prestação de serviços; MENOR PREÇO; 25/03/2024; HOMOLOGADO; -; 18/03/2024;  - ; -; Licitação;R$ 14.566,66;R$ 14.200,00
 CAMARA MUNICIPAL DE BALNEARIO GAIVOTA;20;2024;20;2024; AQUISIÇÃO DE PASTAS DE ARQUIVO; Dispensa de licitação; -; -; Prestação de serviços; MENOR PREÇO GLOBAL; 21/10/2024; HOMOLOGADO; -; 01/10/2024;  - ; -; Contratação direta;R$ 3.000,00;R$ 3.000,00
 CAMARA MUNICIPAL DE BALNEARIO GAIVOTA;19;2024;19;2024; PELA DESPESA EMPENHADA REF, AQUISIÇÃO DE 100 LIVROS MEDIDO 14 X 21 COM 72 PAGINAS COM CAPA SIMPLES NA COR AZUL COM  LOGO DA CAMARA DE VEREADORES DE USO GERAL DESTA  CASA LEGISLATIVA; Dispensa de licitação; -; 20/08/2024; Prestação de serviços; MENOR PREÇO GLOBAL; 19/08/2024; HOMOLOGADO; -; 19/08/2024;  - ; -; Contratação direta;R$ 2.250,00;R$ 2.250,00
 PREFEITURA MUNICIPAL BALNEÁRIO GAIVOTA;19;2024;19;2024; O objeto da presente dispensa de licitação a contratação emergencial de empresa especializada de engenharia para realização de drenagem pluvial das ruas M e N no bairro Jardim Ultramar no município de Balneário Gaivota/SC.; Dispensa de licitação; -; -; Prestação de serviços; MENOR PREÇO; 13/03/2024; HOMOLOGADO; -; 13/03/2024;  - ; -; Licitação;R$ 29.634,95;R$ 29.634,95
 CAMARA MUNICIPAL DE BALNEARIO GAIVOTA;18;2024;18;2024; APARELHO TELEFÓNICO CELULAR MÓVEL (SMARTPHONE) – Android; Dispensa de licitação; -; 20/08/2024; Aquisição de bens; MENOR PREÇO; 19/08/2024; HOMOLOGADO; -; 19/08/2024;  - ; -; Contratação direta;R$ 2.899,00;R$ 2.899,00
 PREFEITURA MUNICIPAL BALNEÁRIO GAIVOTA;18;2024;18;2024; A presente contratação tem como objetivo, a contratação de empresa detentora de profissional especializado com habilitação em direito e inscrito nos quadros da Ordem dos Advogados do Brasil – OAB, para execução de serviços técnicos jurídicos advocatícios e contábeis, sob a modalidade de assessoria e consultoria tributária com execução direta, para a cobrança judicial e/ou administrativa e a recuperação do Imposto Sobre Serviços de Qualquer Natureza (ISSQN), incidentes sobre as tarifas e operaçõe; Inexigibilidade de licitação; -; -; Prestação de serviços; MENOR PREÇO; 12/03/2024; HOMOLOGADO; -; 12/03/2024;  - ; -; Licitação;R$ 5.000,00;R$ 5.000,00
 CAMARA MUNICIPAL DE BALNEARIO GAIVOTA;17;2024;17;2024; CONTRATAÇÃO DE EMPRESA ESPECIALIZADA PARA MINISTRAR CURSOS , 02 INSCRIÇÃO  VEREADOR ,.  FELIPE AGOSTINHO SANTOS, , E ASSESSOR DA PRESIDÊNCIA RODRIGO GUERREIRA  NO CURSO  O FUNCIONAMENTO DAS CAMARAS MUNICIPAIS NO PERIODO ELEITORAL CUIDADOS E LIMITES LEGAIS CONFORME FOLDER EM ANEXO   NOS DIAS 13 A 16 DE AGOSTO 2024; Inexigibilidade de licitação; -; 09/08/2024; Prestação de serviços; MELHOR TECNICA; 09/08/2024; HOMOLOGADO; -; 02/08/2024;  - ; -; Licitação;R$ 2.980,00;R$ 2.980,00
 PREFEITURA MUNICIPAL BALNEÁRIO GAIVOTA;17;2024;17;2024; O presente processo licitatório visa a contratação de serviços técnicos especializados de prestação de serviços técnicos na configuração e parametrização nos cadastros dos sistemas de folha de pagamento para integração com o sistema da contabilidade, na geração dos arquivos para importação dos lançamentos de Provisão de Férias e 13º salário e integração para geração dos empenhos. Configuração do sistema Folha de Pagamento para geração dos dados de pessoal via Enfinge e Esocial, assessoramento e ; Inexigibilidade de licitação; -; 11/03/2024; Prestação de serviços; MENOR PREÇO; 11/03/2024; HOMOLOGADO; -; 11/03/2024;  - ; -; Licitação;R$ 38.000,00;R$ 38.000,00
 CAMARA MUNICIPAL DE BALNEARIO GAIVOTA;16;2024;16;2024; Dois APARELHO TELEFÓNICO CELULAR MÓVEL (SMARTPHONE) – Android; Dispensa de licitação; -; -; Aquisição de bens; MENOR PREÇO; 19/07/2024; HOMOLOGADO; -; 15/07/2024;  - ; -; Contratação direta;R$ 5.758,20;R$ 5.758,20
 PREFEITURA MUNICIPAL DE BALNEARIO GAIVOTA;16;2024;16;2024; O presente processo licitatório visa a contratação de serviços técnicos especializados de assessoramento com relação aos aspectos legais, regulamentares e de controles internos, bem como, assessoria e consultoria no setor tributário, para a Prefeitura Municipal de Balneário Gaivota/SC, de acordo com o programa de trabalho a ser elaborado pelos técnicos responsáveis, em conjunto com a prefeitura.; Inexigibilidade de licitação; -; 11/03/2024; Prestação de serviços; MENOR PREÇO; 11/03/2024; HOMOLOGADO; -; 11/03/2024;  - ; -; Licitação;R$ 46.200,00;R$ 46.200,00
 CAMARA MUNICIPAL DE BALNEARIO GAIVOTA;15;2024;15;2024; Ar condicionado, 9.000 btu, QUENTA/FRIO para ser instalado na sala da PRESEIDENCIA .; Dispensa de licitação; -; -; Aquisição de bens; MENOR PRECO POR ITEM; 19/07/2024; HOMOLOGADO; -; 15/07/2024;  - ; -; Contratação direta;R$ 2.361,00;R$ 0,00
 PREFEITURA MUNICIPAL DE BALNEARIO GAIVOTA;15;2024;15;2024;" Contratação de serviços jurídicos especializados para assessoria, consultoria, orientação, assistência técnica e operacional em licitações e contratações públicas, compreendendo: diagnóstico de contratações públicas; assessoria permanente aos processos licitatórios com emissão de parecer jurídico fundamentado; atuação presencial para saneamento de dúvidas a equipe de compras e licitações; elaboração de editais de licitação;"; Inexigibilidade de licitação; -; 11/03/2024; Prestação de serviços; MENOR PREÇO; 11/03/2024; HOMOLOGADO; -; 11/03/2024;  - ; -; Licitação;R$ 79.000,00;R$ 79.000,00
 CAMARA MUNICIPAL DE BALNEARIO GAIVOTA;14;2024;14;2024; CONTRATAÇÃO DE EMPRESA ESPECIALIZADA PARA MINISTRAR CURSOS , 10 INSCRIÇÃO  VEREADOR ,.  FELIPE AGOSTINHO SANTOS, ANDERSON JOAQUIM, MANOEL SILVEIRA, PAULO ROBERTO, MARIA LEANDRO, JAISON LEAL, JOSIMAR BORGES, E ASSESSOR DA PRESIDÊNCIA RODRIGO GUERREIRA E OS FUNCIONÁRIOS EFETIVOS ARLEU MOZAR, PAULO MARTINS NO CURSO  CONTROLE INTERNO, FINANÇAS PUBLICAS, E ENCERRAMENTO DE MANDATO CONFORME FOLDER EM ANEXO   NOS DIAS 23 A 26 DE JULHO  DE 2024; Inexigibilidade de licitação; -; 19/07/2024; Prestação de serviços; MELHOR PRECO E TECNICA; 19/07/2024; HOMOLOGADO; -; 10/07/2024;  - ; -; Licitação;R$ 13.900,00;R$ 13.900,00
 PREFEITURA MUNICIPAL BALNEÁRIO GAIVOTA;14;2024;14;2024; O PRESENTE PROCEDIMENTO LICITATÓRIO TEM POR OBJETIVO A CONTRATAÇÃO DE  EMPRESA ESPECIALIZADA EM ENGENHARIA PARA REPARO E PINTURAS DE PAREDES DANIFICADAS NA ESCOLA DARCY RIBEIRO NO MUNICÍPIO DE BALNEÁRIO GAIVOTA/SC.; Dispensa de licitação; -; -; Prestação de serviços; MENOR PREÇO; 13/03/2024; HOMOLOGADO; -; 13/03/2024;  - ; -; Licitação;R$ 206.085,47;R$ 206.085,47
 PREFEITURA MUNICIPAL BALNEÁRIO GAIVOTA;13;2024;13;2024; O PRESENTE PROCEDIMENTO LICITATÓRIO TEM POR OBJETIVO REGISTRAR PREÇOS COM A FINALIDADE DE SELECIONAR A PROPOSTA MAIS VANTAJOSA PARA FUTURA E EVENTUAL CONTRATAÇÃO DE EMPRESA(S) TECNICAMENTE ESPECIALIZADA(S) NA CONFECÇÃO DE UNIFORMES DESTINADOS AOS COLABORADORES VINCULADOS A SECRETARIA MUNICIPAL DE EDUCAÇÃO QUE EXERCEM OS CARGOS DE MANIPULADORES DE ALIMENTOS E AUXILIAR DE SERVIÇOS GERAIS CONFORME EXIGÊNCIA DA ANVISA RDC 216 DE 2004 E VISA DURANTE O ANO DE 2024.; Pregão eletrônico; 19/03/2024 09:00; 08/03/2024; Prestação de serviços; MENOR PREÇO GLOBAL; 09/04/2024; HOMOLOGADO; -; 06/03/2024; 19/03/2024; -; Licitação; -; -
 CAMARA MUNICIPAL DE BALNEARIO GAIVOTA;13;2024;13;2024; CONTRATAÇÃO DE EMPRESA ESPECIALIZADA PARA MINISTRAR CURSOS , 2 INSCRIÇÃO  VEREADOR ,.  FELIPE AGOSTINHO SANTOS, E ASSESSOR DA PRESIDÊNCIA RODRIGO GUERREIRA NO CURSO  AVALIAÇÃO DO MANDATO LEGISLAÇÃO ELEITORAL E PAUTAS PARA E ENCERRAMENTO DE MANDATO  NOS DIAS 25 A 28 DE JUNHO  DE 2024; Inexigibilidade de licitação; -; 21/06/2024; Prestação de serviços; MELHOR PRECO E TECNICA; 21/06/2024; HOMOLOGADO; -; 10/06/2024;  - ; -; Licitação;R$ 2.980,00;R$ 2.980,00
 CAMARA MUNICIPAL DE BALNEARIO GAIVOTA;12;2024;12;2024; CONTRATAÇÃO DE EMPRESA ESPECIALIZADA PARA MINISTRAR CURSOS , 6 INSCRIÇÃO  VEREADOR ,SR JAISON LEAL PEREIRA, MARIA LEANDRO NUNES, JOSIMAR RAMOS BORGES, PAULO ROBERTO DA SILVA.  FELIPE AGOSTINHO SANTOS, E ASSESSOR DA PRESIDÊNCIA RODRIGO GUERREIRA NO CURSO  ÉTICA E COMPLIANCE NAS CAMARAS MUNICIPAIS NOS DIAS 23 A 26 DE ABRIL DE 2024; Inexigibilidade de licitação; -; 15/04/2024; Prestação de serviços; MELHOR TECNICA; 15/04/2024; HOMOLOGADO; -; 09/04/2024;  - ; -; Licitação;R$ 5.940,00;R$ 5.940,00
 PREFEITURA MUNICIPAL BALNEÁRIO GAIVOTA;12;2024;12;2024; CONSTITUI OBJETO DA PRESENTE DISPENSA DE LICITAÇÃO A CONTRATAÇÃO EMERGENCIAL DE EMPRESA ESPECIALIZADA DE ENGENHARIA PARA REPARO DA RODOVIA JORGE FLORIANO, COM 9,20M DE EXTENSÃO, NO BAIRRO RIO NOVO, NO MUNICÍPIO DE BALNEÁRIO GAIVOTA/SC.; Dispensa de licitação; -; -; Prestação de serviços; MENOR PREÇO; 23/02/2024; HOMOLOGADO; -; 22/02/2024;  - ; -; Licitação;R$ 54.049,65;R$ 54.049,65
 CAMARA MUNICIPAL DE BALNEARIO GAIVOTA;11;2024;11;2024; O OBJETO DO PRESENTE PROCEDIMENTO É A ESCOLHA DA PROPOSTA MAIS VANTAJOSA PARA A CONTRATAÇÃO, POR DISPENSA DE LICITAÇÃO, DE EMPRESA PARA AQUISIÇÃO DE PASSAGENS AÉREAS – IDA E VOLTA – DE  FLORIANÓPOLIS  SC, BRASÍLIA DF PARA 08 (OITO)PARTICIPANTES DA XXV  MARCHA A BRASÍLIA  REALIZADO PELA CNM – CONFEDERAÇÃO NACIONAL DE  MUNICÍPIOS , COM SAÍDA DE FLORIANOPOLIS NO DIA 19 DE MAIO E RETORNO DE BRASILIA  NO DIA 23 DE MAIO E 2024. COM CRITÉRIO DE JULGAMENTO MENOR PREÇO, NA HIPÓTESE DO ART. 75, INCISO II.; Dispensa de licitação; 10/04/2024 08:00; 10/04/2024; Prestação de serviços; MENOR PREÇO; 10/04/2024; HOMOLOGADO; -; 03/04/2024; 10/04/2024; -; Licitação;R$ 23.477,12;R$ 24.255,84
 FUNDO MUNICIPAL DE SAUDE BALNEARIO GAIVOTA;11;2024;11;2024; O objeto do presente credenciamento, por meio de procedimento auxiliar, é a seleção da proposta mais vantajosa para a CONTRATAÇÃO DE SERVIÇOS DE INTERNAÇÃO PARA REABILITAÇÃO DE DEPENDENTES QUÍMICOS, TANTO MASCULINOS COMO FEMININOS. Isso inclui assistência a dependentes químicos, com o uso e desenvolvimento de atividades para prevenção e recuperação do abuso de drogas, através de clínica especializada, conforme demanda da Secretaria Municipal de Saúde de Balneário Gaivota/SC, de acordo com as con; Inexigibilidade de licitação; -; 18/12/2024; Prestação de serviços; SEM COMPETITIVIDADE - Qtd. fixa; 07/02/2025; HOMOLOGADO; -; 17/12/2024;  - ; -; Chamada pública / credenciamento;R$ 83.999,70;R$ 83.999,70
 PREFEITURA MUNICIPAL DE BALNEARIO GAIVOTA;11;2024;11;2024; TEM POR OBJETO A PRESENTE INEXIGIBILIDADE, A CONTRATAÇÃO DA APRESENTAÇÃO ARTÍSTICA DE JEITO LOUCO, RECONHECIDO E CONSAGRADO PELA CRÍTICA ESPECIALIZADA E PELA OPINIÃO PÚBLICA NO ÂMBITO NACIONAL, COM DURAÇÃO MÍNIMA DE 01H30MIN, QUE SERÁ REALIZADO NO DIA 12 DE FEVEREIRO DE 2024, NO EVENTO DE VERÃO, NESTE MUNICÍPIO.; Inexigibilidade de licitação; -; 09/02/2024; Prestação de serviços; MENOR PREÇO; 09/02/2024; HOMOLOGADO; -; 09/02/2024;  - ; -; Licitação;R$ 12.000,00;R$ 12.000,00
 CAMARA MUNICIPAL DE BALNEARIO GAIVOTA;10;2024;10;2024; prestação dos serviços de radiodifusão em frequência modulada (FM), para inserções diárias de 30 segundos, com conteúdos informados pela casa legislativa; Dispensa de licitação; -; 05/03/2024; Prestação de serviços; MENOR PREÇO GLOBAL; 05/03/2024; HOMOLOGADO; -; 22/02/2024;  - ; -; Licitação; -; -
 FUNDO MUNICIPAL SAÚDE BALNEÁRIO GAIVOTA;10;2024;10;2024; prestação dos serviços de Diagnóstico em Laboratório Clínico no atendimento aos serviços de saúde ofertados pela Rede Municipal de Saúde aos usuários do SUS - Sistema Único de Saúde, usando como referência os procedimentos e valores do Grupo 2, Subgrupo 2, constantes na tabela de exames laboratoriais do Sistema de Informações Ambulatoriais do Sistema Único de Saúde (SIA/SUS) - Tabela Unificada de Procedimentos (SIGTAP); Inexigibilidade de licitação; -; -; Prestação de serviços; SEM COMPETITIVIDADE - Qtd. fixa; 09/12/2024; HOMOLOGADO; -; 06/12/2024;  - ; -; Chamada pública / credenciamento;R$ 25.703,40;R$ 25.703,40
 PREFEITURA MUNICIPAL DE BALNEARIO GAIVOTA;10;2024;10;2024; TEM POR OBJETO A PRESENTE INEXIGIBILIDADE, A CONTRATAÇÃO DA APRESENTAÇÃO ARTÍSTICA MARI & RAFA, RECONHECIDO E CONSAGRADO PELA CRÍTICA ESPECIALIZADA E PELA OPINIÃO PÚBLICA NO ÂMBITO NACIONAL, COM DURAÇÃO MÍNIMA DE 01H45MIN, QUE SERÁ REALIZADO NO DIA 12 DE FEVEREIRO DE 2024, NO EVENTO DE VERÃO, NESTE MUNICÍPIO.; Inexigibilidade de licitação; -; 09/02/2024; Prestação de serviços; MENOR PREÇO; 09/02/2024; HOMOLOGADO; -; 09/02/2024;  - ; -; Licitação;R$ 9.000,00;R$ 6.000,00
 CAMARA MUNICIPAL DE BALNEARIO GAIVOTA;9;2024;9;2024; CONTRATAÇÃO DE EMPRESA ESPECIALIZADA PARA MINISTRAR CURSOS , 4 INSCRIÇÃO  VEREADOR ,SR JAISON LEAL PEREIRA, MARIA LEANDRO NUNES, JOSIMAR RAMOS BORGES, PAULO ROBERTO DA SILVA.  NO CURSO  MASTERCLASS LEGISLATIVA: ESTRATÉGIAS E PRÁTICAS PARA VEREADORES E SERVIDORES EM ANO ELEITORA. VALOR DO CURSO 1.290,00 CADA ISNCRIÇÃO TOTALIZANDO 5.160,00 (CINCO MIL CENTO E SESSENTA REAIS); Inexigibilidade de licitação; -; 27/02/2024; Prestação de serviços; MELHOR PRECO E TECNICA; 27/02/2024; HOMOLOGADO; -; 20/02/2024;  - ; -; Licitação; -; -
 FUNDO MUNICIPAL SAÚDE BALNEÁRIO GAIVOTA;9;2024;9;2024; O presente procedimento licitatório tem como finalidade estabelecer registros de preços para a seleção da proposta mais vantajosa, visando à futura e eventual aquisição de material médico hospitalar para atender as demandas da Secretaria Municipal de saúde de Balneário Gaivota/SC.; Pregão eletrônico; 01/11/2024 09:00; 01/11/2024; Aquisição de bens; MENOR PREÇO; 03/12/2024; HOMOLOGADO; -; 27/09/2024; 01/11/2024; -; Licitação;R$ 2.330.811,56;R$ 1.009.733,70
 PREFEITURA MUNICIPAL DE BALNEARIO GAIVOTA;9;2024;9;2024; TEM POR OBJETO A PRESENTE INEXIGIBILIDADE, A CONTRATAÇÃO DA APRESENTAÇÃO ARTÍSTICA YONARA & JARDEL, RECONHECIDO E CONSAGRADO PELA CRÍTICA ESPECIALIZADA E PELA OPINIÃO PÚBLICA NO ÂMBITO NACIONAL, COM DURAÇÃO MÍNIMA DE 01H40MIN, QUE SERÁ REALIZADO NO DIA 09 DE FEVEREIRO DE 2024, NO EVENTO DE VERÃO, NESTE MUNICÍPIO.; Inexigibilidade de licitação; -; 09/02/2024; Prestação de serviços; MENOR PREÇO; 09/02/2024; HOMOLOGADO; -; 09/02/2024;  - ; -; Licitação;R$ 9.000,00;R$ 9.000,00
 CAMARA MUNICIPAL DE BALNEARIO GAIVOTA;8;2024;8;2024; Contratação de empresa  especializada em fornecimento de internet banda larga por meio de link dedicado com acesso via fibra óptica, e equipamentos em regime de comodato, para atender a Câmara Municipal de Balneário Gaivota.; Dispensa de licitação; -; 27/02/2024; Prestação de serviços; MENOR PREÇO; 27/02/2024; HOMOLOGADO; -; 15/02/2024;  - ; -; Licitação; -; -
 FUNDO MUNICIPAL SAÚDE BALNEÁRIO GAIVOTA;8;2024;8;2024; A presente dispensa de licitação tem por objetivo estabelecer registros de preços para a seleção da proposta mais vantajosa, visando o serviço de locação ou aluguel de impressoras, multifuncionais, scanners e outros equipamentos relacionados à impressão e digitalização, para atender a demanda da Secretaria Municipal de saúde de Balneário Gaivota/SC.; Dispensa de licitação; 27/09/2024 15:01; 01/10/2024; Locação; MENOR PREÇO; 01/10/2024; HOMOLOGADO; -; 24/09/2024; 27/09/2024; -; Licitação;R$ 39.600,00;R$ 39.600,00
 PREFEITURA MUNICIPAL DE BALNEARIO GAIVOTA;8;2024;8;2024; TEM POR OBJETO A PRESENTE INEXIGIBILIDADE, A CONTRATAÇÃO DA APRESENTAÇÃO ARTÍSTICA DE NANDA VIRTUOZO, RECONHECIDO E CONSAGRADO PELA CRÍTICA ESPECIALIZADA E PELA OPINIÃO PÚBLICA NO ÂMBITO NACIONAL, COM DURAÇÃO MÍNIMA DE 02H00MIN, QUE SERÁ REALIZADO NO DIA 31 DE JANEIRO DE 2024, NO EVENTO DE VERÃO, NESTE MUNICÍPIO; Inexigibilidade de licitação; -; 31/01/2024; Contratação de serviços; MENOR PREÇO; 31/01/2024; HOMOLOGADO; -; 30/01/2024;  - ; -; Licitação;R$ 11.000,00;R$ 11.000,00
 PREFEITURA MUNICIPAL BALNEÁRIO GAIVOTA;7;2024;7;2024; CONTRATAÇÃO DO SISTEMA DENOMINADO PORTAL DE COMPRAS PÚBLICAS, PARA REALIZAÇÃO DE LICITAÇÃO EM MEIO DIGITAL, POR INTERMÉDIO DA REDE MUNDIAL DE COMPUTADORES, ESPECIFICAMENTE NA MODALIDADE PREGÃO, EM TODAS AS SUAS FORMAS. ESTA CONTRATAÇÃO TORNA-SE NECESSÁRIO PARA ATENDER A NECESSIDADE DE REALIZAÇÃO DE LICITAÇÃO EM MEIO DIGITAL, COM PADRONIZAÇÃO DE PROCEDIMENTOS, UNIFICAÇÃO DE BANCO DE DADOS E MAIS EFICIÊNCIA NAS COMPRAS PÚBLICAS E AUMENTO DA COMPETITIVIDADE; Dispensa de licitação; -; 30/01/2024; Compras e Serviços; MENOR PREÇO; 30/01/2024; HOMOLOGADO; -; 30/01/2024;  - ; -; Licitação; -; -
 CAMARA MUNICIPAL DE BALNEARIO GAIVOTA;7;2024;7;2024;" serviços de segurança eletrônica monitorada através do sistema de comunicação eletrônica de segurança (Via rádio), incluindo alarmes, visitas eventuais ao local e presença imediata de vigilantes ""no local"" quando constatadas ocorrências de violação do imóvel do (a) contratante situado no endereço  deste contrato."; Dispensa de licitação; -; 19/02/2024; Prestação de serviços; MENOR PREÇO; 19/02/2024; HOMOLOGADO; -; 09/02/2024;  - ; -; Licitação; -; -
 FUNDO MUNICIPAL SAÚDE BALNEÁRIO GAIVOTA;7;2024;7;2024; A presente dispensa de licitação tem por objetivo selecionar a proposta mais vantajosa para a futura contratação de empresa especializada para fornecer gás oxigênio medicinal, conforme as especificações mínimas constantes no edital, termo de referência e demais anexos.; Dispensa eletrônica; -; 08/08/2024; Prestação de serviços; MENOR PREÇO; 08/08/2024; HOMOLOGADO; -; 02/08/2024;  - ; -; Licitação;R$ 50.540,00;R$ 47.436,30
 PREFEITURA MUNICIPAL BALNEÁRIO GAIVOTA;6;2024;6;2024; O PRESENTE PROCEDIMENTO LICITATÓRIO TEM POR OBJETIVO REGISTRAR PREÇOS COM A FINALIDADE DE SELECIONAR A PROPOSTA MAIS VANTAJOSA PARA FUTURA E EVENTUAL CONTRATAÇÃO DE EMPRESA(S) TECNICAMENTE ESPECIALIZADA(S) NA LOCAÇÃO, MONTAGEM E DESMONTAGEM DE ESTRUTURAS DE SONORIZAÇÃO PROFISSIONAL, ILUMINAÇÃO PROFISSIONAL, TRIOS ELÉTRICOS E OUTRAS ESTRUTURAS TEMPORÁRIAS, PARA ATENDER AOS DIVERSOS EVENTOS PROMOVIDOS E/OU APOIADOS PELA PREFEITURA MUNICIPAL DE BALNEÁRIO GAIVOTA/SC, CONFORME QUANTIDADES E EXIGÊNCIA; Pregão eletrônico; 16/02/2024 08:00; 30/01/2024; Prestação de serviços; MENOR PREÇO GLOBAL; 16/02/2024; HOMOLOGADO; -; 30/01/2024; 16/02/2024; -; Licitação; -; -
 CAMARA MUNICIPAL DE BALNEARIO GAIVOTA;6;2024;6;2024; CONTRATAÇÃO DE EMPRESA ESPECIALIZADA PARA MINISTRAR CURSOS; Inexigibilidade de licitação; -; 19/02/2024; Prestação de serviços; MENOR PREÇO; 19/02/2024; HOMOLOGADO; -; 07/02/2024;  - ; -; Licitação; -; -
 FUNDO MUNICIPAL SAÚDE BALNEÁRIO GAIVOTA;6;2024;6;2024; A presente dispensa de licitação tem por objetivo selecionar a proposta mais vantajosa para a futura contratação de empresa especializada para fornecer gás oxigênio medicinal, conforme as especificações mínimas constantes no edital, termo de referência e demais anexos.; Dispensa eletrônica; -; 29/07/2024; Prestação de serviços; MENOR PREÇO; -; AGUARDANDO ABERTURA; -; 15/07/2024;  - ; -; Licitação;R$ 50.540,00; -
 CAMARA MUNICIPAL DE BALNEARIO GAIVOTA;5;2024;5;2024; Empresa juridica serviços de transmissão contínua (streaming), via internet simultânea nas redes sociais da câmara pelas plataformas Youtube/Facebook/instagram e site da Câmara https://www.camaragaivota.sc.gov.br/gravação das sessões ordinárias e extraordinárias da Câmara Municipal, bem como outras reuniões legislativas de interesse público, em atendimento ao princípio constitucional da transparência e da publicidade.; Dispensa de licitação; -; 15/02/2024; Prestação de serviços; MENOR PREÇO GLOBAL; 15/02/2024; HOMOLOGADO; -; 06/02/2024;  - ; -; Licitação; -; -
 FUNDO MUNICIPAL SAÚDE BALNEÁRIO GAIVOTA;5;2024;5;2024; O presente instrumento objetiva credenciamento de empresa especializada para a contratação de serviços de castração de animais. A finalidade é controlar a população animal, melhorar a saúde pública e o bem-estar dos animais. A contratação inclui o fornecimento de materiais, mão de obra qualificada e cuidados pós-operatórios. As castrações serão realizadas em locais designados e horários pré-estabelecidos. A ação visa atender a demanda de castração de cães e gatos de comunidades específicas.; Inexigibilidade de licitação; -; 22/08/2024; Contratação de serviços; MENOR PREÇO; 22/08/2024; HOMOLOGADO; -; 04/07/2024;  - ; -; Chamada pública / credenciamento;R$ 149.160,00;R$ 149.160,00
 PREFEITURA MUNICIPAL DE BALNEARIO GAIVOTA;5;2024;5;2024; TEM POR OBJETO A PRESENTE INEXIGIBILIDADE, A CONTRATAÇÃO DA APRESENTAÇÃO ARTÍSTICA JULIANA POLONIO, RECONHECIDO E CONSAGRADO PELA CRÍTICA ESPECIALIZADA E PELA OPINIÃO PÚBLICA NO ÂMBITO NACIONAL, COM DURAÇÃO MÍNIMA DE 02H00MIN, QUE SERÁ REALIZADO NO DIA 24 DE JANEIRO DE 2024, NO EVENTO DE VERÃO, NESTE MUNICÍPIO.; Inexigibilidade de licitação; -; 24/01/2024; Prestação de serviços; MENOR PREÇO; 24/01/2024; HOMOLOGADO; -; 24/01/2024;  - ; -; Licitação;R$ 3.500,00;R$ 3.500,00
 CAMARA MUNICIPAL DE BALNEARIO GAIVOTA;4;2024;4;2024; Contratação de Pessoa Jurídica para Serviços de fornecimento de combustível,gasolina comum  na bomba; Dispensa de licitação; -; 15/02/2024; Compras e Serviços; MENOR PREÇO GLOBAL; 15/02/2024; HOMOLOGADO; -; 06/02/2024;  - ; -; Licitação; -; -
 FUNDO MUNICIPAL SAÚDE BALNEÁRIO GAIVOTA;4;2024;4;2024; O presente processo licitatório visa à contratação para a realização de processo seletivo para contratação de agentes de endemias e agentes comunitários de saúde. Este processo visa selecionar profissionais qualificados para desempenhar atividades específicas dentro dessas áreas, como vigilância, prevenção e controle de doenças endêmicas, bem como a promoção da saúde e prevenção de doenças na comunidade. Os candidatos serão avaliados com base em critérios como experiência, habilidades técnicas e; Dispensa de licitação; -; 04/06/2024; Prestação de serviços; MENOR PREÇO GLOBAL; 04/06/2024; HOMOLOGADO; -; 04/06/2024;  - ; -; Contratação direta;R$ 42.000,00;R$ 42.000,00
 PREFEITURA MUNICIPAL DE BALNEARIO GAIVOTA;4;2024;4;2024;" TEM POR OBJETO A PRESENTE INEXIGIBILIDADE, A CONTRATAÇÃO DA APRESENTAÇÃO ARTÍSTICA DE WAGNER FERMINO SCARSI ""NEGUINHO"", RECONHECIDO E CONSAGRADO PELA CRÍTICA ESPECIALIZADA E PELA OPINIÃO PÚBLICA NO ÂMBITO NACIONAL, COM DURAÇÃO MÍNIMA DE 02H00MIN, QUE SERÁ REALIZADO NO DIA 24 DE JANEIRO DE 2024, NO EVENTOS DE VERÃO, NESTE MUNICÍPIO."; Inexigibilidade de licitação; -; 24/01/2024; Prestação de serviços; MENOR PREÇO; 24/01/2024; HOMOLOGADO; -; 24/01/2024;  - ; -; Licitação;R$ 8.000,00;R$ 8.000,00
 FUNDO MUNICIPAL SAÚDE BALNEÁRIO GAIVOTA;3;2024;3;2024; O presente processo licitatório visa a Locação de imóvel, visando atender as demandas de instalações físicas para a Secretaria Municipal de Saúde de Balneário Gaivota/SC, para o ano de 2024.; Inexigibilidade de licitação; -; 25/03/2024; Locação; MENOR PREÇO; 25/03/2024; HOMOLOGADO; -; 25/03/2024;  - ; -; Licitação; -; -
 CAMARA MUNICIPAL DE BALNEARIO GAIVOTA;3;2024;3;2024; Contratação de empresa para fornecimento de Portal WEBCÂMARA, SOFTWARE DE PROCESSO LEGISTATIVO, PROTOCOLO, VOTAÇÃO ELETRÔNICA, TRANSMISSÃO AO VIVO DAS SESSÕES, ASSINADOR E CERTIVICADOS DIGITAL, em conformidades com as exigências dos órgãos fiscalizadores. A empresa deverá converter todos os conteúdos já existentes nos software utilizado, fornecer suporte das 08:00 horas ás 18:00 horas, treinamento in-loco, durante o período de 30 dias.; Dispensa de licitação; -; 15/02/2024; Prestação de serviços; MENOR PREÇO; 15/02/2024; HOMOLOGADO; -; 01/02/2024;  - ; -; Licitação; -; -
 PREFEITURA MUNICIPAL BALNEÁRIO GAIVOTA;3;2024;3;2024; O PRESENTE PROCESSO LICITATÓRIO VISA À CONTRATAÇÃO DE UMA INSTITUIÇÃO ESPECIALIZADA PARA A PRESTAÇÃO DE SERVIÇOS DE FORMAÇÃO CONTINUADA PARA OS DOCENTES DO MUNICÍPIO, INCLUINDO AVALIAÇÃO PROCESSUAL E DIAGNÓSTICA PARA O APRIMORAMENTO DOS ESTUDOS DOS PROFISSIONAIS DE BALNEÁRIO GAIVOTA/SC.; Dispensa de licitação; -; 23/01/2024; Prestação de serviços; MENOR PREÇO; 23/01/2024; HOMOLOGADO; -; 18/01/2024;  - ; -; Licitação;R$ 49.253,46;R$ 49.253,46
 FUNDO MUNICIPAL SAÚDE BALNEÁRIO GAIVOTA;2;2024;2;2024; O PRESENTE INSTRUMENTO OBJETIVA CREDENCIAMENTO DE EMPRESA ESPECIALIZADA PARA A CONFECÇÃO E FORNECIMENTO, ATRAVÉS DE AQUISIÇÃO PARCELADA, SOB DEMANDA, DE PRÓTESE DENTÁRIA MAXILAR E MANDIBULAR DO TIPO PRÓTESE TOTAL E PRÓTESE PARCIAL REMOVÍVEL, INCLUINDO CONSERTO E REEMBASAMENTO, CONFORME CONDIÇÕES, QUANTIDADES E EXIGÊNCIAS ESTABELECIDAS NESTE INSTRUMENTO.; Inexigibilidade de licitação; -; 21/03/2024; Prestação de serviços; MENOR PREÇO; 21/03/2024; HOMOLOGADO; -; 21/03/2024;  - ; -; Chamada pública / credenciamento; -; -
 CAMARA MUNICIPAL DE BALNEARIO GAIVOTA;2;2024;2;2024; ar condicionado, 9.000 btu,; Dispensa de licitação; -; -; Compras e Serviços; MAIOR OFERTA; 01/02/2024; HOMOLOGADO; -; 01/02/2024;  - ; -; Contratação direta; -; -
 PREFEITURA MUNICIPAL DE BALNEARIO GAIVOTA;2;2024;2;2024; CONTRATAÇÃO DE SHOW ARTÍSTICO COM GRUPO MUSICAL SANDRO ALEXANDRE COELHO  PARA APRESENTAÇÃO NO DIA 17 DE JANEIRO DE 2024, PROGRAMAÇÃO DE EVENTOS DE VERÃO DO MUNICÍPIO DE BALNEÁRIO GAIVOTA/SC.; Inexigibilidade de licitação; -; 17/01/2024; Contratação de serviços; MENOR PREÇO; 17/01/2024; HOMOLOGADO; -; 17/01/2024;  - ; -; Licitação;R$ 10.000,00;R$ 10.000,00
 FUNDO MUNICIPAL SAÚDE BALNEÁRIO GAIVOTA;1;2024;1;2024; O PRESENTE INSTRUMENTO OBJETIVA CREDENCIAMENTO DE EMPRESA ESPECIALIZADA PARA A CONFECÇÃO E FORNECIMENTO, ATRAVÉS DE AQUISIÇÃO PARCELADA, SOB DEMANDA, DE PRÓTESE DENTÁRIA MAXILAR E MANDIBULAR DO TIPO PRÓTESE TOTAL E PRÓTESE PARCIAL REMOVÍVEL, INCLUINDO CONSERTO E REEMBASAMENTO, CONFORME CONDIÇÕES, QUANTIDADES E EXIGÊNCIAS ESTABELECIDAS NESTE INSTRUMENTO; Inexigibilidade de licitação; -; 09/02/2024; Prestação de serviços; MENOR PREÇO; 09/02/2024; HOMOLOGADO; -; 01/02/2024;  - ; -; Chamada pública / credenciamento; -; -
 CAMARA MUNICIPAL DE BALNEARIO GAIVOTA;1;2024;1;2024; INSCRIÇÃO DO VEREADOR PRESIDENTE SR FELIPE AGOSTINHO SANTOS E A ASSESSORA JURIDA NATANE COSTAMILAN  NO CURSO  DE LICITAÇÕES E CONTRATOS EM ANO ELEITORAL:FISCALIZAÇÃO POR PARTE DO LEGISLATIVO E A NOVA LEI DE LICITAÇÕES PARA VEREADOR NOS DIAS 23 A 26 DE JANEIRO DE, PARA  SERVIDORES E VEREADORES DO MUNICÍPIO DE BALNEÁRIO GAIVOTA SC. VALOR DO CURSO 1.190,00 CADA ISNCRIÇÃO TOTALIZANDO 2.380,00.; Inexigibilidade de licitação; -; 22/01/2024; Prestação de serviços; MENOR PREÇO; 22/01/2024; AGUARDANDO ABERTURA; -; 19/01/2024;  - ; -; Licitação; -; -
 PREFEITURA MUNICIPAL BALNEÁRIO GAIVOTA;1;2024;1;2024; O OBJETO DA PRESENTE DISPENSA É A SELEÇÃO DA PROPOSTA MAIS VANTAJOSA PARA A FUTURA CONTRATAÇÃO DE EMPRESA TECNICAMENTE ESPECIALIZADA NA LOCAÇÃO DE SISTEMA DE SONORIZAÇÃO E TRIO ELÉTRICO MÉDIO PORTE, PARA ATENDER AOS DIVERSOS EVENTOS PROMOVIDOS E/OU APOIADOS PELA PREFEITURA MUNICIPAL DE BALNEÁRIO GAIVOTA/SC, CONFORME QUANTITATIVOS E ESPECIFICAÇÕES CONTIDAS NO ANEXO I DO EDITAL.; Dispensa de licitação; -; 19/01/2024; Contratação de serviços; MENOR PREÇO; 19/01/2024; HOMOLOGADO; -; 15/01/2024;  - ; -; Licitação;R$ 59.800,00;R$ 59.000,00
 PREFEITURA MUNICIPAL BALNEÁRIO GAIVOTA;95;2023;95;2023; CONSTITUI DO OBJETO DESTE CONTRATO, A PRESTAÇÃO, POR PARTE DA CONTRATADA, DO SERVIÇO DENOMINADO SERVIÇO DE TRANSPORTE DE DADOS - LAN2LAN, OFERECIDA PELA EMPRESA POR DIVERSOS MEIOS, COMO FIBRA ÓTICA E/OU VIA RÁDIO, EM REGIME DE COMODATO, DENTRO DA ÁREA DE ATUAÇÃO DA CONTRATADA.; Dispensa de licitação; -; -; Prestação de serviços; MENOR PREÇO; 04/01/2024; HOMOLOGADO; -; 28/12/2023;  - ; -; Licitação; -; -
 PREFEITURA MUNICIPAL BALNEÁRIO GAIVOTA;94;2023;94;2023; REFERENTE CONTRATAÇÃO DE SERVIÇOS CONTINUADOS DE TECNOLOGIA DA INFORMAÇÃO E COMUNICAÇÃO, PELA CONTRATADA, AOS SISTEMAS: DIÁRIO OFICIAL DOS MUNICÍPIOS DE SANTA CATARINA - CIGA DOM/SC, GESTÃO TRIBUTÁRIA: GESTÃO DO SIMPLES NACIONAL - CIGA SIMPLES, GESTÃO TRIBUTÁRIA: GESTÃO DO CADASTRADO INTEGRADO MUNICIPAL - CIGA CIM.; Dispensa de licitação; -; -; Contratação de serviços; MENOR PREÇO; -; AGUARDANDO; -; 28/12/2023;  - ; -; Licitação; -; -
 PREFEITURA MUNICIPAL BALNEÁRIO GAIVOTA;93;2023;93;2023; CONTRATO DE RATEIO TEM POR OBJETO A ENTREGA DE RECURSOS FINANCEIROS A SEREM DISPONIBILIZADOS PELO CONTRATANTE AO CONSÓRCIO PÚBLICO CONTRATADO DURANTE O EXERCÍCIO DE 2024.; Dispensa de licitação; -; 28/12/2023; Contrato de rateio (Consórcios públicos); MENOR PREÇO; 28/12/2023; HOMOLOGADO; -; 28/12/2023;  - ; -; Licitação; -; -
 PREFEITURA MUNICIPAL BALNEÁRIO GAIVOTA;92;2023;92;2023; CONTRATAÇÃO DE SHOW ARTÍSTICO COM GRUPO MUSICAL MATUSA PARA APRESENTAÇÃO NO DIA 31 DE DEZEMBRO DE 2023, PROGRAMAÇÃO DE FINAL DE ANO DO MUNICÍPIO DE BALNEÁRIO GAIVOTA/SC.; Inexigibilidade de licitação; -; -; Contratação de serviços; MENOR PREÇO; -; AGUARDANDO; -; 27/12/2023;  - ; -; Licitação; -; -
 PREFEITURA MUNICIPAL BALNEÁRIO GAIVOTA;91;2023;91;2023; O PRESENTE PROCEDIMENTO LICITATÓRIO TEM POR OBJETO A SELEÇÃO DA PROPOSTA MAIS VANTAJOSA PARA A FUTURA CONTRATAÇÃO DE EMPRESA/PROFISSIONAL HABILITADO EM EDUCAÇÃO FÍSICA PARA ATUAR NO PROJETO TIGRINHOS POR 20 (HORAS) SEMANAIS E NO PROJETO GAIVOTINHA POR 10 (DEZ) HORAS SEMANAIS, TOTALIZANDO 30 (TRINTA) HORAS SEMANAIS EM CONFORMIDADE COM O DESCRITO NO ANEXO I – TERMO DE REFERÊNCIA E DEMAIS ANEXOS.; Convite; 09/01/2024 14:00; 28/12/2023; Contratação de serviços; MENOR PREÇO; 09/01/2024; HOMOLOGADO; -; 28/12/2023; 09/01/2024; -; Licitação; -; -
 PREFEITURA MUNICIPAL BALNEÁRIO GAIVOTA;90;2023;90;2023; REFERENTE CONTRATAÇÃO DE EMPRESA ESPECIALIZADA PARA FORNECER EM LOCAÇÃO RELÓGIOS PONTO COM LEITURA BIOMÉTRICA DE IMPRESSÃO DIGITAL, INCLUINDO SOFTWARE, COMUNICAÇÃO TCP/IP, USB E WEB SERVER EMBARCADO E SUPORTE TÉCNICO ESPECIALIZADO, PARA CONTROLE DO PONTO DOS SERVIDORES PÚBLICOS DA PREFEITURA MUNICIPAL DE BALNEÁRIO GAIVOTA/SC, FUNDO E AUTARQUIAS.; Convite; 08/01/2024 09:00; 27/12/2023; Contratação de serviços; MENOR PREÇO GLOBAL; 08/01/2024; HOMOLOGADO; -; 27/12/2023; 08/01/2024; -; Licitação; -; -
 PREFEITURA MUNICIPAL BALNEÁRIO GAIVOTA;89;2023;89;2023; REFERENTE  AQUISIÇÃO DE SOLO ARENO-ARGILOSO PARA ATERRO, PARA USO NA MANUTENÇÃO DA REDE VIÁRIA MUNICIPAL, ESPAÇOS PÚBLICOS, LOGRADOUROS PÚBLICOS E MELHORIA DE ACESSOS A PROPRIEDADES RURAIS.; Pregão presencial; 11/01/2024 08:30; 27/12/2023; Compras e Serviços; MENOR PRECO POR ITEM; 11/01/2024; HOMOLOGADO; -; 26/12/2023; 11/01/2024; -; Licitação; -; -
 PREFEITURA MUNICIPAL BALNEÁRIO GAIVOTA;88;2023;88;2023; REFERENTE A CONTRATAÇÃO DE EMPRESA PARA PRESTAÇÃO DE SERVIÇOS FORNECIMENTO DE LINK DE INTERNET COM FORNECIMENTO DE EQUIPAMENTOS EM COMODATO E SUPORTE TÉCNICO DE LINK INTERNET CABEADO EM FIBRA ÓPTICA PARA A PREFEITURA MUNICIPAL DE BALNEÁRIO GAIVOTA E SEUS DIVERSOS CENTROS DE CUSTO, INCLUINDO A SECRETARIA MUNICIPAL DE SAÚDE, POSTO DE SAÚDE CENTRAL E ESF’S.; Dispensa de licitação; -; 04/01/2024; Compras e Serviços; MENOR PREÇO; 04/01/2024; HOMOLOGADO; -; 26/12/2023;  - ; -; Licitação; -; -
 PREFEITURA MUNICIPAL BALNEÁRIO GAIVOTA;87;2023;87;2023; O PRESENTE PROCEDIMENTO LICITATÓRIO TEM POR FINALIDADE SELECIONAR A PROPOSTA MAIS VANTAJOSA PARA FUTURA CONTRATAÇÃO DE EMPRESA PARA PRESTAÇÃO DE SERVIÇOS DE ENGENHARIA CIVIL NUMA CARGA HORÁRIA PRESENCIAL NÃO INFERIOR A 20 (VINTE) HORAS SEMANAIS, TUDO ISSO CONFORME EDITAL E ANEXOS, EM ESPECIAL O DISPOSTO NO ANEXO I – TERMO DE REFERÊNCIA; Convite; 03/01/2024 09:00; 21/12/2023; Compras e Serviços; MENOR PREÇO; 11/01/2024; HOMOLOGADO; -; 21/12/2023; 03/01/2024; -; Licitação; -; -
 PREFEITURA MUNICIPAL BALNEÁRIO GAIVOTA;86;2023;86;2023; AQUISIÇÃO DE UM TERRENO EM ÁREA URBANA CORRESPONDENTE AO LOTE 07, DA QUADRA 17, NO LOTEAMENTO PRAIA BRILHAMARES, NO MUNICÍPIO DE BALNEÁRIO GAIVOTA, COM ÁREA DE 310,00 M², DESAPROPRIAÇÃO AMIGÁVEL POR INTERESSE PÚBLICO, SOB MATRÍCULA 34.618; Dispensa de licitação; -; 21/12/2023; Aquisição de bens; MENOR PREÇO; 21/12/2023; HOMOLOGADO; -; 21/12/2023;  - ; -; Licitação; -; -
 PREFEITURA MUNICIPAL BALNEÁRIO GAIVOTA;85;2023;85;2023; A presente licitação tem por objeto a seleção da proposta mais vantajosa para futura contratação de empresa especializada para construção de 02(duas) salas de aulas, incluindo jogo e banheiros, na EEF ALBINO BERNARDINO DE MELO, no Município de Balneário Gaivota/SC. Conforme localização, condições, quantitativos e demais informações técnicas constantes nos projetos, memorial descritivo, planilha orçamentária, projetos, edital e anexos.; Convite; 28/12/2023 15:00; 19/12/2023; Obras e Serviços de Engenharia; MENOR PREÇO GLOBAL; 18/01/2024; HOMOLOGADO; -; 19/12/2023; 28/12/2023; -; Licitação; -; -
 PREFEITURA MUNICIPAL BALNEÁRIO GAIVOTA;84;2023;84;2023; O PRESENTE PROCESSO LICITATÓRIO VISA AS FASES DE RECUPERAÇÃO DO TELHADO E TOLDOS DOS PRÉDIOS PÚBLICOS AFETADOS PELAS CHUVAS DO DIA 23 DE AGOSTO DE 2023.; Dispensa de licitação; 14/12/2023 10:00; 28/12/2023; Obras e Serviços de Engenharia; MENOR PREÇO; 28/12/2023; HOMOLOGADO; -; 14/12/2023; 14/12/2023; -; Licitação; -; -
 PREFEITURA MUNICIPAL BALNEÁRIO GAIVOTA;83;2023;83;2023; SELEÇÃO DA PROPOSTA MAIS VANTAJOSA PARA FUTURA CONTRATAÇÃO DE EMPRESA ESPECIALIZADA PARA SERVIÇOS DE PAVIMENTAÇÃO COM LAJOTA SEXTAVADA, DRENAGEM PLUVIAL E MEIO FIO DA RUA O – JOSÉ DIMAS COELHO, COM 1.281,74m DE EXTENSÃO, NO BAIRRO JARDIM ULTRAMAR, NO MUNICÍPIO DE BALNEÁRIO GAIVOTA/SC. CONFORME LOCALIZAÇÃO, CONDIÇÕES, QUANTITATIVOS E DEMAIS INFORMAÇÕES TÉCNICAS CONSTANTES NOS PROJETOS, MEMORIAL DESCRITIVO, PLANILHA ORÇAMENTÁRIA, CRONOGRAMA FÍSICO-FINANCEIRO, PROJETOS, EDITAL E ANEXOS; Tomada de preços; 14/02/2024 15:15; 26/12/2023; Obras e Serviços de Engenharia; menor preço global por lote; 06/03/2024; HOMOLOGADO; -; 26/12/2023; 14/02/2024; -; Licitação; -; -
 PREFEITURA MUNICIPAL BALNEÁRIO GAIVOTA;82;2023;82;2023; SELEÇÃO DA PROPOSTA MAIS VANTAJOSA PARA FUTURA CONTRATAÇÃO DE EMPRESA ESPECIALIZADA PARA SERVIÇOS DE PAVIMENTAÇÃO COM LAJOTA SEXTAVADA, DRENAGEM PLUVIAL E MEIO FIO DA RUA R, COM 1.277,17m DE EXTENSÃO, NO BAIRRO JARDIM ULTRAMAR, NO MUNICÍPIO DE BALNEÁRIO GAIVOTA/SC. CONFORME LOCALIZAÇÃO, CONDIÇÕES, QUANTITATIVOS E DEMAIS INFORMAÇÕES TÉCNICAS CONSTANTES NOS PROJETOS, MEMORIAL DESCRITIVO, PLANILHA ORÇAMENTÁRIA, CRONOGRAMA FÍSICO-FINANCEIRO, PROJETOS, EDITAL E ANEXOS.; Tomada de preços; 14/02/2024 13:30; 26/12/2023; Obras e Serviços de Engenharia; menor preço global por lote; 06/03/2024; HOMOLOGADO; -; 26/12/2023; 14/02/2024; -; Licitação; -; -
 PREFEITURA MUNICIPAL BALNEÁRIO GAIVOTA;81;2023;81;2023; SELEÇÃO DA PROPOSTA MAIS VANTAJOSA PARA FUTURA CONTRATAÇÃO DE EMPRESA ESPECIALIZADA PARA SERVIÇOS DE PAVIMENTAÇÃO COM LAJOTA SEXTAVADA, DRENAGEM PLUVIAL E MEIO FIO DA RUA Q, COM 1.278,22m DE EXTENSÃO, NO BAIRRO JARDIM ULTRAMAR, NO MUNICÍPIO DE BALNEÁRIO GAIVOTA/SC. CONFORME LOCALIZAÇÃO, CONDIÇÕES, QUANTITATIVOS E DEMAIS INFORMAÇÕES TÉCNICAS CONSTANTES NOS PROJETOS, MEMORIAL DESCRITIVO, PLANILHA ORÇAMENTÁRIA, CRONOGRAMA FÍSICO-FINANCEIRO, PROJETOS, EDITAL E ANEXOS; Tomada de preços; 14/02/2024 10:00; 26/12/2023; Obras e Serviços de Engenharia; menor preço global por lote; 05/03/2024; HOMOLOGADO; -; 26/12/2023; 14/02/2024; -; Licitação; -; -
 PREFEITURA MUNICIPAL BALNEÁRIO GAIVOTA;80;2023;80;2023; SELEÇÃO DA PROPOSTA MAIS VANTAJOSA PARA FUTURA CONTRATAÇÃO DE EMPRESA ESPECIALIZADA PARA SERVIÇOS DE PAVIMENTAÇÃO COM LAJOTA SEXTAVADA, DRENAGEM PLUVIAL E MEIO FIO DA RUA P – CAMILO MARCOLINO FERREIRA, COM 857,06m DE EXTENSÃO, NO BAIRRO JARDIM ULTRAMAR, NO MUNICÍPIO DE BALNEÁRIO GAIVOTA/SC. CONFORME LOCALIZAÇÃO, CONDIÇÕES, QUANTITATIVOS E DEMAIS INFORMAÇÕES TÉCNICAS CONSTANTES NOS PROJETOS, MEMORIAL DESCRITIVO, PLANILHA ORÇAMENTÁRIA, CRONOGRAMA FÍSICO-FINANCEIRO, PROJETOS, EDITAL E ANEXOS.; Tomada de preços; 10/01/2024 08:00; 26/12/2023; Obras e Serviços de Engenharia; menor preço global por lote; 05/03/2024; HOMOLOGADO; -; 26/12/2023; 10/01/2024; -; Licitação; -; -
 PREFEITURA MUNICIPAL BALNEÁRIO GAIVOTA;79;2023;79;2023; SELECIONAR A PROPOSTA MAIS VANTAJOSA PARA FUTURA(S) E EVENTUAL(IS) CONTRATAÇÃO DE EMPRESA ESPECIALIZADA PARA PRESTAÇÃO DE SERVIÇOS DE VIGILÂNCIA DESARMADA PARA OS EVENTOS NO MUNICÍPIO DE BALNEÁRIO GAIVOTA, COM FORNECIMENTO DE TODOS OS INSUMOS E MATERIAIS (UNIFORMES E EQUIPAMENTOS) A SEREM UTILIZADOS NA EXECUÇÃO DOS SERVIÇOS PARA ATENDER AS DEMANDAS DA SECRETARIA MUNICIPAL DE EDUCAÇÃO, CONFORME O EDITAL E SEUS ANEXOS.; Pregão presencial; 26/12/2023 09:00; 13/12/2023; Compras e Serviços; MENOR PREÇO; 10/01/2024; HOMOLOGADO; -; 12/12/2023; 26/12/2023; -; Licitação; -; -
 PREFEITURA MUNICIPAL BALNEÁRIO GAIVOTA;78;2023;78;2023; AQUISIÇÃO DE CESTAS BÁSICAS, TENDO EM VISTA O DESASTRE OCORRIDO NO MUNICÍPIO, NA QUAL DIVERSAS RESIDÊNCIAS FORAM ATINGIDAS FAZENDO COM QUE OS HABITANTES PERDESSEM SEUS GÊNEROS ALIMENTÍCIOS,  VÍTIMAS ATINGIDAS PELAS FORTES CHUVAS E VENTOS OCORRIDOS EM 23/08/2023 NO MUNICÍPIO DE BALNEÁRIO GAIVOTA/SC, REGISTRADO NO DECRETO N° 055/2023 DE SITUAÇÃO DE EMERGÊNCIA DE 24/08/2023, HOMOLOGADO PELA SECRETARIA NACIONAL DE PROTEÇÃO E DEFESA CIVIL DO MINISTÉRIO DA INTEGRAÇÃO E DO DESENVOLVIMENTO REGIONAL ATRA; Dispensa de licitação; 12/12/2023 13:00; 19/12/2023; Compras e Serviços; MENOR PREÇO; 19/12/2023; HOMOLOGADO; -; 12/12/2023; 12/12/2023; -; Licitação; -; -
 PREFEITURA MUNICIPAL BALNEÁRIO GAIVOTA;77;2023;77;2023;" CONTRATAÇÃO DE EMPRESA ESPECIALIZADA COM FORNECIMENTO DE MATERIAL E MÃO DE OBRA ESPECIALIZADA PARA EXECUÇÃO DOS SERVIÇOS DE PIROTECNIA COM ""FOGOS DE BAIXO RUÍDO"" PARA ATENDER AO EVENTO RÉVEILLON 2024, COM DURAÇÃO APROXIMADA DE 04:30 (QUATRO E MEIO) MINUTOS ININTERRUPTOS, A SER REALIZADO NO MUNICÍPIO DE BALNEÁRIO GAIVOTA/SC."; Convite; 20/12/2023 09:00; 12/12/2023; Compras e Serviços; MENOR PREÇO POR LOTE; 20/12/2023; HOMOLOGADO; -; 12/12/2023; 20/12/2023; -; Licitação; -; -
 PREFEITURA MUNICIPAL BALNEÁRIO GAIVOTA;76;2023;76;2023; AQUISIÇÃO PARCELADA DE SAIBRO, PARA USO DA SECRETARIA DE OBRAS E SERVIÇOS URBANOS DO MUNICÍPIO DE BALNEÁRIO GAIVOTA NAS CONDIÇÕES FIXADAS NO EDITAL EM ESPECIAL AS DO ANEXO I.; Pregão presencial; 09/01/2024 09:00; 12/12/2023; Compras e Serviços; MENOR PREÇO; 10/01/2024; HOMOLOGADO; -; 12/12/2023; 09/01/2024; -; Licitação; -; -
 PREFEITURA MUNICIPAL BALNEÁRIO GAIVOTA;75;2023;75;2023; AQUISIÇÃO PARCELADA DE PREMIAÇÃO (TROFÉUS E MEDALHAS) PARA OS EVENTOS ESPORTIVOS E DE LAZER 2023 E 2024 PARA SUPRIR AS NECESSIDADES DA SECRETARIA DE EDUCAÇÃO, SECRETARIA DE ESPORTE E TURISMO E DEMAIS SECRETARIAS, PARA SEREM FORNECIDOS DE FORMA PARCELADA, OBEDECENDO ÀS ESPECIFICAÇÕES MÍNIMAS CONSTANTES NO EDITAL, TERMO DE REFERÊNCIA E DEMAIS ANEXOS.; Convite; 19/12/2023 14:15; 11/12/2023; Compras e Serviços; MENOR PREÇO POR LOTE; 20/12/2023; HOMOLOGADO; -; 11/12/2023; 19/12/2023; -; Licitação; -; -
 PREFEITURA MUNICIPAL BALNEÁRIO GAIVOTA;74;2023;74;2023; RECUPERAÇÃO EMERGENCIAL DE DRENAGEM NA RUA C - BALNEÁRIO SULMAR - BALNEÁRIO GAIVOTA/SC, NUM TOTAL DE 200 METROS, INCLUINDO AINDA REASSENTAMENTO DE MEIO FIO, TUDO ISSO CONFORME PROJETO E MEMORIAL DESCRITIVO.; Dispensa de licitação; 06/12/2023 09:00; 06/12/2023; Obras e Serviços de Engenharia; MENOR PREÇO; 06/12/2023; HOMOLOGADO; -; 06/12/2023; 06/12/2023; -; Licitação; -; -
 PREFEITURA MUNICIPAL BALNEÁRIO GAIVOTA;73;2023;73;2023; AQUISIÇÃO DE CESTAS BÁSICAS, TENDO EM VISTA O DESASTRE OCORRIDO NO MUNICÍPIO, NA QUAL DIVERSAS RESIDÊNCIAS FORAM ATINGIDAS FAZENDO COM QUE OS HABITANTES PERDESSEM SEUS GÊNEROS ALIMENTÍCIOS,  VÍTIMAS ATINGIDAS PELAS FORTES CHUVAS E VENTOS OCORRIDOS EM 23/08/2023 NO MUNICÍPIO DE BALNEÁRIO GAIVOTA/SC, REGISTRADO NO DECRETO N° 055/2023 DE SITUAÇÃO DE EMERGÊNCIA DE 24/08/2023, HOMOLOGADO PELA SECRETARIA NACIONAL DE PROTEÇÃO E DEFESA CIVIL DO MINISTÉRIO DA INTEGRAÇÃO E DO DESENVOLVIMENTO REGIONAL ATRA; Dispensa de licitação; 01/12/2023 08:45; 01/12/2023; Compras e Serviços; MENOR PREÇO; 01/12/2023; HOMOLOGADO; -; 28/11/2023; 01/12/2023; -; Licitação; -; -
 PREFEITURA MUNICIPAL BALNEÁRIO GAIVOTA;72;2023;72;2023; AQUISIÇÃO DE KITS DE HIGIENE PESSOAL TENDO EM VISTA A NECESSIDADE PARA FORNECIMENTO AOS DESABRIGADOS, DESALOJADOS E AFETADOS PELO DESASTRE OCORRIDO NO MUNICÍPIO, ONDE DIVERSAS  RESIDÊNCIAS FORAM ATINGIDAS FAZENDO COM QUE OS HABITANTES PERDESSEM SEUS PRODUTOS DE HIGIENE PESSOAL.; Dispensa de licitação; 01/12/2023 08:00; 01/12/2023; Compras e Serviços; MENOR PREÇO; 01/12/2023; HOMOLOGADO; -; 28/11/2023; 01/12/2023; -; Licitação; -; -
 PREFEITURA MUNICIPAL BALNEÁRIO GAIVOTA;71;2023;71;2023; AQUISIÇÃO DE KITS DE LIMPEZA TENDO EM VISTA O DESASTRE OCORRIDO NO MUNICÍPIO, DIVERSAS RESIDÊNCIAS FORAM ATINGIDAS DANIFICADAS COM DANOS NOS SEUS TELHADOS (TELHAS FURADAS COM QUEDA DE GRANIZO), E ENCHARCADAS COM O GRANDE VOLUME PLUVIOMÉTRICO OCORRIDOS EM 23/08/2023 NO MUNICÍPIO DE BALNEÁRIO GAIVOTA/SC, REGISTRADO NO DECRETO N° 055/2023 DE SITUAÇÃO DE EMERGÊNCIA DE 24/08/2023, HOMOLOGADO PELA SECRETARIA NACIONAL DE PROTEÇÃO E DEFESA CIVIL DO MINISTÉRIO DA INTEGRAÇÃO E DO DESENVOLVIMENTO REGIONAL ; Dispensa de licitação; -; 05/12/2023; Compras e Serviços; MENOR PREÇO; 05/12/2023; HOMOLOGADO; -; 28/11/2023;  - ; -; Licitação; -; -
 PREFEITURA MUNICIPAL BALNEÁRIO GAIVOTA;70;2023;70;2023; REALIZAÇÃO DE CAPACITAÇÃO EM LICITAÇÕES E CONTRATOS ADMINISTRATIVOS, COMO FOCO NA FASE PREPARATÓRIA (ESTUDO TÉCNICO PRELIMINAR E TERMO DE REFERÊNCIA), ATRAVÉS DE UM TREINAMENTO DE 12 HORAS-AULA, A SER REALIZADO NA SEDE DA CONTRATANTE (OU EM LOCAL POR ESTA INDICADO).; Inexigibilidade de licitação; 27/11/2023 13:00; 27/11/2023; Compras e Serviços; MENOR PREÇO; 27/11/2023; HOMOLOGADO; -; 27/11/2023; 27/11/2023; -; Licitação; -; -
 PREFEITURA MUNICIPAL BALNEÁRIO GAIVOTA;69;2023;69;2023; SELECIONAR A PROPOSTA MAIS VANTAJOSA PARA FUTURA AQUISIÇÃO DE TUBOS DE CONCRETO, LAJOTAS E MEIO FIO PARA A MANUTENÇÃO E AMPLIAÇÃO DAS TUBULAÇÕES E PAVIMENTAÇÕES DO MUNICÍPIO, VISANDO ATENDER AS NECESSIDADES DA SECRETARIA DE OBRAS E SERVIÇOS URBANOS, PARA SEREM FORNECIDOS DE FORMA PARCELADA, OBEDECENDO AS ESPECIFICAÇÕES MÍNIMAS CONSTANTES NO EDITAL, TERMO DE REFERÊNCIA E DEMAIS ANEXOS.; Pregão presencial; 19/12/2023 09:00; 29/11/2023; Compras e Serviços; MENOR PREÇO; 14/03/2024; HOMOLOGADO; -; 21/11/2023; 19/12/2023; -; Licitação; -; -
 PREFEITURA MUNICIPAL BALNEÁRIO GAIVOTA;68;2023;68;2023; selecionar a proposta mais vantajosa para contratação de serviços de arbitragem e suporte técnico para realização dos campeonatos de verão temporada 2023/2024 de diversas modalidades, conforme especificações constantes no termo de referência (ANEXO I) e demais condições do edital e anexos.; Convite; 07/12/2023 09:00; 29/11/2023; Compras e Serviços; MENOR PREÇO; 07/12/2023; HOMOLOGADO; -; 21/11/2023; 07/12/2023; -; Licitação; -; -
 PREFEITURA MUNICIPAL BALNEÁRIO GAIVOTA;67;2023;67;2023; REGISTRAR PREÇOS NO INTUITO DE SELECIONAR A PROPOSTA MAIS VANTAJOSA PARA FUTURA E EVENTUAL CONTRATAÇÃO DE SERVIÇOS EVENTUAIS DE MÃO DE OBRA DE CALCETEIRO PARA ATENDER O DEPARTAMENTO DE OBRAS E SERVIÇOS URBANOS, COMPREENDENDO ASSENTAMENTO DE LAJOTAS, MEIO FIO E PEDRAS IRREGULARES, CONFORME DESCRITO NO EDITAL E ANEXOS.; Pregão presencial; 05/12/2023 09:00; 17/11/2023; Compras e Serviços; MENOR PREÇO; 05/12/2023; HOMOLOGADO; -; 17/11/2023; 05/12/2023; -; Licitação; -; -
 PREFEITURA MUNICIPAL BALNEÁRIO GAIVOTA;66;2023;66;2023; REGISTRAR PREÇOS COM A FINALIDADE DE SELECIONAR A PROPOSTA MAIS VANTAJOSA PARA FUTURAS AQUISIÇÃO DE COMBUSTÍVEIS (GASOLINA COMUM, DIESEL COMUM E DIESEL S10) E ADITIVO ARLA 32 PARA MANUTENÇÃO DA FROTA MUNICIPAL, PARA OS VEÍCULOS MÁQUINAS E EQUIPAMENTOS DO MUNICÍPIO DE BALNEÁRIO GAIVOTA/SC E SEUS FUNDOS, PARA SEREM FORNECIDOS DE FORMA PARCELADA, OBEDECIDOS AS ESPECIFICAÇÕES MÍNIMAS CONSTANTES NO EDITAL, TERMO DE REFERÊNCIA E DEMAIS ANEXOS.; Pregão eletrônico; 04/12/2023 08:30; 16/11/2023; Compras e Serviços; MENOR PREÇO; 05/01/2024; HOMOLOGADO; -; 16/11/2023; 04/12/2023; -; Licitação; -; -
 PREFEITURA MUNICIPAL BALNEÁRIO GAIVOTA;65;2023;65;2023; SELEÇÃO DA PROPOSTA MAIS VANTAJOSA PARA PAVIMENTAÇÃO COM LAJOTA SEXTAVADA E MEIO FIO DA RUA LAGES, NO BAIRRO SANTA FÉ, NO MUNICÍPIO DE BALNEÁRIO GAIVOTA/SC (EXTENSÃO TOTAL = 505,70M), CONFORME LOCALIZAÇÃO, CONDIÇÕES, QUANTITATIVOS E DEMAIS INFORMAÇÕES TÉCNICAS CONSTANTES NOS PROJETOS, MEMORIAL DESCRITIVO, PLANILHA ORÇAMENTÁRIA, PROJETOS, EDITAL E ANEXOS.; Convite; 28/11/2023 09:00; 16/11/2023; Obras e Serviços de Engenharia; MENOR PREÇO; 11/12/2023; HOMOLOGADO; -; 16/11/2023; 28/11/2023; -; Licitação; -; -
 PREFEITURA MUNICIPAL BALNEÁRIO GAIVOTA;64;2023;64;2023; Constitui como objeto, a alienação de bens imóveis do Município de Balneário Gaivota/SC, no estado em que se encontram, nos termos da Lei Municipal nº 1.062, DE 2020, Lei Municipal nº 1.129, de 2021 c/c com o art. 19, inciso III da Lei Federal nº 8.666, de 1993 e conforme especificações constantes no anexo I deste edital.; Leilão; 12/12/2023 14:30; 13/11/2023; Alienação de bens; MAIOR OFERTA; 12/12/2023; HOMOLOGADO; -; 13/11/2023; 12/12/2023; -; Licitação; -; -
 PREFEITURA MUNICIPAL BALNEÁRIO GAIVOTA;63;2023;63;2023; SELEÇÃO DA PROPOSTA MAIS VANTAJOSA PARA FUTURA CONTRATAÇÃO DE SERVIÇOS DE MANUTENÇÃO DE EXTINTORES, REALIZAÇÃO DE TESTE HIDROSTÁTICO, E AQUISIÇÃO DE EXTINTORES (PRIMEIRO USO) POR EMPRESA ESPECIALIZADA, NAS DEPENDÊNCIAS FÍSICAS E DE VEÍCULOS PERTENCENTES A PREFEITURA MUNICIPAL DE BALNEÁRIO GAIVOTA, TUDO CONFORME ESPECIFICAÇÕES E DEMAIS CONDIÇÕES ESTABELECIDAS NESTE EDITAL E SEUS ANEXOS.; Convite; 23/11/2023 09:00; 14/11/2023; Compras e Serviços; MENOR PREÇO; 11/12/2023; HOMOLOGADO; -; 10/11/2023; 23/11/2023; -; Licitação; -; -
 PREFEITURA MUNICIPAL BALNEÁRIO GAIVOTA;62;2023;62;2023; Contratação de pessoa jurídica do ramo pertinente para a realização de processo seletivo simplificado para futura contratação de profissionais em temporário para o MUNICÍPIO DE BALNEÁRIO GAIVOTA/SC, e, consoante as condições estabelecidas na legislação municipal e no edital do processo seletivo.; Dispensa de licitação; 07/11/2023 15:00; -; Compras e Serviços; MENOR PREÇO; 08/11/2023; HOMOLOGADO; -; 07/11/2023; 07/11/2023; -; Licitação; -; -
 PREFEITURA MUNICIPAL BALNEÁRIO GAIVOTA;61;2023;61;2023; PRESTAÇÃO DE SERVIÇOS DE ASSESSORIA, CONSULTORIA E SUPORTE TÉCNICO NO PROGRAMA BETHA SISTEMAS (TRIBUTOS - LIVRO ELETRÔNICO, E-NOTA FLY E PROCURADORIA) E SISTEMA DE GESTÃO DO CADASTRO INTEGRADO MUNICIPAL – CGIM CIGA, CADASTRAMENTO E INTEGRAÇÃO DE SISTEMAS (TRIBUTOS – SAPO), CADASTRAMENTO, LEITURA DE ARQUIVOS INTERMEDIÁRIOS, GERAÇÃO E CONFERÊNCIA DOS ARQUIVOS PARA O SISTEMA E-SFINGE TRIBUTOS.; Dispensa de licitação; 30/10/2023 16:30; 30/10/2023; Compras e Serviços; MENOR PREÇO; 31/10/2023; HOMOLOGADO; -; 30/10/2023; 30/10/2023; -; Licitação; -; -
 PREFEITURA MUNICIPAL BALNEÁRIO GAIVOTA;60;2023;60;2023; SELECIONAR A PROPOSTA MAIS VANTAJOSA PARA FUTURA CONTRATAÇÃO DE PESSOA JURÍDICA DO RAMO PERTINENTE PARA A REALIZAÇÃO DE PROCESSO SELETIVO SIMPLIFICADO PARA FUTURA CONTRATAÇÃO DE PROFISSIONAIS EM TEMPORÁRIO PARA O MUNICÍPIO DE BALNEÁRIO GAIVOTA/SC, CONFORME CONDIÇÕES CONSTANTES NO EDITAL E ANEXOS EM ESPECIAL AS DISPOSIÇÕES CONSTANTES NO ANEXO I - TERMO DE REFERÊNCIA.; Convite; 10/11/2023 09:00; 24/10/2023; Compras e Serviços; MENOR PREÇO; -; REVOGADO; -; 24/10/2023; 10/11/2023; 07/11/2023; Licitação; -; -
 PREFEITURA MUNICIPAL BALNEÁRIO GAIVOTA;59;2023;59;2023; VISA À CONTRATAÇÃO DE INSTITUIÇÃO PARA PRESTAÇÃO DE SERVIÇOS DE ORGANIZAÇÃO, PLANEJAMENTO E REALIZAÇÃO DE CONCURSO, INCLUINDO ELABORAÇÃO, IMPRESSÃO E APLICAÇÃO DE PROVAS, PARA O PROVIMENTO DE CARGOS EFETIVOS DO QUADRO DE PESSOAL PERMANENTE DO MUNICÍPIO DE BALNEÁRIO GAIVOTA/SC, E, CONSOANTE AS CONDIÇÕES ESTABELECIDAS NA LEGISLAÇÃO MUNICIPAL E NO EDITAL DO CONCURSO, OBEDECENDO INTEGRALMENTE ÀS DESCRIÇÕES E QUANTITATIVOS CONSTANTES NA TABELA A SEGUIR:; Concurso; 24/10/2023 15:40; 24/10/2023; Concurso; SEM COMPETITIVIDADE - Qtd. fixa; 24/10/2023; HOMOLOGADO; -; 24/10/2023; 24/10/2023; -; Licitação; -; -
 PREFEITURA MUNICIPAL DE BALNEARIO GAIVOTA;58;2023;58;2023; REGISTRAR PREÇOS COM A FINALIDADE DE SELECIONAR A PROPOSTA MAIS VANTAJOSA PARA FUTURAS AQUISIÇÕES PARCELADA DE MATERIAL DE EXPEDIENTE PARA SUPRIR AS NECESSIDADES DA SECRETARIA DE ADMINISTRAÇÃO E FINANÇAS, SECRETARIA DE ARRECADAÇÃO MUNICIPAL, SECRETARIA MUNICIPAL DE SAÚDE, SECRETARIA DE EDUCAÇÃO E MATERIAL ESCOLAR DE DISTRIBUIÇÃO GRATUITA PARA A REDE MUNICIPAL DE ENSINO, PARA SEREM FORNECIDOS DE FORMA PARCELADA, OBEDECIDOS AS ESPECIFICAÇÕES MÍNIMAS CONSTANTES NO EDITAL, TERMO DE REFERÊNCIA E DEMA; Pregão eletrônico; 17/11/2023 08:30; 01/11/2023; Aquisição de bens; MENOR PREÇO; 26/01/2024; HOMOLOGADO; -; 20/10/2023; 17/11/2023; -; Licitação;R$ 749.526,82;R$ 361.522,07
 PREFEITURA MUNICIPAL BALNEÁRIO GAIVOTA;57;2023;57;2023; REGISTRO DE PREÇOS PARA POSTERIOR CONTRATAÇÃO DE EMPRESA ESPECIALIZADA PARA A LOCAÇÃO DE MOTONIVELADORA POTÊNCIA BÁSICA LÍQUIDA (PRIMEIRA MARCHA) 125 HP, PARA ATENDER AS NECESSIDADES DO MUNICIPIO, CONFORME TERMO DE REFERÊNCIA (ANEXO I), E DEMAIS CONDIÇÕES CONSTANTES NO EDITAL E ANEXOS.; Pregão presencial; 07/11/2023 09:00; 17/10/2023; Compras e Serviços; MENOR PRECO POR ITEM; -; REVOGADO; -; 17/10/2023; 07/11/2023; 07/11/2023; Licitação; -; -
 PREFEITURA MUNICIPAL BALNEÁRIO GAIVOTA;56;2023;56;2023; REF.: REGISTRAR PREÇOS COM A FINALIDADE DE SELECIONAR A PROPOSTA MAIS VANTAJOSA PARA FUTUROS FORNECIMENTO DE ÁGUA MINERAL DE 500ML, COM FORNECIMENTO CONTÍNUO E FRACIONADO, CONFORME DEMANDA, DIRETAMENTE NA PREFEITURA MUNICIPAL DE BALNEÁRIO GAIVOTA, OBEDECIDOS AS ESPECIFICAÇÕES MÍNIMAS CONSTANTES NO EDITAL, TERMO DE REFERÊNCIA E DEMAIS ANEXOS.; Pregão eletrônico; 24/11/2023 08:30; 17/10/2023; Compras e Serviços; MENOR PREÇO; 24/11/2023; HOMOLOGADO; -; 17/10/2023; 24/11/2023; -; Licitação; -; -
 PREFEITURA MUNICIPAL BALNEÁRIO GAIVOTA;55;2023;55;2023; REF.: SELEÇÃO DA PROPOSTA MAIS VANTAJOSA PARA FUTURA CONTRATAÇÃO DE EMPRESA ESPECIALIZADA PARA SERVIÇOS DE PAVIMENTAÇÃO COM ASFALTO, DRENAGEM PLUVIAL, CALÇADA E MEIO FIO DA BEIRA MAR NORTE, COM 260,00m DE EXTENSÃO, NO BAIRRO VILLAGE DUNAS ESPECIAL, NO MUNICÍPIO DE BALNEÁRIO GAIVOTA/SC. CONFORME LOCALIZAÇÃO, CONDIÇÕES, QUANTITATIVOS E DEMAIS INFORMAÇÕES TÉCNICAS CONSTANTES NOS PROJETOS, MEMORIAL DESCRITIVO, PLANILHA ORÇAMENTÁRIA, CRONOGRAMA FÍSICO-FINANCEIRO, PROJETOS, EDITAL E ANEXOS.; Tomada de preços; 31/10/2023 09:00; 10/10/2023; Obras e Serviços de Engenharia; MENOR PREÇO GLOBAL; 01/12/2023; HOMOLOGADO; -; 10/10/2023; 31/10/2023; -; Licitação; -; -
 PREFEITURA MUNICIPAL BALNEÁRIO GAIVOTA;54;2023;54;2023; REGISTRAR DE PREÇOS NO INTUITO DE SELECIONAR A PROPOSTA MAIS VANTAJOSA PARA FUTURA(S) E EVENTUAL(IS) CONTRATAÇÃO DE EMPRESA ESPECIALIZADA PARA PRESTAÇÃO DE SERVIÇOS CONTINUADOSDE VIGILÂNCIA DESARMADA PARA OS CENTROS DE EDUCAÇÃO INFANTIL E ESCOLAS DE ENSINO FUNDAMENTAL E INFANTIL DA REDE MUNICIPAL DE EDUCAÇÃO DE BALNEÁRIO GAIVOTA, COM FORNECIMENTO DE TODOS OS INSUMOS E MATERIAIS (UNIFORMES E EQUIPAMENTOS) A SEREM UTILIZADOS NA EXECUÇÃO DOS SERVIÇOS PARA ATENDER AS DEMANDAS DA SECRETARIA MUNICIPAL; Pregão presencial; 23/10/2023 09:00; 09/10/2023; Compras e Serviços; MENOR PREÇO; -; FRACASSADO; -; 09/10/2023; 23/10/2023; -; Licitação; -; -
 PREFEITURA MUNICIPAL BALNEÁRIO GAIVOTA;53;2023;53;2023; REGISTRAR DE PREÇOS NO INTUITO DE SELECIONAR A PROPOSTA MAIS VANTAJOSA PARA FUTURA E EVENTUAL CONTRATAÇÃO DE EMPRESA ESPECIALIZADA PARA EXECUÇÃO DOS SERVIÇOS LIMPEZA, HIGIENIZAÇÃO, MANUTENÇÃO E FORNECIMENTO DE PEÇAS PARA OS AR CONDICIONADOS SPLIT E JANELA DAS SECRETARIAS DO MUNICIPIO, CONFORME DETALHADO NO ANEXO I – TERMO DE REFERÊNCIA.; Pregão eletrônico; 31/10/2023 14:00; 10/10/2023; Compras e Serviços; MENOR PREÇO POR LOTE; 14/11/2023; HOMOLOGADO; -; 09/10/2023; 31/10/2023; -; Licitação; -; -
 PREFEITURA MUNICIPAL BALNEÁRIO GAIVOTA;52;2023;52;2023; REGISTRAR PREÇOS COM A FINALIDADE DE SELECIONAR A PROPOSTA MAIS VANTAJOSA PARA FUTURA CONTRATAÇÃO DE EMPRESA PARA FORNECIMENTO DE CBUQ (CONCRETO BETUMINOSO USINADO A QUENTE), PARA UTILIZAÇÃO DE REPAROS/REFORÇO DE BASE PARA PAVIMENTAÇÃO ASFÁLTICA NOS TERMOS ESTABELECIDOS NO ANEXO I - TERMO DE REFERÊNCIA DESTE EDITAL E SEUS ANEXOS; Pregão presencial; 19/10/2023 09:00; 03/10/2023; Compras e Serviços; MENOR PREÇO; 31/10/2023; HOMOLOGADO; -; 03/10/2023; 19/10/2023; -; Licitação; -; -
 PREFEITURA MUNICIPAL BALNEÁRIO GAIVOTA;51;2023;51;2023; SELECIONAR A PROPOSTA MAIS VANTAJOSA PARA FUTURA CONTRATAÇÃO DE EMPRESA ESPECIALIZADA, DO RAMO PERTINENTE, OBJETIVANDO A PRESTAÇÃO DE SERVIÇOS DE ORGANIZAÇÃO PROMOÇÃO, GESTÃO, VIABILIZAÇÃO DE AUTORIZAÇÕES JUNTO AOS ÓRGÃOS COMPETENTES, ASSESSORIA DE EVENTO, PRODUÇÃO, SERVIÇOS DE COMERCIALIZAÇÃO DE ESPAÇOS E CORRELATOS, COORDENAÇÃO, OPERACIONALIZAÇÃO, MONTAGEM DE ESTRUTURAS, ORGANIZAÇÃO E AUXILIO/ CONTRATAÇÃO DE ATRAÇÕES MUSICAIS, CULTURAIS REGIONAIS, PARA REALIZAÇÃO DO “MARFEST 2023”, QUE SERÁ RE; Pregão presencial; 10/10/2023 09:00; 26/09/2023; Compras e Serviços; MENOR PREÇO; -; REVOGADO; -; 26/09/2023; 10/10/2023; 03/10/2023; Licitação; -; -
 PREFEITURA MUNICIPAL BALNEÁRIO GAIVOTA;50;2023;50;2023; AQUISIÇÃO DE PARQUES INFANTIS (PLAYGROUND) EQUIPAMENTOS/ BRINQUEDOS A SEREM INSTALADOS NAS ESCOLAS DA REDE MUNICIPAL DE ENSINO INFANTIL, OBEDECENDO ÀS ESPECIFICAÇÕES MÍNIMAS CONSTANTES NO EDITAL, TERMO DE REFERÊNCIA E DEMAIS ANEXOS.; Convite; 28/09/2023 08:00; 19/09/2023; Compras e Serviços; MENOR PRECO POR ITEM; 03/10/2023; HOMOLOGADO; -; 19/09/2023; 28/09/2023; -; Licitação; -; -
 PREFEITURA MUNICIPAL BALNEÁRIO GAIVOTA;49;2023;49;2023; REGISTRO DE PREÇOS TEM POR FINALIDADE SELECIONAR A PROPOSTA MAIS VANTAJOSA PARA FUTURA E EVENTUAL CONTRATAÇÃO EXECUÇÃO DE SERVIÇOS ROTINEIROS PARA REPERFILAGEM, RECUPERAÇÃO E MANUTENÇÃO ASFÁLTICA, NAS RODOVIAS, ESTRADAS, RUAS E AVENIDAS MUNICIPAIS E/OU MUNICIPALIZADAS, LOCALIZADAS NO MUNICÍPIO DE BALNEÁRIO GAIVOTA/SC, CONFORME ESPECIFICAÇÕES CONSTANTES NO ANEXO I - TERMO DE REFERÊNCIA E DEMAIS CONDIÇÕES CONSTANTES NO EDITAL E ANEXOS; Pregão presencial; 24/10/2023 09:00; 03/10/2023; Compras e Serviços; MENOR PREÇO POR LOTE; 24/10/2023; HOMOLOGADO; -; 19/09/2023; 24/10/2023; -; Licitação; -; -
 PREFEITURA MUNICIPAL BALNEÁRIO GAIVOTA;48;2023;48;2023; OBJETIVO REGISTRAR PREÇOS COM A FINALIDADE DE SELECIONAR A PROPOSTA MAIS VANTAJOSA PARA FUTUROSFORNECIMENTO DE ÁGUA MINERAL DE 500ML, COM FORNECIMENTO CONTÍNUO E FRACIONADO, CONFORME DEMANDA, DIRETAMENTE NA PREFEITURA MUNICIPAL DE BALNEÁRIO GAIVOTA, OBEDECIDOS AS ESPECIFICAÇÕES MÍNIMAS CONSTANTES NO EDITAL, TERMO DE REFERÊNCIA E DEMAIS ANEXOS; Pregão eletrônico; 17/10/2023 08:30; 27/09/2023; Compras e Serviços; MENOR PREÇO; -; DESERTO; -; 19/09/2023; 17/10/2023; -; Licitação; -; -
 PREFEITURA MUNICIPAL BALNEÁRIO GAIVOTA;47;2023;47;2023; REGISTRAR PREÇOS COM A FINALIDADE REGISTRAR PREÇOS NO INTUITO DE SELECIONAR A PROPOSTA MAIS VANTAJOSA PARA FUTURA E EVENTUAL AQUISIÇÃO DE MATERIAIS E EQUIPAMENTOS DE INFORMÁTICA, DESTINADOS AO ATENDIMENTO DA SECRETARIA DE ADMINISTRAÇÃO E FINANÇAS, SECRETARIA DE EDUCAÇÃO E DEMAIS SECRETARIAS, NAS CONDIÇÕES FIXADAS NO EDITAL PARA SEREM FORNECIDOS, CONFORME ESPECIFICAÇÕES TÉCNICAS, OBEDECIDOS AS ESPECIFICAÇÕES MÍNIMAS CONSTANTES NO EDITAL, TERMO DE REFERÊNCIA E DEMAIS ANEXOS.; Pregão presencial; 26/10/2023 08:30; 06/10/2023; Compras e Serviços; MENOR PRECO POR ITEM; 06/12/2023; HOMOLOGADO; -; 11/09/2023; 26/10/2023; -; Licitação; -; -
 PREFEITURA MUNICIPAL BALNEÁRIO GAIVOTA;46;2023;46;2023; A PRESENTE LICITAÇÃO TEM POR OBJETO A SELEÇÃO DA PROPOSTA MAIS VANTAJOSA PARA PAVIMENTAÇÃO EM LAJOTA SEXTAVADA, DRENAGEM PLUVIAL E MEIO FIO DA RUA D -ZACARIAS VICENTE NICOLAU, COM 207m DE EXTENSÃO (TRECHO ENTRE A 7ª AVENIDA E RUA 17), NO BAIRRO JARDIM ULTRAMAR NO MUNICÍPIO DE BALNEÁRIO GAIVOTA/SC. CONFORME LOCALIZAÇÃO, CONDIÇÕES, QUANTITATIVOS E DEMAIS INFORMAÇÕES TÉCNICAS CONSTANTES NOS PROJETOS, MEMORIAL DESCRITIVO, PLANILHA ORÇAMENTÁRIA, PROJETOS, EDITAL E ANEXOS.; Convite; 19/09/2023 08:00; 06/09/2023; Obras e Serviços de Engenharia; MENOR PREÇO GLOBAL; 03/10/2023; HOMOLOGADO; -; 05/09/2023; 19/09/2023; -; Licitação; -; -
 PREFEITURA MUNICIPAL BALNEÁRIO GAIVOTA;45;2023;45;2023; REF.: CONTRATAÇÃO DE EMPRESA ESPECIALIZADA PARA A LOCAÇÃO DE TRATOR DE ESTEIRA, RETROESCAVADEIRA E DEMAIS EQUIPAMENTOS, PARA ATENDER AS NECESSIDADES DA MUNICIPALIDADE, CONFORME TERMO DE REFERÊNCIA (ANEXO I), E DEMAIS CONDIÇÕES CONSTANTES NO EDITAL E ANEXOS.; Pregão presencial; 03/10/2023 08:15; 27/09/2023; Compras e Serviços; MENOR PRECO POR ITEM; 19/10/2023; HOMOLOGADO; -; 05/09/2023; 03/10/2023; -; Licitação; -; -
 PREFEITURA MUNICIPAL BALNEÁRIO GAIVOTA;44;2023;44;2023; REGISTRAR PREÇOS COM A FINALIDADE DE SELECIONAR A PROPOSTA MAIS VANTAJOSA PARA FUTURAE EVENTUAL CONTRATAÇÃO DE EMPRESA ESPECIALIZADA PARA A LOCAÇÃO, MONTAGEM, DESMONTAGEM E MANUTENÇÃO PERIÓDICA DE SANITÁRIOS ECOLÓGICOS, PARA ATENDER AS NECESSIDADES DA MUNICIPALIDADE NOS TERMOS DO EDITAL E ANEXOS EM ESPECIAL AS REGRAS/DETALHAMENTO FIXADOS NO ANEXO I – TERMO DE REFERÊNCIA; Pregão eletrônico; 10/10/2023 08:15; 26/09/2023; Compras e Serviços; MENOR PREÇO; 16/10/2023; HOMOLOGADO; -; 26/09/2023; 10/10/2023; -; Licitação; -; -
 PREFEITURA MUNICIPAL DE BALNEARIO GAIVOTA;43;2023;43;2023; SELEÇÃO DA PROPOSTA APTA A GERAR O RESULTADO DE CONTRATAÇÃO MAIS VANTAJOSO PARA A FUTURA CONTRATAÇÃO DE EMPRESA PARA O FORNECIMENTO DE PLANOS DE TELEFONIA MÓVEL NUM TOTAL DE 21 (VINTE E UMA LINHAS), TODAS COM LIGAÇÕES (FIXA OU MÓVEL) E SMS ILIMITADOS PARA QUALQUER OPERADORA E PLANO DE INTERNET DE 10 (DEZ)GB PARA CADA UMA DAS LINHAS, INCLUINDO AINDA O SERVIÇO DE ASSESSORIA E GERENCIAMENTO DO PLANO, CONFORME CONDIÇÕES, QUANTIDADES E EXIGÊNCIAS ESTABELECIDAS NESTE AVISO DE CONTRATAÇÃO DIRETA E SEUS; Dispensa de licitação; 21/08/2023 08:00; 15/08/2023; Prestação de serviços; MENOR PREÇO; 25/08/2023; HOMOLOGADO; -; 15/08/2023; 21/08/2023; -; Licitação;R$ 31.774,80;R$ 16.282,80
 PREFEITURA MUNICIPAL BALNEÁRIO GAIVOTA;42;2023;42;2023; Aquisição de parques infantis (playground) equipamentos/ brinquedos a serem instalados no centro de educação infantil São Bento do município de Balneário Gaivota, obedecendo às especificações mínimas constantes no Edital, Termo de Referência e demais Anexos; Convite; 22/08/2023 08:00; 14/08/2023; Compras e Serviços; MENOR PREÇO; 23/08/2023; HOMOLOGADO; -; 09/08/2023; 22/08/2023; -; Licitação; -; -
 PREFEITURA MUNICIPAL BALNEÁRIO GAIVOTA;40;2023;40;2023; REF.: O PRESENTE PROCEDIMENTO LICITATÓRIO TEM POR OBJETIVO A SELEÇÃO DA PROPOSTA MAIS VANTAJOSA PARA FUTURA CONTRATAÇÃO DE SERVIÇOS DE PEQUENAS MANUTENÇÕES PREDIAIS, INCLUINDO SERVIÇOS GERAIS DE ALVENARIA, SERVIÇOS COM MADEIRA, TELHADOS E PINTURAS EM GERAL, TUDO CONFORME ESPECIFICAÇÕES E DEMAIS CONDIÇÕES ESTABELECIDAS NESTE EDITAL E SEUS ANEXOS.; Convite; 14/08/2023 08:00; 04/08/2023; Compras e Serviços; MENOR PREÇO; 14/08/2023; HOMOLOGADO; -; 03/08/2023; 14/08/2023; -; Licitação; -; -
 PREFEITURA MUNICIPAL BALNEÁRIO GAIVOTA;39;2023;39;2023; REF. CONTRATAÇÃO DE EMPRESA ESPECIALIZADA EM ENGENHARIA PARA A EXECUÇÃO DE SERVIÇOS TÉCNICOS DESTINADOS A INSTALAÇÃO DE SUBESTAÇÃO DE 112,5 KVA REALIZADA EM POSTE 11/600DAN PARA AS INSTALAÇÕES DA ESCOLA DE ENSINO FUNDAMENTAL DARCY RIBEIRO, TUDO EM CONFORMIDADE COM AS DISPOSIÇÕES DESTE EDITAL E ANEXOS (PROJETO BÁSICO).; Convite; 10/08/2023 08:00; 31/07/2023; Obras e Serviços de Engenharia; MENOR PREÇO; 10/08/2023; HOMOLOGADO; -; 27/07/2023; 10/08/2023; -; Licitação; -; -
 PREFEITURA MUNICIPAL BALNEÁRIO GAIVOTA;38;2023;38;2023; REF. CONTRATAÇÃO DE EMPRESA ESPECIALIZADA PARA NOS TERMOS DA LEI MUNICIPAL Nº 795, DE 2013 FAZER MANUTENÇÃO DE REDE ELÉTRICA DO CTG SUL CATARINENSE, TUDO EM CONFORMIDADE COM AS DISPOSIÇÕES DESTE EDITAL E ANEXOS EM ESPECIAL AS FIXADAS NO ANEXO I – TERMO DE REFERÊNCIA.; Convite; 27/07/2023 08:00; 20/07/2023; Compras e Serviços; MENOR PREÇO; 31/07/2023; HOMOLOGADO; -; 20/07/2023; 27/07/2023; -; Licitação; -; -
 PREFEITURA MUNICIPAL BALNEÁRIO GAIVOTA;37;2023;37;2023; REF.: SELEÇÃO DA PROPOSTA MAIS VANTAJOSA PARA FUTURA CONTRATAÇÃO DE EMPRESA ESPECIALIZADA PARA EXECUÇÃO DE PAVIMENTAÇÃO COM LAJOTAS SEXTAVADAS DE CONCRETO E MEIO FIO DA RUA JOINVILLE, NO BAIRRO SANTA FÉ, NO MUNICÍPIO DE BALNEÁRIO GAIVOTA/SC (EXTENSÃO TOTAL = 375,16M). CONFORME LOCALIZAÇÃO, CONDIÇÕES, QUANTITATIVOS E DEMAIS INFORMAÇÕES TÉCNICAS CONSTANTES NOS PROJETOS, MEMORIAL DESCRITIVO, PLANILHA ORÇAMENTÁRIA, PROJETOS, EDITAL E ANEXOS.; Convite; 27/07/2023 08:15; 20/07/2023; Obras e Serviços de Engenharia; MENOR PREÇO GLOBAL; 31/07/2023; HOMOLOGADO; -; 20/07/2023; 27/07/2023; -; Licitação; -; -
 PREFEITURA MUNICIPAL BALNEÁRIO GAIVOTA;36;2023;36;2023; Constitui como objeto, a alienação de bens imóveis do Município de Balneário Gaivota/SC, no estado em que se encontram, nos termos da Lei Municipal nº 1.062, DE 2020, Lei Municipal nº 1.129, de 2021 c/c com o art. 19, inciso III da Lei Federal nº 8.666, de 1993 e conforme especificações constantes no anexo I deste edital.; Leilão; 16/08/2023 14:30; 14/07/2023; Alienação de bens; MAIOR OFERTA; 21/08/2023; HOMOLOGADO; -; 13/07/2023; 16/08/2023; -; Licitação; -; -
 PREFEITURA MUNICIPAL BALNEÁRIO GAIVOTA;35;2023;35;2023; O objeto da presente dispensa é a seleção da proposta apta a gerar o resultado de contratação mais vantajoso para a futura contratação de empresa/profissional habilitado em educação física nos termos do objeto do convênio assinado entre o MUNICÍPIO, UNIVERSIDADE DO EXTREMO SUL CATARINENSE – UNESC, mantida pela FUNDAÇÃO EDUCACIONAL DE CRICIÚMA – FUCRI e o CRICIUMA ESPORTE CLUBE, cujo título do projeto é “Tigrinhos, aqui começa um sonho”, para, em carga horária não inferior a XX horas semanais, at; Dispensa de licitação; 01/08/2023 08:00; 10/07/2023; Prestação de serviços; MENOR PRECO POR ITEM; -; DESERTO; -; 10/07/2023; 01/08/2023; -; Licitação; -; -
 PREFEITURA MUNICIPAL BALNEÁRIO GAIVOTA;34;2023;34;2023; Ref.: O presente procedimento licitatório tem por objetivo a seleção da proposta mais vantajosa para futura contratação de serviços especializados para auxílio a equipe municipal de Balneário Gaivota/SC no recolhimento de cavalos de rua apreendidos neste município, bem como auxilio na guarda e cuidados dos animais apreendidos.; Convite; 30/06/2023 09:00; 21/06/2023; Prestação de serviços; MENOR PREÇO; 07/07/2023; HOMOLOGADO; -; 20/06/2023; 30/06/2023; -; Licitação; -; -
 PREFEITURA MUNICIPAL BALNEÁRIO GAIVOTA;33;2023;33;2023; REF.: CONTRATAÇÃO DE EMPRESA(S) ESPECIALIZADA PARA A MANUTENÇÃO PREDITIVA, PREVENTIVA E CORRETIVA DAS MAQUINAS PESADAS E IMPLEMENTOS AGRÍCOLAS DA FROTA MUNICIPAL, COMPREENDENDO MECÂNICA E ELÉTRICA EM GERAL COM FORNECIMENTO DE PEÇAS GENUÍNAS, ORIGINAIS E/OU SIMILARES NECESSÁRIOS AO PERFEITO FUNCIONAMENTO, CONFORME TERMO DE REFERÊNCIA (ANEXO I), E DEMAIS CONDIÇÕES CONSTANTES NO EDITAL E ANEXOS; Pregão presencial; 12/09/2023 08:00; 22/08/2023; Compras e Serviços; MAIOR DESCONTO POR LOTE; 26/09/2023; HOMOLOGADO; -; 19/06/2023; 12/09/2023; -; Licitação; -; -
 PREFEITURA MUNICIPAL BALNEÁRIO GAIVOTA;32;2023;32;2023; O PRESENTE PROCEDIMENTO LICITATÓRIO TEM POR OBJETO A CONTRATAÇÃO DE SERVIÇOS NA ÁREA DE MEDICINA VETERINÁRIA PARA JUNTO AO DEPARTAMENTO DE AGRICULTURA E MEIO AMBIENTE ATUAR NO SERVIÇO DE INSPEÇÃO MUNICIPAL-SIM, CONFORME DEMANDA, OBEDECIDAS AS CONDIÇÕES CONSTANTES NO TERMO DE REFERÊNCIA – ANEXO I DO EDITAL E DEMAIS ANEXOS.; Convite; 09/11/2023 09:00; 25/10/2023; Contratação de serviços; MENOR PREÇO; 14/11/2023; HOMOLOGADO; -; 11/09/2023; 09/11/2023; -; Licitação; -; -
 PREFEITURA MUNICIPAL BALNEÁRIO GAIVOTA;31;2023;31;2023; SELECIONAR A PROPOSTA MAIS VANTAJOSA PARA FUTURAS E EVENTUAL AQUISIÇÃO DE MATERIAL DIDÁTICO PARA ATENDIMENTO AS NECESSIDADES DE PREVENÇÃO E TRATAMENTO DE HIGIENE BUCAL, NOS TERMOS DA TABELA ABAIXO, CONFORME CONDIÇÕES E EXIGÊNCIAS ESTABELECIDAS NESTE INSTRUMENTO, OBEDECIDOS AS ESPECIFICAÇÕES MÍNIMAS CONSTANTES NO EDITAL, TERMO DE REFERÊNCIA E DEMAIS ANEXOS.; Pregão eletrônico; 14/09/2023 08:15; 29/08/2023; Compras e Serviços; MENOR PREÇO; 14/09/2023; HOMOLOGADO; -; 29/08/2023; 14/09/2023; -; Licitação; -; -
 PREFEITURA MUNICIPAL DE BALNEARIO GAIVOTA;30;2023;30;2023; REF.: AQUISIÇÃO DE MADEIRA COM OU SEM TRATAMENTO, DESTINADOS A MANUTENÇÃO DAS SECRETARIAS MUNICIPAIS DO MUNICÍPIO, PARA SEREM FORNECIDOS DE FORMA PARCELADA, OBEDECIDOS AS ESPECIFICAÇÕES MÍNIMAS CONSTANTES NO EDITAL, TERMO DE REFERÊNCIA E DEMAIS ANEXOS; Pregão presencial; 18/07/2023 08:00; 03/07/2023; Aquisição de bens; MENOR PRECO POR ITEM; 25/07/2023; HOMOLOGADO; -; 19/06/2023; 18/07/2023; -; Licitação;R$ 486.562,98;R$ 396.159,70
 PREFEITURA MUNICIPAL BALNEÁRIO GAIVOTA;29;2023;29;2023; REF.: AQUISIÇÃO PARCELADA DE CESTAS BÁSICAS PARA FORNECIMENTO AOS USUÁRIOS DA ASSISTÊNCIA SOCIAL, QUE POR VENTURA ESTIVEREM EM SITUAÇÃO DE VULNERABILIDADE SOCIAL, PARA O EXERCÍCIO DE 2022.; Convite; 21/07/2023 08:00; 03/07/2023; Compras e Serviços; MENOR PREÇO POR LOTE; 21/07/2023; HOMOLOGADO; -; 19/06/2023; 21/07/2023; -; Licitação; -; -
 PREFEITURA MUNICIPAL BALNEÁRIO GAIVOTA;28;2023;28;2023; O PRESENTE PROCEDIMENTO LICITATÓRIO AQUISIÇÃO DE MÓVEIS SOB MEDIDA 6ºCRPM/19ºBPM/2ªCIA/2ºPEL/2ºGP 2º GRUPO POLÍCIA MILITAR DE BALNEÁRIO GAIVOTA, OBEDECENDO ÀS ESPECIFICAÇÕES MÍNIMAS CONSTANTES NO EDITAL, TERMO DE REFERÊNCIA E ANEXOS.; Convite; 12/07/2023 08:00; 03/07/2023; Compras e Serviços; MENOR PREÇO; 21/07/2023; HOMOLOGADO; -; 19/06/2023; 12/07/2023; -; Licitação; -; -
 PREFEITURA MUNICIPAL BALNEÁRIO GAIVOTA;27;2023;27;2023; O presente procedimento licitatório tem por objetivo a seleção da proposta mais vantajosa para futura contratação de serviços especializados para desenvolver, organizar e coordenar oficina de Taekwondo, com objetivo de estimular e desenvolver ações de fortalecimento de vínculos e cidadania para crianças e adolescentes atendidas pelos Serviços de Convivência e Fortalecimento de Vínculos – SCFV, no âmbito do Fundo Municipal da Assistência Social do Munícipio de Balneário Gaivota/SC.; Convite; 30/06/2023 10:00; 21/06/2023; Compras e Serviços; MENOR PREÇO; 07/07/2023; HOMOLOGADO; -; 19/06/2023; 30/06/2023; -; Licitação; -; -
 PREFEITURA MUNICIPAL BALNEÁRIO GAIVOTA;26;2023;26;2023; REF.: CONTRATAÇÃO DE SERVIÇOS DE ARBITRAGEM PARA REALIZAÇÃO DO CAMPEONATO DE FUTEBOL DE CAMPO 2023 E OS JOGOS ESCOLARES DE DIVERSAS MODALIDADES, CONFORME ESPECIFICAÇÕES CONSTANTES NO TERMO DE REFERÊNCIA (ANEXO I) E DEMAIS CONDIÇÕES DO EDITAL E ANEXOS.; Convite; 23/06/2023 08:00; 16/06/2023; Prestação de serviços; MENOR PREÇO; 23/06/2023; HOMOLOGADO; -; 14/06/2023; 23/06/2023; -; Licitação; -; -
 PREFEITURA MUNICIPAL BALNEÁRIO GAIVOTA;25;2023;25;2023; Constitui como objeto, a alienação de bens imóveis do Município de Balneário Gaivota/SC, no estado em que se encontram, nos termos da Lei Municipal nº 1.062, DE 2020, Lei Municipal nº 1.129, de 2021 c/c com o art. 19, inciso III da Lei Federal nº 8.666, de 1993 e conforme especificações constantes no anexo I deste edital.; Leilão; 11/07/2023 09:00; 09/06/2023; Alienação de bens; MAIOR OFERTA; 22/08/2023; HOMOLOGADO; -; 07/06/2023; 11/07/2023; -; Licitação; -; -
 PREFEITURA MUNICIPAL BALNEÁRIO GAIVOTA;24;2023;24;2023; REF. AQUISIÇÃO DE MATERIAIS ELÉTRICOS  PARA ATENDER AS NECESSIDADE DA SECRETARIA DE OBRAS E SERVIÇOS URBANOS E DEMAIS SECRETARIAS MUNICIPAIS, PARA SEREM FORNECIDOS DE FORMA PARCELADA, OBEDECIDOS ÀS ESPECIFICAÇÕES MÍNIMAS CONSTANTES NO EDITAL, TERMO DE REFERÊNCIA E DEMAIS ANEXOS; Pregão presencial; 06/07/2023 08:00; 22/06/2023; Compras e Serviços; MENOR PREÇO; 07/07/2023; HOMOLOGADO; -; 05/06/2023; 06/07/2023; -; Licitação; -; -
 PREFEITURA MUNICIPAL BALNEÁRIO GAIVOTA;23;2023;23;2023; REFERENTE AQUISIÇÃO DE MATERIAIS DE PINTURA PARA ATENDER AS NECESSIDADE DA SECRETARIA DE OBRAS E SERVIÇOS URBANOS E DEMAIS SECRETARIAS MUNICIPAIS, PARA SEREM FORNECIDOS DE FORMA PARCELADA, OBEDECIDOS ÀS ESPECIFICAÇÕES MÍNIMAS CONSTANTES NO EDITAL, TERMO DE REFERÊNCIA E DEMAIS ANEXOS.; Pregão presencial; 29/06/2023 08:00; 14/06/2023; Compras e Serviços; MENOR PREÇO; 29/06/2023; HOMOLOGADO; -; 05/06/2023; 29/06/2023; -; Licitação; -; -
 PREFEITURA MUNICIPAL BALNEÁRIO GAIVOTA;22;2023;22;2023; REF.: Contratações de empresas para prestação de serviços de borracharia e consertos de pneus da frota municipal referente a caminhões, ônibus e equipamentos pesados, conforme quantitativos e especificações constantes no Edital e seus Anexos.; Pregão eletrônico; 20/06/2023 08:00; 01/06/2023; Compras e Serviços; MENOR PREÇO POR LOTE; 22/06/2023; HOMOLOGADO; -; 01/06/2023; 20/06/2023; -; Licitação; -; -
 PREFEITURA MUNICIPAL BALNEÁRIO GAIVOTA;21;2023;21;2023; CONTRATAÇÃO DE SERVIÇOS TÉCNICOS ESPECIALIZADOS EM ENGENHARIA AMBIENTAL OS QUAIS CONTEMPLAM ANÁLISES TÉCNICAS E PLANEJAMENTO, ESTUDOS DAS ÁREAS CONSOLIDADAS, PROJETOS AMBIENTAIS, PROJETOS DE RECUPERAÇÃO DE ÁREAS DEGRADADAS, LICENCIAMENTO AMBIENTAL E OUTROS ASSUNTOS CORRELATOS PARA ATENDIMENTO DAS DEMANDAS PÚBLICAS DO MUNICÍPIO DE BALNEÁRIO GAIVOTA/SC, DENTRO DA ÁREA DE ABRANGÊNCIA DESSES SERVIÇOS.; Dispensa de licitação; 06/06/2023 10:00; 30/05/2023; Prestação de serviços; MENOR PREÇO; 14/06/2023; HOMOLOGADO; -; 30/05/2023; 06/06/2023; -; Licitação; -; -
 PREFEITURA MUNICIPAL BALNEÁRIO GAIVOTA;20;2023;20;2023; REF.CONTRATAÇÃO DE SERVIÇOS ESPECIALIZADOS EM MEDICINA E SEGURANÇA DO TRABALHO (PGR, LTCAT, PCMSO, PPP E PGR/GRO) E EXAMES OCUPACIONAIS AVALIAÇÃO CLINICA (ADMISSIONAL, PERIÓDICO, DEMISSIONAL, MUDANÇA DE FUNÇÃO E RETORNO AO TRABALHO), CONFORME EDITAL E ANEXOS.; Convite; 29/06/2023 08:45; 01/06/2023; Prestação de serviços; MENOR PREÇO; 07/07/2023; HOMOLOGADO; -; 23/05/2023; 29/06/2023; -; Licitação; -; -
 PREFEITURA MUNICIPAL BALNEÁRIO GAIVOTA;19;2023;19;2023; REF.CONTRATAÇÃO DE PROFISSIONAL (AIS) COM HABILITAÇÃO EM DIREITO E INSCRITO(S) NOS QUADROS DA ORDEM DOS ADVOGADOS DO BRASIL - OAB, PARA PRESTAR SERVIÇOS TÉCNICOS PROFISSIONAIS NA CONDIÇÃO DE ADVOGADO JUNTO A PROCURADORIA MUNICIPAL, NA ÁREA TRIBUTÁRIA, CONFORME CONDIÇÕES, QUANTITATIVOS, ESPECIFICAÇÕES TÉCNICAS CONSTANTES NO EDITAL, TERMO DE REFERÊNCIA E DEMAIS ANEXOS.; Convite; 06/06/2023 08:30; 30/05/2023; Prestação de serviços; MENOR PREÇO; 19/06/2023; HOMOLOGADO; -; 30/05/2023; 06/06/2023; -; Licitação; -; -
 PREFEITURA MUNICIPAL BALNEÁRIO GAIVOTA;18;2023;18;2023; AQUISIÇÕES DE MATERIAIS DE CONSTRUÇÃO PESADOS PARA ATENDER AS NECESSIDADE DA SECRETARIA DE OBRAS E SERVIÇOS URBANOS E DEMAIS SECRETARIAS MUNICIPAIS, PARA SEREM FORNECIDOS DE FORMA PARCELADA, OBEDECIDOS AS ESPECIFICAÇÕES MÍNIMAS CONSTANTES NO EDITAL, TERMO DE REFERÊNCIA E DEMAIS ANEXOS.; Pregão presencial; 15/06/2023 08:00; 12/06/2023; Compras e Serviços; MENOR PRECO POR ITEM; 14/07/2023; HOMOLOGADO; -; 30/05/2023; 15/06/2023; -; Licitação; -; -
 PREFEITURA MUNICIPAL BALNEÁRIO GAIVOTA;14;2023;14;2023; REF.: PRESTAÇÃO DE SERVIÇOS DE MANUTENÇÃO DOS VEÍCULOS TIPO ÔNIBUS E VANS DESTA MUNICIPALIDADE, COM FORNECIMENTO DE PEÇAS, COMPONENTES E ACESSÓRIOS NOVOS COM AS MESMAS ESPECIFICAÇÕES TÉCNICAS E PADRÕES DE QUALIDADE DAQUELES PRODUZIDOS PELOS FABRICANTES (ORIGINAIS OU GENUÍNOS), CONFORME TERMO DE REFERÊNCIA (ANEXO I), E DEMAIS CONDIÇÕES CONSTANTES NO EDITAL E ANEXOS; Pregão eletrônico; 23/05/2023 08:00; 09/05/2023; Compras; MAIOR DESCONTO POR LOTE; 25/05/2023; HOMOLOGADO; -; 02/05/2023; 23/05/2023; -; Pregão eletrônico; -; -
 PREFEITURA MUNICIPAL BALNEÁRIO GAIVOTA;16;2023;13;2023; Ref. contratação de empresa especializada na prestação de serviços de vigilância desarmada para os centros de educação infantil e escolas de ensino fundamental e infantil da Rede Municipal de Educação de Balneário Gaivota, com fornecimento de todos os insumos e materiais (uniformes e equipamentos) a serem utilizados na execução dos serviços para atender as demandas da Secretaria Municipal de Educação, conforme o edital e seus anexos.; Dispensa de licitação; -; 26/04/2023; Compras; MENOR PREÇO GLOBAL; 26/04/2023; HOMOLOGADO; -; 26/04/2023;  - ; -; Dispensa de licitação; -; -
 PREFEITURA MUNICIPAL BALNEÁRIO GAIVOTA;11;2023;12;2023; REF.: AQUISIÇÃO(ÕES) DE MATERIAIS DE LIMPEZA E HIGIENE PARA REDE MUNICIPAL DE ENSINO FUNDAMENTAL/INFANTIL, SERVIÇO DE CONVIVÊNCIA E FORTALECIMENTO DE VÍNCULOS, CENTRO DE REFERÊNCIA DA ASSISTÊNCIA SOCIAL, OFICINAS DO PROGRAMA BOLSA FAMÍLIA E DIVERSAS SECRETARIAS MUNICIPAIS, PARA SEREM FORNECIDOS DE FORMA PARCELADA, OBEDECIDOS AS ESPECIFICAÇÕES MÍNIMAS CONSTANTES NO EDITAL, TERMO DE REFERÊNCIA E DEMAIS ANEXOS.; Pregão eletrônico; 18/04/2023 08:00; 30/03/2023; Compras e Serviços; MENOR PRECO POR ITEM; 17/07/2023; HOMOLOGADO; -; 27/03/2023; 18/04/2023; -; Licitação; -; -
 PREFEITURA MUNICIPAL BALNEÁRIO GAIVOTA;11;2023;12;2023; REF.: AQUISIÇÃO(ÕES) DE MATERIAIS DE LIMPEZA E HIGIENE PARA REDE MUNICIPAL DE ENSINO FUNDAMENTAL/INFANTIL, SERVIÇO DE CONVIVÊNCIA E FORTALECIMENTO DE VÍNCULOS, CENTRO DE REFERÊNCIA DA ASSISTÊNCIA SOCIAL, OFICINAS DO PROGRAMA BOLSA FAMÍLIA E DIVERSAS SECRETARIAS MUNICIPAIS, PARA SEREM FORNECIDOS DE FORMA PARCELADA, OBEDECIDOS AS ESPECIFICAÇÕES MÍNIMAS CONSTANTES NO EDITAL, TERMO DE REFERÊNCIA E DEMAIS ANEXOS.; Pregão eletrônico; 18/04/2023 08:00; 30/03/2023; Compras; MENOR PRECO POR ITEM; -; AGUARDANDO; -; 27/03/2023; 18/04/2023; -; Pregão eletrônico; -; -
 PREFEITURA MUNICIPAL BALNEÁRIO GAIVOTA;13;2023;11;2023; REF.: FORNECIMENTO DE RECARGAS DE GÁS LIQUEFEITO DE PETRÓLEO EM BOTIJÕES P13, P45, ÁGUA MINERAL EM GALÃO DE 20 LITROS E 500ML, COM FORNECIMENTO CONTÍNUO E FRACIONADO, CONFORME DEMANDA, DIRETAMENTE NAS ESCOLAS MUNICIPAIS, NAS CRECHES, NAS UNIDADES DE SAÚDE E DEMAIS SECRETARIAS MUNICIPAIS; Pregão eletrônico; 12/04/2023 08:00; 27/03/2023; Compras e Serviços; MENOR PRECO POR ITEM; 02/05/2023; HOMOLOGADO; -; 27/03/2023; 12/04/2023; -; Licitação; -; -
 PREFEITURA MUNICIPAL BALNEÁRIO GAIVOTA;10;2023;10;2023; REF.: AQUISIÇÃO DE VEÍCULO USADO, DO TIPO ÔNIBUS, EM BOM ESTADO DE CONSERVAÇÃO, PARA USO DA SECRETARIA MUNICIPAL DE EDUCAÇÃO DE BALNEÁRIO GAIVOTA/SC; Pregão eletrônico; 22/06/2023 08:00; 01/06/2023; Compras e Serviços; MENOR PREÇO; -; FRACASSADO; -; 24/03/2023; 22/06/2023; -; Licitação; -; -
 PREFEITURA MUNICIPAL BALNEÁRIO GAIVOTA;9;2023;9;2023; REF.: FORNECIMENTO MATERIAL BRITADO, PARA USO NA MANUTENÇÃO DA REDE VIÁRIA MUNICIPAL, ESPAÇOS PÚBLICOS, LOGRADOUROS PÚBLICOS E MELHORIA DE ACESSOS A PROPRIEDADES RURAIS, CONFORME DESCRITO NO TERMO DE REFERÊNCIA (ANEXO I) E AS DEMAIS CONDIÇÕES CONSTANTES NO EDITAL E DEMAIS ANEXOS; Pregão eletrônico; 17/04/2023 08:00; 24/03/2023; Compras; MENOR PRECO POR ITEM; 04/05/2023; HOMOLOGADO; -; 28/03/2023; 17/04/2023; -; Pregão eletrônico; -; -
 PREFEITURA MUNICIPAL BALNEÁRIO GAIVOTA;8;2023;8;2023; REF.: Contratações de empresas para prestação de serviços de borracharia e consertos de pneus da frota municipal referente a caminhões, ônibus e equipamentos pesados, conforme quantitativos e especificações constantes no Edital e seus Anexos.; Pregão eletrônico; 03/04/2023 08:00; 20/03/2023; Compras; MENOR PREÇO POR LOTE; -; REVOGADO; -; 20/03/2023; 03/04/2023; 19/05/2023; Pregão eletrônico; -; -
 PREFEITURA MUNICIPAL BALNEÁRIO GAIVOTA;7;2023;7;2023; O presente procedimento licitatório tem por finalidade selecionar a proposta mais vantajosa para futura contratação de empresa especializada para locação de equipamento tecnológico de topografia, RECEPTOR GNSSL1L2 RTK TOPOMAP T500, conforme condições e quantitativos constantes no edital e anexos.; Convite; 21/03/2023 08:30; 13/03/2023; Contratação de serviços; MENOR PREÇO GLOBAL; 30/03/2023; HOMOLOGADO; -; 13/03/2023; 21/03/2023; -; Convite; -; -
 PREFEITURA MUNICIPAL BALNEÁRIO GAIVOTA;6;2023;6;2023; AQUISIÇÃO DE MATERIAIS ELÉTRICOS PARA MANUTENÇÃO DA ILUMINAÇÃO PÚBLICA MUNICIPAL DE BALNEÁRIO GAIVOTA/SC, CONFORME QUANTIDADES E EXIGÊNCIAS ESTABELECIDAS NO EDITAL E SEUS ANEXOS; Pregão eletrônico; 31/03/2023 08:00; 03/03/2023; Compras; MENOR PRECO POR ITEM; 13/04/2023; HOMOLOGADO; -; 03/03/2023; 31/03/2023; -; Pregão eletrônico; -; -
 PREFEITURA MUNICIPAL BALNEÁRIO GAIVOTA;5;2023;5;2023; REF.: AQUISIÇÕES PARCELADA DE ÓLEOS LUBRIFICANTES, GRAXAS LUBRIFICANTES E ADITIVOS PARA MANUTENÇÃO DA FROTA MUNICIPAL DE VEÍCULOS DE BALNEÁRIO GAIVOTA/SC, CONFORME QUANTIDADES E EXIGÊNCIAS ESTABELECIDAS NESTE EDITAL E SEUS ANEXOS, EM ESPECIAL AS CONSTANTES NO TERMO DE REFERÊNCIA - ANEXO I; Pregão eletrônico; 02/03/2023 08:00; 15/02/2023; Compras; MENOR PREÇO; 22/03/2023; HOMOLOGADO; -; 15/02/2023; 02/03/2023; -; Pregão eletrônico; -; -
 PREFEITURA MUNICIPAL BALNEÁRIO GAIVOTA;4;2023;4;2023; AQUISIÇÃO DE GÊNEROS ALIMENTÍCIOS DA AGRICULTURA FAMILIAR E EMPREENDEDOR FAMILIAR RURAL E OU SUAS ORGANIZAÇÕES, PARA ATENDER OS ALUNOS MATRICULADOS NAS ESCOLAS DE EDUCAÇÃO INFANTIL E FUNDAMENTAL DA REDE MUNICIPAL DE ENSINO NO EXERCÍCIO DE 2023; Dispensa de licitação; 16/02/2023 14:00; 01/02/2023; Compras e Serviços; SEM COMPETITIVIDADE - Qtd. rateada; 27/03/2023; HOMOLOGADO; -; 01/02/2023; 16/02/2023; -; Chamada pública / credenciamento; -; -
 PREFEITURA MUNICIPAL BALNEÁRIO GAIVOTA;3;2023;3;2023; REFERENTE CONTRATAÇÃO DE EMPRESA PARA FORNECIMENTO DE COMBUSTÍVEIS (GASOLINA COMUM, DIESEL COMUM E DIESEL S10) E ADITIVO ARLA 32 PARA MANUTENÇÃO DA FROTA MUNICIPAL DURANTE O EXERCÍCIO DE 2023, PARA OS VEÍCULOS MÁQUINAS E EQUIPAMENTOS DO MUNICÍPIO DE BALNEÁRIO GAIVOTA/SC.; Pregão eletrônico; 17/02/2023 08:15; 25/01/2023; Compras e Serviços; MENOR PRECO POR ITEM; 03/03/2023; HOMOLOGADO; -; 25/01/2023; 17/02/2023; -; Licitação; -; -
 PREFEITURA MUNICIPAL BALNEÁRIO GAIVOTA;2;2023;2;2023; REF.: AQUISIÇÕES PARCELADA DE ÓLEOS LUBRIFICANTES, GRAXAS LUBRIFICANTES E ADITIVOS PARA MANUTENÇÃO DA FROTA MUNICIPAL DE VEÍCULOS DE BALNEÁRIO GAIVOTA/SC, CONFORME QUANTIDADES E EXIGÊNCIAS ESTABELECIDAS NESTE EDITAL E SEUS ANEXOS, EM ESPECIAL AS CONSTANTES NO TERMO DE REFERÊNCIA - ANEXO I; Pregão eletrônico; 06/02/2023 08:15; 17/01/2023; Compras; MENOR PREÇO; -; REVOGADO; -; 17/01/2023; 06/02/2023; 15/02/2023; Pregão eletrônico; -; -
 FUNDO MUNICIPAL SAÚDE BALNEÁRIO GAIVOTA;1;2023;1;2023; REF.: REGISTRAR PREÇOS PARA FUTURA E EVENTUAL CONTRATAÇÃO DE EMPRESA DO RAMO PARA A PRESTAÇÃO DE SERVIÇOS DE COLETA, TRANSPORTES, TRATAMENTO ATRAVÉS DE AUTOCLAVE E DESTINAÇÃO FINAL DOS RESÍDUOS DE SERVIÇOS DE SAÚDE (RSS) GERADOS PELAS UNIDADES DE SAÚDE DA SECRETARIA DE SAÚDE DO MUNICÍPIO DE BALNEÁRIO GAIVOTA – SC, ATENDENDO O QUE DISPÕE A RESOLUÇÃO RDC Nº 306 DE 07/12/2004 - ANVISA E RESOLUÇÃO Nº 358 DE 29/04/2005 – CONAMA; Pregão eletrônico; 18/01/2023 08:15; 04/01/2023; Compras e Serviços; MENOR PREÇO; 18/01/2023; HOMOLOGADO; -; 04/01/2023; 18/01/2023; -; Pregão eletrônico; -; -
 PREFEITURA MUNICIPAL BALNEÁRIO GAIVOTA;1;2023;1;2023; AQUISIÇÃO DE GÊNEROS ALIMENTÍCIOS PARA MERENDA ESCOLAR DA REDE MUNICIPAL DE ENSINO FUNDAMENTAL/INFANTIL, GÊNEROS ALIMENTÍCIOS E ARTIGOS DE PADARIA PARA MANUTENÇÃO DAS ATIVIDADES DO SERV. DE CONVIVÊNCIA E FORTALECIMENTO DE VÍNCULOS, CENTRO DE REFERÊNCIA DA ASSISTÊNCIA SOCIAL, OFICINAS DO PROGRAMA BOLSA FAMÍLIA E GÊNEROS ALIMENTÍCIOS PARA MANUTENÇÃO DAS DIVERSAS SECRETARIAS MUNICIPAIS, PARA SEREM FORNECIDOS DE FORMA PARCELADA, OBEDECENDO ÀS ESPECIFICAÇÕES MÍNIMAS CONSTANTES NESTE EDITAL, TERMO DE ; Pregão eletrônico; 01/02/2023 08:15; 17/01/2023; Compras; MENOR PRECO POR ITEM; 10/03/2023; HOMOLOGADO; -; 17/01/2023; 01/02/2023; -; Pregão eletrônico; -; -
 CÂMARA MUNICIPAL BALNEÁRIO GAIVOTA;1;2023;1;2023;" AQUISIÇÃO DE 4 Notebook 2 em 1 Intel Celeron Dual-Core Windows 11 Home Full HD 11.6"" Touchscreen"; Dispensa de licitação; -; -; Compras e Serviços; MAIOR OFERTA; 07/08/2023; HOMOLOGADO; -; 07/08/2023;  - ; -; Contratação direta; -; -
 PREFEITURA MUNICIPAL BALNEÁRIO GAIVOTA;90;2022;90;2022; O presente procedimento licitatório tem por objetivo registrar preços com a finalidade de selecionar a proposta mais vantajosa para futuras e eventual contratação de pessoa jurídica para fornecimento de livros didáticos para o ensino fundamental e educação infantil do município de Balneário Gaivota/SC; Pregão eletrônico; 11/01/2023 08:15; 26/12/2022; Compras; MENOR PREÇO; 11/01/2023; HOMOLOGADO; -; 26/12/2022; 11/01/2023; -; Pregão eletrônico; -; -
 PREFEITURA MUNICIPAL BALNEÁRIO GAIVOTA;89;2022;89;2022; Contratação de empresa detentora de profissional especializado com habilitação em direito e inscrito(s) nos quadros da Ordem dos Advogados do Brasil – OAB, para Execução de serviços técnicos jurídicos advocatícios e contábeis, sob a modalidade de assessoria e consultoria tributária com execução direta, para a cobrança judicial e/ou administrativa e a recuperação do Imposto Sobre Serviços de Qualquer Natureza (ISSQN), incidentes sobre as tarifas e operações bancárias – Planos de Conta COSIF -, in; Inexigibilidade de licitação; 21/12/2022 14:00; 21/12/2022; Compras e Serviços; MENOR PREÇO; 21/12/2022; HOMOLOGADO; -; 21/12/2022; 21/12/2022; -; Inexigibilidade de licitação; -; -
 PREFEITURA MUNICIPAL BALNEÁRIO GAIVOTA;88;2022;88;2022; Contratação do Centro de Integração Empresa-Escola do Estado de Santa Catarina-CIEE/SC, visando a operacionalização de programas de estágio de estudantes, matriculados no ensino médio, técnico profissionalizante e superior, permitindo treinamento prático no papel de futuro profissional.; Dispensa de licitação; 16/12/2022 10:00; 16/12/2022; Compras e Serviços; MENOR PRECO POR ITEM; 16/12/2022; HOMOLOGADO; -; 16/12/2022; 16/12/2022; -; Dispensa de licitação; -; -
 PREFEITURA MUNICIPAL BALNEÁRIO GAIVOTA;87;2022;87;2022; REF.: AQUISIÇÃO DE BANHEIROS QUÍMICOS PARA USO NA ORLA DO MUNICÍPIO E DEMAIS EVENTOS DA PREFEITURA MUNICIPAL DE BALNEÁRIO GAIVOTA/SC; Pregão eletrônico; 23/12/2022 08:15; 12/12/2022; Compras e Serviços; MENOR PREÇO; -; DESERTO; -; 12/12/2022; 23/12/2022; -; Pregão eletrônico; -; -
 PREFEITURA MUNICIPAL BALNEÁRIO GAIVOTA;86;2022;86;2022; AQUISIÇÃO DE UM TERRENO EM ÁREA URBANA CORRESPONDENTE AO LOTE 12, DA QUADRA III, NO LOTEAMENTO SÃO BRÁS, EM LAGOA DE FORA, NO MUNICÍPIO DE BALNEÁRIO GAIVOTA – SC, COM ÁREA DE 278,75 M², DESTINADO A AMPLIAÇÃO DO CEI PINGO DE GENTE, SOB MATRÍCULA 42.096.; Dispensa de licitação; 05/12/2022 11:00; 05/12/2022; Aquisição de bens; MENOR PREÇO; 05/12/2022; HOMOLOGADO; -; 05/12/2022; 05/12/2022; -; Dispensa de licitação; -; -
 PREFEITURA MUNICIPAL BALNEÁRIO GAIVOTA;85;2022;85;2022;" CONTRATAÇÃO DE EMPRESA ESPECIALIZADA COM FORNECIMENTO DE MATERIAL E MÃO DE OBRA ESPECIALIZADA PARA EXECUÇÃO DOS SERVIÇOS DE PIROTECNIA COM ""FOGOS DE BAIXO RUÍDO"" PARA ATENDER AO EVENTO RÉVEILLON 2023, COM DURAÇÃO APROXIMADA DE 05 (CINCO) MINUTOS ININTERRUPTOS, A SER REALIZADO NO MUNICÍPIO DE BALNEÁRIO GAIVOTA/SC"; Dispensa de licitação; 02/12/2022 11:00; -; Compras e Serviços; MENOR PREÇO; 02/12/2022; HOMOLOGADO; -; 02/12/2022; 02/12/2022; -; Dispensa de licitação; -; -
 PREFEITURA MUNICIPAL BALNEÁRIO GAIVOTA;84;2022;84;2022; CONTRATAÇÃO DE EMPRESA(S) TECNICAMENTE ESPECIALIZADA(S) NA LOCAÇÃO, MONTAGEM E DESMONTAGEM DE ESTRUTURAS DE PALCO, PALANQUE, TENDAS, TABLADO DE MADEIRA, ESTANDES, GRADES, BARRICADA, OUTRAS ESTRUTURAS TEMPORÁRIAS, SERVIÇO DE SEGURANÇA PRIVADA, PARA ATENDER AOS DIVERSOS EVENTOS PROMOVIDOS E/OU APOIADOS PELA PREFEITURA MUNICIPAL DE BALNEÁRIO GAIVOTA/SC; Pregão eletrônico; 12/12/2022 08:15; 29/11/2022; Compras e Serviços; MENOR PREÇO; 14/12/2022; HOMOLOGADO; -; 29/11/2022; 12/12/2022; -; Pregão eletrônico; -; -
 PREFEITURA MUNICIPAL BALNEÁRIO GAIVOTA;83;2022;83;2022; REF.: CONTRATAÇÃO DE EMPRESA(S) TECNICAMENTE ESPECIALIZADA(S) NA LOCAÇÃO, MONTAGEM E DESMONTAGEM DE ESTRUTURAS DE SONORIZAÇÃO PROFISSIONAL, ILUMINAÇÃO PROFISSIONAL, TRIOS ELÉTRICOS E OUTRAS ESTRUTURAS TEMPORÁRIAS, PARA ATENDER AOS DIVERSOS EVENTOS PROMOVIDOS E/OU APOIADOS PELA PREFEITURA MUNICIPAL DE BALNEÁRIO GAIVOTA/SC; Pregão eletrônico; 02/12/2022 08:15; 18/11/2022; Contratação de serviços; MENOR PRECO POR ITEM; 05/12/2022; HOMOLOGADO; -; 18/11/2022; 02/12/2022; -; Pregão eletrônico; -; -
 PREFEITURA MUNICIPAL BALNEÁRIO GAIVOTA;82;2022;82;2022; CONTRATAÇÃO DE SERVIÇOS DE ARBITRAGEM E SUPORTE TÉCNICO PARA REALIZAÇÃO DOS CAMPEONATOS DE VERÃO TEMPORADA 2022/2023 DE DIVERSAS MODALIDADES, CONFORME ESPECIFICAÇÕES CONSTANTES NO TERMO DE REFERÊNCIA (ANEXO I) E DEMAIS CONDIÇÕES DO EDITAL E ANEXOS.; Convite; 25/11/2022 15:30; 18/11/2022; Contratação de serviços; MENOR PREÇO; 29/11/2022; HOMOLOGADO; -; 18/11/2022; 25/11/2022; -; Convite; -; -
 PREFEITURA MUNICIPAL BALNEÁRIO GAIVOTA;81;2022;81;2022; REF.: CONTRATAÇÃO DE EMPRESA(S) ESPECIALIZADA PARA FORNECIMENTO, ENTREGA E INSTALAÇÃO DE KIT ADAPTAÇÃO/CARACTERIZAÇÃO NO VEÍCULO FORD RANGER REA7A76/SC, CEDIDO PELO MUNICÍPIO DE BALNEÁRIO GAIVOTA À POLÍCIA CIVIL, COMPOSTO DE CAPOTA, CAPAS PARA BANCOS, COMPARTIMENTO PARA DETIDOS, ESTRIBOS LATERAIS, PARA CHOQUE DE IMPULSÃO, CONFORME ESPECIFICAÇÕES, QUANTITATIVOS E CONDIÇÕES ESTABELECIDAS E PREVISTAS NESTE EDITAL E SEUS ANEXOS, EM ESPECIAL AS CONSTANTES NO TERMO DE REFERÊNCIA - ANEXO I.; Pregão eletrônico; 21/11/2022 08:30; 04/11/2022; Compras e Serviços; MENOR PREÇO; 21/11/2022; HOMOLOGADO; -; 04/11/2022; 21/11/2022; -; Pregão eletrônico; -; -
 PREFEITURA MUNICIPAL BALNEÁRIO GAIVOTA;80;2022;80;2022; CONTRATAÇÃO DE SHOW ARTÍSTICO COM GRUPO MUSICAL OS FEDERAIS PARA APRESENTAÇÃO NO DIA 31 DE DEZEMBRO DE 2022, PROGRAMAÇÃO DE FINAL DE ANO DO MUNICÍPIO DE BALNEÁRIO GAIVOTA/SC.; Inexigibilidade de licitação; 31/10/2022 00:00; 31/10/2022; Compras e Serviços; MENOR PREÇO; 31/10/2022; HOMOLOGADO; -; 31/10/2022; 31/10/2022; -; Inexigibilidade de licitação; -; -
 PREFEITURA MUNICIPAL BALNEÁRIO GAIVOTA;79;2022;79;2022; REF.: CONTRATAÇÃO DE SERVIÇOS DE EMPRESA ESPECIALIZADA PARA EXECUÇÃO DE PAVIMENTAÇÃO EM LAJOTA SEXTAVADA, DRENAGEM PLUVIAL E MEIO FIO DA RUA D - ZACARIAS VICENTE NICOLAU, COM 419M DE EXTENSÃO (TRECHO ENTRE A 5ª E A 7ª AVENIDA), NO BAIRRO JARDIM ULTRAMAR NO MUNICÍPIO DE BALNEÁRIO GAIVOTA/SC; Convite; 01/11/2022 14:00; 24/10/2022; Obras e Serviços de Engenharia; MENOR PREÇO; 01/11/2022; HOMOLOGADO; -; 24/10/2022; 01/11/2022; -; Convite; -; -
 PREFEITURA MUNICIPAL BALNEÁRIO GAIVOTA;78;2022;78;2022; REF.: AQUISIÇÕES PARCELADA DE ÓLEOS LUBRIFICANTES, GRAXAS LUBRIFICANTES E ADITIVOS PARA MANUTENÇÃO DA FROTA MUNICIPAL DE VEÍCULOS DE BALNEÁRIO GAIVOTA/SC, CONFORME QUANTIDADES E EXIGÊNCIAS ESTABELECIDAS NESTE EDITAL E SEUS ANEXOS, EM ESPECIAL AS CONSTANTES NO TERMO DE REFERÊNCIA - ANEXO I; Pregão eletrônico; 11/11/2022 08:15; 20/10/2022; Compras e Serviços; MENOR PREÇO; -; REVOGADO; -; 20/10/2022; 11/11/2022; 30/11/2022; Pregão eletrônico; -; -
 PREFEITURA MUNICIPAL BALNEÁRIO GAIVOTA;77;2022;77;2022; REF: AQUISIÇÃO PARCELADA DE MATERIAL DE EXPEDIENTE PARA SUPRIR AS NECESSIDADES DA SECRETARIA DE ADMINISTRAÇÃO E FINANÇAS, SECRETARIA DE ARRECADAÇÃO MUNICIPAL, SECRETARIA MUNICIPAL DE SAÚDE, SECRETARIA DE EDUCAÇÃO E MATERIAL ESCOLAR DE DISTRIBUIÇÃO GRATUITA PARA A REDE MUNICIPAL DE ENSINO.; Pregão eletrônico; 01/11/2022 08:15; 18/10/2022; Compras e Serviços; MENOR PRECO POR ITEM; 10/11/2022; HOMOLOGADO; -; 04/10/2022; 01/11/2022; -; Pregão eletrônico; -; -
 PREFEITURA MUNICIPAL BALNEÁRIO GAIVOTA;76;2022;76;2022; REF.: CONTRATAÇÃO DE SERVIÇOS DE EMPRESA ESPECIALIZADA PARA EXECUÇÃO DE PAVIMENTAÇÃO EM LAJOTA SEXTAVADA, DRENAGEM PLUVIAL E MEIO FIO DA RUA D - ZACARIAS VICENTE NICOLAU, COM 419M DE EXTENSÃO (TRECHO ENTRE A 5ª E A 7ª AVENIDA), NO BAIRRO JARDIM ULTRAMAR NO MUNICÍPIO DE BALNEÁRIO GAIVOTA/SC; Convite; 24/10/2022 09:10; 17/10/2022; Obras e Serviços de Engenharia; MENOR PREÇO; -; REVOGADO; -; 17/10/2022; 24/10/2022; 21/10/2022; Convite; -; -
 PREFEITURA MUNICIPAL BALNEÁRIO GAIVOTA;75;2022;75;2022; REF.: CONTRATAÇÃO DE EMPRESA ESPECIALIZADA PARA A LOCAÇÃO, MONTAGEM, DESMONTAGEM E MANUTENÇÃO PERIÓDICA DE SANITÁRIOS ECOLÓGICOS, PARA ATENDER AS NECESSIDADES DA MUNICIPALIDADE NOS TERMOS DO EDITAL E ANEXOS.; Pregão eletrônico; 14/10/2022 08:30; 30/09/2022; Compras e Serviços; MENOR PREÇO; 14/10/2022; HOMOLOGADO; -; 30/09/2022; 14/10/2022; -; Pregão eletrônico; -; -
 PREFEITURA MUNICIPAL BALNEÁRIO GAIVOTA;74;2022;74;2022; REF.: CONTRATAÇÃO DE SERVIÇOS DE EMPRESA ESPECIALIZADA PARA EXECUÇÃO DA REFORMA E MANUTENÇÃO DO GINÁSIO DE ESPORTES DA ESCOLA E.E.F PROF. DARCY RIBEIRO NO MUNICÍPIO DE BALNEÁRIO GAIVOTA/SC; Convite; 30/09/2022 09:10; 23/09/2022; Obras e Serviços de Engenharia; MENOR PREÇO GLOBAL; 30/09/2022; HOMOLOGADO; -; 23/09/2022; 30/09/2022; -; Convite; -; -
 PREFEITURA MUNICIPAL BALNEÁRIO GAIVOTA;73;2022;73;2022; REF.: AQUISIÇÃO DE TUBOS DE CONCRETO, LAJOTAS E MEIO FIO PARA A MANUTENÇÃO E AMPLIAÇÃO DAS TUBULAÇÕES E PAVIMENTAÇÕES DO MUNICÍPIO, VISANDO ATENDER AS NECESSIDADES DA SECRETARIA DE OBRAS E SERVIÇOS URBANOS, PARA SEREM FORNECIDOS DE FORMA PARCELADA, OBEDECENDO AS ESPECIFICAÇÕES MÍNIMAS CONSTANTES NO EDITAL, TERMO DE REFERÊNCIA E DEMAIS ANEXOS; Pregão presencial; 16/09/2022 09:30; 05/09/2022; Compras e Serviços; MENOR PRECO POR ITEM; 16/09/2022; HOMOLOGADO; -; 05/09/2022; 16/09/2022; -; Pregão presencial; -; -
 PREFEITURA MUNICIPAL BALNEÁRIO GAIVOTA;72;2022;72;2022; REF.: CONTRATAÇÃO DE EMPRESA DETENTORA DE PROFISSIONAL ESPECIALIZADO PARA A PRESTAÇÃO DE SERVIÇOS TÉCNICOS JUNTO AOS DEPARTAMENTOS DE CAPTAÇÃO DE RECURSOS E ENGENHARIA DO MUNICÍPIO DE BALNEÁRIO GAIVOTA/SC PARA AUXILIO/ORIENTAÇÃO NA CAPTAÇÃO DE RECURSOS E PRESTAÇÃO DE CONTAS DOS RECURSOS RECEBIDOS DAS ESFERAS ESTADUAL E FEDERAL, ATUANDO AINDA NAQUILO QUE COMPETE A GESTÃO DOS CONVÊNIOS, PRESTAÇÃO DE CONTAS E DEMAIS SERVIÇOS QUE COMPETE AOS JÁ DESCRITOS; Inexigibilidade de licitação; 29/08/2022 10:00; 29/08/2022; Compras e Serviços; MENOR PREÇO; 29/08/2022; HOMOLOGADO; -; 29/08/2022; 29/08/2022; -; Inexigibilidade de licitação; -; -
 PREFEITURA MUNICIPAL BALNEÁRIO GAIVOTA;71;2022;71;2022; REF.: CONTRATAÇÃO DE EMPRESA ESPECIALIZADA PARA A LOCAÇÃO DE TRATOR DE ESTEIRA, RETROESCAVADEIRA E DEMAIS EQUIPAMENTOS, PARA ATENDER AS NECESSIDADES DA MUNICIPALIDADE, CONFORME TERMO DE REFERÊNCIA (ANEXO I), E DEMAIS CONDIÇÕES CONSTANTES NO EDITAL E ANEXOS; Pregão presencial; 09/09/2022 09:00; 26/08/2022; Compras e Serviços; MENOR PREÇO; 09/09/2022; HOMOLOGADO; -; 26/08/2022; 09/09/2022; -; Pregão presencial; -; -
 PREFEITURA MUNICIPAL BALNEÁRIO GAIVOTA;70;2022;70;2022; REF.: CONTRATAÇÃO DE SERVIÇOS DE CAMINHÃO BASCULANTE TRUCADO COM CAPACIDADE MÍNIMA DE 12 M², PARA EFETUAR TRANSPORTE DE MATERIAL, POR QUILÔMETRO PERCORRIDO, MUNICIPAL, INTERMUNICIPAL E INTERESTADUAL, INCLUÍDO COMBUSTÍVEL, MOTORISTA E MANUTENÇÕES, PARA ATENDER AS NECESSIDADES DA MUNICIPALIDADE.; Pregão presencial; 23/08/2022 13:30; 11/08/2022; Contratação de serviços; MENOR PRECO POR ITEM; 26/08/2022; HOMOLOGADO; -; 11/08/2022; 23/08/2022; -; Pregão presencial; -; -
 PREFEITURA MUNICIPAL BALNEÁRIO GAIVOTA;69;2022;69;2022; REF.: AQUISIÇÃO DE MÓVEIS SOB MEDIDA E GRANITOS PARA UTILIZAÇÃO NO CENTRO DE EDUCAÇÃO INFANTIL, OBEDECENDO ÀS ESPECIFICAÇÕES MÍNIMAS CONSTANTES NO EDITAL, TERMO DE REFERÊNCIA E ANEXOS; Convite; 15/08/2022 13:20; 08/08/2022; Compras e Serviços; MENOR PREÇO; 15/08/2022; HOMOLOGADO; -; 08/08/2022; 15/08/2022; -; Convite; -; -
 PREFEITURA MUNICIPAL BALNEÁRIO GAIVOTA;68;2022;68;2022; REF.: CONTRATAÇÃO DE EMPRESA DO RAMO PERTINENTE PARA INTEGRAÇÃO TELEFÔNICA, IMPLANTAÇÃO, SUPORTE SOLUÇÃO COMPLETA DE EQUIPAMENTOS PARA ATENDER O MUNICÍPIO DE BALNEÁRIO GAIVOTA/SC; Pregão presencial; 16/08/2022 13:30; 03/08/2022; Compras e Serviços; MENOR PREÇO GLOBAL; 14/09/2022; HOMOLOGADO; -; 03/08/2022; 16/08/2022; -; Pregão presencial; -; -
 PREFEITURA MUNICIPAL BALNEÁRIO GAIVOTA;67;2022;67;2022; CONTRATAÇÃO DE EMPRESA DETENTORA DE PROFISSIONAL ESPECIALIZADO PARA PRESTAÇÃO DE SERVIÇOS DE TREINAMENTO INTERNO, ASSESSORIA TÉCNICA E ORIENTAÇÕES NOS PROCESSOS DE LICITAÇÃO E CONTRATOS, VOLTADOS AOS AGENTES ADMINISTRATIVOS PARA MANUTENÇÃO DA SECRETARIA MUNICIPAL DE ADMINISTRAÇÃO E FINANÇAS; Inexigibilidade de licitação; 29/07/2022 16:00; -; Compras e Serviços; MENOR PREÇO; 29/07/2022; HOMOLOGADO; -; 29/07/2022; 29/07/2022; -; Inexigibilidade de licitação; -; -
 PREFEITURA MUNICIPAL BALNEÁRIO GAIVOTA;66;2022;66;2022; REF.: AQUISIÇÃO PARCELADA DE PREMIAÇÃO (TROFÉUS E MEDALHAS) PARA OS EVENTOS ESPORTIVOS E DE LAZER 2022 E 2023 PARA SUPRIR AS NECESSIDADES DA SECRETARIA DE EDUCAÇÃO, SECRETARIA DE ESPORTE E TURISMO E DEMAIS SECRETARIAS, PARA SEREM FORNECIDOS DE FORMA PARCELADA; Convite; 28/07/2022 13:15; 21/07/2022; Compras e Serviços; MENOR PRECO POR ITEM; 28/07/2022; HOMOLOGADO; -; 21/07/2022; 28/07/2022; -; Convite; -; -
 PREFEITURA MUNICIPAL BALNEÁRIO GAIVOTA;65;2022;65;2022; REF.: CONTRATAÇÃO DE EMPRESA DO RAMO PERTINENTE PARA FORNECIMENTO DE MÃO DE OBRA EXCLUSIVA E EQUIPAMENTOS PARA A PRESTAÇÃO DE SERVIÇOS DE MANUTENÇÃO PREVENTIVA, CORRETIVA E SERVIÇOS EMERGENCIAIS NO SISTEMA DE SISTEMA DE ILUMINAÇÃO PÚBLICA DO MUNICÍPIO DE BALNEÁRIO GAIVOTA/SC.; Pregão presencial; 19/07/2022 13:30; 06/07/2022; Compras e Serviços; MENOR PREÇO GLOBAL; 25/07/2022; HOMOLOGADO; -; 06/07/2022; 19/07/2022; -; Pregão presencial; -; -
 PREFEITURA MUNICIPAL BALNEÁRIO GAIVOTA;64;2022;64;2022;" REF.: CONTRATAÇÃO DE EMPRESA DETENTORA DE PROFISSIONAIS ESPECIALIZADOS COM HABILITAÇÃO EM DIREITO E INSCRITO(S) NOS QUADROS DA ORDEM DOS ADVOGADOS DO BRASIL – OAB, PARA PRESTAÇÃO DE SERVIÇOS DE TREINAMENTO DA EQUIPE E COMISSÃO TÉCNICA DO MUNICÍPIO, BEM COMO ASSESSORIA JURÍDICA NOS PROCEDIMENTOS DE REGULARIZAÇÃO FUNDIÁRIA URBANA - REURB, COM DESENVOLVIMENTO DE CHECKLIST, FLUXOGRAMA DE FUNCIONAMENTO INTERNO, ASSESSORIA NA ELABORAÇÃO DOS MODELOS DOS DOCUMENTOS NECESSÁRIOS PARA O PROCESSAMENTO DA REURB JUNTO AOS CARTÓRIOS DE REGISTRO DE IMÓVEIS; ORIENTAÇÃO NA ANÁLISE E NA ELABORAÇÃO DOS PROJETOS, COM DISPONIBILIZAÇÃO DE MATERIAIS JURÍDICOS COMPLEMENTARES"; Inexigibilidade de licitação; 04/07/2022 08:00; 04/07/2022; Compras e Serviços; MENOR PREÇO; 04/07/2022; HOMOLOGADO; -; 04/07/2022; 04/07/2022; -; Inexigibilidade de licitação; -; -
 PREFEITURA MUNICIPAL BALNEÁRIO GAIVOTA;63;2022;63;2022; REF.: CONTRATAÇÃO DE EMPRESA DO RAMO PERTINENTE PARA INTEGRAÇÃO TELEFÔNICA, IMPLANTAÇÃO, SUPORTE SOLUÇÃO COMPLETA DE EQUIPAMENTOS PARA ATENDER O MUNICÍPIO DE BALNEÁRIO GAIVOTA/SC; Pregão presencial; 06/07/2022 13:30; 24/06/2022; Compras e Serviços; MENOR PREÇO GLOBAL; -; FRACASSADO; -; 24/06/2022; 06/07/2022; -; Pregão presencial; -; -
 PREFEITURA MUNICIPAL BALNEÁRIO GAIVOTA;62;2022;62;2022; CONTRATAÇÃO DE SERVIÇOS EVENTUAIS DE MÃO DE OBRA DE CALCETEIRO PARA ATENDER O DEPARTAMENTO DE OBRAS E SERVIÇOS URBANOS, COMPREENDENDO ASSENTAMENTO DE LAJOTAS, MEIO FIO E PEDRAS IRREGULARES, CONFORME DESCRITO NO EDITAL E ANEXOS; Pregão presencial; 04/07/2022 13:30; 22/06/2022; Contratação de serviços; MENOR PRECO POR ITEM; 04/07/2022; HOMOLOGADO; -; 22/06/2022; 04/07/2022; -; Pregão presencial; -; -
 PREFEITURA MUNICIPAL BALNEÁRIO GAIVOTA;61;2022;61;2022; REF.: AQUISIÇÃO PARCELADA DE CESTAS BÁSICAS PARA FORNECIMENTO AOS USUÁRIOS DA ASSISTÊNCIA SOCIAL, QUE POR VENTURA ESTIVEREM EM SITUAÇÃO DE VULNERABILIDADE SOCIAL, PARA O EXERCÍCIO DE 2022.; Convite; 27/06/2022 14:00; 20/06/2022; Compras e Serviços; MENOR PREÇO POR LOTE; 27/06/2022; HOMOLOGADO; -; 20/06/2022; 27/06/2022; -; Convite; -; -
 PREFEITURA MUNICIPAL BALNEÁRIO GAIVOTA;60;2022;60;2022; REF.: CONTRATAÇÃO DE EMPRESA ESPECIALIZADA PARA A PRESTAÇÃO DE SERVIÇOS NA ELABORAÇÃO, PLANEJAMENTO E EXECUÇÃO DE PPRA, LTCAT, PCMSO, EPI, EPC, E PPP; Dispensa de licitação; -; 17/06/2022; Compras e Serviços; MENOR PREÇO GLOBAL; 17/06/2022; HOMOLOGADO; -; 17/06/2022;  - ; -; Dispensa de licitação; -; -
 PREFEITURA MUNICIPAL BALNEÁRIO GAIVOTA;59;2022;59;2022; REF.: CONTRATAÇÃO DE EMPRESA DO RAMO PERTINENTE PARA FORNECIMENTO DE MÃO DE OBRA EXCLUSIVA E EQUIPAMENTOS PARA A PRESTAÇÃO DE SERVIÇOS DE MANUTENÇÃO PREVENTIVA, CORRETIVA E SERVIÇOS EMERGENCIAIS NO SISTEMA DE SISTEMA DE ILUMINAÇÃO PÚBLICA DO MUNICÍPIO DE BALNEÁRIO GAIVOTA/SC.; Pregão presencial; 30/06/2022 13:30; 17/06/2022; Compras e Serviços; MENOR PREÇO GLOBAL; -; REVOGADO; -; 17/06/2022; 30/06/2022; 05/07/2022; Pregão presencial; -; -
 PREFEITURA MUNICIPAL BALNEÁRIO GAIVOTA;58;2022;58;2022; REF.: CONTRATAÇÃO DE SERVIÇOS DE DEDETIZAÇÃO E LIMPEZA DE CAIXA DE ÁGUA, COM   EMISSÃO DE LAUDO TÉCNICO. FORNECIMENTO DE MÃO DE OBRA, TODOS OS INSUMOS, EQUIPAMENTOS E FERRAMENTAS NECESSÁRIAS, A SEREM EXECUTADOS EM TODOS OS PRÉDIOS PÚBLICOS DO MUNICÍPIO DE BALNEÁRIO GAIVOTA/SC, CONFORME AS ESPECIFICAÇÕES E CONDIÇÕES DE EXECUÇÃO CONSTANTES NO ANEXO I – PROJETO BÁSICO; Convite; 21/06/2022 14:00; 10/06/2022; Compras e Serviços; MENOR PRECO POR ITEM; 21/06/2022; HOMOLOGADO; -; 10/06/2022; 21/06/2022; -; Convite; -; -
 PREFEITURA MUNICIPAL BALNEÁRIO GAIVOTA;57;2022;57;2022; REF.: CONTRATAÇÃO DE EMPRESA PARA PRESTAÇÃO DE SERVIÇO DE TRANSPORTE ESCOLAR, CONFORME DESCRITIVO, QUANTITATIVO E DEMAIS CONDIÇÕES CONSTANTES NO TERMO DE REFERÊNCIA - ANEXO I DO EDITAL; Pregão presencial; 22/06/2022 13:30; 07/06/2022; Compras e Serviços; MENOR PREÇO GLOBAL; 22/06/2022; HOMOLOGADO; -; 07/06/2022; 22/06/2022; -; Pregão presencial; -; -
 PREFEITURA MUNICIPAL BALNEÁRIO GAIVOTA;56;2022;56;2022; REF.: CONTRATAÇÃO DE EMPRESA ESPECIALIZADA PARA SERVIÇOS DE TERRAPLENAGEM E PAVIMENTAÇÃO, PARA ADEQUAÇÃO VIÁRIA DA RODOVIA DE ACESSO A COMUNIDADE DE RIO NOVO - TRECHO 1, LOCALIDADE DE RIO NOVO, MUNICÍPIO DE BALNEÁRIO GAIVOTA/SC.; Tomada de preços; 08/06/2022 13:30; 20/05/2022; Obras e Serviços de Engenharia; MENOR PREÇO GLOBAL; 08/06/2022; HOMOLOGADO; -; 20/05/2022; 08/06/2022; -; Tomada de preços; -; -
 PREFEITURA MUNICIPAL BALNEÁRIO GAIVOTA;55;2022;55;2022; REF.: CONTRATAÇÃO(ÕES) DE EMPRESA(S) ESPECIALIZADA P/ PRESTAÇÃO DE SERVIÇOS DE MANUTENÇÃO PREVENTIVA E CORRETIVA DOS VEÍCULOS LEVES DA FROTA MUNICIPAL, COMPREENDENDO MECÂNICA EM GERAL E ELÉTRICA EM GERAL, COM FORNECIMENTO DE PEÇAS GENUÍNAS, ORIGINAIS E/OU SIMILARES E DE MATERIAIS NECESSÁRIOS AO PERFEITO FUNCIONAMENTO.; Pregão presencial; 30/05/2022 13:30; 17/05/2022; Compras e Serviços; MAIOR DESCONTO POR LOTE; 30/05/2022; HOMOLOGADO; -; 17/05/2022; 30/05/2022; -; Pregão presencial; -; -
 PREFEITURA MUNICIPAL BALNEÁRIO GAIVOTA;54;2022;54;2022; REF.: CONTRATAÇÃO DE EMPRESA ESPECIALIZADA E CAPACITADA PARA MINISTRAR CURSOS TÉCNICOS DE NÍVEL MÉDIO, CONFORME ESPECIFICAÇÕES CONSTANTES DO ANEXO I E SOLICITAÇÃO DO REFERIDO SETOR ANEXO AOS AUTOS; Pregão presencial; 25/05/2022 13:30; 12/05/2022; Compras e Serviços; MENOR PRECO POR ITEM; 25/05/2022; HOMOLOGADO; -; 12/05/2022; 25/05/2022; -; Pregão presencial; -; -
 PREFEITURA MUNICIPAL BALNEÁRIO GAIVOTA;53;2022;53;2022; REF.: AQUISIÇÃO DE MADEIRA COM OU SEM TRATAMENTO, DESTINADOS A MANUTENÇÃO DAS SECRETARIAS MUNICIPAIS DO MUNICÍPIO, PARA SEREM FORNECIDOS DE FORMA PARCELADA, OBEDECIDOS AS ESPECIFICAÇÕES MÍNIMAS CONSTANTES NO EDITAL, TERMO DE REFERÊNCIA E DEMAIS ANEXOS; Pregão presencial; 23/05/2022 13:30; 11/05/2022; Compras e Serviços; MENOR PRECO POR ITEM; 23/05/2022; HOMOLOGADO; -; 11/05/2022; 23/05/2022; -; Pregão presencial; -; -
 PREFEITURA MUNICIPAL BALNEÁRIO GAIVOTA;52;2022;52;2022; REF.: AQUISIÇÃO PARCELADA DE CESTAS BÁSICAS PARA FORNECIMENTO AOS USUÁRIOS DA ASSISTÊNCIA SOCIAL, QUE POR VENTURA ESTIVEREM EM SITUAÇÃO DE VULNERABILIDADE SOCIAL, PARA O EXERCÍCIO DE 2022.; Convite; 23/05/2022 16:00; 09/05/2022; Compras e Serviços; MENOR PREÇO POR LOTE; 06/06/2022; HOMOLOGADO; -; 09/05/2022; 23/05/2022; -; Convite; -; -
 PREFEITURA MUNICIPAL BALNEÁRIO GAIVOTA;51;2022;51;2022; REF.: PRESTAÇÃO DE SERVIÇOS PARA MANUTENÇÃO PREDIAL NO CEI EVA CABREIRA, TROCA DE FORRO, MANUTENÇÃO NA ESTRUTURA DE MADEIRA E PINTURA.; Dispensa de licitação; -; -; Compras e Serviços; MENOR PREÇO; 04/05/2022; REVOGADO; -; 04/05/2022;  - ; 12/05/2022; Dispensa de licitação; -; -
 PREFEITURA MUNICIPAL BALNEÁRIO GAIVOTA;50;2022;50;2022; REF.: PRESTAÇÃO DE SERVIÇOS PARA MANUTENÇÃO PREDIAL DO GINÁSIO DA ESCOLA ALBINO NA LOCALIDADE DE RUA NOVA.; Dispensa de licitação; -; -; Compras e Serviços; MENOR PREÇO GLOBAL; 02/05/2022; HOMOLOGADO; -; 02/05/2022;  - ; -; Dispensa de licitação; -; -
 PREFEITURA MUNICIPAL BALNEÁRIO GAIVOTA;49;2022;49;2022; REF.: CONTRATAÇÃO DE SERVIÇOS DE ARBITRAGEM E SUPORTE TÉCNICO PARA REALIZAÇÃO DO CAMPEONATO DE FUTEBOL DE CAMPO 2022 E OS JOGOS ESCOLARES DE DIVERSAS MODALIDADES, CONFORME ESPECIFICAÇÕES CONSTANTES NO TERMO DE REFERÊNCIA (ANEXO I) E DEMAIS CONDIÇÕES DO EDITAL E ANEXOS.; Convite; 06/05/2022 15:30; 29/04/2022; Compras e Serviços; MENOR PRECO POR ITEM; 16/05/2022; HOMOLOGADO; -; 29/04/2022; 06/05/2022; -; Convite; -; -
 PREFEITURA MUNICIPAL BALNEÁRIO GAIVOTA;48;2022;48;2022; REF.: CONTRATAÇÃO DE EMPRESA ESPECIALIZADA NA PRESTAÇÃO DE SERVIÇOS DE SISTEMA DE MONITORAMENTO DIGITAL INCLUINDO INSTALAÇÃO, MANUTENÇÃO, FUNCIONAMENTO 24 HORAS/DIA, OBJETIVANDO A LOCAÇÃO DE CIRCUITO DE MONITORAMENTO DIGITAL COM GRAVAÇÃO REMOTA (NUVEM) COM ACESSO VIA WEB E APLICATIVO, CONFORME CONDIÇÕES PREVISTAS NO EDITAL E ANEXOS, EM ESPECIAL O DISPOSTO NO ANEXO I - TERMO DE REFERÊNCIA.; Convite; 04/05/2022 13:00; 27/04/2022; Compras e Serviços; MENOR PREÇO; 10/05/2022; HOMOLOGADO; -; 27/04/2022; 04/05/2022; -; Convite; -; -
 PREFEITURA MUNICIPAL BALNEÁRIO GAIVOTA;47;2022;47;2022; REF.: CONTRATAÇÃO DE EMPRESA(S) ESPECIALIZADA PARA A MANUTENÇÃO PREDITIVA, PREVENTIVA E CORRETIVA DAS MAQUINAS PESADAS E IMPLEMENTOS AGRÍCOLAS DA FROTA MUNICIPAL, COMPREENDENDO MECÂNICA E ELÉTRICA EM GERAL COM FORNECIMENTO DE PEÇAS GENUÍNAS, ORIGINAIS E/OU SIMILARES NECESSÁRIOS AO PERFEITO FUNCIONAMENTO, CONFORME TERMO DE REFERÊNCIA (ANEXO I), E DEMAIS CONDIÇÕES CONSTANTES NO EDITAL E ANEXOS; Pregão presencial; 06/05/2022 13:30; 26/04/2022; Compras e Serviços; MAIOR DESCONTO POR LOTE; 09/05/2022; HOMOLOGADO; -; 26/04/2022; 06/05/2022; -; Pregão presencial; -; -
 PREFEITURA MUNICIPAL BALNEÁRIO GAIVOTA;46;2022;46;2022; REF.: FORNECIMENTO PARCELADOS DE CARTUCHOS E TONNERS ORIGINAIS E COMPATÍVEIS, PARA MANUTENÇÃO DA SECRETARIA DE ADMINISTRAÇÃO E FINANÇAS E DEMAIS SECRETARIAS DESTE MUNICÍPIO.; Pregão presencial; 10/05/2022 13:30; 26/04/2022; Compras e Serviços; MENOR PRECO POR ITEM; 11/05/2022; HOMOLOGADO; -; 26/04/2022; 10/05/2022; -; Pregão presencial; -; -
 PREFEITURA MUNICIPAL BALNEÁRIO GAIVOTA;45;2022;45;2022; REF.: CONTRATAÇÃO DE EMPRESA ESPECIALIZADA EM PAVIMENTAÇÃO ASFÁLTICA PARA IMPLANTAÇÃO DE CICLOVIA/CICLOFAIXA AO LONGO DA RODOVIA JOSÉ TISCOSKI, COM EXTENSÃO APROXIMADA DE 5.300 METROS NO MUNICÍPIO DE BALNEÁRIO GAIVOTA/SC. CONFORME LOCALIZAÇÃO, CONDIÇÕES, QUANTITATIVOS E DEMAIS INFORMAÇÕES TÉCNICAS CONSTANTES NOS PROJETOS, MEMORIAL DESCRITIVO, PLANILHA ORÇAMENTÁRIA, CRONOGRAMA FÍSICO-FINANCEIRO, EDITAL E ANEXOS.; Concorrência; 27/05/2022 13:30; 25/04/2022; Obras e Serviços de Engenharia; MENOR PREÇO; 27/05/2022; HOMOLOGADO; -; 25/04/2022; 27/05/2022; -; Licitação; -; -
 PREFEITURA MUNICIPAL BALNEÁRIO GAIVOTA;44;2022;44;2022; REF.: CONTRATAÇÃO DE EMPRESA ESPECIALIZADA PARA EXECUÇÃO DE PAVIMENTAÇÃO COM LAJOTA DE CONCRETO SEXTAVA, COM EXTENSÃO DE 480 METROS E SINALIZAÇÃO VIÁRIA - ESTRADA GERAL RIO NOVO, ACESSO AO LOTEAMENTO BORGES NO MUNICÍPIO DE BALNEÁRIO GAIVOTA/SC. CONFORME LOCALIZAÇÃO, CONDIÇÕES, QUANTITATIVOS E DEMAIS INFORMAÇÕES TÉCNICAS CONSTANTES NOS PROJETOS, MEMORIAL DESCRITIVO, PLANILHA ORÇAMENTÁRIA, PROJETOS, EDITAL E ANEXOS.; Convite; 02/05/2022 14:00; 25/04/2022; Obras e Serviços de Engenharia; MENOR PREÇO; 09/05/2022; HOMOLOGADO; -; 25/04/2022; 02/05/2022; -; Convite; -; -
 PREFEITURA MUNICIPAL BALNEÁRIO GAIVOTA;43;2022;43;2022; REF.: CONTRATAÇÃO DE EMPRESA ESPECIALIZADA PARA PAVIMENTAÇÃO ASFÁLTICA DA RUA QUINTINO MANOEL DOMINGOS TRECHO 3, NO MUNICÍPIO DE BALNEÁRIO GAIVOTA/SC. CONFORME LOCALIZAÇÃO, CONDIÇÕES, QUANTITATIVOS E DEMAIS INFORMAÇÕES TÉCNICAS CONSTANTES NOS PROJETOS, MEMORIAL DESCRITIVO, PLANILHA ORÇAMENTÁRIA, CRONOGRAMA FÍSICO-FINANCEIRO, PROJETOS, EDITAL E ANEXOS.; Tomada de preços; 13/05/2022 14:00; 22/04/2022; Obras e Serviços de Engenharia; MENOR PREÇO GLOBAL; 16/05/2022; HOMOLOGADO; -; 22/04/2022; 13/05/2022; -; Tomada de preços; -; -
 PREFEITURA MUNICIPAL BALNEÁRIO GAIVOTA;42;2022;42;2022; REF.: CONTRATAÇÃO DE EMPRESA ESPECIALIZADA PARA CONSTRUÇÃO DA APAE, NA AV. ALVIM MANOEL CARDOSO, BAIRRO SANTA RITA DE CÁSSIA, COM 1333,11M² DE ÁREA, MUNICÍPIO DE BALNEÁRIO GAIVOTA/SC. CONFORME LOCALIZAÇÃO, CONDIÇÕES, QUANTITATIVOS E DEMAIS INFORMAÇÕES TÉCNICAS CONSTANTES NOS PROJETOS, MEMORIAL DESCRITIVO, PLANILHA ORÇAMENTÁRIA, CRONOGRAMA FÍSICO-FINANCEIRO, PROJETOS, EDITAL E ANEXOS.; Tomada de preços; 12/05/2022 13:30; 22/04/2022; Obras e Serviços de Engenharia; MENOR PREÇO GLOBAL; 26/05/2022; HOMOLOGADO; -; 22/04/2022; 12/05/2022; -; Tomada de preços; -; -
 PREFEITURA MUNICIPAL BALNEÁRIO GAIVOTA;41;2022;41;2022; REF.: CONTRATAÇÃO DE EMPRESA PARA ATRAVÉS DE PROFISSIONAL DETENTOR DE ATESTADO DE CAPACIDADE TÉCNICA NA ÁREA DE LICITAÇÕES E CONTRATOS ADMINISTRATIVOS PARA PRESTAÇÃO DE TÉCNICOS JUNTO DEPARTAMENTO COMPRAS, LICITAÇÕES E CONTRATOS ADMINISTRATIVOS DO MUNICÍPIO DE BALNEÁRIO GAIVOTA, VISANDO O ACOMPANHAMENTO/IMPLANTAÇÃO DE ROTINAS, TREINAMENTO DE PESSOAL NO SISTEMA DE GOVERNANÇA DA MUNICIPALIDADE, INCLUINDO AUXILIO AO JURÍDICO DA MUNICIPALIDADE NAS ROTINAS DE IMPLANTAÇÃO DA NOVA LEI DE LICITAÇÕES, CONFORME CONDIÇÕES PREVISTAS NO EDITAL E ANEXOS, EM ESPECIAL O DISPOSTO NO ANEXO I - TERMO DE REFERÊNCIA.; Convite; 05/05/2022 13:30; 22/04/2022; Compras e Serviços; MENOR PREÇO; -; REVOGADO; -; 22/04/2022; 05/05/2022; 16/05/2022; Convite; -; -
 PREFEITURA MUNICIPAL BALNEÁRIO GAIVOTA;40;2022;40;2022; REF.: CONTRATAÇÃO DE EMPRESA ESPECIALIZADA PARA PRESTAÇÃO DE SERVIÇOS PARA MANUTENÇÃO CORRETIVA E PREVENTIVA, DE APARELHOS DE AR CONDICIONADO, DAS SECRETARIAS MUNICIPAIS DE BALNEÁRIO GAIVOTA/SC; Convite; 27/04/2022 14:00; 19/04/2022; Compras e Serviços; MENOR PREÇO; 28/04/2022; HOMOLOGADO; -; 18/04/2022; 27/04/2022; -; Convite; -; -
 PREFEITURA MUNICIPAL BALNEÁRIO GAIVOTA;39;2022;39;2022; REF.: CONTRATAÇÃO DE EMPRESA ESPECIALIZADA E CAPACITADA PARA MINISTRAR CURSOS PROFISSIONALIZANTES; Pregão presencial; 29/04/2022 13:30; 18/04/2022; Compras e Serviços; MENOR PRECO POR ITEM; 02/05/2022; HOMOLOGADO; -; 18/04/2022; 29/04/2022; -; Pregão presencial; -; -
 PREFEITURA MUNICIPAL BALNEÁRIO GAIVOTA;38;2022;38;2022; REF.: CONTRATAÇÃO DE EMPRESA ESPECIALIZADA PARA PAVIMENTAÇÃO ASFÁLTICA DA AVENIDA INTERPRAIAS (“CAMINHOS DO MAR”), TRECHO NORTE, COM 9.400,00 M. PROCESSO SIE 32353/2021. CONFORME LOCALIZAÇÃO, CONDIÇÕES, QUANTITATIVOS E DEMAIS INFORMAÇÕES TÉCNICAS CONSTANTES NOS PROJETOS, MEMORIAL DESCRITIVO, PLANILHA ORÇAMENTÁRIA, CRONOGRAMA FÍSICO-FINANCEIRO, EDITAL E ANEXOS.; Concorrência; 16/05/2022 13:30; 11/04/2022; Obras e Serviços de Engenharia; MENOR PREÇO GLOBAL; 01/06/2022; HOMOLOGADO; -; 11/04/2022; 16/05/2022; -; Concorrência; -; -
 PREFEITURA MUNICIPAL BALNEÁRIO GAIVOTA;37;2022;37;2022; REF.: CONTRATAÇÃO DE EMPRESA ESPECIALIZADA PARA PRESTAÇÃO DE SERVIÇOS CONTINUADOS DE RONDA OSTENSIVA MOTORIZADA, QUE COMPREENDERÁ, ALÉM DOS POSTOS DE SERVIÇO, O FORNECIMENTO DE UNIFORMES, MATERIAIS E EQUIPAMENTOS NECESSÁRIOS À EXECUÇÃO DOS SERVIÇOS, DE ACORDO COM AS ESPECIFICAÇÕES TÉCNICAS, CONDIÇÕES, QUANTIDADES E PADRÕES DE DESEMPENHO E QUALIDADE ESTABELECIDAS NO ANEXO - TERMO DE REFERÊNCIA; Pregão presencial; 14/04/2022 13:30; 04/04/2022; Compras e Serviços; MENOR PREÇO; 22/04/2022; HOMOLOGADO; -; 04/04/2022; 14/04/2022; -; Pregão presencial; -; -
 PREFEITURA MUNICIPAL BALNEÁRIO GAIVOTA;36;2022;36;2022; REF.: CONTRATAÇÃO DE SERVIÇOS DE EMPRESA ESPECIALIZADA PARA EXECUÇÃO DE REVITALIZAÇÃO NA ORLA DA LAGOA DE FORA, LOCALIDADE DE LAGOA DE FORA, MUNICÍPIO DE BALNEÁRIO GAIVOTA/SC. CONFORME LOCALIZAÇÃO, CONDIÇÕES, QUANTITATIVOS E DEMAIS INFORMAÇÕES TÉCNICAS CONSTANTES NOS PROJETOS, MEMORIAL DESCRITIVO, PLANILHA ORÇAMENTÁRIA, PROJETOS, EDITAL E ANEXOS.; Convite; 07/04/2022 15:30; 30/03/2022; Obras e Serviços de Engenharia; MENOR PREÇO GLOBAL; 07/04/2022; HOMOLOGADO; -; 30/03/2022; 07/04/2022; -; Convite; -; -
 PREFEITURA MUNICIPAL BALNEÁRIO GAIVOTA;35;2022;35;2022; REF.: CONTRATAÇÃO DE EMPRESA(S) ESPECIALIZADA PARA A MANUTENÇÃO PREDITIVA, PREVENTIVA E CORRETIVA DAS MAQUINAS PESADAS E IMPLEMENTOS AGRÍCOLAS DA FROTA MUNICIPAL, COMPREENDENDO MECÂNICA E ELÉTRICA EM GERAL COM FORNECIMENTO DE PEÇAS GENUÍNAS, ORIGINAIS E/OU SIMILARES NECESSÁRIOS AO PERFEITO FUNCIONAMENTO, CONFORME TERMO DE REFERÊNCIA (ANEXO I), E DEMAIS CONDIÇÕES CONSTANTES NO EDITAL E ANEXOS; Pregão presencial; 13/04/2022 13:30; 30/03/2022; Compras e Serviços; MAIOR DESCONTO POR LOTE; -; REVOGADO; -; 30/03/2022; 13/04/2022; 06/05/2022; Pregão presencial; -; -
 PREFEITURA MUNICIPAL BALNEÁRIO GAIVOTA;34;2022;34;2022; serviços técnicos profissionais na condição de advogado junto a procuradoria municipal, nas áreas trabalhista, conforme condições, quantitativos, especificações técnicas constantes edital, Termo de Referência e demais anexos.; Convite; 04/04/2022 13:30; 28/03/2022; Compras e Serviços; MENOR PRECO POR ITEM; 04/04/2022; HOMOLOGADO; -; 28/03/2022; 04/04/2022; -; Convite; -; -
 PREFEITURA MUNICIPAL BALNEÁRIO GAIVOTA;33;2022;33;2022; REF.: CONTRATAÇÃO DE PROFISSIONAL ESPECIALIZADO PARA PRESTAÇÃO DE SERVIÇOS DE ASSESSORIA/CONSULTORIA NA ÁREA DO TURISMO, VISANDO O DESENVOLVIMENTO TURÍSTICO DO MUNICÍPIO DE BALNEÁRIO GAIVOTA, CONFORME CONDIÇÕES PREVISTAS NO EDITAL E ANEXOS; Convite; 31/03/2022 13:15; 24/03/2022; Compras e Serviços; MENOR PREÇO; 31/03/2022; HOMOLOGADO; -; 24/03/2022; 31/03/2022; -; Convite; -; -
 PREFEITURA MUNICIPAL BALNEÁRIO GAIVOTA;32;2022;32;2022; O PRESENTE PROCEDIMENTO LICITATÓRIO TEM POR OBJETO A CONTRATAÇÃO DE SERVIÇOS NA ÁREA DE MEDICINA VETERINÁRIA PARA JUNTO AO DEPARTAMENTO DE AGRICULTURA E MEIO AMBIENTE ATUAR NO SERVIÇO DE INSPEÇÃO MUNICIPAL-SIM, CONFORME DEMANDA, OBEDECIDAS AS CONDIÇÕES CONSTANTES NO TERMO DE REFERÊNCIA – ANEXO I DO EDITAL E DEMAIS ANEXOS.; Convite; 28/03/2022 13:30; 21/03/2022; Contratação de serviços; MENOR PREÇO; 28/03/2022; HOMOLOGADO; -; 21/03/2022; 28/03/2022; -; Convite; -; -
 PREFEITURA MUNICIPAL BALNEÁRIO GAIVOTA;31;2022;31;2022; REF.: CONTRATAÇÃO DE EMPRESA ESPECIALIZADA PARA SERVIÇOS DE DRENAGEM PLUVIAL CONFORME PROJETO, ORÇAMENTO E MEMORIAL DESCRITIVOS, PARA DIVERSAS RUAS DO BAIRRO ITAPUÃ, NO MUNICÍPIO DE BALNEÁRIO GAIVOTA/SC. CONFORME LOCALIZAÇÃO, CONDIÇÕES, QUANTITATIVOS E DEMAIS INFORMAÇÕES TÉCNICAS CONSTANTES NOS PROJETOS, MEMORIAL DESCRITIVO, PLANILHA ORÇAMENTÁRIA, CRONOGRAMA FÍSICO-FINANCEIRO, PROJETOS, EDITAL E ANEXOS.; Tomada de preços; 06/04/2022 13:30; 21/03/2022; Obras e Serviços de Engenharia; MENOR PREÇO GLOBAL; 12/04/2022; HOMOLOGADO; -; 21/03/2022; 06/04/2022; -; Tomada de preços; -; -
 PREFEITURA MUNICIPAL BALNEÁRIO GAIVOTA;30;2022;30;2022; REF.: FORNECIMENTO DE RECARGAS DE GÁS LIQUEFEITO DE PETRÓLEO EM BOTIJÕES P13, P45, ÁGUA MINERAL EM GALÃO DE 20 LITROS E 500ML, COM FORNECIMENTO CONTÍNUO E FRACIONADO, CONFORME DEMANDA, DIRETAMENTE NAS ESCOLAS MUNICIPAIS, NAS CRECHES, NAS UNIDADES DE SAÚDE E DEMAIS SECRETARIAS MUNICIPAIS; Pregão presencial; 29/03/2022 13:30; 17/03/2022; Compras e Serviços; MENOR PRECO POR ITEM; 31/03/2022; HOMOLOGADO; -; 17/03/2022; 29/03/2022; -; Pregão presencial; -; -
 PREFEITURA MUNICIPAL BALNEÁRIO GAIVOTA;29;2022;29;2022; REF: AQUISIÇÃO PARCELADA DE SAIBRO, PARA USO DA SECRETARIA DE OBRAS E SERVIÇOS URBANOS DO MUNICÍPIO DE BALNEÁRIO GAIVOTA/SC, NAS CONDIÇÕES FIXADAS NO EDITAL EM ESPECIAL AS DO ANEXO I; Pregão presencial; 22/03/2022 14:30; 10/03/2022; Compras e Serviços; MENOR PRECO POR ITEM; 22/03/2022; HOMOLOGADO; -; 10/03/2022; 22/03/2022; -; Pregão presencial; -; -
 PREFEITURA MUNICIPAL BALNEÁRIO GAIVOTA;28;2022;28;2022; REF.: PRESTAÇÃO DE SERVIÇOS DE MANUTENÇÃO DOS VEÍCULOS TIPO ÔNIBUS E VANS DESTA MUNICIPALIDADE, COM FORNECIMENTO DE PEÇAS, COMPONENTES E ACESSÓRIOS NOVOS COM AS MESMAS ESPECIFICAÇÕES TÉCNICAS E PADRÕES DE QUALIDADE DAQUELES PRODUZIDOS PELOS FABRICANTES (ORIGINAIS OU GENUÍNOS), CONFORME TERMO DE REFERÊNCIA (ANEXO I), E DEMAIS CONDIÇÕES CONSTANTES NO EDITAL E ANEXOS; Pregão presencial; 18/03/2022 09:00; 07/03/2022; Compras e Serviços; MAIOR DESCONTO POR LOTE; 22/03/2022; HOMOLOGADO; -; 07/03/2022; 18/03/2022; -; Pregão presencial; -; -
 PREFEITURA MUNICIPAL BALNEÁRIO GAIVOTA;27;2022;27;2022; REF.: CONTRATAÇÃO DE SERVIÇOS DE EMPRESA ESPECIALIZADA PARA EXECUÇÃO DE PAVIMENTAÇÃO COM LAJOTAS SEXTAVADAS DE CONCRETO EM TRECHO DA RUA DAS PALMEIRAS, RUA DOS COQUEIROS, RUA DOS EUCALIPTOS E RUA EVA DE SOUZA QUADROS COM ÁREA TOTAL DE 1.931,90M² NO BAIRRO LAGOA DE FORA NO MUNICÍPIO DE BALNEÁRIO GAIVOTA/SC; Convite; 11/03/2022 09:40; 04/03/2022; Obras e Serviços de Engenharia; MENOR PREÇO GLOBAL; 11/03/2022; HOMOLOGADO; -; 04/03/2022; 11/03/2022; -; Convite; -; -
 PREFEITURA MUNICIPAL BALNEÁRIO GAIVOTA;26;2022;26;2022;" CONTRATAÇÃO DE SERVIÇOS DE EMPRESA ESPECIALIZADA PARA EXECUÇÃO DE PAVIMENTAÇÃO COM LAJOTAS SEXTAVADAS DE CONCRETO EM TRECHO DA RUA DOS EUCALIPTOS, TRAVESSA DA IGREJA E TRAVESSA ""A"" COM 1.806,25M² NO BAIRRO LAGOA DE FORA NO MUNICÍPIO DE BALNEÁRIO GAIVOTA/SC. CONFORME LOCALIZAÇÃO, CONDIÇÕES, QUANTITATIVOS E DEMAIS INFORMAÇÕES TÉCNICAS CONSTANTES NOS PROJETOS, MEMORIAL DESCRITIVO, PLANILHA ORÇAMENTÁRIA, PROJETOS, EDITAL E ANEXOS."; Convite; 09/03/2022 09:40; 02/03/2022; Obras e Serviços de Engenharia; MENOR PREÇO GLOBAL; 09/03/2022; HOMOLOGADO; -; 02/03/2022; 09/03/2022; -; Convite; -; -
 PREFEITURA MUNICIPAL BALNEÁRIO GAIVOTA;25;2022;25;2022; CONTRATAÇÃO DE SERVIÇOS DE EMPRESA ESPECIALIZADA PARA EXECUÇÃO DE PAVIMENTAÇÃO COM LAJOTAS SEXTAVADAS DE CONCRETO EM TRECHO DA RUA DAS SAMAMBAIAS E DA RUA DOS COQUEIROS COM ÁREA TOTAL DE 1.652,25M² NO BAIRRO LAGOA DE FORA NO MUNICÍPIO DE BALNEÁRIO GAIVOTA/SC. CONFORME LOCALIZAÇÃO, CONDIÇÕES, QUANTITATIVOS E DEMAIS INFORMAÇÕES TÉCNICAS CONSTANTES NOS PROJETOS, MEMORIAL DESCRITIVO, PLANILHA ORÇAMENTÁRIA, PROJETOS, EDITAL E ANEXOS.; Convite; 09/03/2022 08:10; 02/03/2022; Obras e Serviços de Engenharia; MENOR PREÇO GLOBAL; 09/03/2022; HOMOLOGADO; -; 02/03/2022; 09/03/2022; -; Convite; -; -
 PREFEITURA MUNICIPAL BALNEÁRIO GAIVOTA;24;2022;24;2022; REF.: AQUISIÇÃO(ÕES) DE MATERIAIS DE LIMPEZA E HIGIENE PARA REDE MUNICIPAL DE ENSINO FUNDAMENTAL/INFANTIL, SERVIÇO DE CONVIVÊNCIA E FORTALECIMENTO DE VÍNCULOS, CENTRO DE REFERÊNCIA DA ASSISTÊNCIA SOCIAL, OFICINAS DO PROGRAMA BOLSA FAMÍLIA E DIVERSAS SECRETARIAS MUNICIPAIS, PARA SEREM FORNECIDOS DE FORMA PARCELADA, OBEDECIDOS AS ESPECIFICAÇÕES MÍNIMAS CONSTANTES NO EDITAL, TERMO DE REFERÊNCIA E DEMAIS ANEXOS.; Pregão presencial; 14/03/2022 08:00; 25/02/2022; Compras e Serviços; MENOR PRECO POR ITEM; 16/03/2022; HOMOLOGADO; -; 25/02/2022; 14/03/2022; -; Pregão presencial; -; -
 PREFEITURA MUNICIPAL BALNEÁRIO GAIVOTA;23;2022;23;2022; REF.: CONTRATAÇÃO DE EMPRESA ESPECIALIZADA PARA SERVIÇOS DE TERRAPLENAGEM, DRENAGEM PLUVIAL E PAVIMENTAÇÃO ASFÁLTICA CONFORME PROJETO, ORÇAMENTO E MEMORIAL DESCRITIVOS, PARA RUA DOS GIRASSÓIS, LOCALIDADE DE LAGOA DE FORA, NO MUNICÍPIO DE BALNEÁRIO GAIVOTA/SC. CONFORME LOCALIZAÇÃO, CONDIÇÕES, QUANTITATIVOS E DEMAIS INFORMAÇÕES TÉCNICAS CONSTANTES NOS PROJETOS, MEMORIAL DESCRITIVO, PLANILHA ORÇAMENTÁRIA, CRONOGRAMA FÍSICO-FINANCEIRO, PROJETOS, EDITAL E ANEXOS.; Tomada de preços; 04/03/2022 09:00; 17/02/2022; Obras e Serviços de Engenharia; MENOR PREÇO GLOBAL; 07/03/2022; HOMOLOGADO; -; 17/02/2022; 04/03/2022; -; Tomada de preços; -; -
 PREFEITURA MUNICIPAL BALNEÁRIO GAIVOTA;22;2022;22;2022; REF.: CONTRATAÇÃO DE EMPRESA ESPECIALIZADA PARA SERVIÇOS DE TERRAPLENAGEM E PAVIMENTAÇÃO ASFÁLTICA CONFORME PROJETO, ORÇAMENTO E MEMORIAL DESCRITIVOS, PARA ESTRADA GERAL ALMIRO MANOEL DE SOUZA, TRECHO 01 E 02, LOCALIDADE DE FIGUEIRINHA, NO MUNICÍPIO DE BALNEÁRIO GAIVOTA/SC. CONFORME LOCALIZAÇÃO, CONDIÇÕES, QUANTITATIVOS E DEMAIS INFORMAÇÕES TÉCNICAS CONSTANTES NOS PROJETOS, MEMORIAL DESCRITIVO, PLANILHA ORÇAMENTÁRIA, CRONOGRAMA FÍSICO-FINANCEIRO, PROJETOS, EDITAL E ANEXOS.; Tomada de preços; 09/03/2022 09:00; 17/02/2022; Obras e Serviços de Engenharia; MENOR PREÇO GLOBAL; 09/03/2022; HOMOLOGADO; -; 16/02/2022; 09/03/2022; -; Tomada de preços; -; -
 PREFEITURA MUNICIPAL BALNEÁRIO GAIVOTA;21;2022;21;2022; REF.: AQUISIÇÃO DE SOLO ARENO-ARGILOSO PARA ATERRO, PARA USO NA MANUTENÇÃO DA REDE VIÁRIA MUNICIPAL, ESPAÇOS PÚBLICOS, LOGRADOUROS PÚBLICOS E MELHORIA DE ACESSOS A PROPRIEDADES RURAIS.; Pregão presencial; 25/02/2022 08:30; 15/02/2022; Compras e Serviços; MENOR PRECO POR ITEM; 07/03/2022; HOMOLOGADO; -; 15/02/2022; 25/02/2022; -; Pregão presencial; -; -
 PREFEITURA MUNICIPAL BALNEÁRIO GAIVOTA;20;2022;20;2022; CONTRATAÇÃO DE EMPRESA ESPECIALIZADA EM ENGENHARIA E ARQUITETURA PARA A EXECUÇÃO DE SERVIÇOS TÉCNICOS, COMPREENDENDO O ASSESSORAMENTO, COORDENAÇÃO, ESPECIFICAÇÕES, ESTUDOS DE VIABILIDADE TÉCNICA, ANÁLISES, ORÇAMENTOS, FISCALIZAÇÃO DE OBRAS E SERVIÇOS, LAUDOS, LEVANTAMENTOS, PROJETOS, PARECERES, VISTORIAS, E OUTROS DE MESMAS NATUREZAS, NECESSÁRIOS À CONSECUÇÃO DOS SERVIÇOS E OBRAS DEMANDADOS PELA ADMINISTRAÇÃO MUNICIPAL DE BALNEÁRIO GAIVOTA/SC; Convite; 21/02/2022 08:15; 14/02/2022; Obras e Serviços de Engenharia; MENOR PREÇO; 08/03/2022; HOMOLOGADO; -; 14/02/2022; 21/02/2022; -; Convite; -; -
 PREFEITURA MUNICIPAL BALNEÁRIO GAIVOTA;19;2022;19;2022; REF.: AQUISIÇÃO DE PARQUES INFANTIS (PLAYGROUND), EQUIPAMENTOS/ BRINQUEDOS A SEREM INSTALADOS NAS ESCOLAS DA REDE MUNICIPAL DE ENSINO INFANTIL, OBEDECENDO ÀS ESPECIFICAÇÕES MÍNIMAS CONSTANTES NO EDITAL, TERMO DE REFERÊNCIA E DEMAIS ANEXOS.; Convite; 17/02/2022 14:00; 10/02/2022; Compras e Serviços; MENOR PRECO POR ITEM; 17/02/2022; HOMOLOGADO; -; 10/02/2022; 17/02/2022; -; Convite; -; -
 PREFEITURA MUNICIPAL BALNEÁRIO GAIVOTA;18;2022;18;2022; CONTRATAÇÃO DE SERVIÇOS EVENTUAIS DE MÃO DE OBRA DE CALCETEIRO PARA ATENDER O DEPARTAMENTO DE OBRAS E SERVIÇOS URBANOS, CONFORME ESPECIFICAÇÕES CONTIDAS NO ANEXO I DESTE EDITAL; Convite; 15/02/2022 08:00; 08/02/2022; Contratação de serviços; MENOR PRECO POR ITEM; 25/02/2022; HOMOLOGADO; -; 08/02/2022; 15/02/2022; -; Convite; -; -
 PREFEITURA MUNICIPAL BALNEÁRIO GAIVOTA;17;2022;17;2022; REF.: FORNECIMENTO MATERIAL BRITADO, PARA USO NA MANUTENÇÃO DA REDE VIÁRIA MUNICIPAL, ESPAÇOS PÚBLICOS, LOGRADOUROS PÚBLICOS E MELHORIA DE ACESSOS A PROPRIEDADES RURAIS, CONFORME DESCRITO NO TERMO DE REFERÊNCIA (ANEXO I) E AS DEMAIS CONDIÇÕES CONSTANTES NO EDITAL E DEMAIS ANEXOS; Pregão presencial; 18/02/2022 08:30; 08/02/2022; Compras e Serviços; MENOR PRECO POR ITEM; 18/02/2022; HOMOLOGADO; -; 07/02/2022; 18/02/2022; -; Pregão presencial; -; -
 PREFEITURA MUNICIPAL BALNEÁRIO GAIVOTA;16;2022;16;2022; REF.: CONTRATAÇÃO DE EMPRESA ESPECIALIZADA PARA PAVIMENTAÇÃO COM ASFALTO, CICLO FAIXA E PASSEIO PÚBLICO DA AVENIDA BEIRA MAR SUL – VILA DOS PESCADORES, COM 345,00M DE EXTENSÃO NO BAIRRO JARDIM ULTRAMAR NO MUNICÍPIO DE BALNEÁRIO GAIVOTA/SC; Tomada de preços; 23/02/2022 09:00; 04/02/2022; Obras e Serviços de Engenharia; MENOR PREÇO GLOBAL; 18/03/2022; HOMOLOGADO; -; 04/02/2022; 23/02/2022; -; Tomada de preços; -; -
 PREFEITURA MUNICIPAL BALNEÁRIO GAIVOTA;15;2022;15;2022; REF.: CONTRATAÇÃO DE EMPRESA ESPECIALIZADA PARA PAVIMENTAÇÃO ASFÁLTICA DA RUA QUINTINO MANOEL DOMINGOS, NO MUNICÍPIO DE BALNEÁRIO GAIVOTA/SC; Tomada de preços; 21/02/2022 09:00; 04/02/2022; Obras e Serviços de Engenharia; MENOR PREÇO GLOBAL; 18/03/2022; HOMOLOGADO; -; 04/02/2022; 21/02/2022; -; Tomada de preços; -; -
 PREFEITURA MUNICIPAL BALNEÁRIO GAIVOTA;14;2022;14;2022; CONTRATAÇÃO DE EMPRESA ESPECIALIZADA PARA PAVIMENTAÇÃO ASFÁLTICA DE AVENIDA MUNICIPAL NO PERÍMETRO URBANO DO MUNICÍPIO DE BALNEÁRIO GAIVOTA/SC. CONFORME LOCALIZAÇÃO, CONDIÇÕES, QUANTITATIVOS E DEMAIS INFORMAÇÕES TÉCNICAS CONSTANTES NOS PROJETOS, MEMORIAL DESCRITIVO, PLANILHA ORÇAMENTÁRIA, CRONOGRAMA FÍSICO-FINANCEIRO, EDITAL E ANEXOS.; Concorrência; 07/03/2022 09:00; 03/02/2022; Obras e Serviços de Engenharia; MENOR PREÇO; 07/03/2022; HOMOLOGADO; -; 01/02/2022; 07/03/2022; -; Concorrência; -; -
 PREFEITURA MUNICIPAL BALNEÁRIO GAIVOTA;13;2022;13;2022; REF.: AQUISIÇÃO DE TUBOS DE CONCRETO, LAJOTAS E MEIO FIO PARA A MANUTENÇÃO E AMPLIAÇÃO DAS TUBULAÇÕES E PAVIMENTAÇÕES DO MUNICÍPIO, VISANDO ATENDER AS NECESSIDADES DA SECRETARIA DE OBRAS E SERVIÇOS URBANOS, PARA SEREM FORNECIDOS DE FORMA PARCELADA, OBEDECENDO AS ESPECIFICAÇÕES MÍNIMAS CONSTANTES NO EDITAL, TERMO DE REFERÊNCIA E DEMAIS ANEXOS; Pregão presencial; 11/02/2022 08:30; 31/01/2022; Compras e Serviços; MENOR PRECO POR ITEM; 16/02/2022; HOMOLOGADO; -; 31/01/2022; 11/02/2022; -; Pregão presencial; -; -
 PREFEITURA MUNICIPAL BALNEÁRIO GAIVOTA;12;2022;12;2022; REF.: CONTRATAÇÃO DE EMPRESA ESPECIALIZADA PARA PAVIMENTAÇÃO ASFÁLTICA, CICLOFAIXA E PASSEIO PÚBLICO DA AVENIDA BEIRA MAR SUL, COM 538,00M DE EXTENSÃO NO BAIRRO JARDIM ULTRAMAR NO MUNICÍPIO DE BALNEÁRIO GAIVOTA/SC (TRECHO 1), NO MUNICÍPIO DE BALNEÁRIO GAIVOTA/SC; Tomada de preços; 16/02/2022 09:00; 28/01/2022; Obras e Serviços de Engenharia; MENOR PREÇO GLOBAL; 18/02/2022; HOMOLOGADO; -; 28/01/2022; 16/02/2022; -; Tomada de preços; -; -
 PREFEITURA MUNICIPAL BALNEÁRIO GAIVOTA;11;2022;11;2022; REF.: CONTRATAÇÃO DE EMPRESA ESPECIALIZADA PARA PAVIMENTAÇÃO PRIMÁRIA DE VIAS PÚBLICAS NO BAIRRO JARDIM, NO MUNICÍPIO DE BALNEÁRIO GAIVOTA/SC; Tomada de preços; 14/02/2022 14:00; 27/01/2022; Obras e Serviços de Engenharia; MENOR PREÇO GLOBAL; 21/03/2022; HOMOLOGADO; -; 27/01/2022; 14/02/2022; -; Tomada de preços; -; -
 PREFEITURA MUNICIPAL BALNEÁRIO GAIVOTA;10;2022;10;2022; REF.: CONTRATAÇÃO DE EMPRESA ESPECIALIZADA PARA PAVIMENTAÇÃO DA AVENIDA BRASÍLIA COM EXTENSÃO DE 1.207 METROS EM BLOCOS DE CONCRETO SEXTAVADO, ASSENTAMENTO DE MEIO-FIO E SINALIZAÇÃO VIÁRIA, NO BAIRRO TURIMAR, NO MUNICÍPIO DE BALNEÁRIO GAIVOTA/SC; Tomada de preços; 14/02/2022 09:00; 27/01/2022; Obras e Serviços de Engenharia; MENOR PREÇO GLOBAL; 21/03/2022; HOMOLOGADO; -; 27/01/2022; 14/02/2022; -; Tomada de preços; -; -
 PREFEITURA MUNICIPAL BALNEÁRIO GAIVOTA;9;2022;9;2022; AQUISIÇÃO DE GÊNEROS ALIMENTÍCIOS PARA MERENDA ESCOLAR DA REDE MUNICIPAL DE ENSINO FUNDAMENTAL/INFANTIL, GÊNEROS ALIMENTÍCIOS E ARTIGOS DE PADARIA PARA MANUTENÇÃO DAS ATIVIDADES DO SERV. DE CONVIVÊNCIA E FORTALECIMENTO DE VÍNCULOS, CENTRO DE REFERÊNCIA DA ASSISTÊNCIA SOCIAL, OFICINAS DO PROGRAMA BOLSA FAMÍLIA E GÊNEROS ALIMENTÍCIOS PARA MANUTENÇÃO DAS DIVERSAS SECRETARIAS MUNICIPAIS, PARA SEREM FORNECIDOS DE FORMA PARCELADA, OBEDECENDO ÀS ESPECIFICAÇÕES MÍNIMAS CONSTANTES NESTE EDITAL, TERMO DE REFERÊNCIA E DEMAIS ANEXOS; Pregão eletrônico; 09/02/2022 08:00; 26/01/2022; Compras e Serviços; MENOR PRECO POR ITEM; 03/03/2022; HOMOLOGADO; -; 21/01/2022; 09/02/2022; -; Pregão eletrônico; -; -
 PREFEITURA MUNICIPAL BALNEÁRIO GAIVOTA;8;2022;8;2022; AQUISIÇÃO DE MATERIAIS ELÉTRICOS PARA MANUTENÇÃO DA ILUMINAÇÃO PÚBLICA MUNICIPAL DE BALNEÁRIO GAIVOTA/SC, CONFORME QUANTIDADES E EXIGÊNCIAS ESTABELECIDAS NO EDITAL E SEUS ANEXOS; Pregão presencial; 11/02/2022 13:30; 21/01/2022; Compras e Serviços; MENOR PRECO POR ITEM; 15/02/2022; HOMOLOGADO; -; 18/01/2022; 11/02/2022; -; Pregão presencial; -; -
 PREFEITURA MUNICIPAL BALNEÁRIO GAIVOTA;7;2022;7;2022; CONTRATAÇÃO DE EMPRESA ESPECIALIZADA PARA CONSTRUÇÃO DA NOVA ESCOLA DE ENSINO FUNDAMENTAL, NA LOCALIDADE DE VILLAGE DUNAS I, COM ÁREA DE 3.851,00M², NO MUNICÍPIO DE BALNEÁRIO GAIVOTA/SC. CONFORME LOCALIZAÇÃO, CONDIÇÕES, QUANTITATIVOS E DEMAIS INFORMAÇÕES TÉCNICAS CONSTANTES NOS PROJETOS, MEMORIAL DESCRITIVO, PLANILHA ORÇAMENTÁRIA, CRONOGRAMA FÍSICO-FINANCEIRO, PROJETOS, EDITAL E ANEXOS; Concorrência; 18/02/2022 13:30; 19/01/2022; Obras e Serviços de Engenharia; MENOR PREÇO; -; AGUARDANDO; -; 17/01/2022; 18/02/2022; -; Concorrência; -; -
 PREFEITURA MUNICIPAL BALNEÁRIO GAIVOTA;6;2022;6;2022; AQUISIÇÃO DE GÊNEROS ALIMENTÍCIOS DA AGRICULTURA FAMILIAR E EMPREENDEDOR FAMILIAR RURAL E OU SUAS ORGANIZAÇÕES, PARA ATENDER OS ALUNOS MATRICULADOS NAS ESCOLAS DE EDUCAÇÃO INFANTIL E FUNDAMENTAL DA REDE MUNICIPAL DE ENSINO NO EXERCÍCIO DE 2022; Dispensa de licitação; 11/03/2022 09:00; 17/01/2022; Compras e Serviços; SEM COMPETITIVIDADE - Qtd. rateada; 16/03/2022; HOMOLOGADO; -; 13/01/2022; 11/03/2022; -; Dispensa de licitação; -; -
 PREFEITURA MUNICIPAL BALNEÁRIO GAIVOTA;5;2022;5;2022; CONTRATAÇÃO DE EMPRESA PARA CESSÃO DE USO DE SOFTWARE COMPREENDENDO A PRESTAÇÃO DE SERVIÇOS TÉCNICOS ESPECIALIZADOS SENDO INDEXAÇÃO, CONSOLIDAÇÃO, COMPILAÇÃO, VERSIONAMENTO, PUBLICAÇÃO E GERENCIAMENTO ON-LINE DA LEGISLAÇÃO (LEIS ORDINÁRIAS, LEIS COMPLEMENTARES) DO MUNICÍPIO DE BALNEÁRIO GAIVOTA/SC.; Dispensa de licitação; -; -; Prestação de serviços; MELHOR PRECO E TECNICA; 14/01/2022; HOMOLOGADO; -; 12/01/2022;  - ; -; Dispensa de licitação; -; -
 PREFEITURA MUNICIPAL BALNEÁRIO GAIVOTA;3;2022;4;2022; AQUISIÇÃO DE KITS DE MATERIAL ESCOLAR PERSONALIZADOS PARA ALUNOS DA REDE MUNICIPAL DE ENSINO, PARA SEREM FORNECIDOS DE FORMA PARCELADA, OBEDECIDOS AS ESPECIFICAÇÕES MÍNIMAS CONSTANTES NO EDITAL, TERMO DE REFERÊNCIA E DEMAIS ANEXOS; Pregão presencial; 25/01/2022 08:30; 12/01/2022; Compras e Serviços; MENOR PRECO POR ITEM; 25/01/2022; HOMOLOGADO; -; 10/01/2022; 25/01/2022; -; Pregão presencial; -; -
 FUNDO MUNICIPAL SAÚDE BALNEÁRIO GAIVOTA;3;2022;3;2022; REF.: AQUISIÇÃO PARCELADA DE MATÉRIAS AMBULATORIAIS E HOSPITALARES PARA USO DAS UNIDADES BÁSICAS DE SAÚDE DO MUNICÍPIO DE BALNEÁRIO GAIVOTA/SC; Pregão presencial; 18/04/2022 13:15; 05/04/2022; Compras e Serviços; MENOR PRECO POR ITEM; 17/05/2022; HOMOLOGADO; -; 04/04/2022; 18/04/2022; -; Pregão presencial; -; -
 PREFEITURA MUNICIPAL BALNEÁRIO GAIVOTA;4;2022;3;2022; AQUISIÇÃO DE UM TERRENO EM ÁREA URBANA CORRESPONDENTE AO LOTE 05, DA QUADRA 151, NO LOTEAMENTO BALNEÁRIO JARDIM ULTRAMAR, NO MUNICÍPIO DE BALNEÁRIO GAIVOTA, COM ÁREA DE 300,00 M², DESTINADO A AMPLIAÇÃO DO CEI ESTRELINHA DO MAR, SOB MATRÍCULA 33.748; Dispensa de licitação; -; 11/01/2022; Aquisição de bens; MENOR PREÇO; 11/01/2022; HOMOLOGADO; -; 11/01/2022;  - ; -; Dispensa de licitação; -; -
 PREFEITURA MUNICIPAL BALNEÁRIO GAIVOTA;2;2022;2;2022; AQUISIÇÕES DE MATERIAIS DE CONSTRUÇÃO DIVERSOS PARA ATENDER AS NECESSIDADE DA SECRETARIA DE OBRAS E SERVIÇOS URBANOS E DEMAIS SECRETARIAS MUNICIPAIS, PARA SEREM FORNECIDOS DE FORMA PARCELADA, OBEDECIDOS AS ESPECIFICAÇÕES MÍNIMAS CONSTANTES NO EDITAL, TERMO DE REFERÊNCIA E DEMAIS ANEXOS.; Pregão presencial; 24/01/2022 08:00; 10/01/2022; Compras e Serviços; MENOR PRECO POR ITEM; 24/01/2022; HOMOLOGADO; -; 06/01/2022; 24/01/2022; -; Pregão presencial; -; -
 FUNDO MUNICIPAL SAÚDE BALNEÁRIO GAIVOTA;2;2022;2;2022; REF.: AQUISIÇÃO PARCELADA DE MATÉRIAS ODONTOLÓGICOS PARA USO DAS UNIDADES BÁSICAS DE SAÚDE DO MUNICÍPIO DE BALNEÁRIO GAIVOTA/SC; Pregão presencial; 26/04/2022 13:15; 04/04/2022; Compras e Serviços; MENOR PRECO POR ITEM; 28/04/2022; HOMOLOGADO; -; 04/04/2022; 26/04/2022; -; Pregão presencial; -; -
 PREFEITURA MUNICIPAL BALNEÁRIO GAIVOTA;1;2022;1;2022; CONTRATAÇÃO DE EMPRESA ESPECIALIZADA DETENTORA DE PROFISSIONAL(AIS) COM HABILITAÇÃO EM DIREITO E INSCRITO(S) NOS QUADROS DA ORDEM DOS ADVOGADOS DO BRASIL - OAB, PARA PRESTAR SERVIÇOS TÉCNICOS PROFISSIONAIS NA CONDIÇÃO DE ADVOGADO JUNTO AO SETOR DE LICITAÇÕES E CONTRATOS ADMINISTRATIVOS DO MUNICÍPIO DE BALNEÁRIO GAIVOTA/SC; Inexigibilidade de licitação; -; 07/01/2022; Compras e Serviços; MENOR PREÇO; 07/01/2022; HOMOLOGADO; -; 06/01/2022;  - ; -; Inexigibilidade de licitação; -; -
 FUNDO MUNICIPAL SAÚDE BALNEÁRIO GAIVOTA;1;2022;1;2022; REF.: CONTRATAÇÃO DE EMPRESA ESPECIALIZADA EM ENGENHARIA PARA A EXECUÇÃO DE SERVIÇOS TÉCNICOS, COMPREENDENDO ELABORAÇÃO DE ORÇAMENTOS, LEVANTAMENTOS E PROJETOS E DEMAIS SERVIÇOS PERTINENTES NECESSÁRIOS PARA CONFECÇÃO DOS PROJETOS, SENDO DUAS REFORMAS NAS UNIDADE BÁSICAS DE SAÚDE DO MUNICÍPIO DE BALNEÁRIO GAIVOTA/SC; Convite; 28/03/2022 15:30; 04/03/2022; Obras e Serviços de Engenharia; MENOR PREÇO; 31/03/2022; HOMOLOGADO; -; 04/03/2022; 28/03/2022; -; Convite; -; -
 PREFEITURA MUNICIPAL BALNEÁRIO GAIVOTA;121;2021;121;2021; REF. CONTRATAÇÃO DE EMPRESA ESPECIALIZADA PARA PRESTAÇÃO DE SERVIÇOS DE ASSESSORIA/CONSULTORIA NA ÁREA ESPORTIVA, CONFORME CONDIÇÕES PREVISTAS NO EDITAL E ANEXOS; Convite; 23/12/2021 09:15; 16/12/2021; Contratação de serviços; MENOR PREÇO GLOBAL; 23/12/2021; HOMOLOGADO; -; 16/12/2021; 23/12/2021; -; Convite; -; -
 PREFEITURA MUNICIPAL BALNEÁRIO GAIVOTA;120;2021;120;2021; REF.: CONTRATAÇÃO DE SERVIÇOS DE ARBITRAGEM E SUPORTE TÉCNICO PARA REALIZAÇÃO DE DIVERSOS EVENTOS ESPORTIVOS NA TEMPORADA DE VERÃO 2021/2022, CONFORME ESPECIFICAÇÕES CONSTANTES NO TERMO DE REFERÊNCIA (ANEXO I) E DEMAIS CONDIÇÕES DO EDITAL E ANEXOS.; Convite; 20/12/2021 09:15; 13/12/2021; Contratação de serviços; MENOR PRECO POR ITEM; 20/12/2021; HOMOLOGADO; -; 13/12/2021; 20/12/2021; -; Convite; -; -
 PREFEITURA MUNICIPAL BALNEÁRIO GAIVOTA;119;2021;119;2021; REF.: CONTRATAÇÃO DE EMPRESA PARA FORNECIMENTO DE COMBUSTÍVEIS (GASOLINA COMUM, GASOLINA ADITIVADA, DIESEL COMUM E DIESEL S10) E ADITIVO ARLA 32 PARA MANUTENÇÃO DA FROTA MUNICIPAL DURANTE O EXERCÍCIO DE 2022, PARA OS VEÍCULOS MÁQUINAS E EQUIPAMENTOS DO MUNICÍPIO DE BALNEÁRIO GAIVOTA/SC; Pregão eletrônico; 17/12/2021 09:31; 03/12/2021; Compras e Serviços; MENOR PRECO POR ITEM; 23/12/2021; HOMOLOGADO; -; 03/12/2021; 17/12/2021; -; Pregão eletrônico; -; -
 PREFEITURA MUNICIPAL BALNEÁRIO GAIVOTA;118;2021;118;2021; REF.: CONTRATAÇÃO DE EMPRESA ESPECIALIZADA PARA ADEQUAÇÃO DE PISO PARA INSTALAÇÕES DE PLAYGROUNDS INFANTIS NA CEIS, NO MUNICÍPIO DE BALNEÁRIO GAIVOTA/SC. CONFORME LOCALIZAÇÃO, CONDIÇÕES, QUANTITATIVOS E DEMAIS INFORMAÇÕES TÉCNICAS CONSTANTES NOS PROJETOS, MEMORIAL DESCRITIVO, PLANILHA ORÇAMENTÁRIA, CRONOGRAMA FÍSICO-FINANCEIRO, PROJETOS, EDITAL E ANEXOS; Convite; 09/12/2021 15:00; 02/12/2021; Obras e Serviços de Engenharia; MENOR PREÇO GLOBAL; 13/12/2021; HOMOLOGADO; -; 02/12/2021; 09/12/2021; -; Convite; -; -
 PREFEITURA MUNICIPAL BALNEÁRIO GAIVOTA;117;2021;117;2021; REF.: AQUISIÇÃO PARCELADA DE PREMIAÇÃO (TROFÉUS E MEDALHAS) PARA OS EVENTOS ESPORTIVOS E LAZER 2021 E 2022 PARA SUPRIR AS NECESSIDADES DA SECRETARIA DE EDUCAÇÃO, SECRETARIA DE ESPORTE E TURISMO E DEMAIS SECRETARIAS, PARA SEREM FORNECIDOS DE FORMA PARCELADA, OBEDECENDO ÀS ESPECIFICAÇÕES MÍNIMAS CONSTANTES NO EDITAL, TERMO DE REFERÊNCIA E DEMAIS ANEXOS; Convite; 07/12/2021 08:00; 30/11/2021; Compras e Serviços; MENOR PRECO POR ITEM; 07/12/2021; HOMOLOGADO; -; 30/11/2021; 07/12/2021; -; Convite; -; -
 PREFEITURA MUNICIPAL BALNEÁRIO GAIVOTA;116;2021;116;2021; REF.: AQUISIÇÃO DE ESCAVADEIRA ANFÍBIA PARA ATENDIMENTO DA SECRETARIA DA AGRICULTURA PESCA E MEIO AMBIENTE, NAS CONDIÇÕES FIXADAS NO EDITAL PARA SEREM FORNECIDOS, CONFORME ESPECIFICAÇÕES TÉCNICAS.; Pregão presencial; 13/12/2021 14:30; 30/11/2021; Compras e Serviços; MENOR PRECO POR ITEM; 13/12/2021; HOMOLOGADO; -; 29/11/2021; 13/12/2021; -; Pregão presencial; -; -
 PREFEITURA MUNICIPAL BALNEÁRIO GAIVOTA;115;2021;115;2021; REF.: AQUISIÇÃO DE VEÍCULOS ZERO KM, ANO/MODELO 2021/2022, TIPO HATCH, PARA AS SECRETARIAS MUNICIPAIS DO MUNICÍPIO DE BALNEÁRIO GAIVOTA/SC; Pregão presencial; 09/12/2021 09:00; 29/11/2021; Compras e Serviços; MENOR PRECO POR ITEM; 09/12/2021; HOMOLOGADO; -; 29/11/2021; 09/12/2021; -; Pregão presencial; -; -
 PREFEITURA MUNICIPAL BALNEÁRIO GAIVOTA;114;2021;114;2021; REF.: CONTRATAÇÃO DE EMPRESA ESPECIALIZADA PARA EXECUÇÃO DE OBRA DE DESLOCAMENTO DE REDE DO SISTEMA DE ILUMINAÇÃO PÚBLICA DO MUNICÍPIO, CONFORME NOTA PS: 400493269 E PLANILHA ORÇAMENTÁRIA EM ANEXO AO EDITAL; Convite; 02/12/2021 14:00; 25/11/2021; Obras e Serviços de Engenharia; MENOR PREÇO GLOBAL; 06/12/2021; HOMOLOGADO; -; 25/11/2021; 02/12/2021; -; Convite; -; -
 PREFEITURA MUNICIPAL BALNEÁRIO GAIVOTA;113;2021;113;2021; REF.: CONTRATAÇÃO DE EMPRESA ESPECIALIZADA PARA COMPLEMENTAÇÃO DE DRENAGEM PLUVIAL DE TRECHO DA AVENIDA BEIRA MAR NORTE, LOTEAMENTO VILLAGE DUNAS I, EM BALNEÁRIO GAIVOTA/SC; Convite; 01/12/2021 09:00; 24/11/2021; Obras e Serviços de Engenharia; MENOR PREÇO GLOBAL; 03/12/2021; HOMOLOGADO; -; 24/11/2021; 01/12/2021; -; Convite; -; -
 PREFEITURA MUNICIPAL BALNEÁRIO GAIVOTA;112;2021;112;2021; REF.: CONTRATAÇÃO DE EMPRESA ESPECIALIZADA PARA EXECUÇÃO DOS SERVIÇOS DE COLETA, TRANSPORTE, TRIAGEM E DESTINAÇÃO FINAL DE RESÍDUOS INERTES, CONFORME QUANTIDADES MENSAIS ESTABELECIDAS EM CONFORMIDADE COM EDITAL E SEUS ANEXOS EM ESPECIAL O DISPOSTO NO ANEXO I - TERMO DE REFERÊNCIA; Pregão presencial; 30/11/2021 09:30; 18/11/2021; Contratação de serviços; MENOR PREÇO GLOBAL; 30/11/2021; HOMOLOGADO; -; 18/11/2021; 30/11/2021; -; Pregão presencial; -; -
 PREFEITURA MUNICIPAL BALNEÁRIO GAIVOTA;111;2021;111;2021; REF.: CONTRATAÇÃO DE EMPRESA ESPECIALIZADA PARA SERVIÇOS DE TERRAPLENAGEM E PAVIMENTAÇÃO COM ASFALTO DA RUA A COM 460,00M DE EXTENSÃO NO BAIRRO FIGUEIRINHA NO MUNICÍPIO DE BALNEÁRIO GAIVOTA/SC.; Tomada de Preço; 08/12/2021 09:00; 16/11/2021; Obras e Serviços de Engenharia; MENOR PREÇO GLOBAL; 17/03/2022; HOMOLOGADO; -; 16/11/2021; 08/12/2021; -; Tomada de Preço; -; -
 PREFEITURA MUNICIPAL BALNEÁRIO GAIVOTA;110;2021;110;2021; REF.: CONTRATAÇÃO DE EMPRESA ESPECIALIZADA PARA CONSTRUÇÃO DA APAE, NA AV. ALVIM MANOEL CARDOSO, BAIRRO SANTA RITA DE CÁSSIA, COM 1333,11M² DE ÁREA, MUNICÍPIO DE BALNEÁRIO GAIVOTA/SC.; Tomada de Preço; 06/12/2021 13:30; 12/11/2021; Obras e Serviços de Engenharia; MENOR PREÇO GLOBAL; 06/12/2021; HOMOLOGADO; -; 12/11/2021; 06/12/2021; -; Tomada de Preço; -; -
 PREFEITURA MUNICIPAL BALNEÁRIO GAIVOTA;109;2021;109;2021; REF.: DESAPROPRIAÇÃO PARA COMPLEMENTAÇÃO DA RUA PALMAS, COM ÁREA DE 12,74 M² DO LOTE 2 DA QUADRA IV NO LOTEAMENTO SÃO BRAS NO MUNICIPIO DE BALNEÁRIO GAIVOTA/SC, SOB MATRÍCULA 42.098.; Dispensa de licitação; -; 12/11/2021; Compras e Serviços; MENOR PRECO POR ITEM; 12/11/2021; HOMOLOGADO; -; 12/11/2021;  - ; -; Dispensa de licitação; -; -
 PREFEITURA MUNICIPAL BALNEÁRIO GAIVOTA;108;2021;108;2021; REF.: AQUISIÇÃO DE EQUIPAMENTO AGRÍCOLA PARA ATENDIMENTO DA SECRETARIA DA AGRICULTURA PESCA E MEIO AMBIENTE, NAS CONDIÇÕES FIXADAS NO EDITAL PARA SEREM FORNECIDOS, CONFORME ESPECIFICAÇÕES TÉCNICAS; Pregão presencial; 25/11/2021 14:30; 12/11/2021; Compras e Serviços; MENOR PRECO POR ITEM; 26/11/2021; HOMOLOGADO; -; 12/11/2021; 25/11/2021; -; Pregão presencial; -; -
 PREFEITURA MUNICIPAL BALNEÁRIO GAIVOTA;107;2021;107;2021; Ref.: prestação, pela CAIXA, dos seguintes serviços à CONTRATANTE em caráter de EXCLUSIVIDADE a centralização e processamento de créditos provenientes de 100% (cem por cento) da folha de pagamento do Município e seus fundos, abrangendo servidores ativos, inativos e pensionistas e créditos em favor de estagiários ou qualquer outra pessoa que mantenha ou venha a manter vínculo de remuneração com a CONTRATANTE, centralização e manutenção na CAIXA da arrecadação e/ou cobrança bancária do IPTU e ....; Dispensa de licitação; -; 12/11/2021; Aquisição de bens; MAIOR OFERTA; 12/11/2021; HOMOLOGADO; -; 11/11/2021;  - ; -; Dispensa de licitação; -; -
 PREFEITURA MUNICIPAL BALNEÁRIO GAIVOTA;106;2021;106;2021; REF.: CONTRATAÇÃO DE EMPRESA ESPECIALIZADA PARA CONSTRUÇÃO DA NOVA ESCOLA DE ENSINO FUNDAMENTAL, NA LOCALIDADE DE VILLAGE DUNAS I, COM ÁREA DE 3.851,00M², NO MUNICÍPIO DE BALNEÁRIO GAIVOTA/SC.; Concorrência; 10/12/2021 13:30; 10/11/2021; Obras e Serviços de Engenharia; MENOR PREÇO; 08/03/2022; HOMOLOGADO; -; 10/11/2021; 10/12/2021; -; Concorrência; -; -
 PREFEITURA MUNICIPAL BALNEÁRIO GAIVOTA;105;2021;105;2021; REF.: CONTRATAÇÃO DE EMPRESA(S) TECNICAMENTE ESPECIALIZADA(S) NA LOCAÇÃO, MONTAGEM E DESMONTAGEM DE ESTRUTURAS DE SONORIZAÇÃO PROFISSIONAL, ILUMINAÇÃO PROFISSIONAL, TRIOS ELÉTRICOS E OUTRAS ESTRUTURAS TEMPORÁRIAS, PARA ATENDER AOS DIVERSOS EVENTOS PROMOVIDOS E/OU APOIADOS PELA PREFEITURA MUNICIPAL DE BALNEÁRIO GAIVOTA/SC; Pregão presencial; 23/11/2021 08:30; 10/11/2021; Contratação de serviços; MENOR PRECO POR ITEM; 23/11/2021; HOMOLOGADO; -; 10/11/2021; 23/11/2021; -; Pregão presencial; -; -
 PREFEITURA MUNICIPAL BALNEÁRIO GAIVOTA;104;2021;104;2021; CONTRATAÇÃO DE EMPRESA(S) TECNICAMENTE ESPECIALIZADA(S) NA LOCAÇÃO, MONTAGEM E DESMONTAGEM DE ESTRUTURAS DE PALCO, PALANQUE, TENDAS, TABLADO DE MADEIRA, ESTANDES, GRADES, BARRICADA, OUTRAS ESTRUTURAS TEMPORÁRIAS, SERVIÇO DE SEGURANÇA PRIVADA, PARA ATENDER AOS DIVERSOS EVENTOS PROMOVIDOS E/OU APOIADOS PELA PREFEITURA MUNICIPAL DE BALNEÁRIO GAIVOTA/SC, CONFORME ESPECIFICAÇÕES CONSTANTES NO ANEXOS I - TERMO DE REFERÊNCIA E DEMAIS CONDIÇÕES CONSTANTES NO EDITAL E ANEXOS; Pregão presencial; 22/11/2021 14:00; 09/11/2021; Contratação de serviços; MENOR PRECO POR ITEM; 22/11/2021; HOMOLOGADO; -; 09/11/2021; 22/11/2021; -; Pregão presencial; -; -
 PREFEITURA MUNICIPAL BALNEÁRIO GAIVOTA;103;2021;103;2021; REF.: CONTRATAÇÃO DE EMPRESA ESPECIALIZADA PARA SERVIÇOS DE TERRAPLENAGEM, DRENAGEM PLUVIAL E PAVIMENTAÇÃO ASFÁLTICA DA RODOVIA JORGE FLORIANO, TRECHO 02, KM 03, LOCALIDADE DE RUA NOVA, MUNICÍPIO DE BALNEÁRIO GAIVOTA/SC. CONFORME LOCALIZAÇÃO, CONDIÇÕES, QUANTITATIVOS E DEMAIS INFORMAÇÕES TÉCNICAS CONSTANTES NOS PROJETOS, MEMORIAL DESCRITIVO, PLANILHA ORÇAMENTÁRIA, CRONOGRAMA FÍSICO-FINANCEIRO, PROJETOS, EDITAL E ANEXOS; Tomada de Preço; 02/12/2021 09:00; 09/11/2021; Obras e Serviços de Engenharia; MENOR PREÇO GLOBAL; 02/12/2021; HOMOLOGADO; -; 08/11/2021; 02/12/2021; -; Tomada de Preço; -; -
 PREFEITURA MUNICIPAL DE BALNEARIO GAIVOTA;102;2021;102;2021; REF.: CONTRATAÇÃO DE EMPRESA ESPECIALIZADA NO RAMO DE TECNOLOGIA DA INFORMAÇÃO PARA PRESTAÇÃO DE SERVIÇOS PARA SOLUÇÃO TECNOLÓGICA WEB INTEGRADA PARA GESTÃO PÚBLICA MUNICIPAL, ENVOLVENDO A CONCESSÃO DE LICENÇA DE USO DE SOFTWARE E SERVIÇOS CORRELATOS, OBJETIVANDO A LOCAÇÃO DE SOFTWARE WEB PARA O MUNICÍPIO DE BALNEÁRIO GAIVOTA/SC CONFORME COM AS ESPECIFICAÇÕES CONSTANTES DESTE TERMO DE REFERÊNCIA E DEMAIS ANEXOS DO EDITAL.; Pregão presencial; 22/11/2021 08:30; 08/11/2021; Contratação de serviços; MENOR PREÇO GLOBAL; 29/11/2021; HOMOLOGADO; -; 08/11/2021; 22/11/2021; -; Licitação;R$ 857.464,87;R$ 707.592,28
 PREFEITURA MUNICIPAL BALNEÁRIO GAIVOTA;101;2021;101;2021; REF.: CONTRATAÇÃO DE EMPRESA ESPECIALIZADA PARA SERVIÇOS DE TERRAPLENAGEM E PAVIMENTAÇÃO COM ASFALTO DO TRECHO DA RODOVIA ALMIRO MANOEL DE SOUZA COM 861,58M DE EXTENSÃO NO BAIRRO FIGUEIRINHA NO MUNICÍPIO DE BALNEÁRIO GAIVOTA/SC. CONFORME LOCALIZAÇÃO, CONDIÇÕES, QUANTITATIVOS E DEMAIS INFORMAÇÕES TÉCNICAS CONSTANTES NOS PROJETOS, MEMORIAL DESCRITIVO, PLANILHA ORÇAMENTÁRIA, CRONOGRAMA FÍSICO-FINANCEIRO, PROJETOS, EDITAL E ANEXOS.; Tomada de Preço; 15/12/2021 09:00; 01/11/2021; Obras e Serviços de Engenharia; MENOR PREÇO GLOBAL; 17/03/2022; HOMOLOGADO; -; 01/11/2021; 15/12/2021; -; Tomada de Preço; -; -
 PREFEITURA MUNICIPAL BALNEÁRIO GAIVOTA;100;2021;100;2021; PRESTAÇÃO DE SERVIÇOS EDUCACIONAIS NA MODALIDADE DE CAPACITAÇÃO E ATUALIZAÇÃO PROFISSIONAL AOS PROFISSIONAIS ATUANTES NA REDE MUNICIPAL DE EDUCAÇÃO BÁSICA DO MUNICÍPIO DE BALNEÁRIO GAIVOTA, BEM COMO REDAÇÃO E CONSTRUÇÃO DO PLANO PEDAGÓGICO - PPP DO ENSINO MUNICIPAL; Dispensa de licitação; -; 01/11/2021; Contratação de serviços; MENOR PRECO POR ITEM; 01/11/2021; HOMOLOGADO; -; 01/11/2021;  - ; -; Dispensa de licitação; -; -
 PREFEITURA MUNICIPAL BALNEÁRIO GAIVOTA;99;2021;99;2021; Curso de capacitação em Comprometimento e Relacionamento Institucional - A Confiança que vem antes do Cargo.; Dispensa de licitação; -; -; Compras e Serviços; MENOR PRECO POR ITEM; 25/10/2021; HOMOLOGADO; -; 25/10/2021;  - ; -; Dispensa de licitação; -; -
 PREFEITURA MUNICIPAL BALNEÁRIO GAIVOTA;98;2021;98;2021; REF.: A AQUISIÇÃO PARCELADA DE MATERIAL ESPORTIVO PARA SUPRIR AS NECESSIDADES DA SECRETARIA DE EDUCAÇÃO, SECRETARIA DE ESPORTE E TURISMO E DEMAIS SECRETARIAS, PARA SEREM FORNECIDOS DE FORMA PARCELADA, OBEDECIDOS AS ESPECIFICAÇÕES MÍNIMAS CONSTANTES NO EDITAL, TERMO DE REFERÊNCIA E DEMAIS ANEXOS.; Pregão presencial; 08/11/2021 08:15; 25/10/2021; Compras e Serviços; MENOR PRECO POR ITEM; 10/12/2021; HOMOLOGADO; -; 25/10/2021; 08/11/2021; -; Pregão presencial; -; -
 PREFEITURA MUNICIPAL BALNEÁRIO GAIVOTA;97;2021;97;2021;" Contratação de empresa especializada em prestação de serviços de Consultoria e Treinamento na implementação da Leei 13.709/2018, LGPD Lei Geral de Proteção de Dados.
do Município de Balneário Gaivota/SC."; Dispensa de licitação; 21/10/2021 08:01; 21/10/2021; Compras e Serviços; MENOR PRECO POR ITEM; 22/10/2021; HOMOLOGADO; -; 21/10/2021; 21/10/2021; -; Dispensa de licitação; -; -
 PREFEITURA MUNICIPAL BALNEÁRIO GAIVOTA;96;2021;96;2021; REF.: A CONTRATAÇÃO DE EMPRESA ESPECIALIZADA PARA REFORMA E AMPLIAÇÃO DO CENTRO DE EDUCAÇÃO INFANTIL TIA BENTA, NO MUNICÍPIO DE BALNEÁRIO GAIVOTA/SC; Convite; 25/10/2021 09:00; 18/10/2021; Obras e Serviços de Engenharia; MENOR PREÇO GLOBAL; 26/10/2021; HOMOLOGADO; -; 18/10/2021; 25/10/2021; -; Convite; -; -
 PREFEITURA MUNICIPAL BALNEÁRIO GAIVOTA;95;2021;95;2021; REF.: CONTRATAÇÃO DE EMPRESA PARA INSTALAÇÃO DE PARQUES INFANTIS COM ESTRUTURA FABRICADO EM MADEIRA PLÁSTICA, COM PINTURA DAS FERRAGENS EM PINTURA A PÓ ELETROSTÁTICA E EQUIPAMENTOS/BRINQUEDOS, A SEREM INSTALADOS NAS ESCOLAS DA REDE MUNICIPAL DE ENSINO INFANTIL, CONFORME, QUANTITATIVOS E DETALHAMENTO DO ANEXO I - TERMO DE REFERÊNCIA E DEMAIS CONDIÇÕES CONSTANTES NO EDITAL E SEUS ANEXOS; Pregão presencial; 29/10/2021 08:30; 20/10/2021; Compras e Serviços; MENOR PRECO POR ITEM; 29/10/2021; HOMOLOGADO; -; 11/10/2021; 29/10/2021; -; Pregão presencial; -; -
 PREFEITURA MUNICIPAL BALNEÁRIO GAIVOTA;94;2021;94;2021; REF.: AQUISIÇÃO DE VEÍCULO ZERO KM, ANO/MODELO 2021/2022, TIPO SUV, PARA USO DO MUNICÍPIO DE BALNEÁRIO GAIVOTA/SC.; Pregão presencial; 22/10/2021 14:30; 11/10/2021; Compras e Serviços; MENOR PRECO POR ITEM; 22/10/2021; HOMOLOGADO; -; 11/10/2021; 22/10/2021; -; Pregão presencial; -; -
 PREFEITURA MUNICIPAL BALNEÁRIO GAIVOTA;93;2021;93;2021; REF.: AQUISIÇÃO DE EQUIPAMENTO AGRÍCOLA PARA ATENDIMENTO DA SECRETARIA DA AGRICULTURA PESCA E MEIO AMBIENTE, NAS CONDIÇÕES FIXADAS NO EDITAL PARA SEREM FORNECIDOS, CONFORME ESPECIFICAÇÕES TÉCNICAS.; Pregão presencial; 22/10/2021 08:30; 11/10/2021; Compras e Serviços; MENOR PRECO POR ITEM; 27/10/2021; HOMOLOGADO; -; 08/10/2021; 22/10/2021; -; Pregão presencial; -; -
 PREFEITURA MUNICIPAL BALNEÁRIO GAIVOTA;92;2021;92;2021; REF.: AQUISIÇÃO DE MADEIRA COM OU SEM TRATAMENTO, DESTINADOS A MANUTENÇÃO DAS SECRETARIAS MUNICIPAIS DO MUNICÍPIO, PARA SEREM FORNECIDOS DE FORMA PARCELADA.; Pregão presencial; 19/10/2021 08:30; 05/10/2021; Compras e Serviços; MENOR PRECO POR ITEM; 19/10/2021; HOMOLOGADO; -; 04/10/2021; 19/10/2021; -; Pregão presencial; -; -
 PREFEITURA MUNICIPAL BALNEÁRIO GAIVOTA;91;2021;91;2021; REF.: A CONTRATAÇÃO DE EMPRESA ESPECIALIZADA PARA REFORMA E AMPLIAÇÃO DA CEI ESTRELINHA DO MAR COM 520,92M², SITUADA NA AVENIDA ALVIN MANOEL CARDOSO, S/Nº, ESQUINA COM A AVENIDA INTERPRAIAS, LOTEAMENTO BALNEÁRIO JARDIM ULTRAMAR, NO MUNICÍPIO DE BALNEÁRIO GAIVOTA/SC. CONFORME LOCALIZAÇÃO, CONDIÇÕES, QUANTITATIVOS E DEMAIS INFORMAÇÕES TÉCNICAS CONSTANTES NOS PROJETOS, MEMORIAL DESCRITIVO, PLANILHA ORÇAMENTÁRIA, CRONOGRAMA FÍSICO-FINANCEIRO, PROJETOS, EDITAL E ANEXOS.; Convite; 08/10/2021 09:00; 01/10/2021; Obras e Serviços de Engenharia; MENOR PRECO POR ITEM; 08/10/2021; HOMOLOGADO; -; 01/10/2021; 08/10/2021; -; Convite; -; -
 PREFEITURA MUNICIPAL BALNEÁRIO GAIVOTA;90;2021;90;2021; REF.: CONTRATAÇÃO DE PROFESSORES PARA MINISTRAR AULAS DE CORTE E COSTURA VINCULADA À SECRETARIA MUNICIPAL DE INDÚSTRIA E COMÉRCIO CONFORME ESPECIFICAÇÕES CONSTANTES NO ANEXO I - TERMO DE REFERÊNCIA E DEMAIS CONDIÇÕES CONSTANTES NO EDITAL E ANEXOS; Convite; 08/10/2021 14:01; 27/09/2021; Contratação de serviços; MENOR PRECO POR ITEM; 08/10/2021; HOMOLOGADO; -; 27/09/2021; 08/10/2021; -; Convite; -; -
 PREFEITURA MUNICIPAL BALNEÁRIO GAIVOTA;89;2021;89;2021; Tem por objeto a escolha da proposta mais vantajosa para contratação de pessoa jurídica, especializada no ramo de engenharia, com a finalidade de elaboração de projeto elétrico para escola a ser implantada no Município de Balneário Gaivota/SC, conforme anexos e valores constantes na proposta de preços; Dispensa de licitação; -; 27/09/2021; Aquisição de bens; MENOR PRECO POR ITEM; 27/09/2021; HOMOLOGADO; -; 27/09/2021;  - ; -; Dispensa de licitação; -; -
 PREFEITURA MUNICIPAL BALNEÁRIO GAIVOTA;88;2021;88;2021; REF.: CONTRATAÇÃO DE EMPRESA PARA FORNECIMENTO DE CBUQ (CONCRETO BETUMINOSO USINADO A QUENTE), PARA UTILIZAÇÃO DE REPAROS/REFORÇO DE BASE PARA PAVIMENTAÇÃO ASFÁLTICA NOS TERMOS ESTABELECIDOS NO ANEXO I - TERMO DE REFERÊNCIA DESTE EDITAL E SEUS ANEXOS.; Pregão presencial; 06/10/2021 14:15; 24/09/2021; Compras e Serviços; MENOR PRECO POR ITEM; 06/10/2021; HOMOLOGADO; -; 23/09/2021; 06/10/2021; -; Pregão presencial; -; -
 PREFEITURA MUNICIPAL BALNEÁRIO GAIVOTA;87;2021;87;2021; REF.: CONTRATAÇÃO DE EMPRESA ESPECIALIZADA PARA PRESTAÇÃO DE SERVIÇOS PARA MANUTENÇÃO CORRETIVA E PREVENTIVA, DE APARELHOS DE AR CONDICIONADO, DAS SECRETARIAS MUNICIPAIS DE BALNEÁRIO GAIVOTA/SC.; Convite; 30/09/2021 14:01; 23/09/2021; Contratação de serviços; MENOR PRECO POR ITEM; 30/09/2021; HOMOLOGADO; -; 23/09/2021; 30/09/2021; -; Convite; -; -
 PREFEITURA MUNICIPAL BALNEÁRIO GAIVOTA;86;2021;86;2021; Contratação de empresa especializada em prestação de serviços para planejamento, elaboração, divulgação na internet, execução e realização das provas e divulgação de todas as etapas de Processo Seletivo Simplificado para o provimento de cargo de pessoal do tipo ACT do Município de Balneário Gaivota/SC.; Dispensa de licitação; 21/09/2021 08:01; 22/09/2021; Compras e Serviços; MENOR PRECO POR ITEM; 23/09/2021; HOMOLOGADO; -; 21/09/2021; 21/09/2021; -; Dispensa de licitação; -; -
 PREFEITURA MUNICIPAL BALNEÁRIO GAIVOTA;85;2021;85;2021; REF.: A CONTRATAÇÃO DE EMPRESA ESPECIALIZADA PARA REFORMA E CONSTRUÇÃO DE MURO DA EEF ALBINO BERNARDINO DE MELO, SITUADA NO BAIRRO RUA NOVA, NO MUNICÍPIO DE BALNEÁRIO GAIVOTA/SC. CONFORME LOCALIZAÇÃO, CONDIÇÕES, QUANTITATIVOS E DEMAIS INFORMAÇÕES TÉCNICAS CONSTANTES NOS PROJETOS, MEMORIAL DESCRITIVO, PLANILHA ORÇAMENTÁRIA, CRONOGRAMA FÍSICO-FINANCEIRO, PROJETOS, EDITAL E ANEXOS; Convite; 28/09/2021 09:00; 21/09/2021; Obras e Serviços de Engenharia; MENOR PREÇO GLOBAL; 05/10/2021; HOMOLOGADO; -; 21/09/2021; 28/09/2021; -; Convite; -; -
 PREFEITURA MUNICIPAL BALNEÁRIO GAIVOTA;84;2021;84;2021; Ref.: Contratação de empresa especializada em prestação de serviços para planejamento, elaboração, divulgação na internet, execução e realização das provas e divulgação de todas as etapas de Processo Seletivo Simplificado para o provimento de cargo de pessoal do tipo ACT do Município de Balneário Gaivota/SC.; Dispensa de licitação; 14/09/2021 08:01; 15/09/2021; Contratação de serviços; MENOR PRECO POR ITEM; -; REVOGADO; -; 14/09/2021; 14/09/2021; 17/09/2021; Dispensa de licitação; -; -
 PREFEITURA MUNICIPAL BALNEÁRIO GAIVOTA;83;2021;83;2021; REF.: CONTRATAÇÃO DE EMPRESA ESPECIALIZADA PARA FORNECER EM LOCAÇÃO RELÓGIOS PONTO COM LEITURA BIOMÉTRICA DE IMPRESSÃO DIGITAL, INCLUINDO SOFTWARE, COMUNICAÇÃO TCP/IP, USB E WEB SERVER EMBARCADO E SUPORTE TÉCNICO ESPECIALIZADO, PARA CONTROLE DO PONTO DOS SERVIDORES PÚBLICOS DA PREFEITURA MUNICIPAL DE BALNEÁRIO GAIVOTA/SC, FUNDO E AUTARQUIAS.; Convite; 21/09/2021 14:01; 13/09/2021; Contratação de serviços; MENOR PREÇO GLOBAL; 22/09/2021; HOMOLOGADO; -; 13/09/2021; 21/09/2021; -; Convite; -; -
 PREFEITURA MUNICIPAL BALNEÁRIO GAIVOTA;82;2021;82;2021; REF.: A CONTRATAÇÃO DE EMPRESA ESPECIALIZADA PARA REFORMA DA CRECHE CEI LIBÂNIA PEREIRA MARTINS QUE POSSUI UMA ÁREA TOTAL CONSTRUÍDA DE 369,52M², SITUADA NA ESTRADA JORGE FLORIANO BORGES, BAIRRO RIO NOVO, NO MUNICÍPIO DE BALNEÁRIO GAIVOTA/SC; Convite; 17/09/2021 09:00; 10/09/2021; Obras e Serviços de Engenharia; MENOR PREÇO GLOBAL; 17/09/2021; HOMOLOGADO; -; 10/09/2021; 17/09/2021; -; Convite; -; -
 PREFEITURA MUNICIPAL BALNEÁRIO GAIVOTA;81;2021;81;2021; REF: AQUISIÇÃO PARCELADA DE MATERIAL DE EXPEDIENTE PARA SUPRIR AS NECESSIDADES DA SECRETARIA DE ADMINISTRAÇÃO E FINANÇAS, SECRETARIA DE ARRECADAÇÃO MUNICIPAL, SECRETARIA MUNICIPAL DE SAÚDE, SECRETARIA DE EDUCAÇÃO E MATERIAL ESCOLAR DE DISTRIBUIÇÃO GRATUITA PARA A REDE MUNICIPAL DE ENSINO.; Pregão presencial; 24/09/2021 08:30; 13/09/2021; Compras e Serviços; MENOR PRECO POR ITEM; 05/10/2021; HOMOLOGADO; -; 10/09/2021; 24/09/2021; -; Pregão presencial; -; -
 PREFEITURA MUNICIPAL BALNEÁRIO GAIVOTA;80;2021;80;2021; SERVIÇOS DE TERRAPLENAGEM, DRENAGEM PLUVIAL E PAVIMENTAÇÃO ASFÁLTICA CONFORME PROJETO, ORÇAMENTO E MEMORIAL DESCRITIVOS, PARA RODOVIA JORGE FLORIANO, TRECHO 02, KM 02, LOCALIDADE DE RUA NOVA, MUNICÍPIO DE BALNEÁRIO GAIVOTA/SC; Tomada de Preço; 06/10/2021 09:00; 08/09/2021; Obras e Serviços de Engenharia; MENOR PREÇO GLOBAL; 06/10/2021; HOMOLOGADO; -; 08/09/2021; 06/10/2021; -; Tomada de Preço; -; -
 PREFEITURA MUNICIPAL BALNEÁRIO GAIVOTA;79;2021;79;2021; REF.: AQUISIÇÃO DE CONTÊINER TIPO DRY HC DE 40 PÉS PARA POSTOS DE GUARDA VIDAS, CONFORME CONDIÇÕES, QUANTIDADES E EXIGÊNCIAS ESTABELECIDAS EM EDITAL E SEUS ANEXOS.; Pregão presencial; 23/09/2021 14:30; 08/09/2021; Compras e Serviços; MENOR PRECO POR ITEM; 23/09/2021; HOMOLOGADO; -; 08/09/2021; 23/09/2021; -; Pregão presencial; -; -
 PREFEITURA MUNICIPAL BALNEÁRIO GAIVOTA;78;2021;78;2021; REF.: AQUISIÇÃO DE UNIFORMES ESCOLARES PARA OS ALUNOS DA REDE MUNICIPAL DE ENSINO, NAS CONDIÇÕES FIXADAS NO EDITAL PARA SEREM FORNECIDOS, CONFORME ESPECIFICAÇÕES TÉCNICAS.; Pregão presencial; 15/09/2021 08:30; 01/09/2021; Compras e Serviços; MENOR PREÇO POR LOTE; 28/09/2021; HOMOLOGADO; -; 31/08/2021; 15/09/2021; -; Pregão presencial; -; -
 PREFEITURA MUNICIPAL BALNEÁRIO GAIVOTA;77;2021;77;2021; REF.: AQUISIÇÕES DE MÓVEIS, DESTINADOS AOS CENTROS DE EDUCAÇÃO INFANTIL, ESCOLAS E MANUTENÇÃO DAS ATIVIDADES DO SERV. DE CONVIVÊNCIA E FORTALECIMENTO DE VÍNCULOS E DIVERSAS SECRETARIAS MUNICIPAIS, PARA SER FORNECIDO DE FORMA PARCELADA, OBEDECENDO ÀS ESPECIFICAÇÕES MÍNIMAS CONSTANTES NO EDITAL, TERMO DE REFERÊNCIA E DEMAIS ANEXOS.; Pregão presencial; 14/09/2021 08:30; 31/08/2021; Compras e Serviços; MENOR PRECO POR ITEM; 14/09/2021; HOMOLOGADO; -; 30/08/2021; 14/09/2021; -; Pregão presencial; -; -
 PREFEITURA MUNICIPAL BALNEÁRIO GAIVOTA;76;2021;76;2021; REF.: CONTRATAÇÃO DE EMPRESA ESPECIALIZADA PARA SERVIÇOS DE PAVIMENTAÇÃO ASFÁLTICA NA RODOVIA JORGE FLORIANO, TRECHO 02, KM 01, LOCALIDADE DE RUA NOVA, MUNICÍPIO DE BALNEÁRIO GAIVOTA/SC. CONFORME LOCALIZAÇÃO, CONDIÇÕES, QUANTITATIVOS E DEMAIS INFORMAÇÕES TÉCNICAS CONSTANTES NOS PROJETOS, MEMORIAL DESCRITIVO, PLANILHA ORÇAMENTÁRIA, CRONOGRAMA FÍSICO-FINANCEIRO, PROJETOS, EDITAL E ANEXOS; Tomada de Preço; 23/09/2021 09:00; 30/08/2021; Obras e Serviços de Engenharia; MENOR PREÇO GLOBAL; 23/09/2021; HOMOLOGADO; -; 30/08/2021; 23/09/2021; -; Tomada de Preço; -; -
 PREFEITURA MUNICIPAL BALNEÁRIO GAIVOTA;75;2021;75;2021; REF.: CONTRATAÇÃO EXECUÇÃO DE SERVIÇOS ROTINEIROS PARA REPERFILAGEM, RECUPERAÇÃO E MANUTENÇÃO ASFÁLTICA, NAS RODOVIAS, ESTRADAS, RUAS E AVENIDAS MUNICIPAIS E/OU MUNICIPALIZADAS, LOCALIZADAS NO MUNICÍPIO DE BALNEÁRIO GAIVOTA/SC, CONFORME ESPECIFICAÇÕES CONSTANTES NO ANEXO I - TERMO DE REFERÊNCIA E DEMAIS CONDIÇÕES CONSTANTES NO EDITAL E ANEXOS.; Pregão presencial; 08/09/2021 14:30; 24/08/2021; Contratação de serviços; MENOR PREÇO POR LOTE; 08/09/2021; HOMOLOGADO; -; 23/08/2021; 08/09/2021; -; Pregão presencial; -; -
 PREFEITURA MUNICIPAL BALNEÁRIO GAIVOTA;74;2021;74;2021; REF.: PRESTAÇÃO DE SERVIÇOS DE CAMINHÃO BASCULANTE TRUCADO COM CAPACIDADE MÍNIMA DE 12 M², PARA EFETUAR TRANSPORTE DE MATERIAL, POR QUILÔMETRO PERCORRIDO, MUNICIPAL, INTERMUNICIPAL E INTERESTADUAL, COM COMBUSTÍVEL E MOTORISTA, PARA ATENDER AS NECESSIDADES DA MUNICIPALIDADE.; Pregão presencial; 03/09/2021 09:30; 24/08/2021; Contratação de serviços; MENOR PRECO POR ITEM; 09/09/2021; HOMOLOGADO; -; 23/08/2021; 03/09/2021; -; Pregão presencial; -; -
 PREFEITURA MUNICIPAL BALNEÁRIO GAIVOTA;73;2021;73;2021; REF.: CONTRATAÇÃO DE EMPRESA ESPECIALIZADA PARA FORNECIMENTO DE LAJOTA (MODELO SEXTAVADO), PARA PAVIMENTAÇÃO E/OU RECUPERAÇÃO DE DIVERSAS VIAS DO MUNICÍPIO DE BALNEÁRIO GAIVOTA/SC.; Pregão eletrônico; 03/09/2021 08:01; 24/08/2021; Compras e Serviços; MENOR PRECO POR ITEM; -; REVOGADO; -; 23/08/2021; 03/09/2021; 23/12/2021; Pregão eletrônico; -; -
 PREFEITURA MUNICIPAL BALNEÁRIO GAIVOTA;72;2021;72;2021; REF.: AQUISIÇÃO DE UM TERRENO RURAL SITUADO NO LUGAR TAPERA-FIGUEIRINHA, DISTRITO E MUNICIPIO DE BALNEÁRIO GAIVOTA/SC, SOB MATRÍCULA 65.462. DE 38.797,36M².; Dispensa de licitação; 18/08/2021 15:01; 18/08/2021; Compras e Serviços; MENOR PRECO POR ITEM; 18/08/2021; HOMOLOGADO; -; 18/08/2021; 18/08/2021; -; Dispensa de licitação; -; -
 PREFEITURA MUNICIPAL BALNEÁRIO GAIVOTA;71;2021;71;2021; REF.: CONTRATAÇÃO DE SERVIÇOS TÉCNICOS ESPECIALIZADOS PARA ELABORAÇÃO DE PROJETO DE ENGENHARIA, ELABORAÇÃO DE PROJETO DE ENGENHARIA RODOVIÁRIA PARA OBRAS DE IMPLANTAÇÃO E/OU RESTAURAÇÃO E PAVIMENTAÇÃO ASFÁLTICA NA AV. INTERPRAIAS (ENTRE O LIMITE TERRITORIAL DO MUNICÍPIO DE PASSO DE TORRES E BALNEÁRIO GAIVOTA ATÉ O LIMITE TERRITORIAL DO MUNICÍPIO DE BALNEÁRIO GAIVOTA E BALNEÁRIO ARROIO DO SILVA COM EXTENSÃO APROXIMADA DE 25 KM).; Pregão presencial; 10/08/2021 09:30; 28/07/2021; Contratação de serviços; MENOR PRECO POR ITEM; 18/08/2021; HOMOLOGADO; -; 28/07/2021; 10/08/2021; -; Pregão presencial; -; -
 PREFEITURA MUNICIPAL BALNEÁRIO GAIVOTA;70;2021;70;2021; REF.: CONTRATAÇÃO DE SERVIÇOS DE EMPRESA ESPECIALIZADA PARA TERRAPLENAGEM, DRENAGEM PLUVIAL, PAVIMENTAÇÃO COM LAJOTAS E SINALIZAÇÃO VIÁRIA NA RUA JOAO VITORINO BARBOSA, TRECHO 02, LOCALIDADE DE LAGOA DE FORA, MUNICÍPIO DE BALNEÁRIO GAIVOTA/SC. CONFORME LOCALIZAÇÃO, CONDIÇÕES, QUANTITATIVOS E DEMAIS INFORMAÇÕES TÉCNICAS CONSTANTES NOS PROJETOS, MEMORIAL DESCRITIVO, PLANILHA ORÇAMENTÁRIA, PROJETOS, EDITAL E ANEXOS; Convite; 02/08/2021 09:00; 26/07/2021; Obras e Serviços de Engenharia; MENOR PREÇO GLOBAL; 05/08/2021; HOMOLOGADO; -; 26/07/2021; 02/08/2021; -; Convite; -; -
 PREFEITURA MUNICIPAL BALNEÁRIO GAIVOTA;69;2021;69;2021; O PRESENTE PROCEDIMENTO LICITATÓRIO TEM POR FINALIDADE REGISTRAR PREÇOS NO INTUITO DE SELECIONAR A PROPOSTA MAIS VANTAJOSA PARA FUTURA E EVENTUAL AQUISIÇÃO DE EQUIPAMENTO AGRÍCOLA PARA ATENDIMENTO DA SECRETARIA DA AGRICULTURA PESCA E MEIO AMBIENTE, NAS CONDIÇÕES FIXADAS NO EDITAL PARA SEREM FORNECIDOS, CONFORME ESPECIFICAÇÕES TÉCNICAS.; Pregão presencial; 12/08/2021 08:30; 19/07/2021; Compras e Serviços; MENOR PRECO POR ITEM; 17/08/2021; REVOGADO; -; 16/07/2021; 12/08/2021; 28/07/2021; Pregão presencial; -; -
 PREFEITURA MUNICIPAL BALNEÁRIO GAIVOTA;68;2021;68;2021; REF.: CONTRATAÇÃO DE SERVIÇOS TÉCNICOS ESPECIALIZADOS PARA ELABORAÇÃO DE PROJETO DE ENGENHARIA, ELABORAÇÃO DE PROJETOS EXECUTIVOS E PROJETOS BÁSICOS, CONFORME DETALHAMENTO DO OBJETO, DETALHAMENTO DOS SERVIÇOS; Pregão presencial; 27/07/2021 09:30; 14/07/2021; Contratação de serviços; MENOR PRECO POR ITEM; -; REVOGADO; -; 14/07/2021; 27/07/2021; 27/07/2021; Pregão presencial; -; -
 PREFEITURA MUNICIPAL BALNEÁRIO GAIVOTA;67;2021;67;2021; SELECIONAR A MELHOR PROPOSTA PARA A SERVIÇOS TÉCNICOS PROFISSIONAIS DE ENGENHARIA, APROVAÇÃO DE PROJETOS, ACOMPANHAMENTO E FISCALIZAÇÃO DAS OBRAS.; Convite; 15/07/2021 08:00; 08/07/2021; Obras e Serviços de Engenharia; MENOR PRECO POR ITEM; 16/07/2021; HOMOLOGADO; -; 08/07/2021; 15/07/2021; -; Convite; -; -
 PREFEITURA MUNICIPAL BALNEÁRIO GAIVOTA;66;2021;66;2021; REF.: AQUISIÇÃO DE EQUIPAMENTO DOMÉSTICO PARA ATENDER AS NECESSIDADES DA SECRETARIA MUNICIPAL DE EDUCAÇÃO DO MUNICÍPIO DE BALNEÁRIO GAIVOTA/SC.; Pregão eletrônico; 13/07/2021 08:01; 01/07/2021; Compras e Serviços; MENOR PRECO POR ITEM; 13/07/2021; HOMOLOGADO; -; 30/06/2021; 13/07/2021; -; Pregão eletrônico; -; -
 PREFEITURA MUNICIPAL BALNEÁRIO GAIVOTA;65;2021;65;2021; REF.: FORNECIMENTO DE CIMENTO ASFÁLTICO (CAP 50/70), EMULSÃO (RR-2C), EMULSÃO PARA IMPRIMAÇÃO, INCLUINDO CARREGAMENTO, TRANSPORTE E DESCARREGAMENTO NA USINA DE ASFALTO, COM FINALIDADE DE EXECUTAR OS SERVIÇOS DE RESTAURAÇÃO E ADEQUAÇÃO DA CAPACIDADE DE TRAFEGO DE DIVERSAS RUAS DO MUNICÍPIO DE BALNEÁRIO GAIVOTA/SC; Pregão eletrônico; 06/07/2021 10:01; 24/06/2021; Compras e Serviços; MENOR PREÇO POR LOTE; 07/07/2021; HOMOLOGADO; -; 23/06/2021; 06/07/2021; -; Pregão eletrônico; -; -
 PREFEITURA MUNICIPAL BALNEÁRIO GAIVOTA;64;2021;64;2021; REF.: AQUISIÇÃO DE CONTÊINER DRY CUSTOMIZADOS PARA POSTOS DE GUARDA VIDAS PARA O MUNICÍPIO DE BALNEÁRIO GAIVOTA/SC.; Pregão eletrônico; 06/07/2021 08:01; 24/06/2021; Compras e Serviços; MENOR PRECO POR ITEM; 06/07/2021; HOMOLOGADO; -; 23/06/2021; 06/07/2021; -; Pregão eletrônico; -; -
 PREFEITURA MUNICIPAL DE BALNEARIO GAIVOTA;63;2021;63;2021; CONTRATAÇÃO DE SERVIÇOS DE JARDINAGEM, MANUTENÇÃO, E CONSERVAÇÃO DO CAMPO DE FUTEBOL, PRAÇAS, CANTEIROS DE TREVOS E AVENIDAS E MANUTENÇÃO DOS JARDINS DOS PRÉDIOS PÚBLICOS DO MUNICÍPIO DE BALNEÁRIO GAIVOTA/SC.; Convite; 25/06/2021 08:01; 18/06/2021; Contratação de serviços; MENOR PRECO POR ITEM; 25/06/2021; HOMOLOGADO; -; 18/06/2021; 25/06/2021; -; Licitação;R$ 39.900,00;R$ 36.000,00
 PREFEITURA MUNICIPAL BALNEÁRIO GAIVOTA;62;2021;62;2021; REF.: CONTRATAÇÃO DE EMPRESA ESPECIALIZADA PARA EXECUÇÃO DE SERVIÇOS DE TERRAPLENAGEM, DRENAGEM PLUVIAL E PAVIMENTAÇÃO ASFÁLTICA NA RODOVIA JORGE FLORIANO, NA LOCALIDADE DE RUA NOVA, NO MUNICÍPIO DE BALNEÁRIO GAIVOTA/SC. CONFORME LOCALIZAÇÃO, CONDIÇÕES, QUANTITATIVOS E DEMAIS INFORMAÇÕES TÉCNICAS CONSTANTES NOS PROJETOS, MEMORIAL DESCRITIVO, PLANILHA ORÇAMENTÁRIA, PROJETOS, EDITAL E ANEXOS.; Convite; 21/06/2021 09:00; 14/06/2021; Obras e Serviços de Engenharia; MENOR PREÇO GLOBAL; 21/06/2021; HOMOLOGADO; -; 11/06/2021; 21/06/2021; -; Convite; -; -
 PREFEITURA MUNICIPAL BALNEÁRIO GAIVOTA;61;2021;61;2021; REF.: SERVIÇOS GRÁFICOS, PARA SUPRIR AS NECESSIDADES DAS SECRETARIAS MUNICIPAIS, PARA SEREM FORNECIDOS DE FORMA PARCELADA; Pregão presencial; 17/06/2021 13:30; 07/06/2021; Compras e Serviços; MENOR PREÇO POR LOTE; 17/06/2021; HOMOLOGADO; -; 04/06/2021; 17/06/2021; -; Pregão presencial; -; -
 PREFEITURA MUNICIPAL BALNEÁRIO GAIVOTA;60;2021;60;2021; Prestação de serviços de manutenção dos veículos tipo maquinas pesadas desta municipalidade, com fornecimento de peças, componentes e acessórios novos com as mesmas especificações técnicas e padrões de qualidade daqueles produzidos pelos fabricantes (originais ou genuínos).; Pregão presencial; 17/06/2021 08:30; 04/06/2021; Compras e Serviços; MENOR PREÇO POR LOTE; 17/06/2021; HOMOLOGADO; -; 04/06/2021; 17/06/2021; -; Pregão presencial; -; -
 PREFEITURA MUNICIPAL BALNEÁRIO GAIVOTA;59;2021;59;2021; AQUISIÇÃO DE MADEIRA COM OU SEM TRATAMENTO, DESTINADOS A MANUTENÇÃO DAS SECRETARIAS MUNICIPAIS DO MUNICÍPIO, PARA SEREM FORNECIDOS DE FORMA PARCELADA.; Pregão presencial; 16/06/2021 08:30; 01/06/2021; Compras e Serviços; MENOR PRECO POR ITEM; 16/06/2021; HOMOLOGADO; -; 31/05/2021; 16/06/2021; -; Pregão presencial; -; -
 PREFEITURA MUNICIPAL BALNEÁRIO GAIVOTA;58;2021;58;2021; Contratação de instituição especializada para, nos termos do projeto básico, ministrar cursos de capacitação para adultos de 16 a 59 anos, visando inserir ou reinserir o público-alvo do presente objeto no mercado de trabalho, conforme condições apresentadas no fixado no Projeto Básico - Anexo I.; Inexigibilidade de licitação; -; 25/05/2021; Contratação de serviços; MENOR PRECO POR ITEM; 25/05/2021; HOMOLOGADO; -; 25/05/2021;  - ; -; Inexigibilidade de licitação; -; -
 PREFEITURA MUNICIPAL BALNEÁRIO GAIVOTA;57;2021;57;2021; Fornecimento de cimento asfáltico (CAP 50/70), emulsão (RR-2C), emulsão para imprimação, incluindo carregamento, transporte e descarregamento na usina de asfalto, com finalidade de executar os serviços de restauração e adequação da capacidade de trafego de diversas ruas do município de Balneário Gaivota/SC; Pregão eletrônico; 18/06/2021 08:01; 07/06/2021; Compras e Serviços; MENOR PREÇO POR LOTE; -; REVOGADO; -; 25/05/2021; 18/06/2021; 18/06/2021; Pregão eletrônico; -; -
 PREFEITURA MUNICIPAL BALNEÁRIO GAIVOTA;56;2021;56;2021; Prestação de Serviços de profissional para coordenar oficina de Cidadania e Meio Ambiente, com objetivo de estimular e desenvolver ações de fortalecimento de vínculos e cidadania para crianças e adolescentes atendidas pelos Serviços de Convivência e Fortalecimento de Vínculos - SCFV, no âmbito do Fundo Municipal da Assistência Social do Munícipio de Balneário Gaivota/SC; Dispensa de licitação; -; 25/05/2021; Compras e Serviços; MENOR PRECO POR ITEM; 25/05/2021; HOMOLOGADO; -; 25/05/2021;  - ; -; Dispensa de licitação; -; -
 PREFEITURA MUNICIPAL BALNEÁRIO GAIVOTA;55;2021;55;2021; Aquisição de móveis, destinados para manutenção das atividades do Serv. de Convivência e Fortalecimento de Vínculos, Centro de Referência da Assistência Social, Oficinas do Programa Bolsa Família e diversas secretarias municipais, para serem fornecidos de forma parcelada.; Pregão presencial; 08/06/2021 08:30; 24/05/2021; Compras e Serviços; MENOR PRECO POR ITEM; 15/06/2021; HOMOLOGADO; -; 20/05/2021; 08/06/2021; -; Pregão presencial; -; -
 PREFEITURA MUNICIPAL BALNEÁRIO GAIVOTA;54;2021;54;2021; Aquisição de equipamentos e utensílios de cozinha, destinados para manutenção das atividades do Serv. de Convivência e Fortalecimento de Vínculos, Centro de Referência da Assistência Social, Oficinas do Programa Bolsa Família e diversas secretarias municipais.; Pregão presencial; 07/06/2021 08:00; 24/05/2021; Compras e Serviços; MENOR PRECO POR ITEM; 23/06/2021; HOMOLOGADO; -; 19/05/2021; 07/06/2021; -; Pregão presencial; -; -
 PREFEITURA MUNICIPAL BALNEÁRIO GAIVOTA;53;2021;53;2021; Contratação de instrutor especializado para ministrar cursos de corte e costura compreendendo: aulas práticas com a finalidade de detectar necessidades e motivações e desenvolver potencialidades e capacidades para novos projetos de vida familiar, no Centro de Formação Profissional, com carga horário de 12 horas semanais, no Munícipio de Balneário Gaivota/SC; Dispensa de licitação; 07/05/2021 10:00; 07/05/2021; Compras e Serviços; MENOR PRECO POR ITEM; 07/05/2021; HOMOLOGADO; -; 07/05/2021; 07/05/2021; -; Dispensa de licitação; -; -
 PREFEITURA MUNICIPAL BALNEÁRIO GAIVOTA;52;2021;52;2021; Contratação de serviços especializado de topografia, compreendendo: Alinhamento, Levantamento Topográfico plani-autimétrico e Levantamento Topográfico para projeto de pavimentação, com carga horária de 20h semanais.; Dispensa de licitação; 30/04/2021 10:00; 30/04/2021; Contratação de serviços; MENOR PREÇO GLOBAL; 30/04/2021; HOMOLOGADO; -; 30/04/2021; 30/04/2021; -; Dispensa de licitação; -; -
 PREFEITURA MUNICIPAL BALNEÁRIO GAIVOTA;51;2021;51;2021; Prestação de Serviços para desenvolver, organizar e coordenar oficina de Taekwondo, com o objetivo de estimular e desenvolver ações de fortalecimento de vínculos e cidadania para as crianças atendidas pelos Serviços de Convivência e Fortalecimento de Vínculos - SCFV, no âmbito do Fundo Municipal da Assistência Social do município de Balneário Gaivota.; Dispensa de licitação; 30/04/2021 15:30; 30/04/2021; Contratação de serviços; MENOR PREÇO GLOBAL; 30/04/2021; HOMOLOGADO; -; 30/04/2021; 30/04/2021; -; Dispensa de licitação; -; -
 PREFEITURA MUNICIPAL BALNEÁRIO GAIVOTA;50;2021;50;2021; O presente procedimento licitatório tem por finalidade selecionar a proposta mais vantajosa para futura contratação de empresa especializada em, Serviços técnicos profissionais de engenharia, elaboração de projetos, acompanhamento e fiscalização das obras, para o exercício de 2021.; Convite; 07/05/2021 13:00; 30/04/2021; Obras e Serviços de Engenharia; MENOR PREÇO GLOBAL; 07/05/2021; HOMOLOGADO; -; 30/04/2021; 07/05/2021; -; Convite; -; -
 PREFEITURA MUNICIPAL BALNEÁRIO GAIVOTA;49;2021;49;2021; contratação de empresa especializada para reforma e ampliação do centro de educação infantil pingo de gente com 101,12 m², no município de Balneário Gaivota/SC; Convite; 07/05/2021 08:30; 30/04/2021; Obras e Serviços de Engenharia; MENOR PREÇO GLOBAL; 17/05/2021; HOMOLOGADO; -; 30/04/2021; 07/05/2021; -; Convite; -; -
 PREFEITURA MUNICIPAL BALNEÁRIO GAIVOTA;48;2021;48;2021; REF. Aquisição de solo areno-argiloso para aterro, conforme especificações, prazos e demais condições constantes no Termo de Referência (Anexo I) e as demais condições constantes no edital e demais anexos.; Convite; 04/05/2021 13:00; 27/04/2021; Compras e Serviços; MENOR PRECO POR ITEM; 04/05/2021; HOMOLOGADO; -; 27/04/2021; 04/05/2021; -; Convite; -; -
 PREFEITURA MUNICIPAL BALNEÁRIO GAIVOTA;47;2021;47;2021; Contratação de Serviço de impressão e encadernação de material gráfico - apostilas - para a rede municipal de ensino, conforme condições e especificações discriminadas, para a Secretaria Municipal da Educação de Balneário Gaivota/SC.; Convite; 30/04/2021 13:00; 23/04/2021; Contratação de serviços; MENOR PREÇO POR LOTE; 30/04/2021; HOMOLOGADO; -; 23/04/2021; 30/04/2021; -; Convite; -; -
 PREFEITURA MUNICIPAL BALNEÁRIO GAIVOTA;46;2021;46;2021; REF. Contratação de empresa especializada para construção do novo Centro de Educação Infantil, na localidade de Brilhamares, município de Balneário Gaivota/SC. Conforme localização, condições, quantitativos e demais informações técnicas constantes nos projetos, memorial descritivo, planilha orçamentária, cronograma físico-financeiro, projetos, edital e anexos; Tomada de Preço; 13/05/2021 09:00; 15/04/2021; Obras e Serviços de Engenharia; MENOR PREÇO GLOBAL; 21/06/2021; HOMOLOGADO; -; 14/04/2021; 13/05/2021; -; Tomada de Preço; -; -
 PREFEITURA MUNICIPAL BALNEÁRIO GAIVOTA;45;2021;45;2021; REF. Aquisição de veículo zero km, ano/modelo 2021/2022, tipo SUV, para a Polícia Militar de Balneário Gaivota/SC; Pregão presencial; 20/05/2021 08:30; 15/04/2021; Compras e Serviços; MENOR PRECO POR ITEM; 20/05/2021; HOMOLOGADO; -; 13/04/2021; 20/05/2021; -; Pregão presencial; -; -
 PREFEITURA MUNICIPAL BALNEÁRIO GAIVOTA;44;2021;44;2021; REF. Fornecimento de seixo basáltico rolado peneirado, para uso na manutenção da rede viária municipal, espaços públicos, logradouros públicos e melhoria de acessos a propriedades rurais.; Pregão presencial; 30/04/2021 09:00; 16/04/2021; Compras e Serviços; MENOR PRECO POR ITEM; 30/04/2021; HOMOLOGADO; -; 13/04/2021; 30/04/2021; -; Pregão presencial; -; -
 PREFEITURA MUNICIPAL BALNEÁRIO GAIVOTA;43;2021;43;2021; REF. Fornecimento material britado, para uso na manutenção da rede viária municipal, espaços públicos, logradouros públicos e melhoria de acessos a propriedades rurais.; Pregão presencial; 28/04/2021 09:00; 15/04/2021; Compras e Serviços; MENOR PRECO POR ITEM; 28/04/2021; HOMOLOGADO; -; 13/04/2021; 28/04/2021; -; Pregão presencial; -; -
 PREFEITURA MUNICIPAL BALNEÁRIO GAIVOTA;42;2021;42;2021; REF. Contratação de profissional com habilitação em direito e inscrito nos quadros da Ordem dos Advogados do Brasil - OAB, para prestação de serviços de assessoria jurídica junto a Prefeitura Municipal, para executar tarefas inerentes a advocacia, principalmente na defesa de interesse do Município de Balneário Gaivota onde figure com réu, nas áreas cível, administrativa e trabalhista, com elaboração de pareceres e peças de defesa, além do acompanhamento do processo judicial, contato e resolução; Convite; 19/04/2021 08:31; 12/04/2021; Contratação de serviços; MENOR PREÇO GLOBAL; 19/04/2021; HOMOLOGADO; -; 09/04/2021; 19/04/2021; -; Convite; -; -
 PREFEITURA MUNICIPAL BALNEÁRIO GAIVOTA;41;2021;41;2021; REF. Aquisição de pneus novos de 1.ª linha, câmaras de ar e protetores/colarinhos novos, que atendam as Normas da ABNT NBR NM 250:2001, NBR NM 251:2001 e detenham Certificado de Qualidade do INMETRO para veículos oficiais desta municipalidade.; Pregão eletrônico; 26/05/2021 14:01; 13/04/2021; Compras e Serviços; MENOR PRECO POR ITEM; 15/06/2021; HOMOLOGADO; -; 09/04/2021; 26/05/2021; -; Pregão eletrônico; -; -
 PREFEITURA MUNICIPAL DE BALNEARIO GAIVOTA;40;2021;40;2021; Ref.: O presente procedimento licitatório tem por objeto a futura contratação de empresa de comunicação para serviços de captação, decoupagem, edição e finalização de vídeos, incluindo serviços de drone, como também legendas e artes finais em vídeo, para o exercício de 2021, nos termos do edital e anexos.; Convite; 19/04/2021 14:01; 12/04/2021; Compras e Serviços; MENOR PRECO POR ITEM; 19/04/2021; HOMOLOGADO; -; 09/04/2021; 19/04/2021; -; Licitação;R$ 150.000,00;R$ 125.000,00
 PREFEITURA MUNICIPAL BALNEÁRIO GAIVOTA;39;2021;39;2021; REF. Aquisição de tubos de concreto para a manutenção e ampliação das tubulações do município, visando atender as necessidades da Secretaria de Obras e Serviços Urbanos; Pregão eletrônico; 30/04/2021 14:00; 08/04/2021; Compras e Serviços; MENOR PRECO POR ITEM; 13/05/2021; HOMOLOGADO; -; 06/04/2021; 30/04/2021; -; Pregão eletrônico; -; -
 PREFEITURA MUNICIPAL BALNEÁRIO GAIVOTA;38;2021;38;2021; EXECUÇÃO DE SINALIZAÇÃO VIÁRIA HORIZONTAL NA RODOVIA JOSÉ TISCOSKI (INÍCIO DA PONTE SOBRE RIO CAVERÁ E TÉRMINO NA AVENIDA INTERPRAIAS) COM 4.900,00m DE EXTENSÃO NO MUNICÍPIO DE BALNEÁRIO GAIVOTA/SC; Dispensa de licitação; 01/04/2021 10:01; 01/04/2021; Obras e Serviços de Engenharia; MENOR PREÇO GLOBAL; 01/04/2021; HOMOLOGADO; -; 01/04/2021; 01/04/2021; -; Dispensa de licitação; -; -
 PREFEITURA MUNICIPAL BALNEÁRIO GAIVOTA;37;2021;37;2021; Contratação de profissional com habilitação em direito e inscrito nos quadros da Ordem dos Advogados do Brasil - OAB, para prestação de serviços para a Secretaria Municipal de Assistência Social no tocante à regularidade, legalidade e controle interno dos atos do órgão, bem como, assessorar quanto a demandas que careçam de compreensão e acompanhamento de ordem jurídica do município de Balneário Gaivota/SC, com carga horária não inferior a 16 horas semanais.; Convite; 14/04/2021 08:31; 07/04/2021; Contratação de serviços; MENOR PRECO POR ITEM; 14/04/2021; HOMOLOGADO; -; 29/03/2021; 14/04/2021; -; Convite; -; -
 PREFEITURA MUNICIPAL BALNEÁRIO GAIVOTA;36;2021;36;2021; Contratação de empresa do ramo pertinente, para a aquisição de Peças e Serviços de Mão-de-Obra para a Reforma e Retificação de Motor da Retroescavadeira Randon RD 406, para atender as necessidades da Secretaria de Obras e Serviços Urbanos.; Convite; 06/04/2021 15:45; 29/03/2021; Contratação de serviços; MENOR PREÇO GLOBAL; 07/04/2021; HOMOLOGADO; -; 29/03/2021; 06/04/2021; -; Convite; -; -
 PREFEITURA MUNICIPAL BALNEÁRIO GAIVOTA;35;2021;35;2021; AQUISIÇÃO PARCELADA DE CESTAS BÁSICAS PARA FORNECIMENTO AOS USUÁRIOS DA ASSISTÊNCIA SOCIAL, QUE POR VENTURA ENCONTRAREM-SE EM SITUAÇÃO DE VULNERABILIDADE SOCIAL (ALIMENTOS); Convite; 05/04/2021 08:01; 26/03/2021; Compras e Serviços; MENOR PREÇO GLOBAL; 06/04/2021; HOMOLOGADO; -; 26/03/2021; 05/04/2021; -; Convite; -; -
 PREFEITURA MUNICIPAL BALNEÁRIO GAIVOTA;34;2021;34;2021; Ref.: O objeto do presente instrumento é contratação de empresa especializada detentora de profissional(ais) com habilitação em direito e inscrito(s) nos quadros da Ordem dos Advogados do Brasil - OAB, para prestar serviços técnicos profissionais na condição de advogado junto ao Setor de Licitações e Contratos Administrativos do município de Balneário Gaivota/SC, obedecidas as condições, quantitativos, especificações técnicas constantes edital,  projeto básico e demais anexos.; Convite; 01/04/2021 15:00; 25/03/2021; Contratação de serviços; MENOR PRECO POR ITEM; 01/04/2021; HOMOLOGADO; -; 25/03/2021; 01/04/2021; -; Convite; -; -
 PREFEITURA MUNICIPAL BALNEÁRIO GAIVOTA;33;2021;33;2021; Contratação de empresa do ramo pertinente para Fornecimento parcelado de materiais de construção diversos para atender as necessidade da Secretaria de Obras e Serviços Urbanos e demais secretarias municipais durante o ano de 2021.; Convite; 20/04/2021 16:00; 24/03/2021; Compras e Serviços; MENOR PRECO POR ITEM; 20/04/2021; HOMOLOGADO; -; 24/03/2021; 20/04/2021; -; Convite; -; -
 PREFEITURA MUNICIPAL BALNEÁRIO GAIVOTA;32;2021;32;2021; Adesão ao procedimento licitatório 03/2021/FMS, que tem por finalidade o registro de preço para futura e eventual aquisição parcelada de matérias médicos hospitalares e odontológicos.; Pregão presencial; 24/03/2021 08:00; 24/03/2021; Compras e Serviços; MENOR PRECO POR ITEM; 24/03/2021; HOMOLOGADO; -; 24/03/2021; 24/03/2021; -; Pregão presencial; -; -
 PREFEITURA MUNICIPAL BALNEÁRIO GAIVOTA;31;2021;31;2021; Prestação de serviços de manutenção dos veículos tipo caminhão desta municipalidade, com fornecimento de peças, componentes e acessórios novos com as mesmas especificações técnicas e padrões de qualidade daqueles produzidos pelos fabricantes (originais ou genuínos).; Pregão presencial; 09/04/2021 08:30; 29/03/2021; Compras e Serviços; MENOR PREÇO POR LOTE; 12/04/2021; HOMOLOGADO; -; 24/03/2021; 09/04/2021; -; Pregão presencial; -; -
 PREFEITURA MUNICIPAL BALNEÁRIO GAIVOTA;30;2021;30;2021; Prestação de serviço de manutenção preventiva e corretiva dos veículos da frota municipal, compreendendo mecânica em geral e elétrica em geral, com fornecimento de peças genuínas, originais e/ou similares e de materiais necessários ao perfeito funcionamento; Pregão presencial; 19/04/2021 09:00; 23/03/2021; Compras e Serviços; MENOR PREÇO POR LOTE; 05/05/2021; HOMOLOGADO; -; 22/03/2021; 19/04/2021; -; Pregão presencial; -; -
 PREFEITURA MUNICIPAL BALNEÁRIO GAIVOTA;29;2021;29;2021; Contratação de empresa especializada na prestação de serviços de sistema de monitoramento digital incluindo instalação, manutenção, funcionamento 24 horas/dia, objetivando a locação de circuito de monitoramento digital com gravação remota (nuvem) com acesso via WEB e aplicativo.; Convite; 29/03/2021 08:31; 22/03/2021; Contratação de serviços; MENOR PRECO POR ITEM; 29/03/2021; HOMOLOGADO; -; 22/03/2021; 29/03/2021; -; Convite; -; -
 PREFEITURA MUNICIPAL BALNEÁRIO GAIVOTA;28;2021;28;2021; Aquisição de cargas de gás de cozinha - GLP em botijão de 13kg e água mineral em galão de 20 litros e 500 ml, com fornecimento contínuo e fracionado, conforme demanda, diretamente nas escolas municipais, nas creches, nas unidades de saúde e na prefeitura municipal.; Pregão presencial; 01/04/2021 08:30; 15/03/2021; Compras e Serviços; MENOR PRECO POR ITEM; 05/04/2021; HOMOLOGADO; -; 15/03/2021; 01/04/2021; -; Pregão presencial; -; -
 PREFEITURA MUNICIPAL BALNEÁRIO GAIVOTA;27;2021;27;2021; Adesão ao processo licitatório 03/2021/FMS, aquisição parcelada de matérias médicos hospitalares para uso nas creches e escolas do Municpio de Balneário Gaivota.; Pregão presencial; 01/03/2021 09:00; 01/03/2021; Compras e Serviços; MENOR PRECO POR ITEM; 01/03/2021; HOMOLOGADO; -; 01/03/2021; 01/03/2021; -; Pregão presencial; -; -
 PREFEITURA MUNICIPAL BALNEÁRIO GAIVOTA;26;2021;26;2021; Aquisição de materiais e equipamentos de informática, destinados ao atendimento da Secretaria de Administração e Finanças, Secretaria Municipal de Saúde, Secretaria de Educação e demais secretarias, nas condições fixadas no Edital para serem fornecidos, conforme Especificações Técnicas; Pregão presencial; 12/03/2021 13:30; 01/03/2021; Compras e Serviços; MENOR PRECO POR ITEM; 15/03/2021; HOMOLOGADO; -; 01/03/2021; 12/03/2021; -; Pregão presencial; -; -
 PREFEITURA MUNICIPAL BALNEÁRIO GAIVOTA;25;2021;25;2021; Fornecimento parcelados de cartuchos e toners originais e compativeis, para manutenção da secretaria de administração e finanças e demais secretarias deste município.; Pregão presencial; 15/03/2021 09:00; 01/03/2021; Compras e Serviços; MENOR PRECO POR ITEM; 15/03/2021; HOMOLOGADO; -; 01/03/2021; 15/03/2021; -; Pregão presencial; -; -
 PREFEITURA MUNICIPAL BALNEÁRIO GAIVOTA;24;2021;24;2021; O presente procedimento licitatório tem por finalidade selecionar a proposta mais vantajosa para futura aquisição de tubos de concreto para a manutenção e ampliação das tubulações do município, visando atender as necessidades da Secretaria de Obras e Serviços Urbanos, para o exercício de 2021.; Convite; 09/03/2021 13:45; 01/03/2021; Compras e Serviços; MENOR PRECO POR ITEM; -; ANULADO; 09/03/2021; 01/03/2021; 09/03/2021; -; Convite; -; -
 PREFEITURA MUNICIPAL BALNEÁRIO GAIVOTA;23;2021;23;2021; REF. Aquisição parcelada de material de expediente para suprir as necessidades da Secretaria de Administração e Finanças, Secretaria de Arrecadação Municipal, Secretaria de Educação e material escolar de distribuição gratuita para a rede municipal de ensino, para o exercício de 2021.; Convite; 18/03/2021 08:01; 11/03/2021; Compras e Serviços; MENOR PRECO POR ITEM; 18/03/2021; HOMOLOGADO; -; 01/03/2021; 18/03/2021; -; Convite; -; -
 PREFEITURA MUNICIPAL BALNEÁRIO GAIVOTA;22;2021;22;2021; Credenciamento de instituições de ensino superior e/ou técnico para oferta de serviços educacionais na modalidade de Cursos Técnicos de Nível Médio, de forma a suprir as demandas oriundas da Lei Municipal nº 1.078, de 09 de fevereiro de 2021 e suas alterações.; Dispensa de licitação; -; 26/02/2021; Compras e Serviços; MENOR PRECO POR ITEM; 26/02/2021; HOMOLOGADO; -; 26/02/2021;  - ; -; Dispensa de licitação; -; -
 PREFEITURA MUNICIPAL BALNEÁRIO GAIVOTA;21;2021;21;2021; Aquisição de materiais de limpeza e higiene para rede municipal de ensino fundamental/infantil, serviço de convivência e fortalecimento de vínculos, centro de referência da assistência social, oficinas do programa bolsa família e diversas secretarias municipais, para serem fornecidos de forma parcel; Pregão presencial; 24/02/2021 13:30; 11/02/2021; Compras e Serviços; MENOR PRECO POR ITEM; 08/03/2021; HOMOLOGADO; -; 10/02/2021; 24/02/2021; -; Pregão presencial; -; -
 PREFEITURA MUNICIPAL BALNEÁRIO GAIVOTA;20;2021;20;2021; Prestação de serviços de manutenção dos veículos tipo ônibus desta municipalidade, com fornecimento de peças, componentes e acessórios novos com as mesmas especificações técnicas e padrões de qualidade daqueles produzidos pelos fabricantes (originais ou genuínos).; Pregão presencial; 18/02/2021 10:15; 08/02/2021; Compras e Serviços; MENOR PREÇO POR LOTE; 18/02/2021; HOMOLOGADO; -; 04/02/2021; 18/02/2021; -; Pregão presencial; -; -
 PREFEITURA MUNICIPAL BALNEÁRIO GAIVOTA;19;2021;19;2021; O presente procedimento licitatório tem como objeto a prestação de serviços de caminhão basculante trucado com capacidade mínima de 12 m², para efetuar transporte de material, por quilômetro percorrido, municipal, intermunicipal e interestadual, com combustível e motorista, para atender as necessidades da Municipalidade.; Convite; 12/02/2021 08:31; 05/02/2021; Compras e Serviços; MENOR PRECO POR ITEM; 18/02/2021; HOMOLOGADO; -; 04/02/2021; 12/02/2021; -; Convite; -; -
 PREFEITURA MUNICIPAL BALNEÁRIO GAIVOTA;18;2021;18;2021; Aquisição de gêneros alimentícios da agricultura familiar e empreendedor familiar rural e ou suas organizações, para atender os alunos matriculados nas escolas de Educação Infantil e Fundamental da Rede Municipal de Ensino no exercício de 2021; Dispensa de licitação; -; 03/03/2021; Compras e Serviços; MENOR PRECO POR ITEM; 02/03/2021; HOMOLOGADO; -; 04/02/2021;  - ; -; Dispensa de licitação; -; -
 PREFEITURA MUNICIPAL BALNEÁRIO GAIVOTA;17;2021;17;2021; O presente edital tem por objetivo selecionar a melhor proposta para a Serviços técnicos profissionais de engenharia, aprovação de projetos, acompanhamento e fiscalização das obras, para o exercício de 2021, conforme edital e anexos, em especial o Anexo I - Projeto Básico.; Convite; 10/02/2021 14:01; 01/02/2021; Obras e Serviços de Engenharia; MENOR PRECO POR ITEM; 11/02/2021; HOMOLOGADO; -; 01/02/2021; 10/02/2021; -; Convite; -; -
 PREFEITURA MUNICIPAL BALNEÁRIO GAIVOTA;16;2021;16;2021; Serviço de impressão e encadernação de material gráfico - apostilas - para a rede municipal de ensino, conforme condições e especificações discriminadas, para a Secretaria Municipal da Educação.; Convite; 08/02/2021 08:01; 01/02/2021; Compras e Serviços; MENOR PREÇO GLOBAL; 09/02/2021; HOMOLOGADO; -; 01/02/2021; 08/02/2021; -; Convite; -; -
 PREFEITURA MUNICIPAL BALNEÁRIO GAIVOTA;15;2021;15;2021; Aquisição de luminária em LED para iluminação pública do município de Balneário Gaivota/SC, para o exercício de 2021; Convite; 08/02/2021 15:31; 01/02/2021; Compras e Serviços; MENOR PRECO POR ITEM; 08/02/2021; HOMOLOGADO; -; 01/02/2021; 08/02/2021; -; Convite; -; -
 PREFEITURA MUNICIPAL BALNEÁRIO GAIVOTA;14;2021;14;2021; fornecimento parcelado de gêneros alimentícios, destinados as secretarias municipais e a manutenção da merenda escolar nas escolas de ensino fundamental, alimentação nos centros de educação infantil - CEIs e serviço de convivência e fortalecimento de vínculos, do Município.; Pregão presencial; 19/02/2021 13:30; 01/02/2021; Compras e Serviços; MENOR PRECO POR ITEM; 22/02/2021; HOMOLOGADO; -; 28/01/2021; 19/02/2021; -; Pregão presencial; -; -
 FUNDO MUNICIPAL SAÚDE BALNEÁRIO GAIVOTA;13;2021;13;2021; prestação dos serviços de Diagnóstico em Laboratório Clínico no atendimento aos serviços de saúde ofertados pela Rede Municipal de Saúde aos usuários do SUS - Sistema Único de Saúde, usando como referência os procedimentos e valores do Grupo 2, Subgrupo 2, constantes na tabela de exames laboratoriais do Sistema de Informações Ambulatoriais do Sistema Único de Saúde (SIA/SUS) - Tabela Unificada de Procedimentos (SIGTAP), conforme Anexo I deste Edital; Inexigibilidade de licitação; -; -; Compras e Serviços; SEM COMPETITIVIDADE - Qtd. fixa; 29/11/2021; HOMOLOGADO; -; 29/11/2021;  - ; -; Inexigibilidade de licitação; -; -
 PREFEITURA MUNICIPAL BALNEÁRIO GAIVOTA;13;2021;13;2021; O presente tem como objeto a contratação de empresa do ramo pertinente para o fornecimento de materiais elétricos, destinados a manutenção da rede de iluminação pública do município, conforme especificações e quantitativos apresentados no anexo I, que integra este edital; Pregão presencial; 22/02/2021 09:00; 27/01/2021; Compras e Serviços; MENOR PRECO POR ITEM; 01/03/2021; HOMOLOGADO; -; 21/01/2021; 22/02/2021; -; Pregão presencial; -; -
 FUNDO MUNICIPAL SAÚDE BALNEÁRIO GAIVOTA;12;2021;12;2021; REF.: LOCAÇÃO DE UM SOFTWARE DE GESTÃO SAÚDE, INCLUINDO O FORNECIMENTO DE LICENÇAS DE USO, CONSULTORIA, IMPLANTAÇÃO, INSTALAÇÃO, TREINAMENTO, SERVIÇOS DE PÓS-IMPLANTAÇÃO, MANUTENÇÃO, ATUALIZAÇÃO, SUPORTE E ASSESSORIA OPERACIONAL, PARA USO NAS UNIDADES DE SAÚDE DO MUNICÍPIO DE BALNEÁRIO GAIVOTA/SC.; Pregão presencial; 05/11/2021 08:30; 26/10/2021; Contratação de serviços; MENOR PREÇO GLOBAL; 10/11/2021; HOMOLOGADO; -; 26/10/2021; 05/11/2021; -; Pregão presencial; -; -
 PREFEITURA MUNICIPAL BALNEÁRIO GAIVOTA;12;2021;12;2021; fornecimento brita graduada, para uso na manutenção da rede viária municipal, espaços públicos, logradouros públicos e melhoria de acessos a propriedades rurais, conforme descrito no Termo de Referência (Anexo I) e as demais condições constantes no edital e demais anexos.; Pregão presencial; 10/02/2021 09:00; 27/01/2021; Compras e Serviços; MENOR PRECO POR ITEM; 10/02/2021; HOMOLOGADO; -; 21/01/2021; 10/02/2021; -; Pregão presencial; -; -
 PREFEITURA MUNICIPAL BALNEÁRIO GAIVOTA;11;2021;11;2021; Contratação de empresa do ramo pertinente para a prestação de serviço de transporte de alunos da Rede Estadual e Municipal de Ensino de Balneário Gaivota/SC; Pregão presencial; 09/02/2021 14:01; 27/01/2021; Contratação de serviços; MENOR PRECO POR ITEM; 18/02/2021; HOMOLOGADO; -; 21/01/2021; 09/02/2021; -; Pregão presencial; -; -
 FUNDO MUNICIPAL SAÚDE BALNEÁRIO GAIVOTA;11;2021;11;2021; REF.: AQUISIÇÃO DE MÓVEIS E EQUIPAMENTOS DE INFORMÁTICA PARA ATENDER AS NECESSIDADES DA FARMÁCIA MUNICIPAL DO MUNICÍPIO DE BALNEÁRIO GAIVOTA/SC.; Pregão eletrônico; 06/07/2021 13:01; 24/06/2021; Compras e Serviços; MENOR PREÇO; 23/07/2021; HOMOLOGADO; -; 23/06/2021; 06/07/2021; -; Pregão eletrônico; -; -
 PREFEITURA MUNICIPAL BALNEÁRIO GAIVOTA;10;2021;10;2021; Aquisição de cargas de gás de cozinha - GLP em botijão de 13kg e água mineral em galão de 20 litros e 500 ml, com fornecimento contínuo e fracionado, conforme demanda, diretamente nas escolas municipais, nas creches, nas unidades de saúde e na prefeitura municipal.; Pregão presencial; 12/02/2021 08:30; 01/02/2021; Compras e Serviços; MENOR PRECO POR ITEM; -; REVOGADO; -; 21/01/2021; 12/02/2021; 05/02/2021; Pregão presencial; -; -
 FUNDO MUNICIPAL DE SAUDE BALNEARIO GAIVOTA;10;2021;10;2021; REF.: REGISTRO DE PREÇO PARA FUTURA E EVENTUAL CONTRATAÇÃO DE EMPRESA ESPECIALIZADA PARA DISPONIBILIZAÇÃO DE PROFISSIONAIS MÉDICOS, ODONTÓLOGOS E DEMAIS PROFISSIONAIS CONSTANTES NO ANEXO I, CONFORME AS ESPECIFICAÇÕES MÍNIMAS, QUANTIDADES DE CONSULTAS, FORMA E LOCAIS DE PRESTAÇÃO DOS SERVIÇOS, CONSTANTES NO TERMO DE REFERÊNCIA.; Pregão presencial; 25/06/2021 08:30; 15/06/2021; Contratação de serviços; MENOR PREÇO GLOBAL; 30/07/2021; HOMOLOGADO; -; 14/06/2021; 25/06/2021; -; Licitação;R$ 3.246.801,72;R$ 2.379.999,99
 PREFEITURA MUNICIPAL BALNEÁRIO GAIVOTA;9;2021;9;2021; Contratação do Centro de Integração Empresa-Escola do Estado de Santa Catarina-CIEE/SC, visando a operacionalização de programas de estágio de estudantes, matriculados no ensino médio, técnico profissionalizante e superior, permitindo treinamento prático no papel de futuro profissional.; Dispensa de licitação; 15/01/2021 07:31; 15/01/2021; Compras e Serviços; MENOR PRECO POR ITEM; 15/01/2021; HOMOLOGADO; -; 15/01/2021; 15/01/2021; -; Dispensa de licitação; -; -
 FUNDO MUNICIPAL SAÚDE BALNEÁRIO GAIVOTA;9;2021;9;2021; Contratação de empresa especializada no ramo de tecnologia da informação para prestação de serviços para locação de software de gestão de saúde, com acesso simultâneo de usuários integrados e em ambiente windows e linux, incluindo manutenção legal e corretiva, conversão, customização, implantação, treinamento, suporte técnico, a fim de atender as necessidades do Fundo Municipal de Saúde do Município de Balneário Gaivota; Pregão presencial; 08/06/2021 08:30; 25/05/2021; Contratação de serviços; MENOR PREÇO; 09/06/2021; HOMOLOGADO; -; 25/05/2021; 08/06/2021; -; Pregão presencial; -; -
 PREFEITURA MUNICIPAL BALNEÁRIO GAIVOTA;8;2021;8;2021; O presente procedimento licitatório tem por finalidade selecionar a proposta mais vantajosa para futura aquisição de tubos de concreto para a manutenção e ampliação das tubulações do município, visando atender as necessidades da Secretaria de Obras e Serviços Urbanos, para o exercício de 2021.; Convite; 28/01/2021 13:45; 15/01/2021; Compras e Serviços; MENOR PRECO POR ITEM; -; REVOGADO; -; 15/01/2021; 28/01/2021; 27/01/2021; Convite; -; -
 FUNDO MUNICIPAL SAÚDE BALNEÁRIO GAIVOTA;8;2021;8;2021; Material permanente para atender as necessidades das equipes da saúde bucal, do Município de Balneário Gaivota.; Dispensa de licitação; 19/04/2021 15:00; 19/04/2021; Compras e Serviços; MENOR PRECO POR ITEM; 19/04/2021; HOMOLOGADO; -; 19/04/2021; 19/04/2021; -; Dispensa de licitação; -; -
 PREFEITURA MUNICIPAL BALNEÁRIO GAIVOTA;7;2021;7;2021; O presente procedimento licitatório tem por finalidade selecionar a proposta mais vantajosa para futura contratação de empresa para locação de equipamento tecnológico de topografia, RECEPTOR GNSSL1L2 RTK TOPOMAP T500, para o exercício de 2021.; Convite; 26/01/2021 08:45; 15/01/2021; Contratação de serviços; MENOR PREÇO GLOBAL; 26/01/2021; HOMOLOGADO; -; 15/01/2021; 26/01/2021; -; Convite; -; -
 FUNDO MUNICIPAL SAÚDE BALNEÁRIO GAIVOTA;7;2021;7;2021; Prestação de serviços de Diagnóstico em Laboratório Clínico no atendimento aos serviços de saúde ofertados pela Rede Municipal de Saúde, usando como referência os procedimentos e valores do Grupo 2, Subgrupo 2 da Tabela Unificada de Procedimentos SUS do Ministério da Saúde, conforme credenciamento na Chamada Pública nº 01/2021.; Inexigibilidade de licitação; -; 29/03/2021; Compras e Serviços; SEM COMPETITIVIDADE - Qtd. rateada; 30/03/2021; HOMOLOGADO; -; 29/03/2021;  - ; -; Inexigibilidade de licitação; -; -
 PREFEITURA MUNICIPAL BALNEÁRIO GAIVOTA;6;2021;6;2021; O presente procedimento licitatório tem por finalidade o registro de preço para futura e eventual aquisição parcelada de Saibro, para uso da Secretaria de Obras e Serviços Urbanos do Município de Balneário Gaivota nas condições fixadas no Edital em especial as do anexo I.; Pregão presencial; 01/02/2021 13:45; 01/02/2021; Compras e Serviços; MENOR PRECO POR ITEM; 01/02/2021; HOMOLOGADO; -; 15/01/2021; 01/02/2021; -; Pregão presencial; -; -
 FUNDO MUNICIPAL SAÚDE BALNEÁRIO GAIVOTA;6;2021;6;2021; REF. AQUISIÇÃO DE VENTILADOR PULMONAR ADULTO/INFANTIL, PARA USO NO COMBATE DA PANDEMIA DO SARS-CoV 2.; Dispensa de licitação; 18/03/2021 15:00; 18/03/2021; Compras e Serviços; MENOR PREÇO; 18/03/2021; HOMOLOGADO; -; 18/03/2021; 18/03/2021; -; Dispensa de licitação; -; -
 FUNDO MUNICIPAL SAÚDE BALNEÁRIO GAIVOTA;5;2021;5;2021; Contratação de empresa especializada na prestação de serviços de confecção de próteses dentárias parciais superiores e ou inferior, total superior e ou total inferior em acrílico, conforme especificações constantes no termo de referência e demais anexos do edital.; Convite; 08/03/2021 13:31; 01/03/2021; Contratação de serviços; MENOR PREÇO; 08/03/2021; HOMOLOGADO; -; 01/03/2021; 08/03/2021; -; Convite; -; -
 PREFEITURA MUNICIPAL DE BALNEARIO GAIVOTA;5;2021;5;2021; CONTRATAÇÃO DE EMPRESA PARA PRESTAÇÃO DE SERVIÇOS TÉCNICOS ESPECIALIZADOS NA MANUTENÇÃO NO SISTEMA DE ILUMINAÇÃO PÚBLICA MUNICIPAL, para o exercício de 2021; Convite; 29/01/2021 15:31; 11/01/2021; Contratação de serviços; MENOR PREÇO GLOBAL; 29/01/2021; HOMOLOGADO; -; 11/01/2021; 29/01/2021; -; Licitação;R$ 134.933,70;R$ 126.500,00
 PREFEITURA MUNICIPAL BALNEÁRIO GAIVOTA;4;2021;4;2021; O presente processo visa à Contratação de empresa especializada para fornecer em locação 15 (quinze) relógios ponto com leitura biométrica de impressão digital e suporte técnico especializado, para controle do ponto dos servidores públicos da Prefeitura Municipal de Balneário Gaivota/SC, para o exercício de 2021.; Convite; 21/01/2021 14:01; 11/01/2021; Contratação de serviços; MENOR PREÇO GLOBAL; 21/01/2021; HOMOLOGADO; -; 11/01/2021; 21/01/2021; -; Convite; -; -
 FUNDO MUNICIPAL SAÚDE BALNEÁRIO GAIVOTA;4;2021;4;2021; Ref. contratação de empresa especializana na execusão de exames de imagem, ultra-sonografia, endoscopia e ressonância magnética.; Dispensa de licitação; 19/02/2021 07:31; 19/02/2021; Contratação de serviços; MENOR PREÇO; 19/02/2021; HOMOLOGADO; -; 19/02/2021; 19/02/2021; -; Dispensa de licitação; -; -
 PREFEITURA MUNICIPAL BALNEÁRIO GAIVOTA;3;2021;3;2021; O presente procedimento licitatório tem por finalidade selecionar a proposta mais vantajosa para futura contratação de empresa especializada em, Serviços técnicos profissionais de engenharia, elaboração de projetos, acompanhamento e fiscalização das obras, para o exercício de 2021.; Convite; 19/01/2021 09:45; 11/01/2021; Obras e Serviços de Engenharia; MENOR PREÇO GLOBAL; 19/01/2021; HOMOLOGADO; -; 11/01/2021; 19/01/2021; -; Convite; -; -
 FUNDO MUNICIPAL SAÚDE BALNEÁRIO GAIVOTA;3;2021;3;2021; O presente procedimento licitatório tem por finalidade o registro de preço para futura e eventual aquisição parcelada de matérias médicos hospitalares e odontológicos.; Pregão presencial; 19/02/2021 08:15; 09/02/2021; Compras e Serviços; MENOR PREÇO; 19/02/2021; HOMOLOGADO; -; 08/02/2021; 19/02/2021; -; Pregão presencial; -; -
 PREFEITURA MUNICIPAL BALNEÁRIO GAIVOTA;2;2021;2;2021; O presente processo tem por objetivo Aquisição de combustíveis (Gasolina Comum, Gasolina Aditivada, Diesel Comum e Diesel S10) e aditivo Arla 32 para manutenção da Frota Municipal durante o exercício de 2021.; Pregão presencial; 22/01/2021 13:45; 11/01/2021; Compras e Serviços; MENOR PRECO POR ITEM; 25/01/2021; HOMOLOGADO; -; 04/01/2021; 22/01/2021; -; Pregão presencial; -; -
 FUNDO MUNICIPAL SAÚDE BALNEÁRIO GAIVOTA;2;2021;2;2021; O presente procedimento licitatório tem por finalidade o registro de preço para futura e eventual aquisição parcelada de matérias médicos hospitalares e odontológicos.; Pregão presencial; 29/01/2021 08:15; 18/01/2021; Compras e Serviços; MENOR PRECO POR ITEM; -; REVOGADO; -; 11/01/2021; 29/01/2021; 03/02/2021; Pregão presencial; -; -
 PREFEITURA MUNICIPAL BALNEÁRIO GAIVOTA;1;2021;1;2021;" Ref. Contratação de empresa ou profissional para prestação de serviços de assessoria, consultoria, orientação e assistência técnica e operacional em gestão pública nas atividades de: planejamento; execução e controle financeiro e orçamentário; administração; e, controle interno, durante o exercício de 2021."; Inexigibilidade de licitação; 04/01/2021 08:01; 04/01/2021; Contratação de serviços; MENOR PRECO POR ITEM; 04/01/2021; HOMOLOGADO; -; 04/01/2021; 04/01/2021; -; Inexigibilidade de licitação; -; -
 FUNDO MUNICIPAL SAÚDE BALNEÁRIO GAIVOTA;1;2021;1;2021; Ref.: Contratação direta, via Dispensa Emergencial de Licitação, do Instituto de Saúde Vida Plena, para prestação de serviços médicos, como ultra-sonografias, consultas médicas, raio-x, tomografias computadorizadas, exames relacionados aos atendimentos de enfrentamento ao COVID-19 e demais serviços médicos complementares; Dispensa de licitação; 04/01/2021 07:31; 04/01/2021; Compras e Serviços; MENOR PREÇO; 04/01/2021; HOMOLOGADO; -; 04/01/2021; 04/01/2021; -; Dispensa de licitação; -; -
 PREFEITURA MUNICIPAL BALNEÁRIO GAIVOTA;41;2020;41;2020; PERMISSÃO remunerada de uso de pontos comerciais para, trailers, food trucks, towners e congêneres, localizados à Avenida beira mar, no município de Balneário Gaivota, conforme condições estabelecidas no Edital e na legislação pertinente .; Concorrência; 23/12/2020 10:01; -; Concessão; MELHOR PRECO E TECNICA; -; AGUARDANDO; -; 23/11/2020; 23/12/2020; -; Concorrência; -; -
 PREFEITURA MUNICIPAL BALNEÁRIO GAIVOTA;44;2020;22;2020; O presente processo tem como objeto a eventual e futura aquisição de madeiras com tratamento, destinados a manutenção da secretaria de obras do município, nas condições fixadas no Edital, conforme especificações e quantitativos apresentados no anexo I, que integra este edital.; Pregão presencial; 21/12/2020 10:00; 10/12/2020; Compras e Serviços; MENOR PREÇO POR LOTE; 21/12/2020; HOMOLOGADO; -; 09/12/2020; 21/12/2020; -; Pregão presencial; -; -
 PREFEITURA MUNICIPAL BALNEÁRIO GAIVOTA;42;2020;21;2020; É objeto da presente licitação  A AQUISIÇÃO DE PEÇAS E SERVIÇOS DE MÃO DE OBRA PARA MANUTENÇÃO DOS ONIBUS E CAMINHÕES DO MUNICÍPIO DE BALNEÁRIO GAIVOTA, de acordo com as especificações e quantitativos estimados no presente edital e seus anexos.; Pregão presencial; 15/12/2020 09:30; 03/12/2020; Compras e Serviços; MENOR PREÇO POR LOTE; 15/12/2020; HOMOLOGADO; -; 01/12/2020; 15/12/2020; -; Pregão presencial; -; -
 PREFEITURA MUNICIPAL BALNEÁRIO GAIVOTA;39;2020;20;2020; AQUISIÇÃO PARCELADA DE CESTAS BÁSICAS PARA FORNECIMENTO AOS USUÁRIOS DA ASSISTÊNCIA SOCIAL, QUE POR VENTURA ENCONTRAREM-SE EM SITUAÇÃO DE VULNERABILIDADE SOCIAL (ALIMENTOS); Pregão presencial; 09/11/2020 09:00; 03/11/2020; Compras e Serviços; MENOR PRECO POR ITEM; 10/11/2020; HOMOLOGADO; -; 30/10/2020; 09/11/2020; -; Pregão presencial; -; -
 PREFEITURA MUNICIPAL BALNEÁRIO GAIVOTA;38;2020;19;2020; O presente PREGÃO PRESENCIAL tem como objeto a Eventual aquisição de materiais e equipamentos de informática, destinados ao atendimento da Secretaria de Administração e Finanças, Secretaria de Educação e demais secretarias, nas condições fixadas no Edital para serem fornecidos, conforme Especificações Técnica; Pregão presencial; 19/10/2020 10:01; 06/10/2020; Compras e Serviços; MENOR PRECO POR ITEM; 21/10/2020; HOMOLOGADO; -; 06/10/2020; 19/10/2020; -; Pregão presencial; -; -
 PREFEITURA MUNICIPAL BALNEÁRIO GAIVOTA;29;2020;18;2020; O presente PREGÃO PRESENCIAL tem como objeto o Serviço de impressão e encadernação de material gráfico - apostilas - para a rede municipal de ensino, conforme condições e especificações discriminadas, para a Secretaria Municipal da Educação; Pregão presencial; 22/07/2020 10:00; 16/07/2020; Compras e Serviços; MENOR PREÇO; 22/07/2020; HOMOLOGADO; -; 15/07/2020; 22/07/2020; -; Pregão presencial; -; -
 PREFEITURA MUNICIPAL BALNEÁRIO GAIVOTA;25;2020;17;2020; O presente processo tem como objeto a AQUISIÇÃO DE VEÍCULO AUTOMOTOR ZERO QUILÔMETRO, TIPO PICK UP, ANO DE FABRICAÇÃO/MODELO 2020/2020, PARA COMPOR A FROTA DA POLÍCIA CIVIL DE BALNEÁRIO GAIVOTA, para ser fornecido, conforme Especificações Técnicas; Pregão presencial; 03/07/2020 10:00; 22/06/2020; Compras e Serviços; MENOR PRECO POR ITEM; 03/07/2020; HOMOLOGADO; -; 19/06/2020; 03/07/2020; -; Pregão presencial; -; -
 PREFEITURA MUNICIPAL BALNEÁRIO GAIVOTA;24;2020;16;2020; O presente PREGÃO PRESENCIAL tem como objeto a eventual aquisição parcelada de materiais de construção, ferramentas e equipamentos, para as secretarias municipais, nas condições fixadas no Edital, conforme as especificações constantes do anexo I - Termo de Referência, deste edital; Pregão presencial; 02/07/2020 11:30; 22/06/2020; Compras e Serviços; MENOR PRECO POR ITEM; 02/07/2020; HOMOLOGADO; -; 19/06/2020; 02/07/2020; -; Pregão presencial; -; -
 PREFEITURA MUNICIPAL BALNEÁRIO GAIVOTA;21;2020;15;2020; CONTRATAÇÃO EMERGENCIAL  DE EMPRESA PARA PRESTAÇÃO DE SERVIÇOS TÉCNICOS ESPECIALIZADOS NA MANUTENÇÃO NO SISTEMA DE ILUMINAÇÃO PÚBLICA MUNICIPAL; Pregão presencial; 23/06/2020 10:00; 10/06/2020; Compras e Serviços; MENOR PRECO POR ITEM; 24/06/2020; HOMOLOGADO; -; 09/06/2020; 23/06/2020; -; Pregão presencial; -; -
 PREFEITURA MUNICIPAL BALNEÁRIO GAIVOTA;20;2020;14;2020; O presente PREGÃO PRESENCIAL tem como objeto o Serviço de impressão de material gráfico - apostilas - para a rede municipal de ensino, conforme condições e especificações discriminadas, para a Secretaria Municipal da Educação.; Pregão presencial; 10/06/2020 10:00; 03/06/2020; Compras e Serviços; MENOR PREÇO; 10/06/2020; HOMOLOGADO; -; 03/06/2020; 10/06/2020; -; Pregão presencial; -; -
 PREFEITURA MUNICIPAL BALNEÁRIO GAIVOTA;19;2020;13;2020; O presente PREGÃO PRESENCIAL tem como objeto a eventual e futura contratação de serviços gráficos, para suprir as necessidades das Secretarias Municipais, para serem fornecidos de forma parcelada, conforme Especificações Técnicas.; Pregão presencial; 08/06/2020 10:00; 27/05/2020; Compras e Serviços; MENOR PRECO POR ITEM; 09/06/2020; HOMOLOGADO; -; 26/05/2020; 08/06/2020; -; Pregão presencial; -; -
 PREFEITURA MUNICIPAL BALNEÁRIO GAIVOTA;18;2020;12;2020; AQUISIÇÃO PARCELADA DE CESTAS BÁSICAS PARA FORNECIMENTO AOS USUÁRIOS DA ASSISTÊNCIA SOCIAL, QUE POR VENTURA ENCONTRAREM-SE EM SITUAÇÃO DE VULNERABILIDADE SOCIAL (ALIMENTOS); Pregão presencial; 26/05/2020 09:00; 19/05/2020; Compras e Serviços; MENOR PRECO POR ITEM; 27/05/2020; HOMOLOGADO; -; 18/05/2020; 26/05/2020; -; Pregão presencial; -; -
 PREFEITURA MUNICIPAL BALNEÁRIO GAIVOTA;49;2020;12;2020; Esta licitação tem por objeto a contratação de empresa do ramo pertinente para a execução de PAVIMENTAÇÃO EM LAJOTAS NA RUA DA LAGOSTA, no Município de Balneário Gaivota/SC, conforme projeto básico anexo ao edital, selecionando propostas em conformidade com o disposto neste instrumento convocatório e nos termos da Lei Federal nº 8.666/93 e alterações posteriores; Convite; 24/12/2020 12:31; 15/12/2020; Obras e Serviços de Engenharia; MENOR PRECO POR ITEM; 28/12/2020; HOMOLOGADO; -; 15/12/2020; 24/12/2020; -; Convite; -; -
 PREFEITURA MUNICIPAL BALNEÁRIO GAIVOTA;16;2020;11;2020; O presente processo tem como objeto a AQUISIÇÃO DE VEÍCULO AUTOMOTOR ZERO QUILÔMETRO, TIPO PICK UP, ANO DE FABRICAÇÃO/MODELO 2020/2020, PARA COMPOR A FROTA DA POLÍCIA CIVIL DE BALNEÁRIO GAIVOTA, para ser fornecido, conforme Especificações Técnicas; Pregão presencial; 23/03/2020 11:01; 03/03/2020; Compras e Serviços; MENOR PRECO POR ITEM; -; REVOGADO; -; 02/03/2020; 23/03/2020; 19/03/2020; Pregão presencial; -; -
 PREFEITURA MUNICIPAL BALNEÁRIO GAIVOTA;48;2020;11;2020; Esta licitação tem por objeto a contratação de empresa do ramo pertinente para a execução de PAVIMENTAÇÃO EM LAJOTAS NAS RUAS EVARISTO GONÇALVES, JOSÉ MOURO E RUA DAS PALMEIRAS, no Município de Balneário Gaivota/SC, conforme projeto básico anexo ao edital, selecionando propostas em conformidade com o disposto neste instrumento convocatório e nos termos da Lei Federal nº 8.666/93 e alterações posteriores; Convite; 22/12/2020 12:31; 14/12/2020; Obras e Serviços de Engenharia; MENOR PRECO POR ITEM; 22/12/2020; HOMOLOGADO; -; 14/12/2020; 22/12/2020; -; Convite; -; -
 PREFEITURA MUNICIPAL BALNEÁRIO GAIVOTA;47;2020;10;2020; Esta licitação tem por objeto a contratação de empresa do ramo pertinente para a execução de PAVIMENTAÇÃO EM LAJOTAS NAS RUAS MANOEL LEÃO PEREIRA E PONSEANO MONTEIRO GUIMARÃES, no Município de Balneário Gaivota/SC, conforme projeto básico anexo ao edital, selecionando propostas em conformidade com o disposto neste instrumento convocatório e nos termos da Lei Federal nº 8.666/93 e alterações posteriores; Convite; 22/12/2020 12:01; 14/12/2020; Obras e Serviços de Engenharia; MENOR PRECO POR ITEM; 22/12/2020; HOMOLOGADO; -; 14/12/2020; 22/12/2020; -; Convite; -; -
 PREFEITURA MUNICIPAL BALNEÁRIO GAIVOTA;15;2020;10;2020; Este porcesso tem por objetivo a Aquisição de duas Retroescavadeira 0km, nova, ano/modelo  2020/2020 com tração 4x4, para a Sec. De Agricultura, Pesca e meio Ambiente do municipio de Balneário Gaivota.; Pregão presencial; 13/03/2020 09:00; 03/03/2020; Compras e Serviços; MENOR PRECO POR ITEM; 13/03/2020; HOMOLOGADO; -; 02/03/2020; 13/03/2020; -; Pregão presencial; -; -
 PREFEITURA MUNICIPAL BALNEÁRIO GAIVOTA;46;2020;9;2020; Esta licitação tem por objeto a contratação de empresa do ramo pertinente para a execução de PAVIMENTAÇÃO DA RUA JOÃO VITORINO BARBOSA, no Município de Balneário Gaivota/SC, conforme projeto básico anexo ao edital, selecionando propostas em conformidade com o disposto neste instrumento convocatório e nos termos da Lei Federal nº 8.666/93 e alterações posteriores.; Convite; 16/12/2020 12:01; 09/12/2020; Obras e Serviços de Engenharia; MENOR PREÇO GLOBAL; 16/12/2020; HOMOLOGADO; -; 09/12/2020; 16/12/2020; -; Convite; -; -
 PREFEITURA MUNICIPAL BALNEÁRIO GAIVOTA;14;2020;9;2020; Contratação de empresa do ramo pertinente para a prestação de serviço de transporte de alunos da Rede Estadual e Municipal de Ensino parcelada, conforme a necessidade e demanda da Sec. de Educação Municipal, durante o exercício de 2020.; Pregão presencial; 12/03/2020 09:00; 02/03/2020; Contratação de serviços; MENOR PREÇO POR LOTE; 13/03/2020; HOMOLOGADO; -; 28/02/2020; 12/03/2020; -; Pregão presencial; -; -
 PREFEITURA MUNICIPAL BALNEÁRIO GAIVOTA;45;2020;8;2020; Esta licitação tem por objeto a CONTRATAÇÃO DE EMPRESA ESPECIALIZADA PARA EXECUÇÃO DE OBRA DE DESLOCAMENTO DE REDE DO SISTEMA DE ILUMINAÇÃO PÚBLICA DO MUNICÍPIO, CONFORME NOTA PS: 400626773 E PLANILHA ORÇAMENTÁRIA EM ANEXO AO EDITAL; Convite; 16/12/2020 11:01; 09/12/2020; Obras e Serviços de Engenharia; MENOR PREÇO GLOBAL; 16/12/2020; HOMOLOGADO; -; 09/12/2020; 16/12/2020; -; Convite; -; -
 PREFEITURA MUNICIPAL BALNEÁRIO GAIVOTA;35;2020;8;2020; O presente procedimento licitatório tem por finalidade selecionar a melhor  proposta para Execução de Pavimentação asfáltica da Avenida Beira Mar Norte, no Município de Balneário Gaivota/SC, conforme localização, tipo de revestimento, demais condições e quantitativos constantes no memorial descritivo, planilha orçamentária, cronograma físico financeiro e projeto anexo ao edital; Tomada de Preço; 10/09/2020 10:01; -; Obras e Serviços de Engenharia; MENOR PRECO POR ITEM; -; REVOGADO; -; 25/08/2020; 10/09/2020; 03/09/2020; Tomada de Preço; -; -
 PREFEITURA MUNICIPAL BALNEÁRIO GAIVOTA;12;2020;8;2020; O presente PREGÃO PRESENCIAL tem como objeto a Aquisição de eletrodomésticos e equipamentos, para a Secretaria de Educação Municipal, de acordo com o catalogo do FNDE, conforme as especificações constantes do anexo I - Termo de Referência, deste edital; Pregão presencial; 05/03/2020 09:00; 21/02/2020; Compras e Serviços; MENOR PRECO POR ITEM; 10/03/2020; HOMOLOGADO; -; 20/02/2020; 05/03/2020; -; Pregão presencial; -; -
 PREFEITURA MUNICIPAL BALNEÁRIO GAIVOTA;32;2020;7;2020; O presente procedimento licitatório tem por finalidade selecionar a melhor  proposta para Execução de pavimentação asfáltica da Rua Almiro Manoel de Souza - trecho 02, no Município de Balneário Gaivota/SC, conforme localização, tipo de revestimento, demais condições e quantitativos constantes no memorial descritivo, planilha orçamentária, cronograma físico financeiro e projeto anexo ao edital; Tomada de Preço; 07/08/2020 09:00; 24/07/2020; Obras e Serviços de Engenharia; MENOR PREÇO GLOBAL; 10/08/2020; HOMOLOGADO; -; 23/07/2020; 07/08/2020; -; Tomada de Preço; -; -
 PREFEITURA MUNICIPAL BALNEÁRIO GAIVOTA;40;2020;7;2020; Contratação de empresa do ramo pertinente para a execução de PAVIMENTAÇÃO EM LAJOTAS DA RUA ALMIRO MANOEL DE SOUZA, no Município de Balneário Gaivota/SC, conforme projeto básico anexo ao edital, selecionando propostas em conformidade com o disposto neste instrumento convocatório e nos termos da Lei Federal nº 8.666/93 e alterações posteriores.; Convite; 09/11/2020 08:31; 30/10/2020; Obras e Serviços de Engenharia; MENOR PREÇO GLOBAL; 09/11/2020; HOMOLOGADO; -; 30/10/2020; 09/11/2020; -; Convite; -; -
 PREFEITURA MUNICIPAL BALNEÁRIO GAIVOTA;11;2020;7;2020; Eventual e futura Aquisição parcelada de material de expediente para suprir as necessidades da Secretaria de Administração e Finanças, Secretaria de Arrecadação Municipal, Secretaria de Educação e material escolar de distribuição gratuita para a rede municipal de ensino, para o exercício de 2020; Pregão presencial; 04/03/2020 08:30; 19/02/2020; Compras e Serviços; MENOR PRECO POR ITEM; 05/03/2020; HOMOLOGADO; -; 18/02/2020; 04/03/2020; -; Pregão presencial; -; -
 FUNDO MUNICIPAL SAÚDE BALNEÁRIO GAIVOTA;14;2020;7;2020; Prestação de serviços médicos diversos como ultra-sonografias, consultas médicas, raio-x, tomografias computadorizadas, exames relacionados aos atendimentos de enfrentamento ao COVID-19 e demais serviços médicos complementares.; Dispensa de licitação; -; 19/08/2020; Contratação de serviços; MENOR PREÇO; 18/08/2020; HOMOLOGADO; -; 18/08/2020;  - ; -; Dispensa de licitação; -; -
 FUNDO MUNICIPAL SAÚDE BALNEÁRIO GAIVOTA;16;2020;7;2020; O presente PREGÃO PRESENCIAL tem como objeto a aquisição de material tipo E.P.I para uso de Agentes da Saúde no enfrentamento da Pandemia do Corona Vírus / COVID 19, para a Secretaria Municipal de Saúde de Balneário Gaivota.; Pregão presencial; 03/11/2020 10:01; 27/10/2020; Compras e Serviços; MENOR PREÇO; 04/11/2020; HOMOLOGADO; -; 26/10/2020; 03/11/2020; -; Pregão presencial; -; -
 PREFEITURA MUNICIPAL BALNEÁRIO GAIVOTA;31;2020;6;2020; Contratação de empresa para Aquisição de Material Britado para Manutenção das Rodovias Municipais, em Balneário Gaivota/SC: LOTE 01 - RUA 02, RUA CISNE, 3ª AVENIDA, RUA LAGES, RUA JOINVILE, RUA TUBARÃO, RUA GRAMADO, RUA GAROPABA, RUA VIDAL RAMOS, RUA MINAS GERAIS, RUA DOS GIRASSÓIS, AVENIDA BEIRA MAR, RUA PORTO ALEGRE, RUA ESPIRITO SANTO, RUA FRANCISCO MATIAS, TRAVESSA DAS CONCHAS, RUA JOÃO BATISTA GARCIA, RUA MARIA SEBASTIANA V. SILVEIRA, ESTRADA JORGE FLORIANO BORGES, ESTRADA MUNICIPAL SANTO A; Tomada de Preço; 06/08/2020 11:00; 22/07/2020; Obras e Serviços de Engenharia; MENOR PRECO POR ITEM; 11/08/2020; HOMOLOGADO; -; 21/07/2020; 06/08/2020; -; Tomada de Preço; -; -
 PREFEITURA MUNICIPAL BALNEÁRIO GAIVOTA;36;2020;6;2020; Constitui objeto do presente processo a Aquisição de brita graduada, para uso em manutenção das vias municipais, visando atender as necessidades da Secretaria de Obras e Serviços Urbanos, conforme especificações e quantidades descritas no Anexo I deste Edital; Convite; 11/09/2020 11:01; 03/09/2020; Compras e Serviços; MENOR PRECO POR ITEM; 16/09/2020; HOMOLOGADO; -; 03/09/2020; 11/09/2020; -; Convite; -; -
 PREFEITURA MUNICIPAL BALNEÁRIO GAIVOTA;10;2020;6;2020; Este Pregão tem por objeto futura AQUISIÇÃO DE ÓLEOS LUBRIFICANTES, GRAXAS E FLUIDOS, PARA ATENDIMENTO AOS VEÍCULOS PERTENCENTES ÀS DIVERSAS SECRETARIAS MUNICIPAIS de Balneário Gaivota/SC.; Pregão presencial; 03/03/2020 09:00; 18/02/2020; Compras e Serviços; MENOR PRECO POR ITEM; 04/03/2020; HOMOLOGADO; -; 17/02/2020; 03/03/2020; -; Pregão presencial; -; -
 FUNDO MUNICIPAL SAÚDE BALNEÁRIO GAIVOTA;9;2020;6;2020; Dispensa de licitação para Aquisição de máscaras descartável branca em tnt simples, para uso dos funcionários das unidades de saúde e para uso de pacientes sintomáticos, devido a pandemia do novo coronavírus, conforme descrição e valores abaixo em caráter emergencial; Dispensa de licitação; -; 27/04/2020; Compras e Serviços; MENOR PREÇO; 24/04/2020; HOMOLOGADO; -; 24/04/2020;  - ; -; Dispensa de licitação; -; -
 FUNDO MUNICIPAL SAÚDE BALNEÁRIO GAIVOTA;15;2020;6;2020; PREGÃO PRESENCIAL, do tipo menor preço por lote, objetivando selecionar a melhor proposta para Aquisição de material clínico e odontológico para as unidades de saúde do município, através de empresa do ramo pertinente, obedecendo integralmente às condições, quantidades e exigências estabelecidas neste Edital e seus anexos.; Pregão presencial; 01/09/2020 10:01; 20/08/2020; Compras e Serviços; MENOR PREÇO; 03/09/2020; HOMOLOGADO; -; 19/08/2020; 01/09/2020; -; Pregão presencial; -; -
 PREFEITURA MUNICIPAL BALNEÁRIO GAIVOTA;30;2020;5;2020;" Contratação de empresa para Aquisição de Material Britado para Manutenção das Rodovias Municipais, em Balneário Gaivota/SC: LOTE 01 - RUA DÁRIO ASCÊNCIO DA CUNHA (RUA 16), RUA JOSE DELAUDINO DOS SANTOS, RUA ZACARIAS VICENTE NICOLAU, RUA MANOEL LEÃO PEREIRA RUA JOSE DIMAS COELHO, 4ª AVENIDA, RUA Q e RUA R; no Município de Balneário Gaivota/SC"; Tomada de Preço; 06/08/2020 10:00; 22/07/2020; Obras e Serviços de Engenharia; MENOR PRECO POR ITEM; 10/08/2020; HOMOLOGADO; -; 21/07/2020; 06/08/2020; -; Tomada de Preço; -; -
 PREFEITURA MUNICIPAL BALNEÁRIO GAIVOTA;43;2020;5;2020; Aquisição de 05 (cinco) Placas Mãe S1155 com entrada USB 2.0 / saídas de vídeo VGA e HDMI / LAN / SOM / Slot de memória DDR3, para manutenção de equipamentos de informática.; Dispensa de licitação; -; -; Compras e Serviços; MENOR PRECO POR ITEM; -; AGUARDANDO; -; 04/12/2020;  - ; -; Dispensa de licitação; -; -
 PREFEITURA MUNICIPAL BALNEÁRIO GAIVOTA;33;2020;5;2020; Contratação de empresa do ramo pertinente para a execução de PAVIMENTAÇÃO EM LAJOTAS RUA DIDIER CLODOALDO NUNES (RUA 7), no Município de Balneário Gaivota/SC, conforme projeto básico anexo ao edital, selecionando propostas em conformidade com o disposto neste instrumento convocatório e nos termos da Lei Federal nº 8.666/93 e alterações posteriores.; Convite; 06/08/2020 12:00; 30/07/2020; Obras e Serviços de Engenharia; MENOR PRECO POR ITEM; 11/08/2020; HOMOLOGADO; -; 30/07/2020; 06/08/2020; -; Convite; -; -
 PREFEITURA MUNICIPAL BALNEÁRIO GAIVOTA;8;2020;5;2020; Contratação de empresa do ramo pertinente especializada para a locação, montagem e desmontagem de sanitários ecológicos, por diária, para atender as necessidades dos eventos realizados no projeto no exercício de 2020.; Pregão presencial; 17/02/2020 11:00; 05/02/2020; Contratação de serviços; MENOR PRECO POR ITEM; 18/02/2020; HOMOLOGADO; -; 04/02/2020; 17/02/2020; -; Pregão presencial; -; -
 FUNDO MUNICIPAL SAÚDE BALNEÁRIO GAIVOTA;8;2020;5;2020; DISPENSA DE LICITAÇÃO PARA CONTRATAÇÃO DE EMPRESA ESPECIALIZADA PARA SANITIZAÇÃO DE ESPAÇOS PÚBLICOS EM CARÁTER EMERGENCIAL.; Dispensa de licitação; -; 21/04/2020; Compras e Serviços; MENOR PREÇO; 20/04/2020; HOMOLOGADO; -; 20/04/2020;  - ; -; Dispensa de licitação; -; -
 FUNDO MUNICIPAL SAÚDE BALNEÁRIO GAIVOTA;11;2020;5;2020; Aquisição de VEÍCULO AUTOMOTOR ZERO QUILÔMETRO, COM CAPACIDADE MÍNIMA DE SETE LUGARES, ANO DE FABRICAÇÃO 2020, PARA COMPOR A FROTA DA SECRETARIA DE SAÚDE DE BALNEÁRIO GAIVOTA; Pregão presencial; 02/07/2020 10:00; 19/06/2020; Compras e Serviços; MENOR PREÇO; 02/07/2020; HOMOLOGADO; -; 19/06/2020; 02/07/2020; -; Pregão presencial; -; -
 PREFEITURA MUNICIPAL BALNEÁRIO GAIVOTA;34;2020;4;2020; aquisição de gêneros alimentícios da Agricultura Familiar e do Empreendedor Familiar Rural, para o atendimento ao Programa Nacional de Alimentação Escolar - PNAE.; Dispensa de licitação; -; 04/08/2020; Compras e Serviços; MENOR PREÇO; 04/08/2020; HOMOLOGADO; -; 04/08/2020;  - ; -; Dispensa de licitação; -; -
 PREFEITURA MUNICIPAL BALNEÁRIO GAIVOTA;28;2020;4;2020; Contratação de empresa para Aquisição de Material Britado para Manutenção das Rodovias Municipais, em Balneário Gaivota/SC: LOTE 01 - RUA 02, RUA CISNE, 3ª AVENIDA, RUA LAGES, RUA JOINVILE, RUA TUBARÃO, RUA GRAMADO, RUA GAROPABA, RUA VIDAL RAMOS, RUA MINAS GERAIS, RUA DOS GIRASSÓIS, AVENIDA BEIRA MAR, RUA PORTO ALEGRE, RUA ESPIRITO SANTO, RUA FRANCISCO MATIAS, TRAVESSA DAS CONCHAS, RUA JOÃO BATISTA GARCIA, RUA MARIA SEBASTIANA V. SILVEIRA, ESTRADA JORGE FLORIANO BORGES, ESTRADA MUNICIPAL SANTO A; Tomada de Preço; 20/07/2020 11:00; -; Obras e Serviços de Engenharia; MENOR PRECO POR ITEM; -; REVOGADO; -; 03/07/2020; 20/07/2020; 20/07/2020; Tomada de Preço; -; -
 PREFEITURA MUNICIPAL BALNEÁRIO GAIVOTA;7;2020;4;2020; Contratação de empresa do ramo pertinente para a prestação de serviço de transporte de alunos da Rede Estadual e Municipal de Ensino, durante o exercício de 2020; Pregão presencial; 17/02/2020 10:00; 05/02/2020; Contratação de serviços; MENOR PRECO POR ITEM; -; REVOGADO; -; 04/02/2020; 17/02/2020; 14/02/2020; Pregão presencial; -; -
 PREFEITURA MUNICIPAL BALNEÁRIO GAIVOTA;22;2020;4;2020; Aquisição de tubos de concreto para a manutenção e ampliação das tubulações do município, visando atender as necessidades da Secretaria de Obras e Serviços Urbanos, durante o exercício de 2020; Convite; 19/06/2020 10:01; 09/06/2020; Compras e Serviços; MENOR PRECO POR ITEM; 14/07/2020; HOMOLOGADO; -; 09/06/2020; 19/06/2020; -; Convite; -; -
 FUNDO MUNICIPAL SAÚDE BALNEÁRIO GAIVOTA;5;2020;4;2020; Prestação de serviços médicos diversos como ultra-sonografias, consultas médicas, raio-x, tomografias computadorizadas e demais serviços médicos complementares.; Dispensa de licitação; -; 24/01/2020; Contratação de serviços; MENOR PREÇO; 23/01/2020; HOMOLOGADO; -; 23/01/2020;  - ; -; Dispensa de licitação; -; -
 FUNDO MUNICIPAL SAÚDE BALNEÁRIO GAIVOTA;10;2020;4;2020; O presente PREGÃO PRESENCIAL tem como objeto a aquisição de um veículo novo, micro ônibus modelo VAN, com no mínimo 20 + 1 lugares ano/modelo 2020/2020, completa com equipamentos e utilitários para o atendimento de pacientes a secretaria de Saúde deste município, para ser fornecido, conforme Especificações Técnicas; Pregão presencial; 02/07/2020 09:00; 22/06/2020; Compras e Serviços; MENOR PREÇO; 02/07/2020; HOMOLOGADO; -; 19/06/2020; 02/07/2020; -; Pregão presencial; -; -
 PREFEITURA MUNICIPAL BALNEÁRIO GAIVOTA;27;2020;3;2020; A presente licitação tem por finalidade selecionar a proposta mais vantajosa para a contratação de empresa especializada para execução de pavimentação com lajotas da Rua Martinho Bernadino Ferreira - Rua 06, em Balneário Gaivota/SC, conforme localização, condições e quantitativos constantes no memorial descritivo, planilha orçamentária, cronograma físico-financeiro e projeto básico contidas no ANEXO I deste Edital.; Tomada de Preço; 20/07/2020 10:01; 06/07/2020; Obras e Serviços de Engenharia; MENOR PREÇO GLOBAL; 22/07/2020; HOMOLOGADO; -; 03/07/2020; 20/07/2020; -; Tomada de Preço; -; -
 PREFEITURA MUNICIPAL BALNEÁRIO GAIVOTA;17;2020;3;2020; CONTRATAÇÃO DE EMPRESA PARA A EXECUÇÃO PAVIMENTAÇÃO EM LAJOTAS 3ª ETAPA - ESTACIONAMENTO COMPLEXO ESPORTIVO, no Município de Balneário Gaivota/SC, conforme projeto básico anexo ao edital selecionando propostas em conformidade com o disposto neste instrumento convocatório e nos termos da Lei Federal nº 8.666/93 e alterações posteriores; Convite; 11/05/2020 10:01; 04/05/2020; Obras e Serviços de Engenharia; MENOR PREÇO GLOBAL; 15/05/2020; HOMOLOGADO; -; 04/05/2020; 11/05/2020; -; Convite; -; -
 PREFEITURA MUNICIPAL BALNEÁRIO GAIVOTA;5;2020;3;2020; Aquisição de pneus novos de 1.ª linha, câmaras de ar e protetores/colarinhos novos, que atendam as Normas da ABNT NBR NM 250:2001, NBR NM 251:2001 e detenham Certificado de Qualidade do INMETRO para veículos oficiais desta municipalidade. para serem fornecidos, conforme Especificações Técnicas.; Pregão presencial; 05/02/2020 14:00; 24/01/2020; Compras e Serviços; MENOR PRECO POR ITEM; 05/02/2020; HOMOLOGADO; -; 23/01/2020; 05/02/2020; -; Pregão presencial; -; -
 PREFEITURA MUNICIPAL BALNEÁRIO GAIVOTA;23;2020;3;2020; Contratação de empresa do ramo pertinente para construção de cobertura arquibancadas do estádio Domingos da Silva, com área total de 181,00m², conforme projeto e memorial descritivo em anexo a este edital.; Dispensa de licitação; -; 17/06/2020; Obras e Serviços de Engenharia; MENOR PRECO POR ITEM; 17/06/2020; HOMOLOGADO; -; 17/06/2020;  - ; -; Dispensa de licitação; -; -
 FUNDO MUNICIPAL SAÚDE BALNEÁRIO GAIVOTA;7;2020;3;2020; O presente PREGÃO PRESENCIAL, do tipo menor preço por item, objetivando a aquisição de Tablets, impressoras e computadores para a Secretaria de Saúde de Balneário Gaivota, nas condições fixadas no Edital, conforme as especificações constantes do anexo I - Termo de Referência, deste edital.; Pregão presencial; 06/03/2020 09:00; 21/02/2020; Compras e Serviços; MENOR PRECO POR ITEM; 06/03/2020; HOMOLOGADO; -; 20/02/2020; 06/03/2020; -; Pregão presencial; -; -
 FUNDO MUNICIPAL SAÚDE BALNEÁRIO GAIVOTA;3;2020;3;2020; Aquisição de medicamentos para atender as necessidades das unidades de saúde do município, durante o exercicio de 2020, conforme relação em anexo.; Dispensa de licitação; -; 17/01/2020; Compras e Serviços; MENOR PREÇO; 16/01/2020; HOMOLOGADO; -; 16/01/2020;  - ; -; Dispensa de licitação; -; -
 PREFEITURA MUNICIPAL BALNEÁRIO GAIVOTA;26;2020;2;2020; O presente procedimento licitatório tem por finalidade selecionar a melhor  proposta para Execução de pavimentação asfáltica da Rua Almiro Manoel de Souza - trecho 02, no Município de Balneário Gaivota/SC, conforme localização, tipo de revestimento, demais condições e quantitativos constantes no memorial descritivo, planilha orçamentária, cronograma físico financeiro e projeto anexo ao edital; Tomada de Preço; 20/07/2020 09:00; -; Obras e Serviços de Engenharia; MENOR PREÇO GLOBAL; -; REVOGADO; -; 03/07/2020; 20/07/2020; 20/07/2020; Tomada de Preço; -; -
 PREFEITURA MUNICIPAL BALNEÁRIO GAIVOTA;13;2020;2;2020; O presente processo visa à Contratação especializada de serviços de engenharia com atestado de capacidade técnica, referente a projetos e fiscalização de obras de engenharia civil, arquitetura, pavimentações, drenagens e sinalizações, para o exercicio de 2020; Convite; 04/03/2020 11:01; 20/02/2020; Obras e Serviços de Engenharia; MENOR PRECO POR ITEM; 10/03/2020; HOMOLOGADO; -; 20/02/2020; 04/03/2020; -; Convite; -; -
 PREFEITURA MUNICIPAL BALNEÁRIO GAIVOTA;4;2020;2;2020; O presente PREGÃO PRESENCIAL tem como objeto a contratação de empresa do ramo pertinente para o fornecimento de materiais elétricos, destinados a manutenção da rede de iluminação pública do município, conforme especificações e quantitativos apresentados no anexo I, que integra este edital.; Pregão presencial; 05/02/2020 11:00; 24/01/2020; Compras e Serviços; MENOR PREÇO; 05/02/2020; HOMOLOGADO; -; 23/01/2020; 05/02/2020; -; Pregão presencial; -; -
 PREFEITURA MUNICIPAL BALNEÁRIO GAIVOTA;9;2020;2;2020; A presente dispensa tem por objeto a locação uma casa de alvenaria de 211,44 m² aproximadamente, localizada na localidade de Rua Nova, neste Município, de acordo com matricula e contrato de compra e venda em anexo ao edital. A qual servirá para o funcionamento do Centro de Educação Infantil , na comunidade. Tal locação servirá para o exercício de 2020.  Iniciando-se no mês de Fevereiro e Término em  31 de Dezembro de 2020; Dispensa de licitação; -; 17/02/2020; Contratação de serviços; MELHOR TECNICA; 13/02/2020; HOMOLOGADO; -; 13/02/2020;  - ; -; Dispensa de licitação; -; -
 FUNDO MUNICIPAL SAÚDE BALNEÁRIO GAIVOTA;6;2020;2;2020; O presente PREGÃO PRESENCIAL tem como objeto a Aquisição de Cadeira odontológica completa com Equipo odontológico, Unidade auxiliar odontológica, Refletor odontológico, Mocho odontológico, através de empresa do ramo pertinente, obedecendo integralmente às condições, quantidades e exigências estabelecidas neste Edital e seus anexos para serem fornecidos, conforme Especificações Técnicas; Pregão presencial; 17/02/2020 13:30; 05/02/2020; Compras e Serviços; MENOR PREÇO; 17/02/2020; HOMOLOGADO; -; 31/01/2020; 17/02/2020; -; Pregão presencial; -; -
 FUNDO MUNICIPAL SAÚDE BALNEÁRIO GAIVOTA;2;2020;2;2020; renovação da locação de uma sala de comercial de aproximadamente 130,00 m², localizada no lote 19 da quadra 68, Bairro jardim ultramar, neste Município, devidamente registrado sob o nº 53.841, no Cartório de Registro de Imóveis da Comarca de Sombrio - SC, o qual esta instalada a farmácia popular municipal. A presente locação servirá para o exercício de 2020.; Dispensa de licitação; -; 06/01/2020; Compras e Serviços; MENOR PREÇO; 03/01/2020; HOMOLOGADO; -; 03/01/2020;  - ; -; Dispensa de licitação; -; -
 PREFEITURA MUNICIPAL BALNEÁRIO GAIVOTA;37;2020;1;2020; para Execução de Pavimentação asfáltica da Avenida Beira Mar Norte, no Município de Balneário Gaivota/SC, conforme localização, tipo de revestimento, demais condições e quantitativos constantes no memorial descritivo, planilha orçamentária, cronograma físico financeiro e projeto.; Concorrência; 20/10/2020 11:00; 17/09/2020; Obras e Serviços de Engenharia; MENOR PREÇO GLOBAL; 03/11/2020; HOMOLOGADO; -; 16/09/2020; 20/10/2020; -; Licitação; -; -
 PREFEITURA MUNICIPAL BALNEÁRIO GAIVOTA;50;2020;1;2020; O objeto do presente Edital de Leilão consiste na alienação dos bens constantes do ANEXO I, ao final deste Edital.; Leilão; 14/01/2021 09:00; -; Compras e Serviços; MENOR PRECO POR ITEM; -; AGUARDANDO; -; 28/12/2020; 14/01/2021; -; Leilão; -; -
 PREFEITURA MUNICIPAL BALNEÁRIO GAIVOTA;2;2020;1;2020; Aquisição de uniformes escolares personalizados para distribuição gratuita, a fim de suprir as necessidades da Rede Municipal de ensino, que incluem as escolas de ensino fundamental e infantil, conforme especificações constantes do anexo I que integra este edital.; Convite; 23/01/2020 10:01; 13/01/2020; Compras e Serviços; MENOR PREÇO GLOBAL; 28/01/2020; HOMOLOGADO; -; 13/01/2020; 23/01/2020; -; Convite; -; -
 PREFEITURA MUNICIPAL BALNEÁRIO GAIVOTA;1;2020;1;2020; O presente PREGÃO PRESENCIAL tem como objeto a Contratação de empresa do ramo pertinente para o fornecimento de Saibro e transporte para a manutenção das estradas municipais, para uso da Secretaria de Obras e Serviços Urbanos do Município de Balneário Gaivota, durante o exercício de 2020. para serem fornecidos de forma parcelada, conforme Especificações Técnicas.; Pregão presencial; 21/01/2020 09:00; 07/01/2020; Compras e Serviços; MENOR PRECO POR ITEM; 21/01/2020; HOMOLOGADO; -; 07/01/2020; 21/01/2020; -; Pregão presencial; -; -
 PREFEITURA MUNICIPAL BALNEÁRIO GAIVOTA;3;2020;1;2020; Esta Licitação tem por objeto a Execução de Ampliação e de Salas e Reformas para Preventivo de Incedio na Escola de Ensino Fundamental Prof. Darcy Ribeiro, com área total de 194,99m², no município de Balneário Gaivota, conforme projeto, memorial descritivo, planilha orçamentária de quantitativos, custo e cronograma físico e financeiro em anexo.; Tomada de Preço; 10/02/2020 10:00; 24/01/2020; Obras e Serviços de Engenharia; MENOR PREÇO GLOBAL; 17/02/2020; HOMOLOGADO; -; 23/01/2020; 10/02/2020; -; Tomada de Preço; -; -
 PREFEITURA MUNICIPAL BALNEÁRIO GAIVOTA;6;2020;1;2020; Contratação de empresa para elaboração do Diagnóstico Socioambiental, o Plano Municipal da Mata Atlântica e do Cadastro Territorial Multifinalitário do Município de Balneário Gaivota em atendimento a Ação Civil Pública (Autos nº 0900087- 50.2015.8.24.0069) impetrada pelo Ministério Público de Santa Catarina.; Dispensa de licitação; -; 30/01/2020; Contratação de serviços; MELHOR PRECO E TECNICA; 29/01/2020; HOMOLOGADO; -; 29/01/2020;  - ; -; Dispensa de licitação; -; -
 FUNDO MUNICIPAL SAÚDE BALNEÁRIO GAIVOTA;12;2020;1;2020; A presente licitação tem por finalidade selecionar a proposta mais vantajosa para a Execução de Ampliação e reforma da Unidade de Saúde Praia da Gaivota, com área total de 219,81², no município de Balneário Gaivota, conforme projeto, memorial descritivo, planilha orçamentária de quantitativos, custo e cronograma físico e financeiro contidas no ANEXO I deste Edital; Tomada de Preço; 07/07/2020 10:00; 22/06/2020; Obras e Serviços de Engenharia; MENOR PREÇO; 10/07/2020; HOMOLOGADO; -; 19/06/2020; 07/07/2020; -; Tomada de Preço; -; -
 FUNDO MUNICIPAL SAÚDE BALNEÁRIO GAIVOTA;1;2020;1;2020; locação de uma sala de comercial de aproximadamente 170m², sito a Avenida Santa Catarina, nº 306, Bairro Praia Gaivota, melhor localizado como lote 19, quadra 16-A, neste município, conforme matricula de imóveis nº 48.121. O qual servirá para o funcionamento da Estratégia da Saúde Familiar Praia Gaivota, durante o Exercício de 2020.; Dispensa de licitação; -; 06/01/2020; Compras e Serviços; MENOR PREÇO; 03/01/2020; HOMOLOGADO; -; 03/01/2020;  - ; -; Dispensa de licitação; -; -
 FUNDO MUNICIPAL SAÚDE BALNEÁRIO GAIVOTA;4;2020;1;2020; O presente PREGÃO PRESENCIAL tem como objeto a selecionar a melhor proposta de empresa especializada para aquisição parcelada de oxigênio medicinal, com cessão em comodato de cilindros, e entrega domiciliar, obedecendo integralmente às condições, quantidades e exigências estabelecidas neste Edital e seus anexos, para ser fornecido, conforme Especificações Técnicas; Pregão presencial; 05/02/2020 09:01; 24/01/2020; Compras e Serviços; MENOR PREÇO; 05/02/2020; HOMOLOGADO; -; 23/01/2020; 05/02/2020; -; Pregão presencial; -; -
 FUNDO MUNICIPAL SAÚDE BALNEÁRIO GAIVOTA;13;2020;1;2020; O presente processo visa à contratação de empresa ou profissional para prestação de serviços de assessoria, nos sistema de informática para o acesso a Programas Estaduais na realização de cadastramento de propostas e acompanhamento com senha do representante legal do município no sistema do SIGEF. durante o exercício de 2020.; Convite; 21/07/2020 09:31; 02/07/2020; Contratação de serviços; MENOR PREÇO; 24/07/2020; HOMOLOGADO; -; 02/07/2020; 21/07/2020; -; Convite; -; -
 PREFEITURA MUNICIPAL BALNEÁRIO GAIVOTA;79;2019;79;2019; locação uma casa de alvenaria de 126.87 m² aproximadamente, localizada no lote 20 da quadra C, Bairro Santa Rita de Cassia, neste Município, devidamente registrado sob o nº 4.687, no Cartório de Registro de Imóveis da Comarca de Sombrio - SC, tendo como proprietários Juares Polmann Gomes e Maria Dautina Peres Gomes. O qual servirá para a instalação do Conselho Tutelar Municipal no exercicio de 2020.; Dispensa de licitação; -; -; Compras e Serviços; MENOR PREÇO; 02/01/2020; HOMOLOGADO; -; 24/12/2019;  - ; -; Dispensa de licitação; -; -
 PREFEITURA MUNICIPAL BALNEÁRIO GAIVOTA;78;2019;78;2019; O presente processo visa à Contratação de Empresa(s) Especializada(s) para Locação de Sonorização Profissional de pequeno a grande porte, para fins de realização dos eventos que ocorrerão durante o ano de 2020 em atendimento as atividades da Sec. do Turismo, Cultura e Esporte e demais secretarias do município de Balneário Gaivota, conforme detalhamento em Termo de Referência (anexo I).; Convite; 31/12/2019 11:01; 23/12/2019; Contratação de serviços; MENOR PREÇO GLOBAL; 06/01/2020; HOMOLOGADO; -; 23/12/2019; 31/12/2019; -; Convite; -; -
 PREFEITURA MUNICIPAL BALNEÁRIO GAIVOTA;77;2019;77;2019; O presente processo visa à contratação de serviços de arbitragem, mesários e apoio técnico, com frete, quando necessário, apoio logistico, destinados a atender os campeonatos e atividades esportivas do projeto Viva Verão 2020, e durante os eventos da temporada do ano de 2020, conforme detalhamento em Termo de Referência (anexo I).; Convite; 31/12/2019 10:31; 23/12/2019; Contratação de serviços; MENOR PRECO POR ITEM; 31/12/2019; HOMOLOGADO; -; 23/12/2019; 31/12/2019; -; Convite; -; -
 PREFEITURA MUNICIPAL BALNEÁRIO GAIVOTA;76;2019;76;2019; O presente processo visa à Contratação de empresa especializada para locação, montagem e desmontagem de tendas, palco, gradil, assoalhos e palanque de Surf para atender necessidades da secretaria de Turismo, Cultura e Esporte, durante o ano de 2020, conforme detalhamento em Termo de Referência (anexo I).; Convite; 31/12/2019 10:01; 23/12/2019; Contratação de serviços; MENOR PREÇO GLOBAL; 31/12/2019; HOMOLOGADO; -; 23/12/2019; 31/12/2019; -; Convite; -; -
 PREFEITURA MUNICIPAL BALNEÁRIO GAIVOTA;75;2019;75;2019; A presente dispensa de licitação tem por objeto a Contratação de empresa especializada para prestação de serviço de atualização, manutenção e suporte técnico do software de Gestão Escolar i-Educar e módulo Diário eletrônico do professor conforme especificações do edital. Inclui ainda serviços, parametrizações e configurações, treinamento de usuários, suporte técnico, manutenção corretiva, legal e evolutiva, bem como eventual hospedagem da solução em data center para o período de 2020; Dispensa de licitação; 23/12/2019 00:01; 23/12/2019; Contratação de serviços; MENOR PREÇO; 23/12/2019; HOMOLOGADO; -; 23/12/2019; 23/12/2019; -; Dispensa de licitação; -; -
 PREFEITURA MUNICIPAL BALNEÁRIO GAIVOTA;74;2019;74;2019; O presente processo visa à aquisição de materiais esportivos, troféus e medalhas para os campeonatos de futebol e atividades para a manutenção da Secretaria Municipal de Turismo, Cultura e Esporte e para a prática das aulas de Educação Física dos alunos da rede municipal de ensino infantil e fundamental, durante os eventos da temporada do ano de 2020, conforme detalhamento em Termo de Referência (anexo I).; Convite; 31/12/2019 09:31; 23/12/2019; Compras e Serviços; MENOR PRECO POR ITEM; 02/01/2020; HOMOLOGADO; -; 23/12/2019; 31/12/2019; -; Convite; -; -
 PREFEITURA MUNICIPAL BALNEÁRIO GAIVOTA;70;2019;70;2019; O presente processo tem como objeto a eventual e futura aquisição de madeiras com tratamento, destinados a manutenção da secretaria de obras do município, nas condições fixadas no Edital, conforme especificações e quantitativos apresentados no anexo I, que integra este edital.; Pregão presencial; 31/12/2019 12:00; 18/12/2019; Compras e Serviços; MENOR PREÇO GLOBAL; 31/12/2019; HOMOLOGADO; -; 17/12/2019; 31/12/2019; -; Pregão presencial; -; -
 PREFEITURA MUNICIPAL BALNEÁRIO GAIVOTA;69;2019;69;2019; O presente processo tem como objeto a aquisição de cargas de gás de cozinha - GLP em botijão de 13kg e água mineral em galão de 20 litros, com fornecimento contínuo e fracionado, conforme demanda, diretamente nas escolas municipais, nas creches, nas unidades de saúde e na prefeitura municipal, conforme descrito e especificado no ANEXO I - Termo de Referência.; Pregão presencial; 31/12/2019 08:30; 18/12/2019; Compras e Serviços; MENOR PRECO POR ITEM; -; REVOGADO; -; 17/12/2019; 31/12/2019; 31/12/2019; Pregão presencial; -; -
 PREFEITURA MUNICIPAL BALNEÁRIO GAIVOTA;73;2019;68;2019; locação de um imóvel medindo 150m², Localizado no lote número 08 da quadra VV, situado à Rua Valdomiro Jose Homem, nº 857, Itapuã, Balneário Gaivota, o qual atualmente já encontra-se  instalado do serviço de convivência e fortalecimento de vínculos - SCFV. Tal locação servirá para o exercício de 2020.; Dispensa de licitação; 23/12/2019 09:00; 24/12/2019; Compras e Serviços; MENOR PREÇO; 23/12/2019; HOMOLOGADO; -; 23/12/2019; 23/12/2019; -; Dispensa de licitação; -; -
 PREFEITURA MUNICIPAL BALNEÁRIO GAIVOTA;68;2019;68;2019; O presente processo tem por finalidade selecionar a proposta mais vantajosa para a contratação de empresa especializada para execução de pavimentação com lajotas sextavadas das ruas Das Palmas e Rua Rau Inácio Nunes, em Balneário Gaivota/SC, conforme localização, condições e quantitativos constantes orial descritivo, planilha orçamentária, cronograma físico-financeiro e projeto básico contidas no ANEXO I deste Edital.; Tomada de Preço; 03/01/2020 11:00; 18/12/2019; Obras e Serviços de Engenharia; MENOR PREÇO GLOBAL; 08/01/2020; HOMOLOGADO; -; 17/12/2019; 03/01/2020; -; Tomada de Preço; -; -
 PREFEITURA MUNICIPAL BALNEÁRIO GAIVOTA;67;2019;67;2019; O presente tem por finalidade selecionar a melhor  proposta para Execução de pavimentação asfáltica, passeio, sinalização e drenagem da Rua Almiro Manoel de Souza, no Município de Balneário Gaivota/SC, conforme localização, tipo de revestimento, demais condições e quantitativos constantes no memorial descritivo, planilha orçamentária, cronograma físico financeiro e projeto arquitetônico anexo ao edital.; Tomada de Preço; 03/01/2020 09:00; 19/12/2019; Obras e Serviços de Engenharia; MENOR PREÇO GLOBAL; 08/01/2020; HOMOLOGADO; -; 17/12/2019; 03/01/2020; -; Tomada de Preço; -; -
 PREFEITURA MUNICIPAL BALNEÁRIO GAIVOTA;72;2019;67;2019; Locação de um imóvel de alvenaria situado na 3ª Avenida, nº 536, esquina com a Rua Ângelo Isoppo, Bairro Santa Rita de Cássia, neste Município, o qual servirá para instalação da Secretária de Assistência Social. Tal locação se faz necessária para o exercício de 2020.; Dispensa de licitação; -; 24/12/2019; Compras e Serviços; MENOR PREÇO; 23/12/2019; HOMOLOGADO; -; 23/12/2019;  - ; -; Dispensa de licitação; -; -
 PREFEITURA MUNICIPAL BALNEÁRIO GAIVOTA;71;2019;66;2019; locação de duas salas comerciais, totalizando em 70 m² aproximadamente, no imóvel situado no lote 15 (quinze) da quadra 16 A (dezesseis-a), sito a  Avenida Santa Catarina, nº 282, Bairro Praia Gaivota, Balneário Gaivota - SC, que servirá para  a continuidade da instalação da Biblioteca Pública Municipal e do Tele Centro Comunitário; Dispensa de licitação; -; 24/12/2019; Compras e Serviços; MENOR PREÇO; 23/12/2019; HOMOLOGADO; -; 23/12/2019;  - ; -; Dispensa de licitação; -; -
 PREFEITURA MUNICIPAL BALNEÁRIO GAIVOTA;65;2019;65;2019; Locação de uma sala comercial com 67m², constituída do lote número 17 da quadra Q-A, localizado na Rod. SC 485, n° 4.000, sala nº 01, Lagoa de Fora, Balneário Gaivota - SC, para funcionamento da Secretaria de Agricultura, durante o exercício de 2020.; Dispensa de licitação; -; 17/12/2019; Compras e Serviços; MENOR PREÇO GLOBAL; 16/12/2019; HOMOLOGADO; -; 16/12/2019;  - ; -; Dispensa de licitação; -; -
 PREFEITURA MUNICIPAL BALNEÁRIO GAIVOTA;64;2019;64;2019; O presente processo tem por objetivo selecionar a melhor proposta para a Aquisição de combustíveis (Gasolina Comum, Gasolina Aditivada, Diesel Comum e Diesel S10) e aditivo Arla 32 para manutenção da Frota Municipal durante o exercício de 2020, através de empresa do ramo pertinente, obedecendo integralmente às condições, quantidades e exigências estabelecidas neste Edital e seus anexos.; Pregão presencial; 27/12/2019 12:00; 16/12/2019; Compras e Serviços; MENOR PRECO POR ITEM; 27/12/2019; HOMOLOGADO; -; 13/12/2019; 27/12/2019; -; Pregão presencial; -; -
 PREFEITURA MUNICIPAL BALNEÁRIO GAIVOTA;63;2019;63;2019; O presente processo tem como objeto o fornecimento parcelado de gêneros alimentícios, destinados as secretarias municipais e a manutenção da merenda escolar nas escolas de ensino fundamental, alimentação nos centros de educação infantil - CEIs e serviço de convivência e fortalecimento de vínculos, do Município, durante o exercício de 2020. para serem fornecidos de forma parcelada, conforme Especificações Técnicas.; Pregão presencial; 27/12/2019 09:00; 16/12/2019; Compras e Serviços; MENOR PRECO POR ITEM; 02/01/2020; HOMOLOGADO; -; 13/12/2019; 27/12/2019; -; Pregão presencial; -; -
 PREFEITURA MUNICIPAL BALNEÁRIO GAIVOTA;62;2019;62;2019; O presente processo tem por finalidade selecionar a proposta mais vantajosa para a contratação de empresa especializada para execução de pavimentação com lajotas sextavadas das ruas Ponseano Monteiro Guimarães e Rua 4, em Balneário Gaivota/SC, conforme localização, condições e quantitativos constantes no memorial descritivo, planilha orçamentária, cronograma físico-financeiro e projeto básico contidas no ANEXO I deste Edital.; Tomada de Preço; 02/01/2020 10:00; 16/12/2019; Obras e Serviços de Engenharia; MENOR PREÇO GLOBAL; 06/01/2020; HOMOLOGADO; -; 13/12/2019; 02/01/2020; -; Tomada de Preço; -; -
 PREFEITURA MUNICIPAL BALNEÁRIO GAIVOTA;61;2019;61;2019; A presente dispensa de Licitação tem por tem por objeto a locação de um depósito com aproximadamente 200 m², edificado nos lotes de nº 04 e 05 na Quadra E sito na Rua dos coqueiros, loteamento Santo Antônio II, Lagoa de Fora, Balneário Gaivota. De propriedade do Sr. Domingos Quintino Domingos e Sra. Terezinha Barbosa Domingos. Tal imóvel está instalado o almoxarifado central da secretaria De obras, e para tanto será continuado seu uso durante o exercício de 2020.; Dispensa de licitação; -; 16/12/2019; Compras e Serviços; MENOR PREÇO; 13/12/2019; HOMOLOGADO; -; 13/12/2019;  - ; -; Dispensa de licitação; -; -
 PREFEITURA MUNICIPAL BALNEÁRIO GAIVOTA;60;2019;60;2019; O presente processo tem como objeto a Contratação de empresa do ramo pertinente para o fornecimento de materiais de limpeza e higiene, para o atendimento da Secretaria de Administração e Finanças, das unidades de Educação Infantil as unidades de Ensino Fundamental e Secretaria de Desenvolvimento Social do Município, durante o exercício de 2020. para serem fornecidos de forma parcelada, conforme Especificações Técnicas.; Pregão presencial; 26/12/2019 09:00; 12/12/2019; Compras e Serviços; MENOR PRECO POR ITEM; 30/12/2019; HOMOLOGADO; -; 11/12/2019; 26/12/2019; -; Pregão presencial; -; -
 PREFEITURA MUNICIPAL BALNEÁRIO GAIVOTA;59;2019;59;2019; O objeto da presente dispensa de licitação consiste na continuação da prestação de serviços especializados de Prestação de serviço de Assistência Técnica e Extensão Rural mediante contratação da Empresa de Pesquisa Agropecuária e Extensão Rural de Santa Catarina - EPAGRI, contendo as ações descritas no Plano anual de trabalho (PAT). Para o exercício de 2020, sendo de Janeiro a Dezembro de 2020.; Dispensa de licitação; -; 11/12/2019; Compras e Serviços; MENOR PREÇO; 10/12/2019; HOMOLOGADO; -; 10/12/2019;  - ; -; Dispensa de licitação; -; -
 PREFEITURA MUNICIPAL BALNEÁRIO GAIVOTA;58;2019;58;2019; A presente dispensa de licitação tem por objeto a locação de uma casa mista com aproximadamente 70m², localizado no Lote 13 da quadra 01, Bairro Santa Rita De Cassia,  registrado sob a Matricula nº 23.014. A qual servirá para instalação do alojamento dos Bombeiros Militares durante a operação veraneio 2019/2020.; Dispensa de licitação; -; 05/12/2019; Compras e Serviços; MENOR PRECO POR ITEM; 04/12/2019; HOMOLOGADO; -; 04/12/2019;  - ; -; Dispensa de licitação; -; -
 PREFEITURA MUNICIPAL BALNEÁRIO GAIVOTA;66;2019;58;2019; O presente processo visa a contratação de empresa especializada em fogos e artifícios para realização de show pirotécnico na orla marítima, com no mínimo 11 minutos de duração, para o Reveillon 2019/2020, com fornecimento de materiais conforme Termo de Referência (anexo I).; Convite; 23/12/2019 08:01; 16/12/2019; Compras e Serviços; MENOR PRECO POR ITEM; 27/12/2019; HOMOLOGADO; -; 16/12/2019; 23/12/2019; -; Convite; -; -
 PREFEITURA MUNICIPAL BALNEÁRIO GAIVOTA;57;2019;57;2019; ESTE PROCESSO TEM POR OBJETO A CONTRATAÇÃO DE EMPRESA DO RAMO PERTINENTE PARA A EXECUÇÃO DE QUADRA EM CONCRETO ARMADO POLIDA E DEMARCADA COM ÁREA TOTAL DE: 920,00 M² NO BAIRRO TURIMAR, MUNICÍPIO DE BALNEÁRIO GAIVOTA SC, CONFOME ORÇAMENTO, CRONOGRAMA E MEMORIAL DESCRITIVO EM ANEXO.; Convite; 10/12/2019 11:01; 02/12/2019; Obras e Serviços de Engenharia; MENOR PREÇO GLOBAL; 13/12/2019; HOMOLOGADO; -; 02/12/2019; 10/12/2019; -; Convite; -; -
 PREFEITURA MUNICIPAL BALNEÁRIO GAIVOTA;56;2019;56;2019; PERMISSÃO remunerada de uso de pontos comerciais para, trailers, food trucks, towners e congêneres, localizados à Tenda Cultural, na Avenida Alvin Manoel Cardoso, no município de Balneário Gaivota, conforme condições estabelecidas no Edital e na legislação pertinente .; Concorrência; 02/01/2020 10:01; 02/12/2019; Concessão; MELHOR PRECO E TECNICA; -; AGUARDANDO; -; 02/12/2019; 02/01/2020; -; Concorrência; -; -
 PREFEITURA MUNICIPAL BALNEÁRIO GAIVOTA;55;2019;55;2019; O presente tem por finalidade selecionar a melhor  proposta para Execução de pavimentação asfáltica, passeio, sinalização e drenagem: LOTE 01 - Estrada Jorge Floriano Borges e Estrada Jorge Floriano Borges - Trecho 2, ambas localizadas na comunidade  Rio Novo, no Município de Balneário Gaivota/SC, conforme localização, tipo de revestimento, demais condições e quantitativos constantes no memorial descritivo, planilha orçamentária, cronograma físico financeiro e projeto arquitetônico anexo ao edit; Tomada de Preço; 18/12/2019 09:00; 02/12/2019; Obras e Serviços de Engenharia; MENOR PREÇO GLOBAL; 06/01/2020; HOMOLOGADO; -; 29/11/2019; 18/12/2019; -; Licitação; -; -
 PREFEITURA MUNICIPAL BALNEÁRIO GAIVOTA;54;2019;54;2019; O PRESENTE PROCESSO TEM COMO OBJETO A AQUISIÇÃO DE VEÍCULO AUTOMOTOR ZERO QUILÔMETRO, TIPO HATCH, ANO DE FABRICAÇÃO/MODELO 2019/2020, PARA COMPOR A FROTA DA SECRETARIA DE EDUCAÇÃO DE BALNEÁRIO GAIVOTA., PARA SER FORNECIDO CONFORME ESPECIFICAÇÕES TÉCNICAS.; Pregão presencial; 10/12/2019 09:00; 28/11/2019; Compras e Serviços; MENOR PRECO POR ITEM; 10/12/2019; HOMOLOGADO; -; 27/11/2019; 10/12/2019; -; Pregão presencial; -; -
 PREFEITURA MUNICIPAL BALNEÁRIO GAIVOTA;53;2019;53;2019; Contratação de empresa de assessoria técnica para a execução de serviços de organização, planejamento, divulgação e realização de Processo Seletivo para preenchimento de vagas em caráter temporário, com a elaboração, impressão e aplicação de provas para os cargos do quadro de pessoal nas diversas Secretarias da Prefeitura Municipal de Balneário Gaivota.; Dispensa de licitação; -; 27/11/2019; Contratação de serviços; MELHOR TECNICA; -; AGUARDANDO; -; 26/11/2019;  - ; -; Dispensa de licitação; -; -
 PREFEITURA MUNICIPAL BALNEÁRIO GAIVOTA;52;2019;52;2019; FORNECIMENTO DE POSTES DECORATIVOS PARA AVENIDA BEIRA MAR EM TUBO DE FERRO COM 3 E 3,50 METROS DE ALTURA, GALVANIZADO A FOGO, PINTURA ELETROSTÁTICA E EPOXI.; Convite; 26/11/2019 09:01; 19/11/2019; Compras e Serviços; MENOR PREÇO; 29/11/2019; HOMOLOGADO; -; 19/11/2019; 26/11/2019; -; Convite; -; -
 PREFEITURA MUNICIPAL BALNEÁRIO GAIVOTA;51;2019;51;2019; O presente procedimento licitatório tem por finalidade Contratação de empresa especializada para Pavimentação Asfáltica do Acesso a Orla da Praia Turimar, Praia Brilhamares e Praia Santa Fé, no Município de Balneário Gaivota/SC -  conforme localização, condições e quantitativos constantes no memorial descritivo, planilha orçamentária, cronograma físico-financeiro e projeto básico contidas no ANEXO I deste Edital.; Tomada de Preço; 05/12/2019 09:00; 20/11/2019; Obras e Serviços de Engenharia; MENOR PREÇO GLOBAL; 23/12/2019; HOMOLOGADO; -; 19/11/2019; 05/12/2019; -; Licitação; -; -
 PREFEITURA MUNICIPAL BALNEÁRIO GAIVOTA;50;2019;50;2019; Contratação de serviços de publicidade prestados por intermédio de agência de propaganda, compreendendo o estudo, o planejamento, a conceituação, a concepção, a criação, a execução interna, a intermediação, a supervisão da execução externa e a distribuição de publicidade aos veículos e demais meios de divulgação, com o objetivo de promover a venda de bens ou serviços de qualquer natureza, difundir ideias ou informar o público em geral, bem como, a contratação de serviços pertinentes complementar; Concorrência; 20/12/2019 11:01; 20/11/2019; Contratação de serviços; MELHOR PRECO E TECNICA; 20/05/2020; HOMOLOGADO; -; 19/11/2019; 20/12/2019; -; Concorrência; -; -
 PREFEITURA MUNICIPAL BALNEÁRIO GAIVOTA;49;2019;49;2019; Contratação de empresa especializada para assessoria e suporte técnico ao setor de arrecadação, disponibilizando profissionais com conhecimento em Legislação Tributária, Coleta de Dados, Software de apoio para a recuperação Fiscal, atendimento aos contribuintes, ajustes nos cadastros, visando a recuperação de créditos tributários e incremento de arrecadação de Receita Tributária.; Pregão presencial; 29/11/2019 09:00; 19/11/2019; Contratação de serviços; MENOR PRECO POR ITEM; 29/11/2019; HOMOLOGADO; -; 18/11/2019; 29/11/2019; -; Pregão presencial; -; -
 PREFEITURA MUNICIPAL BALNEÁRIO GAIVOTA;48;2019;48;2019; Esta licitação tem por objeto a CONTRATAÇÃO DE EMPRESA ESPECIALIZADA PARA EXECUÇÃO DE OBRA DE DESLOCAMENTO DE REDE DO SISTEMA DE ILUMINAÇÃO PÚBLICA DO MUNICÍPIO, CONFORME NOTA PS: 400496324 E PLANILHA ORÇAMENTÁRIA EM ANEXO AO EDITAL; Convite; 20/11/2019 10:01; 12/11/2019; Obras e Serviços de Engenharia; MENOR PREÇO GLOBAL; 25/11/2019; HOMOLOGADO; -; 12/11/2019; 20/11/2019; -; Convite; -; -
 PREFEITURA MUNICIPAL BALNEÁRIO GAIVOTA;47;2019;47;2019; PERMISSÃO remunerada de uso de pontos comerciais para, trailers, food trucks, towners e congêneres, localizados à Avenida beira mar, no município de Balneário Gaivota, conforme condições estabelecidas no Edital e na legislação pertinente .; Concorrência; 06/12/2019 10:01; 06/11/2019; Concessão; MENOR PRECO POR ITEM; -; AGUARDANDO; -; 05/11/2019; 06/12/2019; -; Concorrência; -; -
 PREFEITURA MUNICIPAL BALNEÁRIO GAIVOTA;46;2019;46;2019;" Contratação de empresa especializada para pavimentação com lajota sextavada de concreto e passeio nas ruas: LOTE 01 - Rua P, Alvim Manoel Cardoso (3ª Avenida) e Rua Vânio Aires Simão, Rua 16 - Dário Ascencio da Cunha, Rua José Delaudino dos Santos, Rua João Batista Ramos, Rua N - Octavio Fernandes Piva, Rua Onice Santos Cunha, Rua Danilo Carvalho Dos Santos - Trecho 01 e Rua Danilo Carvalho dos Santos - Trecho 02, ambas no Bairro Jardim Ultramar; LOTE 02 - Rua Valdomiro José Homem no Bairro Itap"; Tomada de Preço; 05/11/2019 10:00; 21/10/2019; Obras e Serviços de Engenharia; MENOR PRECO POR ITEM; 22/11/2019; HOMOLOGADO; -; 18/10/2019; 05/11/2019; -; Tomada de Preço; -; -
 PREFEITURA MUNICIPAL BALNEÁRIO GAIVOTA;45;2019;45;2019;" Contratação de empresa do ramo pertinente para a execução de REFORMA DA COBERTURA E PINTURA
DA DELEGACIA DE POLÍCIA CIVIL, COM TROCA DE TELHADO E ESTRUTURA DE MADEIRA
E PINTURA DE PAREDES EM ALVENARIA, conforme planilha estimativa de quantitativos por item e custos financeiro anexo."; Convite; 21/10/2019 11:01; 14/10/2019; Obras e Serviços de Engenharia; MENOR PREÇO GLOBAL; 25/10/2019; HOMOLOGADO; -; 14/10/2019; 21/10/2019; -; Convite; -; -
 PREFEITURA MUNICIPAL BALNEÁRIO GAIVOTA;44;2019;44;2019; O presente processo licitatório tem como objeto a eventual prestação de serviços escavadeira hidraulica, por horas trabalhadas, com combustível e operadores, para atender as necessidades da Municipalidade, conforme Anexo I destinado ao atendimento da Secretaria de Obras e serviços Urbanos,  nas condições fixadas no Edital.; Convite; 01/10/2019 08:31; 20/09/2019; Contratação de serviços; MENOR PRECO POR ITEM; 07/10/2019; HOMOLOGADO; -; 20/09/2019; 01/10/2019; -; Convite; -; -
 PREFEITURA MUNICIPAL BALNEÁRIO GAIVOTA;43;2019;43;2019; O presente processo visa à contratação de empresa do ramo pertinente ou com experiencia comprovada para prestação de serviços de plantio de Grama em Leiva por metro quadrado, com remoção de vegetação e preparo do solo, que será procedida e julgada de acordo com os princípios e normas gerais estabelecidas pela Lei Federal nº 8.666, de 21 de junho de 1993, bem como pelas disposições deste edital.; Convite; 20/09/2019 08:31; 13/09/2019; Contratação de serviços; MENOR PRECO POR ITEM; 25/09/2019; HOMOLOGADO; -; 13/09/2019; 20/09/2019; -; Convite; -; -
 PREFEITURA MUNICIPAL BALNEÁRIO GAIVOTA;42;2019;42;2019; Outorga em regime de concessão da execução do serviço de remoção, guarda e depósito de veículos cujos condutores cometerem infrações previstas no Código de Trânsito Brasileiro, em pátio ou área destinada para esse fim, dentro do território do município de Balneário Gaivota, e obedecendo integralmente os termos da minuta contratual (anexo I).; Concorrência; 10/10/2019 14:01; 10/09/2019; Concessão; MENOR PREÇO GLOBAL; 21/10/2019; HOMOLOGADO; -; 09/09/2019; 10/10/2019; -; Concorrência; -; -
 PREFEITURA MUNICIPAL BALNEÁRIO GAIVOTA;41;2019;41;2019; O presente processo visa à contratação de empresa para prestação de serviços de Assessoria Jurídica especializada ou com experiência comprovada e ações tributárias em tramitação perante o Tribunal de Justiça do estado de Santa Catarina e Tribunal Regional Federal da 4ª Região.; Convite; 11/09/2019 09:01; 04/09/2019; Contratação de serviços; MENOR PREÇO; 16/09/2019; HOMOLOGADO; -; 04/09/2019; 11/09/2019; -; Convite; -; -
 PREFEITURA MUNICIPAL BALNEÁRIO GAIVOTA;40;2019;40;2019; O presente PREGÃO PRESENCIAL tem como objeto a AQUISIÇÃO DE VEÍCULO AUTOMOTOR ZERO QUILÔMETRO, SEDAN, ANO DE FABRICAÇÃO/MODELO 2019/2020, PARA COMPOR A FROTA DA SECRETARIA DE EDUCAÇÃO DE BALNEÁRIO GAIVOTA., para ser fornecido, conforme Especificações Técnicas; Pregão presencial; 17/09/2019 11:00; 05/09/2019; Compras e Serviços; MENOR PRECO POR ITEM; 24/09/2019; HOMOLOGADO; -; 04/09/2019; 17/09/2019; -; Pregão presencial; -; -
 PREFEITURA MUNICIPAL BALNEÁRIO GAIVOTA;39;2019;39;2019; Constitui objeto do presente processo à contratação de pessoa física ou  Jurídica para o fornecimento de Grama em Leiva, do tipo esmeralda, adubada, livre de ervas daninhas, totalizando 7.000 metros quadrados, para o plantio no complexo esportivo municipal, conforme Planilha com especificações e quantidades do produto em anexo.; Convite; 04/09/2019 09:01; 28/08/2019; Compras e Serviços; MENOR PRECO POR ITEM; 09/09/2019; HOMOLOGADO; -; 28/08/2019; 04/09/2019; -; Convite; -; -
 PREFEITURA MUNICIPAL BALNEÁRIO GAIVOTA;38;2019;38;2019;" O presente procedimento licitatório tem por finalidade selecionar a melhor proposta para futura contratação de empresa especializada para pavimentação com lajota sextavada de concreto e passeio nas ruas: LOTE 01 - Rodovia José Tiskoski - Passeio, Rua das Palmas, Rua das Figueiras e Rua das Arueiras, Rua das Laranjeiras, Rua Ataíde Cardoso Barbosa e Rua João Celino Borges, ambas no Bairro Lagoa de Fora; LOTE 02 - Rua Pelotas, Rua Joinville e Rua Lages, ambas no Bairro Santa Fé; no Município"; Tomada de Preço; 16/09/2019 09:00; 29/08/2019; Obras e Serviços de Engenharia; MENOR PREÇO GLOBAL; 30/09/2019; HOMOLOGADO; -; 28/08/2019; 16/09/2019; -; Tomada de Preço; -; -
 PREFEITURA MUNICIPAL BALNEÁRIO GAIVOTA;37;2019;37;2019; A presente licitação tem por objetivo a contratação de empresa para prestação de serviços de arbitragem, mesários e apoio técnico, destinados a atender o o Campeonato Municipal de Futebol Amador 2019 do município de Balneário Gaivota/SC.; Dispensa de licitação; -; 01/08/2019; Contratação de serviços; MENOR PRECO POR ITEM; 01/08/2019; HOMOLOGADO; -; 01/08/2019;  - ; -; Dispensa de licitação; -; -
 PREFEITURA MUNICIPAL BALNEÁRIO GAIVOTA;36;2019;36;2019; A presente licitação tem como objetivo a contratação de pessoa jurídica especializada para locação de Software de comunicação e Interação direta com o cidadão utilizando a plataforma WhatsApp, pelo período de 6 (seis) meses, podendo ser prorrogado por mais 6 (seis) meses.; Dispensa de licitação; -; 24/07/2019; Contratação de serviços; MENOR PRECO POR ITEM; 30/07/2019; HOMOLOGADO; -; 24/07/2019;  - ; -; Dispensa de licitação; -; -
 PREFEITURA MUNICIPAL BALNEÁRIO GAIVOTA;35;2019;35;2019; O presente processo licitatório tem como objeto a Eventual aquisição de materiais e equipamentos de informática, destinados ao atendimento da Secretaria de Administração e Finanças, Secretaria de Educação e demais secretarias, durante o exercício de 2019, nas condições fixadas no Edital para serem fornecidos, conforme Especificações Técnicas.; Convite; 15/07/2019 11:01; 08/07/2019; Compras e Serviços; MENOR PREÇO GLOBAL; 18/07/2019; HOMOLOGADO; -; 08/07/2019; 15/07/2019; -; Convite; -; -
 PREFEITURA MUNICIPAL BALNEÁRIO GAIVOTA;34;2019;34;2019; O presente processo visa à eventual contratação de empresa do ramo pertinente para a execução de pinturas horizontais de vias urbanas e faixa de pedestres, de acordo com a LEI Nº 9.503, DE 23 DE SETEMBRO DE 1997, código de transito brasileiro, tal solicitação se faz necessário para manutenção das vias públicas em atendimento a demanda da Secretaria Municipal de Obras e Serviços Urbanos, em conformidade com as especificações prescritas no Anexo I deste Edital; Convite; 10/07/2019 10:01; 03/07/2019; Contratação de serviços; MENOR PREÇO GLOBAL; 15/07/2019; HOMOLOGADO; -; 03/07/2019; 10/07/2019; -; Convite; -; -
 PREFEITURA MUNICIPAL BALNEÁRIO GAIVOTA;33;2019;33;2019; Esta licitação tem por objeto a contratação de empresa do ramo pertinente para a execução de REFORMA DO BLOCO C ADMINISTRATIVO DA PREFEITURA MUNICIPAL, conforme planilha estimativa de quantitativos por item e custos financeiro anexo.; Convite; 25/06/2019 11:01; 17/06/2019; Obras e Serviços de Engenharia; MENOR PRECO POR ITEM; 01/07/2019; HOMOLOGADO; -; 17/06/2019; 25/06/2019; -; Convite; -; -
 PREFEITURA MUNICIPAL BALNEÁRIO GAIVOTA;32;2019;32;2019; PREGÃO PRESENCIAL, do tipo menor preço por Lote, objetivando a aquisição de eletrodomésticos e equipamentos, para a Secretaria de Educação Municipal, nas condições fixadas no Edital. A íntegra do Edital e demais informações e documentos necessários para apresentação das propostas estará à disposição dos interessados a partir desta data, no Departamento de Licitações, no horário das 07h30min às 17h00min, na sede da Prefeitura Municipal, sito na Avenida Guanabara, 452, bloco B, Lotea; Pregão presencial; 14/06/2019 10:01; 03/06/2019; Compras e Serviços; MENOR PREÇO; -; REVOGADO; -; 03/06/2019; 14/06/2019; 14/06/2019; Pregão presencial; -; -
 PREFEITURA MUNICIPAL BALNEÁRIO GAIVOTA;31;2019;31;2019;" ESTE PROCESSO TEM POR OBJETO A AQUISIÇÃO DE 02 (DOIS) VEÍCULOS USADOS DO TIPO
ÔNIBUS URBANO, ANO/MODELO MÍNIMO 2007/2007 OU SUPERIOR, COM CAPACIDADE MÍNIMA DE 39 (TRINTA E NOVE) PASSAGEIROS COM MOTORISTA OU SUPERIOR, COMBUSTÍVEL DIESEL, PARA ATENDER O TRANSPORTE ESCOLAR DO MUNICÍPIO DE BALNEÁRIO GAIVOTA - SC, PERTENCENTE A SECRETARIA
MUNICIPAL DE EDUCAÇÃO, CONFORME ITENS DE DESCRIÇÃO CONSTANTE NO TERMO DE REFERÊNCIA, ANEXO I QUE COMPO~E O PRESENTE EDITAL"; Convite; 06/06/2019 10:01; 24/05/2019; Compras e Serviços; MENOR PRECO POR ITEM; 11/06/2019; HOMOLOGADO; -; 24/05/2019; 06/06/2019; -; Convite; -; -
 PREFEITURA MUNICIPAL BALNEÁRIO GAIVOTA;30;2019;30;2019; Aquisição de pneus novos de 1.ª linha, câmaras de ar e protetores/colarinhos novos, que atendam as Normas da ABNT NBR5531, NBR6087 e NBR 6088 e detenham Certificado de Qualidade do INMETRO para veículos oficiais desta municipalidade, com no máximo 6 (seis) meses de fabricação à data do fornecimento, conforme especificações técnicas individuais constantes em anexo.; Pregão presencial; 04/06/2019 10:00; 22/05/2019; Compras e Serviços; MENOR PRECO POR ITEM; 04/06/2019; HOMOLOGADO; -; 22/05/2019; 04/06/2019; -; Pregão presencial; -; -
 PREFEITURA MUNICIPAL BALNEÁRIO GAIVOTA;29;2019;29;2019; O presente PREGÃO PRESENCIAL tem como objeto a Contratação de empresa do ramo pertinente especializada para a locação, montagem e desmontagem de sanitários ecológicos, por diária, para atender as necessidades dos eventos realizados no projeto no exercício de 2019, conforme Especificações Técnicas; Pregão presencial; 31/05/2019 16:01; 20/05/2019; Contratação de serviços; MENOR PRECO POR ITEM; 31/05/2019; HOMOLOGADO; -; 20/05/2019; 31/05/2019; -; Pregão presencial; -; -
 PREFEITURA MUNICIPAL BALNEÁRIO GAIVOTA;28;2019;28;2019; O presente PREGÃO PRESENCIAL tem como objeto a Aquisição de 01 (um) CONTAINER CUSTOMIZADO, para o Corpo de Bombeiros Militar para ser fornecido, conforme condições, quantidades e exigências estabelecidas neste Edital.; Pregão presencial; 31/05/2019 11:00; 20/05/2019; Compras e Serviços; MENOR PRECO POR ITEM; 31/05/2019; HOMOLOGADO; -; 20/05/2019; 31/05/2019; -; Pregão presencial; -; -
 PREFEITURA MUNICIPAL BALNEÁRIO GAIVOTA;27;2019;27;2019; O presente PREGÃO PRESENCIAL tem como objeto a Prestação de serviços de caminhão basculante para efetuar transporte de material, por quilômetro percorrido, municipal, intermunicipal e interestadual, com combustível e motorista, para atender as necessidades da Municipalidade, conforme Anexo I , conforme Especificações Técnicas.; Pregão presencial; 31/05/2019 09:00; 20/05/2019; Contratação de serviços; MENOR PRECO POR ITEM; 31/05/2019; HOMOLOGADO; -; 20/05/2019; 31/05/2019; -; Pregão presencial; -; -
 PREFEITURA MUNICIPAL BALNEÁRIO GAIVOTA;26;2019;26;2019; A presente licitação tem por finalidade selecionar a proposta mais vantajosa para a contratação de empresa especializada para execução de pavimentação asfáltica na rua Quintino Manoel Domingos TRECHO 02 em Balneário Gaivota/SC, conforme localização, condições e quantitativos constantes no memorial descritivo, planilha orçamentária, cronograma físico-financeiro e projeto básico contidas no ANEXO I deste Edital.; Tomada de Preço; 23/05/2019 11:01; 03/05/2019; Obras e Serviços de Engenharia; MENOR PREÇO GLOBAL; 28/05/2019; HOMOLOGADO; -; 03/05/2019; 23/05/2019; -; Licitação; -; -
 PREFEITURA MUNICIPAL BALNEÁRIO GAIVOTA;25;2019;25;2019; Alienação de 01 (um) TERRENO com área 288,00 m², constituída do lote nº 09 (nove), da quadra 17 (dezessete), no loteamento Praia Gaivota, situado neste Munícipio. Matriculado no CRI desta Comarca sob a Matricula nº 40.401, conforme Anexo I e II do EDITAL DE CONCORRÊNCIA N.º 25/2019; Concorrência; 05/06/2019 10:01; 02/05/2019; Alienação; MELHOR PRECO E TECNICA; 10/06/2019; HOMOLOGADO; -; 02/05/2019; 05/06/2019; -; Concorrência; -; -
 PREFEITURA MUNICIPAL BALNEÁRIO GAIVOTA;24;2019;24;2019; PREGÃO PRESENCIAL, do tipo menor preço por item, objetivando a contratação de empresa do ramo pertinente para o fornecimento parcelado de gêneros alimentícios e materiais de limpeza e higiene, destinados as secretarias municipais do Município, durante o exercício de 2019.; Pregão presencial; 09/05/2019 09:00; 24/04/2019; Compras e Serviços; MENOR PRECO POR ITEM; 09/05/2019; HOMOLOGADO; -; 24/04/2019; 09/05/2019; -; Pregão presencial; -; -
 PREFEITURA MUNICIPAL BALNEÁRIO GAIVOTA;23;2019;23;2019; O presente processo tem como objeto a aquisição parcelada de cestas básicas para o cumprimento da lei municipal n° 1.015 de 02/04/2019, conforme descrito e especificado no ANEXO I - Termo de Referência.; Convite; 30/04/2019 10:01; 22/04/2019; Compras e Serviços; MENOR PRECO POR ITEM; 03/05/2019; HOMOLOGADO; -; 22/04/2019; 30/04/2019; -; Convite; -; -
 PREFEITURA MUNICIPAL BALNEÁRIO GAIVOTA;22;2019;22;2019; Contratação de serviços de publicidade prestados por intermédio de agência de propaganda, compreendendo o estudo, o planejamento, a conceituação, a concepção, a criação, a execução interna, a intermediação e a supervisão da execução externa e a distribuição de publicidade aos veículos e demais meios de divulgação, com o objetivo de promover a venda de bens ou serviços de qualquer natureza, difundir ideias ou informar o público em geral, bem como, a contratação; Concorrência; 07/06/2019 10:00; 18/04/2019; Contratação de serviços; MELHOR PRECO E TECNICA; 17/09/2019; ANULADO; 29/10/2019; 18/04/2019; 07/06/2019; -; Concorrência; -; -
 PREFEITURA MUNICIPAL BALNEÁRIO GAIVOTA;21;2019;21;2019; PREGÃO PRESENCIAL, do tipo menor preço por Lote, objetivando a aquisição de mobiliário, eletrodomésticos e equipamentos, para a Secretaria de Educação Municipal, nas condições fixadas no Edital. A íntegra do Edital e demais informações e documentos necessários para apresentação das propostas estará à disposição dos interessados a partir desta data, no Departamento de Licitações, no horário das 07h30min às 17h00min, na sede da Prefeitura Municipal, sito na Avenida Guanabara, 452, bloco B, Lotea; Pregão presencial; 02/05/2019 10:00; 18/04/2019; Compras e Serviços; MENOR PREÇO; 02/05/2019; HOMOLOGADO; -; 18/04/2019; 02/05/2019; -; Pregão presencial; -; -
 PREFEITURA MUNICIPAL BALNEÁRIO GAIVOTA;20;2019;20;2019; O presente processo visa à Contratação de empresa do ramo pertinente para o fornecimentos de placas de sinalização, placas em chapa de aço para a contemplação de vias urbanas, de acordo com a LEI Nº 9.503, DE 23 DE SETEMBRO DE 1997, código de transito brasileiro, tal solicitação se faz necessário para atender a demanda da Secretaria Municipal de Obras e Serviços Urbanos, em conformidade com as especificações prescritas no Anexo I - Termo de Referencia, que passa a fazer parte integra deste edita; Convite; 25/04/2019 09:01; 16/04/2019; Compras e Serviços; MENOR PREÇO GLOBAL; 03/05/2019; HOMOLOGADO; -; 16/04/2019; 25/04/2019; -; Convite; -; -
 PREFEITURA MUNICIPAL BALNEÁRIO GAIVOTA;19;2019;19;2019; CONTRATAÇÃO DE EMPRESA ESPECIALIZADA PARA EXECUÇÃO DE OBRA DE EXTENSÃO DE REDE E AMPLIAÇÃO DO SISTEMA DE ILUMINAÇÃO PÚBLICA, NESTE MUNICÍPIO, CONFORME NOTAS PS: 400388289  E 40388290 E PLANILHA ORÇAMENTÁRIA EM ANEXO AO EDITAL; Convite; 17/04/2019 11:01; 09/04/2019; Obras e Serviços de Engenharia; MENOR PREÇO GLOBAL; 22/04/2019; HOMOLOGADO; -; 09/04/2019; 17/04/2019; -; Convite; -; -
 FUNDO MUNICIPAL SAÚDE BALNEÁRIO GAIVOTA;19;2019;19;2019; O presente processo tem como objeto a selecionar a melhor proposta para Aquisição parcelada de oxigênio medicinal para as unidades de saúde do município, através de empresa do ramo pertinente, obedecendo integralmente às condições, quantidades e exigências estabelecidas neste Edital e seus anexos, para ser fornecido, conforme Especificações Técnicas.; Pregão presencial; 17/12/2019 11:01; 05/12/2019; Compras e Serviços; MENOR PRECO POR ITEM; -; AGUARDANDO; -; 04/12/2019; 17/12/2019; -; Pregão presencial; -; -
 PREFEITURA MUNICIPAL BALNEÁRIO GAIVOTA;18;2019;18;2019; Contratação de empresa do ramo pertinente para Fornecimento parcelado de materiais de construção diversos para atender as necessidade da Secretaria de Obras e Serviços Urbanos e demais secretarias municipais durante o ano de 2019, obedecendo integralmente os termos da minuta contratual e Planilha com especificações e quantidades do produto em anexo; Convite; 29/03/2019 10:01; 22/03/2019; Compras e Serviços; MENOR PRECO POR ITEM; 03/04/2019; HOMOLOGADO; -; 22/03/2019; 29/03/2019; -; Convite; -; -
 FUNDO MUNICIPAL SAÚDE BALNEÁRIO GAIVOTA;18;2019;18;2019; prestação de serviços de confecção de próteses dentarias parcial superior e ou inferior, total superior e ou total inferior em acrílico, conforme especificações Técnicas, conforme condições, quantidades e descrições, estabelecidas neste termo de referencia, editais e demais anexos.; Pregão presencial; 02/12/2019 10:01; 20/11/2019; Compras e Serviços; MENOR PRECO POR ITEM; 02/12/2019; HOMOLOGADO; -; 19/11/2019; 02/12/2019; -; Pregão presencial; -; -
 FUNDO MUNICIPAL SAÚDE BALNEÁRIO GAIVOTA;20;2019;18;2019; A presente dispensa de licitação tem por objeto a locação de uma casa de alvenaria, situada à Rua Nova - Estrada Geral, neste Município, e servirá para a instalação  do Posto de Atendimento da Estratégia da Saúde da Família, na localidade de Rua Nova, no exercício de 2020; Dispensa de licitação; 30/12/2019 00:01; 02/01/2020; Compras e Serviços; MENOR PREÇO GLOBAL; 30/12/2019; HOMOLOGADO; -; 30/12/2019; 30/12/2019; -; Dispensa de licitação; -; -
 PREFEITURA MUNICIPAL BALNEÁRIO GAIVOTA;17;2019;17;2019; Esta licitação tem por objeto a contratação de empresa do ramo pertinente para a execução de Drenagem Pluvial e Aterro da Avenida Barramares (Avenida A), conforme planilha estimativa de quantitativos por item e custos financeiros anexo.; Convite; 27/03/2019 10:01; 20/03/2019; Obras e Serviços de Engenharia; MENOR PRECO POR ITEM; 01/04/2019; HOMOLOGADO; -; 20/03/2019; 27/03/2019; -; Convite; -; -
 FUNDO MUNICIPAL SAÚDE BALNEÁRIO GAIVOTA;17;2019;17;2019; Prestação de serviços de saúde (exames), conforme tabela de procedimentos Cisamesc 2018/2019, em anexo ao presente termo.; Dispensa de licitação; -; 25/10/2019; Contratação de serviços; MENOR PREÇO; 25/10/2019; HOMOLOGADO; -; 25/10/2019;  - ; -; Dispensa de licitação; -; -
 PREFEITURA MUNICIPAL BALNEÁRIO GAIVOTA;16;2019;16;2019; Alienação de 01 (um) TERRENO com área 288,00 m², constituída do lote nº 09 (nove), da quadra 17 (dezessete), no loteamento Praia Gaivota, situado neste Munícipio. Matriculado no CRI desta Comarca sob a Matricula nº 40.401, conforme Anexo I e II do EDITAL DE CONCORRÊNCIA N.º 16/2019; Concorrência; 19/04/2019 09:00; 19/03/2019; Alienação; MELHOR PRECO E TECNICA; -; REVOGADO; -; 19/03/2019; 19/04/2019; 23/04/2019; Concorrência; -; -
 FUNDO MUNICIPAL SAÚDE BALNEÁRIO GAIVOTA;16;2019;16;2019; O presente PREGÃO PRESENCIAL tem como objeto a prestação de serviços de transporte rodoviário de passageiros, a ser executado em regime de empreitada por preço unitário com veiculo do tipo van, conforme Especificações Técnicas.; Pregão presencial; 17/09/2019 09:01; 05/09/2019; Contratação de serviços; MENOR PREÇO; 17/09/2019; HOMOLOGADO; -; 04/09/2019; 17/09/2019; -; Pregão presencial; -; -
 PREFEITURA MUNICIPAL BALNEÁRIO GAIVOTA;15;2019;15;2019; O presente processo visa à contratação de empresa do ramo pertinente para fornecimento parcelado de móveis e conjuntos escolares diversos para atender as necessidade da Secretaria de Educação e demais secretarias municipais durante o ano de 2019, obedecendo integralmente os termos da minuta contratual e planilha com especificações e quantidades dos produtos em anexo, conforme detalhamento em Termo de Referência (anexo I).; Convite; 22/03/2019 11:01; 14/03/2019; Compras e Serviços; MENOR PREÇO GLOBAL; 27/03/2019; HOMOLOGADO; -; 14/03/2019; 22/03/2019; -; Convite; -; -
 FUNDO MUNICIPAL SAÚDE BALNEÁRIO GAIVOTA;15;2019;15;2019; PREGÃO PRESENCIAL, do tipo menor preço por item, objetivando selecionar a melhor proposta para Aquisição de Materiais instrumentais e Materiais de consumo para confecção de próteses dentárias, para as unidades de saúde do município, através de empresa do ramo pertinente, obedecendo integralmente às condições, quantidades e exigências estabelecidas neste Edital e seus anexos; Pregão presencial; 17/09/2019 14:01; 04/09/2019; Compras e Serviços; MENOR PREÇO; 17/09/2019; HOMOLOGADO; -; 04/09/2019; 17/09/2019; -; Pregão presencial; -; -
 PREFEITURA MUNICIPAL BALNEÁRIO GAIVOTA;14;2019;14;2019; CONTRATAÇÃO DE EMPRESA ESPECIALIZADA PARA EXECUÇÃO DE OBRA DE EXTENSÃO DE REDE E AMPLIAÇÃO DO SISTEMA DE ILUMINAÇÃO PÚBLICA NA AVENIDA BARRAMARES, NESTE MUNICÍPIO, CONFORME NOTA PS: 400388296 E PLANILHA ORÇAMENTÁRIA EM ANEXO AO EDITAL.; Convite; 22/03/2019 10:01; 14/03/2019; Obras e Serviços de Engenharia; MENOR PREÇO GLOBAL; 27/03/2019; HOMOLOGADO; -; 14/03/2019; 22/03/2019; -; Convite; -; -
 FUNDO MUNICIPAL SAÚDE BALNEÁRIO GAIVOTA;14;2019;14;2019; Prestação de serviços de saúde (exames), conforme tabela de procedimentos Cisamesc 2018/2019, em anexo ao presente termo.; Dispensa de licitação; -; 14/08/2019; Contratação de serviços; MENOR PREÇO; 14/08/2019; HOMOLOGADO; -; 14/08/2019;  - ; -; Dispensa de licitação; -; -
 PREFEITURA MUNICIPAL BALNEÁRIO GAIVOTA;13;2019;13;2019; Aquisição de gêneros alimentícios da agricultura familiar e empreendedor familiar rural para atender os alunos matriculados nas escolas de Educação Infantil e Fundamental da Rede Municipal de Ensino, para o ano exercicio de 2019.; Dispensa de licitação; -; 14/03/2019; Compras e Serviços; MENOR PRECO POR ITEM; 13/03/2019; HOMOLOGADO; -; 13/03/2019;  - ; -; Dispensa de licitação; -; -
 FUNDO MUNICIPAL SAÚDE BALNEÁRIO GAIVOTA;13;2019;13;2019; Prestação dos serviços de Diagnóstico em Laboratório Clinico no atendimento aos serviços de saúde ofertados pela Rede Municipal de Saúde aos usuários do SUS - Sistema Único de Saúde, usando como referência os procedimentos e valores do Grupo 2, Subgrupo 2 da Tabela Unificada de Procedimentos SUS do Ministério da Saúde, conforme Anexo I do  Edita de credenciamento, pelo prazo de até 60 meses, conforme credenciamento na Chamada Pública nº 03/2019.; Inexigibilidade de licitação; -; 06/08/2019; Compras e Serviços; SEM COMPETITIVIDADE - Qtd. fixa; 06/08/2019; HOMOLOGADO; -; 06/08/2019;  - ; -; Inexigibilidade de licitação; -; -
 PREFEITURA MUNICIPAL BALNEÁRIO GAIVOTA;12;2019;12;2019; CONTRATAÇÃO DE SERVIÇOS ESPECIALIZADOS PARA LEVANTAMENTO DE INFORMAÇÕES TÉCNICAS JUNTO A SECRETARIA DE ARRECADAÇÃO E TRIBUTOS (RECEITAS PRÓPRIAS DO MUNICÍPIO).; Pregão presencial; 20/03/2019 14:00; 08/03/2019; Contratação de serviços; MENOR PRECO POR ITEM; 20/03/2019; HOMOLOGADO; -; 07/03/2019; 20/03/2019; -; Pregão presencial; -; -
 FUNDO MUNICIPAL SAÚDE BALNEÁRIO GAIVOTA;12;2019;12;2019; PREGÃO PRESENCIAL, do tipo menor preço por ITEM, objetivando selecionar a melhor proposta para Aquisição de material clinico e odontológico para as unidades de saúde do município, através de empresa do ramo pertinente, obedecendo integralmente às condições, quantidades e exigências estabelecidas neste Edital e seus anexos.; Pregão presencial; 13/08/2019 10:01; 31/07/2019; Compras e Serviços; MENOR PRECO POR ITEM; 13/08/2019; HOMOLOGADO; -; 31/07/2019; 13/08/2019; -; Pregão presencial; -; -
 PREFEITURA MUNICIPAL BALNEÁRIO GAIVOTA;11;2019;11;2019; PREGÃO PRESENCIAL, do tipo menor preço por item, objetivando a contratação de empresa do ramo pertinente objetivando o serviço de transporte de alunos da Rede Estadual e Municipal de Ensino, durante o exercício de 2019.; Pregão presencial; 20/03/2019 10:01; 01/03/2019; Contratação de serviços; MENOR PRECO POR ITEM; 20/03/2019; HOMOLOGADO; -; 28/02/2019; 20/03/2019; -; Pregão presencial; -; -
 FUNDO MUNICIPAL SAÚDE BALNEÁRIO GAIVOTA;11;2019;11;2019; PREGÃO PRESENCIAL, do tipo menor preço por lote, objetivando selecionar a melhor proposta para Aquisição de material hospitalar e odontológico para as unidades de saúde do município, através de empresa do ramo pertinente, obedecendo integralmente às condições, quantidades e exigências estabelecidas neste Edital e seus anexos.; Pregão presencial; 17/07/2019 10:01; 04/07/2019; Compras e Serviços; MENOR PREÇO; 17/07/2019; HOMOLOGADO; -; 04/07/2019; 17/07/2019; -; Pregão presencial; -; -
 PREFEITURA MUNICIPAL BALNEÁRIO GAIVOTA;10;2019;10;2019; Constitui objeto do presente processo a Aquisição de brita graduada, para uso em manutenção das vias municipais, visando atender as necessidades da Secretaria de Obras e Serviços Urbanos, conforme especificações e quantidades descritas no Anexo I deste Edital.; Convite; 01/03/2019 10:01; 22/02/2019; Compras e Serviços; MENOR PRECO POR ITEM; 06/03/2019; HOMOLOGADO; -; 22/02/2019; 01/03/2019; -; Convite; -; -
 FUNDO MUNICIPAL SAÚDE BALNEÁRIO GAIVOTA;10;2019;10;2019; PREGÃO PRESENCIAL, do tipo menor preço por lote, objetivando selecionar a melhor proposta para Aquisição de material clínico e odontológico para as unidades de saúde do município, através de empresa do ramo pertinente, obedecendo integralmente às condições, quantidades e exigências estabelecidas neste Edital e seus anexos.; Pregão presencial; 25/06/2019 10:01; 12/06/2019; Compras e Serviços; MENOR PREÇO; 25/06/2019; HOMOLOGADO; -; 12/06/2019; 25/06/2019; -; Pregão presencial; -; -
 PREFEITURA MUNICIPAL BALNEÁRIO GAIVOTA;9;2019;9;2019; Contratação de empresa especializada na prestação de serviços de pesquisa e comparação de preços no sistema on-line do BANCO DE PREÇOS com base nos preços praticados pela administração pública referente aos resultados de licitação adjudicados e homologados.; Dispensa de licitação; -; 20/02/2019; Compras e Serviços; MENOR PRECO POR ITEM; 20/02/2019; HOMOLOGADO; -; 20/02/2019;  - ; -; Dispensa de licitação; -; -
 FUNDO MUNICIPAL SAÚDE BALNEÁRIO GAIVOTA;9;2019;9;2019; Aquisição de material clínico e hospitalar para as unidades de saúde do município, conforme termo de referencia.; Dispensa de licitação; -; 12/06/2019; Compras e Serviços; MENOR PREÇO; 12/06/2019; HOMOLOGADO; -; 12/06/2019;  - ; -; Dispensa de licitação; -; -
 PREFEITURA MUNICIPAL BALNEÁRIO GAIVOTA;8;2019;8;2019; Constitui objeto do presente processo à aquisição de tubos de concreto para a manutenção e ampliação das tubulações do município, visando atender as necessidades da Secretaria de Obras e Serviços Urbanos, durante o exercício de 2019.; Convite; 27/02/2019 10:01; 20/02/2019; Compras e Serviços; MENOR PRECO POR ITEM; 06/03/2019; HOMOLOGADO; -; 20/02/2019; 27/02/2019; -; Convite; -; -
 FUNDO MUNICIPAL SAÚDE BALNEÁRIO GAIVOTA;8;2019;8;2019; PRESTAÇÃO DE CAPACITAÇÃO NA ATENÇÃO BÁSICA DE SAÚDE E CAPACITAÇÃO EM ACOLHIMENTO AO USUÁRIO NA ATENÇÃO BÁSICA A EQUIPE DE MULTIPROFISSIONAIS DAS UNIDADES BÁSICAS DE SAÚDE para os cargos do quadro de pessoal da Secretaria Municipal de Saúde de Balneário Gaivota.; Dispensa de licitação; -; 03/06/2019; Contratação de serviços; MENOR PREÇO; 03/06/2019; HOMOLOGADO; -; 03/06/2019;  - ; -; Dispensa de licitação; -; -
 PREFEITURA MUNICIPAL BALNEÁRIO GAIVOTA;7;2019;7;2019; Aquisição de uniformes escolares personalizados para distribuição gratuita, a fim de suprir as necessidades da Rede Municipal de ensino, que incluem as escolas de ensino fundamental e infantil, conforme especificações constantes do anexo I que integra este edital.; Convite; 13/02/2019 09:01; 05/02/2019; Compras e Serviços; MENOR PREÇO GLOBAL; 18/02/2019; HOMOLOGADO; -; 05/02/2019; 13/02/2019; -; Convite; -; -
 FUNDO MUNICIPAL SAÚDE BALNEÁRIO GAIVOTA;7;2019;7;2019; PREGÃO PRESENCIAL, do tipo menor preço por lote, objetivando o fornecimento parcelado de material de expediente para suprir as necessidades da Secretaria de Saúde de Balneário Gaivota, para o exercício de 2019, nas condições fixadas no Edital.; Pregão presencial; 14/06/2019 14:00; 29/05/2019; Compras e Serviços; MENOR PREÇO; 14/06/2019; HOMOLOGADO; -; 29/05/2019; 14/06/2019; -; Pregão presencial; -; -
 FUNDO MUNICIPAL SAÚDE BALNEÁRIO GAIVOTA;6;2019;6;2019; Fornecimento de insumos para diabetes (tiras reagentes), destinado aos pacientes cadastrados no Programa de Controle da Diabetes no Município, durante o exercício de 2019 para serem fornecidos, conforme Especificações Técnicas.; Pregão presencial; 11/06/2019 14:01; 29/05/2019; Compras e Serviços; MENOR PREÇO; 11/06/2019; HOMOLOGADO; -; 29/05/2019; 11/06/2019; -; Licitação; -; -
 PREFEITURA MUNICIPAL BALNEÁRIO GAIVOTA;6;2019;6;2019; O presente PREGÃO PRESENCIAL tem como objeto o prestação de serviços gráficos para suprir as necessidades das Secretarias Municipais, durante o exercício de 2019. para serem fornecidos de forma parcelada, conforme Especificações Técnicas.; Pregão presencial; 18/02/2019 10:00; 05/02/2019; Compras e Serviços; MENOR PREÇO; 18/02/2019; HOMOLOGADO; -; 05/02/2019; 18/02/2019; -; Pregão presencial; -; -
 PREFEITURA MUNICIPAL BALNEÁRIO GAIVOTA;5;2019;5;2019; Contratação de empresa do ramo pertinente para o fornecimento de Saibro para a manutenção das estradas municipais, para uso da Secretaria de Obras e Serviços Urbanos do Município de Balneário Gaivota, durante o exercício de 2019.; Pregão presencial; 12/02/2019 10:00; 30/01/2019; Compras e Serviços; MENOR PRECO POR ITEM; 12/02/2019; HOMOLOGADO; -; 30/01/2019; 12/02/2019; -; Pregão presencial; -; -
 FUNDO MUNICIPAL SAÚDE BALNEÁRIO GAIVOTA;5;2019;5;2019; O presente PREGÃO PRESENCIAL tem como objeto a Aquisição de aparelhos de ginastica para academia ao ar livre, conforme anexo I do edital, para atender as atividades do bem estar e saúde da população, para ser fornecido, conforme Especificações Técnicas.; Pregão presencial; 31/05/2019 14:30; 20/05/2019; Compras e Serviços; MENOR PREÇO; 31/05/2019; HOMOLOGADO; -; 20/05/2019; 31/05/2019; -; Pregão presencial; -; -
 PREFEITURA MUNICIPAL BALNEÁRIO GAIVOTA;4;2019;4;2019; Constitui objeto do presente processo a Aquisição de 01 (um) veículo tipo van, usado, ano de fabricação/modelo mínimo 2008, capacidade mínima para 9 passageiros, para uso serviços e raparos municipais, visando atender as necessidades da Secretaria de Obras e Serviços Urbanos, conforme especificações e quantidades descritas no Anexo I deste Edital.; Convite; 28/01/2019 10:01; 21/01/2019; Compras e Serviços; MENOR PRECO POR ITEM; 31/01/2019; HOMOLOGADO; -; 21/01/2019; 28/01/2019; -; Convite; -; -
 FUNDO MUNICIPAL SAÚDE BALNEÁRIO GAIVOTA;4;2019;4;2019; Fornecimento de insumos para diabetes (tiras reagentes e lancetas), destinado aos pacientes cadastrados no Programa de Controle da Diabetes no Município, durante o exercício de 2019 para serem fornecidos, conforme Especificações Técnicas.; Pregão presencial; 29/05/2019 10:01; 10/05/2019; Compras e Serviços; MENOR PREÇO; 29/05/2019; HOMOLOGADO; -; 10/05/2019; 29/05/2019; -; Pregão presencial; -; -
 PREFEITURA MUNICIPAL BALNEÁRIO GAIVOTA;3;2019;3;2019; O presente PREGÃO PRESENCIAL tem como objeto a contratação de empresa do ramo pertinente para o fornecimento de materiais elétricos, destinados a manutenção da rede de iluminação pública do município, conforme especificações e quantitativos apresentados no anexo I, que integra este edital; Pregão presencial; 01/02/2019 14:00; 22/01/2019; Compras e Serviços; MENOR PREÇO; 01/02/2019; HOMOLOGADO; -; 21/01/2019; 01/02/2019; -; Pregão presencial; -; -
 FUNDO MUNICIPAL SAÚDE BALNEÁRIO GAIVOTA;3;2019;3;2019; O presente processo tem como objeto a prestação de serviços de transporte rodoviário interestadual de passageiros, a ser executado em regime de empreitada por preço unitário com veiculo do tipo van, Micro Onibus e Onibus, conforme Especificações Técnicas.; Convite; 17/04/2019 10:01; 08/04/2019; Contratação de serviços; MENOR PREÇO GLOBAL; 22/04/2019; HOMOLOGADO; -; 08/04/2019; 17/04/2019; -; Convite; -; -
 PREFEITURA MUNICIPAL BALNEÁRIO GAIVOTA;2;2019;2;2019; O presente PREGÃO PRESENCIAL tem como objeto a Contratação de empresa do ramo pertinente especializada para a locação, montagem e desmontagem de sanitários ecológicos, por diária, para atender as necessidades dos eventos realizados no projeto no exercício de 2019, conforme Especificações Técnicas; Pregão presencial; 01/02/2019 10:00; 22/01/2019; Contratação de serviços; MENOR PRECO POR ITEM; 01/02/2019; HOMOLOGADO; -; 21/01/2019; 01/02/2019; -; Pregão presencial; -; -
 FUNDO MUNICIPAL SAÚDE BALNEÁRIO GAIVOTA;2;2019;2;2019; PRESTAÇÃO DE SERVIÇOS MÉDICOS (CONSULTAS), LABORATORIAIS (ATENDIMENTO AO DST/AIDS, TRATAMENTO À HEPATITE E TUBERCULOSE) E ASSESSORIA AO SERVIÇO MUNICIPAL DE SAÚDE PRESTADOS PELO CONSÓRCIO INTERMUNICIPAL DE SAÚDE DA AMESC PARA O ATENDIMENTO AOS USUÁRIOS ATENDIDOS PELA SECRETARIA MUNICIPAL DE SAÚDE DE BALNEÁRIO GAIVOTA; Dispensa de licitação; -; 11/01/2019; Contratação de serviços; MENOR PREÇO; 10/01/2019; HOMOLOGADO; -; 10/01/2019;  - ; -; Dispensa de licitação; -; -
 PREFEITURA MUNICIPAL BALNEÁRIO GAIVOTA;1;2019;1;2019; A presente dispensa de Licitação tem por tem por objeto a contratação de serviço de publicidade legal em jornal impresso de circulação diária no Município de Balneário Gaivota, para edição e publicação de atos oficiais do Município.; Dispensa de licitação; -; 02/01/2019; Contratação de serviços; MENOR PRECO POR ITEM; 02/01/2019; HOMOLOGADO; -; 02/01/2019;  - ; -; Dispensa de licitação; -; -
 FUNDO MUNICIPAL SAÚDE BALNEÁRIO GAIVOTA;1;2019;1;2019; AQUISIÇÃO DE MEDICAMENTOS PARA UTILIZAÇÃO NAS UNIDADES DE SAÚDE E PARA DISTRIBUIÇÃO GRATUITA AOS MUNÍCIPES DE BALNEÁRIO GAIVOTA, DURANTE O 1º SEMESTRE DE 2019, conforme relação anexa.; Dispensa de licitação; -; 11/01/2019; Compras e Serviços; MENOR PREÇO; 10/01/2019; HOMOLOGADO; -; 10/01/2019;  - ; -; Dispensa de licitação; -; -
 PREFEITURA MUNICIPAL BALNEÁRIO GAIVOTA;89;2018;89;2018; O presente processo visa à eventual contratação de empresa para a prestação de serviços de caminhão basculante trucado para efetuar transporte de material, por kilometro percorrido, municipal, intermunicipal e interstadual, com combustível e motorista, para atender as necessidades da Municipalidade, conforme Anexo I.; Convite; 02/01/2019 10:01; 21/12/2018; Contratação de serviços; MENOR PRECO POR ITEM; 07/01/2019; HOMOLOGADO; -; 21/12/2018; 02/01/2019; -; Convite; -; -
 PREFEITURA MUNICIPAL BALNEÁRIO GAIVOTA;88;2018;88;2018; Constitui objeto do presente processo à aquisição de madeiras para, demarcações de áreas de banho, reforma das passarelas e para outros fins, atendendo a necessidade da Secretaria de Obras e Serviços Urbanos e demais Secretarias no ano de 2019, obedecendo integralmente os termos da minuta contratual e Termo de Referencia com especificações e quantidades do produto em anexo.; Convite; 02/01/2019 09:31; 21/12/2018; Contratação de serviços; MENOR PREÇO GLOBAL; 07/01/2019; HOMOLOGADO; -; 21/12/2018; 02/01/2019; -; Convite; -; -
 PREFEITURA MUNICIPAL BALNEÁRIO GAIVOTA;87;2018;87;2018; O presente processo visa à aquisição de materiais esportivos, troféus e medalhas para os campeonatos de futebol e atividades para a manutenção da Secretaria Municipal de Turismo, Cultura e Esporte e para a prática das aulas de Educação Física dos alunos da rede municipal de ensino infantil e fundamental, durante os eventos da temporada do ano de 2019, conforme detalhamento em Termo de Referência (anexo I).; Convite; 02/01/2019 09:01; 19/12/2018; Compras e Serviços; MENOR PRECO POR ITEM; 07/01/2019; HOMOLOGADO; -; 19/12/2018; 02/01/2019; -; Convite; -; -
 PREFEITURA MUNICIPAL BALNEÁRIO GAIVOTA;86;2018;86;2018; O presente Processo visa a contratação de empresa para o fornecimento parcelado de Óleos Lubrificantes, Fluído para freios e graxa, para a manutenção da frota deste município, durante o exercício de 2019, obedecendo integralmente os termos da minuta contratual e planilha com especificações e quantidades do produto em anexo.; Convite; 02/01/2019 08:16; 19/12/2018; Compras e Serviços; MENOR PRECO POR ITEM; 07/01/2019; HOMOLOGADO; -; 19/12/2018; 02/01/2019; -; Convite; -; -
 PREFEITURA MUNICIPAL BALNEÁRIO GAIVOTA;85;2018;85;2018; O presente processo visa à Contratação de empresa especializada em serviço de Sonorização para eventos e reuniões para atendimento das atividades de comunicação do município de Balneário Gaivota, conforme detalhamento em Termo de Referência (anexoI).; Convite; 02/01/2019 08:01; 19/12/2018; Contratação de serviços; MENOR PRECO POR ITEM; 07/01/2019; HOMOLOGADO; -; 19/12/2018; 02/01/2019; -; Convite; -; -
 PREFEITURA MUNICIPAL BALNEÁRIO GAIVOTA;84;2018;84;2018; O presente processo visa à contratação de empresa para prestação de serviços de Assessoria Jurídica especializada ou com experiência comprovada em advocacia na área pública, e ações trabalhistas em tramitação perante o Tribunal Regional do Trabalho da 12ª Região e Tribunal de Justiça do estado de Santa Catarina bem como acompanhamento de procedimentos perante o Ministério Público do Trabalho e defesas em mandados de segurança durante o ano exercicio de 2019..; Convite; 28/12/2018 16:56; 18/12/2018; Contratação de serviços; MENOR PRECO POR ITEM; 02/01/2019; HOMOLOGADO; -; 18/12/2018; 28/12/2018; -; Convite; -; -
 PREFEITURA MUNICIPAL BALNEÁRIO GAIVOTA;83;2018;83;2018; O presente processo visa à Contratação de serviços de arbitragem, mesários e apoio técnico, com frete, quando necessário, apoio logistico, destinados a atender os campeonatos e atividades esportivas do projeto Viva Verão 2019, e durante os eventos da temporada do ano de 2019, conforme detalhamento em Termo de Referência (anexo I).; Convite; 28/12/2018 16:41; 18/12/2018; Contratação de serviços; MENOR PRECO POR ITEM; 03/01/2019; HOMOLOGADO; -; 18/12/2018; 28/12/2018; -; Convite; -; -
 PREFEITURA MUNICIPAL BALNEÁRIO GAIVOTA;82;2018;82;2018; O presente processo visa à contratação de empresa ou profissional para prestação de serviços de assessoria, consultoria, orientação e assistência técnica Governamental em gestão pública nas atividades de planejamento, execução e controle financeiro, orçamentário e administrativo da prefeitura municipal e seus fundos, durante o exercício de 2019.; Convite; 28/12/2018 16:21; 18/12/2018; Contratação de serviços; MENOR PRECO POR ITEM; 03/01/2019; HOMOLOGADO; -; 18/12/2018; 28/12/2018; -; Convite; -; -
 PREFEITURA MUNICIPAL BALNEÁRIO GAIVOTA;81;2018;81;2018; O presente processo visa à Contratação especializada de serviços de engenharia com atestado de capacidade técnica, referente a projetos e fiscalização de obras de engenharia civil, arquitetura, pavimentações, drenagens e sinalizações, para o exercicio de 2019.; Convite; 28/12/2018 16:01; 18/12/2018; Obras e Serviços de Engenharia; MENOR PRECO POR ITEM; 03/01/2019; HOMOLOGADO; -; 18/12/2018; 28/12/2018; -; Convite; -; -
 PREFEITURA MUNICIPAL BALNEÁRIO GAIVOTA;80;2018;80;2018; O presente processo visa à Contratação de empresa especializada para locação, montagem e desmontagem de tendas, palco, gradil, assoalhos e palanque de Surf para atender necessidades da secretaria de Turismo, Cultura e Esporte, durante o ano de 2019, conforme detalhamento em Termo de Referência (anexo I).; Convite; 28/12/2018 15:01; 18/12/2018; Contratação de serviços; MENOR PRECO POR ITEM; 03/01/2019; HOMOLOGADO; -; 18/12/2018; 28/12/2018; -; Convite; -; -
 PREFEITURA MUNICIPAL BALNEÁRIO GAIVOTA;79;2018;79;2018; CONTRATAÇÃO DE EMPRESA ESPECIALIZADA PARA EXECUÇÃO DE OBRA DE EXTENSÃO DE REDE E AMPLIAÇÃO DO SISTEMA DE ILUMINAÇÃO PÚBLICA EM DIVERSAS RUAS DO PERÍMETRO URBANO DO MUNICÍPIO, CONFORME NOTA PS: 400388294 E PLANILHA ORÇAMENTÁRIA EM ANEXO AO EDITAL.; Convite; 28/12/2018 10:01; 18/12/2018; Obras e Serviços de Engenharia; MENOR PREÇO GLOBAL; 04/01/2019; HOMOLOGADO; -; 18/12/2018; 28/12/2018; -; Convite; -; -
 PREFEITURA MUNICIPAL BALNEÁRIO GAIVOTA;78;2018;78;2018; Locação de uma sala comercial com 67m², constituída do lote número 17 da quadra Q-A, localizado na Rod. SC 485, n° 4.000, sala nº 01, Lagoa de Fora, Balneário Gaivota - SC, para funcionamento da Secretaria de Agricultura, durante o exercício de 2019.; Dispensa de licitação; -; 19/12/2018; Compras e Serviços; MENOR PRECO POR ITEM; 18/12/2018; HOMOLOGADO; -; 18/12/2018;  - ; -; Dispensa de licitação; -; -
 PREFEITURA MUNICIPAL BALNEÁRIO GAIVOTA;77;2018;77;2018; A presente dispensa de licitação tem por objeto a Locação de um imóvel de alvenaria situado na 3ª Avenida, nº 536, esquina com a Rua Ângelo Isoppo, Bairro Santa Rita de Cássia, neste Município, o qual servirá para instalação da Secretária de Assistência Social. Tal locação se faz necessária para o exercício de 2019.; Dispensa de licitação; -; 18/12/2018; Compras e Serviços; MENOR PRECO POR ITEM; 17/12/2018; HOMOLOGADO; -; 17/12/2018;  - ; -; Dispensa de licitação; -; -
 PREFEITURA MUNICIPAL BALNEÁRIO GAIVOTA;76;2018;76;2018; A presente dispensa de licitação tem por objeto a Locação de uma casa de alvenaria medindo aproximadamente 94,36 m² (noventa e quatro metros quadrados e trinta e seis centésimos de metros quadrados), constituído do lote numero 24 (vinte e quatro) da quadra numero 35 (trinta e cinco), Rua Piauí, Bairro Turimar, Balneário Gaivota - SC, o qual encontra-se instalado a Secretária Municipal de Esporte e Turismo. Tal locação se faz necessária para o exercício de 2019; Dispensa de licitação; -; 18/12/2018; Compras e Serviços; MENOR PRECO POR ITEM; 17/12/2018; HOMOLOGADO; -; 17/12/2018;  - ; -; Dispensa de licitação; -; -
 PREFEITURA MUNICIPAL BALNEÁRIO GAIVOTA;75;2018;75;2018; A presente dispensa de licitação tem por objeto a locação de um imóvel em alvenaria com 132,25m, localizado em uma parte ideal de 1.340m² na localidade de Rua Nova, registrado sob a Matricula nº 38.920. O qual servirá para o funcionamento do Centro de Educação Infantil, na comunidade. . Tal locação servirá para o exercício de 2019.; Dispensa de licitação; 17/12/2018 10:01; 18/12/2018; Compras e Serviços; MENOR PREÇO GLOBAL; 17/12/2018; HOMOLOGADO; -; 17/12/2018; 17/12/2018; -; Dispensa de licitação; -; -
 PREFEITURA MUNICIPAL BALNEÁRIO GAIVOTA;74;2018;74;2018; O presente PREGÃO PRESENCIAL tem como objeto a contratação visando a contratação de empresa especializada para fornecimento e instalação de lâmpadas e luminárias conforme projetos e condições e quantitativos fixadas no Edital.; Pregão presencial; 28/12/2018 14:00; 17/12/2018; Compras e Serviços; MENOR PRECO POR ITEM; 28/12/2018; HOMOLOGADO; -; 17/12/2018; 28/12/2018; -; Pregão presencial; -; -
 PREFEITURA MUNICIPAL BALNEÁRIO GAIVOTA;73;2018;73;2018; A presente dispensa de licitação tem por objeto a locação de um imóvel medindo 150m², Localizado no lote número 08 da quadra VV, situado à Rua Valdomiro Jose Homem, nº 857, Itapuã, Balneário Gaivota, o qual atualmente já encontra-se  instalado do serviço de convivência e fortalecimento de vínculos - SCFV. Tal locação servirá para o exercício de 2019.; Dispensa de licitação; -; 17/12/2018; Contratação de serviços; MENOR PRECO POR ITEM; 14/12/2018; HOMOLOGADO; -; 14/12/2018;  - ; -; Dispensa de licitação; -; -
 PREFEITURA MUNICIPAL BALNEÁRIO GAIVOTA;72;2018;72;2018; A presente Dispensa de Licitação tem por objeto a contratação de  Empresa Brasileira De Correios E Telégrafos - ECT, para a prestação de serviços diversos de Correios e Telégrafos como: cartas simples, sedex convencionais e aquisição de produtos para a Prefeitura Municipal, durante o exercício de 2019, podendo ser prorrogável por sucessivos períodos em até 60 meses; Dispensa de licitação; -; 17/12/2018; Compras e Serviços; MENOR PRECO POR ITEM; 14/12/2018; HOMOLOGADO; -; 14/12/2018;  - ; -; Dispensa de licitação; -; -
 PREFEITURA MUNICIPAL BALNEÁRIO GAIVOTA;71;2018;71;2018; O presente edital tem por objetivo selecionar a melhor proposta para a Aquisição de combustíveis (Gasolina Comum, Gasolina Aditivada, Diesel Comum e Diesel S10) e aditivo Arla 32 para manutenção da Frota Municipal durante o exercício de 2019, através de empresa do ramo pertinente, obedecendo integralmente às condições, quantidades e exigências estabelecidas neste Edital e seus anexos.; Pregão presencial; 28/12/2018 08:31; 17/12/2018; Compras e Serviços; MENOR PRECO POR ITEM; 28/12/2018; HOMOLOGADO; -; 14/12/2018; 28/12/2018; -; Pregão presencial; -; -
 PREFEITURA MUNICIPAL BALNEÁRIO GAIVOTA;70;2018;70;2018; O presente edital tem por objetivo selecionar a melhor proposta para a Contratação de serviço de publicidade legal em jornal impresso de circulação diária no Município de Balneário Gaivota, para edição e publicação de atos oficiais do Município (leis, decretos, extratos em geral, editais licitatórios, e demais atos oficiais), para o exercício de 2019, estimado num total de 16.000 (dezesseis mil) cm/col, através de empresa do ramo pertinente, obedecendo integralmente às condições, quantida; Pregão presencial; 28/12/2018 09:30; -; Contratação de serviços; MENOR PRECO POR ITEM; -; REVOGADO; -; 14/12/2018; 28/12/2018; 31/12/2018; Pregão presencial; -; -
 PREFEITURA MUNICIPAL BALNEÁRIO GAIVOTA;69;2018;69;2018; O presente termo tem por objeto selecionar a melhor proposta para a aquisição de cargas de gás de cozinha - GLP em botijão de 13kg e água mineral em galão de 20 litros, com fornecimento contínuo e fracionado, conforme demanda, diretamente nas escolas municipais, nas creches, nas unidades de saúde e na prefeitura municipal, obedecendo integralmente às condições, quantidades e seus anexos para serem fornecidos; Pregão presencial; 28/12/2018 11:00; 17/12/2018; Compras e Serviços; MENOR PRECO POR ITEM; 03/01/2019; HOMOLOGADO; -; 14/12/2018; 28/12/2018; -; Pregão presencial; -; -
 PREFEITURA MUNICIPAL BALNEÁRIO GAIVOTA;68;2018;68;2018; O presente PREGÃO PRESENCIAL tem como objeto o Contratação de empresa do ramo pertinente para o fornecimento de materiais de limpeza e higiene, para o atendimento da Secretaria de Administração e Finanças, das unidades de Educação Infantil as unidades de Ensino Fundamental e Secretaria de Desenvolvimento Social do Município, durante o exercício de 2019. para serem fornecidos de forma parcelada, conforme Especificações Técnicas.; Pregão presencial; 27/12/2018 09:00; 14/12/2018; Compras e Serviços; MENOR PRECO POR ITEM; 27/12/2018; HOMOLOGADO; -; 14/12/2018; 27/12/2018; -; Pregão presencial; -; -
 PREFEITURA MUNICIPAL BALNEÁRIO GAIVOTA;67;2018;67;2018; O presente PREGÃO PRESENCIAL tem como objeto o Fornecimento de material de expediente para suprir as necessidades da Secretaria de Administração e Finanças, Secretaria de Arrecadação Municipal, Secretaria de Educação e material escolar de distribuição gratuita para a rede municipal de ensino, para o exercício de 2019. para serem fornecidos de forma parcelada, conforme Especificações Técnicas.; Pregão presencial; 27/12/2018 13:00; 14/12/2018; Compras e Serviços; MENOR PRECO POR ITEM; 27/12/2018; HOMOLOGADO; -; 14/12/2018; 27/12/2018; -; Pregão presencial; -; -
 PREFEITURA MUNICIPAL BALNEÁRIO GAIVOTA;66;2018;66;2018; O presente processo visa à Aquisição parcelada de peças e serviços de mão-de-obra para a manutenção dos veículos da Secretaria de Educação Municipal, atendendo as necessidades da mesma durante o exercício de 2019, em conformidade com as especificações e quantitativos prescritos no Anexo I - Termo de Referencia.; Convite; 19/12/2018 08:01; 12/12/2018; Compras e Serviços; MENOR PREÇO GLOBAL; 24/12/2018; HOMOLOGADO; -; 12/12/2018; 19/12/2018; -; Convite; -; -
 PREFEITURA MUNICIPAL BALNEÁRIO GAIVOTA;65;2018;65;2018; O presente PREGÃO PRESENCIAL tem como objeto o fornecimento parcelado de gêneros alimentícios, destinados as secretarias municipais e a manutenção da merenda escolar nas escolas de ensino fundamental, alimentação nos centros de educação infantil - CEIs e serviço de convivência e fortalecimento de vínculos, do Município, durante o exercício de 2019. para serem fornecidos de forma parcelada, conforme Especificações Técnicas.; Pregão presencial; 24/12/2018 08:30; 13/12/2018; Compras e Serviços; MENOR PRECO POR ITEM; 24/12/2018; HOMOLOGADO; -; 12/12/2018; 24/12/2018; -; Pregão presencial; -; -
 PREFEITURA MUNICIPAL BALNEÁRIO GAIVOTA;64;2018;64;2018; O presente processo visa a contratação de empresa do ramo prestação de serviços, para contratar 05 shows artísticos, de caráter regional, reconhecidos pela comunidade e imprensa, locação de som e iluminação profissional para os shows, com 10 apoiadores logísticos, incluindo montagem e desmontagem, incluso ART. para utilização nos eventos denominados VIVA VERÃO E CARNAGAIVOTA, que será realizado entre os dias 31 de dezembro de 2018 a 04 de março 2019 nas Avenidas Beira Mar e Alvim Manoel Cardos; Convite; 10/12/2018 08:01; 03/12/2018; Compras e Serviços; MENOR PREÇO GLOBAL; 13/12/2018; HOMOLOGADO; -; 03/12/2018; 10/12/2018; -; Convite; -; -
 PREFEITURA MUNICIPAL BALNEÁRIO GAIVOTA;63;2018;63;2018; Contratação do Centro de Integração Empresa-Escola do Estado de Santa Catarina-CIEE/SC, visando a operacionalização de programas de estágio de estudantes, matriculados no ensino médio, técnico profissionalizante e superior, permitindo treinamento prático no papel de futuro profissional. que visa propiciar complementação do ensino e da aprendizagem aos estudantes, constituindo-se em instrumento de integração entre teoria e prática, bem como de aperfeiçoamento técnico-cultural, científico e de r..; Dispensa de licitação; -; 04/12/2018; Compras e Serviços; MENOR PRECO POR ITEM; 03/12/2018; HOMOLOGADO; -; 03/12/2018;  - ; -; Dispensa de licitação; -; -
 PREFEITURA MUNICIPAL BALNEÁRIO GAIVOTA;62;2018;62;2018; O objeto da presente dispensa de licitação consiste na contratação de da Empresa de Pesquisa Agropecuária e Extensão Rural de Santa Catarina - EPAGRI para a Prestação de serviço de Assistência Técnica e Extensão Rural, contendo as ações descritas no Plano anual de trabalho (PAT). Para o exercício de 2019, sendo de Janeiro a Dezembro de 2019; Dispensa de licitação; -; 04/12/2018; Contratação de serviços; MENOR PRECO POR ITEM; 03/12/2018; HOMOLOGADO; -; 03/12/2018;  - ; -; Dispensa de licitação; -; -
 PREFEITURA MUNICIPAL BALNEÁRIO GAIVOTA;61;2018;61;2018; a Aquisição de 2 (dois) CONTAINERS DRY 20 PÉS CUSTOMIZADOS TIPO MARÍTIMO, para a Policia Militar e o Corpo de Bombeiros Militar para ser fornecido, conforme condições, quantidades e exigências estabelecidas neste Edital.; Pregão presencial; 05/12/2018 11:01; 22/11/2018; Compras e Serviços; MENOR PRECO POR ITEM; -; REVOGADO; -; 22/11/2018; 05/12/2018; 05/12/2018; Pregão presencial; -; -
 PREFEITURA MUNICIPAL BALNEÁRIO GAIVOTA;60;2018;60;2018; O presente PREGÃO PRESENCIAL tem como objeto a aquisição de Retroescavadeira 0km, ano 2018/2019 com tração 4x4, para a Sec. De Agricultura, Pesca e meio Ambiente, para ser fornecido, conforme Especificações Técnicas.; Pregão presencial; 05/12/2018 09:01; 23/11/2018; Compras e Serviços; MENOR PRECO POR ITEM; 05/12/2018; HOMOLOGADO; -; 22/11/2018; 05/12/2018; -; Pregão presencial; -; -
 PREFEITURA MUNICIPAL BALNEÁRIO GAIVOTA;59;2018;59;2018; O presente processo visa a contratação de empresa especializada em fogos e artifícios para realização de show pirotécnico na orla marítima, com no mínimo 11 minutos de duração, para o Reveillon 2018/2019, com fornecimento de materiais conforme Termo de Referência.; Convite; 29/11/2018 08:00; 22/11/2018; Compras e Serviços; MENOR PREÇO GLOBAL; 04/12/2018; HOMOLOGADO; -; 22/11/2018; 29/11/2018; -; Convite; -; -
 PREFEITURA MUNICIPAL BALNEÁRIO GAIVOTA;58;2018;58;2018; A presente dispensa de licitação tem por objeto a locação uma sala Comercial localizada na Rod. José Tiskoski, s/n, Praia da Gaivota neste Município, situado no Terreno Rural Registrado sob o  nº40.341, conforme matricula do Cartório de Registro de Imóveis de Sombrio-SC. Tal imóvel servirá para a instalação do Posto Avançado de Policiamento na Operação Veraneio na temporada de verão 2018/2019; Dispensa de licitação; -; 22/11/2018; Contratação de serviços; MENOR PRECO POR ITEM; 22/11/2018; HOMOLOGADO; -; 22/11/2018;  - ; -; Dispensa de licitação; -; -
 PREFEITURA MUNICIPAL BALNEÁRIO GAIVOTA;57;2018;57;2018; Contratação de empresa especializada para prestação de serviço e implantação de solução de gestão escolar, incluindo: implantação do software público i-Educar, implantação de ferramenta portal de professor e serviços à comunidade escolar, conforme especificações do edital. Inclui ainda serviços de implantação das ferramentas, parametrizações e configurações, treinamento de usuários, suporte técnico, manutenção corretiva, legal e evolutiva, bem como eventual hospedagem da solução em data center.; Dispensa de licitação; -; 22/11/2018; Contratação de serviços; MENOR PRECO POR ITEM; 22/11/2018; HOMOLOGADO; -; 22/11/2018;  - ; -; Dispensa de licitação; -; -
 PREFEITURA MUNICIPAL BALNEÁRIO GAIVOTA;56;2018;56;2018; A presente dispensa de licitação tem por objeto a locação de duas salas comerciais, totalizando em 70 m² aproximadamente, no imóvel situado no lote 15 (quinze) da quadra 16 A (dezesseis-a),  Avenida Santa Catarina, nº 282, Bairro Praia Gaivota, Balneário Gaivota - SC, que servirá para  a continuidade da instalação da Biblioteca Pública Municipal e do Tele Centro Comunitário, durante o exercício de 2019.; Dispensa de licitação; -; 20/11/2018; Compras e Serviços; MENOR PRECO POR ITEM; 19/11/2018; HOMOLOGADO; -; 19/11/2018;  - ; -; Dispensa de licitação; -; -
 PREFEITURA MUNICIPAL BALNEÁRIO GAIVOTA;55;2018;55;2018; A presente dispensa de Licitação tem por tem por objeto a locação de um depósito com aproximadamente 200 m², edificado nos lotes de nº 04 e 05 na Quadra E sito na Rua dos coqueiros, loteamento Santo Antônio II, Lagoa de Fora, Balneário Gaivota. De propriedade do Sr. Domingos Quintino Domingos e Sra. Terezinha Barbosa Domingos. Tal imóvel está instalado o almoxarifado central da secretaria De obras, e para tanto será continuado seu uso durante o exercício de 2019.; Dispensa de licitação; -; 20/11/2018; Compras e Serviços; MENOR PRECO POR ITEM; 19/11/2018; HOMOLOGADO; -; 19/11/2018;  - ; -; Dispensa de licitação; -; -
 PREFEITURA MUNICIPAL BALNEÁRIO GAIVOTA;54;2018;54;2018; PERMISSÃO remunerada de uso de pontos comerciais para, trailers, food trucks, towners e congêneres, localizados à Avenida beira mar, no município de Balneário Gaivota, conforme condições estabelecidas no Edital e na legislação pertinente .; Concorrência; 12/12/2018 10:01; 12/11/2018; Concessão; MENOR PRECO POR ITEM; -; AGUARDANDO; -; 09/11/2018; 12/12/2018; -; Concorrência; -; -
 PREFEITURA MUNICIPAL BALNEÁRIO GAIVOTA;53;2018;53;2018; A presente dispensa tem por de licitação tem por objeto a locação uma casa de alvenaria de 126.87 m² aproximadamente, localizada no lote 20 da quadra C, Bairro Santa Rita de Cassia, neste Município, devidamente registrado sob o nº 4.687, no Cartório de Registro de Imóveis da Comarca de Sombrio - SC, tendo como proprietários Juares Polmann Gomes e Maria Dautina Peres Gomes. O qual servirá para a instalação do Conselho Tutelar Municipal.; Dispensa de licitação; -; 06/11/2018; Contratação de serviços; MENOR PRECO POR ITEM; 05/11/2018; HOMOLOGADO; -; 05/11/2018;  - ; -; Dispensa de licitação; -; -
 PREFEITURA MUNICIPAL BALNEÁRIO GAIVOTA;52;2018;52;2018; CONTRATAÇÃO DE INSTITUIÇÃO PARA A CONFECÇÃO DE ESTUDOS DE VIABILIDADE TÉCNICA, OPERACIONAL, AMBIENTAL, ECONÔMICO-FINANCEIRA E JURÍDICA, VISANDO À ESTRUTURAÇÃO DE PARCERIA PÚBLICO-PRIVADA, NA MODALIDADE CONCESSÃO ADMINISTRATIVA, OU ALTERNATIVA MAIS QUALIFICADA, PARA MODERNIZACA?O, OTIMIZAÇA?O, EXPANSA?O, OPERACA?O, INFORMATIZAÇÃO E MANUTENÇÃO DA INFRAESTRUTURA DA REDE DE ILUMINACA?O PU?BLICA E REVISÃO DA PROPOSTA DE PLANO DIRETOR DO MUNICÍPIO DE BALNEÁRIO GAIVOTA-SC.; Dispensa de licitação; -; 08/11/2018; Contratação de serviços; MENOR PRECO POR ITEM; 30/10/2018; HOMOLOGADO; -; 30/10/2018;  - ; -; Dispensa de licitação; -; -
 PREFEITURA MUNICIPAL BALNEÁRIO GAIVOTA;51;2018;51;2018; Contratação de empresa de assessoria técnica para a execução de serviços de organização, planejamento e realização de Processo Seletivo para preenchimento de vagas em caráter temporário, tudo de conformidade com os demais anexos.; Dispensa de licitação; -; 08/11/2018; Contratação de serviços; MENOR PRECO POR ITEM; 30/10/2018; HOMOLOGADO; -; 30/10/2018;  - ; -; Dispensa de licitação; -; -
 PREFEITURA MUNICIPAL BALNEÁRIO GAIVOTA;50;2018;50;2018; Esta licitação tem por objeto a contratação de empresa do ramo pertinente para a execução de reforma  e ampliação do C.E.I. Libania Pereira Martins com a area total de 98,46m², na Estrada Jorge Floriano Borges, bairro Rio Novo, conforme projetos, memorial descritivo, planilha estimativa de quantitativos e custos e cronograma físico-financeiro anexos; Convite; 31/10/2018 10:01; 24/10/2018; Obras e Serviços de Engenharia; MENOR PREÇO GLOBAL; 05/11/2018; HOMOLOGADO; -; 24/10/2018; 31/10/2018; -; Convite; -; -
 PREFEITURA MUNICIPAL BALNEÁRIO GAIVOTA;49;2018;49;2018; Contratação de empresa para prestação de serviços de arbitragem, mesários e apoio técnico, destinados a atender o Campeonato Municipal de Futebol Amador 2018 do município de Balneário Gaivota/SC.; Dispensa de licitação; -; 17/10/2018; Compras e Serviços; MENOR PRECO POR ITEM; 16/10/2018; HOMOLOGADO; -; 16/10/2018;  - ; -; Dispensa de licitação; -; -
 PREFEITURA MUNICIPAL BALNEÁRIO GAIVOTA;48;2018;48;2018; A presente licitação tem por finalidade selecionar a proposta mais vantajosa para a contratação de empresa especializada para execução de pavimentação na Avenida Barramares (Avenida A), em Balneário Gaivota/SC, conforme localização, condições e quantitativos constantes no memorial descritivo, planilha orçamentária, cronograma físico-financeiro e projeto básico contidas no ANEXO I deste Edital.; Tomada de Preço; 01/11/2018 09:00; 17/10/2018; Obras e Serviços de Engenharia; MENOR PRECO POR ITEM; 27/11/2018; HOMOLOGADO; -; 16/10/2018; 01/11/2018; -; Tomada de Preço; -; -
 PREFEITURA MUNICIPAL BALNEÁRIO GAIVOTA;47;2018;47;2018; A presente licitação tem por finalidade selecionar a proposta mais vantajosa para a contratação de empresa especializada para execução de pavimentação asfáltica na Avenida Beira Mar, em Balneário Gaivota/SC, conforme localização, condições e quantitativos constantes no memorial descritivo, planilha orçamentária, cronograma físico-financeiro e projeto básico contidas no ANEXO I deste Edital.; Tomada de Preço; 05/10/2018 11:00; 20/09/2019; Obras e Serviços de Engenharia; MENOR PREÇO GLOBAL; 27/11/2018; HOMOLOGADO; -; 19/09/2018; 05/10/2018; -; Tomada de Preço; -; -
 PREFEITURA MUNICIPAL BALNEÁRIO GAIVOTA;46;2018;46;2018; A presente licitação tem por finalidade selecionar a proposta mais vantajosa para a contratação de empresa especializada para execução de pavimentação asfáltica na Avenida Inter Praias Sul- (trecho sul) em Balneário Gaivota/SC, conforme localização, condições e quantitativos constantes no memorial descritivo, planilha orçamentária, cronograma físico-financeiro e projeto básico contidas no ANEXO I deste Edital; Tomada de Preço; 05/10/2018 09:00; 20/09/2019; Obras e Serviços de Engenharia; MENOR PREÇO GLOBAL; 27/11/2018; HOMOLOGADO; -; 19/09/2018; 05/10/2018; -; Tomada de Preço; -; -
 PREFEITURA MUNICIPAL BALNEÁRIO GAIVOTA;45;2018;45;2018; A presente dispensa tem por objeto o arrendamento de uma área de 4,90 ha para extração da substância mineral saibro (saibreira), situada na Linha São Pedro, Município de Jacinto Machado/SC, inscrita na matricula sob nº 2.475, Livro Nº 2, Fls. 01, 02, 03 e 04, do Registro de Imóveis de Turvo/SC.; Dispensa de licitação; -; 20/09/2018; Compras e Serviços; MENOR PRECO POR ITEM; 18/09/2018; HOMOLOGADO; -; 18/09/2018;  - ; -; Dispensa de licitação; -; -
 PREFEITURA MUNICIPAL BALNEÁRIO GAIVOTA;44;2018;44;2018; O presente processo visa à contratação de empresa para prestação de serviços de Assessoria Jurídica especializada ou com experiência comprovada em advocacia na área pública, e ações trabalhistas em tramitação perante o Tribunal Regional do Trabalho da 12ª Região e Tribunal de Justiça do estado de Santa Catarina bem como acompanhamento de procedimentos perante o Ministério Público do Trabalho e defesas em mandados de segurança.; Convite; 29/08/2018 11:01; 20/08/2018; Contratação de serviços; MENOR PRECO POR ITEM; 03/09/2018; HOMOLOGADO; -; 20/08/2018; 29/08/2018; -; Convite; -; -
 PREFEITURA MUNICIPAL BALNEÁRIO GAIVOTA;43;2018;43;2018; Contratação de empresa especializada para Prestação de Serviços de Maquete Eletrônica e Video Realismo ilustrando o projeto de pavimentação dos trechos que compreendem a Avenida Inter Praias Sul com extensão de 443,90 metros, Avenida Barramares com extensão de 866,00 metros, 5ª Avenida com extensão de 960,00 metros e Avenida Beira Mar Norte com extensão de 1.710,00 metros.; Dispensa de licitação; -; 05/09/2018; Obras e Serviços de Engenharia; MENOR PRECO POR ITEM; 20/08/2018; HOMOLOGADO; -; 20/08/2018;  - ; -; Dispensa de licitação; -; -
 PREFEITURA MUNICIPAL BALNEÁRIO GAIVOTA;42;2018;42;2018; A presente licitação tem por finalidade selecionar a proposta mais vantajosa para a contratação de empresa especializada para execução de pavimentação com lajotas sextavadas na Avenida João Marcelino Pereira - (5ª Avenida) em Balneário Gaivota/SC, conforme localização, condições e quantitativos constantes no memorial descritivo, planilha orçamentária, cronograma físico-financeiro e projeto básico contidas no ANEXO I deste Edital.; Tomada de Preço; 03/09/2018 08:00; 15/08/2018; Obras e Serviços de Engenharia; MENOR PRECO POR ITEM; 27/11/2018; HOMOLOGADO; -; 14/08/2018; 03/09/2018; -; Licitação; -; -
 PREFEITURA MUNICIPAL BALNEÁRIO GAIVOTA;41;2018;41;2018;" o fornecimento de licenças de uso, não exclusiva, mediante contratação de empresa para licenciamento do direito de uso do aplicativo E-SOCIAL utilizando banco de dados relacional, conforme funcionalidades descritas no Anexo I. 
 Também faz parte do objeto a prestação dos seguintes serviços especializados: 
a)	Manutenção legal e corretiva durante o período contratual.
b)	Configuração e parametrização conforme procedimentos da entidade. 
c)	Suporte técnico operacional, exclusivamente no(s) apl"; Inexigibilidade de licitação; -; 07/08/2018; Compras e Serviços; MENOR PRECO POR ITEM; 02/08/2018; HOMOLOGADO; -; 02/08/2018;  - ; -; Inexigibilidade de licitação; -; -
 PREFEITURA MUNICIPAL BALNEÁRIO GAIVOTA;40;2018;40;2018; Aquisição de gêneros alimentícios da agricultura familiar e empreendedor familiar rural para atender os alunos matriculados nas escolas de Educação Infantil e Fundamental da Rede Municipal de Ensino, para o segundo semestre de 2018.; Dispensa de licitação; -; 03/08/2018; Compras e Serviços; MENOR PRECO POR ITEM; 31/07/2018; HOMOLOGADO; -; 31/07/2018;  - ; -; Dispensa de licitação; -; -
 PREFEITURA MUNICIPAL BALNEÁRIO GAIVOTA;39;2018;39;2018;" Doação correspondente a uma área de 1.556,98 m² (um mil, quinhentos e cinquenta e seis metros e noventa e oito centímetros quadrados), localizada na área 09, lote 02, registrada no Cartório de registro de Imóveis da Comarca de Sombrio/SC sob o nº 75.637, com as seguintes características e confrontações: Ao Sul: medindo 59,884 metros, com a Terceira Avenida; Ao Norte: medindo 59,364 metros, com a Terceira Avenida; Ao Leste: medindo 24,87 metros, com o Lote 01 da Área 09; Ao Oeste: medindo 24,89 m"; Dispensa de licitação; -; -; Compras e Serviços; MENOR PRECO POR ITEM; -; AGUARDANDO; -; 31/07/2018;  - ; -; Dispensa de licitação; -; -
 PREFEITURA MUNICIPAL BALNEÁRIO GAIVOTA;38;2018;38;2018; Esta licitação tem por objeto a contratação de empresa do ramo pertinente para a reforma em obra pública do bloco A administrativo da Prefeitura Municipal com o total de 668,98m², na Avenida Guanabara n° 452, bairro turimar, conforme projetos, memorial descritivo, planilha estimativa de quantitativos e custos e cronograma físico-financeiro anexos.; Convite; 12/07/2018 10:01; 29/06/2018; Obras e Serviços de Engenharia; MENOR PREÇO; 17/07/2018; HOMOLOGADO; -; 29/06/2018; 12/07/2018; -; Convite; -; -
 PREFEITURA MUNICIPAL BALNEÁRIO GAIVOTA;37;2018;37;2018; Esta licitação tem por objeto a contratação de empresa do ramo pertinente para a execução de muro de alvenaria no CRAS (Centro de Referência de Assistência Social) LOCAL: AV. ALVIM MANOEL CARDOSO, ESQ. RUA VÃNIO AIRES SIMÃO, BAIRRO JARDIM ULTRAMAR BALNEÁRIO GAIVOTA-SC, conforme projetos, memorial descritivo, planilha estimativa de quantitativos e custos e cronograma físico-financeiro anexos; Convite; 08/06/2018 10:01; 30/05/2018; Obras e Serviços de Engenharia; MENOR PREÇO GLOBAL; 14/06/2018; HOMOLOGADO; -; 30/05/2018; 08/06/2018; -; Convite; -; -
 PREFEITURA MUNICIPAL BALNEÁRIO GAIVOTA;36;2018;36;2018; O presente processo visa à Contratação de empresa do ramo pertinente para a execução de Sinalização de transito em ruas e avenidas específicas, Rua dos imigrantes, Rod. José Tiskoski, 2ª Avenida, 3ª Avenida e 4ª Avenida, de acordo com código de transito brasileiro, em conformidade com as especificações e cronograma prescritas no Anexo I - Termo de Referencia, que passa a fazer parte integra deste edit; Convite; 16/05/2018 10:01; 07/05/2018; Compras e Serviços; MENOR PRECO POR ITEM; 21/05/2018; HOMOLOGADO; -; 07/05/2018; 16/05/2018; -; Convite; -; -
 PREFEITURA MUNICIPAL BALNEÁRIO GAIVOTA;35;2018;35;2018; O presente processo tem como objeto a aquisição parcelada de cestas básicas para o cumprimento da lei municipal n° 983 de 10/04/2018, conforme descrito e especificado no ANEXO I - Termo de Referência.; Convite; 09/05/2018 11:01; 27/04/2018; Compras e Serviços; MENOR PRECO POR ITEM; 15/05/2018; HOMOLOGADO; -; 27/04/2018; 09/05/2018; -; Convite; -; -
 PREFEITURA MUNICIPAL BALNEÁRIO GAIVOTA;34;2018;34;2018; Esta licitação tem por objeto a contratação de empresa do ramo pertinente para a execução de Pavimentação de Lombadas em PAVER, de acordo com a necessidade, conforme planilha estimativa de quantitativos por item e custos financeiros anexo.; Convite; 08/05/2018 10:01; 27/04/2018; Obras e Serviços de Engenharia; MENOR PREÇO GLOBAL; 14/05/2018; HOMOLOGADO; -; 27/04/2018; 08/05/2018; -; Convite; -; -
 PREFEITURA MUNICIPAL BALNEÁRIO GAIVOTA;33;2018;33;2018; Prestação de serviços gráficos para suprir as necessidades das Secretarias Municipais, durante o exercício de 2018.; Pregão presencial; 30/04/2018 10:00; 18/04/2018; Compras e Serviços; MENOR PRECO POR ITEM; 30/04/2018; HOMOLOGADO; -; 17/04/2018; 30/04/2018; -; Pregão presencial; -; -
 PREFEITURA MUNICIPAL BALNEÁRIO GAIVOTA;32;2018;32;2018; Contratação de empresa do ramo pertinente para o fornecimentos de placas de sinalização, placas em chapa de aço e pinturas de vias urbanas, de acordo com a LEI Nº 9.503, DE 23 DE SETEMBRO DE 1997, código de transito brasileiro, tal solicitação se faz necessário para atender a demanda da Secretaria Municipal de Obras e Serviços Urbanos, em conformidade com as especificações prescritas no Anexo I - Termo de Referencia, que passa a fazer parte integra deste edital.; Convite; 25/04/2018 14:01; 17/04/2018; Compras e Serviços; MENOR PRECO POR ITEM; 27/04/2018; HOMOLOGADO; -; 17/04/2018; 25/04/2018; -; Convite; -; -
 PREFEITURA MUNICIPAL BALNEÁRIO GAIVOTA;31;2018;31;2018; Esse processo tem como objeto eventual fornecimento de areia para aterro, para uso em manutenção das vias municipais, visando atender as necessidades da Secretaria de Obras e Serviços Urbanos, conforme especificações e quantidades descritas no Anexo I deste Edital; Convite; 18/04/2018 10:01; 11/04/2018; Compras e Serviços; MENOR PRECO POR ITEM; 23/04/2018; HOMOLOGADO; -; 11/04/2018; 18/04/2018; -; Convite; -; -
 PREFEITURA MUNICIPAL BALNEÁRIO GAIVOTA;30;2018;30;2018; O presente processo licitatório tem como objeto a Eventual aquisição de materiais e equipamentos de informática, destinados ao atendimento da Secretaria de Administração e Finanças, Secretaria de Educação e demais secretarias, durante o exercício de 2018, nas condições fixadas no Edital para serem fornecidos, conforme Especificações Técnicas.; Convite; 03/04/2018 10:01; 26/03/2018; Compras e Serviços; MENOR PRECO POR ITEM; 06/04/2018; HOMOLOGADO; -; 26/03/2018; 03/04/2018; -; Convite; -; -
 PREFEITURA MUNICIPAL BALNEÁRIO GAIVOTA;29;2018;29;2018; Prestação de serviço de Assistência Técnica e Extensão Rural, contendo as ações descritas no Plano anual de trabalho (PAT).; Dispensa de licitação; -; 26/03/2018; Compras e Serviços; MENOR PRECO POR ITEM; 23/03/2018; HOMOLOGADO; -; 23/03/2018;  - ; -; Dispensa de licitação; -; -
 PREFEITURA MUNICIPAL BALNEÁRIO GAIVOTA;28;2018;28;2018; O presente Processo visa a contratação de empresa para o fornecimento parcelado de cartuchos e toners originais, compativeis, para manutenção da secretaria de administração e finanças e demais secretarias deste município, durante o exercício de 2018, obedecendo integralmente os termos da minuta contratual e planilha com especificações e quantidades do produto em anexo.; Convite; 02/04/2018 09:01; 23/03/2018; Compras e Serviços; MENOR PRECO POR ITEM; 06/04/2018; HOMOLOGADO; -; 23/03/2018; 02/04/2018; -; Convite; -; -
 PREFEITURA MUNICIPAL BALNEÁRIO GAIVOTA;27;2018;27;2018; O presente PREGÃO PRESENCIAL tem como objeto a AQUISIÇÃO DE TRATOR AGRÍCOLA DE PNEUS, TRAÇÃO 4X4, com potencia mínima de 85cv, para ser fornecido, conforme Especificações Técnicas.; Pregão presencial; 06/04/2018 10:00; 26/03/2018; Compras e Serviços; MENOR PRECO POR ITEM; 06/04/2018; HOMOLOGADO; -; 23/03/2018; 06/04/2018; -; Pregão presencial; -; -
 PREFEITURA MUNICIPAL BALNEÁRIO GAIVOTA;26;2018;26;2018; O presente processo visa à contratação de empresa para a prestação de serviços de locação de caminhão basculante trucado para efetuar serviços de transporte de material, municipal, intermunicipal e interstadual, com combustível e motorista, para atender as necessidades da Municipalidade, conforme Anexo I.; Convite; 23/03/2018 14:01; 16/03/2018; Contratação de serviços; MENOR PRECO POR ITEM; 28/03/2018; HOMOLOGADO; -; 16/03/2018; 23/03/2018; -; Convite; -; -
 PREFEITURA MUNICIPAL BALNEÁRIO GAIVOTA;25;2018;25;2018; Contratação de empresa do ramo pertinente para Fornecimento parcelado de materiais de construção diversos para atender as necessidade da Secretaria de Obras e Serviços Urbanos e demais secretarias municipais durante o ano de 2018, obedecendo integralmente os termos da minuta contratual e Planilha com especificações e quantidades do produto em anexo; Convite; 23/03/2018 11:01; 16/03/2018; Compras e Serviços; MENOR PREÇO GLOBAL; 23/04/2018; HOMOLOGADO; -; 16/03/2018; 23/03/2018; -; Convite; -; -
 PREFEITURA MUNICIPAL BALNEÁRIO GAIVOTA;24;2018;24;2018; Constitui objeto do presente processo a Aquisição de barro vermelho, para uso em manutenção, visando atender as necessidades da Secretaria de Obras e Serviços Urbanos, conforme especificações e quantidades descritas no Anexo I deste Edital; Convite; 23/03/2018 09:01; 16/03/2018; Compras e Serviços; MENOR PRECO POR ITEM; 28/03/2018; HOMOLOGADO; -; 16/03/2018; 23/03/2018; -; Convite; -; -
 PREFEITURA MUNICIPAL BALNEÁRIO GAIVOTA;23;2018;23;2018; Constitui objeto do presente processo à aquisição de tubos de concreto para a manutenção e ampliação das tubulações do município, visando atender as necessidades da Secretaria de Obras e Serviços Urbanos, durante o exercício de 2018.; Convite; 23/03/2018 08:01; 16/03/2018; Compras e Serviços; MENOR PRECO POR ITEM; 28/03/2018; HOMOLOGADO; -; 16/03/2018; 23/03/2018; -; Convite; -; -
 PREFEITURA MUNICIPAL BALNEÁRIO GAIVOTA;22;2018;22;2018; A presente licitação tem por objeto a contratação de empresa especializada para fornecimento de licença de uso de aplicativos de gestão pública, com acesso simultâneo de usuários, e que atenda as especificações técnicas, os quantitativos e os serviços técnicos correlatos descritos neste edital e em seu Anexo I.; Pregão presencial; 23/03/2018 10:01; 14/03/2018; Contratação de serviços; MENOR PREÇO GLOBAL; 23/03/2018; HOMOLOGADO; -; 13/03/2018; 23/03/2018; -; Pregão presencial; -; -
 PREFEITURA MUNICIPAL BALNEÁRIO GAIVOTA;21;2018;21;2018; CONTRATAÇÃO DE EMPRESA PARA EXECUTAR A ADEQUAÇÃO DO PROJETO PREVENTIVO CONTRA INCÊNDIO DAS INSTALAÇÕES DO  C.E.I. LIBÂNIA PEREIRA MARTINS CONFORME PROJETO E  MEMORIAL DESCRITIVO EM ANEXO.; Dispensa de licitação; -; 03/05/2018; Obras e Serviços de Engenharia; MENOR PRECO POR ITEM; 13/03/2018; HOMOLOGADO; -; 13/03/2018;  - ; -; Dispensa de licitação; -; -
 FUNDO MUNICIPAL SAÚDE BALNEÁRIO GAIVOTA;21;2018;21;2018; A presente dispensa de licitação tem por objeto a Locação de uma casa de alvenaria, situada à Rua Nova - Estrada Geral, neste Município, e servirá para a instalação  do Posto de Atendimento da Estratégia da Saúde da Família, na localidade de Rua Nova, no exercício de 2019.; Dispensa de licitação; -; 28/12/2018; Compras e Serviços; MENOR PREÇO; 24/12/2018; HOMOLOGADO; -; 24/12/2018;  - ; -; Dispensa de licitação; -; -
 PREFEITURA MUNICIPAL BALNEÁRIO GAIVOTA;20;2018;20;2018; Esta licitação tem por objeto a contratação de empresa do ramo pertinente para a execução de Reforma e Ampliação do C.E.I. Tia benta, com uma de ampliação total de 16,30m², conforme projetos, memorial descritivo, planilha estimativa de quantitativos e custos e cronograma físico-financeiro anexos.; Convite; 09/03/2018 09:01; 02/03/2018; Obras e Serviços de Engenharia; MENOR PREÇO GLOBAL; 14/03/2018; HOMOLOGADO; -; 02/03/2018; 09/03/2018; -; Convite; -; -
 FUNDO MUNICIPAL SAÚDE BALNEÁRIO GAIVOTA;20;2018;20;2018; A presente dispensa de licitação tem por objeto a locação de uma sala de comercial de aproximadamente 130,00 m², localizada no lote 19 da quadra 68, Bairro jardim ultramar, neste Município, devidamente registrado sob o nº 53.841, no Cartório de Registro de Imóveis da Comarca de Sombrio - SC, o qual esta instalada a farmácia popular municipal. A presente locação servirá para o exercício de 2019.; Dispensa de licitação; -; 18/12/2018; Compras e Serviços; MENOR PREÇO; 17/12/2018; HOMOLOGADO; -; 17/12/2018;  - ; -; Dispensa de licitação; -; -
 PREFEITURA MUNICIPAL BALNEÁRIO GAIVOTA;19;2018;19;2018; Esta Licitação tem por objeto a Pavimentação asfáltica, drenagem pluvial, sinalização e outros na RUA QUINTINO MANOEL DOMINGOS - TRECHO 01, no município de Balneário Gaivota , conforme projetos, memoriais descritivos, planilhas orçamentárias de quantitativos, custos e cronogramas físicos e financeiros em anexo; Tomada de Preço; 16/03/2018 11:00; 01/03/2018; Obras e Serviços de Engenharia; MENOR PREÇO GLOBAL; 22/03/2018; HOMOLOGADO; -; 28/02/2018; 16/03/2018; -; Licitação; -; -
 FUNDO MUNICIPAL SAÚDE BALNEÁRIO GAIVOTA;19;2018;19;2018; A presente dispensa de licitação tem por objeto a locação de uma sala de comercial de aproximadamente 170m² , sito a Avenida Santa Catarina, nº 306, Bairro Praia Gaivota, melhor localizado como lote 19, quadra 16-A, neste município, conforme matricula de imóveis nº 48.121. O qual servirá para o funcionamento da Estratégia da Saúde Familiar Praia Gaivota, durante o Exercício de 2019.; Dispensa de licitação; -; 18/12/2018; Compras e Serviços; MENOR PREÇO; 17/12/2018; HOMOLOGADO; -; 17/12/2018;  - ; -; Dispensa de licitação; -; -
 PREFEITURA MUNICIPAL BALNEÁRIO GAIVOTA;18;2018;18;2018; O presente PREGÃO PRESENCIAL tem como objeto a Aquisição de móveis e eletrodomésticos, para a Secretaria de Educação Municipal nas condições fixadas no Edital para serem fornecidos, conforme Especificações Técnicas.; Pregão presencial; 13/03/2018 10:01; 27/02/2018; Compras e Serviços; MENOR PRECO POR ITEM; 13/03/2018; HOMOLOGADO; -; 26/02/2018; 13/03/2018; -; Pregão presencial; -; -
 FUNDO MUNICIPAL SAÚDE BALNEÁRIO GAIVOTA;18;2018;18;2018; O presente PREGÃO PRESENCIAL tem como objeto a Aquisição de material clínico e odontológico para as unidades de saúde do município, durante o exercício de 2019 para serem fornecidos, conforme Especificações Técnicas; Pregão presencial; 12/12/2018 14:01; 30/11/2018; Compras e Serviços; MENOR PREÇO; 12/12/2018; HOMOLOGADO; -; 29/11/2018; 12/12/2018; -; Pregão presencial; -; -
 PREFEITURA MUNICIPAL BALNEÁRIO GAIVOTA;17;2018;17;2018; Constitui objeto do presente processo a Aquisição de Peças e serviços de Mão de Obra para a Manutenção da Retroescavadeira New Holland LB110, para uso serviços e raparos municipais, visando atender as necessidades da Secretaria de Obras e Serviços Urbanos, conforme especificações e quantidades descritas no Anexo I deste Edital.; Convite; 02/03/2018 08:01; 22/02/2018; Compras e Serviços; MENOR PRECO POR ITEM; 07/03/2018; HOMOLOGADO; -; 22/02/2018; 02/03/2018; -; Convite; -; -
 FUNDO MUNICIPAL SAÚDE BALNEÁRIO GAIVOTA;17;2018;17;2018; Aquisição de uma Unidade Móvel de Saúde 0Km, ano/modelo 2018/2018, completa com equipamentos e utilitários para o atendimento de pacientes deste município; Pregão presencial; 05/12/2018 10:01; 23/11/2018; Compras e Serviços; MENOR PRECO POR ITEM; -; AGUARDANDO; -; 22/11/2018; 05/12/2018; -; Pregão presencial; -; -
 PREFEITURA MUNICIPAL BALNEÁRIO GAIVOTA;16;2018;16;2018; Aquisição de gêneros alimentícios da agricultura familiar e empreendedor familiar rural para atender os alunos matriculados nas escolas de Educação Infantil e Fundamental da Rede Municipal de Ensino, para o ano exercicio de 2018.; Dispensa de licitação; -; 19/02/2018; Compras e Serviços; MENOR PRECO POR ITEM; 16/02/2018; HOMOLOGADO; -; 16/02/2018;  - ; -; Dispensa de licitação; -; -
 FUNDO MUNICIPAL SAÚDE BALNEÁRIO GAIVOTA;16;2018;16;2018; Prestação de serviços médicos diversos como ultra-sonografias, consultas médicas, raio-x, tomografias computadorizadas e demais serviços médicos complementares.; Dispensa de licitação; -; 30/10/2018; Compras e Serviços; MENOR PREÇO; 24/10/2018; HOMOLOGADO; -; 24/10/2018;  - ; -; Dispensa de licitação; -; -
 PREFEITURA MUNICIPAL BALNEÁRIO GAIVOTA;15;2018;15;2018; O presente processo visa à contratação de empresa do ramo pertinente para a prestação de serviços de manutenção e reforma do caminhão basculante Placas: MCC 4850, para atender as necessidades da Secretaria de Obras e serviços Urbanos, conforme Anexo I.; Convite; 26/02/2018 11:01; 16/02/2018; Contratação de serviços; MENOR PREÇO GLOBAL; 01/03/2018; HOMOLOGADO; -; 16/02/2018; 26/02/2018; -; Convite; -; -
 FUNDO MUNICIPAL SAÚDE BALNEÁRIO GAIVOTA;15;2018;15;2018; A presente dispensa de licitação tem por objeto a locação de uma sala de comercial de aproximadamente 170m² , sito a Avenida Santa Catarina, nº 306, Bairro Praia Gaivota, melhor localizado como lote 19, quadra 16-A, neste município, conforme matricula de imóveis nº 48.121. O qual servirá para as novas instalações e funcionamento da Estratégia da Saúde Familiar Praia Gaivota; Dispensa de licitação; -; 20/09/2018; Compras e Serviços; MENOR PREÇO; 19/09/2018; HOMOLOGADO; -; 19/09/2018;  - ; -; Dispensa de licitação; -; -
 PREFEITURA MUNICIPAL BALNEÁRIO GAIVOTA;14;2018;14;2018; Aquisição de uniformes escolares personalizados para distribuição gratuita, a fim de suprir as necessidades da Rede Municipal de ensino, que incluem as escolas de ensino fundamental e infantil, conforme especificações constantes do anexo I que integra este edital.; Convite; 23/02/2018 10:01; 16/02/2018; Compras e Serviços; MENOR PRECO POR ITEM; 27/02/2018; HOMOLOGADO; -; 16/02/2018; 23/02/2018; -; Convite; -; -
 FUNDO MUNICIPAL SAÚDE BALNEÁRIO GAIVOTA;14;2018;14;2018; Contratação de empresa para executar a obra de reforma para acessibilidade e vigilância sanitária das instalações da UNIDADE DE SAÚDE RIO NOVO e UNIDADE DE SAÚDE ANITA GARIBALDI conforme projeto e memorial descritivo em anexo a este edital.; Dispensa de licitação; -; -; Obras e Serviços de Engenharia; MENOR PREÇO; 14/08/2018; HOMOLOGADO; -; 14/08/2018;  - ; -; Dispensa de licitação; -; -
 PREFEITURA MUNICIPAL BALNEÁRIO GAIVOTA;13;2018;13;2018; Aquisição de pneus novos de 1.ª linha, câmaras de ar e protetores/colarinhos novos, que atendam as Normas da ABNT NBR5531, NBR6087 e NBR 6088 e detenham Certificado de Qualidade do INMETRO para veículos oficiais desta municipalidade, com no máximo 6 (seis) meses de fabricação à data do fornecimento, conforme especificações técnicas individuais constantes em anexo.; Pregão presencial; 27/02/2018 10:01; 15/02/2018; Compras e Serviços; MENOR PRECO POR ITEM; 27/02/2018; HOMOLOGADO; -; 14/02/2018; 27/02/2018; -; Pregão presencial; -; -
 FUNDO MUNICIPAL SAÚDE BALNEÁRIO GAIVOTA;13;2018;13;2018; Contratação de empresa para executar a obra de adaptação para acessibilidade e vigilância sanitária das instalações das unidades de saúde P.S.F ABEL DELAUDINO DOS SANTOS,  UNIDADE DE SAÚDE CENTRAL ZENITA MENDES DA SILVA PEDRO  e E.S.F CENTRAL, conforme projeto e  memorial descritivo em anexo a este edital.; Dispensa de licitação; -; -; Obras e Serviços de Engenharia; MENOR PREÇO; 14/08/2018; HOMOLOGADO; -; 14/08/2018;  - ; -; Dispensa de licitação; -; -
 PREFEITURA MUNICIPAL BALNEÁRIO GAIVOTA;12;2018;12;2018; Esse processo tem como objetivo selecionar a melhor proposta com fornecimento para as eventuais recuperações de drenagem pluvial, bocas de lobo, pedra irregular e piso hidráulico, auxiliando a manutenção das vias municipais, visando atender as necessidades da secretaria de obras e serviços urbanos, conforme especificações e quantidades descritas no Anexo I deste Edital.; Convite; 22/02/2018 14:01; 14/02/2018; Contratação de serviços; MENOR PRECO POR ITEM; 28/02/2018; HOMOLOGADO; -; 14/02/2018; 22/02/2018; -; Convite; -; -
 FUNDO MUNICIPAL SAÚDE BALNEÁRIO GAIVOTA;12;2018;12;2018; A presente dispensa de licitação tem por objeto a locação de uma sala de comercial de aproximadamente 130,00 m², localizada no lote 19 da quadra 68, Bairro jardim ultramar, neste Município, devidamente registrado sob o nº 53.841, no Cartório de Registro de Imóveis da Comarca de Sombrio - SC, o qual servirá para a instalação da farmácia popular municipal; Dispensa de licitação; -; -; Compras e Serviços; MENOR PREÇO; 01/08/2018; HOMOLOGADO; -; 01/08/2018;  - ; -; Dispensa de licitação; -; -
 PREFEITURA MUNICIPAL BALNEÁRIO GAIVOTA;11;2018;11;2018; Contratação de empresa especializada na prestação de serviços de pesquisa e comparação de preços no sistema on-line do BANCO DE PREÇOS com base nos preços praticados pela administração pública referente aos resultados de licitação adjudicados e homologados.; Dispensa de licitação; -; 08/02/2018; Compras e Serviços; MELHOR PRECO E TECNICA; 07/02/2018; HOMOLOGADO; -; 07/02/2018;  - ; -; Dispensa de licitação; -; -
 FUNDO MUNICIPAL SAÚDE BALNEÁRIO GAIVOTA;11;2018;11;2018; Aquisição de medicamentos para atender as necessidades das unidades de saúde do município, durante o segundo semestre de 2018, conforme relação em anexo.; Dispensa de licitação; -; -; Compras e Serviços; MENOR PREÇO; 13/07/2018; HOMOLOGADO; -; 13/07/2018;  - ; -; Dispensa de licitação; -; -
 PREFEITURA MUNICIPAL BALNEÁRIO GAIVOTA;10;2018;10;2018; Contratação da empresa LIZ SERVIÇOS ONLINE LTDA para cessão de uso de software compreendendo a prestação de serviços técnicos especializados...; Dispensa de licitação; -; 08/02/2018; Contratação de serviços; MELHOR PRECO E TECNICA; 07/02/2018; HOMOLOGADO; -; 07/02/2018;  - ; -; Dispensa de licitação; -; -
 FUNDO MUNICIPAL SAÚDE BALNEÁRIO GAIVOTA;10;2018;10;2018; O presente processo tem como objeto a prestação de serviços de transporte rodoviário interestadual de passageiros, a ser executado em regime de empreitada por preço unitário com veiculo do tipo van, conforme Especificações Técnicas.; Convite; 06/06/2018 10:01; 28/05/2018; Contratação de serviços; MENOR PREÇO GLOBAL; 11/06/2018; HOMOLOGADO; -; 28/05/2018; 06/06/2018; -; Convite; -; -
 PREFEITURA MUNICIPAL BALNEÁRIO GAIVOTA;9;2018;9;2018; PREGÃO PRESENCIAL, do tipo menor preço por item, objetivando a contratação de empresa do ramo pertinente objetivando o serviço de transporte de alunos da Rede Estadual e Municipal de Ensino, durante o exercício de 2018.; Pregão presencial; 26/02/2018 10:01; 08/02/2018; Contratação de serviços; MENOR PRECO POR ITEM; 26/02/2018; HOMOLOGADO; -; 07/02/2018; 26/02/2018; -; Pregão presencial; -; -
 FUNDO MUNICIPAL SAÚDE BALNEÁRIO GAIVOTA;9;2018;9;2018;" A presente processo tem por objetivo a seleção da proposta mais vantajosa para a Administração,
visando a aquisição/confecção de uniformes (camisetas, jalecos, coletes, camisas, calças, , etc) para suprir as necessidades da Secretaria de Saúde,  conforme Termo de Referencia (ANEXO I)."; Convite; 25/04/2018 10:01; 17/04/2018; Compras e Serviços; MENOR PREÇO; 27/04/2018; HOMOLOGADO; -; 17/04/2018; 25/04/2018; -; Convite; -; -
 PREFEITURA MUNICIPAL BALNEÁRIO GAIVOTA;8;2018;8;2018; O presente processo visa à Aquisição parcelada de peças e serviços de mão-de-obra para a manutenção dos veículos de placas: MDB-6162, LYS-1618 e MCC-4850, da Secretaria de Obras e serviços urbanos, atendendo as necessidades da mesma durante o exercício de 2018, em conformidade com as especificações e quantitativos prescritos no Anexo I - Termo de Referência.; Convite; 08/02/2018 08:31; 31/01/2018; Compras e Serviços; MENOR PREÇO; 15/02/2018; HOMOLOGADO; -; 31/01/2018; 08/02/2018; -; Convite; -; -
 FUNDO MUNICIPAL SAÚDE BALNEÁRIO GAIVOTA;8;2018;8;2018; PREGÃO PRESENCIAL, do tipo menor preço por item, para Aquisição de equipamento e material permanente, através de empresa do ramo pertinente, obedecendo integralmente às condições, quantidades e exigências estabelecidas neste Edital e seus anexos.; Pregão presencial; 30/04/2018 16:00; 18/04/2018; Compras e Serviços; MENOR PRECO POR ITEM; 30/04/2018; HOMOLOGADO; -; 17/04/2018; 30/04/2018; -; Pregão presencial; -; -
 PREFEITURA MUNICIPAL BALNEÁRIO GAIVOTA;7;2018;7;2018; PREGÃO PRESENCIAL, do tipo menor preço por item, objetivando a contratação de empresa do ramo pertinente para o fornecimento de materiais elétricos, destinados a manutenção da rede de iluminação pública do município, nas condições fixadas no Edital.; Pregão presencial; 08/02/2018 14:00; 29/01/2018; Compras e Serviços; MENOR PRECO POR ITEM; 08/02/2018; HOMOLOGADO; -; 25/01/2018; 08/02/2018; -; Pregão presencial; -; -
 FUNDO MUNICIPAL SAÚDE BALNEÁRIO GAIVOTA;7;2018;7;2018; Prestação de serviços gráficos para suprir as necessidades das Secretaria Municipal de Saúde, durante o exercício de 2018.; Pregão presencial; 30/04/2018 14:00; 18/04/2018; Compras e Serviços; MENOR PRECO POR ITEM; 30/04/2018; HOMOLOGADO; -; 17/04/2018; 30/04/2018; -; Pregão presencial; -; -
 PREFEITURA MUNICIPAL BALNEÁRIO GAIVOTA;6;2018;6;2018; O presente PREGÃO PRESENCIAL tem como objeto a Aquisição de seixo rolado peneirado e in natura, com transporte, para uso da Secretaria de Obras e Serviços Urbanos para a recuperação de estradas vicinais do Município de Balneário Gaivota, durante o exercício de 2018. para serem fornecidos de forma parcelada, conforme Especificações Técnicas.; Pregão presencial; 06/02/2018 09:00; 23/01/2018; Compras e Serviços; MENOR PRECO POR ITEM; 06/02/2018; HOMOLOGADO; -; 23/01/2018; 06/02/2018; -; Pregão presencial; -; -
 FUNDO MUNICIPAL SAÚDE BALNEÁRIO GAIVOTA;6;2018;6;2018; A presente dispensa de licitação tem por objeto a locação de uma sala de 66 m² localizada no Rio novo, Município de Balneário Gaivota, devidamente registrado no Cartório de Registro de Imóveis da Comarca de Sombrio - SC, o qual servirá para a instalação da Unidade de Saúde na comunidade.; Dispensa de licitação; -; 16/04/2018; Compras e Serviços; MENOR PREÇO; 10/04/2018; HOMOLOGADO; -; 10/04/2018;  - ; -; Dispensa de licitação; -; -
 PREFEITURA MUNICIPAL BALNEÁRIO GAIVOTA;5;2018;5;2018; O presente processo visa à contratação de empresa para a prestação de serviços escavadeira hidraulica, rolo compactador, trator agricola 4X4 e trato de esteira, por horas trabalhadas eventuais, com combustível e operador, para atender as necessidades da Municipalidade, conforme Anexo I.; Convite; 24/01/2018 08:01; 17/01/2018; Contratação de serviços; MENOR PRECO POR ITEM; 29/01/2018; HOMOLOGADO; -; 17/01/2018; 24/01/2018; -; Convite; -; -
 FUNDO MUNICIPAL SAÚDE BALNEÁRIO GAIVOTA;5;2018;5;2018; O presente processo licitatório tem como objeto à aquisição de materiais de limpeza e higiene e generos alimentícios para atender as necessidades das unidades de Saúde do Município de Balneário Gaivota, no exercício de 2018, conforme anexo I.; Convite; 06/04/2018 09:01; 30/03/2018; Compras e Serviços; MENOR PRECO POR ITEM; 11/04/2018; HOMOLOGADO; -; 30/03/2018; 06/04/2018; -; Convite; -; -
 PREFEITURA MUNICIPAL BALNEÁRIO GAIVOTA;4;2018;4;2018; Contratação de dois shows artísticos, da banda TCHÊ BARBARIDADE e AS MENINAS DA SANFONA, com iluminação e sonorização profissional, que se realizará no dia 25/01/2018, à partir das 21 horas no município de Balneário Gaivota; Inexigibilidade de licitação; -; 17/01/2018; Compras e Serviços; MENOR PRECO POR ITEM; 17/01/2018; HOMOLOGADO; -; 17/01/2018;  - ; -; Inexigibilidade de licitação; -; -
 FUNDO MUNICIPAL SAÚDE BALNEÁRIO GAIVOTA;4;2018;4;2018; O presente processo tem como objeto o Fornecimento de materiais de expediente para suprir as necessidades da Secretaria de Saúde, para o exercício de 2018.; Convite; 23/03/2018 15:01; 16/03/2018; Compras e Serviços; MENOR PRECO POR ITEM; 28/03/2018; HOMOLOGADO; -; 16/03/2018; 23/03/2018; -; Convite; -; -
 PREFEITURA MUNICIPAL BALNEÁRIO GAIVOTA;3;2018;3;2018; A presente carta convite visa à contratação de empresa para prestação de serviços técnicos para assessoria e manutenção ao sistema de tributos da Prefeitura Municipal de Balneário Gaivota, no exercício de 2018.; Convite; 09/01/2018 11:31; 02/01/2018; Contratação de serviços; MENOR PRECO POR ITEM; 15/01/2018; HOMOLOGADO; -; 02/01/2018; 09/01/2018; -; Convite; -; -
 FUNDO MUNICIPAL SAÚDE BALNEÁRIO GAIVOTA;3;2018;3;2018; O presente PREGÃO PRESENCIAL tem como objeto a Aquisição de material clínico e odontológico para as unidades de saúde do município, durante o exercício de 2018 para serem fornecidos, conforme Especificações Técnicas.; Pregão presencial; 08/02/2018 16:01; 29/01/2018; Compras e Serviços; MENOR PREÇO; 08/02/2018; HOMOLOGADO; -; 26/01/2018; 08/02/2018; -; Pregão presencial; -; -
 PREFEITURA MUNICIPAL BALNEÁRIO GAIVOTA;2;2018;2;2018; Contratação de empresa especializada para a prestação de serviços na elaboração, planejamento e execução de PPRA, LTCAT, PCMSO, EPI, EPC, e PPP. Durante o exercício de 2018. Os serviços ora contratados devem ser prestados, executados por profissional devidamente habilitado.; Convite; 09/01/2018 11:01; 02/01/2018; Contratação de serviços; MENOR PRECO POR ITEM; 15/01/2018; HOMOLOGADO; -; 02/01/2018; 09/01/2018; -; Convite; -; -
 FUNDO MUNICIPAL SAÚDE BALNEÁRIO GAIVOTA;2;2018;2;2018; Prestação de serviços médicos diversos como ultra-sonografias, consultas médicas, raio-x, tomografias computadorizadas e demais serviços médicos complementares.; Dispensa de licitação; -; 22/01/2018; Compras e Serviços; MENOR PREÇO; 19/01/2018; HOMOLOGADO; -; 19/01/2018;  - ; -; Dispensa de licitação; -; -
 PREFEITURA MUNICIPAL BALNEÁRIO GAIVOTA;1;2018;1;2018; O presente Processo visa a contratação de empresa para o fornecimento parcelado de Óleos Lubrificantes, Fluído para freios e graxa, para a manutenção da frota deste município, durante o exercício de 2018, obedecendo integralmente os termos da minuta contratual e planilha com especificações e quantidades do produto em anexo.; Convite; 09/01/2018 09:01; 02/01/2018; Compras e Serviços; MENOR PRECO POR ITEM; 15/01/2018; HOMOLOGADO; -; 02/01/2018; 09/01/2018; -; Convite; -; -
 FUNDO MUNICIPAL SAÚDE BALNEÁRIO GAIVOTA;1;2018;1;2018; Aquisição de medicamentos para atender as necessidades das unidades de saúde do município, durante o primeiro semestre de 2018, conforme relação em anexo.; Dispensa de licitação; -; 22/01/2018; Compras e Serviços; MENOR PREÇO; 19/01/2018; HOMOLOGADO; -; 19/01/2018;  - ; -; Dispensa de licitação; -; -
 PREFEITURA MUNICIPAL BALNEÁRIO GAIVOTA;82;2017;82;2017; O presente processo visa à Aquisição parcelada de peças e serviços de mão-de-obra para a manutenção dos veículos da Secretaria de Educação Municipal, atendendo as necessidades da mesma durante o exercício de 2018, em conformidade com as especificações e quantitativos prescritos no Anexo I - Termo de Referencia.; Convite; 08/01/2018 10:01; 27/12/2017; Compras e Serviços; MENOR PRECO POR ITEM; 11/01/2018; HOMOLOGADO; -; 27/12/2017; 08/01/2018; -; Convite; -; -
 PREFEITURA MUNICIPAL BALNEÁRIO GAIVOTA;81;2017;81;2017; O presente processo visa à Contratação de empresa do ramo pertinente para eventual fornecimento de placas, adesivos impressos digitais, papéis de outdoor impressos digitais e lonas impressas digitais para atender as necessidades do Municipio de Balneário Gaivota, em conformidade com as especificações prescritas no Anexo I - Termo de Referencia.; Convite; 08/01/2018 09:01; 27/12/2017; Compras e Serviços; MENOR PRECO POR ITEM; 11/01/2018; HOMOLOGADO; -; 27/12/2017; 08/01/2018; -; Convite; -; -
 PREFEITURA MUNICIPAL BALNEÁRIO GAIVOTA;80;2017;80;2017; Constitui objeto do presente processo a Aquisição de brita graduada, para uso em manutenção das vias municipais, visando atender as necessidades da Secretaria de Obras e Serviços Urbanos, conforme especificações e quantidades descritas no Anexo I deste Edital.; Convite; 05/01/2018 08:01; 26/12/2017; Compras e Serviços; MENOR PRECO POR ITEM; 10/01/2018; HOMOLOGADO; -; 26/12/2017; 05/01/2018; -; Convite; -; -
 PREFEITURA MUNICIPAL BALNEÁRIO GAIVOTA;79;2017;79;2017; O presente termo tem por objeto selecionar a melhor proposta para a aquisição de cargas de gás de cozinha - GLP em botijão de 13kg e água mineral em galão de 20 litros, com fornecimento contínuo e fracionado, conforme demanda, diretamente nas escolas municipais, nas creches, nas unidades de saúde e na prefeitura municipal, obedecendo integralmente às condições, quantidades e seus anexos para serem fornecidos; Pregão presencial; 05/01/2018 10:01; 22/12/2017; Compras e Serviços; MENOR PRECO POR ITEM; 05/01/2018; HOMOLOGADO; -; 21/12/2017; 05/01/2018; -; Pregão presencial; -; -
 PREFEITURA MUNICIPAL BALNEÁRIO GAIVOTA;78;2017;78;2017; O presente processo visa à contratação de empresa ou profissional para prestação de serviços de assessoria, consultoria, orientação e assistência técnica Governamental em gestão pública nas atividades de planejamento, execução e controle financeiro, orçamentário e administrativo da prefeitura municipal e seus fundos, durante o exercício de 2018.; Convite; 22/12/2017 11:31; 14/12/2017; Contratação de serviços; MENOR PRECO POR ITEM; 28/12/2017; HOMOLOGADO; -; 14/12/2017; 22/12/2017; -; Convite; -; -
 PREFEITURA MUNICIPAL BALNEÁRIO GAIVOTA;77;2017;77;2017; O presente processo visa à Contratação de empresa especializada em serviço de Sonorização para eventos e reuniões para atendimento das atividades de comunicação do município de Balneário Gaivota, conforme detalhamento em Termo de Referência (anexoI).; Convite; 22/12/2017 11:01; 14/12/2017; Contratação de serviços; MENOR PRECO POR ITEM; 28/12/2017; HOMOLOGADO; -; 14/12/2017; 22/12/2017; -; Convite; -; -
 PREFEITURA MUNICIPAL BALNEÁRIO GAIVOTA;76;2017;76;2017; Constitui objeto do presente processo à aquisição de madeiras para, demarcações de áreas de banho, reforma das passarelas e para outros fins, atendendo a necessidade da Secretaria de Obras e Serviços Urbanos e demais Secretarias no ano de 2018, obedecendo integralmente os termos da minuta contratual e Termo de Referencia com especificações e quantidades do produto em anexo.; Convite; 22/12/2017 10:31; 14/12/2017; Compras e Serviços; MENOR PRECO POR ITEM; 28/12/2017; HOMOLOGADO; -; 14/12/2017; 22/12/2017; -; Convite; -; -
 PREFEITURA MUNICIPAL BALNEÁRIO GAIVOTA;75;2017;75;2017; o presente Processo visa à Contratação especializada de serviços de engenharia com atestado de capacidade técnica, referente a projetos e fiscalização de obras de engenharia civil, arquitetura, pavimentações, drenagens e sinalizações, para o exercicio de 2018.; Convite; 22/12/2017 10:01; 14/12/2017; Contratação de serviços; MENOR PRECO POR ITEM; 28/12/2017; HOMOLOGADO; -; 14/12/2017; 22/12/2017; -; Convite; -; -
 PREFEITURA MUNICIPAL BALNEÁRIO GAIVOTA;74;2017;74;2017; Esta licitação tem por objeto a contratação de empresa para fornecer em locação 07 (sete) relógios ponto com leitura biométrica de impressão digital e suporte técnico especializado, para controle do ponto dos servidores públicos da Prefeitura Municipal de Balneário Gaivota/SC, conforme detalhamento em Termo de Referência (anexo I).; Convite; 22/12/2017 09:31; 14/12/2017; Contratação de serviços; MENOR PRECO POR ITEM; 28/12/2017; HOMOLOGADO; -; 14/12/2017; 22/12/2017; -; Convite; -; -
 PREFEITURA MUNICIPAL BALNEÁRIO GAIVOTA;73;2017;73;2017; O presente processo visa à Aquisição de 45 (quarenta e cinco) bancos de madeira plástica reciclado para atender as necessidades da Secretaria Municipal de Obras e Serviços Urbanos, conforme detalhamento em Termo de Referência (anexo I).; Convite; 22/12/2017 08:31; 14/12/2017; Compras e Serviços; MENOR PRECO POR ITEM; 28/12/2017; HOMOLOGADO; -; 14/12/2017; 22/12/2017; -; Convite; -; -
 PREFEITURA MUNICIPAL BALNEÁRIO GAIVOTA;72;2017;72;2017; Constitui-se objeto desta licitação a outorga a empresa vencedora do certame, através de Concessão, da exploração do serviço de água e esgoto do Município, através da prestação do Serviço de Esgotamento Sanitário e Abastecimento de Água, em toda extensão do território municipal, consoante previsto no Plano Municipal de Saneamento Básico, mediante aquele planejamento, bem como através da operação e da manutenção das unidades integrantes dos sistemas físicos já existentes e da construção de novas; Concorrência; 02/02/2018 10:01; 15/12/2017; Concessão; MELHOR PRECO E TECNICA; 10/04/2018; HOMOLOGADO; -; 14/12/2017; 02/02/2018; -; Concorrência; -; -
 PREFEITURA MUNICIPAL BALNEÁRIO GAIVOTA;71;2017;71;2017; O presente processo visa à Contratação de serviços de aquisição de materiais esportivos diversos para manutenção da Secretaria Municipal de Turismo, Cultura e Esporte e para a prática das aulas de Educação Física dos alunos da rede municipal de ensino infantil e fundamental, conforme tabela em anexo esportivas do projeto Viva Verão 2018, e durante os eventos da temporada do ano de 2018, conforme detalhamento em Termo de Referência; Convite; 21/12/2017 08:01; 13/12/2017; Compras e Serviços; MENOR PRECO POR ITEM; 27/12/2017; HOMOLOGADO; -; 13/12/2017; 21/12/2017; -; Convite; -; -
 PREFEITURA MUNICIPAL BALNEÁRIO GAIVOTA;70;2017;70;2017; O presente PREGÃO PRESENCIAL tem como objeto o Contratação de empresa do ramo pertinente para o fornecimento de materiais de limpeza e higiene, para o atendimento da Secretaria de Administração e Finanças, das unidades de Educação Infantil as unidades de Ensino Fundamental e Secretaria de Desenvolvimento Social do Município, durante o exercício de 2018. para serem fornecidos de forma parcelada, conforme Especificações Técnicas.; Pregão presencial; 29/12/2017 10:16; 14/12/2017; Compras e Serviços; MENOR PRECO POR ITEM; 29/12/2017; HOMOLOGADO; -; 13/12/2017; 29/12/2017; -; Pregão presencial; -; -
 PREFEITURA MUNICIPAL BALNEÁRIO GAIVOTA;69;2017;69;2017; O presente PREGÃO PRESENCIAL tem como objeto o fornecimento parcelado de gêneros alimentícios, destinados as secretarias municipais e a manutenção da merenda escolar nas escolas de ensino fundamental, alimentação nos centros de educação infantil - CEIs e serviço de convivência e fortalecimento de vínculos, do Município, durante o exercício de 2018. para serem fornecidos de forma parcelada, conforme Especificações Técnicas.; Pregão presencial; 29/12/2017 08:15; 29/12/2017; Compras e Serviços; MENOR PRECO POR ITEM; 29/12/2017; HOMOLOGADO; -; 13/12/2017; 29/12/2017; -; Pregão presencial; -; -
 PREFEITURA MUNICIPAL BALNEÁRIO GAIVOTA;68;2017;68;2017; O presente PREGÃO PRESENCIAL tem como objeto o Fornecimento de material de expediente para suprir as necessidades da Secretaria de Administração e Finanças, Secretaria de Arrecadação Municipal, Secretaria de Educação e material escolar de distribuição gratuita para a rede municipal de ensino, para o exercício de 2018. para serem fornecidos de forma parcelada, conforme Especificações Técnicas.; Pregão presencial; 28/12/2017 14:01; 14/12/2017; Compras e Serviços; MENOR PRECO POR ITEM; 28/12/2017; HOMOLOGADO; -; 13/12/2017; 28/12/2017; -; Pregão presencial; -; -
 PREFEITURA MUNICIPAL BALNEÁRIO GAIVOTA;67;2017;67;2017; O presente edital tem por objetivo selecionar a melhor proposta para a CONTRATAÇÃO DE EMPRESA PARA PRESTAÇÃO DE SERVIÇOS TÉCNICOS ESPECIALIZADOS NA MANUTENÇÃO NO SISTEMA DE ILUMINAÇÃO PÚBLICA MUNICIPAL, através de empresa do ramo pertinente, obedecendo integralmente às condições, quantidades e exigências estabelecidas neste Edital e seus anexos.; Pregão presencial; 28/12/2017 13:30; 14/12/2017; Contratação de serviços; MENOR PRECO POR ITEM; 23/01/2018; HOMOLOGADO; -; 13/12/2017; 28/12/2017; -; Pregão presencial; -; -
 PREFEITURA MUNICIPAL BALNEÁRIO GAIVOTA;66;2017;66;2017; O presente PREGÃO PRESENCIAL tem como objeto a contratação de empresa do ramo pertinente para o fornecimento de materiais elétricos, destinados a manutenção da rede de iluminação pública do município, conforme especificações e quantitativos apresentados no anexo I, que integra este edital.; Pregão presencial; 28/12/2017 10:00; 14/12/2017; Compras e Serviços; MENOR PRECO POR ITEM; -; REVOGADO; -; 13/12/2017; 28/12/2017; 29/12/2017; Pregão presencial; -; -
 PREFEITURA MUNICIPAL BALNEÁRIO GAIVOTA;65;2017;65;2017; O presente PREGÃO PRESENCIAL tem como objeto a Contratação de empresa do ramo pertinente especializada para a locação, montagem e desmontagem de sanitários ecológicos, por diária, para atender as necessidades dos eventos realizados no projeto no exercício de 2018, conforme Especificações Técnicas.; Pregão presencial; 28/12/2017 09:00; 13/12/2017; Contratação de serviços; MENOR PRECO POR ITEM; 28/12/2017; HOMOLOGADO; -; 12/12/2017; 28/12/2017; -; Pregão presencial; -; -
 PREFEITURA MUNICIPAL BALNEÁRIO GAIVOTA;64;2017;64;2017; O presente edital tem por objetivo selecionar a melhor proposta para a Contratação de serviço de publicidade legal em jornal impresso de circulação diária no Município de Balneário Gaivota, para edição e publicação de atos oficiais do Município (leis, decretos, extratos em geral, editais licitatórios, e demais atos oficiais), para o exercício de 2018, estimado num total de 12.000 (doze mil) cm/col, através de empresa do ramo pertinente, obedecendo integralmente às condições,; Pregão presencial; 27/12/2017 10:01; 13/12/2017; Contratação de serviços; MENOR PRECO POR ITEM; 17/01/2018; HOMOLOGADO; -; 12/12/2017; 27/12/2017; -; Pregão presencial; -; -
 PREFEITURA MUNICIPAL BALNEÁRIO GAIVOTA;63;2017;63;2017; O presente edital tem por objetivo selecionar a melhor proposta para a Aquisição de combustíveis (Gasolina Comum, Gasolina Aditivada, Diesel Comum e Diesel S10) e aditivo Arla 32 para manutenção da Frota Municipal durante o exercício de 2018, através de empresa do ramo pertinente, obedecendo integralmente às condições, quantidades e exigências estabelecidas neste Edital e seus anexos.; Pregão presencial; 27/12/2017 09:01; 13/12/2017; Compras e Serviços; MENOR PRECO POR ITEM; 27/12/2017; HOMOLOGADO; -; 12/12/2017; 27/12/2017; -; Pregão presencial; -; -
 PREFEITURA MUNICIPAL BALNEÁRIO GAIVOTA;62;2017;62;2017; O presente processo visa à Contratação de empresa especializada para locação, montagem e desmontagem de tendas, palco e palanque de Surf para atender necessidades da secretaria de Turismo, Cultura e Esporte, durante os eventos da temporada do ano de 2018, conforme detalhamento em Termo de Referência (anexo I).; Convite; 19/12/2017 09:01; 11/12/2017; Contratação de serviços; MENOR PREÇO GLOBAL; 20/12/2017; HOMOLOGADO; -; 11/12/2017; 19/12/2017; -; Convite; -; -
 PREFEITURA MUNICIPAL BALNEÁRIO GAIVOTA;61;2017;61;2017; O presente processo visa à Aquisição de troféus e medalhas para os campeonatos de futebol e atividades esportivas do Projeto Viva Verão 2018 e outros eventos, conforme detalhamento em Termo de Referência (anexo I).; Convite; 19/12/2017 08:01; 11/12/2017; Compras e Serviços; MENOR PRECO POR ITEM; 22/12/2017; HOMOLOGADO; -; 11/12/2017; 19/12/2017; -; Convite; -; -
 PREFEITURA MUNICIPAL BALNEÁRIO GAIVOTA;60;2017;60;2017; Contratação de shows artísticos com a banda INDÚSTRIA NACIONAL E SOCIEDADE DO PAGODE, que se realizará nos dias 31 de Dezembro de 2017, 18 de Janeiro de 2017, 10,11,12 e 13 de fevereiro de 2018, visando a realização do Reveillon 2018 e CarnaGaivota 2018, no município de Balneário Gaivota.; Inexigibilidade de licitação; -; 12/12/2017; Contratação de serviços; MENOR PRECO POR ITEM; 11/12/2017; HOMOLOGADO; -; 11/12/2017;  - ; -; Inexigibilidade de licitação; -; -
 PREFEITURA MUNICIPAL BALNEÁRIO GAIVOTA;59;2017;59;2017; Contratação de empresa de assessoria técnica para a execução de serviços de organização, planejamento e realização de Concurso Público para preenchimento de vagas em caráter efetivo, com a elaboração, impressão e aplicação de provas para os cargos do quadro de pessoal nas diversas Secretarias da Prefeitura Municipal de Balneário Gaivota.; Dispensa de licitação; -; 12/12/2017; Contratação de serviços; MELHOR PRECO E TECNICA; 11/12/2017; HOMOLOGADO; -; 11/12/2017;  - ; -; Dispensa de licitação; -; -
 PREFEITURA MUNICIPAL BALNEÁRIO GAIVOTA;58;2017;58;2017; Contratação de serviços de arbitragem, mesários e apoio técnico, com frete, quando necessário, destinados a atender os campeonatos e atividades esportivas do projeto Viva Verão 2018, e durante os eventos da temporada do ano de 2018, conforme detalhamento em Termo de Referência (anexo I).; Convite; 12/12/2017 09:01; 05/12/2017; Contratação de serviços; MENOR PRECO POR ITEM; 15/12/2017; HOMOLOGADO; -; 05/12/2017; 12/12/2017; -; Convite; -; -
 PREFEITURA MUNICIPAL BALNEÁRIO GAIVOTA;57;2017;57;2017; Locação de um imóvel medindo 150m², constituído do lote número 08 da quadra VV, situado à Rua Valdomiro Jose Homem, nº 857, Itapuã, Balneário Gaivota, o qual servirá para a instalação do serviço de convivência e fortalecimento de vínculos - SCFV, para o exercício de 2018; Dispensa de licitação; -; 06/12/2017; Contratação de serviços; MENOR PRECO POR ITEM; 05/12/2017; HOMOLOGADO; -; 05/12/2017;  - ; -; Dispensa de licitação; -; -
 PREFEITURA MUNICIPAL BALNEÁRIO GAIVOTA;56;2017;56;2017; Locação de um imóvel situado na 3ª Avenida, nº 600, esquina com a Rua Ângelo Isoppo, Bairro Santa Rita de Cássia, Balneário Gaivota - SC, o qual servirá para instalação do Centro de Referência de Assistência Social - CRAS e serviços inerentes, durante o ano exercício de 2018.; Dispensa de licitação; -; 06/12/2017; Contratação de serviços; MENOR PRECO POR ITEM; 05/12/2017; HOMOLOGADO; -; 05/12/2017;  - ; -; Dispensa de licitação; -; -
 PREFEITURA MUNICIPAL BALNEÁRIO GAIVOTA;55;2017;55;2017; O presente Pregão tem como objeto a contratação de empresa especializada (Instituição de Ensino Superior ou Empresa Vinculada que ofereça Ensino Superior) visando à realização de PROCESSO SELETIVO destinado ao provimento dos cargos do Quadro de Pessoal do da Secretaria de Educação Município, especificados no Anexo I deste edital, incluindo todos os procedimentos administrativos necessários e exigidos para seu planejamento, organização, elaboração, execução e aplicação, conforme descrito no; Pregão presencial; 20/12/2017 10:00; 06/12/2017; Contratação de serviços; MENOR PRECO POR ITEM; 20/12/2017; HOMOLOGADO; -; 05/12/2017; 20/12/2017; -; Pregão presencial; -; -
 PREFEITURA MUNICIPAL BALNEÁRIO GAIVOTA;54;2017;54;2017; Esta licitação tem por objeto a contratação de empresa do ramo pertinente para a execução de Ampliação da Delegacia de Policia Civil, com bloco para sala administgrativa, com uma área total de15m²,  conforme projetos, memorial descritivo, planilha estimativa de quantitativos e custos e cronograma físico-financeiro anexos.; Convite; 05/12/2017 08:01; 23/11/2017; Obras e Serviços de Engenharia; MENOR PREÇO; 08/12/2017; HOMOLOGADO; -; 23/11/2017; 05/12/2017; -; Convite; -; -
 PREFEITURA MUNICIPAL BALNEÁRIO GAIVOTA;53;2017;53;2017; Locação de uma casa de alvenaria medindo 94,36 m² (noventa e quatro metros quadrados e trinta e seis centésimos de metros quadrados), constituído do lote numero 24 (vinte e quatro) da quadra numero 35 (trinta e cinco), Rua Piauí, Bairro Turimar, Balneário Gaivota - SC e servirá para instalação da Secretária Municipal de Esporte e Turismo no exercício de 2018.; Dispensa de licitação; -; 23/11/2017; Contratação de serviços; MENOR PRECO POR ITEM; 23/11/2017; HOMOLOGADO; -; 23/11/2017;  - ; -; Dispensa de licitação; -; -
 PREFEITURA MUNICIPAL BALNEÁRIO GAIVOTA;52;2017;52;2017; Locação de um depósito com 200 m², no imóvel situado na Rua dos coqueiros, loteamento Santo Antônio II, Lagoa de Fora, Balneário Gaivota, que servirá para instalação do almoxarifado central da secretaria De obras, Durante o exercício de 2018.; Dispensa de licitação; -; 23/11/2017; Contratação de serviços; MENOR PRECO POR ITEM; 23/11/2017; HOMOLOGADO; -; 23/11/2017;  - ; -; Dispensa de licitação; -; -
 PREFEITURA MUNICIPAL BALNEÁRIO GAIVOTA;51;2017;51;2017; Locação de duas salas comerciais, totalizando em 70 m², no imóvel situado no lote 15 (quinze) da quadra 16 A (dezesseis-a),  Avenida Santa Catarina, nº 282, Bairro Praia Gaivota, Balneário Gaivota - SC, que servirá para instalação da Biblioteca Pública Municipal e do Tele Centro Comunitário, durante o exercício de 2018.; Dispensa de licitação; -; 23/11/2017; Contratação de serviços; MENOR PRECO POR ITEM; 23/11/2017; HOMOLOGADO; -; 23/11/2017;  - ; -; Dispensa de licitação; -; -
 PREFEITURA MUNICIPAL BALNEÁRIO GAIVOTA;50;2017;50;2017; Locação de uma sala comercial com 67m², constituída do lote número 17 da quadra Q-A, localizado na Rod. SC 485, n° 4.000, sala nº 01, Lagoa de Fora, Balneário Gaivota - SC, para instalação do Secretaria de Agricultura, durante o exercício de 2018.; Dispensa de licitação; -; 23/11/2017; Contratação de serviços; MENOR PRECO POR ITEM; 23/11/2017; HOMOLOGADO; -; 23/11/2017;  - ; -; Dispensa de licitação; -; -
 PREFEITURA MUNICIPAL BALNEÁRIO GAIVOTA;49;2017;49;2017; O presente processo visa a contratação de empresa especializada em fogos e artifícios para realização de show pirotécnico na orla marítima, com no mínimo 11 minutos de duração, para o Reveillon 2017/2018, com fornecimento de materiais conforme Termo de Referência.; Convite; 01/12/2017 12:01; 23/11/2017; Compras e Serviços; MENOR PRECO POR ITEM; 06/12/2017; HOMOLOGADO; -; 23/11/2017; 01/12/2017; -; Convite; -; -
 PREFEITURA MUNICIPAL BALNEÁRIO GAIVOTA;48;2017;48;2017; ESSE PROCESSO TEM COMO OBJETO A PRESTAÇÃO DE SERVIÇOS DE LOCAÇÃO COM MONTAGEM E DESMONTAGEM DE PIRÂMIDES, DIVISÓRIAS, SISTEMA DE SONORIZAÇÃO E ILUMINAÇÃO, PALCO E OUTROS, PARA A IIª FEIRA AGROPECUÁRIA, DO DIA 30 DE NOVEMBRO A 03 DE DEZEMBRO DE 2017, NO CTG SUL CATARINENSE EM BALNEÁRIO GAIVOTA.; Convite; 24/11/2017 11:01; 17/11/2017; Contratação de serviços; MENOR PRECO POR ITEM; 24/11/2017; HOMOLOGADO; -; 17/11/2017; 24/11/2017; -; Convite; -; -
 PREFEITURA MUNICIPAL BALNEÁRIO GAIVOTA;47;2017;47;2017;" PERMISSÃO remunerada de uso de pontos comerciais (trailers, food trucks, towners e congêneres) localizados à Avenida beira mar, no município de Balneário Gaivota, para temporade de 2017/2018;"; Outras Modalidades; 01/12/2017 10:01; 30/10/2017; Concessão; MELHOR PRECO E TECNICA; -; AGUARDANDO; -; 27/10/2017; 01/12/2017; -; Outras Modalidades; -; -
 PREFEITURA MUNICIPAL BALNEÁRIO GAIVOTA;46;2017;46;2017; AQUISIÇÃO DE VEÍCULO AUTOMOTOR ZERO QUILÔMETRO, TIPO SUV, ANO DE FABRICAÇÃO/MODELO 2017/2018, PARA COMPOR A FROTA DA POLÍCIA CIVIL DE BALNEÁRIO GAIVOTA, para ser fornecido, conforme Especificações Técnicas; Pregão presencial; 08/11/2017 11:00; 26/10/2017; Compras e Serviços; MENOR PRECO POR ITEM; 08/11/2017; HOMOLOGADO; -; 25/10/2017; 08/11/2017; -; Pregão presencial; -; -
 PREFEITURA MUNICIPAL BALNEÁRIO GAIVOTA;45;2017;45;2017; Esta Licitação tem por objeto a Execução de pavimentação em 1.320,00 metros quadrados de estacionamento com lajota em concreto, do Complexo Esportivo de Balneário Gaivota - SC, 2ª Etapa, conforme projetos, memoriais descritivos, planilhas orçamentárias de quantitativos, custos e cronogramas físicos e financeiros em anexo; Tomada de Preço; 13/11/2017 10:01; 26/10/2017; Obras e Serviços de Engenharia; MENOR PREÇO GLOBAL; 21/11/2017; HOMOLOGADO; -; 25/10/2017; 13/11/2017; -; Tomada de Preço; -; -
 PREFEITURA MUNICIPAL BALNEÁRIO GAIVOTA;44;2017;44;2017; Esta Licitação tem por objeto a pavimentação com brita graduada das rodovias jorge floriano borges -Trecho 04, e Almiro Manoel de Souza, no município de Balneário Gaivota, conforme projetos, memoriais descritivos, planilhas orçamentárias de quantitativos, custos e cronogramas físicos e financeiros em anexo.; Tomada de Preço; 31/10/2017 10:00; 11/10/2017; Obras e Serviços de Engenharia; MENOR PREÇO GLOBAL; 10/11/2017; HOMOLOGADO; -; 10/10/2017; 31/10/2017; -; Tomada de Preço; -; -
 PREFEITURA MUNICIPAL BALNEÁRIO GAIVOTA;43;2017;43;2017; Contratação especializada de serviços de engenharia de sondagem à percussão em terrenos públicos, ruas, avenidas e rodovias múnicipais, conforme Especificações Técnicas anexo ao edital.; Convite; 16/10/2017 12:01; 05/10/2017; Obras e Serviços de Engenharia; MENOR PREÇO GLOBAL; 19/10/2017; HOMOLOGADO; -; 05/10/2017; 16/10/2017; -; Convite; -; -
 PREFEITURA MUNICIPAL BALNEÁRIO GAIVOTA;42;2017;42;2017; O presente processo visa à contratação de empresa do ramo pertinente para eventual e futura contratação da prestação de serviços de borracharia para uso pela as Secretarias do poder executivo municipal, durante o ultimo trimestre do exercício de 2017.; Convite; 06/10/2017 11:01; 29/09/2017; Contratação de serviços; MENOR PRECO POR ITEM; 11/10/2017; HOMOLOGADO; -; 29/09/2017; 06/10/2017; -; Convite; -; -
 PREFEITURA MUNICIPAL BALNEÁRIO GAIVOTA;41;2017;41;2017; PREGÃO PRESENCIAL, do tipo menor preço por item, objetivando a aquisição de pneus novos de 1ª linha, nas condições fixadas no Edital.; Pregão presencial; 16/10/2017 11:00; 28/09/2017; Compras e Serviços; MENOR PRECO POR ITEM; 16/10/2017; HOMOLOGADO; -; 28/09/2017; 16/10/2017; -; Pregão presencial; -; -
 PREFEITURA MUNICIPAL BALNEÁRIO GAIVOTA;40;2017;40;2017; O presente PREGÃO PRESENCIAL tem como objeto a AQUISIÇÃO DE ADUBOS PARA CORREÇÃO DE SOLO. para serem fornecidos de forma parcelada, conforme Especificações Técnicas.; Pregão presencial; 21/09/2017 10:01; 06/09/2017; Compras e Serviços; MENOR PRECO POR ITEM; 21/09/2017; HOMOLOGADO; -; 06/09/2017; 21/09/2017; -; Pregão presencial; -; -
 PREFEITURA MUNICIPAL BALNEÁRIO GAIVOTA;39;2017;39;2017; O presente PREGÃO PRESENCIAL tem como objeto a contratação de empresa do ramo pertinente para o fornecimento de materiais elétricos, destinados a manutenção da rede de iluminação pública do município, conforme especificações e quantitativos apresentados no anexo I, que integra este edital.; Pregão presencial; 13/09/2017 11:00; 29/08/2017; Compras e Serviços; MENOR PRECO POR ITEM; 13/09/2017; HOMOLOGADO; -; 29/08/2017; 13/09/2017; -; Pregão presencial; -; -
 PREFEITURA MUNICIPAL BALNEÁRIO GAIVOTA;38;2017;38;2017; O presente PREGÃO PRESENCIAL tem como objeto a aquisição parcelada de cestas básicas para o cumprimento da lei municipal n° 947 de 12/07/2017, conforme descrito e especificado no ANEXO I - Termo de Referência.; Pregão presencial; 13/09/2017 09:00; 29/08/2017; Compras e Serviços; MENOR PRECO POR ITEM; 13/09/2017; HOMOLOGADO; -; 29/08/2017; 13/09/2017; -; Pregão presencial; -; -
 PREFEITURA MUNICIPAL BALNEÁRIO GAIVOTA;37;2017;37;2017; Aquisição de cargas de gás de cozinha - GLP em botijão de 13kg e água mineral em galão de 20 litros, com fornecimento contínuo e fracionado, conforme demanda, diretamente nas escolas municipais, nas creches, nas unidades de saúde e na prefeitura municipal.; Pregão presencial; 28/08/2017 10:01; 14/08/2017; Compras e Serviços; MENOR PRECO POR ITEM; 28/08/2017; HOMOLOGADO; -; 14/08/2017; 28/08/2017; -; Pregão presencial; -; -
 PREFEITURA MUNICIPAL BALNEÁRIO GAIVOTA;36;2017;36;2017; O presente PREGÃO PRESENCIAL tem como objeto a AQUISIÇÃO DE ADUBOS PARA CORREÇÃO DE SOLO. para serem fornecidos de forma parcelada, conforme Especificações Técnicas.; Pregão presencial; 04/08/2017 10:01; -; Compras e Serviços; MENOR PRECO POR ITEM; -; REVOGADO; -; 24/07/2017; 04/08/2017; 04/08/2017; Pregão presencial; -; -
 PREFEITURA MUNICIPAL BALNEÁRIO GAIVOTA;35;2017;35;2017; Aquisição de gêneros alimentícios da agricultura familiar e empreendedor familiar rural para atender os alunos matriculados nas escolas de Educação Infantil e Fundamental da Rede Municipal de Ensino, para o segundo semestre de 2017.; Dispensa de licitação; -; -; Compras e Serviços; MENOR PRECO POR ITEM; 11/07/2017; HOMOLOGADO; -; 11/07/2017;  - ; -; Dispensa de licitação; -; -
 PREFEITURA MUNICIPAL BALNEÁRIO GAIVOTA;34;2017;34;2017; A presente Dispensa tem por objeto a prestação de serviços na função de Facilitadora de Oficina de Dança e Movimento com idosos, incluindo caminhadas e ginástica, em atendimento as atividades de convivência e fortalecimento de vínculos no âmbito do Fundo Municipal da Assistência Social do município de Balneário Gaivota.; Dispensa de licitação; -; -; Contratação de serviços; MENOR PRECO POR ITEM; 13/06/2017; HOMOLOGADO; -; 13/06/2017;  - ; -; Dispensa de licitação; -; -
 PREFEITURA MUNICIPAL BALNEÁRIO GAIVOTA;33;2017;33;2017; O presente PREGÃO PRESENCIAL tem como objeto a AQUISIÇÃO DE CALCÁRIO E ADUBOS PARA CORREÇÃO DE SOLO. para serem fornecidos de forma parcelada, conforme Especificações Técnicas.; Pregão presencial; 22/06/2017 10:01; 07/06/2017; Compras e Serviços; MENOR PRECO POR ITEM; 22/06/2017; HOMOLOGADO; -; 07/06/2017; 22/06/2017; -; Pregão presencial; -; -
 PREFEITURA MUNICIPAL BALNEÁRIO GAIVOTA;32;2017;32;2017; O presente PREGÃO PRESENCIAL tem como objeto a Aquisição de móveis, eletrodomésticos e equipamentos de informática, para contemplar a creche modelo estabelecida no município para serem fornecidos, conforme Especificações Técnicas.; Pregão presencial; 20/06/2017 10:01; 05/06/2017; Compras e Serviços; MENOR PRECO POR ITEM; 20/06/2017; HOMOLOGADO; -; 05/06/2017; 20/06/2017; -; Pregão presencial; -; -
 PREFEITURA MUNICIPAL BALNEÁRIO GAIVOTA;31;2017;31;2017; O presente processo visa à Aquisição parcelada de peças e serviços de mão-de-obra para a manutenção dos veículos de placas: MDB-6162, LYS-1618 e MCC-4850, da Secretaria de Obras e serviços urbanos, atendendo as necessidades da mesma durante o exercício de 2017, em conformidade com as especificações e quantitativos prescritos no Anexo I - Termo de Referencia.; Convite; 31/05/2017 08:01; 25/05/2017; Compras e Serviços; MENOR PREÇO; 05/06/2017; HOMOLOGADO; -; 25/05/2017; 31/05/2017; -; Convite; -; -
 PREFEITURA MUNICIPAL BALNEÁRIO GAIVOTA;30;2017;30;2017; O presente processo visa à contratação de empresa para prestação de serviços de Assessoria Jurídica especializada ou com experiência comprovada em ações trabalhistas  e em tramitação perante o Tribunal Regional do trabalho da 12ª Região e Tribunal de Justiça do estado de Santa Catarina bem como acompanhamento de procedimentos perante o ministério público do trabalho, durante o exercício de 2017.; Convite; 26/05/2017 11:01; 19/05/2017; Compras e Serviços; MENOR PRECO POR ITEM; 31/05/2017; HOMOLOGADO; -; 19/05/2017; 26/05/2017; -; Convite; -; -
 PREFEITURA MUNICIPAL BALNEÁRIO GAIVOTA;29;2017;29;2017; AQUISIÇÃO DE VIATURA ZERO KM, ANO/MODELO 2017, TIPO SUV, COM TODOS OS EQUIPAMENTOS ESSENCIAIS, no atendimento a Polícia Militar de Balneário Gaivota, obedecendo integralmente as condições previstas neste edital.; Pregão presencial; 23/05/2017 10:01; 11/05/2017; Compras e Serviços; MENOR PRECO POR ITEM; 23/05/2017; HOMOLOGADO; -; 10/05/2017; 23/05/2017; -; Pregão presencial; -; -
 PREFEITURA MUNICIPAL BALNEÁRIO GAIVOTA;28;2017;28;2017; O presente processo visa a proposta mais vantajosa a fim de contratar empresa do ramo pertinente para a prestação de serviços de arbitragem de futebol de campo, federada à Federação Catarinense de futebol, atendendo a secretaria municipal de turismo, cultura e esporte, ao campeonato municipal de futebol de campo amador 2017, conforme especificações descritas no Anexo I deste Edital.; Pregão presencial; 17/05/2017 10:01; 08/05/2017; Contratação de serviços; MENOR PRECO POR ITEM; 17/05/2017; HOMOLOGADO; -; 08/05/2017; 17/05/2017; -; Pregão presencial; -; -
 PREFEITURA MUNICIPAL BALNEÁRIO GAIVOTA;27;2017;27;2017; Esse processo tem por objeto a escolha da proposta mais vantajosa para a contratação de empresa especializada de serviços de engenharia para a execução de drenagem na Avenida Santa Catarina e Recuperação Alsfáltica em Perímetro Urbano de Balneário Gaivota, conforme projetos, memoriais descritivos, planilhas orçamentárias de quantitativos, custos e cronogramas físicos e financeiros anexo a este Edital.; Convite; 05/05/2017 09:01; 27/04/2017; Obras e Serviços de Engenharia; MENOR PRECO POR ITEM; 10/05/2017; HOMOLOGADO; -; 27/04/2017; 05/05/2017; -; Convite; -; -
 PREFEITURA MUNICIPAL BALNEÁRIO GAIVOTA;26;2017;26;2017; Esse processo tem como objetivo selecionar a melhor proposta com fornecimento para as eventuais recuperações de meio fio, bocas de lobo, lajotas sextavadas e piso hidráulico, auxiliando a manutenção das vias municipais, visando atender as necessidades da secretaria de obras e serviços urbanos, conforme especificações e quantidades descritas no Anexo I deste Edital.; Convite; 04/05/2017 11:01; 26/04/2017; Contratação de serviços; MENOR PRECO POR ITEM; 10/05/2017; HOMOLOGADO; -; 26/04/2017; 04/05/2017; -; Convite; -; -
 PREFEITURA MUNICIPAL BALNEÁRIO GAIVOTA;25;2017;25;2017; O presente processo visa a proposta mais vantajosa para a aquisição de premiações para o campeonato municipal de futebol amador 2017 e outros eventos, conforme especificações constantes do Anexo I que integra este edital.; Convite; 04/05/2017 08:31; 25/04/2017; Compras e Serviços; MENOR PRECO POR ITEM; 10/05/2017; HOMOLOGADO; -; 25/04/2017; 04/05/2017; -; Convite; -; -
 PREFEITURA MUNICIPAL BALNEÁRIO GAIVOTA;24;2017;24;2017; Esse processo tem por objeto a escolha da proposta mais vantajosa para a contratação de empresa especializada de serviços de engenharia para a execução de drenagem e reestruturação urbana com serviços complementares na Avenida Beira Mar em Balneário Gaivota, conforme projetos, memoriais descritivos, planilhas orçamentárias de quantitativos, custos e cronogramas físicos e financeiros anexo a este Edital.; Convite; 02/05/2017 11:01; 24/04/2017; Obras e Serviços de Engenharia; MENOR PRECO POR ITEM; 10/05/2017; HOMOLOGADO; -; 24/04/2017; 02/05/2017; -; Convite; -; -
 PREFEITURA MUNICIPAL BALNEÁRIO GAIVOTA;23;2017;23;2017; Esse processo tem como objeto eventual fornecimento de areia para aterro, para uso em manutenção das vias municipais, visando atender as necessidades da Secretaria de Obras e Serviços Urbanos, conforme especificações e quantidades descritas no Anexo I deste Edital; Convite; 02/05/2017 09:01; -; Compras e Serviços; MENOR PRECO POR ITEM; -; AGUARDANDO; -; 24/04/2017; 02/05/2017; -; Convite; -; -
 PREFEITURA MUNICIPAL BALNEÁRIO GAIVOTA;22;2017;22;2017; Este processo tem por objetivo a eventual aquisição de materiais e equipamentos de informática, destinados ao atendimento da Secretaria de Administração e Finanças, Secretaria de Educação e demais secretarias, durante o exercício de 2017, nas condições fixadas no Edital..; Pregão presencial; 09/05/2017 10:01; 25/04/2017; Compras e Serviços; MENOR PRECO POR ITEM; 09/05/2017; HOMOLOGADO; -; 24/04/2017; 09/05/2017; -; Pregão presencial; -; -
 PREFEITURA MUNICIPAL BALNEÁRIO GAIVOTA;21;2017;21;2017; AQUISIÇÃO DE 01 (UM) VEÍCULO ZERO KM, TIPO SUV e KIT DE ADAPTAÇÃO PARA VEÍCULO SUV no atendimento a Polícia Militar de Balneário Gaivota, para serem fornecidos, conforme Especificações Técnicas.; Pregão presencial; 03/05/2017 10:01; -; Compras e Serviços; MENOR PRECO POR ITEM; -; REVOGADO; -; 17/04/2017; 03/05/2017; 27/04/2017; Pregão presencial; -; -
 PREFEITURA MUNICIPAL BALNEÁRIO GAIVOTA;20;2017;20;2017; AQUISIÇÃO, IMPLANTAÇÃO DE SOLUÇAO E GERENCIA DE SISTEMA DE TELEFONIA DIGITAL IP (IP PABX) BASEADO EM SERVIDOR IP, CONTENDO SOFTWARE PARA GERENCIAMENTO DA PLATAFORMA IP, COMUNICAÇÃO E GATWAYS DE VOZ SOBRE IP PARA COMPOR A SOLUÇAO, MELHORA,VIABILIZAÇÃO DE INTEGRAÇÃO DO SISTEMA DE TELEFONIA DE ÓRGÃOS E ENTIDADES DA ADMINISTRAÇÃO PÚBLICA, COMPREENDENDO FORNECIMENTO, INSTALAÇÃO, MANUTENÇÃO PERIODICA, TRANSFERENCIA DE TECNOLOGIA, SOLUÇAO EFICAZ E GARANTIA DE FUNCIONAMENTO E EQUIPAMENTOS EM COMODATO PA; Pregão presencial; 02/05/2017 10:01; 18/04/2017; Contratação de serviços; MENOR PRECO POR ITEM; 02/05/2017; HOMOLOGADO; -; 17/04/2017; 02/05/2017; -; Pregão presencial; -; -
 FUNDO MUNICIPAL SAÚDE BALNEÁRIO GAIVOTA;20;2017;20;2017; Locação de um imóvel situado na Rua Borges de Medeiros, nº 275,  Bairro Praia Gaivota, Balneário Gaivota - SC, que servirá para o funcionamento da terceira equipe Estratégia da Saúde da Família - ESF, no exercício de 2018.; Dispensa de licitação; -; 13/12/2017; Compras e Serviços; MENOR PREÇO; 06/12/2017; HOMOLOGADO; -; 06/12/2017;  - ; -; Dispensa de licitação; -; -
 FUNDO MUNICIPAL SAÚDE BALNEÁRIO GAIVOTA;19;2017;19;2017; Prestação de serviços de capacitação profissional na atenção básica, com 20 horas, incluindo Certificado e todo material didático.; Dispensa de licitação; -; 06/11/2017; Contratação de serviços; MENOR PREÇO; 06/11/2017; HOMOLOGADO; -; 06/11/2017;  - ; -; Dispensa de licitação; -; -
 PREFEITURA MUNICIPAL BALNEÁRIO GAIVOTA;19;2017;19;2017; O presente Processo visa a contratação de empresa para recarga e fornecimento parcelados de cartuchos e toners originais, compativeis e remanufaturados, para manutenção da secretaria de administração e finanças e demais secretarias deste município, durante o exercício de 2017, obedecendo integralmente os termos da minuta contratual e planilha com especificações e quantidades do produto em anexo.; Convite; 04/04/2017 08:01; 28/03/2017; Compras e Serviços; MENOR PRECO POR ITEM; 07/04/2017; HOMOLOGADO; -; 28/03/2017; 04/04/2017; -; Convite; -; -
 PREFEITURA MUNICIPAL BALNEÁRIO GAIVOTA;18;2017;18;2017; O presente Processo visa a contratação de empresa para o fornecimento parcelado de Óleos Lubrificantes, Fluído para freios e graxa, para a manutenção da frota deste município, durante o exercício de 2017, obedecendo integralmente os termos da minuta contratual e planilha com especificações e quantidades do produto em anexo.; Convite; 31/03/2017 12:31; 24/03/2017; Compras e Serviços; MENOR PRECO POR ITEM; 05/04/2017; HOMOLOGADO; -; 24/03/2017; 31/03/2017; -; Licitação; -; -
 FUNDO MUNICIPAL SAÚDE BALNEÁRIO GAIVOTA;18;2017;18;2017; Execução de Reforma do Posto de Saúde em Alvenaria do Bairro Lagoa de Fora, no município de Balneário Gaivota.; Tomada de Preço; 17/11/2017 10:00; 30/10/2017; Obras e Serviços de Engenharia; MENOR PREÇO; 20/11/2017; HOMOLOGADO; -; 27/10/2017; 17/11/2017; -; Tomada de Preço; -; -
 PREFEITURA MUNICIPAL BALNEÁRIO GAIVOTA;17;2017;17;2017; Aquisição de pneus novos de 1.ª linha e câmaras de ar novas, que atendam as Normas da ABNT NBR5531, NBR6087 e NBR 6088 e detenham Certificado de Qualidade do INMETRO para veículos oficiais desta municipalidade, conforme especificações técnicas individuais constantes em anexo.; Pregão presencial; 06/04/2017 10:01; 27/03/2017; Compras e Serviços; MENOR PRECO POR ITEM; 06/04/2017; HOMOLOGADO; -; 24/03/2017; 06/04/2017; -; Pregão presencial; -; -
 FUNDO MUNICIPAL SAÚDE BALNEÁRIO GAIVOTA;17;2017;17;2017; O presente PREGÃO PRESENCIAL tem como objeto a AQUISIÇÃO DE MATERIAIS HOSPITALARES PARA AS UNIDADES DE SAÚDE MUNICIPAIS para serem fornecidos, conforme Especificações Técnicas.; Pregão presencial; 25/10/2017 10:01; 10/10/2017; Compras e Serviços; MENOR PRECO POR ITEM; 25/10/2017; HOMOLOGADO; -; 10/10/2017; 25/10/2017; -; Pregão presencial; -; -
 FUNDO MUNICIPAL SAÚDE BALNEÁRIO GAIVOTA;16;2017;16;2017; Aquisição de medicamentos para atender as necessidades das unidades de saúde do município, conforme relação em anexo; Dispensa de licitação; -; 06/09/2017; Compras e Serviços; MENOR PREÇO; 06/09/2017; HOMOLOGADO; -; 06/09/2017;  - ; -; Dispensa de licitação; -; -
 PREFEITURA MUNICIPAL BALNEÁRIO GAIVOTA;16;2017;16;2017; O presente processo tem por objetivo a contratação de pessoa física ou  Jurídica para o eventual fornecimento de varas de eucalipto in natura, totalizando 3.500 metros lineares, para auxilio na drenagem pluvial de ruas atendendo as necessidades da Secretaria de obras e serviços urbanos, conforme Planilha com especificações e quantidades do produto em anexo.; Convite; 30/03/2017 12:31; 23/03/2017; Compras e Serviços; MENOR PRECO POR ITEM; 04/04/2017; HOMOLOGADO; -; 23/03/2017; 30/03/2017; -; Convite; -; -
 PREFEITURA MUNICIPAL BALNEÁRIO GAIVOTA;15;2017;15;2017; O presente processo visa à contratação de empresa do ramo pertinente para o fornecimento de Janelas de alumínio com tela e Portas de alumínio com tela, para atender as necessidades da secretaria municipal de educação, em conformidade com as especificações prescritas no Anexo I - Termo de Referencia, que passa a fazer parte integra deste edital.; Convite; 30/03/2017 12:01; 23/03/2017; Compras e Serviços; MENOR PRECO POR ITEM; 04/04/2017; HOMOLOGADO; -; 23/03/2017; 30/03/2017; -; Convite; -; -
 FUNDO MUNICIPAL SAÚDE BALNEÁRIO GAIVOTA;15;2017;15;2017; O presente edital tem por objetivo selecionar a melhor proposta para a  AQUISIÇÃO DE VEÍCULO AUTOMOTOR ZERO QUILÔMETRO, COM CAPACIDADE MÍNIMA DE SETE LUGARES, ANO DE FABRICAÇÃO 2017, PARA COMPOR A FROTA DA SECRETARIA DE SAÚDE DE BALNEÁRIO GAIVOTA, através de empresa do ramo pertinente, obedecendo integralmente às condições, quantidades e exigências estabelecidas neste Edital e seus anexos; Pregão presencial; 20/09/2017 11:00; 04/09/2017; Compras e Serviços; MENOR PREÇO; 20/09/2017; HOMOLOGADO; -; 04/09/2017; 20/09/2017; -; Pregão presencial; -; -
 PREFEITURA MUNICIPAL BALNEÁRIO GAIVOTA;14;2017;14;2017; Contratação de empresa do ramo pertinente para Fornecimento parcelado de materiais de construção diversos para atender as necessidade da Secretaria de Obras e Serviços Urbanos e demais secretarias municipais durante o ano de 2017, obedecendo integralmente os termos da minuta contratual e Planilha com especificações e quantidades do produto em anexo; Convite; 21/03/2017 12:01; 14/03/2017; Compras e Serviços; MENOR PRECO POR ITEM; 24/03/2017; HOMOLOGADO; -; 14/03/2017; 21/03/2017; -; Convite; -; -
 FUNDO MUNICIPAL SAÚDE BALNEÁRIO GAIVOTA;14;2017;14;2017; Contratação da Prestação de serviços médicos diversos como ultra-sonografias, consultas médicas, raio-x, tomografias computadorizadas e demais serviços médicos complementares.; Dispensa de licitação; -; 05/09/2017; Contratação de serviços; MENOR PREÇO; 30/08/2017; HOMOLOGADO; -; 30/08/2017;  - ; -; Dispensa de licitação; -; -
 PREFEITURA MUNICIPAL BALNEÁRIO GAIVOTA;13;2017;13;2017; Contratação de empresa do ramo pertinente, para a aquisição de peças e serviços de mão-de-obra para a Retroescavadeira Caterpillar 416e,  para atender as necessidades da Secretaria de Obras e Serviços Urbanos, em conformidade com as especificações e quantitativos prescritos no Anexo I - Termo de Referencia.; Convite; 21/03/2017 10:01; 14/03/2017; Compras e Serviços; MENOR PRECO POR ITEM; 24/03/2017; HOMOLOGADO; -; 14/03/2017; 21/03/2017; -; Convite; -; -
 FUNDO MUNICIPAL SAÚDE BALNEÁRIO GAIVOTA;13;2017;13;2017; O presente PREGÃO PRESENCIAL tem como objeto a prestação de serviços de transporte rodoviário interestadual de passageiros, a ser executado em regime de empreitada por preço unitário com veiculo do tipo van, conforme Especificações Técnicas.; Pregão presencial; 04/09/2017 10:01; 22/08/2017; Contratação de serviços; MENOR PRECO POR ITEM; 04/09/2017; HOMOLOGADO; -; 22/08/2017; 04/09/2017; -; Pregão presencial; -; -
 FUNDO MUNICIPAL SAÚDE BALNEÁRIO GAIVOTA;12;2017;12;2017; Aquisição de medicamentos para atender as necessidades das unidades de saúde do município, durante o segundo semestre de 2017, conforme relação em anexo.; Dispensa de licitação; -; 30/06/2017; Compras e Serviços; MENOR PREÇO; 30/06/2017; HOMOLOGADO; -; 30/06/2017;  - ; -; Dispensa de licitação; -; -
 PREFEITURA MUNICIPAL BALNEÁRIO GAIVOTA;12;2017;12;2017; Contratação de empresa do ramo pertinente objetivando o serviço de transporte de alunos da Rede Estadual e Municipal de Ensino, em linha especial durante o exercício de 2017; Pregão presencial; 27/03/2017 10:01; 15/03/2017; Contratação de serviços; MENOR PRECO POR ITEM; 27/03/2017; HOMOLOGADO; -; 14/03/2017; 27/03/2017; -; Pregão presencial; -; -
 PREFEITURA MUNICIPAL BALNEÁRIO GAIVOTA;11;2017;11;2017; Aquisição de pneus novos de 1.ª linha, câmaras de ar e protetores/colarinhos novos, que atendam as Normas da ABNT NBR5531, NBR6087 e NBR 6088 e detenham Certificado de Qualidade do INMETRO para veículos oficiais desta municipalidade, com no máximo 6 (seis) meses de fabricação à data do fornecimento, conforme especificações técnicas individuais constantes em anexo.; Pregão presencial; 16/03/2017 10:01; 06/03/2017; Compras e Serviços; MENOR PRECO POR ITEM; 16/03/2017; HOMOLOGADO; -; 03/03/2017; 16/03/2017; -; Pregão presencial; -; -
 FUNDO MUNICIPAL SAÚDE BALNEÁRIO GAIVOTA;11;2017;11;2017; Prestação de serviços de Diagnóstico em Laboratório Clínico no atendimento aos serviços de saúde ofertados pela Rede Municipal de Saúde, usando como referência os procedimentos e valores do Grupo 2, Subgrupo 2 da Tabela Unificada de Procedimentos SUS do Ministério da Saúde, conforme credenciamento na Chamada Pública nº 02/2017.; Inexigibilidade de licitação; -; 13/06/2017; Contratação de serviços; MENOR PREÇO; 13/06/2017; HOMOLOGADO; -; 13/06/2017;  - ; -; Inexigibilidade de licitação; -; -
 PREFEITURA MUNICIPAL BALNEÁRIO GAIVOTA;10;2017;10;2017; Contratação de empresa do ramo pertinente para o fornecimentos de placas de sinalização, placas em chapa de aço e pinturas de vias urbanas, de acordo com a LEI Nº 9.503, DE 23 DE SETEMBRO DE 1997, código de transito brasileiro, tal solicitação se faz necessário para atender a demanda da Secretaria Municipal de Obras e Serviços Urbanos, em conformidade com as especificações prescritas no Anexo I - Termo de Referencia, que passa a fazer parte integra deste edital.; Convite; 01/03/2017 10:01; 20/02/2017; Compras e Serviços; MENOR PRECO POR ITEM; 06/03/2017; HOMOLOGADO; -; 20/02/2017; 01/03/2017; -; Convite; -; -
 FUNDO MUNICIPAL SAÚDE BALNEÁRIO GAIVOTA;10;2017;10;2017; AQUISIÇÃO DE VEÍCULO AUTOMOTOR ZERO QUILÔMETRO, COM CAPACIDADE MÍNIMA DE SETE LUGARES, ANO DE FABRICAÇÃO 2017, PARA COMPOR A FROTA DA SECRETARIA DE SAÚDE DE BALNEÁRIO GAIVOTA; Pregão presencial; 21/06/2017 11:01; 06/06/2017; Compras e Serviços; MENOR PREÇO; 21/06/2017; HOMOLOGADO; -; 06/06/2017; 21/06/2017; -; Pregão presencial; -; -
 PREFEITURA MUNICIPAL BALNEÁRIO GAIVOTA;9;2017;9;2017; Aquisição de gêneros alimentícios da agricultura familiar e empreendedor familiar rural para atender os alunos matriculados nas escolas de Educação Infantil e Fundamental da Rede Municipal de Ensino, para o primeiro semestre de 2017.; Dispensa de licitação; -; 20/02/2017; Compras e Serviços; MENOR PRECO POR ITEM; 20/02/2017; HOMOLOGADO; -; 20/02/2017;  - ; -; Dispensa de licitação; -; -
 FUNDO MUNICIPAL SAÚDE BALNEÁRIO GAIVOTA;9;2017;9;2017; PREGÃO PRESENCIAL, do tipo menor preço por item, objetivando selecionar a melhor proposta para AQUISIÇÃO DE COMPUTADORES E EQUIPAMENTOS DE INFORMÁTICA PARA AS UNIDADES DE SAÚDE MUNICIPAIS, através de empresa do ramo pertinente, obedecendo integralmente às condições, quantidades e exigências estabelecidas neste Edital e seus anexos; Pregão presencial; 16/06/2017 10:00; 30/05/2017; Compras e Serviços; MENOR PREÇO; 16/06/2017; HOMOLOGADO; -; 30/05/2017; 16/06/2017; -; Pregão presencial; -; -
 PREFEITURA MUNICIPAL BALNEÁRIO GAIVOTA;8;2017;8;2017; Contratação de empresa do ramo pertinente para a prestação de serviço de transporte de alunos da Rede Estadual e Municipal de Ensino, durante o exercício de 2017. Por Quilômetro rodado, conforme Especificações Técnicas.; Pregão presencial; 08/03/2017 10:00; 21/02/2017; Contratação de serviços; MENOR PRECO POR ITEM; 08/03/2017; HOMOLOGADO; -; 20/02/2017; 08/03/2017; -; Pregão presencial; -; -
 FUNDO MUNICIPAL SAÚDE BALNEÁRIO GAIVOTA;8;2017;8;2017; A presente licitação tem por objeto a aquisição de equipamentos e materiais permanentes para as Unidades Básicas de Saúde deste município, conforme especificações constantes do anexo I que integra este edital.; Pregão presencial; 21/06/2017 09:00; 30/05/2017; Compras e Serviços; MENOR PRECO POR ITEM; 21/06/2017; HOMOLOGADO; -; 30/05/2017; 21/06/2017; -; Pregão presencial; -; -
 PREFEITURA MUNICIPAL BALNEÁRIO GAIVOTA;7;2017;7;2017; Fornecimento de materiais esportivos diversos para manutenção da Secretaria Municipal de Turismo, Cultura e Esporte e para a prática das aulas de Educação Física dos alunos da rede municipal de ensino infantil e fundamental, conforme tabela em anexo,  durante os eventos da temporada do ano de 2017, conforme detalhamento em Termo de Referência (anexo I).; Convite; 03/02/2017 09:01; 27/01/2017; Compras e Serviços; MENOR PRECO POR ITEM; 08/02/2017; HOMOLOGADO; -; 27/01/2017; 03/02/2017; -; Convite; -; -
 FUNDO MUNICIPAL SAÚDE BALNEÁRIO GAIVOTA;7;2017;7;2017; O presente processo licitatório tem como objeto à aquisição de materiais de limpeza e higiene e generos alimentícios para atender as necessidades das unidades de Saúde do Município de Balneário Gaivota, no exercício de 2017, conforme anexo I.; Convite; 31/03/2017 12:31; 23/03/2017; Compras e Serviços; MENOR PRECO POR ITEM; 05/04/2017; HOMOLOGADO; -; 23/03/2017; 31/03/2017; -; Convite; -; -
 PREFEITURA MUNICIPAL BALNEÁRIO GAIVOTA;6;2017;6;2017; Aquisição de areia para aterro, para uso em manutenção das vias municipais, visando atender as necessidades da Secretaria de Obras e Serviços Urbanos, conforme especificações e quantidades descritas no Anexo I deste Edital.; Convite; 03/02/2017 08:31; -; Compras e Serviços; MENOR PRECO POR ITEM; -; AGUARDANDO; -; 27/01/2017; 03/02/2017; -; Convite; -; -
 FUNDO MUNICIPAL SAÚDE BALNEÁRIO GAIVOTA;6;2017;6;2017; A presente licitação tem por objeto a aquisição de equipamentos e materiais permanentes para as Unidades Básicas de Saúde deste município, conforme especificações constantes do anexo I que integra este edital.; Pregão presencial; 05/04/2017 10:00; 22/03/2017; Compras e Serviços; MENOR PRECO POR ITEM; 05/04/2017; HOMOLOGADO; -; 22/03/2017; 05/04/2017; -; Pregão presencial; -; -
 PREFEITURA MUNICIPAL BALNEÁRIO GAIVOTA;5;2017;5;2017; Aquisição de seixo rolado peneirado e in natura, com transporte, para uso da Secretaria de Obras e Serviços Urbanos para a recuperação de estradas vicinais do Município de Balneário Gaivota, durante o exercício de 2017; Pregão presencial; 10/02/2017 11:00; 30/01/2017; Compras e Serviços; MENOR PRECO POR ITEM; 10/02/2017; HOMOLOGADO; -; 27/01/2017; 10/02/2017; -; Pregão presencial; -; -
 FUNDO MUNICIPAL SAÚDE BALNEÁRIO GAIVOTA;5;2017;5;2017; O presente processo tem como objeto o Fornecimento de materiais de expediente para suprir as necessidades da Secretaria de Saúde, para o exercício de 2017.; Convite; 23/03/2017 08:01; 16/03/2017; Compras e Serviços; MENOR PRECO POR ITEM; 28/03/2017; HOMOLOGADO; -; 16/03/2017; 23/03/2017; -; Convite; -; -
 PREFEITURA MUNICIPAL BALNEÁRIO GAIVOTA;4;2017;4;2017; Aquisição de madeiras para, demarcações de áreas de banho, reforma das passarelas e para outros fins, atendendo a necessidade da Secretaria de Obras e Serviços Urbanos e demais Secretarias no ano de 2017, obedecendo integralmente os termos da minuta contratual e Termo de Referencia com especificações e quantidades do produto em anexo.; Convite; 13/01/2017 09:31; 03/01/2017; Compras e Serviços; MENOR PRECO POR ITEM; 02/02/2017; HOMOLOGADO; -; 03/01/2017; 13/01/2017; -; Convite; -; -
 FUNDO MUNICIPAL SAÚDE BALNEÁRIO GAIVOTA;4;2017;4;2017; Contratação de empresa especializada no ramo de tecnologia da informação para prestação de serviços para locação de software de gestão de saúde, com acesso simultâneo de usuários integrados e em ambiente windows e linux, incluindo manutenção legal e corretiva, conversão, customização, implantação, treinamento, suporte técnico, a fim de atender as necessidades do Fundo Municipal de Saúde do Município de Balneário Gaivota, conforme características descritas no ANEXO I, e determinações deste edital; Pregão presencial; 30/03/2017 09:00; 16/03/2017; Compras e Serviços; MENOR PREÇO; 30/03/2017; HOMOLOGADO; -; 16/03/2017; 30/03/2017; -; Pregão presencial; -; -
 PREFEITURA MUNICIPAL BALNEÁRIO GAIVOTA;3;2017;3;2017; A presente carta convite visa à contratação de empresa para a prestação de serviços de locação de até 530 (quinhentos e trinta) horas trabalhadas eventuais de Retroescavadeira com combustível e operador pelo período de até 12 (doze) meses, para atender as necessidades da Municipalidade, conforme Anexo I.; Convite; 13/01/2017 09:01; 03/01/2017; Contratação de serviços; MENOR PRECO POR ITEM; 18/01/2017; HOMOLOGADO; -; 03/01/2017; 13/01/2017; -; Convite; -; -
 FUNDO MUNICIPAL SAÚDE BALNEÁRIO GAIVOTA;3;2017;3;2017; Aquisição de medicamentos complementares da saúde, para atender as necessidades das unidades de saúde do município, durante o primeiro semestre de 2017, conforme relação em anexo; Dispensa de licitação; -; 08/03/2017; Compras e Serviços; MENOR PREÇO; 08/03/2017; HOMOLOGADO; -; 08/03/2017;  - ; -; Dispensa de licitação; -; -
 PREFEITURA MUNICIPAL BALNEÁRIO GAIVOTA;2;2017;2;2017; Constitui objeto do presente processo a Aquisição de brita graduada, para uso em manutenção das vias municipais, visando atender as necessidades da Secretaria de Obras e Serviços Urbanos, conforme especificações e quantidades descritas no Anexo I deste Edital.; Convite; 13/01/2017 08:31; 03/01/2017; Compras e Serviços; MENOR PRECO POR ITEM; 18/01/2017; HOMOLOGADO; -; 03/01/2017; 13/01/2017; -; Convite; -; -
 FUNDO MUNICIPAL SAÚDE BALNEÁRIO GAIVOTA;2;2017;2;2017; O presente edital tem por objetivo selecionar a melhor proposta para AQUISIÇÃO DE EQUIPAMENTOS HOSPITALARES, MATERIAIS PERMANENTES E ELETRODOMÉSTICOS PARA AS UNIDADES DE SAÚDE MUNICIPAIS E VEÍCULO DE PASSEIO ZERO QUILÔMETRO, através de empresa do ramo pertinente, obedecendo integralmente às condições, quantidades e exigências estabelecidas neste Edital e seus anexos.; Pregão presencial; 07/03/2017 10:00; 15/02/2017; Compras e Serviços; MENOR PRECO POR ITEM; 07/03/2017; HOMOLOGADO; -; 15/02/2017; 07/03/2017; -; Pregão presencial; -; -
 PREFEITURA MUNICIPAL BALNEÁRIO GAIVOTA;1;2017;1;2017; A presente carta convite visa à contratação de empresa para prestação de serviços técnicos para assessoria e manutenção ao sistema de tributos da Prefeitura Municipal de Balneário Gaivota, no exercício de 2017.; Convite; 13/01/2017 08:01; 03/01/2017; Contratação de serviços; MENOR PRECO POR ITEM; 18/01/2017; HOMOLOGADO; -; 03/01/2017; 13/01/2017; -; Convite; -; -
 FUNDO MUNICIPAL SAÚDE BALNEÁRIO GAIVOTA;1;2017;1;2017; Prestação de serviços médicos diversos como ultra-sonografias, consultas médicas, raio-x, tomografias computadorizadas e demais serviços médicos complementares, para o exercício de 2017.; Dispensa de licitação; -; 10/01/2017; Contratação de serviços; MENOR PREÇO; 09/01/2017; HOMOLOGADO; -; 09/01/2017;  - ; -; Dispensa de licitação; -; -
 PREFEITURA MUNICIPAL BALNEÁRIO GAIVOTA;89;2016;89;2016; Constitui objeto do presente processo à aquisição de tubos de concreto para a manutenção e ampliação das tubulações do município, visando atender as necessidades da Secretaria de Obras e Serviços Urbanos, durante o exercício de 2017.; Convite; 09/01/2017 15:31; 30/12/2016; Compras e Serviços; MENOR PRECO POR ITEM; 12/01/2017; HOMOLOGADO; -; 30/12/2016; 09/01/2017; -; Convite; -; -
 PREFEITURA MUNICIPAL BALNEÁRIO GAIVOTA;88;2016;88;2016; Contratação de empresa especializada para a prestação de serviços na elaboração, planejamento e execução de PPRA, LTCAT, PCMSO, EPI, EPC, e PPP. Durante o exercício de 2017. Os serviços ora contratados devem ser prestados, executados por profissional devidamente habilitado.; Convite; 09/01/2017 11:01; 30/12/2016; Contratação de serviços; MENOR PRECO POR ITEM; 12/01/2017; HOMOLOGADO; -; 30/12/2016; 09/01/2017; -; Convite; -; -
 PREFEITURA MUNICIPAL BALNEÁRIO GAIVOTA;87;2016;87;2016; Aquisição parcelada de peças e serviços de mão-de-obra para a manutenção dos veículos da Secretaria de Educação Municipal, atendendo as necessidades da mesma durante o exercício de 2017, em conformidade com as especificações e quantitativos prescritos no Anexo I - Termo de Referencia.; Convite; 09/01/2017 10:01; 30/12/2016; Contratação de serviços; MENOR PRECO POR ITEM; 12/01/2017; HOMOLOGADO; -; 30/12/2016; 09/01/2017; -; Convite; -; -
 PREFEITURA MUNICIPAL BALNEÁRIO GAIVOTA;86;2016;86;2016; Prestação de serviços gráficos para suprir as necessidades das Secretarias Municipais, durante o exercício de 2017.; Pregão presencial; 13/01/2017 09:30; 30/12/2016; Compras e Serviços; MENOR PRECO POR ITEM; 13/01/2017; HOMOLOGADO; -; 30/12/2016; 13/01/2017; -; Pregão presencial; -; -
 PREFEITURA MUNICIPAL BALNEÁRIO GAIVOTA;85;2016;85;2016; Aquisição de uniformes escolares personalizados para distribuição gratuita, a fim de suprir as necessidades da Rede Municipal de ensino, que incluem as escolas de ensino fundamental e infantil, conforme especificações constantes do anexo I que integra este edital.; Convite; 09/01/2017 15:01; 30/12/2016; Compras e Serviços; MENOR PREÇO GLOBAL; 12/01/2017; HOMOLOGADO; -; 30/12/2016; 09/01/2017; -; Convite; -; -
 PREFEITURA MUNICIPAL BALNEÁRIO GAIVOTA;84;2016;84;2016;" Contratação de empresa para fornecimento parcelado de Água Mineral 20L e Gás de cozinha 13kg, para atender as necessidades da Secretaria de Administração e Finanças; PETI; Ensino Infantil e Ensino Fundamental, conforme tabela em anexo (ANEXO I)"; Convite; 27/12/2016 11:01; 19/12/2016; Contratação de serviços; MENOR PRECO POR ITEM; 30/12/2016; ANULADO; 07/08/2017; 19/12/2016; 27/12/2016; -; Convite; -; -
 PREFEITURA MUNICIPAL BALNEÁRIO GAIVOTA;83;2016;83;2016; Contratação especializada de serviços de engenharia com atestado de capacidade técnica, referente a projetos e fiscalização de obras de engenharia civil, arquitetura, pavimentações, drenagens e sinalizações, para o exercicio de 2017.; Convite; 27/12/2016 10:01; 19/12/2016; Contratação de serviços; MENOR PRECO POR ITEM; 30/12/2016; HOMOLOGADO; -; 19/12/2016; 27/12/2016; -; Convite; -; -
 PREFEITURA MUNICIPAL BALNEÁRIO GAIVOTA;82;2016;82;2016; Contratação de empresa do ramo pertinente para eventual fornecimento de placas, adesivos impressos digitais, papéis de outdoor impressos digitais e lonas impressas digitais para atender as necessidades do Municipio de Balneário Gaivota, em conformidade com as especificações prescritas no Anexo I - Termo de Referencia.; Convite; 27/12/2016 09:31; 19/12/2016; Contratação de serviços; MENOR PREÇO GLOBAL; 30/12/2016; HOMOLOGADO; -; 19/12/2016; 27/12/2016; -; Convite; -; -
 PREFEITURA MUNICIPAL BALNEÁRIO GAIVOTA;81;2016;81;2016; Contratação de empresa do ramo pertinente especializada para a locação, montagem e desmontagem de sanitários ecológicos, por diária, para atender as necessidades dos eventos realizados no projeto no exercicio de 2017; Convite; 27/12/2016 09:01; 19/12/2016; Contratação de serviços; MENOR PREÇO GLOBAL; 30/12/2016; HOMOLOGADO; -; 19/12/2016; 27/12/2016; -; Convite; -; -
 PREFEITURA MUNICIPAL BALNEÁRIO GAIVOTA;80;2016;80;2016; Contratação de empresa especializada para prestação de serviços de assessoria, consultoria, orientação e assistência técnica Governamental em gestão pública nas atividades de planejamento, execução e controle financeiro, orçamentário e administrativo da prefeitura municipal e seus fundos, durante o exercício de 2017, conforme Termo de Referência, Anexo I a este Edital.; Convite; 27/12/2016 08:01; 19/12/2016; Contratação de serviços; MENOR PREÇO GLOBAL; 30/12/2016; HOMOLOGADO; -; 19/12/2016; 27/12/2016; -; Convite; -; -
 PREFEITURA MUNICIPAL BALNEÁRIO GAIVOTA;79;2016;79;2016; Contratação de empresa especializada em serviço de Sonorização para eventos e reuniões para atendimento das atividades de comunicação do município de Balneário Gaivota.; Convite; 27/12/2016 07:31; 19/12/2016; Compras e Serviços; MENOR PRECO POR ITEM; 27/12/2016; HOMOLOGADO; -; 19/12/2016; 27/12/2016; -; Convite; -; -
 PREFEITURA MUNICIPAL BALNEÁRIO GAIVOTA;78;2016;78;2016; Contratação de empresa do ramo pertinente para o fornecimento de materiais de limpeza e higiene, para o atendimento da Secretaria de Administração e Finanças, das unidades de Educação Infantil as unidades de Ensino Fundamental e Secretaria de Desenvolvimento Social do Município, durante o exercício de 2017.; Pregão presencial; 30/12/2016 12:01; 19/12/2016; Compras e Serviços; MENOR PRECO POR ITEM; 30/12/2016; HOMOLOGADO; -; 19/12/2016; 30/12/2016; -; Pregão presencial; -; -
 PREFEITURA MUNICIPAL BALNEÁRIO GAIVOTA;77;2016;77;2016; Contratação de empresa do ramo pertinente para o fornecimento parcelado de gêneros alimentícios, destinados as secretarias municipais e a manutenção da merenda escolar nas escolas de ensino fundamental, alimentação nos centros de educação infantil - CEIs e serviço de convivência e fortalecimento de vínculos, do Município, durante o exercício de 2017; Pregão presencial; 30/12/2016 08:00; 19/12/2016; Compras e Serviços; MENOR PRECO POR ITEM; 30/12/2016; HOMOLOGADO; -; 19/12/2016; 30/12/2016; -; Pregão presencial; -; -
 PREFEITURA MUNICIPAL BALNEÁRIO GAIVOTA;76;2016;76;2016; A presente Carta Convite visa a contratação de empresa especializada em fogos e artifícios para realização de show pirotécnico na orla marítima, com no mínimo 10 minutos de duração, para o Reveillon 2016/2017, com fornecimento de materiais conforme Termo de Referência.; Convite; 19/12/2016 09:01; 12/12/2016; Compras e Serviços; MENOR PRECO POR ITEM; 19/12/2016; HOMOLOGADO; -; 12/12/2016; 19/12/2016; -; Convite; -; -
 PREFEITURA MUNICIPAL BALNEÁRIO GAIVOTA;75;2016;75;2016; Locação de um imóvel situado na 3ª Avenida, nº 600, esquina com a Rua Ângelo Isoppo,  Bairro Santa Rita de Cássia, Balneário Gaivota - SC, o qual servirá para instalação do Centro de Referência de Assistência Social - CRAS e serviços inerentes, durante o ano exercício de 2017.; Dispensa de licitação; 12/12/2016 00:01; 12/12/2016; Compras e Serviços; MENOR PREÇO; 12/12/2016; HOMOLOGADO; -; 12/12/2016; 12/12/2016; -; Dispensa de licitação; -; -
 PREFEITURA MUNICIPAL BALNEÁRIO GAIVOTA;74;2016;74;2016; Aquisição de troféus e medalhas para os campeonatos de futebol e atividades esportivas do Projeto Viva Verão 2017 e outros eventos, conforme especificações constantes do Anexo I que integra este edital.; Convite; 19/12/2016 08:31; 12/12/2016; Compras e Serviços; MENOR PRECO POR ITEM; 19/12/2016; HOMOLOGADO; -; 12/12/2016; 19/12/2016; -; Convite; -; -
 PREFEITURA MUNICIPAL BALNEÁRIO GAIVOTA;73;2016;73;2016; Contratação de serviços de arbitragem, mesários e apoio técnico, com frete, quando necessário, destinados a atender os campeonatos e atividades esportivas do projeto Viva Verão 2017.; Convite; 19/12/2016 12:56; 12/12/2016; Compras e Serviços; MENOR PRECO POR ITEM; 19/12/2016; HOMOLOGADO; -; 12/12/2016; 19/12/2016; -; Convite; -; -
 PREFEITURA MUNICIPAL BALNEÁRIO GAIVOTA;72;2016;72;2016; Contratação de empresa especializada para locação, montagem e desmontagem de tendas, palco e palanque de Surf para atender necessidades da secretaria de Turismo, Cultura e Esporte, durante os eventos da temporada do ano de 2017,  conforme detalhamento em anexo.; Convite; 19/12/2016 07:31; 12/12/2016; Contratação de serviços; MENOR PREÇO GLOBAL; 19/12/2016; HOMOLOGADO; -; 12/12/2016; 19/12/2016; -; Convite; -; -
 PREFEITURA MUNICIPAL BALNEÁRIO GAIVOTA;71;2016;71;2016; Locação de duas salas comerciais, totalizando em 70 m², no imóvel situado no lote 15 (quinze) da quadra 16 A (dezesseis-a),  Avenida Santa Catarina, nº 282, Bairro Praia Gaivota, Balneário Gaivota - SC, que servirá para instalação da Biblioteca Pública Municipal e do Tele Centro Comunitário, durante o exercício de 2017.; Dispensa de licitação; -; 12/12/2016; Compras e Serviços; MENOR PRECO POR ITEM; 12/12/2016; HOMOLOGADO; -; 12/12/2016;  - ; -; Dispensa de licitação; -; -
 PREFEITURA MUNICIPAL BALNEÁRIO GAIVOTA;70;2016;70;2016; Aquisição parcelada de materiais elétricos, destinados a manutenção da rede de iluminação pública do município, durante o exercício de 2017,  nas condições fixadas no Edital.; Pregão presencial; 27/12/2016 12:01; 12/12/2016; Compras e Serviços; MENOR PRECO POR ITEM; 27/12/2016; HOMOLOGADO; -; 12/12/2016; 27/12/2016; -; Pregão presencial; -; -
 PREFEITURA MUNICIPAL BALNEÁRIO GAIVOTA;69;2016;69;2016; Aquisição parcelada de material de expediente e material escolar de distribuição gratuita para a rede municipal de ensino, para suprir as necessidades da Secretaria de Administração e Finanças, Secretaria de Arrecadação Municipal, Secretaria de Educação para o exercício de 2017,  nas condições fixadas no Edital.; Pregão presencial; 23/12/2016 09:01; 12/12/2016; Compras e Serviços; MENOR PRECO POR ITEM; 28/12/2016; HOMOLOGADO; -; 12/12/2016; 23/12/2016; -; Pregão presencial; -; -
 PREFEITURA MUNICIPAL BALNEÁRIO GAIVOTA;68;2016;68;2016; Contratação de shows artísticos com a banda CARTÃO POSTAL, que se realizará nos dias 24, 25, 26 e 27 de fevereiro de 2017, visando a realização do Carnaval 2017, no município de Balneário Gaivota.; Inexigibilidade de licitação; -; 07/12/2016; Contratação de serviços; MENOR PRECO POR ITEM; 07/12/2016; HOMOLOGADO; -; 07/12/2016;  - ; -; Inexigibilidade de licitação; -; -
 PREFEITURA MUNICIPAL BALNEÁRIO GAIVOTA;67;2016;67;2016; Contratação de dois shows artísticos, da banda CARTÃO POSTAL e o cantor FÁBIO VARELA, com iluminação e sonorização profissional, que se realizará no dia 31/12/2016, em comemoração ao Réveillon 2016/2017, à partir das 21 horas no município de Balneário Gaivota.; Inexigibilidade de licitação; -; 07/12/2016; Contratação de serviços; MENOR PRECO POR ITEM; 07/12/2016; HOMOLOGADO; -; 07/12/2016;  - ; -; Inexigibilidade de licitação; -; -
 PREFEITURA MUNICIPAL BALNEÁRIO GAIVOTA;66;2016;66;2016; Locação de um depósito com 200 m², no imóvel situado na Rua dos coqueiros, loteamento Santo Antônio II, Lagoa de Fora, Balneário Gaivota, que servirá para instalação do almoxarifado central da secretaria De obras, Durante o exercício de 2017.; Dispensa de licitação; -; 07/12/2016; Contratação de serviços; MENOR PRECO POR ITEM; 07/12/2016; HOMOLOGADO; -; 07/12/2016;  - ; -; Dispensa de licitação; -; -
 PREFEITURA MUNICIPAL BALNEÁRIO GAIVOTA;65;2016;65;2016; Locação de uma sala comercial com 67m², constituída do lote número 17 da quadra Q-A, localizado na Rod. SC 485, n° 4.000, sala nº 01, Lagoa de Fora, Balneário Gaivota - SC, para instalação do Secretaria de Agricultura, durante o exercício de 2017.; Dispensa de licitação; -; 01/12/2016; Contratação de serviços; MENOR PRECO POR ITEM; 01/12/2016; HOMOLOGADO; -; 01/12/2016;  - ; -; Dispensa de licitação; -; -
 PREFEITURA MUNICIPAL BALNEÁRIO GAIVOTA;64;2016;64;2016; Locação de um imóvel medindo 150m², constituído do lote número 08 da quadra VV, situado à Rua Valdomiro Jose Homem, nº 857, Itapuã, Balneário Gaivota, o qual servirá para a instalação do SERVIÇO DE CONVIVÊNCIA E FORTALECIMENTO DE VINCULOS - SCFV, para o exercício de 2017.; Dispensa de licitação; -; 01/12/2016; Contratação de serviços; MENOR PRECO POR ITEM; 01/12/2016; HOMOLOGADO; -; 01/12/2016;  - ; -; Dispensa de licitação; -; -
 PREFEITURA MUNICIPAL BALNEÁRIO GAIVOTA;63;2016;63;2016; O presente edital tem por objetivo selecionar a melhor proposta para a Aquisição de combustíveis (Gasolina Comum, Gasolina Aditivada, Diesel Comum e Diesel S10) e aditivo Arla 32 para manutenção da Frota Municipal durante o exercício de 2017, através de empresa do ramo pertinente, obedecendo integralmente às condições, quantidades e exigências estabelecidas neste Edital e seus anexos.; Pregão presencial; 14/12/2016 08:30; 01/12/2016; Compras e Serviços; MENOR PRECO POR ITEM; 14/12/2016; HOMOLOGADO; -; 01/12/2016; 14/12/2016; -; Pregão presencial; -; -
 PREFEITURA MUNICIPAL BALNEÁRIO GAIVOTA;62;2016;62;2016; Contratação de empresa de assessoria técnica para a execução de serviços de organização, planejamento e realização de Processo Seletivo para preenchimento de vagas em caráter temporário, com a elaboração, impressão e aplicação de provas para os cargos do quadro de pessoal nas diversas Secretarias da Prefeitura Municipal de Balneário Gaivota e Serviço Autônomo Municipal de Água e Esgoto - SAMAE.; Dispensa de licitação; -; 29/11/2016; Contratação de serviços; MENOR PRECO POR ITEM; 29/11/2016; HOMOLOGADO; -; 29/11/2016;  - ; -; Dispensa de licitação; -; -
 PREFEITURA MUNICIPAL BALNEÁRIO GAIVOTA;61;2016;61;2016; O presente edital tem por objetivo selecionar a melhor proposta para a Contratação de serviço de publicidade legal em jornal impresso de circulação diária no Município de Balneário Gaivota, para edição e publicação de atos oficiais do Município (leis, decretos, extratos em geral, editais licitatórios, e demais atos oficiais), para o exercício de 2017, estimado num total de 12.000 (doze mil) cm/col, através de empresa do ramo pertinente, obedecendo integralmente às condições, quantidades e; Pregão presencial; 06/12/2016 11:30; 23/11/2016; Contratação de serviços; MENOR PRECO POR ITEM; 06/12/2016; HOMOLOGADO; -; 23/11/2016; 06/12/2016; -; Pregão presencial; -; -
 PREFEITURA MUNICIPAL BALNEÁRIO GAIVOTA;58;2016;58;2016; O PRESENTE EDITAL TEM POR OBJETO SELECIONAR A MELHOR PROPOSTA PARA A CONTRATAÇÃO DE EMPRESA PARA PRESTAÇÃO DE SERVIÇOS TÉCNICOS ESPECIALIZADOS NA MANUTENÇÃO NO SISTEMA DE ILUMINAÇÃO PÚBLICA MUNICIPAL, ATRAVÉS DE EMPRESA DO RAMO PERTINENTE, OBEDECENDO INTEGRALMENTE ÀS CONDIÇÕES, QUANTIDADES E EXIGÊNCIAS ESTABELECIDAS NESTE EDITAL E SEUS ANEXOS.; Pregão presencial; 16/11/2016 09:30; 31/10/2016; Contratação de serviços; MENOR PRECO POR ITEM; 16/11/2016; HOMOLOGADO; -; 28/10/2016; 16/11/2016; -; Pregão presencial; -; -
 PREFEITURA MUNICIPAL BALNEÁRIO GAIVOTA;57;2016;57;2016; A presente licitação tem por objeto a Aquisição de Carretas agrícolas de metal para a Sec. De Agricultura, Pesca e meio Ambiente.; Pregão presencial; 18/11/2016 11:01; 28/10/2016; Compras e Serviços; MENOR PRECO POR ITEM; 18/11/2016; HOMOLOGADO; -; 28/10/2016; 18/11/2016; -; Pregão presencial; -; -
 PREFEITURA MUNICIPAL BALNEÁRIO GAIVOTA;45;2016;45;2016; Pavimentação asfáltica, drenagem pluvial, sinalização e outros na Avenida Beira Mar - Trecho 02, no município de Balneário Gaivota , conforme projetos, memoriais descritivos, planilhas orçamentárias de quantitativos, custos e cronogramas físicos e financeiros em anexo; Tomada de Preço; 21/06/2016 11:00; 02/06/2016; Obras e Serviços de Engenharia; MENOR PRECO POR ITEM; 21/06/2016; HOMOLOGADO; -; 02/06/2016; 21/06/2016; -; Licitação; -; -
 PREFEITURA MUNICIPAL BALNEÁRIO GAIVOTA;44;2016;44;2016; Pavimentação com asfalto, drenagem pluvial, sinalização e passeio da Avenida Santa Catarina, no município de Balneário Gaivota, conforme projetos, memoriais descritivos, planilhas orçamentárias de quantitativos, custos e cronogramas físicos e financeiros; Tomada de Preço; 21/06/2016 09:00; 02/06/2016; Obras e Serviços de Engenharia; MENOR PRECO POR ITEM; 21/06/2016; HOMOLOGADO; -; 02/06/2016; 21/06/2016; -; Licitação; -; -
 PREFEITURA MUNICIPAL BALNEÁRIO GAIVOTA;39;2016;39;2016; Contratação de empresa do ramo pertinente para a execução de pavimentação do estacionamento do centro esportivo - 1ª etapa, em lajota de concreto, conforme projetos, memoriais descritivos, planilhas orçamentárias de quantitativos, custos e cronogramas físicos e financeiros em anexo.; Convite; 13/05/2016 10:01; 03/05/2016; Obras e Serviços de Engenharia; MENOR PREÇO GLOBAL; 19/06/2017; HOMOLOGADO; -; 03/05/2016; 13/05/2016; -; Convite; -; -
 PREFEITURA MUNICIPAL BALNEÁRIO GAIVOTA;38;2016;38;2016; Pavimentação com CAUQ e drenagem da Rodovia Jorge Floriano Borges (acesso) com área total de 2.223,20m² (metros quadrados), conforme projetos, memoriais descritivos, planilhas orçamentárias de quantitativos, custos e cronogramas físicos e financeiros em anexo.; Tomada de Preço; 20/05/2016 12:00; 04/05/2016; Obras e Serviços de Engenharia; MENOR PREÇO GLOBAL; 15/06/2016; HOMOLOGADO; -; 03/05/2016; 20/05/2016; -; Licitação; -; -
 FUNDO MUNICIPAL SAÚDE BALNEÁRIO GAIVOTA;22;2016;22;2016; Prestação de serviços gráficos para suprir as necessidades das Secretaria Municipal de Saúde, durante o exercício de 2017.; Pregão presencial; 13/01/2017 11:00; 30/12/2016; Compras e Serviços; MENOR PRECO POR ITEM; 13/01/2017; HOMOLOGADO; -; 30/12/2016; 13/01/2017; -; Pregão presencial; -; -
 FUNDO MUNICIPAL SAÚDE BALNEÁRIO GAIVOTA;21;2016;21;2016; Locação de uma sala comercial medindo 36m², situada no prédio edificado sobre o lote 11 da quadra 3E, Bairro Itapuã, neste município, que será utilizada pela Secretária Municipal de Saúde para funcionamento da Farmácia.; Dispensa de licitação; -; 19/12/2017; Compras e Serviços; MENOR PREÇO; 16/12/2016; HOMOLOGADO; -; 16/12/2016;  - ; -; Dispensa de licitação; -; -
 FUNDO MUNICIPAL SAÚDE BALNEÁRIO GAIVOTA;20;2016;20;2016; Locação de um imóvel situado na Rua Borges de Medeiros, nº 275,  Bairro Praia Gaivota, Balneário Gaivota - SC, que servirá para o funcionamento da terceira equipe Estratégia da Saúde da Família - ESF, no exercício de 2017.; Dispensa de licitação; -; 19/12/2016; Compras e Serviços; MENOR PREÇO; 16/12/2016; HOMOLOGADO; -; 16/12/2016;  - ; -; Dispensa de licitação; -; -
 FUNDO MUNICIPAL SAÚDE BALNEÁRIO GAIVOTA;19;2016;19;2016; O presente edital tem por objetivo selecionar a melhor proposta para a Aquisição de material clinico e odontológico para as unidades de saúde do município, durante o exercício de 2017,, através de empresa do ramo pertinente, obedecendo integralmente às condições, quantidades e exigências estabelecidas neste Edital e seus anexos.; Pregão presencial; 07/12/2016 08:30; 07/12/2016; Compras e Serviços; MENOR PREÇO; 07/12/2016; HOMOLOGADO; -; 24/11/2016; 07/12/2016; -; Pregão presencial; -; -
 FUNDO MUNICIPAL SAÚDE BALNEÁRIO GAIVOTA;18;2016;18;2016; AQUISIÇÃO DE VEÍCULO AUTOMOTOR DE PASSEIO, ZERO QUILÔMETRO, ANO DE FABRICAÇÃO 2016, MODELO 2017, PARA COMPOR A FROTA DA VIGILÂNCIA SANITÁRIA DE BALNEÁRIO GAIVOTA; Pregão presencial; 06/12/2016 09:30; 24/11/2016; Compras e Serviços; MENOR PREÇO; 06/12/2016; HOMOLOGADO; -; 23/11/2016; 06/12/2016; -; Pregão presencial; -; -
 FUNDO MUNICIPAL SAÚDE BALNEÁRIO GAIVOTA;16;2016;16;2016; Aquisição de medicamentos para atender as necessidades das unidades de saúde do município, durante o segundo semestre de 2016 e primeiro semestre de 2017, conforme relação em anexo.; Dispensa de licitação; -; 30/06/2016; Compras e Serviços; MENOR PREÇO; 30/06/2016; HOMOLOGADO; -; 30/06/2016;  - ; -; Dispensa de licitação; -; -
 FUNDO MUNICIPAL SAÚDE BALNEÁRIO GAIVOTA;15;2016;15;2016; Aquisição de medicamentos para atender as necessidades das unidades de saúde do município, durante o segundo semestre de 2016 e primeiro semestre de 2017, conforme relação em anexo.; Dispensa de licitação; -; 30/06/2016; Compras e Serviços; MENOR PREÇO; 30/06/2016; HOMOLOGADO; -; 30/06/2016;  - ; -; Dispensa de licitação; -; -
 FUNDO MUNICIPAL SAÚDE BALNEÁRIO GAIVOTA;13;2016;13;2016; Constitui objeto do presente processo o fornecimento de licenças de uso, não exclusiva, mediante contratação de empresa para licenciamento do direito de uso do aplicativo de Saúde Domiciliar com usuários ativos, em ambiente web, conforme funcionalidades descritas no Anexo I; Inexigibilidade de licitação; -; 01/06/2016; Contratação de serviços; MENOR PREÇO; 31/05/2016; HOMOLOGADO; -; 31/05/2016;  - ; -; Inexigibilidade de licitação; -; -
 FUNDO MUNICIPAL SAÚDE BALNEÁRIO GAIVOTA;12;2016;12;2016; Aquisição de ambulância 0 Km, ano/modelo 2016/2017, completa com equipamentos e utilitários para o atendimento de pacientes deste município, o veículo deve apresentar todas as características e especificações, presentes no Anexo I deste edital; Pregão presencial; 08/06/2016 10:01; 26/05/2016; Compras e Serviços; MENOR PRECO POR ITEM; 28/06/2016; HOMOLOGADO; -; 25/05/2016; 08/06/2016; -; Pregão presencial; -; -
 PREFEITURA MUNICIPAL BALNEÁRIO GAIVOTA;5;2016;5;2016; fornecimento de licenças de uso, não exclusiva, mediante contratação de empresa para licenciamento do direito de uso dos aplicativos Nota Fiscal Eletrônica com acessos ilimitados em ambiente; Inexigibilidade de licitação; -; 14/01/2016; Contratação de serviços; MENOR PRECO POR ITEM; 14/01/2016; HOMOLOGADO; -; 14/01/2016;  - ; -; Inexigibilidade de licitação; -; -
 PREFEITURA MUNICIPAL BALNEÁRIO GAIVOTA;45;2015;45;2015; Contratação de empresa para a construção de uma Escola de Ensino Infantil (Creche) - Proinfância - Padrão Tipo 2 - Projeto FNDE/MEC, com área de 890,33m², conforme Projetos, memorial descritivo, planilha orçamentária de quantitativos e custos e cronograma físico-financeiro.; Tomada de Preço; 06/08/2015 14:01; 23/07/2015; Obras e Serviços de Engenharia; MENOR PREÇO GLOBAL; 21/08/2015; HOMOLOGADO; -; 22/07/2015; 06/08/2015; -; Tomada de Preço; -; -
 PREFEITURA MUNICIPAL BALNEÁRIO GAIVOTA;119;2014;119;2014; CONTRATAÇÃO DE PESSOA JURÍDICA/FISICA PARA PRESTAÇÃO DE SERVIÇOS ESPECIALIZADOS DE CONSULTORIA E ASSESSORIA ADMINISTRATIVA/JURIDICA, CONFORME ESPECIFICAÇÕES CONSTANTES DESTE EDITAL.; Pregão presencial; 02/01/2015 09:01; 19/12/2014; Contratação de serviços; MENOR PREÇO GLOBAL; 02/01/2015; HOMOLOGADO; -; 18/12/2014; 02/01/2015; -; Pregão presencial; -; -
 PREFEITURA MUNICIPAL BALNEÁRIO GAIVOTA;86;2014;86;2014; Prestação de serviços financeiros e outras avenças.; Dispensa de licitação; -; 15/09/2014; Contratação de serviços; MENOR PREÇO; 10/09/2014; HOMOLOGADO; -; 10/09/2014;  - ; -; Dispensa de licitação; -; -
 PREFEITURA MUNICIPAL BALNEÁRIO GAIVOTA;73;2014;73;2014; Outorga em regime de concessão da execução do serviço de remoção, guarda e depósito de veículos cujos condutores cometerem infrações previstas no Código de Trânsito Brasileiro.; Concorrência; 23/07/2014 14:15; 23/06/2014; Concessão; MENOR PREÇO GLOBAL; 30/07/2014; HOMOLOGADO; -; 18/06/2014; 23/07/2014; -; Concorrência; -; -
 PREFEITURA MUNICIPAL BALNEÁRIO GAIVOTA;42;2014;42;2014; A presente licitação visa a contratação de licença de uso de solução para gestão pública informatizada para suprir as necessidades da Secretaria de Administração e Finanças e da Secretaria de Arrecadação Municipal; Pregão presencial; 26/03/2014 14:01; 13/03/2014; Compras e Serviços; MENOR PREÇO; 26/03/2014; HOMOLOGADO; -; 12/03/2014; 26/03/2014; -; Pregão presencial; -; -
 PREFEITURA MUNICIPAL BALNEÁRIO GAIVOTA;17;2014;17;2014; contratação de empresa para fornecer em locação 07 (sete) relógios ponto com leitura biométrica de impressão digital e suporte técnico especializado, para controle do ponto dos servidores públicos da Prefeitura Municipal de Balneário Gaivota/SC.; Convite; 29/01/2014 09:01; 21/01/2014; Compras e Serviços; MENOR PREÇO; 03/02/2014; HOMOLOGADO; -; 21/01/2014; 29/01/2014; -; Convite; -; -
 PREFEITURA MUNICIPAL BALNEÁRIO GAIVOTA;15;2014;15;2014; Contratação de serviços de publicidade prestados por intermédio de agência de propaganda, compreendendo o estudo, o planejamento, a conceituação, a concepção, a criação, a execução interna, a intermediação e a supervisão da execução externa e a distribuição de publicidade aos veículos e demais meios de divulgação, com o objetivo de promover a venda de bens ou serviços de qualquer natureza, difundir ideias ou informar o público em geral; Concorrência; 12/03/2014 08:31; 21/01/2014; Compras e Serviços; MELHOR PRECO E TECNICA; 12/05/2014; HOMOLOGADO; -; 17/01/2014; 12/03/2014; -; Concorrência; -; -
 PREFEITURA MUNICIPAL BALNEÁRIO GAIVOTA;50;2013;50;2013; Contratação do Centro de Integração Empresa-Escola do Estado de Santa Catarina-CIEE/SC, visando a operacionalização de programas de estágio de estudantes, matriculados no ensino médio, técnico profissionalizante e superior, em quantia estimada de 25 (vinte e cinco) estagiários mês, permitindo treinamento prático no papel de futuro profissional; Dispensa de licitação; -; 17/05/2013; Compras e Serviços; MENOR PRECO POR ITEM; 15/05/2013; HOMOLOGADO; -; 15/05/2013;  - ; -; Dispensa de licitação; -; -
 PREFEITURA MUNICIPAL BALNEÁRIO GAIVOTA;44;2012;44;2012; Pavimentação asfaltica e obras complementares da Avenida Interpraias, numa extensão de 369 metros, com area total de 5.1950,98m²; Dispensa de licitação; -; 30/10/2012; Obras e Serviços de Engenharia; MENOR PRECO POR ITEM; -; AGUARDANDO; -; 30/10/2012;  - ; -; Dispensa de licitação; -; -
 PREFEITURA MUNICIPAL BALNEÁRIO GAIVOTA;36;2012;36;2012; contratação de empresa para prestação de serviço de transporte de alunos durante o período compreendido entre os dias 16 de agosto a 31 de dezembro do ano corrente, da Escola de Educação Básica Professora Doralina Clézar da Silva, na localidade de Lagoa de Fora, até o centro de Balneário Gaivota, em uma única linha com dois veículos simultâneos; Pregão presencial; 02/08/2012 13:31; -; Compras e Serviços; MENOR PRECO POR ITEM; -; AGUARDANDO; -; 17/07/2012; 02/08/2012; -; Pregão presencial; -; -
 FUNDO MUNICIPAL SAÚDE BALNEÁRIO GAIVOTA;12;2012;12;2012; aquisição de combustivel (gasolina comum para frota municipal); Pregão presencial; 08/10/2012 14:01; 26/09/2012; Compras e Serviços; MENOR PREÇO; -; AGUARDANDO; -; 26/09/2012; 08/10/2012; -; Pregão presencial; -; -
 PREFEITURA MUNICIPAL BALNEÁRIO GAIVOTA;11;2011;11;2011; leilão de imóveis; Leilão; 18/02/2011 14:30; -; Alienação; MENOR PRECO POR ITEM; -; AGUARDANDO; -; 13/01/2011; 18/02/2011; -; Leilão; -; -
 PREFEITURA MUNICIPAL BALNEÁRIO GAIVOTA;58;2010;58;2010; construção de três passarelas, de eucalipto tratado com extensão total de 219,60 metros; Convite; 13/12/2010 14:01; 06/12/2010; Obras e Serviços de Engenharia; MENOR PREÇO GLOBAL; -; AGUARDANDO; -; 06/12/2010; 13/12/2010; -; Convite; -; -
 PREFEITURA MUNICIPAL BALNEÁRIO GAIVOTA;1;2008;1;2008; Contratação de empresa para Prestação de Serviços de manutenção da rede de Iluminação Pública do Município durante exercício de 2008,; Convite; 21/01/2008 14:00; 14/01/2008; Compras e Serviços; MENOR PRECO POR ITEM; -; AGUARDANDO; -; 02/01/2008; 21/01/2008; -; Convite; -; -
 PREFEITURA MUNICIPAL BALNEÁRIO GAIVOTA;2;2008;1;2008; alienação de bens imóveis; Leilão; 31/01/2008 08:31; -; Alienação; MENOR PRECO POR ITEM; -; AGUARDANDO; -; 14/01/2008; 31/01/2008; -; Leilão; -; -
 PREFEITURA MUNICIPAL BALNEÁRIO GAIVOTA;8;2006;6;2006; AQUISIÇÃO DE MATERIAIS DIVERSOS E ALIMENTÍCIOS PARA ATENDER AS NECESSIDADES DO PROGRAMA DE ERRADICAÇÃO DO TRABALHO INFANTIL - PETI.; Convite; 30/01/2006 16:01; 23/01/2006; Compras e Serviços; MENOR PRECO POR ITEM; -; AGUARDANDO; -; 23/01/2006; 30/01/2006; -; Convite; -; -
 PREFEITURA MUNICIPAL BALNEÁRIO GAIVOTA;20;2006;1;2006; PRESTAÇÃO DE SERVIÇO DE COLETA, TRANSPORTE E DESTINO FINAL DO LIXO DOMICILIAR, DA REDE HOTELEIRA, ZONA URBANA E RURAL DO MUNICÍPIO, DIARIAMENTE, EM ESCALAS DEFINIDAS PELA SECRETARIA DE OBRAS CONFORME ANEXO AO EDITAL.; Tomada de Preço; 20/03/2006 16:01; 06/03/2006; Compras e Serviços; MENOR PRECO POR ITEM; -; AGUARDANDO; -; 03/03/2006; 20/03/2006; -; Tomada de Preço; -; -
 PREFEITURA MUNICIPAL BALNEÁRIO GAIVOTA;54;2005;27;2005; PRESTAÇÃO DE SERVIÇO DE COLETA, TRANSPORTE E DESTINO FINAL DE LIXO DOMICILIAR, DA REDE HOTELEIRA, NA ZONA URBANA E RURAL DO MUNICÍPIO, DIARIAMENTE, EM ESCALAS A SEREM DEFINIDAS PELA DIRETORIA DE OBRAS.; Tomada de Preço; 28/12/2005 16:01; 05/12/2005; Compras e Serviços; MENOR PRECO POR ITEM; -; AGUARDANDO; -; 05/12/2005; 28/12/2005; -; Tomada de Preço; -; -
 PREFEITURA MUNICIPAL BALNEÁRIO GAIVOTA;25;2005;25;2005; AQUISIÇÃO DE DOIS  AUTOMOVEIS TIPO PASSEIO, CAPACIDADE PARA 05 PASSAGEIROS, COM  04 PORTAS,  MOVIDO A GASOLINA NA COR PREDOMINANTE BRANCA, ANO E MODELO DE FABRICAÇÃO 2005 E COM MOTOR  1.0 .; Convite; 29/03/2005 15:01; 21/03/2005; Compras e Serviços; MENOR PRECO POR ITEM; -; AGUARDANDO; -; 21/03/2005; 29/03/2005; -; Convite; -; -
 PREFEITURA MUNICIPAL BALNEÁRIO GAIVOTA;19;2005;19;2005; AQUISIÇÃO DE UM FREEZER VERTICAL COM 260 LITROS NA COR BRANCA. (220 VOLTS); Dispensa de licitação; -; -; Compras e Serviços; MENOR PRECO POR ITEM; -; AGUARDANDO; -; 14/02/2005;  - ; -; Dispensa de licitação; -; -
 PREFEITURA MUNICIPAL BALNEÁRIO GAIVOTA;18;2005;18;2005; AQUISIÇÃO DE UM REFRIGERADOR COM 340 LITROS NA COR BRANCA. (220 VOLTS); Dispensa de licitação; -; -; Compras e Serviços; MENOR PRECO POR ITEM; -; AGUARDANDO; -; 11/02/2005;  - ; -; Dispensa de licitação; -; -
 PREFEITURA MUNICIPAL BALNEÁRIO GAIVOTA;16;2005;16;2005; AQUISIÇÃO DE 2 (DOIS)  AUTOMOVEIS P/ ATENDER AS SECRETARIAS DE EDUCAÇÃO E CULTURA E SAUDE E DESENVOLVIMENTO SOCIAL.; Convite; 18/02/2005 14:01; 11/02/2005; Compras e Serviços; MENOR PRECO POR ITEM; -; AGUARDANDO; -; 10/02/2005; 18/02/2005; -; Convite; -; -
 PREFEITURA MUNICIPAL BALNEÁRIO GAIVOTA;12;2005;12;2005; LOCAÇÃO DOS SISTEMAS DE INFORMÁTICA, CONTABILIDADE PÚBLICA, COMPRAS E LICITAÇÕES, TRIBUTAÇÃO MUNICIPAL, FOLHA DE PAGTO, PATRIMONIO PÚBLICO P/ PREFEITURA E CONTABILIDADE PÚBLICA P/ FUNDO MUNICIPAL DE SAUDE.; Convite; 28/01/2005 08:31; 21/01/2005; Compras e Serviços; MENOR PRECO POR ITEM; -; AGUARDANDO; -; 21/01/2005; 28/01/2005; -; Convite; -; -
 PREFEITURA MUNICIPAL BALNEÁRIO GAIVOTA;41;2005;1;2005;" Alienação dos automóveis MAREA SX, marca Fiat, placa MBZ 8472, chassi 9BD18521317039482, emplacado no patrimônio sob o n° 2985, movido a gasolina, cor verde; TRATOR DE ESTEIRA, marca Caterpillar, emplacado no patrimônio sob o nº 2062; IMP Peugeot 505 GD, marca Peugeot, placa LYW 0982, chassi 8ª4D37000S5215124, ano de fabricação 1996, movido a diesel, com cor predominante branca; OPALA, marca GM, placa LWV 7446, chassi 9BGVN69DJJB121795, movido a diesel, com cor predominante branca; ÔNIBUS, marca"; Leilão; 06/09/2005 14:01; -; Alienação; MELHOR PRECO E TECNICA; -; AGUARDANDO; -; 22/08/2005; 06/09/2005; -; Leilão; -; -
 FUNDO MUNICIPAL SAÚDE BALNEÁRIO GAIVOTA;1;2005;1;2005; SADFSGSD; Convite; 10/12/2005 08:01; -; Compras e Serviços; MENOR PREÇO; -; AGUARDANDO; -; 01/12/2005; 10/12/2005; -; Convite; -; -
