Rubrica natureza;Descrição natureza receita;Categoria econômica;Origem da receita;Especie da receita;Tipo da receita;Rubrica receita;Alínea da receita;Subalínea da receita;Desdobramento nível 1;Desdobramento nível 2;Desdobramento nível 3;Finalidade da receita;Forma de ingresso;Órgão;Unidade;Organograma;Valor orçado R$;Orçado atualizado R$;Orçado deduções R$;Valor lançado mês;Valor arrecadado mês;Valor arrecadado acumulado até o mês;Orçado líquido atualizado R$;Realizado (%)
 21120101000000; Operações de Crédito Contratuais - Mercado Interno - Principal; Receitas de Capital; Operações de Crédito; Operações de Crédito - Mercado Interno; Operações de Crédito Contratuais - Mercado Interno - Principal; Operações de Crédito Contratuais - Mercado Interno; Operações de Crédito Contratuais - Mercado Interno; ; Operações de Crédito Contratuais - Mercado Interno; Operações de Crédito Contratuais - Mercado Interno; Não se aplica; Operações de Crédito Contratuais - Mercado Interno - Principal; Arrecadações; SECRETARIA DE ADMINISTRAÇÃO E FINANÇAS; SECRETARIA DE ADMINISTRAÇÃO E FINANÇAS; SECRETARIA DE ADMINISTRAÇÃO E FINANÇAS; R$ 5.000.000,00; R$ 5.000.000,00; R$ 0,00; R$ 0,00; R$ 0,00; R$ 0,00; R$ 5.000.000,00; 0.0
 11215004000000; Taxa de Fiscalização de Vigilância Sanitária - Dívida Ativa - Multas e Juros de Mora da Dívida Ativa; Receitas Correntes; Impostos, Taxas e Contribuições de Melhoria; Taxas; Taxa de Fiscalização de Vigilância Sanitária - Dívida Ativa - Multas e Juros de Mora da Dívida Ativa; Taxas pelo Exercício do Poder de Polícia; Taxa de Fiscalização de Vigilância Sanitária; ; Taxas pelo Exercício do Poder de Polícia; Taxa de Fiscalização de Vigilância Sanitária; Não se aplica; Taxa de Fiscalização de Vigilância Sanitária - Dívida Ativa - Multas e Juros de Mora da Dívida Ativa; Arrecadações; SECRETARIA DE ADMINISTRAÇÃO E FINANÇAS; SECRETARIA DE ADMINISTRAÇÃO E FINANÇAS; SECRETARIA DE ADMINISTRAÇÃO E FINANÇAS; R$ 11,00; R$ 11,00; R$ 0,00; R$ 0,00; R$ 0,00; R$ 0,00; R$ 11,00; 0.0
 24919901000000; Outras Transferências de Pessoas Físicas - Principal; Receitas de Capital; Transferências de Capital; Demais Transferências de Capital; Outras Transferências de Pessoas Físicas - Principal; Transferências de Pessoas Físicas; Outras Transferências de Pessoas Físicas; ; Transferências de Pessoas Físicas; Outras Transferências de Pessoas Físicas; Não se aplica; Outras Transferências de Pessoas Físicas - Principal; Arrecadações; SECRETARIA DE ADMINISTRAÇÃO E FINANÇAS; SECRETARIA DE ADMINISTRAÇÃO E FINANÇAS; SECRETARIA DE ADMINISTRAÇÃO E FINANÇAS; R$ 5.000,00; R$ 5.000,00; R$ 0,00; R$ 0,00; R$ 0,00; R$ 0,00; R$ 5.000,00; 0.0
 17155201000000; Transferências de Recursos de Complementaçao da União ao Fundeb - VAAR - Principal; Receitas Correntes; Transferências Correntes; Transferências da União e de suas Entidades; Transferências de Recursos de Complementaçao da União ao Fundeb - VAAR - Principal; Transferências de Recursos de Complementação da União ao Fundo de Manutenção e Desenvolvimento da Educação Básica e de Valorização dos Profissionais d; Transferências de Recursos de Complementaçao da União ao Fundeb - VAAR; ; Transferências de Recursos de Complementação da União ao Fundo de Manutenção e Desenvolvimento da Educação Básica e de Valorização dos Profissionais d; Transferências de Recursos de Complementaçao da União ao Fundeb - VAAR; Não se aplica; Transferências de Recursos de Complementaçao da União ao Fundeb - VAAR - Principal; Arrecadações; SECRETARIA DE ADMINISTRAÇÃO E FINANÇAS; SECRETARIA DE ADMINISTRAÇÃO E FINANÇAS; SECRETARIA DE ADMINISTRAÇÃO E FINANÇAS; R$ 66.935,00; R$ 66.935,00; R$ 0,00; R$ 0,00; R$ 0,00; R$ 0,00; R$ 66.935,00; 0.0
 24145101000000; Transferências de Convênios da União destinadas a Programas de Educação - Principal; Receitas de Capital; Transferências de Capital; Transferências da União e de suas Entidades; Transferências de Convênios da União destinadas a Programas de Educação - Principal; Transferências de Convênios da União e de suas Entidades; Transferências de Convênios da União destinadas a Programas de Educação; ; Transferências de Convênios da União e de suas Entidades; Transferências de Convênios da União destinadas a Programas de Educação; Não se aplica; Transferências de Convênios da União destinadas a Programas de Educação - Principal; Arrecadações; SECRETARIA DE ADMINISTRAÇÃO E FINANÇAS; SECRETARIA DE ADMINISTRAÇÃO E FINANÇAS; SECRETARIA DE ADMINISTRAÇÃO E FINANÇAS; R$ 1.350.000,00; R$ 1.350.000,00; R$ 0,00; R$ 0,00; R$ 0,00; R$ 0,00; R$ 1.350.000,00; 0.0
 24149901000000; Outras Transferências de Convênios da União e de Suas Entidades - Principal; Receitas de Capital; Transferências de Capital; Transferências da União e de suas Entidades; Outras Transferências de Convênios da União e de Suas Entidades - Principal; Transferências de Convênios da União e de suas Entidades; Outras Transferências de Convênios da União e de Suas Entidades; ; Transferências de Convênios da União e de suas Entidades; Outras Transferências de Convênios da União e de Suas Entidades; Não se aplica; Outras Transferências de Convênios da União e de Suas Entidades - Principal; Arrecadações; SECRETARIA DE ADMINISTRAÇÃO E FINANÇAS; SECRETARIA DE ADMINISTRAÇÃO E FINANÇAS; SECRETARIA DE ADMINISTRAÇÃO E FINANÇAS; R$ 8.445.925,00; R$ 8.445.925,00; R$ 0,00; R$ 0,00; R$ 0,00; R$ 0,00; R$ 8.445.925,00; 0.0
 17145101000000; Transferências Diretas do FNDE referentes ao Programa Dinheiro Direto na Escola  PDDE - Principal; Receitas Correntes; Transferências Correntes; Transferências da União e de suas Entidades; Transferências Diretas do FNDE referentes ao Programa Dinheiro Direto na Escola  PDDE - Principal; Transferências de Recursos do Fundo Nacional do Desenvolvimento da Educação  FNDE?; Transferências Diretas do FNDE referentes ao Programa Dinheiro Direto na Escola  PDDE; ; Transferências de Recursos do Fundo Nacional do Desenvolvimento da Educação  FNDE?; Transferências Diretas do FNDE referentes ao Programa Dinheiro Direto na Escola  PDDE; Não se aplica; Transferências Diretas do FNDE referentes ao Programa Dinheiro Direto na Escola  PDDE - Principal; Arrecadações; SECRETARIA DE ADMINISTRAÇÃO E FINANÇAS; SECRETARIA DE ADMINISTRAÇÃO E FINANÇAS; SECRETARIA DE ADMINISTRAÇÃO E FINANÇAS; R$ 1.680,00; R$ 1.680,00; R$ 0,00; R$ 0,00; R$ 0,00; R$ 0,00; R$ 1.680,00; 0.0
 17115121000000; Cota-Parte do Fundo de Participação do Municípios  Cotas Extraordinárias - Principal; Receitas Correntes; Transferências Correntes; Transferências da União e de suas Entidades; Cota-Parte do Fundo de Participação do Municípios  Cotas Extraordinárias - Principal; Transferências Decorrentes de Participação na Receita da União; Cota-Parte do Fundo de Participação dos Municípios - FPM; Cota-Parte do Fundo de Participação do Municípios  Cotas Extraordinárias; Transferências Decorrentes de Participação na Receita da União; Cota-Parte do Fundo de Participação dos Municípios - FPM; Cota-Parte do Fundo de Participação do Municípios  Cotas Extraordinárias; Cota-Parte do Fundo de Participação do Municípios  Cotas Extraordinárias - Principal; Arrecadações; SECRETARIA DE ADMINISTRAÇÃO E FINANÇAS; SECRETARIA DE ADMINISTRAÇÃO E FINANÇAS; SECRETARIA DE ADMINISTRAÇÃO E FINANÇAS; R$ 2.705.078,00; R$ 2.705.078,00; R$ 0,00; R$ 0,00; R$ 0,00; R$ 0,00; R$ 2.705.078,00; 0.0
 11215003000000; Taxa de Fiscalização de Vigilância Sanitária - Dívida Ativa; Receitas Correntes; Impostos, Taxas e Contribuições de Melhoria; Taxas; Taxa de Fiscalização de Vigilância Sanitária - Dívida Ativa; Taxas pelo Exercício do Poder de Polícia; Taxa de Fiscalização de Vigilância Sanitária; ; Taxas pelo Exercício do Poder de Polícia; Taxa de Fiscalização de Vigilância Sanitária; Não se aplica; Taxa de Fiscalização de Vigilância Sanitária - Dívida Ativa; Arrecadações; SECRETARIA DE ADMINISTRAÇÃO E FINANÇAS; SECRETARIA DE ADMINISTRAÇÃO E FINANÇAS; SECRETARIA DE ADMINISTRAÇÃO E FINANÇAS; R$ 11,00; R$ 11,00; R$ 0,00; R$ 0,00; R$ 0,00; R$ 0,00; R$ 11,00; 0.0
 11215002000000; Taxa de Fiscalização de Vigilância Sanitária - Multas e Juros de Mora; Receitas Correntes; Impostos, Taxas e Contribuições de Melhoria; Taxas; Taxa de Fiscalização de Vigilância Sanitária - Multas e Juros de Mora; Taxas pelo Exercício do Poder de Polícia; Taxa de Fiscalização de Vigilância Sanitária; ; Taxas pelo Exercício do Poder de Polícia; Taxa de Fiscalização de Vigilância Sanitária; Não se aplica; Taxa de Fiscalização de Vigilância Sanitária - Multas e Juros de Mora; Arrecadações; SECRETARIA DE ADMINISTRAÇÃO E FINANÇAS; SECRETARIA DE ADMINISTRAÇÃO E FINANÇAS; SECRETARIA DE ADMINISTRAÇÃO E FINANÇAS; R$ 11,00; R$ 11,00; R$ 0,00; R$ 0,00; R$ 0,00; R$ 0,00; R$ 11,00; 0.0
 17295101000000; Transferências de Estados destinadas à Assistência Social - Principal; Receitas Correntes; Transferências Correntes; Transferências dos Estados e do Distrito Federal e de suas Entidades; Transferências de Estados destinadas à Assistência Social - Principal; Outras Transferências dos Estados e Distrito Federal; Transferências de Estados destinadas à Assistência Social; ; Outras Transferências dos Estados e Distrito Federal; Transferências de Estados destinadas à Assistência Social; Não se aplica; Transferências de Estados destinadas à Assistência Social - Principal; Arrecadações; SECRETARIA DE DESENVOLVIMENTO SOCIAL E HABITAÇÃO; FUNDO MUNICIPAL DE ASSISTENCIA SOCIAL; SECRETARIA DE DESENVOLVIMENTO SOCIAL E HABITAÇÃO; R$ 224.736,00; R$ 224.736,00; R$ 0,00; R$ 0,00; R$ 0,00; R$ 0,00; R$ 224.736,00; 0.0
 17295101000000; Transferências de Estados destinadas à Assistência Social - Principal; Receitas Correntes; Transferências Correntes; Transferências dos Estados e do Distrito Federal e de suas Entidades; Transferências de Estados destinadas à Assistência Social - Principal; Outras Transferências dos Estados e Distrito Federal; Transferências de Estados destinadas à Assistência Social; ; Outras Transferências dos Estados e Distrito Federal; Transferências de Estados destinadas à Assistência Social; Não se aplica; Transferências de Estados destinadas à Assistência Social - Principal; Arrecadações; SECRETARIA DE DESENVOLVIMENTO SOCIAL E HABITAÇÃO; FUNDO MUNICIPAL DE ASSISTENCIA SOCIAL; SECRETARIA DE DESENVOLVIMENTO SOCIAL E HABITAÇÃO; R$ 0,00; R$ 0,00; R$ 0,00; R$ 0,00; R$ 43.742,32; R$ 43.742,32; R$ 0,00; 0.0
 17215301000000; Cota-Parte da Contribuição de Intervenção no Domínio Econômico - Principal; Receitas Correntes; Transferências Correntes; Transferências dos Estados e do Distrito Federal e de suas Entidades; Cota-Parte da Contribuição de Intervenção no Domínio Econômico - Principal; Participação na Receita dos Estados e Distrito Federal; Cota-Parte da Contribuição de Intervenção no Domínio Econômico; ; Participação na Receita dos Estados e Distrito Federal; Cota-Parte da Contribuição de Intervenção no Domínio Econômico; Não se aplica; Cota-Parte da Contribuição de Intervenção no Domínio Econômico - Principal; Arrecadações; SECRETARIA DE ADMINISTRAÇÃO E FINANÇAS; SECRETARIA DE ADMINISTRAÇÃO E FINANÇAS; SECRETARIA DE ADMINISTRAÇÃO E FINANÇAS; R$ 18.500,00; R$ 18.500,00; R$ 0,00; R$ 0,00; R$ 7.009,05; R$ 7.009,05; R$ 18.500,00; 37.89
 17215301000000; Cota-Parte da Contribuição de Intervenção no Domínio Econômico - Principal; Receitas Correntes; Transferências Correntes; Transferências dos Estados e do Distrito Federal e de suas Entidades; Cota-Parte da Contribuição de Intervenção no Domínio Econômico - Principal; Participação na Receita dos Estados e Distrito Federal; Cota-Parte da Contribuição de Intervenção no Domínio Econômico; ; Participação na Receita dos Estados e Distrito Federal; Cota-Parte da Contribuição de Intervenção no Domínio Econômico; Não se aplica; Cota-Parte da Contribuição de Intervenção no Domínio Econômico - Principal; Arrecadações; SECRETARIA DE ADMINISTRAÇÃO E FINANÇAS; SECRETARIA DE ADMINISTRAÇÃO E FINANÇAS; SECRETARIA DE ADMINISTRAÇÃO E FINANÇAS; R$ 0,00; R$ 0,00; R$ 0,00; R$ 0,00; R$ 5.618,69; R$ 12.627,74; R$ 0,00; 0.0
 24299901000000; Outras Transferências de Recursos dos Estados - Principal; Receitas de Capital; Transferências de Capital; Transferências dos Estados e do Distrito Federal e de suas Entidades; Outras Transferências de Recursos dos Estados - Principal; Outras Transferências de Recursos dos Estados; Outras Transferências de Recursos dos Estados; ; Outras Transferências de Recursos dos Estados; Outras Transferências de Recursos dos Estados; Não se aplica; Outras Transferências de Recursos dos Estados - Principal; Arrecadações; SECRETARIA DE ADMINISTRAÇÃO E FINANÇAS; SECRETARIA DE ADMINISTRAÇÃO E FINANÇAS; SECRETARIA DE ADMINISTRAÇÃO E FINANÇAS; R$ 1.600.000,00; R$ 1.600.000,00; R$ 0,00; R$ 0,00; R$ 0,00; R$ 0,00; R$ 1.600.000,00; 0.0
 22130101000000; Alienação de Bens Móveis e Semoventes - Principal; Receitas de Capital; Alienação de Bens; Alienação de Bens Móveis; Alienação de Bens Móveis e Semoventes - Principal; Alienação de Bens Móveis e Semoventes; Alienação de Bens Móveis e Semoventes; ; Alienação de Bens Móveis e Semoventes; Alienação de Bens Móveis e Semoventes; Não se aplica; Alienação de Bens Móveis e Semoventes - Principal; Arrecadações; SECRETARIA DE ADMINISTRAÇÃO E FINANÇAS; SECRETARIA DE ADMINISTRAÇÃO E FINANÇAS; SECRETARIA DE ADMINISTRAÇÃO E FINANÇAS; R$ 0,00; R$ 0,00; R$ 0,00; R$ 0,00; R$ 85.500,00; R$ 85.500,00; R$ 0,00; 0.0
 17179901000000; Outras Transferências de Convênios da União e de Suas Entidades - Principal; Receitas Correntes; Transferências Correntes; Transferências da União e de suas Entidades; Outras Transferências de Convênios da União e de Suas Entidades - Principal; Transferências de Convênios da União e de Suas Entidades; Outras Transferências de Convênios da União e de Suas Entidades ; ; Transferências de Convênios da União e de Suas Entidades; Outras Transferências de Convênios da União e de Suas Entidades ; Não se aplica; Outras Transferências de Convênios da União e de Suas Entidades - Principal; Arrecadações; SECRETARIA DE TURISMO; DIRETORIA DE TURISMO; SECRETARIA DE TURISMO; R$ 0,00; R$ 0,00; R$ 0,00; R$ 0,00; R$ 200.000,00; R$ 200.000,00; R$ 0,00; 0.0
 11210404000000; Taxa de Controle e Fiscalização Ambiental - Dívida Ativa - Multas e Juros de Mora da Dívida Ativa; Receitas Correntes; Impostos, Taxas e Contribuições de Melhoria; Taxas; Taxa de Controle e Fiscalização Ambiental - Dívida Ativa - Multas e Juros de Mora da Dívida Ativa; Taxas pelo Exercício do Poder de Polícia; Taxa de Controle e Fiscalização Ambiental; ; Taxas pelo Exercício do Poder de Polícia; Taxa de Controle e Fiscalização Ambiental; Não se aplica; Taxa de Controle e Fiscalização Ambiental - Dívida Ativa - Multas e Juros de Mora da Dívida Ativa; Arrecadações; SECRETARIA DE ADMINISTRAÇÃO E FINANÇAS; SECRETARIA DE ADMINISTRAÇÃO E FINANÇAS; SECRETARIA DE ADMINISTRAÇÃO E FINANÇAS; R$ 68,00; R$ 68,00; R$ 0,00; R$ 0,00; R$ 3,67; R$ 3,67; R$ 68,00; 5.4
 11210402000000; Taxa de Controle e Fiscalização Ambiental - Multas e Juros de Mora; Receitas Correntes; Impostos, Taxas e Contribuições de Melhoria; Taxas; Taxa de Controle e Fiscalização Ambiental - Multas e Juros de Mora; Taxas pelo Exercício do Poder de Polícia; Taxa de Controle e Fiscalização Ambiental; ; Taxas pelo Exercício do Poder de Polícia; Taxa de Controle e Fiscalização Ambiental; Não se aplica; Taxa de Controle e Fiscalização Ambiental - Multas e Juros de Mora; Arrecadações; SECRETARIA DE ADMINISTRAÇÃO E FINANÇAS; SECRETARIA DE ADMINISTRAÇÃO E FINANÇAS; SECRETARIA DE ADMINISTRAÇÃO E FINANÇAS; R$ 790,00; R$ 790,00; R$ 0,00; R$ 0,00; R$ 25,62; R$ 25,62; R$ 790,00; 3.24
 11210403000000; Taxa de Controle e Fiscalização Ambiental - Dívida Ativa; Receitas Correntes; Impostos, Taxas e Contribuições de Melhoria; Taxas; Taxa de Controle e Fiscalização Ambiental - Dívida Ativa; Taxas pelo Exercício do Poder de Polícia; Taxa de Controle e Fiscalização Ambiental; ; Taxas pelo Exercício do Poder de Polícia; Taxa de Controle e Fiscalização Ambiental; Não se aplica; Taxa de Controle e Fiscalização Ambiental - Dívida Ativa; Arrecadações; SECRETARIA DE ADMINISTRAÇÃO E FINANÇAS; SECRETARIA DE ADMINISTRAÇÃO E FINANÇAS; SECRETARIA DE ADMINISTRAÇÃO E FINANÇAS; R$ 25,00; R$ 25,00; R$ 0,00; R$ 0,00; R$ 69,67; R$ 69,67; R$ 25,00; 278.68
 11210404000000; Taxa de Controle e Fiscalização Ambiental - Dívida Ativa - Multas e Juros de Mora da Dívida Ativa; Receitas Correntes; Impostos, Taxas e Contribuições de Melhoria; Taxas; Taxa de Controle e Fiscalização Ambiental - Dívida Ativa - Multas e Juros de Mora da Dívida Ativa; Taxas pelo Exercício do Poder de Polícia; Taxa de Controle e Fiscalização Ambiental; ; Taxas pelo Exercício do Poder de Polícia; Taxa de Controle e Fiscalização Ambiental; Não se aplica; Taxa de Controle e Fiscalização Ambiental - Dívida Ativa - Multas e Juros de Mora da Dívida Ativa; Arrecadações; SECRETARIA DE ADMINISTRAÇÃO E FINANÇAS; SECRETARIA DE ADMINISTRAÇÃO E FINANÇAS; SECRETARIA DE ADMINISTRAÇÃO E FINANÇAS; R$ 0,00; R$ 0,00; R$ 0,00; R$ 0,00; R$ 23,07; R$ 26,74; R$ 0,00; 0.0
 11210403000000; Taxa de Controle e Fiscalização Ambiental - Dívida Ativa; Receitas Correntes; Impostos, Taxas e Contribuições de Melhoria; Taxas; Taxa de Controle e Fiscalização Ambiental - Dívida Ativa; Taxas pelo Exercício do Poder de Polícia; Taxa de Controle e Fiscalização Ambiental; ; Taxas pelo Exercício do Poder de Polícia; Taxa de Controle e Fiscalização Ambiental; Não se aplica; Taxa de Controle e Fiscalização Ambiental - Dívida Ativa; Arrecadações; SECRETARIA DE ADMINISTRAÇÃO E FINANÇAS; SECRETARIA DE ADMINISTRAÇÃO E FINANÇAS; SECRETARIA DE ADMINISTRAÇÃO E FINANÇAS; R$ 0,00; R$ 0,00; R$ 0,00; R$ 0,00; R$ 203,25; R$ 272,92; R$ 0,00; 0.0
 11210402000000; Taxa de Controle e Fiscalização Ambiental - Multas e Juros de Mora; Receitas Correntes; Impostos, Taxas e Contribuições de Melhoria; Taxas; Taxa de Controle e Fiscalização Ambiental - Multas e Juros de Mora; Taxas pelo Exercício do Poder de Polícia; Taxa de Controle e Fiscalização Ambiental; ; Taxas pelo Exercício do Poder de Polícia; Taxa de Controle e Fiscalização Ambiental; Não se aplica; Taxa de Controle e Fiscalização Ambiental - Multas e Juros de Mora; Arrecadações; SECRETARIA DE ADMINISTRAÇÃO E FINANÇAS; SECRETARIA DE ADMINISTRAÇÃO E FINANÇAS; SECRETARIA DE ADMINISTRAÇÃO E FINANÇAS; R$ 0,00; R$ 0,00; R$ 0,00; R$ 0,00; R$ 4,31; R$ 29,93; R$ 0,00; 0.0
 11210403000000; Taxa de Controle e Fiscalização Ambiental - Dívida Ativa; Receitas Correntes; Impostos, Taxas e Contribuições de Melhoria; Taxas; Taxa de Controle e Fiscalização Ambiental - Dívida Ativa; Taxas pelo Exercício do Poder de Polícia; Taxa de Controle e Fiscalização Ambiental; ; Taxas pelo Exercício do Poder de Polícia; Taxa de Controle e Fiscalização Ambiental; Não se aplica; Taxa de Controle e Fiscalização Ambiental - Dívida Ativa; Arrecadações; SECRETARIA DE ADMINISTRAÇÃO E FINANÇAS; SECRETARIA DE ADMINISTRAÇÃO E FINANÇAS; SECRETARIA DE ADMINISTRAÇÃO E FINANÇAS; R$ 0,00; R$ 0,00; R$ 0,00; R$ 0,00; R$ 69,19; R$ 342,11; R$ 0,00; 0.0
 11210404000000; Taxa de Controle e Fiscalização Ambiental - Dívida Ativa - Multas e Juros de Mora da Dívida Ativa; Receitas Correntes; Impostos, Taxas e Contribuições de Melhoria; Taxas; Taxa de Controle e Fiscalização Ambiental - Dívida Ativa - Multas e Juros de Mora da Dívida Ativa; Taxas pelo Exercício do Poder de Polícia; Taxa de Controle e Fiscalização Ambiental; ; Taxas pelo Exercício do Poder de Polícia; Taxa de Controle e Fiscalização Ambiental; Não se aplica; Taxa de Controle e Fiscalização Ambiental - Dívida Ativa - Multas e Juros de Mora da Dívida Ativa; Arrecadações; SECRETARIA DE ADMINISTRAÇÃO E FINANÇAS; SECRETARIA DE ADMINISTRAÇÃO E FINANÇAS; SECRETARIA DE ADMINISTRAÇÃO E FINANÇAS; R$ 0,00; R$ 0,00; R$ 0,00; R$ 0,00; R$ 8,31; R$ 35,05; R$ 0,00; 0.0
 11220102000000; Taxas pela Prestação de Serviços em Geral - Multas e Juros de Mora; Receitas Correntes; Impostos, Taxas e Contribuições de Melhoria; Taxas; Taxas pela Prestação de Serviços em Geral - Multas e Juros de Mora; Taxas pela Prestação de Serviços; Taxas pela Prestação de Serviços; ; Taxas pela Prestação de Serviços; Taxas pela Prestação de Serviços; Não se aplica; Taxas pela Prestação de Serviços em Geral - Multas e Juros de Mora; Arrecadações; SECRETARIA DE ADMINISTRAÇÃO E FINANÇAS; SECRETARIA DE ADMINISTRAÇÃO E FINANÇAS; SECRETARIA DE ADMINISTRAÇÃO E FINANÇAS; R$ 45.686,00; R$ 45.686,00; R$ 0,00; R$ 0,00; R$ 245,05; R$ 245,05; R$ 45.686,00; 0.54
 11220102000000; Taxas pela Prestação de Serviços em Geral - Multas e Juros de Mora; Receitas Correntes; Impostos, Taxas e Contribuições de Melhoria; Taxas; Taxas pela Prestação de Serviços em Geral - Multas e Juros de Mora; Taxas pela Prestação de Serviços; Taxas pela Prestação de Serviços; ; Taxas pela Prestação de Serviços; Taxas pela Prestação de Serviços; Não se aplica; Taxas pela Prestação de Serviços em Geral - Multas e Juros de Mora; Arrecadações; SECRETARIA DE ADMINISTRAÇÃO E FINANÇAS; SECRETARIA DE ADMINISTRAÇÃO E FINANÇAS; SECRETARIA DE ADMINISTRAÇÃO E FINANÇAS; R$ 0,00; R$ 0,00; R$ 0,00; R$ 0,00; R$ 28,69; R$ 691,34; R$ 0,00; 0.0
 11220102000000; Taxas pela Prestação de Serviços em Geral - Multas e Juros de Mora; Receitas Correntes; Impostos, Taxas e Contribuições de Melhoria; Taxas; Taxas pela Prestação de Serviços em Geral - Multas e Juros de Mora; Taxas pela Prestação de Serviços; Taxas pela Prestação de Serviços; ; Taxas pela Prestação de Serviços; Taxas pela Prestação de Serviços; Não se aplica; Taxas pela Prestação de Serviços em Geral - Multas e Juros de Mora; Arrecadações; SECRETARIA DE ADMINISTRAÇÃO E FINANÇAS; SECRETARIA DE ADMINISTRAÇÃO E FINANÇAS; SECRETARIA DE ADMINISTRAÇÃO E FINANÇAS; R$ 0,00; R$ 0,00; R$ 0,00; R$ 0,00; R$ 43,52; R$ 288,57; R$ 0,00; 0.0
 11220102000000; Taxas pela Prestação de Serviços em Geral - Multas e Juros de Mora; Receitas Correntes; Impostos, Taxas e Contribuições de Melhoria; Taxas; Taxas pela Prestação de Serviços em Geral - Multas e Juros de Mora; Taxas pela Prestação de Serviços; Taxas pela Prestação de Serviços; ; Taxas pela Prestação de Serviços; Taxas pela Prestação de Serviços; Não se aplica; Taxas pela Prestação de Serviços em Geral - Multas e Juros de Mora; Arrecadações; SECRETARIA DE ADMINISTRAÇÃO E FINANÇAS; SECRETARIA DE ADMINISTRAÇÃO E FINANÇAS; SECRETARIA DE ADMINISTRAÇÃO E FINANÇAS; R$ 0,00; R$ 0,00; R$ 0,00; R$ 0,00; R$ 374,08; R$ 662,65; R$ 0,00; 0.0
 11210401000000; Taxa de Controle e Fiscalização Ambiental - Principal; Receitas Correntes; Impostos, Taxas e Contribuições de Melhoria; Taxas; Taxa de Controle e Fiscalização Ambiental - Principal; Taxas pelo Exercício do Poder de Polícia; Taxa de Controle e Fiscalização Ambiental; ; Taxas pelo Exercício do Poder de Polícia; Taxa de Controle e Fiscalização Ambiental; Não se aplica; Taxa de Controle e Fiscalização Ambiental - Principal; Arrecadações; SECRETARIA DE ADMINISTRAÇÃO E FINANÇAS; SECRETARIA DE ADMINISTRAÇÃO E FINANÇAS; SECRETARIA DE ADMINISTRAÇÃO E FINANÇAS; R$ 14.342,00; R$ 14.342,00; R$ 0,00; R$ 0,00; R$ 17.304,35; R$ 17.304,35; R$ 14.342,00; 120.66
 11210401000000; Taxa de Controle e Fiscalização Ambiental - Principal; Receitas Correntes; Impostos, Taxas e Contribuições de Melhoria; Taxas; Taxa de Controle e Fiscalização Ambiental - Principal; Taxas pelo Exercício do Poder de Polícia; Taxa de Controle e Fiscalização Ambiental; ; Taxas pelo Exercício do Poder de Polícia; Taxa de Controle e Fiscalização Ambiental; Não se aplica; Taxa de Controle e Fiscalização Ambiental - Principal; Arrecadações; SECRETARIA DE ADMINISTRAÇÃO E FINANÇAS; SECRETARIA DE ADMINISTRAÇÃO E FINANÇAS; SECRETARIA DE ADMINISTRAÇÃO E FINANÇAS; R$ 0,00; R$ 0,00; R$ 0,00; R$ 0,00; R$ 17.203,66; R$ 34.508,01; R$ 0,00; 0.0
 11210401000000; Taxa de Controle e Fiscalização Ambiental - Principal; Receitas Correntes; Impostos, Taxas e Contribuições de Melhoria; Taxas; Taxa de Controle e Fiscalização Ambiental - Principal; Taxas pelo Exercício do Poder de Polícia; Taxa de Controle e Fiscalização Ambiental; ; Taxas pelo Exercício do Poder de Polícia; Taxa de Controle e Fiscalização Ambiental; Não se aplica; Taxa de Controle e Fiscalização Ambiental - Principal; Arrecadações; SECRETARIA DE ADMINISTRAÇÃO E FINANÇAS; SECRETARIA DE ADMINISTRAÇÃO E FINANÇAS; SECRETARIA DE ADMINISTRAÇÃO E FINANÇAS; R$ 0,00; R$ 0,00; R$ 0,00; R$ 0,00; R$ 14.266,14; R$ 59.828,16; R$ 0,00; 0.0
 11210401000000; Taxa de Controle e Fiscalização Ambiental - Principal; Receitas Correntes; Impostos, Taxas e Contribuições de Melhoria; Taxas; Taxa de Controle e Fiscalização Ambiental - Principal; Taxas pelo Exercício do Poder de Polícia; Taxa de Controle e Fiscalização Ambiental; ; Taxas pelo Exercício do Poder de Polícia; Taxa de Controle e Fiscalização Ambiental; Não se aplica; Taxa de Controle e Fiscalização Ambiental - Principal; Arrecadações; SECRETARIA DE ADMINISTRAÇÃO E FINANÇAS; SECRETARIA DE ADMINISTRAÇÃO E FINANÇAS; SECRETARIA DE ADMINISTRAÇÃO E FINANÇAS; R$ 0,00; R$ 0,00; R$ 0,00; R$ 0,00; R$ 342,80; R$ 60.170,96; R$ 0,00; 0.0
 11210401000000; Taxa de Controle e Fiscalização Ambiental - Principal; Receitas Correntes; Impostos, Taxas e Contribuições de Melhoria; Taxas; Taxa de Controle e Fiscalização Ambiental - Principal; Taxas pelo Exercício do Poder de Polícia; Taxa de Controle e Fiscalização Ambiental; ; Taxas pelo Exercício do Poder de Polícia; Taxa de Controle e Fiscalização Ambiental; Não se aplica; Taxa de Controle e Fiscalização Ambiental - Principal; Arrecadações; SECRETARIA DE ADMINISTRAÇÃO E FINANÇAS; SECRETARIA DE ADMINISTRAÇÃO E FINANÇAS; SECRETARIA DE ADMINISTRAÇÃO E FINANÇAS; R$ 0,00; R$ 0,00; R$ 0,00; R$ 0,00; R$ 11.054,01; R$ 45.562,02; R$ 0,00; 0.0
 17125101000000; Cota-parte da Compensação Financeira pela Exploração de Recursos Minerais - CFEM - Principal; Receitas Correntes; Transferências Correntes; Transferências da União e de suas Entidades; Cota-parte da Compensação Financeira pela Exploração de Recursos Minerais - CFEM - Principal; Transferências das Compensações Financeiras pela Exploração de Recursos Naturais; Cota-parte da Compensação Financeira pela Exploração de Recursos Minerais - CFEM; ; Transferências das Compensações Financeiras pela Exploração de Recursos Naturais; Cota-parte da Compensação Financeira pela Exploração de Recursos Minerais - CFEM; Não se aplica; Cota-parte da Compensação Financeira pela Exploração de Recursos Minerais - CFEM - Principal; Arrecadações; SECRETARIA DE ADMINISTRAÇÃO E FINANÇAS; SECRETARIA DE ADMINISTRAÇÃO E FINANÇAS; SECRETARIA DE ADMINISTRAÇÃO E FINANÇAS; R$ 125.968,00; R$ 125.968,00; R$ 0,00; R$ 0,00; R$ 7.752,65; R$ 7.752,65; R$ 125.968,00; 6.15
 17115201000000; Cota-Parte do Imposto Sobre a Propriedade Territorial Rural - Principal; Receitas Correntes; Transferências Correntes; Transferências da União e de suas Entidades; Cota-Parte do Imposto Sobre a Propriedade Territorial Rural - Principal; Transferências Decorrentes de Participação na Receita da União; Cota-Parte do Imposto Sobre a Propriedade Territorial Rural; ; Transferências Decorrentes de Participação na Receita da União; Cota-Parte do Imposto Sobre a Propriedade Territorial Rural; Não se aplica; Cota-Parte do Imposto Sobre a Propriedade Territorial Rural - Principal; Arrecadações; SECRETARIA DE ADMINISTRAÇÃO E FINANÇAS; SECRETARIA DE ADMINISTRAÇÃO E FINANÇAS; SECRETARIA DE ADMINISTRAÇÃO E FINANÇAS; R$ 139.530,00; R$ 139.530,00; R$ 27.906,00; R$ 0,00; R$ 678,30; R$ 678,30; R$ 111.624,00; 0.46
 17115201000000; Cota-Parte do Imposto Sobre a Propriedade Territorial Rural - Principal; Receitas Correntes; Transferências Correntes; Transferências da União e de suas Entidades; Cota-Parte do Imposto Sobre a Propriedade Territorial Rural - Principal; Transferências Decorrentes de Participação na Receita da União; Cota-Parte do Imposto Sobre a Propriedade Territorial Rural; ; Transferências Decorrentes de Participação na Receita da União; Cota-Parte do Imposto Sobre a Propriedade Territorial Rural; Não se aplica; Cota-Parte do Imposto Sobre a Propriedade Territorial Rural - Principal; Arrecadações; SECRETARIA DE ADMINISTRAÇÃO E FINANÇAS; SECRETARIA DE ADMINISTRAÇÃO E FINANÇAS; SECRETARIA DE ADMINISTRAÇÃO E FINANÇAS; R$ 0,00; R$ 0,00; R$ 0,00; R$ 0,00; R$ 921,52; R$ 1.599,82; R$ 0,00; 0.0
 17125101000000; Cota-parte da Compensação Financeira pela Exploração de Recursos Minerais - CFEM - Principal; Receitas Correntes; Transferências Correntes; Transferências da União e de suas Entidades; Cota-parte da Compensação Financeira pela Exploração de Recursos Minerais - CFEM - Principal; Transferências das Compensações Financeiras pela Exploração de Recursos Naturais; Cota-parte da Compensação Financeira pela Exploração de Recursos Minerais - CFEM; ; Transferências das Compensações Financeiras pela Exploração de Recursos Naturais; Cota-parte da Compensação Financeira pela Exploração de Recursos Minerais - CFEM; Não se aplica; Cota-parte da Compensação Financeira pela Exploração de Recursos Minerais - CFEM - Principal; Arrecadações; SECRETARIA DE ADMINISTRAÇÃO E FINANÇAS; SECRETARIA DE ADMINISTRAÇÃO E FINANÇAS; SECRETARIA DE ADMINISTRAÇÃO E FINANÇAS; R$ 0,00; R$ 0,00; R$ 0,00; R$ 0,00; R$ 6.097,28; R$ 13.849,93; R$ 0,00; 0.0
 17115201000000; Cota-Parte do Imposto Sobre a Propriedade Territorial Rural - Principal; Receitas Correntes; Transferências Correntes; Transferências da União e de suas Entidades; Cota-Parte do Imposto Sobre a Propriedade Territorial Rural - Principal; Transferências Decorrentes de Participação na Receita da União; Cota-Parte do Imposto Sobre a Propriedade Territorial Rural; ; Transferências Decorrentes de Participação na Receita da União; Cota-Parte do Imposto Sobre a Propriedade Territorial Rural; Não se aplica; Cota-Parte do Imposto Sobre a Propriedade Territorial Rural - Principal; Arrecadações; SECRETARIA DE ADMINISTRAÇÃO E FINANÇAS; SECRETARIA DE ADMINISTRAÇÃO E FINANÇAS; SECRETARIA DE ADMINISTRAÇÃO E FINANÇAS; R$ 0,00; R$ 0,00; R$ 0,00; R$ 0,00; R$ 673,45; R$ 2.273,27; R$ 0,00; 0.0
 17125101000000; Cota-parte da Compensação Financeira pela Exploração de Recursos Minerais - CFEM - Principal; Receitas Correntes; Transferências Correntes; Transferências da União e de suas Entidades; Cota-parte da Compensação Financeira pela Exploração de Recursos Minerais - CFEM - Principal; Transferências das Compensações Financeiras pela Exploração de Recursos Naturais; Cota-parte da Compensação Financeira pela Exploração de Recursos Minerais - CFEM; ; Transferências das Compensações Financeiras pela Exploração de Recursos Naturais; Cota-parte da Compensação Financeira pela Exploração de Recursos Minerais - CFEM; Não se aplica; Cota-parte da Compensação Financeira pela Exploração de Recursos Minerais - CFEM - Principal; Arrecadações; SECRETARIA DE ADMINISTRAÇÃO E FINANÇAS; SECRETARIA DE ADMINISTRAÇÃO E FINANÇAS; SECRETARIA DE ADMINISTRAÇÃO E FINANÇAS; R$ 0,00; R$ 0,00; R$ 0,00; R$ 0,00; R$ 4.271,43; R$ 18.121,36; R$ 0,00; 0.0
 17115201000000; Cota-Parte do Imposto Sobre a Propriedade Territorial Rural - Principal; Receitas Correntes; Transferências Correntes; Transferências da União e de suas Entidades; Cota-Parte do Imposto Sobre a Propriedade Territorial Rural - Principal; Transferências Decorrentes de Participação na Receita da União; Cota-Parte do Imposto Sobre a Propriedade Territorial Rural; ; Transferências Decorrentes de Participação na Receita da União; Cota-Parte do Imposto Sobre a Propriedade Territorial Rural; Não se aplica; Cota-Parte do Imposto Sobre a Propriedade Territorial Rural - Principal; Arrecadações; SECRETARIA DE ADMINISTRAÇÃO E FINANÇAS; SECRETARIA DE ADMINISTRAÇÃO E FINANÇAS; SECRETARIA DE ADMINISTRAÇÃO E FINANÇAS; R$ 0,00; R$ 0,00; R$ 0,00; R$ 0,00; R$ 312,71; R$ 2.585,98; R$ 0,00; 0.0
 17125101000000; Cota-parte da Compensação Financeira pela Exploração de Recursos Minerais - CFEM - Principal; Receitas Correntes; Transferências Correntes; Transferências da União e de suas Entidades; Cota-parte da Compensação Financeira pela Exploração de Recursos Minerais - CFEM - Principal; Transferências das Compensações Financeiras pela Exploração de Recursos Naturais; Cota-parte da Compensação Financeira pela Exploração de Recursos Minerais - CFEM; ; Transferências das Compensações Financeiras pela Exploração de Recursos Naturais; Cota-parte da Compensação Financeira pela Exploração de Recursos Minerais - CFEM; Não se aplica; Cota-parte da Compensação Financeira pela Exploração de Recursos Minerais - CFEM - Principal; Arrecadações; SECRETARIA DE ADMINISTRAÇÃO E FINANÇAS; SECRETARIA DE ADMINISTRAÇÃO E FINANÇAS; SECRETARIA DE ADMINISTRAÇÃO E FINANÇAS; R$ 0,00; R$ 0,00; R$ 0,00; R$ 0,00; R$ 3.241,96; R$ 21.363,32; R$ 0,00; 0.0
 17115201000000; Cota-Parte do Imposto Sobre a Propriedade Territorial Rural - Principal; Receitas Correntes; Transferências Correntes; Transferências da União e de suas Entidades; Cota-Parte do Imposto Sobre a Propriedade Territorial Rural - Principal; Transferências Decorrentes de Participação na Receita da União; Cota-Parte do Imposto Sobre a Propriedade Territorial Rural; ; Transferências Decorrentes de Participação na Receita da União; Cota-Parte do Imposto Sobre a Propriedade Territorial Rural; Não se aplica; Cota-Parte do Imposto Sobre a Propriedade Territorial Rural - Principal; Arrecadações; SECRETARIA DE ADMINISTRAÇÃO E FINANÇAS; SECRETARIA DE ADMINISTRAÇÃO E FINANÇAS; SECRETARIA DE ADMINISTRAÇÃO E FINANÇAS; R$ 0,00; R$ 0,00; R$ 0,00; R$ 0,00; R$ 104,80; R$ 2.690,78; R$ 0,00; 0.0
 17125101000000; Cota-parte da Compensação Financeira pela Exploração de Recursos Minerais - CFEM - Principal; Receitas Correntes; Transferências Correntes; Transferências da União e de suas Entidades; Cota-parte da Compensação Financeira pela Exploração de Recursos Minerais - CFEM - Principal; Transferências das Compensações Financeiras pela Exploração de Recursos Naturais; Cota-parte da Compensação Financeira pela Exploração de Recursos Minerais - CFEM; ; Transferências das Compensações Financeiras pela Exploração de Recursos Naturais; Cota-parte da Compensação Financeira pela Exploração de Recursos Minerais - CFEM; Não se aplica; Cota-parte da Compensação Financeira pela Exploração de Recursos Minerais - CFEM - Principal; Arrecadações; SECRETARIA DE ADMINISTRAÇÃO E FINANÇAS; SECRETARIA DE ADMINISTRAÇÃO E FINANÇAS; SECRETARIA DE ADMINISTRAÇÃO E FINANÇAS; R$ 0,00; R$ 0,00; R$ 0,00; R$ 0,00; R$ 5.263,26; R$ 26.626,58; R$ 0,00; 0.0
 11210101990000; TPP - Tx Outras; Receitas Correntes; Impostos, Taxas e Contribuições de Melhoria; Taxas; Taxas de Inspeção; Taxas pelo Exercício do Poder de Polícia; Taxas de Inspeção, Controle e Fiscalização; ; Taxas pelo Exercício do Poder de Polícia; Taxas de Inspeção, Controle e Fiscalização; Não se aplica; TPP - Tx Outras; Arrecadações; SECRETARIA DE ADMINISTRAÇÃO E FINANÇAS; SECRETARIA DE ADMINISTRAÇÃO E FINANÇAS; SECRETARIA DE ADMINISTRAÇÃO E FINANÇAS; R$ 452.731,00; R$ 452.731,00; R$ 0,00; R$ 0,00; R$ 53.142,74; R$ 53.142,74; R$ 452.731,00; 11.74
 11210101990000; TPP - Tx Outras; Receitas Correntes; Impostos, Taxas e Contribuições de Melhoria; Taxas; Taxas de Inspeção; Taxas pelo Exercício do Poder de Polícia; Taxas de Inspeção, Controle e Fiscalização; ; Taxas pelo Exercício do Poder de Polícia; Taxas de Inspeção, Controle e Fiscalização; Não se aplica; TPP - Tx Outras; Arrecadações; SECRETARIA DE ADMINISTRAÇÃO E FINANÇAS; SECRETARIA DE ADMINISTRAÇÃO E FINANÇAS; SECRETARIA DE ADMINISTRAÇÃO E FINANÇAS; R$ 0,00; R$ 0,00; R$ 0,00; R$ 0,00; R$ 1.789,72; R$ 54.932,46; R$ 0,00; 0.0
 11210101990000; TPP - Tx Outras; Receitas Correntes; Impostos, Taxas e Contribuições de Melhoria; Taxas; Taxas de Inspeção; Taxas pelo Exercício do Poder de Polícia; Taxas de Inspeção, Controle e Fiscalização; ; Taxas pelo Exercício do Poder de Polícia; Taxas de Inspeção, Controle e Fiscalização; Não se aplica; TPP - Tx Outras; Arrecadações; SECRETARIA DE ADMINISTRAÇÃO E FINANÇAS; SECRETARIA DE ADMINISTRAÇÃO E FINANÇAS; SECRETARIA DE ADMINISTRAÇÃO E FINANÇAS; R$ 0,00; R$ 0,00; R$ 0,00; R$ 0,00; R$ 1.160,00; R$ 56.092,46; R$ 0,00; 0.0
 11210101990000; TPP - Tx Outras; Receitas Correntes; Impostos, Taxas e Contribuições de Melhoria; Taxas; Taxas de Inspeção; Taxas pelo Exercício do Poder de Polícia; Taxas de Inspeção, Controle e Fiscalização; ; Taxas pelo Exercício do Poder de Polícia; Taxas de Inspeção, Controle e Fiscalização; Não se aplica; TPP - Tx Outras; Arrecadações; SECRETARIA DE ADMINISTRAÇÃO E FINANÇAS; SECRETARIA DE ADMINISTRAÇÃO E FINANÇAS; SECRETARIA DE ADMINISTRAÇÃO E FINANÇAS; R$ 0,00; R$ 0,00; R$ 0,00; R$ 0,00; R$ 68.160,00; R$ 124.252,46; R$ 0,00; 0.0
 11215001000000; Taxa de Fiscalização de Vigilância Sanitária - Principal; Receitas Correntes; Impostos, Taxas e Contribuições de Melhoria; Taxas; Taxa de Fiscalização de Vigilância Sanitária - Principal; Taxas pelo Exercício do Poder de Polícia; Taxa de Fiscalização de Vigilância Sanitária; ; Taxas pelo Exercício do Poder de Polícia; Taxa de Fiscalização de Vigilância Sanitária; Não se aplica; Taxa de Fiscalização de Vigilância Sanitária - Principal; Arrecadações; SECRETARIA DE ADMINISTRAÇÃO E FINANÇAS; SECRETARIA DE ADMINISTRAÇÃO E FINANÇAS; SECRETARIA DE ADMINISTRAÇÃO E FINANÇAS; R$ 594.271,00; R$ 594.271,00; R$ 0,00; R$ 0,00; R$ 1.154,58; R$ 1.154,58; R$ 594.271,00; 0.19
 11215001000000; Taxa de Fiscalização de Vigilância Sanitária - Principal; Receitas Correntes; Impostos, Taxas e Contribuições de Melhoria; Taxas; Taxa de Fiscalização de Vigilância Sanitária - Principal; Taxas pelo Exercício do Poder de Polícia; Taxa de Fiscalização de Vigilância Sanitária; ; Taxas pelo Exercício do Poder de Polícia; Taxa de Fiscalização de Vigilância Sanitária; Não se aplica; Taxa de Fiscalização de Vigilância Sanitária - Principal; Arrecadações; SECRETARIA DE ADMINISTRAÇÃO E FINANÇAS; SECRETARIA DE ADMINISTRAÇÃO E FINANÇAS; SECRETARIA DE ADMINISTRAÇÃO E FINANÇAS; R$ 0,00; R$ 0,00; R$ 0,00; R$ 0,00; R$ 26.099,30; R$ 27.253,88; R$ 0,00; 0.0
 11215001000000; Taxa de Fiscalização de Vigilância Sanitária - Principal; Receitas Correntes; Impostos, Taxas e Contribuições de Melhoria; Taxas; Taxa de Fiscalização de Vigilância Sanitária - Principal; Taxas pelo Exercício do Poder de Polícia; Taxa de Fiscalização de Vigilância Sanitária; ; Taxas pelo Exercício do Poder de Polícia; Taxa de Fiscalização de Vigilância Sanitária; Não se aplica; Taxa de Fiscalização de Vigilância Sanitária - Principal; Arrecadações; SECRETARIA DE ADMINISTRAÇÃO E FINANÇAS; SECRETARIA DE ADMINISTRAÇÃO E FINANÇAS; SECRETARIA DE ADMINISTRAÇÃO E FINANÇAS; R$ 0,00; R$ 0,00; R$ 0,00; R$ 0,00; R$ 4.334,50; R$ 38.402,96; R$ 0,00; 0.0
 11215001000000; Taxa de Fiscalização de Vigilância Sanitária - Principal; Receitas Correntes; Impostos, Taxas e Contribuições de Melhoria; Taxas; Taxa de Fiscalização de Vigilância Sanitária - Principal; Taxas pelo Exercício do Poder de Polícia; Taxa de Fiscalização de Vigilância Sanitária; ; Taxas pelo Exercício do Poder de Polícia; Taxa de Fiscalização de Vigilância Sanitária; Não se aplica; Taxa de Fiscalização de Vigilância Sanitária - Principal; Arrecadações; SECRETARIA DE ADMINISTRAÇÃO E FINANÇAS; SECRETARIA DE ADMINISTRAÇÃO E FINANÇAS; SECRETARIA DE ADMINISTRAÇÃO E FINANÇAS; R$ 0,00; R$ 0,00; R$ 0,00; R$ 0,00; R$ 6.814,58; R$ 34.068,46; R$ 0,00; 0.0
 11225302000000; TPS Limpeza Pública e Manejo de Resíduos Sólidos - Multas e Juros; Receitas Correntes; Impostos, Taxas e Contribuições de Melhoria; Taxas; TPS Limpeza Pública e Manejo de Resíduos Sólidos - Multas e Juros; Taxas pela Prestação de Serviços; TPS Limpeza Pública e Manejo de Resíduos Sólidos; ; Taxas pela Prestação de Serviços; TPS Limpeza Pública e Manejo de Resíduos Sólidos; Não se aplica; TPS Limpeza Pública e Manejo de Resíduos Sólidos - Multas e Juros; Arrecadações; SECRETARIA DE ADMINISTRAÇÃO E FINANÇAS; SECRETARIA DE ADMINISTRAÇÃO E FINANÇAS; SECRETARIA DE ADMINISTRAÇÃO E FINANÇAS; R$ 23.837,00; R$ 23.837,00; R$ 0,00; R$ 0,00; R$ 1.776,04; R$ 1.776,04; R$ 23.837,00; 7.45
 11145114000000; Imposto sobre Serviços de Qualquer Natureza - ISSQN - Dívida Ativa - Multas e Juros de Mora da Dívida Ativa; Receitas Correntes; Impostos, Taxas e Contribuições de Melhoria; Impostos; Imposto sobre Serviços de Qualquer Natureza - ISSQN - Dívida Ativa - Multas e Juros de Mora da Dívida Ativa; Impostos sobre Produção, Circulação e Serviços; Impostos sobre Serviços; Imposto sobre Serviços de Qualquer Natureza - ISSQN; Impostos sobre Produção, Circulação e Serviços; Impostos sobre Serviços; Imposto sobre Serviços de Qualquer Natureza - ISSQN; Imposto sobre Serviços de Qualquer Natureza - ISSQN - Dívida Ativa - Multas e Juros de Mora da Dívida Ativa; Arrecadações; SECRETARIA DE ADMINISTRAÇÃO E FINANÇAS; SECRETARIA DE ADMINISTRAÇÃO E FINANÇAS; SECRETARIA DE ADMINISTRAÇÃO E FINANÇAS; R$ 775,00; R$ 775,00; R$ 0,00; R$ 0,00; R$ 142,42; R$ 142,42; R$ 775,00; 1.61
 11220103000000; Taxas pela Prestação de Serviços em Geral - Dívida Ativa; Receitas Correntes; Impostos, Taxas e Contribuições de Melhoria; Taxas; Taxas pela Prestação de Serviços em Geral - Dívida Ativa; Taxas pela Prestação de Serviços; Taxas pela Prestação de Serviços; ; Taxas pela Prestação de Serviços; Taxas pela Prestação de Serviços; Não se aplica; Taxas pela Prestação de Serviços em Geral - Dívida Ativa; Arrecadações; SECRETARIA DE ADMINISTRAÇÃO E FINANÇAS; SECRETARIA DE ADMINISTRAÇÃO E FINANÇAS; SECRETARIA DE ADMINISTRAÇÃO E FINANÇAS; R$ 467.390,00; R$ 467.390,00; R$ 0,00; R$ 0,00; R$ 2.185,78; R$ 2.185,78; R$ 467.390,00; 0.47
 11210104000000; Taxas de Inspeção, Contr. e Fisc. - DA - Multas e Juros; Receitas Correntes; Impostos, Taxas e Contribuições de Melhoria; Taxas; Taxas de Inspeção, Contr. e Fisc. - DA - Multas e Juros; Taxas pelo Exercício do Poder de Polícia; Taxas de Inspeção, Controle e Fiscalização; ; Taxas pelo Exercício do Poder de Polícia; Taxas de Inspeção, Controle e Fiscalização; Não se aplica; Taxas de Inspeção, Contr. e Fisc. - DA - Multas e Juros; Arrecadações; SECRETARIA DE ADMINISTRAÇÃO E FINANÇAS; SECRETARIA DE ADMINISTRAÇÃO E FINANÇAS; SECRETARIA DE ADMINISTRAÇÃO E FINANÇAS; R$ 2.963,00; R$ 2.963,00; R$ 0,00; R$ 0,00; R$ 78,69; R$ 78,69; R$ 2.963,00; 2.31
 11145113000000; Imposto sobre Serviços de Qualquer Natureza - ISSQN - Dívida Ativa; Receitas Correntes; Impostos, Taxas e Contribuições de Melhoria; Impostos; Imposto sobre Serviços de Qualquer Natureza - ISSQN - Dívida Ativa; Impostos sobre Produção, Circulação e Serviços; Impostos sobre Serviços; Imposto sobre Serviços de Qualquer Natureza - ISSQN; Impostos sobre Produção, Circulação e Serviços; Impostos sobre Serviços; Imposto sobre Serviços de Qualquer Natureza - ISSQN; Imposto sobre Serviços de Qualquer Natureza - ISSQN - Dívida Ativa; Arrecadações; SECRETARIA DE ADMINISTRAÇÃO E FINANÇAS; SECRETARIA DE ADMINISTRAÇÃO E FINANÇAS; SECRETARIA DE ADMINISTRAÇÃO E FINANÇAS; R$ 10.427,00; R$ 10.427,00; R$ 0,00; R$ 0,00; R$ 31.134,74; R$ 31.134,74; R$ 10.427,00; 298.6
 11220104000000; Taxas pela Prestação de Serviços em Geral - Dívida Ativa - Multas e Juros de Mora da Dívida Ativa; Receitas Correntes; Impostos, Taxas e Contribuições de Melhoria; Taxas; Taxas pela Prestação de Serviços em Geral - Dívida Ativa - Multas e Juros de Mora da Dívida Ativa; Taxas pela Prestação de Serviços; Taxas pela Prestação de Serviços; ; Taxas pela Prestação de Serviços; Taxas pela Prestação de Serviços; Não se aplica; Taxas pela Prestação de Serviços em Geral - Dívida Ativa - Multas e Juros de Mora da Dívida Ativa; Arrecadações; SECRETARIA DE ADMINISTRAÇÃO E FINANÇAS; SECRETARIA DE ADMINISTRAÇÃO E FINANÇAS; SECRETARIA DE ADMINISTRAÇÃO E FINANÇAS; R$ 191.582,00; R$ 191.582,00; R$ 0,00; R$ 0,00; R$ 584,34; R$ 584,34; R$ 191.582,00; -0.86
 11210103000000; Taxas de Inspeção, Contr. e Fisc. - Dívida Ativa; Receitas Correntes; Impostos, Taxas e Contribuições de Melhoria; Taxas; Taxas de Inspeção, Contr. e Fisc. - Dívida Ativa; Taxas pelo Exercício do Poder de Polícia; Taxas de Inspeção, Controle e Fiscalização; ; Taxas pelo Exercício do Poder de Polícia; Taxas de Inspeção, Controle e Fiscalização; Não se aplica; Taxas de Inspeção, Contr. e Fisc. - Dívida Ativa; Arrecadações; SECRETARIA DE ADMINISTRAÇÃO E FINANÇAS; SECRETARIA DE ADMINISTRAÇÃO E FINANÇAS; SECRETARIA DE ADMINISTRAÇÃO E FINANÇAS; R$ 4.284,00; R$ 4.284,00; R$ 0,00; R$ 0,00; R$ 910,51; R$ 910,51; R$ 4.284,00; 21.25
 11145114000000; Imposto sobre Serviços de Qualquer Natureza - ISSQN - Dívida Ativa - Multas e Juros de Mora da Dívida Ativa; Receitas Correntes; Impostos, Taxas e Contribuições de Melhoria; Impostos; Imposto sobre Serviços de Qualquer Natureza - ISSQN - Dívida Ativa - Multas e Juros de Mora da Dívida Ativa; Impostos sobre Produção, Circulação e Serviços; Impostos sobre Serviços; Imposto sobre Serviços de Qualquer Natureza - ISSQN; Impostos sobre Produção, Circulação e Serviços; Impostos sobre Serviços; Imposto sobre Serviços de Qualquer Natureza - ISSQN; Imposto sobre Serviços de Qualquer Natureza - ISSQN - Dívida Ativa - Multas e Juros de Mora da Dívida Ativa; Arrecadações; SECRETARIA DE ADMINISTRAÇÃO E FINANÇAS; SECRETARIA DE ADMINISTRAÇÃO E FINANÇAS; SECRETARIA DE ADMINISTRAÇÃO E FINANÇAS; R$ 0,00; R$ 0,00; R$ 0,00; R$ 0,00; R$ 146,32; R$ 560,48; R$ 0,00; 0.0
 11220103000000; Taxas pela Prestação de Serviços em Geral - Dívida Ativa; Receitas Correntes; Impostos, Taxas e Contribuições de Melhoria; Taxas; Taxas pela Prestação de Serviços em Geral - Dívida Ativa; Taxas pela Prestação de Serviços; Taxas pela Prestação de Serviços; ; Taxas pela Prestação de Serviços; Taxas pela Prestação de Serviços; Não se aplica; Taxas pela Prestação de Serviços em Geral - Dívida Ativa; Arrecadações; SECRETARIA DE ADMINISTRAÇÃO E FINANÇAS; SECRETARIA DE ADMINISTRAÇÃO E FINANÇAS; SECRETARIA DE ADMINISTRAÇÃO E FINANÇAS; R$ 0,00; R$ 0,00; R$ 0,00; R$ 0,00; R$ 3.426,84; R$ 9.434,25; R$ 0,00; 0.0
 11210103000000; Taxas de Inspeção, Contr. e Fisc. - Dívida Ativa; Receitas Correntes; Impostos, Taxas e Contribuições de Melhoria; Taxas; Taxas de Inspeção, Contr. e Fisc. - Dívida Ativa; Taxas pelo Exercício do Poder de Polícia; Taxas de Inspeção, Controle e Fiscalização; ; Taxas pelo Exercício do Poder de Polícia; Taxas de Inspeção, Controle e Fiscalização; Não se aplica; Taxas de Inspeção, Contr. e Fisc. - Dívida Ativa; Arrecadações; SECRETARIA DE ADMINISTRAÇÃO E FINANÇAS; SECRETARIA DE ADMINISTRAÇÃO E FINANÇAS; SECRETARIA DE ADMINISTRAÇÃO E FINANÇAS; R$ 0,00; R$ 0,00; R$ 0,00; R$ 0,00; R$ 2.085,60; R$ 5.418,49; R$ 0,00; 0.0
 11210103000000; Taxas de Inspeção, Contr. e Fisc. - Dívida Ativa; Receitas Correntes; Impostos, Taxas e Contribuições de Melhoria; Taxas; Taxas de Inspeção, Contr. e Fisc. - Dívida Ativa; Taxas pelo Exercício do Poder de Polícia; Taxas de Inspeção, Controle e Fiscalização; ; Taxas pelo Exercício do Poder de Polícia; Taxas de Inspeção, Controle e Fiscalização; Não se aplica; Taxas de Inspeção, Contr. e Fisc. - Dívida Ativa; Arrecadações; SECRETARIA DE ADMINISTRAÇÃO E FINANÇAS; SECRETARIA DE ADMINISTRAÇÃO E FINANÇAS; SECRETARIA DE ADMINISTRAÇÃO E FINANÇAS; R$ 0,00; R$ 0,00; R$ 0,00; R$ 0,00; R$ 2.980,84; R$ 8.399,33; R$ 0,00; 0.0
 11145114000000; Imposto sobre Serviços de Qualquer Natureza - ISSQN - Dívida Ativa - Multas e Juros de Mora da Dívida Ativa; Receitas Correntes; Impostos, Taxas e Contribuições de Melhoria; Impostos; Imposto sobre Serviços de Qualquer Natureza - ISSQN - Dívida Ativa - Multas e Juros de Mora da Dívida Ativa; Impostos sobre Produção, Circulação e Serviços; Impostos sobre Serviços; Imposto sobre Serviços de Qualquer Natureza - ISSQN; Impostos sobre Produção, Circulação e Serviços; Impostos sobre Serviços; Imposto sobre Serviços de Qualquer Natureza - ISSQN; Imposto sobre Serviços de Qualquer Natureza - ISSQN - Dívida Ativa - Multas e Juros de Mora da Dívida Ativa; Arrecadações; SECRETARIA DE ADMINISTRAÇÃO E FINANÇAS; SECRETARIA DE ADMINISTRAÇÃO E FINANÇAS; SECRETARIA DE ADMINISTRAÇÃO E FINANÇAS; R$ 0,00; R$ 0,00; R$ 0,00; R$ 0,00; R$ 224,89; R$ 785,37; R$ 0,00; 0.0
 11225302000000; TPS Limpeza Pública e Manejo de Resíduos Sólidos - Multas e Juros; Receitas Correntes; Impostos, Taxas e Contribuições de Melhoria; Taxas; TPS Limpeza Pública e Manejo de Resíduos Sólidos - Multas e Juros; Taxas pela Prestação de Serviços; TPS Limpeza Pública e Manejo de Resíduos Sólidos; ; Taxas pela Prestação de Serviços; TPS Limpeza Pública e Manejo de Resíduos Sólidos; Não se aplica; TPS Limpeza Pública e Manejo de Resíduos Sólidos - Multas e Juros; Arrecadações; SECRETARIA DE ADMINISTRAÇÃO E FINANÇAS; SECRETARIA DE ADMINISTRAÇÃO E FINANÇAS; SECRETARIA DE ADMINISTRAÇÃO E FINANÇAS; R$ 0,00; R$ 0,00; R$ 0,00; R$ 0,00; R$ 1.178,01; R$ 3.543,98; R$ 0,00; 0.0
 11220103000000; Taxas pela Prestação de Serviços em Geral - Dívida Ativa; Receitas Correntes; Impostos, Taxas e Contribuições de Melhoria; Taxas; Taxas pela Prestação de Serviços em Geral - Dívida Ativa; Taxas pela Prestação de Serviços; Taxas pela Prestação de Serviços; ; Taxas pela Prestação de Serviços; Taxas pela Prestação de Serviços; Não se aplica; Taxas pela Prestação de Serviços em Geral - Dívida Ativa; Arrecadações; SECRETARIA DE ADMINISTRAÇÃO E FINANÇAS; SECRETARIA DE ADMINISTRAÇÃO E FINANÇAS; SECRETARIA DE ADMINISTRAÇÃO E FINANÇAS; R$ 0,00; R$ 0,00; R$ 0,00; R$ 0,00; R$ 1.906,07; R$ 11.340,32; R$ 0,00; 0.0
 11220104000000; Taxas pela Prestação de Serviços em Geral - Dívida Ativa - Multas e Juros de Mora da Dívida Ativa; Receitas Correntes; Impostos, Taxas e Contribuições de Melhoria; Taxas; Taxas pela Prestação de Serviços em Geral - Dívida Ativa - Multas e Juros de Mora da Dívida Ativa; Taxas pela Prestação de Serviços; Taxas pela Prestação de Serviços; ; Taxas pela Prestação de Serviços; Taxas pela Prestação de Serviços; Não se aplica; Taxas pela Prestação de Serviços em Geral - Dívida Ativa - Multas e Juros de Mora da Dívida Ativa; Arrecadações; SECRETARIA DE ADMINISTRAÇÃO E FINANÇAS; SECRETARIA DE ADMINISTRAÇÃO E FINANÇAS; SECRETARIA DE ADMINISTRAÇÃO E FINANÇAS; R$ 0,00; R$ 0,00; R$ 0,00; R$ 0,00; R$ 517,45; R$ 2.091,28; R$ 0,00; 0.0
 11210104000000; Taxas de Inspeção, Contr. e Fisc. - DA - Multas e Juros; Receitas Correntes; Impostos, Taxas e Contribuições de Melhoria; Taxas; Taxas de Inspeção, Contr. e Fisc. - DA - Multas e Juros; Taxas pelo Exercício do Poder de Polícia; Taxas de Inspeção, Controle e Fiscalização; ; Taxas pelo Exercício do Poder de Polícia; Taxas de Inspeção, Controle e Fiscalização; Não se aplica; Taxas de Inspeção, Contr. e Fisc. - DA - Multas e Juros; Arrecadações; SECRETARIA DE ADMINISTRAÇÃO E FINANÇAS; SECRETARIA DE ADMINISTRAÇÃO E FINANÇAS; SECRETARIA DE ADMINISTRAÇÃO E FINANÇAS; R$ 0,00; R$ 0,00; R$ 0,00; R$ 0,00; R$ 761,20; R$ 1.450,51; R$ 0,00; 0.0
 11145113000000; Imposto sobre Serviços de Qualquer Natureza - ISSQN - Dívida Ativa; Receitas Correntes; Impostos, Taxas e Contribuições de Melhoria; Impostos; Imposto sobre Serviços de Qualquer Natureza - ISSQN - Dívida Ativa; Impostos sobre Produção, Circulação e Serviços; Impostos sobre Serviços; Imposto sobre Serviços de Qualquer Natureza - ISSQN; Impostos sobre Produção, Circulação e Serviços; Impostos sobre Serviços; Imposto sobre Serviços de Qualquer Natureza - ISSQN; Imposto sobre Serviços de Qualquer Natureza - ISSQN - Dívida Ativa; Arrecadações; SECRETARIA DE ADMINISTRAÇÃO E FINANÇAS; SECRETARIA DE ADMINISTRAÇÃO E FINANÇAS; SECRETARIA DE ADMINISTRAÇÃO E FINANÇAS; R$ 0,00; R$ 0,00; R$ 0,00; R$ 0,00; R$ 1.547,58; R$ 37.912,72; R$ 0,00; 0.0
 11145113000000; Imposto sobre Serviços de Qualquer Natureza - ISSQN - Dívida Ativa; Receitas Correntes; Impostos, Taxas e Contribuições de Melhoria; Impostos; Imposto sobre Serviços de Qualquer Natureza - ISSQN - Dívida Ativa; Impostos sobre Produção, Circulação e Serviços; Impostos sobre Serviços; Imposto sobre Serviços de Qualquer Natureza - ISSQN; Impostos sobre Produção, Circulação e Serviços; Impostos sobre Serviços; Imposto sobre Serviços de Qualquer Natureza - ISSQN; Imposto sobre Serviços de Qualquer Natureza - ISSQN - Dívida Ativa; Arrecadações; SECRETARIA DE ADMINISTRAÇÃO E FINANÇAS; SECRETARIA DE ADMINISTRAÇÃO E FINANÇAS; SECRETARIA DE ADMINISTRAÇÃO E FINANÇAS; R$ 0,00; R$ 0,00; R$ 0,00; R$ 0,00; R$ 3.565,60; R$ 34.700,34; R$ 0,00; 0.0
 11220103000000; Taxas pela Prestação de Serviços em Geral - Dívida Ativa; Receitas Correntes; Impostos, Taxas e Contribuições de Melhoria; Taxas; Taxas pela Prestação de Serviços em Geral - Dívida Ativa; Taxas pela Prestação de Serviços; Taxas pela Prestação de Serviços; ; Taxas pela Prestação de Serviços; Taxas pela Prestação de Serviços; Não se aplica; Taxas pela Prestação de Serviços em Geral - Dívida Ativa; Arrecadações; SECRETARIA DE ADMINISTRAÇÃO E FINANÇAS; SECRETARIA DE ADMINISTRAÇÃO E FINANÇAS; SECRETARIA DE ADMINISTRAÇÃO E FINANÇAS; R$ 0,00; R$ 0,00; R$ 0,00; R$ 0,00; R$ 3.821,63; R$ 6.007,41; R$ 0,00; 0.0
 11210103000000; Taxas de Inspeção, Contr. e Fisc. - Dívida Ativa; Receitas Correntes; Impostos, Taxas e Contribuições de Melhoria; Taxas; Taxas de Inspeção, Contr. e Fisc. - Dívida Ativa; Taxas pelo Exercício do Poder de Polícia; Taxas de Inspeção, Controle e Fiscalização; ; Taxas pelo Exercício do Poder de Polícia; Taxas de Inspeção, Controle e Fiscalização; Não se aplica; Taxas de Inspeção, Contr. e Fisc. - Dívida Ativa; Arrecadações; SECRETARIA DE ADMINISTRAÇÃO E FINANÇAS; SECRETARIA DE ADMINISTRAÇÃO E FINANÇAS; SECRETARIA DE ADMINISTRAÇÃO E FINANÇAS; R$ 0,00; R$ 0,00; R$ 0,00; R$ 0,00; R$ 2.422,38; R$ 3.332,89; R$ 0,00; 0.0
 11210104000000; Taxas de Inspeção, Contr. e Fisc. - DA - Multas e Juros; Receitas Correntes; Impostos, Taxas e Contribuições de Melhoria; Taxas; Taxas de Inspeção, Contr. e Fisc. - DA - Multas e Juros; Taxas pelo Exercício do Poder de Polícia; Taxas de Inspeção, Controle e Fiscalização; ; Taxas pelo Exercício do Poder de Polícia; Taxas de Inspeção, Controle e Fiscalização; Não se aplica; Taxas de Inspeção, Contr. e Fisc. - DA - Multas e Juros; Arrecadações; SECRETARIA DE ADMINISTRAÇÃO E FINANÇAS; SECRETARIA DE ADMINISTRAÇÃO E FINANÇAS; SECRETARIA DE ADMINISTRAÇÃO E FINANÇAS; R$ 0,00; R$ 0,00; R$ 0,00; R$ 0,00; R$ 129,60; R$ 208,29; R$ 0,00; 0.0
 11220104000000; Taxas pela Prestação de Serviços em Geral - Dívida Ativa - Multas e Juros de Mora da Dívida Ativa; Receitas Correntes; Impostos, Taxas e Contribuições de Melhoria; Taxas; Taxas pela Prestação de Serviços em Geral - Dívida Ativa - Multas e Juros de Mora da Dívida Ativa; Taxas pela Prestação de Serviços; Taxas pela Prestação de Serviços; ; Taxas pela Prestação de Serviços; Taxas pela Prestação de Serviços; Não se aplica; Taxas pela Prestação de Serviços em Geral - Dívida Ativa - Multas e Juros de Mora da Dívida Ativa; Arrecadações; SECRETARIA DE ADMINISTRAÇÃO E FINANÇAS; SECRETARIA DE ADMINISTRAÇÃO E FINANÇAS; SECRETARIA DE ADMINISTRAÇÃO E FINANÇAS; R$ 0,00; R$ 0,00; R$ 0,00; R$ 0,00; R$ 355,03; R$ 939,37; R$ 0,00; 0.0
 11145114000000; Imposto sobre Serviços de Qualquer Natureza - ISSQN - Dívida Ativa - Multas e Juros de Mora da Dívida Ativa; Receitas Correntes; Impostos, Taxas e Contribuições de Melhoria; Impostos; Imposto sobre Serviços de Qualquer Natureza - ISSQN - Dívida Ativa - Multas e Juros de Mora da Dívida Ativa; Impostos sobre Produção, Circulação e Serviços; Impostos sobre Serviços; Imposto sobre Serviços de Qualquer Natureza - ISSQN; Impostos sobre Produção, Circulação e Serviços; Impostos sobre Serviços; Imposto sobre Serviços de Qualquer Natureza - ISSQN; Imposto sobre Serviços de Qualquer Natureza - ISSQN - Dívida Ativa - Multas e Juros de Mora da Dívida Ativa; Arrecadações; SECRETARIA DE ADMINISTRAÇÃO E FINANÇAS; SECRETARIA DE ADMINISTRAÇÃO E FINANÇAS; SECRETARIA DE ADMINISTRAÇÃO E FINANÇAS; R$ 0,00; R$ 0,00; R$ 0,00; R$ 0,00; R$ 271,74; R$ 414,16; R$ 0,00; 0.0
 11225302000000; TPS Limpeza Pública e Manejo de Resíduos Sólidos - Multas e Juros; Receitas Correntes; Impostos, Taxas e Contribuições de Melhoria; Taxas; TPS Limpeza Pública e Manejo de Resíduos Sólidos - Multas e Juros; Taxas pela Prestação de Serviços; TPS Limpeza Pública e Manejo de Resíduos Sólidos; ; Taxas pela Prestação de Serviços; TPS Limpeza Pública e Manejo de Resíduos Sólidos; Não se aplica; TPS Limpeza Pública e Manejo de Resíduos Sólidos - Multas e Juros; Arrecadações; SECRETARIA DE ADMINISTRAÇÃO E FINANÇAS; SECRETARIA DE ADMINISTRAÇÃO E FINANÇAS; SECRETARIA DE ADMINISTRAÇÃO E FINANÇAS; R$ 0,00; R$ 0,00; R$ 0,00; R$ 0,00; R$ 197,46; R$ 1.973,50; R$ 0,00; 0.0
 11220104000000; Taxas pela Prestação de Serviços em Geral - Dívida Ativa - Multas e Juros de Mora da Dívida Ativa; Receitas Correntes; Impostos, Taxas e Contribuições de Melhoria; Taxas; Taxas pela Prestação de Serviços em Geral - Dívida Ativa - Multas e Juros de Mora da Dívida Ativa; Taxas pela Prestação de Serviços; Taxas pela Prestação de Serviços; ; Taxas pela Prestação de Serviços; Taxas pela Prestação de Serviços; Não se aplica; Taxas pela Prestação de Serviços em Geral - Dívida Ativa - Multas e Juros de Mora da Dívida Ativa; Arrecadações; SECRETARIA DE ADMINISTRAÇÃO E FINANÇAS; SECRETARIA DE ADMINISTRAÇÃO E FINANÇAS; SECRETARIA DE ADMINISTRAÇÃO E FINANÇAS; R$ 0,00; R$ 0,00; R$ 0,00; R$ 0,00; R$ 634,46; R$ 1.573,83; R$ 0,00; 0.0
 11210104000000; Taxas de Inspeção, Contr. e Fisc. - DA - Multas e Juros; Receitas Correntes; Impostos, Taxas e Contribuições de Melhoria; Taxas; Taxas de Inspeção, Contr. e Fisc. - DA - Multas e Juros; Taxas pelo Exercício do Poder de Polícia; Taxas de Inspeção, Controle e Fiscalização; ; Taxas pelo Exercício do Poder de Polícia; Taxas de Inspeção, Controle e Fiscalização; Não se aplica; Taxas de Inspeção, Contr. e Fisc. - DA - Multas e Juros; Arrecadações; SECRETARIA DE ADMINISTRAÇÃO E FINANÇAS; SECRETARIA DE ADMINISTRAÇÃO E FINANÇAS; SECRETARIA DE ADMINISTRAÇÃO E FINANÇAS; R$ 0,00; R$ 0,00; R$ 0,00; R$ 0,00; R$ 481,02; R$ 689,31; R$ 0,00; 0.0
 11145113000000; Imposto sobre Serviços de Qualquer Natureza - ISSQN - Dívida Ativa; Receitas Correntes; Impostos, Taxas e Contribuições de Melhoria; Impostos; Imposto sobre Serviços de Qualquer Natureza - ISSQN - Dívida Ativa; Impostos sobre Produção, Circulação e Serviços; Impostos sobre Serviços; Imposto sobre Serviços de Qualquer Natureza - ISSQN; Impostos sobre Produção, Circulação e Serviços; Impostos sobre Serviços; Imposto sobre Serviços de Qualquer Natureza - ISSQN; Imposto sobre Serviços de Qualquer Natureza - ISSQN - Dívida Ativa; Arrecadações; SECRETARIA DE ADMINISTRAÇÃO E FINANÇAS; SECRETARIA DE ADMINISTRAÇÃO E FINANÇAS; SECRETARIA DE ADMINISTRAÇÃO E FINANÇAS; R$ 0,00; R$ 0,00; R$ 0,00; R$ 0,00; R$ 1.664,80; R$ 36.365,14; R$ 0,00; 0.0
 11225302000000; TPS Limpeza Pública e Manejo de Resíduos Sólidos - Multas e Juros; Receitas Correntes; Impostos, Taxas e Contribuições de Melhoria; Taxas; TPS Limpeza Pública e Manejo de Resíduos Sólidos - Multas e Juros; Taxas pela Prestação de Serviços; TPS Limpeza Pública e Manejo de Resíduos Sólidos; ; Taxas pela Prestação de Serviços; TPS Limpeza Pública e Manejo de Resíduos Sólidos; Não se aplica; TPS Limpeza Pública e Manejo de Resíduos Sólidos - Multas e Juros; Arrecadações; SECRETARIA DE ADMINISTRAÇÃO E FINANÇAS; SECRETARIA DE ADMINISTRAÇÃO E FINANÇAS; SECRETARIA DE ADMINISTRAÇÃO E FINANÇAS; R$ 0,00; R$ 0,00; R$ 0,00; R$ 0,00; R$ 392,47; R$ 2.365,97; R$ 0,00; 0.0
 11225301010000; TPS - Taxa de Limpeza Pública; Receitas Correntes; Impostos, Taxas e Contribuições de Melhoria; Taxas; TPS Limpeza Pública e Manejo de Resíduos Sólidos - Principal; Taxas pela Prestação de Serviços; TPS Limpeza Pública e Manejo de Resíduos Sólidos; ; Taxas pela Prestação de Serviços; TPS Limpeza Pública e Manejo de Resíduos Sólidos; Não se aplica; TPS - Taxa de Limpeza Pública; Arrecadações; SECRETARIA DE ADMINISTRAÇÃO E FINANÇAS; SECRETARIA DE ADMINISTRAÇÃO E FINANÇAS; SECRETARIA DE ADMINISTRAÇÃO E FINANÇAS; R$ 0,00; R$ 0,00; R$ 0,00; R$ 0,00; R$ 8.537,51; R$ 484.472,59; R$ 0,00; 0.0
 11125301000000; Imposto sobre Transmissão Inter Vivos de Bens Imóveis e de Direitos Reais sobre Imóveis - Principal - Rec Ordinario; Receitas Correntes; Impostos, Taxas e Contribuições de Melhoria; Impostos; Imposto sobre Transmissão Inter Vivos de Bens Imóveis e de Direitos Reais sobre Imóveis - Principal - Rec Ordinario; Impostos sobre o Patrimônio; Imposto sobre Transmissão Inter Vivos de Bens Imóveis e de Direitos Reais sobre Imóveis - Principal - Rec Ordinario; ; Impostos sobre o Patrimônio; Imposto sobre Transmissão Inter Vivos de Bens Imóveis e de Direitos Reais sobre Imóveis - Principal - Rec Ordinario; Não se aplica; Imposto sobre Transmissão Inter Vivos de Bens Imóveis e de Direitos Reais sobre Imóveis - Principal - Rec Ordinario; Arrecadações; SECRETARIA DE ADMINISTRAÇÃO E FINANÇAS; SECRETARIA DE ADMINISTRAÇÃO E FINANÇAS; SECRETARIA DE ADMINISTRAÇÃO E FINANÇAS; R$ 0,00; R$ 250.000,00; R$ 0,00; R$ 0,00; R$ 450.829,14; R$ 1.798.098,37; R$ 250.000,00; 719.24
 11220101990000; TPS - Taxa de Prestação de Serviços - Outras; Receitas Correntes; Impostos, Taxas e Contribuições de Melhoria; Taxas; Taxas pela Prestação de Serviços em Geral - Principal; Taxas pela Prestação de Serviços; Taxas pela Prestação de Serviços; ; Taxas pela Prestação de Serviços; Taxas pela Prestação de Serviços; Não se aplica; TPS - Taxa de Prestação de Serviços - Outras; Arrecadações; SECRETARIA DE ADMINISTRAÇÃO E FINANÇAS; SECRETARIA DE ADMINISTRAÇÃO E FINANÇAS; SECRETARIA DE ADMINISTRAÇÃO E FINANÇAS; R$ 0,00; R$ 0,00; R$ 0,00; R$ 0,00; R$ 29.717,87; R$ 116.936,85; R$ 0,00; 0.0
 11210101020000; TPP - Tx de Funcion. Estab. Com/Ind/Prest. Serv; Receitas Correntes; Impostos, Taxas e Contribuições de Melhoria; Taxas; Taxas de Inspeção; Taxas pelo Exercício do Poder de Polícia; Taxas de Inspeção, Controle e Fiscalização; ; Taxas pelo Exercício do Poder de Polícia; Taxas de Inspeção, Controle e Fiscalização; Não se aplica; TPP - Tx de Funcion. Estab. Com/Ind/Prest. Serv; Arrecadações; SECRETARIA DE ADMINISTRAÇÃO E FINANÇAS; SECRETARIA DE ADMINISTRAÇÃO E FINANÇAS; SECRETARIA DE ADMINISTRAÇÃO E FINANÇAS; R$ 0,00; R$ 0,00; R$ 0,00; R$ 0,00; R$ 36.251,51; R$ 265.650,82; R$ 0,00; 0.0
 11125301000000; Imposto sobre Transmissão Inter Vivos de Bens Imóveis e de Direitos Reais sobre Imóveis - Principal - Rec Ordinario; Receitas Correntes; Impostos, Taxas e Contribuições de Melhoria; Impostos; Imposto sobre Transmissão Inter Vivos de Bens Imóveis e de Direitos Reais sobre Imóveis - Principal - Rec Ordinario; Impostos sobre o Patrimônio; Imposto sobre Transmissão Inter Vivos de Bens Imóveis e de Direitos Reais sobre Imóveis - Principal - Rec Ordinario; ; Impostos sobre o Patrimônio; Imposto sobre Transmissão Inter Vivos de Bens Imóveis e de Direitos Reais sobre Imóveis - Principal - Rec Ordinario; Não se aplica; Imposto sobre Transmissão Inter Vivos de Bens Imóveis e de Direitos Reais sobre Imóveis - Principal - Rec Ordinario; Arrecadações; SECRETARIA DE ADMINISTRAÇÃO E FINANÇAS; SECRETARIA DE ADMINISTRAÇÃO E FINANÇAS; SECRETARIA DE ADMINISTRAÇÃO E FINANÇAS; R$ 0,00; R$ 400.000,00; R$ 0,00; R$ 0,00; R$ -1.803,78; R$ 1.796.294,59; R$ 400.000,00; 448.62
 11125002000000; Imposto sobre a Propriedade Predial e Territorial Urbana - Multas e Juros de Mora; Receitas Correntes; Impostos, Taxas e Contribuições de Melhoria; Impostos; Imposto sobre a Propriedade Predial e Territorial Urbana - Multas e Juros de Mora; Impostos sobre o Patrimônio; Imposto sobre a Propriedade Predial e Territorial Urbana; ; Impostos sobre o Patrimônio; Imposto sobre a Propriedade Predial e Territorial Urbana; Não se aplica; Imposto sobre a Propriedade Predial e Territorial Urbana - Multas e Juros de Mora; Arrecadações; SECRETARIA DE ADMINISTRAÇÃO E FINANÇAS; SECRETARIA DE ADMINISTRAÇÃO E FINANÇAS; SECRETARIA DE ADMINISTRAÇÃO E FINANÇAS; R$ 0,00; R$ 0,00; R$ 0,00; R$ 0,00; R$ -32,65; R$ 2.432,62; R$ 0,00; 0.0
 11125301000000; Imposto sobre Transmissão Inter Vivos de Bens Imóveis e de Direitos Reais sobre Imóveis - Principal - Rec Ordinario; Receitas Correntes; Impostos, Taxas e Contribuições de Melhoria; Impostos; Imposto sobre Transmissão Inter Vivos de Bens Imóveis e de Direitos Reais sobre Imóveis - Principal - Rec Ordinario; Impostos sobre o Patrimônio; Imposto sobre Transmissão Inter Vivos de Bens Imóveis e de Direitos Reais sobre Imóveis - Principal - Rec Ordinario; ; Impostos sobre o Patrimônio; Imposto sobre Transmissão Inter Vivos de Bens Imóveis e de Direitos Reais sobre Imóveis - Principal - Rec Ordinario; Não se aplica; Imposto sobre Transmissão Inter Vivos de Bens Imóveis e de Direitos Reais sobre Imóveis - Principal - Rec Ordinario; Arrecadações; SECRETARIA DE ADMINISTRAÇÃO E FINANÇAS; SECRETARIA DE ADMINISTRAÇÃO E FINANÇAS; SECRETARIA DE ADMINISTRAÇÃO E FINANÇAS; R$ 5.181.250,00; R$ 5.297.250,00; R$ 0,00; R$ 0,00; R$ 385.675,40; R$ 385.675,40; R$ 5.297.250,00; 7.28
 11210102000000; Taxas de Inspeção, Contr. e Fisc. - Multas e Juros; Receitas Correntes; Impostos, Taxas e Contribuições de Melhoria; Taxas; Taxas de Inspeção, Contr. e Fisc. - Multas e Juros; Taxas pelo Exercício do Poder de Polícia; Taxas de Inspeção, Controle e Fiscalização; ; Taxas pelo Exercício do Poder de Polícia; Taxas de Inspeção, Controle e Fiscalização; Não se aplica; Taxas de Inspeção, Contr. e Fisc. - Multas e Juros; Arrecadações; SECRETARIA DE ADMINISTRAÇÃO E FINANÇAS; SECRETARIA DE ADMINISTRAÇÃO E FINANÇAS; SECRETARIA DE ADMINISTRAÇÃO E FINANÇAS; R$ 86.339,00; R$ 86.339,00; R$ 0,00; R$ 0,00; R$ 455,54; R$ 455,54; R$ 86.339,00; 0.53
 11220101990000; TPS - Taxa de Prestação de Serviços - Outras; Receitas Correntes; Impostos, Taxas e Contribuições de Melhoria; Taxas; Taxas pela Prestação de Serviços em Geral - Principal; Taxas pela Prestação de Serviços; Taxas pela Prestação de Serviços; ; Taxas pela Prestação de Serviços; Taxas pela Prestação de Serviços; Não se aplica; TPS - Taxa de Prestação de Serviços - Outras; Arrecadações; SECRETARIA DE ADMINISTRAÇÃO E FINANÇAS; SECRETARIA DE ADMINISTRAÇÃO E FINANÇAS; SECRETARIA DE ADMINISTRAÇÃO E FINANÇAS; R$ 19.092,00; R$ 19.092,00; R$ 0,00; R$ 0,00; R$ 27.291,45; R$ 27.291,45; R$ 19.092,00; 142.95
 11145112000000; Imposto sobre Serviços de Qualquer Natureza - ISSQN - Multas e Juros de Mora; Receitas Correntes; Impostos, Taxas e Contribuições de Melhoria; Impostos; Imposto sobre Serviços de Qualquer Natureza - ISSQN - Multas e Juros de Mora; Impostos sobre Produção, Circulação e Serviços; Impostos sobre Serviços; Imposto sobre Serviços de Qualquer Natureza - ISSQN; Impostos sobre Produção, Circulação e Serviços; Impostos sobre Serviços; Imposto sobre Serviços de Qualquer Natureza - ISSQN; Imposto sobre Serviços de Qualquer Natureza - ISSQN - Multas e Juros de Mora; Arrecadações; SECRETARIA DE ADMINISTRAÇÃO E FINANÇAS; SECRETARIA DE ADMINISTRAÇÃO E FINANÇAS; SECRETARIA DE ADMINISTRAÇÃO E FINANÇAS; R$ 55.226,00; R$ 55.226,00; R$ 0,00; R$ 0,00; R$ 2.706,86; R$ 2.706,86; R$ 55.226,00; 4.9
 11225301010000; TPS - Taxa de Limpeza Pública; Receitas Correntes; Impostos, Taxas e Contribuições de Melhoria; Taxas; TPS Limpeza Pública e Manejo de Resíduos Sólidos - Principal; Taxas pela Prestação de Serviços; TPS Limpeza Pública e Manejo de Resíduos Sólidos; ; Taxas pela Prestação de Serviços; TPS Limpeza Pública e Manejo de Resíduos Sólidos; Não se aplica; TPS - Taxa de Limpeza Pública; Arrecadações; SECRETARIA DE ADMINISTRAÇÃO E FINANÇAS; SECRETARIA DE ADMINISTRAÇÃO E FINANÇAS; SECRETARIA DE ADMINISTRAÇÃO E FINANÇAS; R$ 473.771,00; R$ 473.771,00; R$ 0,00; R$ 0,00; R$ 266.198,10; R$ 266.198,10; R$ 473.771,00; 56.19
 11125002000000; Imposto sobre a Propriedade Predial e Territorial Urbana - Multas e Juros de Mora; Receitas Correntes; Impostos, Taxas e Contribuições de Melhoria; Impostos; Imposto sobre a Propriedade Predial e Territorial Urbana - Multas e Juros de Mora; Impostos sobre o Patrimônio; Imposto sobre a Propriedade Predial e Territorial Urbana; ; Impostos sobre o Patrimônio; Imposto sobre a Propriedade Predial e Territorial Urbana; Não se aplica; Imposto sobre a Propriedade Predial e Territorial Urbana - Multas e Juros de Mora; Arrecadações; SECRETARIA DE ADMINISTRAÇÃO E FINANÇAS; SECRETARIA DE ADMINISTRAÇÃO E FINANÇAS; SECRETARIA DE ADMINISTRAÇÃO E FINANÇAS; R$ 89.884,00; R$ 89.884,00; R$ 0,00; R$ 0,00; R$ 1.184,64; R$ 1.184,64; R$ 89.884,00; 1.32
 11210101020000; TPP - Tx de Funcion. Estab. Com/Ind/Prest. Serv; Receitas Correntes; Impostos, Taxas e Contribuições de Melhoria; Taxas; Taxas de Inspeção; Taxas pelo Exercício do Poder de Polícia; Taxas de Inspeção, Controle e Fiscalização; ; Taxas pelo Exercício do Poder de Polícia; Taxas de Inspeção, Controle e Fiscalização; Não se aplica; TPP - Tx de Funcion. Estab. Com/Ind/Prest. Serv; Arrecadações; SECRETARIA DE ADMINISTRAÇÃO E FINANÇAS; SECRETARIA DE ADMINISTRAÇÃO E FINANÇAS; SECRETARIA DE ADMINISTRAÇÃO E FINANÇAS; R$ 453.827,00; R$ 453.827,00; R$ 0,00; R$ 0,00; R$ 61.289,43; R$ 61.289,43; R$ 453.827,00; 13.51
 11145112000000; Imposto sobre Serviços de Qualquer Natureza - ISSQN - Multas e Juros de Mora; Receitas Correntes; Impostos, Taxas e Contribuições de Melhoria; Impostos; Imposto sobre Serviços de Qualquer Natureza - ISSQN - Multas e Juros de Mora; Impostos sobre Produção, Circulação e Serviços; Impostos sobre Serviços; Imposto sobre Serviços de Qualquer Natureza - ISSQN; Impostos sobre Produção, Circulação e Serviços; Impostos sobre Serviços; Imposto sobre Serviços de Qualquer Natureza - ISSQN; Imposto sobre Serviços de Qualquer Natureza - ISSQN - Multas e Juros de Mora; Arrecadações; SECRETARIA DE ADMINISTRAÇÃO E FINANÇAS; SECRETARIA DE ADMINISTRAÇÃO E FINANÇAS; SECRETARIA DE ADMINISTRAÇÃO E FINANÇAS; R$ 0,00; R$ 0,00; R$ 0,00; R$ 0,00; R$ 5.308,96; R$ 8.015,82; R$ 0,00; 0.0
 11220101990000; TPS - Taxa de Prestação de Serviços - Outras; Receitas Correntes; Impostos, Taxas e Contribuições de Melhoria; Taxas; Taxas pela Prestação de Serviços em Geral - Principal; Taxas pela Prestação de Serviços; Taxas pela Prestação de Serviços; ; Taxas pela Prestação de Serviços; Taxas pela Prestação de Serviços; Não se aplica; TPS - Taxa de Prestação de Serviços - Outras; Arrecadações; SECRETARIA DE ADMINISTRAÇÃO E FINANÇAS; SECRETARIA DE ADMINISTRAÇÃO E FINANÇAS; SECRETARIA DE ADMINISTRAÇÃO E FINANÇAS; R$ 0,00; R$ 0,00; R$ 0,00; R$ 0,00; R$ 27.798,22; R$ 55.089,67; R$ 0,00; 0.0
 11225301010000; TPS - Taxa de Limpeza Pública; Receitas Correntes; Impostos, Taxas e Contribuições de Melhoria; Taxas; TPS Limpeza Pública e Manejo de Resíduos Sólidos - Principal; Taxas pela Prestação de Serviços; TPS Limpeza Pública e Manejo de Resíduos Sólidos; ; Taxas pela Prestação de Serviços; TPS Limpeza Pública e Manejo de Resíduos Sólidos; Não se aplica; TPS - Taxa de Limpeza Pública; Arrecadações; SECRETARIA DE ADMINISTRAÇÃO E FINANÇAS; SECRETARIA DE ADMINISTRAÇÃO E FINANÇAS; SECRETARIA DE ADMINISTRAÇÃO E FINANÇAS; R$ 0,00; R$ 0,00; R$ 0,00; R$ 0,00; R$ 199.416,73; R$ 465.614,83; R$ 0,00; 0.0
 11125002000000; Imposto sobre a Propriedade Predial e Territorial Urbana - Multas e Juros de Mora; Receitas Correntes; Impostos, Taxas e Contribuições de Melhoria; Impostos; Imposto sobre a Propriedade Predial e Territorial Urbana - Multas e Juros de Mora; Impostos sobre o Patrimônio; Imposto sobre a Propriedade Predial e Territorial Urbana; ; Impostos sobre o Patrimônio; Imposto sobre a Propriedade Predial e Territorial Urbana; Não se aplica; Imposto sobre a Propriedade Predial e Territorial Urbana - Multas e Juros de Mora; Arrecadações; SECRETARIA DE ADMINISTRAÇÃO E FINANÇAS; SECRETARIA DE ADMINISTRAÇÃO E FINANÇAS; SECRETARIA DE ADMINISTRAÇÃO E FINANÇAS; R$ 0,00; R$ 0,00; R$ 0,00; R$ 0,00; R$ 760,68; R$ 1.945,32; R$ 0,00; 0.0
 11210102000000; Taxas de Inspeção, Contr. e Fisc. - Multas e Juros; Receitas Correntes; Impostos, Taxas e Contribuições de Melhoria; Taxas; Taxas de Inspeção, Contr. e Fisc. - Multas e Juros; Taxas pelo Exercício do Poder de Polícia; Taxas de Inspeção, Controle e Fiscalização; ; Taxas pelo Exercício do Poder de Polícia; Taxas de Inspeção, Controle e Fiscalização; Não se aplica; Taxas de Inspeção, Contr. e Fisc. - Multas e Juros; Arrecadações; SECRETARIA DE ADMINISTRAÇÃO E FINANÇAS; SECRETARIA DE ADMINISTRAÇÃO E FINANÇAS; SECRETARIA DE ADMINISTRAÇÃO E FINANÇAS; R$ 0,00; R$ 0,00; R$ 0,00; R$ 0,00; R$ 675,43; R$ 1.130,97; R$ 0,00; 0.0
 11125301000000; Imposto sobre Transmissão Inter Vivos de Bens Imóveis e de Direitos Reais sobre Imóveis - Principal - Rec Ordinario; Receitas Correntes; Impostos, Taxas e Contribuições de Melhoria; Impostos; Imposto sobre Transmissão Inter Vivos de Bens Imóveis e de Direitos Reais sobre Imóveis - Principal - Rec Ordinario; Impostos sobre o Patrimônio; Imposto sobre Transmissão Inter Vivos de Bens Imóveis e de Direitos Reais sobre Imóveis - Principal - Rec Ordinario; ; Impostos sobre o Patrimônio; Imposto sobre Transmissão Inter Vivos de Bens Imóveis e de Direitos Reais sobre Imóveis - Principal - Rec Ordinario; Não se aplica; Imposto sobre Transmissão Inter Vivos de Bens Imóveis e de Direitos Reais sobre Imóveis - Principal - Rec Ordinario; Arrecadações; SECRETARIA DE ADMINISTRAÇÃO E FINANÇAS; SECRETARIA DE ADMINISTRAÇÃO E FINANÇAS; SECRETARIA DE ADMINISTRAÇÃO E FINANÇAS; R$ 0,00; R$ 0,00; R$ 0,00; R$ 0,00; R$ 464.663,24; R$ 850.338,64; R$ 0,00; 0.0
 11210101020000; TPP - Tx de Funcion. Estab. Com/Ind/Prest. Serv; Receitas Correntes; Impostos, Taxas e Contribuições de Melhoria; Taxas; Taxas de Inspeção; Taxas pelo Exercício do Poder de Polícia; Taxas de Inspeção, Controle e Fiscalização; ; Taxas pelo Exercício do Poder de Polícia; Taxas de Inspeção, Controle e Fiscalização; Não se aplica; TPP - Tx de Funcion. Estab. Com/Ind/Prest. Serv; Arrecadações; SECRETARIA DE ADMINISTRAÇÃO E FINANÇAS; SECRETARIA DE ADMINISTRAÇÃO E FINANÇAS; SECRETARIA DE ADMINISTRAÇÃO E FINANÇAS; R$ 0,00; R$ 0,00; R$ 0,00; R$ 0,00; R$ 118.592,60; R$ 179.882,03; R$ 0,00; 0.0
 11125301000000; Imposto sobre Transmissão Inter Vivos de Bens Imóveis e de Direitos Reais sobre Imóveis - Principal - Rec Ordinario; Receitas Correntes; Impostos, Taxas e Contribuições de Melhoria; Impostos; Imposto sobre Transmissão Inter Vivos de Bens Imóveis e de Direitos Reais sobre Imóveis - Principal - Rec Ordinario; Impostos sobre o Patrimônio; Imposto sobre Transmissão Inter Vivos de Bens Imóveis e de Direitos Reais sobre Imóveis - Principal - Rec Ordinario; ; Impostos sobre o Patrimônio; Imposto sobre Transmissão Inter Vivos de Bens Imóveis e de Direitos Reais sobre Imóveis - Principal - Rec Ordinario; Não se aplica; Imposto sobre Transmissão Inter Vivos de Bens Imóveis e de Direitos Reais sobre Imóveis - Principal - Rec Ordinario; Arrecadações; SECRETARIA DE ADMINISTRAÇÃO E FINANÇAS; SECRETARIA DE ADMINISTRAÇÃO E FINANÇAS; SECRETARIA DE ADMINISTRAÇÃO E FINANÇAS; R$ 0,00; R$ 82.443,66; R$ 0,00; R$ 0,00; R$ 496.930,59; R$ 1.347.269,23; R$ 82.443,66; 1632.95
 11145112000000; Imposto sobre Serviços de Qualquer Natureza - ISSQN - Multas e Juros de Mora; Receitas Correntes; Impostos, Taxas e Contribuições de Melhoria; Impostos; Imposto sobre Serviços de Qualquer Natureza - ISSQN - Multas e Juros de Mora; Impostos sobre Produção, Circulação e Serviços; Impostos sobre Serviços; Imposto sobre Serviços de Qualquer Natureza - ISSQN; Impostos sobre Produção, Circulação e Serviços; Impostos sobre Serviços; Imposto sobre Serviços de Qualquer Natureza - ISSQN; Imposto sobre Serviços de Qualquer Natureza - ISSQN - Multas e Juros de Mora; Arrecadações; SECRETARIA DE ADMINISTRAÇÃO E FINANÇAS; SECRETARIA DE ADMINISTRAÇÃO E FINANÇAS; SECRETARIA DE ADMINISTRAÇÃO E FINANÇAS; R$ 0,00; R$ 0,00; R$ 0,00; R$ 0,00; R$ 2.383,61; R$ 10.399,43; R$ 0,00; 0.0
 11210101020000; TPP - Tx de Funcion. Estab. Com/Ind/Prest. Serv; Receitas Correntes; Impostos, Taxas e Contribuições de Melhoria; Taxas; Taxas de Inspeção; Taxas pelo Exercício do Poder de Polícia; Taxas de Inspeção, Controle e Fiscalização; ; Taxas pelo Exercício do Poder de Polícia; Taxas de Inspeção, Controle e Fiscalização; Não se aplica; TPP - Tx de Funcion. Estab. Com/Ind/Prest. Serv; Arrecadações; SECRETARIA DE ADMINISTRAÇÃO E FINANÇAS; SECRETARIA DE ADMINISTRAÇÃO E FINANÇAS; SECRETARIA DE ADMINISTRAÇÃO E FINANÇAS; R$ 0,00; R$ 0,00; R$ 0,00; R$ 0,00; R$ 49.517,28; R$ 229.399,31; R$ 0,00; 0.0
 11210102000000; Taxas de Inspeção, Contr. e Fisc. - Multas e Juros; Receitas Correntes; Impostos, Taxas e Contribuições de Melhoria; Taxas; Taxas de Inspeção, Contr. e Fisc. - Multas e Juros; Taxas pelo Exercício do Poder de Polícia; Taxas de Inspeção, Controle e Fiscalização; ; Taxas pelo Exercício do Poder de Polícia; Taxas de Inspeção, Controle e Fiscalização; Não se aplica; Taxas de Inspeção, Contr. e Fisc. - Multas e Juros; Arrecadações; SECRETARIA DE ADMINISTRAÇÃO E FINANÇAS; SECRETARIA DE ADMINISTRAÇÃO E FINANÇAS; SECRETARIA DE ADMINISTRAÇÃO E FINANÇAS; R$ 0,00; R$ 0,00; R$ 0,00; R$ 0,00; R$ 1.055,52; R$ 2.186,49; R$ 0,00; 0.0
 11125002000000; Imposto sobre a Propriedade Predial e Territorial Urbana - Multas e Juros de Mora; Receitas Correntes; Impostos, Taxas e Contribuições de Melhoria; Impostos; Imposto sobre a Propriedade Predial e Territorial Urbana - Multas e Juros de Mora; Impostos sobre o Patrimônio; Imposto sobre a Propriedade Predial e Territorial Urbana; ; Impostos sobre o Patrimônio; Imposto sobre a Propriedade Predial e Territorial Urbana; Não se aplica; Imposto sobre a Propriedade Predial e Territorial Urbana - Multas e Juros de Mora; Arrecadações; SECRETARIA DE ADMINISTRAÇÃO E FINANÇAS; SECRETARIA DE ADMINISTRAÇÃO E FINANÇAS; SECRETARIA DE ADMINISTRAÇÃO E FINANÇAS; R$ 0,00; R$ 0,00; R$ 0,00; R$ 0,00; R$ 245,77; R$ 2.191,09; R$ 0,00; 0.0
 11225301010000; TPS - Taxa de Limpeza Pública; Receitas Correntes; Impostos, Taxas e Contribuições de Melhoria; Taxas; TPS Limpeza Pública e Manejo de Resíduos Sólidos - Principal; Taxas pela Prestação de Serviços; TPS Limpeza Pública e Manejo de Resíduos Sólidos; ; Taxas pela Prestação de Serviços; TPS Limpeza Pública e Manejo de Resíduos Sólidos; Não se aplica; TPS - Taxa de Limpeza Pública; Arrecadações; SECRETARIA DE ADMINISTRAÇÃO E FINANÇAS; SECRETARIA DE ADMINISTRAÇÃO E FINANÇAS; SECRETARIA DE ADMINISTRAÇÃO E FINANÇAS; R$ 0,00; R$ 0,00; R$ 0,00; R$ 0,00; R$ 10.320,25; R$ 475.935,08; R$ 0,00; 0.0
 11220101990000; TPS - Taxa de Prestação de Serviços - Outras; Receitas Correntes; Impostos, Taxas e Contribuições de Melhoria; Taxas; Taxas pela Prestação de Serviços em Geral - Principal; Taxas pela Prestação de Serviços; Taxas pela Prestação de Serviços; ; Taxas pela Prestação de Serviços; Taxas pela Prestação de Serviços; Não se aplica; TPS - Taxa de Prestação de Serviços - Outras; Arrecadações; SECRETARIA DE ADMINISTRAÇÃO E FINANÇAS; SECRETARIA DE ADMINISTRAÇÃO E FINANÇAS; SECRETARIA DE ADMINISTRAÇÃO E FINANÇAS; R$ 0,00; R$ 0,00; R$ 0,00; R$ 0,00; R$ 32.129,31; R$ 87.218,98; R$ 0,00; 0.0
 11145112000000; Imposto sobre Serviços de Qualquer Natureza - ISSQN - Multas e Juros de Mora; Receitas Correntes; Impostos, Taxas e Contribuições de Melhoria; Impostos; Imposto sobre Serviços de Qualquer Natureza - ISSQN - Multas e Juros de Mora; Impostos sobre Produção, Circulação e Serviços; Impostos sobre Serviços; Imposto sobre Serviços de Qualquer Natureza - ISSQN; Impostos sobre Produção, Circulação e Serviços; Impostos sobre Serviços; Imposto sobre Serviços de Qualquer Natureza - ISSQN; Imposto sobre Serviços de Qualquer Natureza - ISSQN - Multas e Juros de Mora; Arrecadações; SECRETARIA DE ADMINISTRAÇÃO E FINANÇAS; SECRETARIA DE ADMINISTRAÇÃO E FINANÇAS; SECRETARIA DE ADMINISTRAÇÃO E FINANÇAS; R$ 0,00; R$ 0,00; R$ 0,00; R$ 0,00; R$ 5.809,08; R$ 16.208,51; R$ 0,00; 0.0
 11210102000000; Taxas de Inspeção, Contr. e Fisc. - Multas e Juros; Receitas Correntes; Impostos, Taxas e Contribuições de Melhoria; Taxas; Taxas de Inspeção, Contr. e Fisc. - Multas e Juros; Taxas pelo Exercício do Poder de Polícia; Taxas de Inspeção, Controle e Fiscalização; ; Taxas pelo Exercício do Poder de Polícia; Taxas de Inspeção, Controle e Fiscalização; Não se aplica; Taxas de Inspeção, Contr. e Fisc. - Multas e Juros; Arrecadações; SECRETARIA DE ADMINISTRAÇÃO E FINANÇAS; SECRETARIA DE ADMINISTRAÇÃO E FINANÇAS; SECRETARIA DE ADMINISTRAÇÃO E FINANÇAS; R$ 0,00; R$ 0,00; R$ 0,00; R$ 0,00; R$ 1.759,48; R$ 3.945,97; R$ 0,00; 0.0
 11125002000000; Imposto sobre a Propriedade Predial e Territorial Urbana - Multas e Juros de Mora; Receitas Correntes; Impostos, Taxas e Contribuições de Melhoria; Impostos; Imposto sobre a Propriedade Predial e Territorial Urbana - Multas e Juros de Mora; Impostos sobre o Patrimônio; Imposto sobre a Propriedade Predial e Territorial Urbana; ; Impostos sobre o Patrimônio; Imposto sobre a Propriedade Predial e Territorial Urbana; Não se aplica; Imposto sobre a Propriedade Predial e Territorial Urbana - Multas e Juros de Mora; Arrecadações; SECRETARIA DE ADMINISTRAÇÃO E FINANÇAS; SECRETARIA DE ADMINISTRAÇÃO E FINANÇAS; SECRETARIA DE ADMINISTRAÇÃO E FINANÇAS; R$ 0,00; R$ 0,00; R$ 0,00; R$ 0,00; R$ 274,18; R$ 2.465,27; R$ 0,00; 0.0
 12415001000000; Contribuição para o Custeio do Serviço de Iluminação Pública - Principal; Receitas Correntes; Contribuições; Contribuição para o Custeio do Serviço de Iluminação Pública; Contribuição para o Custeio do Serviço de Iluminação Pública - Principal; Contribuição para o Custeio do Serviço de Iluminação Pública; Contribuição para o Custeio do Serviço de Iluminação Pública; ; Contribuição para o Custeio do Serviço de Iluminação Pública; Contribuição para o Custeio do Serviço de Iluminação Pública; Não se aplica; Contribuição para o Custeio do Serviço de Iluminação Pública - Principal; Arrecadações; SECRETARIA DE ADMINISTRAÇÃO E FINANÇAS; SECRETARIA DE ADMINISTRAÇÃO E FINANÇAS; SECRETARIA DE ADMINISTRAÇÃO E FINANÇAS; R$ 3.191.405,00; R$ 3.191.405,00; R$ 0,00; R$ 0,00; R$ 299.977,99; R$ 299.977,99; R$ 3.191.405,00; 9.4
 12415001000000; Contribuição para o Custeio do Serviço de Iluminação Pública - Principal; Receitas Correntes; Contribuições; Contribuição para o Custeio do Serviço de Iluminação Pública; Contribuição para o Custeio do Serviço de Iluminação Pública - Principal; Contribuição para o Custeio do Serviço de Iluminação Pública; Contribuição para o Custeio do Serviço de Iluminação Pública; ; Contribuição para o Custeio do Serviço de Iluminação Pública; Contribuição para o Custeio do Serviço de Iluminação Pública; Não se aplica; Contribuição para o Custeio do Serviço de Iluminação Pública - Principal; Arrecadações; SECRETARIA DE ADMINISTRAÇÃO E FINANÇAS; SECRETARIA DE ADMINISTRAÇÃO E FINANÇAS; SECRETARIA DE ADMINISTRAÇÃO E FINANÇAS; R$ 0,00; R$ 0,00; R$ 0,00; R$ 0,00; R$ 298.904,55; R$ 598.882,54; R$ 0,00; 0.0
 12415001000000; Contribuição para o Custeio do Serviço de Iluminação Pública - Principal; Receitas Correntes; Contribuições; Contribuição para o Custeio do Serviço de Iluminação Pública; Contribuição para o Custeio do Serviço de Iluminação Pública - Principal; Contribuição para o Custeio do Serviço de Iluminação Pública; Contribuição para o Custeio do Serviço de Iluminação Pública; ; Contribuição para o Custeio do Serviço de Iluminação Pública; Contribuição para o Custeio do Serviço de Iluminação Pública; Não se aplica; Contribuição para o Custeio do Serviço de Iluminação Pública - Principal; Arrecadações; SECRETARIA DE ADMINISTRAÇÃO E FINANÇAS; SECRETARIA DE ADMINISTRAÇÃO E FINANÇAS; SECRETARIA DE ADMINISTRAÇÃO E FINANÇAS; R$ 0,00; R$ 0,00; R$ 0,00; R$ 0,00; R$ 313.440,23; R$ 912.322,77; R$ 0,00; 0.0
 12415001000000; Contribuição para o Custeio do Serviço de Iluminação Pública - Principal; Receitas Correntes; Contribuições; Contribuição para o Custeio do Serviço de Iluminação Pública; Contribuição para o Custeio do Serviço de Iluminação Pública - Principal; Contribuição para o Custeio do Serviço de Iluminação Pública; Contribuição para o Custeio do Serviço de Iluminação Pública; ; Contribuição para o Custeio do Serviço de Iluminação Pública; Contribuição para o Custeio do Serviço de Iluminação Pública; Não se aplica; Contribuição para o Custeio do Serviço de Iluminação Pública - Principal; Arrecadações; SECRETARIA DE ADMINISTRAÇÃO E FINANÇAS; SECRETARIA DE ADMINISTRAÇÃO E FINANÇAS; SECRETARIA DE ADMINISTRAÇÃO E FINANÇAS; R$ 0,00; R$ 0,00; R$ 0,00; R$ 0,00; R$ 352.738,02; R$ 1.265.060,79; R$ 0,00; 0.0
 12415001000000; Contribuição para o Custeio do Serviço de Iluminação Pública - Principal; Receitas Correntes; Contribuições; Contribuição para o Custeio do Serviço de Iluminação Pública; Contribuição para o Custeio do Serviço de Iluminação Pública - Principal; Contribuição para o Custeio do Serviço de Iluminação Pública; Contribuição para o Custeio do Serviço de Iluminação Pública; ; Contribuição para o Custeio do Serviço de Iluminação Pública; Contribuição para o Custeio do Serviço de Iluminação Pública; Não se aplica; Contribuição para o Custeio do Serviço de Iluminação Pública - Principal; Arrecadações; SECRETARIA DE ADMINISTRAÇÃO E FINANÇAS; SECRETARIA DE ADMINISTRAÇÃO E FINANÇAS; SECRETARIA DE ADMINISTRAÇÃO E FINANÇAS; R$ 0,00; R$ 0,00; R$ 0,00; R$ 0,00; R$ 308.683,07; R$ 1.573.743,86; R$ 0,00; 0.0
 13210111020000; Remuneração de Depósitos Bancários - Rec. não Vinculados; Receitas Correntes; Receita Patrimonial; Valores Mobiliários; Remuneração de Depósitos Bancários - Geral - Principal; Juros e Correções Monetárias; Remuneração de Depósitos Bancários; Remuneração de Depósitos Bancários - Geral; Juros e Correções Monetárias; Remuneração de Depósitos Bancários; Remuneração de Depósitos Bancários - Geral; Remuneração de Depósitos Bancários - Rec. não Vinculados; Arrecadações; SECRETARIA DE ADMINISTRAÇÃO E FINANÇAS; SECRETARIA DE ADMINISTRAÇÃO E FINANÇAS; SECRETARIA DE ADMINISTRAÇÃO E FINANÇAS; R$ 359.635,00; R$ 359.635,00; R$ 0,00; R$ 0,00; R$ 21.547,89; R$ 21.547,89; R$ 359.635,00; 5.99
 17165001000000; Transferências de Recursos do Fundo Nacional de Assistência Social  FNAS - Principal; Receitas Correntes; Transferências Correntes; Transferências da União e de suas Entidades; Transferências de Recursos do Fundo Nacional de Assistência Social  FNAS - Principal; Transferências de Recursos do Fundo Nacional de Assistência Social  FNAS; Transferências de Recursos do Fundo Nacional de Assistência Social  FNAS; ; Transferências de Recursos do Fundo Nacional de Assistência Social  FNAS; Transferências de Recursos do Fundo Nacional de Assistência Social  FNAS; Não se aplica; Transferências de Recursos do Fundo Nacional de Assistência Social  FNAS - Principal; Arrecadações; SECRETARIA DE DESENVOLVIMENTO SOCIAL E HABITAÇÃO; FUNDO MUNICIPAL DE ASSISTENCIA SOCIAL; SECRETARIA DE DESENVOLVIMENTO SOCIAL E HABITAÇÃO; R$ 190.511,00; R$ 190.511,00; R$ 0,00; R$ 0,00; R$ 4.317,00; R$ 4.317,00; R$ 190.511,00; 2.27
 17145301000000; Transferências referentes ao Programa Nacional de Apoio ao Transporte do Escolar  PNATE - Principal; Receitas Correntes; Transferências Correntes; Transferências da União e de suas Entidades; Transferências referentes ao Programa Nacional de Apoio ao Transporte do Escolar  PNATE - Principal; Transferências de Recursos do Fundo Nacional do Desenvolvimento da Educação  FNDE?; Transferências referentes ao Programa Nacional de Apoio ao Transporte do Escolar  PNATE; ; Transferências de Recursos do Fundo Nacional do Desenvolvimento da Educação  FNDE?; Transferências referentes ao Programa Nacional de Apoio ao Transporte do Escolar  PNATE; Não se aplica; Transferências referentes ao Programa Nacional de Apoio ao Transporte do Escolar  PNATE - Principal; Arrecadações; SECRETARIA DE ADMINISTRAÇÃO E FINANÇAS; SECRETARIA DE ADMINISTRAÇÃO E FINANÇAS; SECRETARIA DE ADMINISTRAÇÃO E FINANÇAS; R$ 81.136,00; R$ 81.136,00; R$ 0,00; R$ 0,00; R$ 0,00; R$ 0,00; R$ 81.136,00; 0.0
 17145001000000; Transferências doSalário-Educação - Principal; Receitas Correntes; Transferências Correntes; Transferências da União e de suas Entidades; Transferências doSalário-Educação - Principal; Transferências de Recursos do Fundo Nacional do Desenvolvimento da Educação  FNDE?; Transferências doSalário-Educação; ; Transferências de Recursos do Fundo Nacional do Desenvolvimento da Educação  FNDE?; Transferências doSalário-Educação; Não se aplica; Transferências doSalário-Educação - Principal; Arrecadações; SECRETARIA DE ADMINISTRAÇÃO E FINANÇAS; SECRETARIA DE ADMINISTRAÇÃO E FINANÇAS; SECRETARIA DE ADMINISTRAÇÃO E FINANÇAS; R$ 1.406.103,00; R$ 1.406.103,00; R$ 0,00; R$ 0,00; R$ 195.388,20; R$ 195.388,20; R$ 1.406.103,00; 13.9
 17295201000000; Transferências de Recursos Destinados a Programas de Educação - Principal; Receitas Correntes; Transferências Correntes; Transferências dos Estados e do Distrito Federal e de suas Entidades; Transferências de Recursos Destinados a Programas de Educação - Principal; Outras Transferências dos Estados e Distrito Federal; Transferências de Recursos Destinados a Programas de Educação; ; Outras Transferências dos Estados e Distrito Federal; Transferências de Recursos Destinados a Programas de Educação; Não se aplica; Transferências de Recursos Destinados a Programas de Educação - Principal; Arrecadações; SECRETARIA DE ADMINISTRAÇÃO E FINANÇAS; SECRETARIA DE ADMINISTRAÇÃO E FINANÇAS; SECRETARIA DE ADMINISTRAÇÃO E FINANÇAS; R$ 687.079,00; R$ 687.079,00; R$ 0,00; R$ 0,00; R$ 0,00; R$ 0,00; R$ 687.079,00; 0.0
 13210121000000; Remuneração de Depósitos Bancários - Salário Educação - Principal; Receitas Correntes; Receita Patrimonial; Valores Mobiliários; Remuneração de Depósitos Bancários - Salário Educação - Principal; Juros e Correções Monetárias; Remuneração de Depósitos Bancários; Remuneração de Depósitos Bancários - Salário Educação; Juros e Correções Monetárias; Remuneração de Depósitos Bancários; Remuneração de Depósitos Bancários - Salário Educação; Remuneração de Depósitos Bancários - Salário Educação - Principal; Arrecadações; SECRETARIA DE EDUCAÇÃO; DIRETORIA DE ENSINO; SECRETARIA DE EDUCAÇÃO; R$ 0,00; R$ 0,00; R$ 0,00; R$ 0,00; R$ 2.902,58; R$ 2.902,58; R$ 0,00; 0.0
 17195801000000; Transferência Obrigatória Decorrente da Lei Complementar n 176/2020 - Principal; Receitas Correntes; Transferências Correntes; Transferências da União e de suas Entidades; Transferência Obrigatória Decorrente da Lei Complementar n 176/2020 - Principal; Outras Transferências de Recursos da União e de suas Entidades; Transferência Obrigatória Decorrente da Lei Complementar n 176/2020; ; Outras Transferências de Recursos da União e de suas Entidades; Transferência Obrigatória Decorrente da Lei Complementar n 176/2020; Não se aplica; Transferência Obrigatória Decorrente da Lei Complementar n 176/2020 - Principal; Arrecadações; SECRETARIA DE ADMINISTRAÇÃO E FINANÇAS; SECRETARIA DE ADMINISTRAÇÃO E FINANÇAS; SECRETARIA DE ADMINISTRAÇÃO E FINANÇAS; R$ 27.503,00; R$ 27.503,00; R$ 0,00; R$ 0,00; R$ 1.702,26; R$ 1.702,26; R$ 27.503,00; 6.19
 17145001000000; Transferências doSalário-Educação - Principal; Receitas Correntes; Transferências Correntes; Transferências da União e de suas Entidades; Transferências doSalário-Educação - Principal; Transferências de Recursos do Fundo Nacional do Desenvolvimento da Educação  FNDE?; Transferências doSalário-Educação; ; Transferências de Recursos do Fundo Nacional do Desenvolvimento da Educação  FNDE?; Transferências doSalário-Educação; Não se aplica; Transferências doSalário-Educação - Principal; Arrecadações; SECRETARIA DE ADMINISTRAÇÃO E FINANÇAS; SECRETARIA DE ADMINISTRAÇÃO E FINANÇAS; SECRETARIA DE ADMINISTRAÇÃO E FINANÇAS; R$ 0,00; R$ 0,00; R$ 0,00; R$ 0,00; R$ 126.836,63; R$ 322.224,83; R$ 0,00; 0.0
 17195801000000; Transferência Obrigatória Decorrente da Lei Complementar n 176/2020 - Principal; Receitas Correntes; Transferências Correntes; Transferências da União e de suas Entidades; Transferência Obrigatória Decorrente da Lei Complementar n 176/2020 - Principal; Outras Transferências de Recursos da União e de suas Entidades; Transferência Obrigatória Decorrente da Lei Complementar n 176/2020; ; Outras Transferências de Recursos da União e de suas Entidades; Transferência Obrigatória Decorrente da Lei Complementar n 176/2020; Não se aplica; Transferência Obrigatória Decorrente da Lei Complementar n 176/2020 - Principal; Arrecadações; SECRETARIA DE ADMINISTRAÇÃO E FINANÇAS; SECRETARIA DE ADMINISTRAÇÃO E FINANÇAS; SECRETARIA DE ADMINISTRAÇÃO E FINANÇAS; R$ 0,00; R$ 0,00; R$ 0,00; R$ 0,00; R$ 1.702,26; R$ 3.404,52; R$ 0,00; 0.0
 13210121000000; Remuneração de Depósitos Bancários - Salário Educação - Principal; Receitas Correntes; Receita Patrimonial; Valores Mobiliários; Remuneração de Depósitos Bancários - Salário Educação - Principal; Juros e Correções Monetárias; Remuneração de Depósitos Bancários; Remuneração de Depósitos Bancários - Salário Educação; Juros e Correções Monetárias; Remuneração de Depósitos Bancários; Remuneração de Depósitos Bancários - Salário Educação; Remuneração de Depósitos Bancários - Salário Educação - Principal; Arrecadações; SECRETARIA DE EDUCAÇÃO; DIRETORIA DE ENSINO; SECRETARIA DE EDUCAÇÃO; R$ 0,00; R$ 0,00; R$ 0,00; R$ 0,00; R$ 3.567,59; R$ 6.470,17; R$ 0,00; 0.0
 17165001000000; Transferências de Recursos do Fundo Nacional de Assistência Social  FNAS - Principal; Receitas Correntes; Transferências Correntes; Transferências da União e de suas Entidades; Transferências de Recursos do Fundo Nacional de Assistência Social  FNAS - Principal; Transferências de Recursos do Fundo Nacional de Assistência Social  FNAS; Transferências de Recursos do Fundo Nacional de Assistência Social  FNAS; ; Transferências de Recursos do Fundo Nacional de Assistência Social  FNAS; Transferências de Recursos do Fundo Nacional de Assistência Social  FNAS; Não se aplica; Transferências de Recursos do Fundo Nacional de Assistência Social  FNAS - Principal; Arrecadações; SECRETARIA DE DESENVOLVIMENTO SOCIAL E HABITAÇÃO; FUNDO MUNICIPAL DE ASSISTENCIA SOCIAL; SECRETARIA DE DESENVOLVIMENTO SOCIAL E HABITAÇÃO; R$ 0,00; R$ 0,00; R$ 0,00; R$ 0,00; R$ 11.041,90; R$ 15.358,90; R$ 0,00; 0.0
 13210111020000; Remuneração de Depósitos Bancários - Rec. não Vinculados; Receitas Correntes; Receita Patrimonial; Valores Mobiliários; Remuneração de Depósitos Bancários - Geral - Principal; Juros e Correções Monetárias; Remuneração de Depósitos Bancários; Remuneração de Depósitos Bancários - Geral; Juros e Correções Monetárias; Remuneração de Depósitos Bancários; Remuneração de Depósitos Bancários - Geral; Remuneração de Depósitos Bancários - Rec. não Vinculados; Arrecadações; SECRETARIA DE ADMINISTRAÇÃO E FINANÇAS; SECRETARIA DE ADMINISTRAÇÃO E FINANÇAS; SECRETARIA DE ADMINISTRAÇÃO E FINANÇAS; R$ 0,00; R$ 0,00; R$ 0,00; R$ 0,00; R$ 17.356,71; R$ 38.904,60; R$ 0,00; 0.0
 17165001000000; Transferências de Recursos do Fundo Nacional de Assistência Social  FNAS - Principal; Receitas Correntes; Transferências Correntes; Transferências da União e de suas Entidades; Transferências de Recursos do Fundo Nacional de Assistência Social  FNAS - Principal; Transferências de Recursos do Fundo Nacional de Assistência Social  FNAS; Transferências de Recursos do Fundo Nacional de Assistência Social  FNAS; ; Transferências de Recursos do Fundo Nacional de Assistência Social  FNAS; Transferências de Recursos do Fundo Nacional de Assistência Social  FNAS; Não se aplica; Transferências de Recursos do Fundo Nacional de Assistência Social  FNAS - Principal; Arrecadações; SECRETARIA DE DESENVOLVIMENTO SOCIAL E HABITAÇÃO; FUNDO MUNICIPAL DE ASSISTENCIA SOCIAL; SECRETARIA DE DESENVOLVIMENTO SOCIAL E HABITAÇÃO; R$ 0,00; R$ 0,00; R$ 0,00; R$ 0,00; R$ 25.969,27; R$ 41.328,17; R$ 0,00; 0.0
 17295201000000; Transferências de Recursos Destinados a Programas de Educação - Principal; Receitas Correntes; Transferências Correntes; Transferências dos Estados e do Distrito Federal e de suas Entidades; Transferências de Recursos Destinados a Programas de Educação - Principal; Outras Transferências dos Estados e Distrito Federal; Transferências de Recursos Destinados a Programas de Educação; ; Outras Transferências dos Estados e Distrito Federal; Transferências de Recursos Destinados a Programas de Educação; Não se aplica; Transferências de Recursos Destinados a Programas de Educação - Principal; Arrecadações; SECRETARIA DE ADMINISTRAÇÃO E FINANÇAS; SECRETARIA DE ADMINISTRAÇÃO E FINANÇAS; SECRETARIA DE ADMINISTRAÇÃO E FINANÇAS; R$ 0,00; R$ 0,00; R$ 0,00; R$ 0,00; R$ 73.856,44; R$ 73.856,44; R$ 0,00; 0.0
 17145001000000; Transferências doSalário-Educação - Principal; Receitas Correntes; Transferências Correntes; Transferências da União e de suas Entidades; Transferências doSalário-Educação - Principal; Transferências de Recursos do Fundo Nacional do Desenvolvimento da Educação  FNDE?; Transferências doSalário-Educação; ; Transferências de Recursos do Fundo Nacional do Desenvolvimento da Educação  FNDE?; Transferências doSalário-Educação; Não se aplica; Transferências doSalário-Educação - Principal; Arrecadações; SECRETARIA DE ADMINISTRAÇÃO E FINANÇAS; SECRETARIA DE ADMINISTRAÇÃO E FINANÇAS; SECRETARIA DE ADMINISTRAÇÃO E FINANÇAS; R$ 0,00; R$ 0,00; R$ 0,00; R$ 0,00; R$ 130.742,98; R$ 452.967,81; R$ 0,00; 0.0
 13210121000000; Remuneração de Depósitos Bancários - Salário Educação - Principal; Receitas Correntes; Receita Patrimonial; Valores Mobiliários; Remuneração de Depósitos Bancários - Salário Educação - Principal; Juros e Correções Monetárias; Remuneração de Depósitos Bancários; Remuneração de Depósitos Bancários - Salário Educação; Juros e Correções Monetárias; Remuneração de Depósitos Bancários; Remuneração de Depósitos Bancários - Salário Educação; Remuneração de Depósitos Bancários - Salário Educação - Principal; Arrecadações; SECRETARIA DE EDUCAÇÃO; DIRETORIA DE ENSINO; SECRETARIA DE EDUCAÇÃO; R$ 0,00; R$ 0,00; R$ 0,00; R$ 0,00; R$ 5.151,58; R$ 11.621,75; R$ 0,00; 0.0
 13210111020000; Remuneração de Depósitos Bancários - Rec. não Vinculados; Receitas Correntes; Receita Patrimonial; Valores Mobiliários; Remuneração de Depósitos Bancários - Geral - Principal; Juros e Correções Monetárias; Remuneração de Depósitos Bancários; Remuneração de Depósitos Bancários - Geral; Juros e Correções Monetárias; Remuneração de Depósitos Bancários; Remuneração de Depósitos Bancários - Geral; Remuneração de Depósitos Bancários - Rec. não Vinculados; Arrecadações; SECRETARIA DE ADMINISTRAÇÃO E FINANÇAS; SECRETARIA DE ADMINISTRAÇÃO E FINANÇAS; SECRETARIA DE ADMINISTRAÇÃO E FINANÇAS; R$ 0,00; R$ 0,00; R$ 0,00; R$ 0,00; R$ 16.956,05; R$ 55.860,65; R$ 0,00; 0.0
 17195801000000; Transferência Obrigatória Decorrente da Lei Complementar n 176/2020 - Principal; Receitas Correntes; Transferências Correntes; Transferências da União e de suas Entidades; Transferência Obrigatória Decorrente da Lei Complementar n 176/2020 - Principal; Outras Transferências de Recursos da União e de suas Entidades; Transferência Obrigatória Decorrente da Lei Complementar n 176/2020; ; Outras Transferências de Recursos da União e de suas Entidades; Transferência Obrigatória Decorrente da Lei Complementar n 176/2020; Não se aplica; Transferência Obrigatória Decorrente da Lei Complementar n 176/2020 - Principal; Arrecadações; SECRETARIA DE ADMINISTRAÇÃO E FINANÇAS; SECRETARIA DE ADMINISTRAÇÃO E FINANÇAS; SECRETARIA DE ADMINISTRAÇÃO E FINANÇAS; R$ 0,00; R$ 0,00; R$ 0,00; R$ 0,00; R$ 1.702,26; R$ 5.106,78; R$ 0,00; 0.0
 13210121000000; Remuneração de Depósitos Bancários - Salário Educação - Principal; Receitas Correntes; Receita Patrimonial; Valores Mobiliários; Remuneração de Depósitos Bancários - Salário Educação - Principal; Juros e Correções Monetárias; Remuneração de Depósitos Bancários; Remuneração de Depósitos Bancários - Salário Educação; Juros e Correções Monetárias; Remuneração de Depósitos Bancários; Remuneração de Depósitos Bancários - Salário Educação; Remuneração de Depósitos Bancários - Salário Educação - Principal; Arrecadações; SECRETARIA DE EDUCAÇÃO; DIRETORIA DE ENSINO; SECRETARIA DE EDUCAÇÃO; R$ 0,00; R$ 0,00; R$ 0,00; R$ 0,00; R$ 4.133,80; R$ 15.755,55; R$ 0,00; 0.0
 17195801000000; Transferência Obrigatória Decorrente da Lei Complementar n 176/2020 - Principal; Receitas Correntes; Transferências Correntes; Transferências da União e de suas Entidades; Transferência Obrigatória Decorrente da Lei Complementar n 176/2020 - Principal; Outras Transferências de Recursos da União e de suas Entidades; Transferência Obrigatória Decorrente da Lei Complementar n 176/2020; ; Outras Transferências de Recursos da União e de suas Entidades; Transferência Obrigatória Decorrente da Lei Complementar n 176/2020; Não se aplica; Transferência Obrigatória Decorrente da Lei Complementar n 176/2020 - Principal; Arrecadações; SECRETARIA DE ADMINISTRAÇÃO E FINANÇAS; SECRETARIA DE ADMINISTRAÇÃO E FINANÇAS; SECRETARIA DE ADMINISTRAÇÃO E FINANÇAS; R$ 0,00; R$ 0,00; R$ 0,00; R$ 0,00; R$ 1.702,26; R$ 6.809,04; R$ 0,00; 0.0
 17145301000000; Transferências referentes ao Programa Nacional de Apoio ao Transporte do Escolar  PNATE - Principal; Receitas Correntes; Transferências Correntes; Transferências da União e de suas Entidades; Transferências referentes ao Programa Nacional de Apoio ao Transporte do Escolar  PNATE - Principal; Transferências de Recursos do Fundo Nacional do Desenvolvimento da Educação  FNDE?; Transferências referentes ao Programa Nacional de Apoio ao Transporte do Escolar  PNATE; ; Transferências de Recursos do Fundo Nacional do Desenvolvimento da Educação  FNDE?; Transferências referentes ao Programa Nacional de Apoio ao Transporte do Escolar  PNATE; Não se aplica; Transferências referentes ao Programa Nacional de Apoio ao Transporte do Escolar  PNATE - Principal; Arrecadações; SECRETARIA DE ADMINISTRAÇÃO E FINANÇAS; SECRETARIA DE ADMINISTRAÇÃO E FINANÇAS; SECRETARIA DE ADMINISTRAÇÃO E FINANÇAS; R$ 0,00; R$ 0,00; R$ 0,00; R$ 0,00; R$ 25.578,55; R$ 25.578,55; R$ 0,00; 0.0
 17165001000000; Transferências de Recursos do Fundo Nacional de Assistência Social  FNAS - Principal; Receitas Correntes; Transferências Correntes; Transferências da União e de suas Entidades; Transferências de Recursos do Fundo Nacional de Assistência Social  FNAS - Principal; Transferências de Recursos do Fundo Nacional de Assistência Social  FNAS; Transferências de Recursos do Fundo Nacional de Assistência Social  FNAS; ; Transferências de Recursos do Fundo Nacional de Assistência Social  FNAS; Transferências de Recursos do Fundo Nacional de Assistência Social  FNAS; Não se aplica; Transferências de Recursos do Fundo Nacional de Assistência Social  FNAS - Principal; Arrecadações; SECRETARIA DE DESENVOLVIMENTO SOCIAL E HABITAÇÃO; FUNDO MUNICIPAL DE ASSISTENCIA SOCIAL; SECRETARIA DE DESENVOLVIMENTO SOCIAL E HABITAÇÃO; R$ 0,00; R$ 0,00; R$ 0,00; R$ 0,00; R$ 16.202,35; R$ 57.530,52; R$ 0,00; 0.0
 17295201000000; Transferências de Recursos Destinados a Programas de Educação - Principal; Receitas Correntes; Transferências Correntes; Transferências dos Estados e do Distrito Federal e de suas Entidades; Transferências de Recursos Destinados a Programas de Educação - Principal; Outras Transferências dos Estados e Distrito Federal; Transferências de Recursos Destinados a Programas de Educação; ; Outras Transferências dos Estados e Distrito Federal; Transferências de Recursos Destinados a Programas de Educação; Não se aplica; Transferências de Recursos Destinados a Programas de Educação - Principal; Arrecadações; SECRETARIA DE ADMINISTRAÇÃO E FINANÇAS; SECRETARIA DE ADMINISTRAÇÃO E FINANÇAS; SECRETARIA DE ADMINISTRAÇÃO E FINANÇAS; R$ 0,00; R$ 0,00; R$ 0,00; R$ 0,00; R$ 73.856,44; R$ 147.712,88; R$ 0,00; 0.0
 13210111020000; Remuneração de Depósitos Bancários - Rec. não Vinculados; Receitas Correntes; Receita Patrimonial; Valores Mobiliários; Remuneração de Depósitos Bancários - Geral - Principal; Juros e Correções Monetárias; Remuneração de Depósitos Bancários; Remuneração de Depósitos Bancários - Geral; Juros e Correções Monetárias; Remuneração de Depósitos Bancários; Remuneração de Depósitos Bancários - Geral; Remuneração de Depósitos Bancários - Rec. não Vinculados; Arrecadações; SECRETARIA DE ADMINISTRAÇÃO E FINANÇAS; SECRETARIA DE ADMINISTRAÇÃO E FINANÇAS; SECRETARIA DE ADMINISTRAÇÃO E FINANÇAS; R$ 0,00; R$ 0,00; R$ 0,00; R$ 0,00; R$ 11.807,87; R$ 67.668,52; R$ 0,00; 0.0
 17145001000000; Transferências doSalário-Educação - Principal; Receitas Correntes; Transferências Correntes; Transferências da União e de suas Entidades; Transferências doSalário-Educação - Principal; Transferências de Recursos do Fundo Nacional do Desenvolvimento da Educação  FNDE?; Transferências doSalário-Educação; ; Transferências de Recursos do Fundo Nacional do Desenvolvimento da Educação  FNDE?; Transferências doSalário-Educação; Não se aplica; Transferências doSalário-Educação - Principal; Arrecadações; SECRETARIA DE ADMINISTRAÇÃO E FINANÇAS; SECRETARIA DE ADMINISTRAÇÃO E FINANÇAS; SECRETARIA DE ADMINISTRAÇÃO E FINANÇAS; R$ 0,00; R$ 0,00; R$ 0,00; R$ 0,00; R$ 130.556,27; R$ 583.524,08; R$ 0,00; 0.0
 19110101010000; Multas de Trânsito; Receitas Correntes; Outras Receitas Correntes; Multas Administrativas, Contratuais e Judiciais; Multas Previstas em Legislação Específica - Principal; Multas Administrativas; Multas Previstas em Legislação Específica; ; Multas Administrativas; Multas Previstas em Legislação Específica; Não se aplica; Multas de Trânsito; Arrecadações; SECRETARIA DE ADMINISTRAÇÃO E FINANÇAS; SECRETARIA DE ADMINISTRAÇÃO E FINANÇAS; SECRETARIA DE ADMINISTRAÇÃO E FINANÇAS; R$ 903.874,00; R$ 903.874,00; R$ 0,00; R$ 0,00; R$ 72.118,32; R$ 72.118,32; R$ 903.874,00; 7.98
 17145201000000; Transferências referentes ao Programa Nacional de Alimentação Escolar  PNAE - Principal; Receitas Correntes; Transferências Correntes; Transferências da União e de suas Entidades; Transferências referentes ao Programa Nacional de Alimentação Escolar  PNAE - Principal; Transferências de Recursos do Fundo Nacional do Desenvolvimento da Educação  FNDE?; Transferências referentes ao Programa Nacional de Alimentação Escolar  PNAE; ; Transferências de Recursos do Fundo Nacional do Desenvolvimento da Educação  FNDE?; Transferências referentes ao Programa Nacional de Alimentação Escolar  PNAE; Não se aplica; Transferências referentes ao Programa Nacional de Alimentação Escolar  PNAE - Principal; Arrecadações; SECRETARIA DE ADMINISTRAÇÃO E FINANÇAS; SECRETARIA DE ADMINISTRAÇÃO E FINANÇAS; SECRETARIA DE ADMINISTRAÇÃO E FINANÇAS; R$ 443.735,00; R$ 443.735,00; R$ 0,00; R$ 0,00; R$ 0,00; R$ 0,00; R$ 443.735,00; 0.0
 19110101010000; Multas de Trânsito; Receitas Correntes; Outras Receitas Correntes; Multas Administrativas, Contratuais e Judiciais; Multas Previstas em Legislação Específica - Principal; Multas Administrativas; Multas Previstas em Legislação Específica; ; Multas Administrativas; Multas Previstas em Legislação Específica; Não se aplica; Multas de Trânsito; Arrecadações; SECRETARIA DE ADMINISTRAÇÃO E FINANÇAS; SECRETARIA DE ADMINISTRAÇÃO E FINANÇAS; SECRETARIA DE ADMINISTRAÇÃO E FINANÇAS; R$ 0,00; R$ 0,00; R$ 0,00; R$ 0,00; R$ 59.197,11; R$ 131.315,43; R$ 0,00; 0.0
 17145201000000; Transferências referentes ao Programa Nacional de Alimentação Escolar  PNAE - Principal; Receitas Correntes; Transferências Correntes; Transferências da União e de suas Entidades; Transferências referentes ao Programa Nacional de Alimentação Escolar  PNAE - Principal; Transferências de Recursos do Fundo Nacional do Desenvolvimento da Educação  FNDE?; Transferências referentes ao Programa Nacional de Alimentação Escolar  PNAE; ; Transferências de Recursos do Fundo Nacional do Desenvolvimento da Educação  FNDE?; Transferências referentes ao Programa Nacional de Alimentação Escolar  PNAE; Não se aplica; Transferências referentes ao Programa Nacional de Alimentação Escolar  PNAE - Principal; Arrecadações; SECRETARIA DE ADMINISTRAÇÃO E FINANÇAS; SECRETARIA DE ADMINISTRAÇÃO E FINANÇAS; SECRETARIA DE ADMINISTRAÇÃO E FINANÇAS; R$ 0,00; R$ 0,00; R$ 0,00; R$ 0,00; R$ 52.625,50; R$ 52.625,50; R$ 0,00; 0.0
 19110101010000; Multas de Trânsito; Receitas Correntes; Outras Receitas Correntes; Multas Administrativas, Contratuais e Judiciais; Multas Previstas em Legislação Específica - Principal; Multas Administrativas; Multas Previstas em Legislação Específica; ; Multas Administrativas; Multas Previstas em Legislação Específica; Não se aplica; Multas de Trânsito; Arrecadações; SECRETARIA DE ADMINISTRAÇÃO E FINANÇAS; SECRETARIA DE ADMINISTRAÇÃO E FINANÇAS; SECRETARIA DE ADMINISTRAÇÃO E FINANÇAS; R$ 0,00; R$ 0,00; R$ 0,00; R$ 0,00; R$ 164.430,90; R$ 295.746,33; R$ 0,00; 0.0
 17145201000000; Transferências referentes ao Programa Nacional de Alimentação Escolar  PNAE - Principal; Receitas Correntes; Transferências Correntes; Transferências da União e de suas Entidades; Transferências referentes ao Programa Nacional de Alimentação Escolar  PNAE - Principal; Transferências de Recursos do Fundo Nacional do Desenvolvimento da Educação  FNDE?; Transferências referentes ao Programa Nacional de Alimentação Escolar  PNAE; ; Transferências de Recursos do Fundo Nacional do Desenvolvimento da Educação  FNDE?; Transferências referentes ao Programa Nacional de Alimentação Escolar  PNAE; Não se aplica; Transferências referentes ao Programa Nacional de Alimentação Escolar  PNAE - Principal; Arrecadações; SECRETARIA DE ADMINISTRAÇÃO E FINANÇAS; SECRETARIA DE ADMINISTRAÇÃO E FINANÇAS; SECRETARIA DE ADMINISTRAÇÃO E FINANÇAS; R$ 0,00; R$ 0,00; R$ 0,00; R$ 0,00; R$ 52.625,50; R$ 105.251,00; R$ 0,00; 0.0
 17145201000000; Transferências referentes ao Programa Nacional de Alimentação Escolar  PNAE - Principal; Receitas Correntes; Transferências Correntes; Transferências da União e de suas Entidades; Transferências referentes ao Programa Nacional de Alimentação Escolar  PNAE - Principal; Transferências de Recursos do Fundo Nacional do Desenvolvimento da Educação  FNDE?; Transferências referentes ao Programa Nacional de Alimentação Escolar  PNAE; ; Transferências de Recursos do Fundo Nacional do Desenvolvimento da Educação  FNDE?; Transferências referentes ao Programa Nacional de Alimentação Escolar  PNAE; Não se aplica; Transferências referentes ao Programa Nacional de Alimentação Escolar  PNAE - Principal; Arrecadações; SECRETARIA DE ADMINISTRAÇÃO E FINANÇAS; SECRETARIA DE ADMINISTRAÇÃO E FINANÇAS; SECRETARIA DE ADMINISTRAÇÃO E FINANÇAS; R$ 0,00; R$ 0,00; R$ 0,00; R$ 0,00; R$ 52.625,50; R$ 157.876,50; R$ 0,00; 0.0
 17155001000000; Transferências de Recursos de Complementação da União ao Fundeb  VAAT - Principal; Receitas Correntes; Transferências Correntes; Transferências da União e de suas Entidades; Transferências de Recursos de Complementação da União ao Fundeb  VAAT - Principal; Transferências de Recursos de Complementação da União ao Fundo de Manutenção e Desenvolvimento da Educação Básica e de Valorização dos Profissionais d; Transferências de Recursos de Complementação da União ao Fundeb  VAAT; ; Transferências de Recursos de Complementação da União ao Fundo de Manutenção e Desenvolvimento da Educação Básica e de Valorização dos Profissionais d; Transferências de Recursos de Complementação da União ao Fundeb  VAAT; Não se aplica; Transferências de Recursos de Complementação da União ao Fundeb  VAAT - Principal; Arrecadações; SECRETARIA DE ADMINISTRAÇÃO E FINANÇAS; SECRETARIA DE ADMINISTRAÇÃO E FINANÇAS; SECRETARIA DE ADMINISTRAÇÃO E FINANÇAS; R$ 66.935,00; R$ 66.935,00; R$ 0,00; R$ 0,00; R$ 79.558,40; R$ 79.558,40; R$ 66.935,00; 118.86
 17155001000000; Transferências de Recursos de Complementação da União ao Fundeb  VAAT - Principal; Receitas Correntes; Transferências Correntes; Transferências da União e de suas Entidades; Transferências de Recursos de Complementação da União ao Fundeb  VAAT - Principal; Transferências de Recursos de Complementação da União ao Fundo de Manutenção e Desenvolvimento da Educação Básica e de Valorização dos Profissionais d; Transferências de Recursos de Complementação da União ao Fundeb  VAAT; ; Transferências de Recursos de Complementação da União ao Fundo de Manutenção e Desenvolvimento da Educação Básica e de Valorização dos Profissionais d; Transferências de Recursos de Complementação da União ao Fundeb  VAAT; Não se aplica; Transferências de Recursos de Complementação da União ao Fundeb  VAAT - Principal; Arrecadações; SECRETARIA DE ADMINISTRAÇÃO E FINANÇAS; SECRETARIA DE ADMINISTRAÇÃO E FINANÇAS; SECRETARIA DE ADMINISTRAÇÃO E FINANÇAS; R$ 0,00; R$ 0,00; R$ 0,00; R$ 0,00; R$ 87.514,24; R$ 167.072,64; R$ 0,00; 0.0
 17155001000000; Transferências de Recursos de Complementação da União ao Fundeb  VAAT - Principal; Receitas Correntes; Transferências Correntes; Transferências da União e de suas Entidades; Transferências de Recursos de Complementação da União ao Fundeb  VAAT - Principal; Transferências de Recursos de Complementação da União ao Fundo de Manutenção e Desenvolvimento da Educação Básica e de Valorização dos Profissionais d; Transferências de Recursos de Complementação da União ao Fundeb  VAAT; ; Transferências de Recursos de Complementação da União ao Fundo de Manutenção e Desenvolvimento da Educação Básica e de Valorização dos Profissionais d; Transferências de Recursos de Complementação da União ao Fundeb  VAAT; Não se aplica; Transferências de Recursos de Complementação da União ao Fundeb  VAAT - Principal; Arrecadações; SECRETARIA DE ADMINISTRAÇÃO E FINANÇAS; SECRETARIA DE ADMINISTRAÇÃO E FINANÇAS; SECRETARIA DE ADMINISTRAÇÃO E FINANÇAS; R$ 0,00; R$ 0,00; R$ 0,00; R$ 0,00; R$ 95.470,08; R$ 262.542,72; R$ 0,00; 0.0
 17155001000000; Transferências de Recursos de Complementação da União ao Fundeb  VAAT - Principal; Receitas Correntes; Transferências Correntes; Transferências da União e de suas Entidades; Transferências de Recursos de Complementação da União ao Fundeb  VAAT - Principal; Transferências de Recursos de Complementação da União ao Fundo de Manutenção e Desenvolvimento da Educação Básica e de Valorização dos Profissionais d; Transferências de Recursos de Complementação da União ao Fundeb  VAAT; ; Transferências de Recursos de Complementação da União ao Fundo de Manutenção e Desenvolvimento da Educação Básica e de Valorização dos Profissionais d; Transferências de Recursos de Complementação da União ao Fundeb  VAAT; Não se aplica; Transferências de Recursos de Complementação da União ao Fundeb  VAAT - Principal; Arrecadações; SECRETARIA DE ADMINISTRAÇÃO E FINANÇAS; SECRETARIA DE ADMINISTRAÇÃO E FINANÇAS; SECRETARIA DE ADMINISTRAÇÃO E FINANÇAS; R$ 0,00; R$ 0,00; R$ 0,00; R$ 0,00; R$ 103.425,93; R$ 365.968,65; R$ 0,00; 0.0
 11210101030000; TPP - Tx Corpo de Bombeiros; Receitas Correntes; Impostos, Taxas e Contribuições de Melhoria; Taxas; Taxas de Inspeção; Taxas pelo Exercício do Poder de Polícia; Taxas de Inspeção, Controle e Fiscalização; ; Taxas pelo Exercício do Poder de Polícia; Taxas de Inspeção, Controle e Fiscalização; Não se aplica; TPP - Tx Corpo de Bombeiros; Arrecadações; SECRETARIA DE ADMINISTRAÇÃO E FINANÇAS; SECRETARIA DE ADMINISTRAÇÃO E FINANÇAS; SECRETARIA DE ADMINISTRAÇÃO E FINANÇAS; R$ 129.944,00; R$ 129.944,00; R$ 0,00; R$ 0,00; R$ 11.824,54; R$ 11.824,54; R$ 129.944,00; 9.1
 11210101030000; TPP - Tx Corpo de Bombeiros; Receitas Correntes; Impostos, Taxas e Contribuições de Melhoria; Taxas; Taxas de Inspeção; Taxas pelo Exercício do Poder de Polícia; Taxas de Inspeção, Controle e Fiscalização; ; Taxas pelo Exercício do Poder de Polícia; Taxas de Inspeção, Controle e Fiscalização; Não se aplica; TPP - Tx Corpo de Bombeiros; Arrecadações; SECRETARIA DE ADMINISTRAÇÃO E FINANÇAS; SECRETARIA DE ADMINISTRAÇÃO E FINANÇAS; SECRETARIA DE ADMINISTRAÇÃO E FINANÇAS; R$ 0,00; R$ 0,00; R$ 0,00; R$ 0,00; R$ 6.798,72; R$ 18.623,26; R$ 0,00; 0.0
 11210101030000; TPP - Tx Corpo de Bombeiros; Receitas Correntes; Impostos, Taxas e Contribuições de Melhoria; Taxas; Taxas de Inspeção; Taxas pelo Exercício do Poder de Polícia; Taxas de Inspeção, Controle e Fiscalização; ; Taxas pelo Exercício do Poder de Polícia; Taxas de Inspeção, Controle e Fiscalização; Não se aplica; TPP - Tx Corpo de Bombeiros; Arrecadações; SECRETARIA DE ADMINISTRAÇÃO E FINANÇAS; SECRETARIA DE ADMINISTRAÇÃO E FINANÇAS; SECRETARIA DE ADMINISTRAÇÃO E FINANÇAS; R$ 0,00; R$ 0,00; R$ 0,00; R$ 0,00; R$ 9.837,35; R$ 28.460,61; R$ 0,00; 0.0
 11210101030000; TPP - Tx Corpo de Bombeiros; Receitas Correntes; Impostos, Taxas e Contribuições de Melhoria; Taxas; Taxas de Inspeção; Taxas pelo Exercício do Poder de Polícia; Taxas de Inspeção, Controle e Fiscalização; ; Taxas pelo Exercício do Poder de Polícia; Taxas de Inspeção, Controle e Fiscalização; Não se aplica; TPP - Tx Corpo de Bombeiros; Arrecadações; SECRETARIA DE ADMINISTRAÇÃO E FINANÇAS; SECRETARIA DE ADMINISTRAÇÃO E FINANÇAS; SECRETARIA DE ADMINISTRAÇÃO E FINANÇAS; R$ 0,00; R$ 0,00; R$ 0,00; R$ 0,00; R$ 6.733,25; R$ 35.193,86; R$ 0,00; 0.0
 11125004000000; Imposto sobre a Propriedade Predial e Territorial Urbana - Dívida Ativa - Multas e Juros de Mora da Dívida Ativa; Receitas Correntes; Impostos, Taxas e Contribuições de Melhoria; Impostos; Imposto sobre a Propriedade Predial e Territorial Urbana - Dívida Ativa - Multas e Juros de Mora da Dívida Ativa; Impostos sobre o Patrimônio; Imposto sobre a Propriedade Predial e Territorial Urbana; ; Impostos sobre o Patrimônio; Imposto sobre a Propriedade Predial e Territorial Urbana; Não se aplica; Imposto sobre a Propriedade Predial e Territorial Urbana - Dívida Ativa - Multas e Juros de Mora da Dívida Ativa; Arrecadações; SECRETARIA DE ADMINISTRAÇÃO E FINANÇAS; SECRETARIA DE ADMINISTRAÇÃO E FINANÇAS; SECRETARIA DE ADMINISTRAÇÃO E FINANÇAS; R$ 537.672,00; R$ 537.672,00; R$ 0,00; R$ 0,00; R$ 15.831,49; R$ 15.831,49; R$ 537.672,00; -12.04
 11225303000000; TPS Limpeza Pública e Manejo de Resíduos Sólidos - Dívida Ativa; Receitas Correntes; Impostos, Taxas e Contribuições de Melhoria; Taxas; TPS Limpeza Pública e Manejo de Resíduos Sólidos - Dívida Ativa; Taxas pela Prestação de Serviços; TPS Limpeza Pública e Manejo de Resíduos Sólidos; ; Taxas pela Prestação de Serviços; TPS Limpeza Pública e Manejo de Resíduos Sólidos; Não se aplica; TPS Limpeza Pública e Manejo de Resíduos Sólidos - Dívida Ativa; Arrecadações; SECRETARIA DE ADMINISTRAÇÃO E FINANÇAS; SECRETARIA DE ADMINISTRAÇÃO E FINANÇAS; SECRETARIA DE ADMINISTRAÇÃO E FINANÇAS; R$ 196.892,00; R$ 196.892,00; R$ 0,00; R$ 0,00; R$ 44.718,38; R$ 44.718,38; R$ 196.892,00; 22.69
 11125003000000; Imposto sobre a Propriedade Predial e Territorial Urbana - Dívida Ativa; Receitas Correntes; Impostos, Taxas e Contribuições de Melhoria; Impostos; Imposto sobre a Propriedade Predial e Territorial Urbana - Dívida Ativa; Impostos sobre o Patrimônio; Imposto sobre a Propriedade Predial e Territorial Urbana; ; Impostos sobre o Patrimônio; Imposto sobre a Propriedade Predial e Territorial Urbana; Não se aplica; Imposto sobre a Propriedade Predial e Territorial Urbana - Dívida Ativa; Arrecadações; SECRETARIA DE ADMINISTRAÇÃO E FINANÇAS; SECRETARIA DE ADMINISTRAÇÃO E FINANÇAS; SECRETARIA DE ADMINISTRAÇÃO E FINANÇAS; R$ 1.526.115,00; R$ 1.526.115,00; R$ 0,00; R$ 0,00; R$ 149.031,23; R$ 149.031,23; R$ 1.526.115,00; 9.76
 11125001000000; Imposto sobre a Propriedade Predial e Territorial Urbana - Principal; Receitas Correntes; Impostos, Taxas e Contribuições de Melhoria; Impostos; Imposto sobre a Propriedade Predial e Territorial Urbana - Principal; Impostos sobre o Patrimônio; Imposto sobre a Propriedade Predial e Territorial Urbana; ; Impostos sobre o Patrimônio; Imposto sobre a Propriedade Predial e Territorial Urbana; Não se aplica; Imposto sobre a Propriedade Predial e Territorial Urbana - Principal; Arrecadações; SECRETARIA DE ADMINISTRAÇÃO E FINANÇAS; SECRETARIA DE ADMINISTRAÇÃO E FINANÇAS; SECRETARIA DE ADMINISTRAÇÃO E FINANÇAS; R$ 6.416.621,00; R$ 6.416.621,00; R$ 0,00; R$ 0,00; R$ 2.898.021,12; R$ 2.898.021,12; R$ 6.416.621,00; 0.4
 11225304000000; TPS Limpeza Pública e Manejo de Resíduos Sólidos - DA Multas e Juros; Receitas Correntes; Impostos, Taxas e Contribuições de Melhoria; Taxas; TPS Limpeza Pública e Manejo de Resíduos Sólidos - DA Multas e Juros; Taxas pela Prestação de Serviços; TPS Limpeza Pública e Manejo de Resíduos Sólidos; ; Taxas pela Prestação de Serviços; TPS Limpeza Pública e Manejo de Resíduos Sólidos; Não se aplica; TPS Limpeza Pública e Manejo de Resíduos Sólidos - DA Multas e Juros; Arrecadações; SECRETARIA DE ADMINISTRAÇÃO E FINANÇAS; SECRETARIA DE ADMINISTRAÇÃO E FINANÇAS; SECRETARIA DE ADMINISTRAÇÃO E FINANÇAS; R$ 78.451,00; R$ 78.451,00; R$ 0,00; R$ 0,00; R$ 4.426,99; R$ 4.426,99; R$ 78.451,00; -13.44
 19991221000000; Ônus de Sucumbência - Principal; Receitas Correntes; Outras Receitas Correntes; Demais Receitas Correntes; Ônus de Sucumbência - Principal; Outras Receitas Correntes; Encargos Legais pela Inscrição em Dívida Ativa e Receitas de Ônus de Sucumbência; Ônus de Sucumbência; Outras Receitas Correntes; Encargos Legais pela Inscrição em Dívida Ativa e Receitas de Ônus de Sucumbência; Ônus de Sucumbência; Ônus de Sucumbência - Principal; Arrecadações; SECRETARIA DE ADMINISTRAÇÃO E FINANÇAS; SECRETARIA DE ADMINISTRAÇÃO E FINANÇAS; SECRETARIA DE ADMINISTRAÇÃO E FINANÇAS; R$ 217.021,00; R$ 217.021,00; R$ 0,00; R$ 0,00; R$ 13.437,63; R$ 13.437,63; R$ 217.021,00; 6.19
 19991221000000; Ônus de Sucumbência - Principal; Receitas Correntes; Outras Receitas Correntes; Demais Receitas Correntes; Ônus de Sucumbência - Principal; Outras Receitas Correntes; Encargos Legais pela Inscrição em Dívida Ativa e Receitas de Ônus de Sucumbência; Ônus de Sucumbência; Outras Receitas Correntes; Encargos Legais pela Inscrição em Dívida Ativa e Receitas de Ônus de Sucumbência; Ônus de Sucumbência; Ônus de Sucumbência - Principal; Arrecadações; SECRETARIA DE ADMINISTRAÇÃO E FINANÇAS; SECRETARIA DE ADMINISTRAÇÃO E FINANÇAS; SECRETARIA DE ADMINISTRAÇÃO E FINANÇAS; R$ 0,00; R$ 0,00; R$ 0,00; R$ 0,00; R$ 21.836,10; R$ 35.273,73; R$ 0,00; 0.0
 11125001000000; Imposto sobre a Propriedade Predial e Territorial Urbana - Principal; Receitas Correntes; Impostos, Taxas e Contribuições de Melhoria; Impostos; Imposto sobre a Propriedade Predial e Territorial Urbana - Principal; Impostos sobre o Patrimônio; Imposto sobre a Propriedade Predial e Territorial Urbana; ; Impostos sobre o Patrimônio; Imposto sobre a Propriedade Predial e Territorial Urbana; Não se aplica; Imposto sobre a Propriedade Predial e Territorial Urbana - Principal; Arrecadações; SECRETARIA DE ADMINISTRAÇÃO E FINANÇAS; SECRETARIA DE ADMINISTRAÇÃO E FINANÇAS; SECRETARIA DE ADMINISTRAÇÃO E FINANÇAS; R$ 0,00; R$ 0,00; R$ 0,00; R$ 0,00; R$ 2.412.214,50; R$ 5.310.235,62; R$ 0,00; 0.0
 11225304000000; TPS Limpeza Pública e Manejo de Resíduos Sólidos - DA Multas e Juros; Receitas Correntes; Impostos, Taxas e Contribuições de Melhoria; Taxas; TPS Limpeza Pública e Manejo de Resíduos Sólidos - DA Multas e Juros; Taxas pela Prestação de Serviços; TPS Limpeza Pública e Manejo de Resíduos Sólidos; ; Taxas pela Prestação de Serviços; TPS Limpeza Pública e Manejo de Resíduos Sólidos; Não se aplica; TPS Limpeza Pública e Manejo de Resíduos Sólidos - DA Multas e Juros; Arrecadações; SECRETARIA DE ADMINISTRAÇÃO E FINANÇAS; SECRETARIA DE ADMINISTRAÇÃO E FINANÇAS; SECRETARIA DE ADMINISTRAÇÃO E FINANÇAS; R$ 0,00; R$ 0,00; R$ 0,00; R$ 0,00; R$ 4.595,88; R$ 9.022,87; R$ 0,00; 0.0
 11125004000000; Imposto sobre a Propriedade Predial e Territorial Urbana - Dívida Ativa - Multas e Juros de Mora da Dívida Ativa; Receitas Correntes; Impostos, Taxas e Contribuições de Melhoria; Impostos; Imposto sobre a Propriedade Predial e Territorial Urbana - Dívida Ativa - Multas e Juros de Mora da Dívida Ativa; Impostos sobre o Patrimônio; Imposto sobre a Propriedade Predial e Territorial Urbana; ; Impostos sobre o Patrimônio; Imposto sobre a Propriedade Predial e Territorial Urbana; Não se aplica; Imposto sobre a Propriedade Predial e Territorial Urbana - Dívida Ativa - Multas e Juros de Mora da Dívida Ativa; Arrecadações; SECRETARIA DE ADMINISTRAÇÃO E FINANÇAS; SECRETARIA DE ADMINISTRAÇÃO E FINANÇAS; SECRETARIA DE ADMINISTRAÇÃO E FINANÇAS; R$ 0,00; R$ 0,00; R$ 0,00; R$ 0,00; R$ 13.365,14; R$ 29.196,63; R$ 0,00; 0.0
 11125003000000; Imposto sobre a Propriedade Predial e Territorial Urbana - Dívida Ativa; Receitas Correntes; Impostos, Taxas e Contribuições de Melhoria; Impostos; Imposto sobre a Propriedade Predial e Territorial Urbana - Dívida Ativa; Impostos sobre o Patrimônio; Imposto sobre a Propriedade Predial e Territorial Urbana; ; Impostos sobre o Patrimônio; Imposto sobre a Propriedade Predial e Territorial Urbana; Não se aplica; Imposto sobre a Propriedade Predial e Territorial Urbana - Dívida Ativa; Arrecadações; SECRETARIA DE ADMINISTRAÇÃO E FINANÇAS; SECRETARIA DE ADMINISTRAÇÃO E FINANÇAS; SECRETARIA DE ADMINISTRAÇÃO E FINANÇAS; R$ 0,00; R$ 0,00; R$ 0,00; R$ 0,00; R$ 170.918,42; R$ 319.949,65; R$ 0,00; 0.0
 11225303000000; TPS Limpeza Pública e Manejo de Resíduos Sólidos - Dívida Ativa; Receitas Correntes; Impostos, Taxas e Contribuições de Melhoria; Taxas; TPS Limpeza Pública e Manejo de Resíduos Sólidos - Dívida Ativa; Taxas pela Prestação de Serviços; TPS Limpeza Pública e Manejo de Resíduos Sólidos; ; Taxas pela Prestação de Serviços; TPS Limpeza Pública e Manejo de Resíduos Sólidos; Não se aplica; TPS Limpeza Pública e Manejo de Resíduos Sólidos - Dívida Ativa; Arrecadações; SECRETARIA DE ADMINISTRAÇÃO E FINANÇAS; SECRETARIA DE ADMINISTRAÇÃO E FINANÇAS; SECRETARIA DE ADMINISTRAÇÃO E FINANÇAS; R$ 0,00; R$ 0,00; R$ 0,00; R$ 0,00; R$ 62.780,57; R$ 107.498,95; R$ 0,00; 0.0
 11125004000000; Imposto sobre a Propriedade Predial e Territorial Urbana - Dívida Ativa - Multas e Juros de Mora da Dívida Ativa; Receitas Correntes; Impostos, Taxas e Contribuições de Melhoria; Impostos; Imposto sobre a Propriedade Predial e Territorial Urbana - Dívida Ativa - Multas e Juros de Mora da Dívida Ativa; Impostos sobre o Patrimônio; Imposto sobre a Propriedade Predial e Territorial Urbana; ; Impostos sobre o Patrimônio; Imposto sobre a Propriedade Predial e Territorial Urbana; Não se aplica; Imposto sobre a Propriedade Predial e Territorial Urbana - Dívida Ativa - Multas e Juros de Mora da Dívida Ativa; Arrecadações; SECRETARIA DE ADMINISTRAÇÃO E FINANÇAS; SECRETARIA DE ADMINISTRAÇÃO E FINANÇAS; SECRETARIA DE ADMINISTRAÇÃO E FINANÇAS; R$ 0,00; R$ 0,00; R$ 0,00; R$ 0,00; R$ 24.656,56; R$ 53.853,19; R$ 0,00; 0.0
 11125001000000; Imposto sobre a Propriedade Predial e Territorial Urbana - Principal; Receitas Correntes; Impostos, Taxas e Contribuições de Melhoria; Impostos; Imposto sobre a Propriedade Predial e Territorial Urbana - Principal; Impostos sobre o Patrimônio; Imposto sobre a Propriedade Predial e Territorial Urbana; ; Impostos sobre o Patrimônio; Imposto sobre a Propriedade Predial e Territorial Urbana; Não se aplica; Imposto sobre a Propriedade Predial e Territorial Urbana - Principal; Arrecadações; SECRETARIA DE ADMINISTRAÇÃO E FINANÇAS; SECRETARIA DE ADMINISTRAÇÃO E FINANÇAS; SECRETARIA DE ADMINISTRAÇÃO E FINANÇAS; R$ 0,00; R$ 0,00; R$ 0,00; R$ 0,00; R$ 180.824,11; R$ 5.491.059,73; R$ 0,00; 0.0
 11225303000000; TPS Limpeza Pública e Manejo de Resíduos Sólidos - Dívida Ativa; Receitas Correntes; Impostos, Taxas e Contribuições de Melhoria; Taxas; TPS Limpeza Pública e Manejo de Resíduos Sólidos - Dívida Ativa; Taxas pela Prestação de Serviços; TPS Limpeza Pública e Manejo de Resíduos Sólidos; ; Taxas pela Prestação de Serviços; TPS Limpeza Pública e Manejo de Resíduos Sólidos; Não se aplica; TPS Limpeza Pública e Manejo de Resíduos Sólidos - Dívida Ativa; Arrecadações; SECRETARIA DE ADMINISTRAÇÃO E FINANÇAS; SECRETARIA DE ADMINISTRAÇÃO E FINANÇAS; SECRETARIA DE ADMINISTRAÇÃO E FINANÇAS; R$ 0,00; R$ 0,00; R$ 0,00; R$ 0,00; R$ 46.160,79; R$ 153.659,74; R$ 0,00; 0.0
 11225304000000; TPS Limpeza Pública e Manejo de Resíduos Sólidos - DA Multas e Juros; Receitas Correntes; Impostos, Taxas e Contribuições de Melhoria; Taxas; TPS Limpeza Pública e Manejo de Resíduos Sólidos - DA Multas e Juros; Taxas pela Prestação de Serviços; TPS Limpeza Pública e Manejo de Resíduos Sólidos; ; Taxas pela Prestação de Serviços; TPS Limpeza Pública e Manejo de Resíduos Sólidos; Não se aplica; TPS Limpeza Pública e Manejo de Resíduos Sólidos - DA Multas e Juros; Arrecadações; SECRETARIA DE ADMINISTRAÇÃO E FINANÇAS; SECRETARIA DE ADMINISTRAÇÃO E FINANÇAS; SECRETARIA DE ADMINISTRAÇÃO E FINANÇAS; R$ 0,00; R$ 0,00; R$ 0,00; R$ 0,00; R$ 7.811,35; R$ 16.834,22; R$ 0,00; 0.0
 11125003000000; Imposto sobre a Propriedade Predial e Territorial Urbana - Dívida Ativa; Receitas Correntes; Impostos, Taxas e Contribuições de Melhoria; Impostos; Imposto sobre a Propriedade Predial e Territorial Urbana - Dívida Ativa; Impostos sobre o Patrimônio; Imposto sobre a Propriedade Predial e Territorial Urbana; ; Impostos sobre o Patrimônio; Imposto sobre a Propriedade Predial e Territorial Urbana; Não se aplica; Imposto sobre a Propriedade Predial e Territorial Urbana - Dívida Ativa; Arrecadações; SECRETARIA DE ADMINISTRAÇÃO E FINANÇAS; SECRETARIA DE ADMINISTRAÇÃO E FINANÇAS; SECRETARIA DE ADMINISTRAÇÃO E FINANÇAS; R$ 0,00; R$ 0,00; R$ 0,00; R$ 0,00; R$ 132.472,78; R$ 452.422,43; R$ 0,00; 0.0
 19991221000000; Ônus de Sucumbência - Principal; Receitas Correntes; Outras Receitas Correntes; Demais Receitas Correntes; Ônus de Sucumbência - Principal; Outras Receitas Correntes; Encargos Legais pela Inscrição em Dívida Ativa e Receitas de Ônus de Sucumbência; Ônus de Sucumbência; Outras Receitas Correntes; Encargos Legais pela Inscrição em Dívida Ativa e Receitas de Ônus de Sucumbência; Ônus de Sucumbência; Ônus de Sucumbência - Principal; Arrecadações; SECRETARIA DE ADMINISTRAÇÃO E FINANÇAS; SECRETARIA DE ADMINISTRAÇÃO E FINANÇAS; SECRETARIA DE ADMINISTRAÇÃO E FINANÇAS; R$ 0,00; R$ 0,00; R$ 0,00; R$ 0,00; R$ 18.376,04; R$ 53.649,77; R$ 0,00; 0.0
 11125003000000; Imposto sobre a Propriedade Predial e Territorial Urbana - Dívida Ativa; Receitas Correntes; Impostos, Taxas e Contribuições de Melhoria; Impostos; Imposto sobre a Propriedade Predial e Territorial Urbana - Dívida Ativa; Impostos sobre o Patrimônio; Imposto sobre a Propriedade Predial e Territorial Urbana; ; Impostos sobre o Patrimônio; Imposto sobre a Propriedade Predial e Territorial Urbana; Não se aplica; Imposto sobre a Propriedade Predial e Territorial Urbana - Dívida Ativa; Arrecadações; SECRETARIA DE ADMINISTRAÇÃO E FINANÇAS; SECRETARIA DE ADMINISTRAÇÃO E FINANÇAS; SECRETARIA DE ADMINISTRAÇÃO E FINANÇAS; R$ 0,00; R$ 0,00; R$ 0,00; R$ 0,00; R$ 113.139,39; R$ 565.561,82; R$ 0,00; 0.0
 19991221000000; Ônus de Sucumbência - Principal; Receitas Correntes; Outras Receitas Correntes; Demais Receitas Correntes; Ônus de Sucumbência - Principal; Outras Receitas Correntes; Encargos Legais pela Inscrição em Dívida Ativa e Receitas de Ônus de Sucumbência; Ônus de Sucumbência; Outras Receitas Correntes; Encargos Legais pela Inscrição em Dívida Ativa e Receitas de Ônus de Sucumbência; Ônus de Sucumbência; Ônus de Sucumbência - Principal; Arrecadações; SECRETARIA DE ADMINISTRAÇÃO E FINANÇAS; SECRETARIA DE ADMINISTRAÇÃO E FINANÇAS; SECRETARIA DE ADMINISTRAÇÃO E FINANÇAS; R$ 0,00; R$ 0,00; R$ 0,00; R$ 0,00; R$ 15.807,27; R$ 69.457,04; R$ 0,00; 0.0
 11125001000000; Imposto sobre a Propriedade Predial e Territorial Urbana - Principal; Receitas Correntes; Impostos, Taxas e Contribuições de Melhoria; Impostos; Imposto sobre a Propriedade Predial e Territorial Urbana - Principal; Impostos sobre o Patrimônio; Imposto sobre a Propriedade Predial e Territorial Urbana; ; Impostos sobre o Patrimônio; Imposto sobre a Propriedade Predial e Territorial Urbana; Não se aplica; Imposto sobre a Propriedade Predial e Territorial Urbana - Principal; Arrecadações; SECRETARIA DE ADMINISTRAÇÃO E FINANÇAS; SECRETARIA DE ADMINISTRAÇÃO E FINANÇAS; SECRETARIA DE ADMINISTRAÇÃO E FINANÇAS; R$ 0,00; R$ 0,00; R$ 0,00; R$ 0,00; R$ 256.869,54; R$ 5.747.929,27; R$ 0,00; 0.0
 11225304000000; TPS Limpeza Pública e Manejo de Resíduos Sólidos - DA Multas e Juros; Receitas Correntes; Impostos, Taxas e Contribuições de Melhoria; Taxas; TPS Limpeza Pública e Manejo de Resíduos Sólidos - DA Multas e Juros; Taxas pela Prestação de Serviços; TPS Limpeza Pública e Manejo de Resíduos Sólidos; ; Taxas pela Prestação de Serviços; TPS Limpeza Pública e Manejo de Resíduos Sólidos; Não se aplica; TPS Limpeza Pública e Manejo de Resíduos Sólidos - DA Multas e Juros; Arrecadações; SECRETARIA DE ADMINISTRAÇÃO E FINANÇAS; SECRETARIA DE ADMINISTRAÇÃO E FINANÇAS; SECRETARIA DE ADMINISTRAÇÃO E FINANÇAS; R$ 0,00; R$ 0,00; R$ 0,00; R$ 0,00; R$ 7.179,03; R$ 24.013,25; R$ 0,00; 0.0
 11125004000000; Imposto sobre a Propriedade Predial e Territorial Urbana - Dívida Ativa - Multas e Juros de Mora da Dívida Ativa; Receitas Correntes; Impostos, Taxas e Contribuições de Melhoria; Impostos; Imposto sobre a Propriedade Predial e Territorial Urbana - Dívida Ativa - Multas e Juros de Mora da Dívida Ativa; Impostos sobre o Patrimônio; Imposto sobre a Propriedade Predial e Territorial Urbana; ; Impostos sobre o Patrimônio; Imposto sobre a Propriedade Predial e Territorial Urbana; Não se aplica; Imposto sobre a Propriedade Predial e Territorial Urbana - Dívida Ativa - Multas e Juros de Mora da Dívida Ativa; Arrecadações; SECRETARIA DE ADMINISTRAÇÃO E FINANÇAS; SECRETARIA DE ADMINISTRAÇÃO E FINANÇAS; SECRETARIA DE ADMINISTRAÇÃO E FINANÇAS; R$ 0,00; R$ 0,00; R$ 0,00; R$ 0,00; R$ 30.695,11; R$ 84.548,30; R$ 0,00; 0.0
 11225303000000; TPS Limpeza Pública e Manejo de Resíduos Sólidos - Dívida Ativa; Receitas Correntes; Impostos, Taxas e Contribuições de Melhoria; Taxas; TPS Limpeza Pública e Manejo de Resíduos Sólidos - Dívida Ativa; Taxas pela Prestação de Serviços; TPS Limpeza Pública e Manejo de Resíduos Sólidos; ; Taxas pela Prestação de Serviços; TPS Limpeza Pública e Manejo de Resíduos Sólidos; Não se aplica; TPS Limpeza Pública e Manejo de Resíduos Sólidos - Dívida Ativa; Arrecadações; SECRETARIA DE ADMINISTRAÇÃO E FINANÇAS; SECRETARIA DE ADMINISTRAÇÃO E FINANÇAS; SECRETARIA DE ADMINISTRAÇÃO E FINANÇAS; R$ 0,00; R$ 0,00; R$ 0,00; R$ 0,00; R$ 32.994,66; R$ 186.654,40; R$ 0,00; 0.0
 11125001000000; Imposto sobre a Propriedade Predial e Territorial Urbana - Principal; Receitas Correntes; Impostos, Taxas e Contribuições de Melhoria; Impostos; Imposto sobre a Propriedade Predial e Territorial Urbana - Principal; Impostos sobre o Patrimônio; Imposto sobre a Propriedade Predial e Territorial Urbana; ; Impostos sobre o Patrimônio; Imposto sobre a Propriedade Predial e Territorial Urbana; Não se aplica; Imposto sobre a Propriedade Predial e Territorial Urbana - Principal; Arrecadações; SECRETARIA DE ADMINISTRAÇÃO E FINANÇAS; SECRETARIA DE ADMINISTRAÇÃO E FINANÇAS; SECRETARIA DE ADMINISTRAÇÃO E FINANÇAS; R$ 0,00; R$ 0,00; R$ 0,00; R$ 0,00; R$ -1.847,10; R$ 5.746.082,17; R$ 0,00; 0.0
 11225301020000; TPS - Taxa de Coleta de Lixo; Receitas Correntes; Impostos, Taxas e Contribuições de Melhoria; Taxas; TPS Limpeza Pública e Manejo de Resíduos Sólidos - Principal; Taxas pela Prestação de Serviços; TPS Limpeza Pública e Manejo de Resíduos Sólidos; ; Taxas pela Prestação de Serviços; TPS Limpeza Pública e Manejo de Resíduos Sólidos; Não se aplica; TPS - Taxa de Coleta de Lixo; Arrecadações; SECRETARIA DE ADMINISTRAÇÃO E FINANÇAS; SECRETARIA DE ADMINISTRAÇÃO E FINANÇAS; SECRETARIA DE ADMINISTRAÇÃO E FINANÇAS; R$ 2.220.270,00; R$ 2.220.270,00; R$ 0,00; R$ 0,00; R$ 831.741,47; R$ 831.741,47; R$ 2.220.270,00; 37.45
 11225301020000; TPS - Taxa de Coleta de Lixo; Receitas Correntes; Impostos, Taxas e Contribuições de Melhoria; Taxas; TPS Limpeza Pública e Manejo de Resíduos Sólidos - Principal; Taxas pela Prestação de Serviços; TPS Limpeza Pública e Manejo de Resíduos Sólidos; ; Taxas pela Prestação de Serviços; TPS Limpeza Pública e Manejo de Resíduos Sólidos; Não se aplica; TPS - Taxa de Coleta de Lixo; Arrecadações; SECRETARIA DE ADMINISTRAÇÃO E FINANÇAS; SECRETARIA DE ADMINISTRAÇÃO E FINANÇAS; SECRETARIA DE ADMINISTRAÇÃO E FINANÇAS; R$ 0,00; R$ 0,00; R$ 0,00; R$ 0,00; R$ 476.894,18; R$ 1.308.635,65; R$ 0,00; 0.0
 11225301020000; TPS - Taxa de Coleta de Lixo; Receitas Correntes; Impostos, Taxas e Contribuições de Melhoria; Taxas; TPS Limpeza Pública e Manejo de Resíduos Sólidos - Principal; Taxas pela Prestação de Serviços; TPS Limpeza Pública e Manejo de Resíduos Sólidos; ; Taxas pela Prestação de Serviços; TPS Limpeza Pública e Manejo de Resíduos Sólidos; Não se aplica; TPS - Taxa de Coleta de Lixo; Arrecadações; SECRETARIA DE ADMINISTRAÇÃO E FINANÇAS; SECRETARIA DE ADMINISTRAÇÃO E FINANÇAS; SECRETARIA DE ADMINISTRAÇÃO E FINANÇAS; R$ 0,00; R$ 0,00; R$ 0,00; R$ 0,00; R$ 402.405,59; R$ 1.711.041,24; R$ 0,00; 0.0
 11225301020000; TPS - Taxa de Coleta de Lixo; Receitas Correntes; Impostos, Taxas e Contribuições de Melhoria; Taxas; TPS Limpeza Pública e Manejo de Resíduos Sólidos - Principal; Taxas pela Prestação de Serviços; TPS Limpeza Pública e Manejo de Resíduos Sólidos; ; Taxas pela Prestação de Serviços; TPS Limpeza Pública e Manejo de Resíduos Sólidos; Não se aplica; TPS - Taxa de Coleta de Lixo; Arrecadações; SECRETARIA DE ADMINISTRAÇÃO E FINANÇAS; SECRETARIA DE ADMINISTRAÇÃO E FINANÇAS; SECRETARIA DE ADMINISTRAÇÃO E FINANÇAS; R$ 0,00; R$ 0,00; R$ 0,00; R$ 0,00; R$ 145.725,49; R$ 1.856.766,73; R$ 0,00; 0.0
 24229901000000; Outras Transferências de Convênios dos Estados e DF e de Suas Entidades - Principal; Receitas de Capital; Transferências de Capital; Transferências dos Estados e do Distrito Federal e de suas Entidades; Outras Transferências de Convênios dos Estados e DF e de Suas Entidades - Principal; Transferências de Convênios dos Estados e DF e de Suas Entidades; Outras Transferências de Convênios dos Estados e DF e de Suas Entidades; ; Transferências de Convênios dos Estados e DF e de Suas Entidades; Outras Transferências de Convênios dos Estados e DF e de Suas Entidades; Não se aplica; Outras Transferências de Convênios dos Estados e DF e de Suas Entidades - Principal; Arrecadações; SECRETARIA DE ADMINISTRAÇÃO E FINANÇAS; SECRETARIA DE ADMINISTRAÇÃO E FINANÇAS; SECRETARIA DE ADMINISTRAÇÃO E FINANÇAS; R$ 0,00; R$ 233.750,00; R$ 0,00; R$ 0,00; R$ 1.080.000,00; R$ 1.080.000,00; R$ 233.750,00; 462.03
 24229901000000; Outras Transferências de Convênios dos Estados e DF e de Suas Entidades - Principal; Receitas de Capital; Transferências de Capital; Transferências dos Estados e do Distrito Federal e de suas Entidades; Outras Transferências de Convênios dos Estados e DF e de Suas Entidades - Principal; Transferências de Convênios dos Estados e DF e de Suas Entidades; Outras Transferências de Convênios dos Estados e DF e de Suas Entidades; ; Transferências de Convênios dos Estados e DF e de Suas Entidades; Outras Transferências de Convênios dos Estados e DF e de Suas Entidades; Não se aplica; Outras Transferências de Convênios dos Estados e DF e de Suas Entidades - Principal; Arrecadações; SECRETARIA DE ADMINISTRAÇÃO E FINANÇAS; SECRETARIA DE ADMINISTRAÇÃO E FINANÇAS; SECRETARIA DE ADMINISTRAÇÃO E FINANÇAS; R$ 0,00; R$ 50.000,00; R$ 0,00; R$ 0,00; R$ 300.000,00; R$ 1.380.000,00; R$ 50.000,00; 2760.0
 24229901000000; Outras Transferências de Convênios dos Estados e DF e de Suas Entidades - Principal; Receitas de Capital; Transferências de Capital; Transferências dos Estados e do Distrito Federal e de suas Entidades; Outras Transferências de Convênios dos Estados e DF e de Suas Entidades - Principal; Transferências de Convênios dos Estados e DF e de Suas Entidades; Outras Transferências de Convênios dos Estados e DF e de Suas Entidades; ; Transferências de Convênios dos Estados e DF e de Suas Entidades; Outras Transferências de Convênios dos Estados e DF e de Suas Entidades; Não se aplica; Outras Transferências de Convênios dos Estados e DF e de Suas Entidades - Principal; Arrecadações; SECRETARIA DE ADMINISTRAÇÃO E FINANÇAS; SECRETARIA DE ADMINISTRAÇÃO E FINANÇAS; SECRETARIA DE ADMINISTRAÇÃO E FINANÇAS; R$ 0,00; R$ 0,00; R$ 0,00; R$ 0,00; R$ 400.000,00; R$ 1.780.000,00; R$ 0,00; 0.0
 24229901000000; Outras Transferências de Convênios dos Estados e DF e de Suas Entidades - Principal; Receitas de Capital; Transferências de Capital; Transferências dos Estados e do Distrito Federal e de suas Entidades; Outras Transferências de Convênios dos Estados e DF e de Suas Entidades - Principal; Transferências de Convênios dos Estados e DF e de Suas Entidades; Outras Transferências de Convênios dos Estados e DF e de Suas Entidades; ; Transferências de Convênios dos Estados e DF e de Suas Entidades; Outras Transferências de Convênios dos Estados e DF e de Suas Entidades; Não se aplica; Outras Transferências de Convênios dos Estados e DF e de Suas Entidades - Principal; Arrecadações; SECRETARIA DE ADMINISTRAÇÃO E FINANÇAS; SECRETARIA DE ADMINISTRAÇÃO E FINANÇAS; SECRETARIA DE ADMINISTRAÇÃO E FINANÇAS; R$ 0,00; R$ 100.000,00; R$ 0,00; R$ 0,00; R$ 100.000,00; R$ 1.880.000,00; R$ 100.000,00; 1880.0
 17196001000000; Transferências da Política Nacional Aldir Blanc de Fomento à Cultura - Lei n 14.399/2022 - Principal; Receitas Correntes; Transferências Correntes; Transferências da União e de suas Entidades; Transferências da Política Nacional Aldir Blanc de Fomento à Cultura - Lei n 14.399/2022 - Principal; Outras Transferências de Recursos da União e de suas Entidades; Transferências da Política Nacional Aldir Blanc de Fomento à Cultura - Lei n 14.399/2022; ; Outras Transferências de Recursos da União e de suas Entidades; Transferências da Política Nacional Aldir Blanc de Fomento à Cultura - Lei n 14.399/2022; Não se aplica; Transferências da Política Nacional Aldir Blanc de Fomento à Cultura - Lei n 14.399/2022 - Principal; Arrecadações; SECRETARIA DE CULTURA; FUNDO MUNICIPAL DE CULTURA; SECRETARIA DE CULTURA; R$ 0,00; R$ 0,00; R$ 0,00; R$ 0,00; R$ 139.313,72; R$ 139.313,72; R$ 0,00; 0.0
 13210111010000; Remuneração de Depósitos Bancários - Rec. Vinculados; Receitas Correntes; Receita Patrimonial; Valores Mobiliários; Remuneração de Depósitos Bancários - Geral - Principal; Juros e Correções Monetárias; Remuneração de Depósitos Bancários; Remuneração de Depósitos Bancários - Geral; Juros e Correções Monetárias; Remuneração de Depósitos Bancários; Remuneração de Depósitos Bancários - Geral; Remuneração de Depósitos Bancários - Rec. Vinculados; Arrecadações; SECRETARIA DE ADMINISTRAÇÃO E FINANÇAS; SECRETARIA DE ADMINISTRAÇÃO E FINANÇAS; SECRETARIA DE ADMINISTRAÇÃO E FINANÇAS; R$ 0,00; R$ 0,00; R$ 0,00; R$ 0,00; R$ 168.059,21; R$ 168.059,21; R$ 0,00; 0.0
 13210111010000; Remuneração de Depósitos Bancários - Rec. Vinculados; Receitas Correntes; Receita Patrimonial; Valores Mobiliários; Remuneração de Depósitos Bancários - Geral - Principal; Juros e Correções Monetárias; Remuneração de Depósitos Bancários; Remuneração de Depósitos Bancários - Geral; Juros e Correções Monetárias; Remuneração de Depósitos Bancários; Remuneração de Depósitos Bancários - Geral; Remuneração de Depósitos Bancários - Rec. Vinculados; Arrecadações; SECRETARIA DE ADMINISTRAÇÃO E FINANÇAS; SECRETARIA DE ADMINISTRAÇÃO E FINANÇAS; SECRETARIA DE ADMINISTRAÇÃO E FINANÇAS; R$ 0,00; R$ 0,00; R$ 0,00; R$ 0,00; R$ 143.915,30; R$ 311.974,51; R$ 0,00; 0.0
 13210111010000; Remuneração de Depósitos Bancários - Rec. Vinculados; Receitas Correntes; Receita Patrimonial; Valores Mobiliários; Remuneração de Depósitos Bancários - Geral - Principal; Juros e Correções Monetárias; Remuneração de Depósitos Bancários; Remuneração de Depósitos Bancários - Geral; Juros e Correções Monetárias; Remuneração de Depósitos Bancários; Remuneração de Depósitos Bancários - Geral; Remuneração de Depósitos Bancários - Rec. Vinculados; Arrecadações; SECRETARIA DE ADMINISTRAÇÃO E FINANÇAS; SECRETARIA DE ADMINISTRAÇÃO E FINANÇAS; SECRETARIA DE ADMINISTRAÇÃO E FINANÇAS; R$ 0,00; R$ 0,00; R$ 0,00; R$ 0,00; R$ 166.188,09; R$ 478.162,60; R$ 0,00; 0.0
 13210111010000; Remuneração de Depósitos Bancários - Rec. Vinculados; Receitas Correntes; Receita Patrimonial; Valores Mobiliários; Remuneração de Depósitos Bancários - Geral - Principal; Juros e Correções Monetárias; Remuneração de Depósitos Bancários; Remuneração de Depósitos Bancários - Geral; Juros e Correções Monetárias; Remuneração de Depósitos Bancários; Remuneração de Depósitos Bancários - Geral; Remuneração de Depósitos Bancários - Rec. Vinculados; Arrecadações; SECRETARIA DE ADMINISTRAÇÃO E FINANÇAS; SECRETARIA DE ADMINISTRAÇÃO E FINANÇAS; SECRETARIA DE ADMINISTRAÇÃO E FINANÇAS; R$ 0,00; R$ 0,00; R$ 0,00; R$ 0,00; R$ 139.584,21; R$ 617.746,81; R$ 0,00; 0.0
 13210111010000; Remuneração de Depósitos Bancários - Rec. Vinculados; Receitas Correntes; Receita Patrimonial; Valores Mobiliários; Remuneração de Depósitos Bancários - Geral - Principal; Juros e Correções Monetárias; Remuneração de Depósitos Bancários; Remuneração de Depósitos Bancários - Geral; Juros e Correções Monetárias; Remuneração de Depósitos Bancários; Remuneração de Depósitos Bancários - Geral; Remuneração de Depósitos Bancários - Rec. Vinculados; Arrecadações; SECRETARIA DE ADMINISTRAÇÃO E FINANÇAS; SECRETARIA DE ADMINISTRAÇÃO E FINANÇAS; SECRETARIA DE ADMINISTRAÇÃO E FINANÇAS; R$ 0,00; R$ 7.209,58; R$ 0,00; R$ 0,00; R$ 253,19; R$ 618.000,00; R$ 7.209,58; 8571.93
 17249901000000; Outras Transferências de Convênios dos Estados e DF e de Suas Entidades - Principal; Receitas Correntes; Transferências Correntes; Transferências dos Estados e do Distrito Federal e de suas Entidades; Outras Transferências de Convênios dos Estados e DF e de Suas Entidades - Principal; Transferências de Convênios dos Estados e DF e de Suas Entidades; Outras Transferências de Convênios dos Estados e DF e de Suas Entidades; ; Transferências de Convênios dos Estados e DF e de Suas Entidades; Outras Transferências de Convênios dos Estados e DF e de Suas Entidades; Não se aplica; Outras Transferências de Convênios dos Estados e DF e de Suas Entidades - Principal; Arrecadações; SECRETARIA DE ADMINISTRAÇÃO E FINANÇAS; SECRETARIA DE ADMINISTRAÇÃO E FINANÇAS; SECRETARIA DE ADMINISTRAÇÃO E FINANÇAS; R$ 12.955.322,50; R$ 12.955.322,50; R$ 0,00; R$ 0,00; R$ 49.874,82; R$ 49.874,82; R$ 12.955.322,50; 0.38
 11130311000000; Imposto sobre a Renda - Retido na Fonte - Trabalho - Principal; Receitas Correntes; Impostos, Taxas e Contribuições de Melhoria; Impostos; Imposto sobre a Renda - Retido na Fonte - Trabalho - Principal; Impostos sobre a Renda e Proventos de Qualquer Natureza; Imposto sobre a Renda - Retido na Fonte; Imposto sobre a Renda - Retido na Fonte - Trabalho; Impostos sobre a Renda e Proventos de Qualquer Natureza; Imposto sobre a Renda - Retido na Fonte; Imposto sobre a Renda - Retido na Fonte - Trabalho; Imposto sobre a Renda - Retido na Fonte - Trabalho - Principal; Arrecadações; SECRETARIA DE ADMINISTRAÇÃO E FINANÇAS; SECRETARIA DE ADMINISTRAÇÃO E FINANÇAS; SECRETARIA DE ADMINISTRAÇÃO E FINANÇAS; R$ 3.557.815,00; R$ 3.557.815,00; R$ 0,00; R$ 0,00; R$ 0,00; R$ 0,00; R$ 3.557.815,00; 0.0
 11130341010000; IRRF - Pessoa Jurídica; Receitas Correntes; Impostos, Taxas e Contribuições de Melhoria; Impostos; Imposto sobre a Renda - Retido na Fonte - Outros Rendimentos - Principal; Impostos sobre a Renda e Proventos de Qualquer Natureza; Imposto sobre a Renda - Retido na Fonte; Imposto sobre a Renda - Retido na Fonte - Outros Rendimentos; Impostos sobre a Renda e Proventos de Qualquer Natureza; Imposto sobre a Renda - Retido na Fonte; Imposto sobre a Renda - Retido na Fonte - Outros Rendimentos; IRRF - Pessoa Jurídica; Arrecadações; SECRETARIA DE ADMINISTRAÇÃO E FINANÇAS; SECRETARIA DE ADMINISTRAÇÃO E FINANÇAS; SECRETARIA DE ADMINISTRAÇÃO E FINANÇAS; R$ 356.527,00; R$ 356.527,00; R$ 0,00; R$ 0,00; R$ 2.571,79; R$ 2.571,79; R$ 356.527,00; 0.72
 11145111000000; Imposto sobre Serviços de Qualquer Natureza - ISSQN - Principal; Receitas Correntes; Impostos, Taxas e Contribuições de Melhoria; Impostos; Imposto sobre Serviços de Qualquer Natureza - ISSQN - Principal; Impostos sobre Produção, Circulação e Serviços; Impostos sobre Serviços; Imposto sobre Serviços de Qualquer Natureza - ISSQN; Impostos sobre Produção, Circulação e Serviços; Impostos sobre Serviços; Imposto sobre Serviços de Qualquer Natureza - ISSQN; Imposto sobre Serviços de Qualquer Natureza - ISSQN - Principal; Arrecadações; SECRETARIA DE ADMINISTRAÇÃO E FINANÇAS; SECRETARIA DE ADMINISTRAÇÃO E FINANÇAS; SECRETARIA DE ADMINISTRAÇÃO E FINANÇAS; R$ 2.875.822,00; R$ 2.875.822,00; R$ 0,00; R$ 0,00; R$ 200.312,12; R$ 200.312,12; R$ 2.875.822,00; 6.97
 17249901000000; Outras Transferências de Convênios dos Estados e DF e de Suas Entidades - Principal; Receitas Correntes; Transferências Correntes; Transferências dos Estados e do Distrito Federal e de suas Entidades; Outras Transferências de Convênios dos Estados e DF e de Suas Entidades - Principal; Transferências de Convênios dos Estados e DF e de Suas Entidades; Outras Transferências de Convênios dos Estados e DF e de Suas Entidades; ; Transferências de Convênios dos Estados e DF e de Suas Entidades; Outras Transferências de Convênios dos Estados e DF e de Suas Entidades; Não se aplica; Outras Transferências de Convênios dos Estados e DF e de Suas Entidades - Principal; Arrecadações; SECRETARIA DE ADMINISTRAÇÃO E FINANÇAS; SECRETARIA DE ADMINISTRAÇÃO E FINANÇAS; SECRETARIA DE ADMINISTRAÇÃO E FINANÇAS; R$ 0,00; R$ 49.874,82; R$ 0,00; R$ 0,00; R$ 0,00; R$ 49.874,82; R$ 49.874,82; 100.0
 11130341010000; IRRF - Pessoa Jurídica; Receitas Correntes; Impostos, Taxas e Contribuições de Melhoria; Impostos; Imposto sobre a Renda - Retido na Fonte - Outros Rendimentos - Principal; Impostos sobre a Renda e Proventos de Qualquer Natureza; Imposto sobre a Renda - Retido na Fonte; Imposto sobre a Renda - Retido na Fonte - Outros Rendimentos; Impostos sobre a Renda e Proventos de Qualquer Natureza; Imposto sobre a Renda - Retido na Fonte; Imposto sobre a Renda - Retido na Fonte - Outros Rendimentos; IRRF - Pessoa Jurídica; Arrecadações; SECRETARIA DE ADMINISTRAÇÃO E FINANÇAS; SECRETARIA DE ADMINISTRAÇÃO E FINANÇAS; SECRETARIA DE ADMINISTRAÇÃO E FINANÇAS; R$ 0,00; R$ 0,00; R$ 0,00; R$ 0,00; R$ 10.565,81; R$ 13.137,60; R$ 0,00; 0.0
 11145111000000; Imposto sobre Serviços de Qualquer Natureza - ISSQN - Principal; Receitas Correntes; Impostos, Taxas e Contribuições de Melhoria; Impostos; Imposto sobre Serviços de Qualquer Natureza - ISSQN - Principal; Impostos sobre Produção, Circulação e Serviços; Impostos sobre Serviços; Imposto sobre Serviços de Qualquer Natureza - ISSQN; Impostos sobre Produção, Circulação e Serviços; Impostos sobre Serviços; Imposto sobre Serviços de Qualquer Natureza - ISSQN; Imposto sobre Serviços de Qualquer Natureza - ISSQN - Principal; Arrecadações; SECRETARIA DE ADMINISTRAÇÃO E FINANÇAS; SECRETARIA DE ADMINISTRAÇÃO E FINANÇAS; SECRETARIA DE ADMINISTRAÇÃO E FINANÇAS; R$ 0,00; R$ 0,00; R$ 0,00; R$ 0,00; R$ 226.569,03; R$ 426.881,15; R$ 0,00; 0.0
 11130311000000; Imposto sobre a Renda - Retido na Fonte - Trabalho - Principal; Receitas Correntes; Impostos, Taxas e Contribuições de Melhoria; Impostos; Imposto sobre a Renda - Retido na Fonte - Trabalho - Principal; Impostos sobre a Renda e Proventos de Qualquer Natureza; Imposto sobre a Renda - Retido na Fonte; Imposto sobre a Renda - Retido na Fonte - Trabalho; Impostos sobre a Renda e Proventos de Qualquer Natureza; Imposto sobre a Renda - Retido na Fonte; Imposto sobre a Renda - Retido na Fonte - Trabalho; Imposto sobre a Renda - Retido na Fonte - Trabalho - Principal; Arrecadações; SECRETARIA DE ADMINISTRAÇÃO E FINANÇAS; SECRETARIA DE ADMINISTRAÇÃO E FINANÇAS; SECRETARIA DE ADMINISTRAÇÃO E FINANÇAS; R$ 0,00; R$ 0,00; R$ 0,00; R$ 0,00; R$ 9.130,99; R$ 9.130,99; R$ 0,00; 0.0
 17249901000000; Outras Transferências de Convênios dos Estados e DF e de Suas Entidades - Principal; Receitas Correntes; Transferências Correntes; Transferências dos Estados e do Distrito Federal e de suas Entidades; Outras Transferências de Convênios dos Estados e DF e de Suas Entidades - Principal; Transferências de Convênios dos Estados e DF e de Suas Entidades; Outras Transferências de Convênios dos Estados e DF e de Suas Entidades; ; Transferências de Convênios dos Estados e DF e de Suas Entidades; Outras Transferências de Convênios dos Estados e DF e de Suas Entidades; Não se aplica; Outras Transferências de Convênios dos Estados e DF e de Suas Entidades - Principal; Arrecadações; SECRETARIA DE ADMINISTRAÇÃO E FINANÇAS; SECRETARIA DE ADMINISTRAÇÃO E FINANÇAS; SECRETARIA DE ADMINISTRAÇÃO E FINANÇAS; R$ 0,00; R$ 50.400,00; R$ 0,00; R$ 0,00; R$ 0,00; R$ 49.874,82; R$ 50.400,00; 98.96
 11145111000000; Imposto sobre Serviços de Qualquer Natureza - ISSQN - Principal; Receitas Correntes; Impostos, Taxas e Contribuições de Melhoria; Impostos; Imposto sobre Serviços de Qualquer Natureza - ISSQN - Principal; Impostos sobre Produção, Circulação e Serviços; Impostos sobre Serviços; Imposto sobre Serviços de Qualquer Natureza - ISSQN; Impostos sobre Produção, Circulação e Serviços; Impostos sobre Serviços; Imposto sobre Serviços de Qualquer Natureza - ISSQN; Imposto sobre Serviços de Qualquer Natureza - ISSQN - Principal; Arrecadações; SECRETARIA DE ADMINISTRAÇÃO E FINANÇAS; SECRETARIA DE ADMINISTRAÇÃO E FINANÇAS; SECRETARIA DE ADMINISTRAÇÃO E FINANÇAS; R$ 0,00; R$ 0,00; R$ 0,00; R$ 0,00; R$ 198.399,92; R$ 625.281,07; R$ 0,00; 0.0
 11130311000000; Imposto sobre a Renda - Retido na Fonte - Trabalho - Principal; Receitas Correntes; Impostos, Taxas e Contribuições de Melhoria; Impostos; Imposto sobre a Renda - Retido na Fonte - Trabalho - Principal; Impostos sobre a Renda e Proventos de Qualquer Natureza; Imposto sobre a Renda - Retido na Fonte; Imposto sobre a Renda - Retido na Fonte - Trabalho; Impostos sobre a Renda e Proventos de Qualquer Natureza; Imposto sobre a Renda - Retido na Fonte; Imposto sobre a Renda - Retido na Fonte - Trabalho; Imposto sobre a Renda - Retido na Fonte - Trabalho - Principal; Arrecadações; SECRETARIA DE ADMINISTRAÇÃO E FINANÇAS; SECRETARIA DE ADMINISTRAÇÃO E FINANÇAS; SECRETARIA DE ADMINISTRAÇÃO E FINANÇAS; R$ 0,00; R$ 0,00; R$ 0,00; R$ 0,00; R$ 574.590,48; R$ 583.721,47; R$ 0,00; 0.0
 11130341010000; IRRF - Pessoa Jurídica; Receitas Correntes; Impostos, Taxas e Contribuições de Melhoria; Impostos; Imposto sobre a Renda - Retido na Fonte - Outros Rendimentos - Principal; Impostos sobre a Renda e Proventos de Qualquer Natureza; Imposto sobre a Renda - Retido na Fonte; Imposto sobre a Renda - Retido na Fonte - Outros Rendimentos; Impostos sobre a Renda e Proventos de Qualquer Natureza; Imposto sobre a Renda - Retido na Fonte; Imposto sobre a Renda - Retido na Fonte - Outros Rendimentos; IRRF - Pessoa Jurídica; Arrecadações; SECRETARIA DE ADMINISTRAÇÃO E FINANÇAS; SECRETARIA DE ADMINISTRAÇÃO E FINANÇAS; SECRETARIA DE ADMINISTRAÇÃO E FINANÇAS; R$ 0,00; R$ 0,00; R$ 0,00; R$ 0,00; R$ 14.630,83; R$ 27.768,43; R$ 0,00; 0.0
 11145111000000; Imposto sobre Serviços de Qualquer Natureza - ISSQN - Principal; Receitas Correntes; Impostos, Taxas e Contribuições de Melhoria; Impostos; Imposto sobre Serviços de Qualquer Natureza - ISSQN - Principal; Impostos sobre Produção, Circulação e Serviços; Impostos sobre Serviços; Imposto sobre Serviços de Qualquer Natureza - ISSQN; Impostos sobre Produção, Circulação e Serviços; Impostos sobre Serviços; Imposto sobre Serviços de Qualquer Natureza - ISSQN; Imposto sobre Serviços de Qualquer Natureza - ISSQN - Principal; Arrecadações; SECRETARIA DE ADMINISTRAÇÃO E FINANÇAS; SECRETARIA DE ADMINISTRAÇÃO E FINANÇAS; SECRETARIA DE ADMINISTRAÇÃO E FINANÇAS; R$ 0,00; R$ 0,00; R$ 0,00; R$ 0,00; R$ 272.105,70; R$ 897.386,77; R$ 0,00; 0.0
 11130311000000; Imposto sobre a Renda - Retido na Fonte - Trabalho - Principal; Receitas Correntes; Impostos, Taxas e Contribuições de Melhoria; Impostos; Imposto sobre a Renda - Retido na Fonte - Trabalho - Principal; Impostos sobre a Renda e Proventos de Qualquer Natureza; Imposto sobre a Renda - Retido na Fonte; Imposto sobre a Renda - Retido na Fonte - Trabalho; Impostos sobre a Renda e Proventos de Qualquer Natureza; Imposto sobre a Renda - Retido na Fonte; Imposto sobre a Renda - Retido na Fonte - Trabalho; Imposto sobre a Renda - Retido na Fonte - Trabalho - Principal; Arrecadações; SECRETARIA DE ADMINISTRAÇÃO E FINANÇAS; SECRETARIA DE ADMINISTRAÇÃO E FINANÇAS; SECRETARIA DE ADMINISTRAÇÃO E FINANÇAS; R$ 0,00; R$ 0,00; R$ 0,00; R$ 0,00; R$ 398.733,15; R$ 982.454,62; R$ 0,00; 0.0
 17249901000000; Outras Transferências de Convênios dos Estados e DF e de Suas Entidades - Principal; Receitas Correntes; Transferências Correntes; Transferências dos Estados e do Distrito Federal e de suas Entidades; Outras Transferências de Convênios dos Estados e DF e de Suas Entidades - Principal; Transferências de Convênios dos Estados e DF e de Suas Entidades; Outras Transferências de Convênios dos Estados e DF e de Suas Entidades; ; Transferências de Convênios dos Estados e DF e de Suas Entidades; Outras Transferências de Convênios dos Estados e DF e de Suas Entidades; Não se aplica; Outras Transferências de Convênios dos Estados e DF e de Suas Entidades - Principal; Arrecadações; SECRETARIA DE ADMINISTRAÇÃO E FINANÇAS; SECRETARIA DE ADMINISTRAÇÃO E FINANÇAS; SECRETARIA DE ADMINISTRAÇÃO E FINANÇAS; R$ 0,00; R$ 0,00; R$ 0,00; R$ 0,00; R$ 400.000,00; R$ 449.874,82; R$ 0,00; 0.0
 11130341010000; IRRF - Pessoa Jurídica; Receitas Correntes; Impostos, Taxas e Contribuições de Melhoria; Impostos; Imposto sobre a Renda - Retido na Fonte - Outros Rendimentos - Principal; Impostos sobre a Renda e Proventos de Qualquer Natureza; Imposto sobre a Renda - Retido na Fonte; Imposto sobre a Renda - Retido na Fonte - Outros Rendimentos; Impostos sobre a Renda e Proventos de Qualquer Natureza; Imposto sobre a Renda - Retido na Fonte; Imposto sobre a Renda - Retido na Fonte - Outros Rendimentos; IRRF - Pessoa Jurídica; Arrecadações; SECRETARIA DE ADMINISTRAÇÃO E FINANÇAS; SECRETARIA DE ADMINISTRAÇÃO E FINANÇAS; SECRETARIA DE ADMINISTRAÇÃO E FINANÇAS; R$ 0,00; R$ 0,00; R$ 0,00; R$ 0,00; R$ 184.507,43; R$ 212.275,86; R$ 0,00; 0.0
 11130341010000; IRRF - Pessoa Jurídica; Receitas Correntes; Impostos, Taxas e Contribuições de Melhoria; Impostos; Imposto sobre a Renda - Retido na Fonte - Outros Rendimentos - Principal; Impostos sobre a Renda e Proventos de Qualquer Natureza; Imposto sobre a Renda - Retido na Fonte; Imposto sobre a Renda - Retido na Fonte - Outros Rendimentos; Impostos sobre a Renda e Proventos de Qualquer Natureza; Imposto sobre a Renda - Retido na Fonte; Imposto sobre a Renda - Retido na Fonte - Outros Rendimentos; IRRF - Pessoa Jurídica; Arrecadações; SECRETARIA DE ADMINISTRAÇÃO E FINANÇAS; SECRETARIA DE ADMINISTRAÇÃO E FINANÇAS; SECRETARIA DE ADMINISTRAÇÃO E FINANÇAS; R$ 0,00; R$ 0,00; R$ 0,00; R$ 0,00; R$ 5.388,98; R$ 217.664,84; R$ 0,00; 0.0
 11145111000000; Imposto sobre Serviços de Qualquer Natureza - ISSQN - Principal; Receitas Correntes; Impostos, Taxas e Contribuições de Melhoria; Impostos; Imposto sobre Serviços de Qualquer Natureza - ISSQN - Principal; Impostos sobre Produção, Circulação e Serviços; Impostos sobre Serviços; Imposto sobre Serviços de Qualquer Natureza - ISSQN; Impostos sobre Produção, Circulação e Serviços; Impostos sobre Serviços; Imposto sobre Serviços de Qualquer Natureza - ISSQN; Imposto sobre Serviços de Qualquer Natureza - ISSQN - Principal; Arrecadações; SECRETARIA DE ADMINISTRAÇÃO E FINANÇAS; SECRETARIA DE ADMINISTRAÇÃO E FINANÇAS; SECRETARIA DE ADMINISTRAÇÃO E FINANÇAS; R$ 0,00; R$ 0,00; R$ 0,00; R$ 0,00; R$ 11.557,53; R$ 908.944,30; R$ 0,00; 0.0
 19999921000000; Outras Receitas Não Arrecadadas e Não Projetadas pela RFB - Primárias - Principal; Receitas Correntes; Outras Receitas Correntes; Demais Receitas Correntes; Outras Receitas Não Arrecadadas e Não Projetadas pela RFB - Primárias - Principal; Outras Receitas Correntes; Outras Receitas; Outras Receitas Não Arrecadadas e Não Projetadas pela RFB - Primárias; Outras Receitas Correntes; Outras Receitas; Outras Receitas Não Arrecadadas e Não Projetadas pela RFB - Primárias; Outras Receitas Não Arrecadadas e Não Projetadas pela RFB - Primárias - Principal; Arrecadações; SECRETARIA DE ADMINISTRAÇÃO E FINANÇAS; SECRETARIA DE ADMINISTRAÇÃO E FINANÇAS; SECRETARIA DE ADMINISTRAÇÃO E FINANÇAS; R$ 115.856,00; R$ 115.856,00; R$ 0,00; R$ 0,00; R$ 736.848,51; R$ 736.848,51; R$ 115.856,00; 635.97
 19999921000000; Outras Receitas Não Arrecadadas e Não Projetadas pela RFB - Primárias - Principal; Receitas Correntes; Outras Receitas Correntes; Demais Receitas Correntes; Outras Receitas Não Arrecadadas e Não Projetadas pela RFB - Primárias - Principal; Outras Receitas Correntes; Outras Receitas; Outras Receitas Não Arrecadadas e Não Projetadas pela RFB - Primárias; Outras Receitas Correntes; Outras Receitas; Outras Receitas Não Arrecadadas e Não Projetadas pela RFB - Primárias; Outras Receitas Não Arrecadadas e Não Projetadas pela RFB - Primárias - Principal; Arrecadações; SECRETARIA DE ADMINISTRAÇÃO E FINANÇAS; SECRETARIA DE ADMINISTRAÇÃO E FINANÇAS; SECRETARIA DE ADMINISTRAÇÃO E FINANÇAS; R$ 0,00; R$ 102.250,00; R$ 0,00; R$ 0,00; R$ 942.775,08; R$ 1.679.623,59; R$ 102.250,00; 1642.35
 19999921000000; Outras Receitas Não Arrecadadas e Não Projetadas pela RFB - Primárias - Principal; Receitas Correntes; Outras Receitas Correntes; Demais Receitas Correntes; Outras Receitas Não Arrecadadas e Não Projetadas pela RFB - Primárias - Principal; Outras Receitas Correntes; Outras Receitas; Outras Receitas Não Arrecadadas e Não Projetadas pela RFB - Primárias; Outras Receitas Correntes; Outras Receitas; Outras Receitas Não Arrecadadas e Não Projetadas pela RFB - Primárias; Outras Receitas Não Arrecadadas e Não Projetadas pela RFB - Primárias - Principal; Arrecadações; SECRETARIA DE ADMINISTRAÇÃO E FINANÇAS; SECRETARIA DE ADMINISTRAÇÃO E FINANÇAS; SECRETARIA DE ADMINISTRAÇÃO E FINANÇAS; R$ 0,00; R$ 1.753.000,00; R$ 0,00; R$ 0,00; R$ 897.286,20; R$ 2.576.909,79; R$ 1.753.000,00; 147.0
 19999921000000; Outras Receitas Não Arrecadadas e Não Projetadas pela RFB - Primárias - Principal; Receitas Correntes; Outras Receitas Correntes; Demais Receitas Correntes; Outras Receitas Não Arrecadadas e Não Projetadas pela RFB - Primárias - Principal; Outras Receitas Correntes; Outras Receitas; Outras Receitas Não Arrecadadas e Não Projetadas pela RFB - Primárias; Outras Receitas Correntes; Outras Receitas; Outras Receitas Não Arrecadadas e Não Projetadas pela RFB - Primárias; Outras Receitas Não Arrecadadas e Não Projetadas pela RFB - Primárias - Principal; Arrecadações; SECRETARIA DE ADMINISTRAÇÃO E FINANÇAS; SECRETARIA DE ADMINISTRAÇÃO E FINANÇAS; SECRETARIA DE ADMINISTRAÇÃO E FINANÇAS; R$ 0,00; R$ 1.496.271,88; R$ 0,00; R$ 0,00; R$ 1.076.763,88; R$ 3.653.673,67; R$ 1.496.271,88; 244.19
 19999921000000; Outras Receitas Não Arrecadadas e Não Projetadas pela RFB - Primárias - Principal; Receitas Correntes; Outras Receitas Correntes; Demais Receitas Correntes; Outras Receitas Não Arrecadadas e Não Projetadas pela RFB - Primárias - Principal; Outras Receitas Correntes; Outras Receitas; Outras Receitas Não Arrecadadas e Não Projetadas pela RFB - Primárias; Outras Receitas Correntes; Outras Receitas; Outras Receitas Não Arrecadadas e Não Projetadas pela RFB - Primárias; Outras Receitas Não Arrecadadas e Não Projetadas pela RFB - Primárias - Principal; Arrecadações; SECRETARIA DE ADMINISTRAÇÃO E FINANÇAS; SECRETARIA DE ADMINISTRAÇÃO E FINANÇAS; SECRETARIA DE ADMINISTRAÇÃO E FINANÇAS; R$ 0,00; R$ 1.788.516,32; R$ 0,00; R$ 0,00; R$ 1.127.399,57; R$ 4.781.073,24; R$ 1.788.516,32; 267.32
 17215201000000; Cota-Parte do IPI - Municípios - Principal; Receitas Correntes; Transferências Correntes; Transferências dos Estados e do Distrito Federal e de suas Entidades; Cota-Parte do IPI - Municípios - Principal; Participação na Receita dos Estados e Distrito Federal; Cota-Parte do IPI - Municípios; ; Participação na Receita dos Estados e Distrito Federal; Cota-Parte do IPI - Municípios; Não se aplica; Cota-Parte do IPI - Municípios - Principal; Arrecadações; SECRETARIA DE ADMINISTRAÇÃO E FINANÇAS; SECRETARIA DE ADMINISTRAÇÃO E FINANÇAS; SECRETARIA DE ADMINISTRAÇÃO E FINANÇAS; R$ 131.129,00; R$ 131.129,00; R$ 26.226,00; R$ 0,00; R$ 7.829,70; R$ 7.829,70; R$ 104.903,00; 5.6
 17515001000000; Transferências de Recursos do Fundo de Manutenção e Desenvolvimento da Educação Básica e de Valorização dos Profissionais da Educação  FUNDEB - Princ; Receitas Correntes; Transferências Correntes; Transferências de Outras Instituições Públicas; Transferências de Recursos do Fundo de Manutenção e Desenvolvimento da Educação Básica e de Valorização dos Profissionais da Educação  FUNDEB - Princ; Transferências de Recursos do Fundo de Manutenção e Desenvolvimento da Educação Básica e de Valorização dos Profissionais da Educação - FUNDEB; Transferências de Recursos do Fundo de Manutenção e Desenvolvimento da Educação Básica e de Valorização dos Profissionais da Educação  FUNDEB; ; Transferências de Recursos do Fundo de Manutenção e Desenvolvimento da Educação Básica e de Valorização dos Profissionais da Educação - FUNDEB; Transferências de Recursos do Fundo de Manutenção e Desenvolvimento da Educação Básica e de Valorização dos Profissionais da Educação  FUNDEB; Não se aplica; Transferências de Recursos do Fundo de Manutenção e Desenvolvimento da Educação Básica e de Valorização dos Profissionais da Educação  FUNDEB - Princ; Arrecadações; SECRETARIA DE ADMINISTRAÇÃO E FINANÇAS; SECRETARIA DE ADMINISTRAÇÃO E FINANÇAS; SECRETARIA DE ADMINISTRAÇÃO E FINANÇAS; R$ 26.753.649,00; R$ 26.753.649,00; R$ 0,00; R$ 0,00; R$ 1.949.261,73; R$ 1.949.261,73; R$ 26.753.649,00; 7.29
 17125241000000; Cota-Parte do Fundo Especial do Petróleo  FEP - Principal; Receitas Correntes; Transferências Correntes; Transferências da União e de suas Entidades; Cota-Parte do Fundo Especial do Petróleo  FEP - Principal; Transferências das Compensações Financeiras pela Exploração de Recursos Naturais; Cota-parte da Compensação Financeira pela Produção de Petróleo; Cota-Parte do Fundo Especial do Petróleo  FEP; Transferências das Compensações Financeiras pela Exploração de Recursos Naturais; Cota-parte da Compensação Financeira pela Produção de Petróleo; Cota-Parte do Fundo Especial do Petróleo  FEP; Cota-Parte do Fundo Especial do Petróleo  FEP - Principal; Arrecadações; SECRETARIA DE ADMINISTRAÇÃO E FINANÇAS; SECRETARIA DE ADMINISTRAÇÃO E FINANÇAS; SECRETARIA DE ADMINISTRAÇÃO E FINANÇAS; R$ 519.394,00; R$ 519.394,00; R$ 0,00; R$ 0,00; R$ 40.241,86; R$ 40.241,86; R$ 519.394,00; 7.75
 17215001000000; Cota-Parte do ICMS - Principal; Receitas Correntes; Transferências Correntes; Transferências dos Estados e do Distrito Federal e de suas Entidades; Cota-Parte do ICMS - Principal; Participação na Receita dos Estados e Distrito Federal; Cota-Parte do ICMS; ; Participação na Receita dos Estados e Distrito Federal; Cota-Parte do ICMS; Não se aplica; Cota-Parte do ICMS - Principal; Arrecadações; SECRETARIA DE ADMINISTRAÇÃO E FINANÇAS; SECRETARIA DE ADMINISTRAÇÃO E FINANÇAS; SECRETARIA DE ADMINISTRAÇÃO E FINANÇAS; R$ 13.082.485,00; R$ 13.082.485,00; R$ 2.616.497,00; R$ 0,00; R$ 799.341,86; R$ 799.341,86; R$ 10.465.988,00; 5.73
 17215101000000; Cota-Parte do IPVA - Principal; Receitas Correntes; Transferências Correntes; Transferências dos Estados e do Distrito Federal e de suas Entidades; Cota-Parte do IPVA - Principal; Participação na Receita dos Estados e Distrito Federal; Cota-Parte do IPVA; ; Participação na Receita dos Estados e Distrito Federal; Cota-Parte do IPVA; Não se aplica; Cota-Parte do IPVA - Principal; Arrecadações; SECRETARIA DE ADMINISTRAÇÃO E FINANÇAS; SECRETARIA DE ADMINISTRAÇÃO E FINANÇAS; SECRETARIA DE ADMINISTRAÇÃO E FINANÇAS; R$ 3.916.177,00; R$ 3.916.177,00; R$ 783.235,00; R$ 0,00; R$ 250.422,59; R$ 250.422,59; R$ 3.132.942,00; 5.99
 17115111000000; Cota-Parte do Fundo de Participação dos Municípios - Cota Mensal - Principal; Receitas Correntes; Transferências Correntes; Transferências da União e de suas Entidades; Cota-Parte do Fundo de Participação dos Municípios - Cota Mensal - Principal; Transferências Decorrentes de Participação na Receita da União; Cota-Parte do Fundo de Participação dos Municípios - FPM; Cota-Parte do Fundo de Participação dos Municípios - Cota Mensal; Transferências Decorrentes de Participação na Receita da União; Cota-Parte do Fundo de Participação dos Municípios - FPM; Cota-Parte do Fundo de Participação dos Municípios - Cota Mensal; Cota-Parte do Fundo de Participação dos Municípios - Cota Mensal - Principal; Arrecadações; SECRETARIA DE ADMINISTRAÇÃO E FINANÇAS; SECRETARIA DE ADMINISTRAÇÃO E FINANÇAS; SECRETARIA DE ADMINISTRAÇÃO E FINANÇAS; R$ 28.056.247,00; R$ 28.056.247,00; R$ 5.611.249,00; R$ 0,00; R$ 2.211.452,68; R$ 2.211.452,68; R$ 22.444.998,00; 7.39
 17115111000000; Cota-Parte do Fundo de Participação dos Municípios - Cota Mensal - Principal; Receitas Correntes; Transferências Correntes; Transferências da União e de suas Entidades; Cota-Parte do Fundo de Participação dos Municípios - Cota Mensal - Principal; Transferências Decorrentes de Participação na Receita da União; Cota-Parte do Fundo de Participação dos Municípios - FPM; Cota-Parte do Fundo de Participação dos Municípios - Cota Mensal; Transferências Decorrentes de Participação na Receita da União; Cota-Parte do Fundo de Participação dos Municípios - FPM; Cota-Parte do Fundo de Participação dos Municípios - Cota Mensal; Cota-Parte do Fundo de Participação dos Municípios - Cota Mensal - Principal; Arrecadações; SECRETARIA DE ADMINISTRAÇÃO E FINANÇAS; SECRETARIA DE ADMINISTRAÇÃO E FINANÇAS; SECRETARIA DE ADMINISTRAÇÃO E FINANÇAS; R$ 0,00; R$ 0,00; R$ 0,00; R$ 0,00; R$ 2.780.458,54; R$ 4.991.911,22; R$ 0,00; 0.0
 17215201000000; Cota-Parte do IPI - Municípios - Principal; Receitas Correntes; Transferências Correntes; Transferências dos Estados e do Distrito Federal e de suas Entidades; Cota-Parte do IPI - Municípios - Principal; Participação na Receita dos Estados e Distrito Federal; Cota-Parte do IPI - Municípios; ; Participação na Receita dos Estados e Distrito Federal; Cota-Parte do IPI - Municípios; Não se aplica; Cota-Parte do IPI - Municípios - Principal; Arrecadações; SECRETARIA DE ADMINISTRAÇÃO E FINANÇAS; SECRETARIA DE ADMINISTRAÇÃO E FINANÇAS; SECRETARIA DE ADMINISTRAÇÃO E FINANÇAS; R$ 0,00; R$ 0,00; R$ 0,00; R$ 0,00; R$ 8.216,45; R$ 16.046,15; R$ 0,00; 0.0
 17215101000000; Cota-Parte do IPVA - Principal; Receitas Correntes; Transferências Correntes; Transferências dos Estados e do Distrito Federal e de suas Entidades; Cota-Parte do IPVA - Principal; Participação na Receita dos Estados e Distrito Federal; Cota-Parte do IPVA; ; Participação na Receita dos Estados e Distrito Federal; Cota-Parte do IPVA; Não se aplica; Cota-Parte do IPVA - Principal; Arrecadações; SECRETARIA DE ADMINISTRAÇÃO E FINANÇAS; SECRETARIA DE ADMINISTRAÇÃO E FINANÇAS; SECRETARIA DE ADMINISTRAÇÃO E FINANÇAS; R$ 0,00; R$ 0,00; R$ 0,00; R$ 0,00; R$ 267.689,14; R$ 518.111,73; R$ 0,00; 0.0
 17215001000000; Cota-Parte do ICMS - Principal; Receitas Correntes; Transferências Correntes; Transferências dos Estados e do Distrito Federal e de suas Entidades; Cota-Parte do ICMS - Principal; Participação na Receita dos Estados e Distrito Federal; Cota-Parte do ICMS; ; Participação na Receita dos Estados e Distrito Federal; Cota-Parte do ICMS; Não se aplica; Cota-Parte do ICMS - Principal; Arrecadações; SECRETARIA DE ADMINISTRAÇÃO E FINANÇAS; SECRETARIA DE ADMINISTRAÇÃO E FINANÇAS; SECRETARIA DE ADMINISTRAÇÃO E FINANÇAS; R$ 0,00; R$ 0,00; R$ 0,00; R$ 0,00; R$ 759.645,12; R$ 1.558.986,98; R$ 0,00; 0.0
 17125241000000; Cota-Parte do Fundo Especial do Petróleo  FEP - Principal; Receitas Correntes; Transferências Correntes; Transferências da União e de suas Entidades; Cota-Parte do Fundo Especial do Petróleo  FEP - Principal; Transferências das Compensações Financeiras pela Exploração de Recursos Naturais; Cota-parte da Compensação Financeira pela Produção de Petróleo; Cota-Parte do Fundo Especial do Petróleo  FEP; Transferências das Compensações Financeiras pela Exploração de Recursos Naturais; Cota-parte da Compensação Financeira pela Produção de Petróleo; Cota-Parte do Fundo Especial do Petróleo  FEP; Cota-Parte do Fundo Especial do Petróleo  FEP - Principal; Arrecadações; SECRETARIA DE ADMINISTRAÇÃO E FINANÇAS; SECRETARIA DE ADMINISTRAÇÃO E FINANÇAS; SECRETARIA DE ADMINISTRAÇÃO E FINANÇAS; R$ 0,00; R$ 0,00; R$ 0,00; R$ 0,00; R$ 45.147,05; R$ 85.388,91; R$ 0,00; 0.0
 17515001000000; Transferências de Recursos do Fundo de Manutenção e Desenvolvimento da Educação Básica e de Valorização dos Profissionais da Educação  FUNDEB - Princ; Receitas Correntes; Transferências Correntes; Transferências de Outras Instituições Públicas; Transferências de Recursos do Fundo de Manutenção e Desenvolvimento da Educação Básica e de Valorização dos Profissionais da Educação  FUNDEB - Princ; Transferências de Recursos do Fundo de Manutenção e Desenvolvimento da Educação Básica e de Valorização dos Profissionais da Educação - FUNDEB; Transferências de Recursos do Fundo de Manutenção e Desenvolvimento da Educação Básica e de Valorização dos Profissionais da Educação  FUNDEB; ; Transferências de Recursos do Fundo de Manutenção e Desenvolvimento da Educação Básica e de Valorização dos Profissionais da Educação - FUNDEB; Transferências de Recursos do Fundo de Manutenção e Desenvolvimento da Educação Básica e de Valorização dos Profissionais da Educação  FUNDEB; Não se aplica; Transferências de Recursos do Fundo de Manutenção e Desenvolvimento da Educação Básica e de Valorização dos Profissionais da Educação  FUNDEB - Princ; Arrecadações; SECRETARIA DE ADMINISTRAÇÃO E FINANÇAS; SECRETARIA DE ADMINISTRAÇÃO E FINANÇAS; SECRETARIA DE ADMINISTRAÇÃO E FINANÇAS; R$ 0,00; R$ 0,00; R$ 0,00; R$ 0,00; R$ 2.056.225,86; R$ 4.005.487,59; R$ 0,00; 0.0
 17115111000000; Cota-Parte do Fundo de Participação dos Municípios - Cota Mensal - Principal; Receitas Correntes; Transferências Correntes; Transferências da União e de suas Entidades; Cota-Parte do Fundo de Participação dos Municípios - Cota Mensal - Principal; Transferências Decorrentes de Participação na Receita da União; Cota-Parte do Fundo de Participação dos Municípios - FPM; Cota-Parte do Fundo de Participação dos Municípios - Cota Mensal; Transferências Decorrentes de Participação na Receita da União; Cota-Parte do Fundo de Participação dos Municípios - FPM; Cota-Parte do Fundo de Participação dos Municípios - Cota Mensal; Cota-Parte do Fundo de Participação dos Municípios - Cota Mensal - Principal; Arrecadações; SECRETARIA DE ADMINISTRAÇÃO E FINANÇAS; SECRETARIA DE ADMINISTRAÇÃO E FINANÇAS; SECRETARIA DE ADMINISTRAÇÃO E FINANÇAS; R$ 0,00; R$ 0,00; R$ 0,00; R$ 0,00; R$ 1.683.735,94; R$ 6.675.647,16; R$ 0,00; 0.0
 17215201000000; Cota-Parte do IPI - Municípios - Principal; Receitas Correntes; Transferências Correntes; Transferências dos Estados e do Distrito Federal e de suas Entidades; Cota-Parte do IPI - Municípios - Principal; Participação na Receita dos Estados e Distrito Federal; Cota-Parte do IPI - Municípios; ; Participação na Receita dos Estados e Distrito Federal; Cota-Parte do IPI - Municípios; Não se aplica; Cota-Parte do IPI - Municípios - Principal; Arrecadações; SECRETARIA DE ADMINISTRAÇÃO E FINANÇAS; SECRETARIA DE ADMINISTRAÇÃO E FINANÇAS; SECRETARIA DE ADMINISTRAÇÃO E FINANÇAS; R$ 0,00; R$ 0,00; R$ 0,00; R$ 0,00; R$ 7.709,93; R$ 23.756,08; R$ 0,00; 0.0
 17215101000000; Cota-Parte do IPVA - Principal; Receitas Correntes; Transferências Correntes; Transferências dos Estados e do Distrito Federal e de suas Entidades; Cota-Parte do IPVA - Principal; Participação na Receita dos Estados e Distrito Federal; Cota-Parte do IPVA; ; Participação na Receita dos Estados e Distrito Federal; Cota-Parte do IPVA; Não se aplica; Cota-Parte do IPVA - Principal; Arrecadações; SECRETARIA DE ADMINISTRAÇÃO E FINANÇAS; SECRETARIA DE ADMINISTRAÇÃO E FINANÇAS; SECRETARIA DE ADMINISTRAÇÃO E FINANÇAS; R$ 0,00; R$ 0,00; R$ 0,00; R$ 0,00; R$ 302.248,76; R$ 820.360,49; R$ 0,00; 0.0
 17515001000000; Transferências de Recursos do Fundo de Manutenção e Desenvolvimento da Educação Básica e de Valorização dos Profissionais da Educação  FUNDEB - Princ; Receitas Correntes; Transferências Correntes; Transferências de Outras Instituições Públicas; Transferências de Recursos do Fundo de Manutenção e Desenvolvimento da Educação Básica e de Valorização dos Profissionais da Educação  FUNDEB - Princ; Transferências de Recursos do Fundo de Manutenção e Desenvolvimento da Educação Básica e de Valorização dos Profissionais da Educação - FUNDEB; Transferências de Recursos do Fundo de Manutenção e Desenvolvimento da Educação Básica e de Valorização dos Profissionais da Educação  FUNDEB; ; Transferências de Recursos do Fundo de Manutenção e Desenvolvimento da Educação Básica e de Valorização dos Profissionais da Educação - FUNDEB; Transferências de Recursos do Fundo de Manutenção e Desenvolvimento da Educação Básica e de Valorização dos Profissionais da Educação  FUNDEB; Não se aplica; Transferências de Recursos do Fundo de Manutenção e Desenvolvimento da Educação Básica e de Valorização dos Profissionais da Educação  FUNDEB - Princ; Arrecadações; SECRETARIA DE ADMINISTRAÇÃO E FINANÇAS; SECRETARIA DE ADMINISTRAÇÃO E FINANÇAS; SECRETARIA DE ADMINISTRAÇÃO E FINANÇAS; R$ 0,00; R$ 0,00; R$ 0,00; R$ 0,00; R$ 1.872.758,10; R$ 5.878.245,69; R$ 0,00; 0.0
 17215001000000; Cota-Parte do ICMS - Principal; Receitas Correntes; Transferências Correntes; Transferências dos Estados e do Distrito Federal e de suas Entidades; Cota-Parte do ICMS - Principal; Participação na Receita dos Estados e Distrito Federal; Cota-Parte do ICMS; ; Participação na Receita dos Estados e Distrito Federal; Cota-Parte do ICMS; Não se aplica; Cota-Parte do ICMS - Principal; Arrecadações; SECRETARIA DE ADMINISTRAÇÃO E FINANÇAS; SECRETARIA DE ADMINISTRAÇÃO E FINANÇAS; SECRETARIA DE ADMINISTRAÇÃO E FINANÇAS; R$ 0,00; R$ 0,00; R$ 0,00; R$ 0,00; R$ 733.579,31; R$ 2.292.566,29; R$ 0,00; 0.0
 17125241000000; Cota-Parte do Fundo Especial do Petróleo  FEP - Principal; Receitas Correntes; Transferências Correntes; Transferências da União e de suas Entidades; Cota-Parte do Fundo Especial do Petróleo  FEP - Principal; Transferências das Compensações Financeiras pela Exploração de Recursos Naturais; Cota-parte da Compensação Financeira pela Produção de Petróleo; Cota-Parte do Fundo Especial do Petróleo  FEP; Transferências das Compensações Financeiras pela Exploração de Recursos Naturais; Cota-parte da Compensação Financeira pela Produção de Petróleo; Cota-Parte do Fundo Especial do Petróleo  FEP; Cota-Parte do Fundo Especial do Petróleo  FEP - Principal; Arrecadações; SECRETARIA DE ADMINISTRAÇÃO E FINANÇAS; SECRETARIA DE ADMINISTRAÇÃO E FINANÇAS; SECRETARIA DE ADMINISTRAÇÃO E FINANÇAS; R$ 0,00; R$ 0,00; R$ 0,00; R$ 0,00; R$ 47.765,58; R$ 133.154,49; R$ 0,00; 0.0
 17215001000000; Cota-Parte do ICMS - Principal; Receitas Correntes; Transferências Correntes; Transferências dos Estados e do Distrito Federal e de suas Entidades; Cota-Parte do ICMS - Principal; Participação na Receita dos Estados e Distrito Federal; Cota-Parte do ICMS; ; Participação na Receita dos Estados e Distrito Federal; Cota-Parte do ICMS; Não se aplica; Cota-Parte do ICMS - Principal; Arrecadações; SECRETARIA DE ADMINISTRAÇÃO E FINANÇAS; SECRETARIA DE ADMINISTRAÇÃO E FINANÇAS; SECRETARIA DE ADMINISTRAÇÃO E FINANÇAS; R$ 0,00; R$ 0,00; R$ 0,00; R$ 0,00; R$ 829.982,53; R$ 3.122.548,82; R$ 0,00; 0.0
 17215101000000; Cota-Parte do IPVA - Principal; Receitas Correntes; Transferências Correntes; Transferências dos Estados e do Distrito Federal e de suas Entidades; Cota-Parte do IPVA - Principal; Participação na Receita dos Estados e Distrito Federal; Cota-Parte do IPVA; ; Participação na Receita dos Estados e Distrito Federal; Cota-Parte do IPVA; Não se aplica; Cota-Parte do IPVA - Principal; Arrecadações; SECRETARIA DE ADMINISTRAÇÃO E FINANÇAS; SECRETARIA DE ADMINISTRAÇÃO E FINANÇAS; SECRETARIA DE ADMINISTRAÇÃO E FINANÇAS; R$ 0,00; R$ 0,00; R$ 0,00; R$ 0,00; R$ 307.563,68; R$ 1.127.924,17; R$ 0,00; 0.0
 17515001000000; Transferências de Recursos do Fundo de Manutenção e Desenvolvimento da Educação Básica e de Valorização dos Profissionais da Educação  FUNDEB - Princ; Receitas Correntes; Transferências Correntes; Transferências de Outras Instituições Públicas; Transferências de Recursos do Fundo de Manutenção e Desenvolvimento da Educação Básica e de Valorização dos Profissionais da Educação  FUNDEB - Princ; Transferências de Recursos do Fundo de Manutenção e Desenvolvimento da Educação Básica e de Valorização dos Profissionais da Educação - FUNDEB; Transferências de Recursos do Fundo de Manutenção e Desenvolvimento da Educação Básica e de Valorização dos Profissionais da Educação  FUNDEB; ; Transferências de Recursos do Fundo de Manutenção e Desenvolvimento da Educação Básica e de Valorização dos Profissionais da Educação - FUNDEB; Transferências de Recursos do Fundo de Manutenção e Desenvolvimento da Educação Básica e de Valorização dos Profissionais da Educação  FUNDEB; Não se aplica; Transferências de Recursos do Fundo de Manutenção e Desenvolvimento da Educação Básica e de Valorização dos Profissionais da Educação  FUNDEB - Princ; Arrecadações; SECRETARIA DE ADMINISTRAÇÃO E FINANÇAS; SECRETARIA DE ADMINISTRAÇÃO E FINANÇAS; SECRETARIA DE ADMINISTRAÇÃO E FINANÇAS; R$ 0,00; R$ 0,00; R$ 0,00; R$ 0,00; R$ 2.098.452,43; R$ 7.976.698,12; R$ 0,00; 0.0
 17125241000000; Cota-Parte do Fundo Especial do Petróleo  FEP - Principal; Receitas Correntes; Transferências Correntes; Transferências da União e de suas Entidades; Cota-Parte do Fundo Especial do Petróleo  FEP - Principal; Transferências das Compensações Financeiras pela Exploração de Recursos Naturais; Cota-parte da Compensação Financeira pela Produção de Petróleo; Cota-Parte do Fundo Especial do Petróleo  FEP; Transferências das Compensações Financeiras pela Exploração de Recursos Naturais; Cota-parte da Compensação Financeira pela Produção de Petróleo; Cota-Parte do Fundo Especial do Petróleo  FEP; Cota-Parte do Fundo Especial do Petróleo  FEP - Principal; Arrecadações; SECRETARIA DE ADMINISTRAÇÃO E FINANÇAS; SECRETARIA DE ADMINISTRAÇÃO E FINANÇAS; SECRETARIA DE ADMINISTRAÇÃO E FINANÇAS; R$ 0,00; R$ 0,00; R$ 0,00; R$ 0,00; R$ 45.036,94; R$ 178.191,43; R$ 0,00; 0.0
 17215201000000; Cota-Parte do IPI - Municípios - Principal; Receitas Correntes; Transferências Correntes; Transferências dos Estados e do Distrito Federal e de suas Entidades; Cota-Parte do IPI - Municípios - Principal; Participação na Receita dos Estados e Distrito Federal; Cota-Parte do IPI - Municípios; ; Participação na Receita dos Estados e Distrito Federal; Cota-Parte do IPI - Municípios; Não se aplica; Cota-Parte do IPI - Municípios - Principal; Arrecadações; SECRETARIA DE ADMINISTRAÇÃO E FINANÇAS; SECRETARIA DE ADMINISTRAÇÃO E FINANÇAS; SECRETARIA DE ADMINISTRAÇÃO E FINANÇAS; R$ 0,00; R$ 0,00; R$ 0,00; R$ 0,00; R$ 7.154,91; R$ 30.910,99; R$ 0,00; 0.0
 17115111000000; Cota-Parte do Fundo de Participação dos Municípios - Cota Mensal - Principal; Receitas Correntes; Transferências Correntes; Transferências da União e de suas Entidades; Cota-Parte do Fundo de Participação dos Municípios - Cota Mensal - Principal; Transferências Decorrentes de Participação na Receita da União; Cota-Parte do Fundo de Participação dos Municípios - FPM; Cota-Parte do Fundo de Participação dos Municípios - Cota Mensal; Transferências Decorrentes de Participação na Receita da União; Cota-Parte do Fundo de Participação dos Municípios - FPM; Cota-Parte do Fundo de Participação dos Municípios - Cota Mensal; Cota-Parte do Fundo de Participação dos Municípios - Cota Mensal - Principal; Arrecadações; SECRETARIA DE ADMINISTRAÇÃO E FINANÇAS; SECRETARIA DE ADMINISTRAÇÃO E FINANÇAS; SECRETARIA DE ADMINISTRAÇÃO E FINANÇAS; R$ 0,00; R$ 0,00; R$ 0,00; R$ 0,00; R$ 1.982.435,49; R$ 8.658.082,65; R$ 0,00; 0.0
 17115111000000; Cota-Parte do Fundo de Participação dos Municípios - Cota Mensal - Principal; Receitas Correntes; Transferências Correntes; Transferências da União e de suas Entidades; Cota-Parte do Fundo de Participação dos Municípios - Cota Mensal - Principal; Transferências Decorrentes de Participação na Receita da União; Cota-Parte do Fundo de Participação dos Municípios - FPM; Cota-Parte do Fundo de Participação dos Municípios - Cota Mensal; Transferências Decorrentes de Participação na Receita da União; Cota-Parte do Fundo de Participação dos Municípios - FPM; Cota-Parte do Fundo de Participação dos Municípios - Cota Mensal; Cota-Parte do Fundo de Participação dos Municípios - Cota Mensal - Principal; Arrecadações; SECRETARIA DE ADMINISTRAÇÃO E FINANÇAS; SECRETARIA DE ADMINISTRAÇÃO E FINANÇAS; SECRETARIA DE ADMINISTRAÇÃO E FINANÇAS; R$ 0,00; R$ 0,00; R$ 0,00; R$ 0,00; R$ 2.399.536,85; R$ 11.057.619,50; R$ 0,00; 0.0
 17215101000000; Cota-Parte do IPVA - Principal; Receitas Correntes; Transferências Correntes; Transferências dos Estados e do Distrito Federal e de suas Entidades; Cota-Parte do IPVA - Principal; Participação na Receita dos Estados e Distrito Federal; Cota-Parte do IPVA; ; Participação na Receita dos Estados e Distrito Federal; Cota-Parte do IPVA; Não se aplica; Cota-Parte do IPVA - Principal; Arrecadações; SECRETARIA DE ADMINISTRAÇÃO E FINANÇAS; SECRETARIA DE ADMINISTRAÇÃO E FINANÇAS; SECRETARIA DE ADMINISTRAÇÃO E FINANÇAS; R$ 0,00; R$ 0,00; R$ 0,00; R$ 0,00; R$ 348.267,06; R$ 1.476.191,23; R$ 0,00; 0.0
 17215201000000; Cota-Parte do IPI - Municípios - Principal; Receitas Correntes; Transferências Correntes; Transferências dos Estados e do Distrito Federal e de suas Entidades; Cota-Parte do IPI - Municípios - Principal; Participação na Receita dos Estados e Distrito Federal; Cota-Parte do IPI - Municípios; ; Participação na Receita dos Estados e Distrito Federal; Cota-Parte do IPI - Municípios; Não se aplica; Cota-Parte do IPI - Municípios - Principal; Arrecadações; SECRETARIA DE ADMINISTRAÇÃO E FINANÇAS; SECRETARIA DE ADMINISTRAÇÃO E FINANÇAS; SECRETARIA DE ADMINISTRAÇÃO E FINANÇAS; R$ 0,00; R$ 0,00; R$ 0,00; R$ 0,00; R$ 8.598,09; R$ 39.509,08; R$ 0,00; 0.0
 17515001000000; Transferências de Recursos do Fundo de Manutenção e Desenvolvimento da Educação Básica e de Valorização dos Profissionais da Educação  FUNDEB - Princ; Receitas Correntes; Transferências Correntes; Transferências de Outras Instituições Públicas; Transferências de Recursos do Fundo de Manutenção e Desenvolvimento da Educação Básica e de Valorização dos Profissionais da Educação  FUNDEB - Princ; Transferências de Recursos do Fundo de Manutenção e Desenvolvimento da Educação Básica e de Valorização dos Profissionais da Educação - FUNDEB; Transferências de Recursos do Fundo de Manutenção e Desenvolvimento da Educação Básica e de Valorização dos Profissionais da Educação  FUNDEB; ; Transferências de Recursos do Fundo de Manutenção e Desenvolvimento da Educação Básica e de Valorização dos Profissionais da Educação - FUNDEB; Transferências de Recursos do Fundo de Manutenção e Desenvolvimento da Educação Básica e de Valorização dos Profissionais da Educação  FUNDEB; Não se aplica; Transferências de Recursos do Fundo de Manutenção e Desenvolvimento da Educação Básica e de Valorização dos Profissionais da Educação  FUNDEB - Princ; Arrecadações; SECRETARIA DE ADMINISTRAÇÃO E FINANÇAS; SECRETARIA DE ADMINISTRAÇÃO E FINANÇAS; SECRETARIA DE ADMINISTRAÇÃO E FINANÇAS; R$ 0,00; R$ 0,00; R$ 0,00; R$ 0,00; R$ 2.093.485,42; R$ 10.070.183,54; R$ 0,00; 0.0
 17215001000000; Cota-Parte do ICMS - Principal; Receitas Correntes; Transferências Correntes; Transferências dos Estados e do Distrito Federal e de suas Entidades; Cota-Parte do ICMS - Principal; Participação na Receita dos Estados e Distrito Federal; Cota-Parte do ICMS; ; Participação na Receita dos Estados e Distrito Federal; Cota-Parte do ICMS; Não se aplica; Cota-Parte do ICMS - Principal; Arrecadações; SECRETARIA DE ADMINISTRAÇÃO E FINANÇAS; SECRETARIA DE ADMINISTRAÇÃO E FINANÇAS; SECRETARIA DE ADMINISTRAÇÃO E FINANÇAS; R$ 0,00; R$ 0,00; R$ 0,00; R$ 0,00; R$ 764.888,14; R$ 3.887.436,96; R$ 0,00; 0.0
 17125241000000; Cota-Parte do Fundo Especial do Petróleo  FEP - Principal; Receitas Correntes; Transferências Correntes; Transferências da União e de suas Entidades; Cota-Parte do Fundo Especial do Petróleo  FEP - Principal; Transferências das Compensações Financeiras pela Exploração de Recursos Naturais; Cota-parte da Compensação Financeira pela Produção de Petróleo; Cota-Parte do Fundo Especial do Petróleo  FEP; Transferências das Compensações Financeiras pela Exploração de Recursos Naturais; Cota-parte da Compensação Financeira pela Produção de Petróleo; Cota-Parte do Fundo Especial do Petróleo  FEP; Cota-Parte do Fundo Especial do Petróleo  FEP - Principal; Arrecadações; SECRETARIA DE ADMINISTRAÇÃO E FINANÇAS; SECRETARIA DE ADMINISTRAÇÃO E FINANÇAS; SECRETARIA DE ADMINISTRAÇÃO E FINANÇAS; R$ 0,00; R$ 0,00; R$ 0,00; R$ 0,00; R$ 45.903,70; R$ 224.095,13; R$ 0,00; 0.0
 17249901000000; Outras Transferências de Convênios dos Estados e DF e de Suas Entidades - Principal; Receitas Correntes; Transferências Correntes; Transferências dos Estados e do Distrito Federal e de suas Entidades; Outras Transferências de Convênios dos Estados e DF e de Suas Entidades - Principal; Transferências de Convênios dos Estados e DF e de Suas Entidades; Outras Transferências de Convênios dos Estados e DF e de Suas Entidades; ; Transferências de Convênios dos Estados e DF e de Suas Entidades; Outras Transferências de Convênios dos Estados e DF e de Suas Entidades; Não se aplica; Outras Transferências de Convênios dos Estados e DF e de Suas Entidades - Principal; Arrecadações; FUNDO MUNICIPAL DE SAUDE; FUNDO MUNICIPAL DE SAUDE; FUNDO MUNICIPAL DE SAUDE; R$ 0,00; R$ 0,00; R$ 0,00; R$ 0,00; R$ 50.400,00; R$ 50.400,00; R$ 0,00; 0.0
 13210111020000; Remuneração de Depósitos Bancários - Rec. não Vinculados; Receitas Correntes; Receita Patrimonial; Valores Mobiliários; Remuneração de Depósitos Bancários - Geral - Principal; Juros e Correções Monetárias; Remuneração de Depósitos Bancários; Remuneração de Depósitos Bancários - Geral; Juros e Correções Monetárias; Remuneração de Depósitos Bancários; Remuneração de Depósitos Bancários - Geral; Remuneração de Depósitos Bancários - Rec. não Vinculados; Arrecadações; FUNDO MUNICIPAL DE SAUDE; FUNDO MUNICIPAL DE SAUDE; FUNDO MUNICIPAL DE SAUDE; R$ 0,00; R$ 0,00; R$ 0,00; R$ 0,00; R$ 470,61; R$ 470,61; R$ 0,00; 0.0
 13210111020000; Remuneração de Depósitos Bancários - Rec. não Vinculados; Receitas Correntes; Receita Patrimonial; Valores Mobiliários; Remuneração de Depósitos Bancários - Geral - Principal; Juros e Correções Monetárias; Remuneração de Depósitos Bancários; Remuneração de Depósitos Bancários - Geral; Juros e Correções Monetárias; Remuneração de Depósitos Bancários; Remuneração de Depósitos Bancários - Geral; Remuneração de Depósitos Bancários - Rec. não Vinculados; Arrecadações; FUNDO MUNICIPAL DE SAUDE; FUNDO MUNICIPAL DE SAUDE; FUNDO MUNICIPAL DE SAUDE; R$ 0,00; R$ 0,00; R$ 0,00; R$ 0,00; R$ 358,27; R$ 828,88; R$ 0,00; 0.0
 13210111020000; Remuneração de Depósitos Bancários - Rec. não Vinculados; Receitas Correntes; Receita Patrimonial; Valores Mobiliários; Remuneração de Depósitos Bancários - Geral - Principal; Juros e Correções Monetárias; Remuneração de Depósitos Bancários; Remuneração de Depósitos Bancários - Geral; Juros e Correções Monetárias; Remuneração de Depósitos Bancários; Remuneração de Depósitos Bancários - Geral; Remuneração de Depósitos Bancários - Rec. não Vinculados; Arrecadações; FUNDO MUNICIPAL DE SAUDE; FUNDO MUNICIPAL DE SAUDE; FUNDO MUNICIPAL DE SAUDE; R$ 0,00; R$ 0,00; R$ 0,00; R$ 0,00; R$ 349,44; R$ 1.178,32; R$ 0,00; 0.0
 13210111020000; Remuneração de Depósitos Bancários - Rec. não Vinculados; Receitas Correntes; Receita Patrimonial; Valores Mobiliários; Remuneração de Depósitos Bancários - Geral - Principal; Juros e Correções Monetárias; Remuneração de Depósitos Bancários; Remuneração de Depósitos Bancários - Geral; Juros e Correções Monetárias; Remuneração de Depósitos Bancários; Remuneração de Depósitos Bancários - Geral; Remuneração de Depósitos Bancários - Rec. não Vinculados; Arrecadações; FUNDO MUNICIPAL DE SAUDE; FUNDO MUNICIPAL DE SAUDE; FUNDO MUNICIPAL DE SAUDE; R$ 0,00; R$ 0,00; R$ 0,00; R$ 0,00; R$ 395,08; R$ 1.573,40; R$ 0,00; 0.0
 13210111010000; Remuneração de Depósitos Bancários - Rec. Vinculados; Receitas Correntes; Receita Patrimonial; Valores Mobiliários; Remuneração de Depósitos Bancários - Geral - Principal; Juros e Correções Monetárias; Remuneração de Depósitos Bancários; Remuneração de Depósitos Bancários - Geral; Juros e Correções Monetárias; Remuneração de Depósitos Bancários; Remuneração de Depósitos Bancários - Geral; Remuneração de Depósitos Bancários - Rec. Vinculados; Arrecadações; FUNDO MUNICIPAL DE SAUDE; FUNDO MUNICIPAL DE SAUDE; FUNDO MUNICIPAL DE SAUDE; R$ 0,00; R$ 0,00; R$ 0,00; R$ 0,00; R$ 33.197,14; R$ 33.197,14; R$ 0,00; 0.0
 13210111010000; Remuneração de Depósitos Bancários - Rec. Vinculados; Receitas Correntes; Receita Patrimonial; Valores Mobiliários; Remuneração de Depósitos Bancários - Geral - Principal; Juros e Correções Monetárias; Remuneração de Depósitos Bancários; Remuneração de Depósitos Bancários - Geral; Juros e Correções Monetárias; Remuneração de Depósitos Bancários; Remuneração de Depósitos Bancários - Geral; Remuneração de Depósitos Bancários - Rec. Vinculados; Arrecadações; FUNDO MUNICIPAL DE SAUDE; FUNDO MUNICIPAL DE SAUDE; FUNDO MUNICIPAL DE SAUDE; R$ 0,00; R$ 0,00; R$ 0,00; R$ 0,00; R$ 29.475,14; R$ 62.672,28; R$ 0,00; 0.0
 13210111010000; Remuneração de Depósitos Bancários - Rec. Vinculados; Receitas Correntes; Receita Patrimonial; Valores Mobiliários; Remuneração de Depósitos Bancários - Geral - Principal; Juros e Correções Monetárias; Remuneração de Depósitos Bancários; Remuneração de Depósitos Bancários - Geral; Juros e Correções Monetárias; Remuneração de Depósitos Bancários; Remuneração de Depósitos Bancários - Geral; Remuneração de Depósitos Bancários - Rec. Vinculados; Arrecadações; FUNDO MUNICIPAL DE SAUDE; FUNDO MUNICIPAL DE SAUDE; FUNDO MUNICIPAL DE SAUDE; R$ 0,00; R$ 0,00; R$ 0,00; R$ 0,00; R$ 36.699,21; R$ 99.371,49; R$ 0,00; 0.0
 13210111010000; Remuneração de Depósitos Bancários - Rec. Vinculados; Receitas Correntes; Receita Patrimonial; Valores Mobiliários; Remuneração de Depósitos Bancários - Geral - Principal; Juros e Correções Monetárias; Remuneração de Depósitos Bancários; Remuneração de Depósitos Bancários - Geral; Juros e Correções Monetárias; Remuneração de Depósitos Bancários; Remuneração de Depósitos Bancários - Geral; Remuneração de Depósitos Bancários - Rec. Vinculados; Arrecadações; FUNDO MUNICIPAL DE SAUDE; FUNDO MUNICIPAL DE SAUDE; FUNDO MUNICIPAL DE SAUDE; R$ 0,00; R$ 0,00; R$ 0,00; R$ 0,00; R$ 30.965,77; R$ 130.337,26; R$ 0,00; 0.0
 17135011010000; Atenção Básica; Receitas Correntes; Transferências Correntes; Transferências da União e de suas Entidades; Transferências de Recursos do Bloco de Manutenção das Ações e Serviços Públicos de Saúde  Atenção Primária - Principal; Transferências de Recursos do Sistema Único de Saúde  SUS; Transferências de Recursos do Sistema Único de Saúde  SUS  Repasses Fundo a Fundo - Bloco de Manutenção das Ações e Serviços Públicos de Saúde; Transferências de Recursos do Bloco de Manutenção das Ações e Serviços Públicos de Saúde  Atenção Primária; Transferências de Recursos do Sistema Único de Saúde  SUS; Transferências de Recursos do Sistema Único de Saúde  SUS  Repasses Fundo a Fundo - Bloco de Manutenção das Ações e Serviços Públicos de Saúde; Transferências de Recursos do Bloco de Manutenção das Ações e Serviços Públicos de Saúde  Atenção Primária; Atenção Básica; Arrecadações; FUNDO MUNICIPAL DE SAUDE; FUNDO MUNICIPAL DE SAUDE; FUNDO MUNICIPAL DE SAUDE; R$ 3.779.294,00; R$ 3.779.294,00; R$ 0,00; R$ 0,00; R$ 243.438,50; R$ 243.438,50; R$ 3.779.294,00; 6.44
 17135041010000; Assistencia Farmaceutica -F. Básica; Receitas Correntes; Transferências Correntes; Transferências da União e de suas Entidades; Transferências de Recursos do Bloco de Manutenção das Ações e Serviços Públicos de Saúde  Assistência Farmacêutica - Principal; Transferências de Recursos do Sistema Único de Saúde  SUS; Transferências de Recursos do Sistema Único de Saúde  SUS  Repasses Fundo a Fundo - Bloco de Manutenção das Ações e Serviços Públicos de Saúde; Transferências de Recursos do Bloco de Manutenção das Ações e Serviços Públicos de Saúde  Assistência Farmacêutica; Transferências de Recursos do Sistema Único de Saúde  SUS; Transferências de Recursos do Sistema Único de Saúde  SUS  Repasses Fundo a Fundo - Bloco de Manutenção das Ações e Serviços Públicos de Saúde; Transferências de Recursos do Bloco de Manutenção das Ações e Serviços Públicos de Saúde  Assistência Farmacêutica; Assistencia Farmaceutica -F. Básica; Arrecadações; FUNDO MUNICIPAL DE SAUDE; FUNDO MUNICIPAL DE SAUDE; FUNDO MUNICIPAL DE SAUDE; R$ 123.692,00; R$ 123.692,00; R$ 0,00; R$ 0,00; R$ 17.970,00; R$ 17.970,00; R$ 123.692,00; 14.53
 17135031010000; Vigilância em Saúde; Receitas Correntes; Transferências Correntes; Transferências da União e de suas Entidades; Transferências de Recursos do Bloco de Manutenção das Ações e Serviços Públicos de Saúde  Vigilância em Saúde - Principal; Transferências de Recursos do Sistema Único de Saúde  SUS; Transferências de Recursos do Sistema Único de Saúde  SUS  Repasses Fundo a Fundo - Bloco de Manutenção das Ações e Serviços Públicos de Saúde; Transferências de Recursos do Bloco de Manutenção das Ações e Serviços Públicos de Saúde  Vigilância em Saúde; Transferências de Recursos do Sistema Único de Saúde  SUS; Transferências de Recursos do Sistema Único de Saúde  SUS  Repasses Fundo a Fundo - Bloco de Manutenção das Ações e Serviços Públicos de Saúde; Transferências de Recursos do Bloco de Manutenção das Ações e Serviços Públicos de Saúde  Vigilância em Saúde; Vigilância em Saúde; Arrecadações; FUNDO MUNICIPAL DE SAUDE; FUNDO MUNICIPAL DE SAUDE; FUNDO MUNICIPAL DE SAUDE; R$ 99.397,00; R$ 99.397,00; R$ 0,00; R$ 0,00; R$ 6.415,22; R$ 6.415,22; R$ 99.397,00; 6.45
 17135021010000; Teto Mac ambul. e Hospitalar; Receitas Correntes; Transferências Correntes; Transferências da União e de suas Entidades; Transferências de Recursos do Bloco de Manutenção das Ações e Serviços Públicos de Saúde  Atenção Especializada - Principal; Transferências de Recursos do Sistema Único de Saúde  SUS; Transferências de Recursos do Sistema Único de Saúde  SUS  Repasses Fundo a Fundo - Bloco de Manutenção das Ações e Serviços Públicos de Saúde; Transferências de Recursos do Bloco de Manutenção das Ações e Serviços Públicos de Saúde  Atenção Especializada; Transferências de Recursos do Sistema Único de Saúde  SUS; Transferências de Recursos do Sistema Único de Saúde  SUS  Repasses Fundo a Fundo - Bloco de Manutenção das Ações e Serviços Públicos de Saúde; Transferências de Recursos do Bloco de Manutenção das Ações e Serviços Públicos de Saúde  Atenção Especializada; Teto Mac ambul. e Hospitalar; Arrecadações; FUNDO MUNICIPAL DE SAUDE; FUNDO MUNICIPAL DE SAUDE; FUNDO MUNICIPAL DE SAUDE; R$ 121.156,00; R$ 121.156,00; R$ 0,00; R$ 0,00; R$ 9.336,59; R$ 9.336,59; R$ 121.156,00; 7.71
 17135011010000; Atenção Básica; Receitas Correntes; Transferências Correntes; Transferências da União e de suas Entidades; Transferências de Recursos do Bloco de Manutenção das Ações e Serviços Públicos de Saúde  Atenção Primária - Principal; Transferências de Recursos do Sistema Único de Saúde  SUS; Transferências de Recursos do Sistema Único de Saúde  SUS  Repasses Fundo a Fundo - Bloco de Manutenção das Ações e Serviços Públicos de Saúde; Transferências de Recursos do Bloco de Manutenção das Ações e Serviços Públicos de Saúde  Atenção Primária; Transferências de Recursos do Sistema Único de Saúde  SUS; Transferências de Recursos do Sistema Único de Saúde  SUS  Repasses Fundo a Fundo - Bloco de Manutenção das Ações e Serviços Públicos de Saúde; Transferências de Recursos do Bloco de Manutenção das Ações e Serviços Públicos de Saúde  Atenção Primária; Atenção Básica; Arrecadações; FUNDO MUNICIPAL DE SAUDE; FUNDO MUNICIPAL DE SAUDE; FUNDO MUNICIPAL DE SAUDE; R$ 0,00; R$ 0,00; R$ 0,00; R$ 0,00; R$ 294.003,89; R$ 537.442,39; R$ 0,00; 0.0
 17135021010000; Teto Mac ambul. e Hospitalar; Receitas Correntes; Transferências Correntes; Transferências da União e de suas Entidades; Transferências de Recursos do Bloco de Manutenção das Ações e Serviços Públicos de Saúde  Atenção Especializada - Principal; Transferências de Recursos do Sistema Único de Saúde  SUS; Transferências de Recursos do Sistema Único de Saúde  SUS  Repasses Fundo a Fundo - Bloco de Manutenção das Ações e Serviços Públicos de Saúde; Transferências de Recursos do Bloco de Manutenção das Ações e Serviços Públicos de Saúde  Atenção Especializada; Transferências de Recursos do Sistema Único de Saúde  SUS; Transferências de Recursos do Sistema Único de Saúde  SUS  Repasses Fundo a Fundo - Bloco de Manutenção das Ações e Serviços Públicos de Saúde; Transferências de Recursos do Bloco de Manutenção das Ações e Serviços Públicos de Saúde  Atenção Especializada; Teto Mac ambul. e Hospitalar; Arrecadações; FUNDO MUNICIPAL DE SAUDE; FUNDO MUNICIPAL DE SAUDE; FUNDO MUNICIPAL DE SAUDE; R$ 0,00; R$ 0,00; R$ 0,00; R$ 0,00; R$ 9.336,59; R$ 18.673,18; R$ 0,00; 0.0
 17135041010000; Assistencia Farmaceutica -F. Básica; Receitas Correntes; Transferências Correntes; Transferências da União e de suas Entidades; Transferências de Recursos do Bloco de Manutenção das Ações e Serviços Públicos de Saúde  Assistência Farmacêutica - Principal; Transferências de Recursos do Sistema Único de Saúde  SUS; Transferências de Recursos do Sistema Único de Saúde  SUS  Repasses Fundo a Fundo - Bloco de Manutenção das Ações e Serviços Públicos de Saúde; Transferências de Recursos do Bloco de Manutenção das Ações e Serviços Públicos de Saúde  Assistência Farmacêutica; Transferências de Recursos do Sistema Único de Saúde  SUS; Transferências de Recursos do Sistema Único de Saúde  SUS  Repasses Fundo a Fundo - Bloco de Manutenção das Ações e Serviços Públicos de Saúde; Transferências de Recursos do Bloco de Manutenção das Ações e Serviços Públicos de Saúde  Assistência Farmacêutica; Assistencia Farmaceutica -F. Básica; Arrecadações; FUNDO MUNICIPAL DE SAUDE; FUNDO MUNICIPAL DE SAUDE; FUNDO MUNICIPAL DE SAUDE; R$ 0,00; R$ 0,00; R$ 0,00; R$ 0,00; R$ 11.970,00; R$ 29.940,00; R$ 0,00; 0.0
 17135031010000; Vigilância em Saúde; Receitas Correntes; Transferências Correntes; Transferências da União e de suas Entidades; Transferências de Recursos do Bloco de Manutenção das Ações e Serviços Públicos de Saúde  Vigilância em Saúde - Principal; Transferências de Recursos do Sistema Único de Saúde  SUS; Transferências de Recursos do Sistema Único de Saúde  SUS  Repasses Fundo a Fundo - Bloco de Manutenção das Ações e Serviços Públicos de Saúde; Transferências de Recursos do Bloco de Manutenção das Ações e Serviços Públicos de Saúde  Vigilância em Saúde; Transferências de Recursos do Sistema Único de Saúde  SUS; Transferências de Recursos do Sistema Único de Saúde  SUS  Repasses Fundo a Fundo - Bloco de Manutenção das Ações e Serviços Públicos de Saúde; Transferências de Recursos do Bloco de Manutenção das Ações e Serviços Públicos de Saúde  Vigilância em Saúde; Vigilância em Saúde; Arrecadações; FUNDO MUNICIPAL DE SAUDE; FUNDO MUNICIPAL DE SAUDE; FUNDO MUNICIPAL DE SAUDE; R$ 0,00; R$ 0,00; R$ 0,00; R$ 0,00; R$ 7.299,62; R$ 13.714,84; R$ 0,00; 0.0
 17135011010000; Atenção Básica; Receitas Correntes; Transferências Correntes; Transferências da União e de suas Entidades; Transferências de Recursos do Bloco de Manutenção das Ações e Serviços Públicos de Saúde  Atenção Primária - Principal; Transferências de Recursos do Sistema Único de Saúde  SUS; Transferências de Recursos do Sistema Único de Saúde  SUS  Repasses Fundo a Fundo - Bloco de Manutenção das Ações e Serviços Públicos de Saúde; Transferências de Recursos do Bloco de Manutenção das Ações e Serviços Públicos de Saúde  Atenção Primária; Transferências de Recursos do Sistema Único de Saúde  SUS; Transferências de Recursos do Sistema Único de Saúde  SUS  Repasses Fundo a Fundo - Bloco de Manutenção das Ações e Serviços Públicos de Saúde; Transferências de Recursos do Bloco de Manutenção das Ações e Serviços Públicos de Saúde  Atenção Primária; Atenção Básica; Arrecadações; FUNDO MUNICIPAL DE SAUDE; FUNDO MUNICIPAL DE SAUDE; FUNDO MUNICIPAL DE SAUDE; R$ 0,00; R$ 0,00; R$ 0,00; R$ 0,00; R$ 273.517,26; R$ 810.959,65; R$ 0,00; 0.0
 17135031010000; Vigilância em Saúde; Receitas Correntes; Transferências Correntes; Transferências da União e de suas Entidades; Transferências de Recursos do Bloco de Manutenção das Ações e Serviços Públicos de Saúde  Vigilância em Saúde - Principal; Transferências de Recursos do Sistema Único de Saúde  SUS; Transferências de Recursos do Sistema Único de Saúde  SUS  Repasses Fundo a Fundo - Bloco de Manutenção das Ações e Serviços Públicos de Saúde; Transferências de Recursos do Bloco de Manutenção das Ações e Serviços Públicos de Saúde  Vigilância em Saúde; Transferências de Recursos do Sistema Único de Saúde  SUS; Transferências de Recursos do Sistema Único de Saúde  SUS  Repasses Fundo a Fundo - Bloco de Manutenção das Ações e Serviços Públicos de Saúde; Transferências de Recursos do Bloco de Manutenção das Ações e Serviços Públicos de Saúde  Vigilância em Saúde; Vigilância em Saúde; Arrecadações; FUNDO MUNICIPAL DE SAUDE; FUNDO MUNICIPAL DE SAUDE; FUNDO MUNICIPAL DE SAUDE; R$ 0,00; R$ 0,00; R$ 0,00; R$ 0,00; R$ 18.569,18; R$ 32.284,02; R$ 0,00; 0.0
 17135021010000; Teto Mac ambul. e Hospitalar; Receitas Correntes; Transferências Correntes; Transferências da União e de suas Entidades; Transferências de Recursos do Bloco de Manutenção das Ações e Serviços Públicos de Saúde  Atenção Especializada - Principal; Transferências de Recursos do Sistema Único de Saúde  SUS; Transferências de Recursos do Sistema Único de Saúde  SUS  Repasses Fundo a Fundo - Bloco de Manutenção das Ações e Serviços Públicos de Saúde; Transferências de Recursos do Bloco de Manutenção das Ações e Serviços Públicos de Saúde  Atenção Especializada; Transferências de Recursos do Sistema Único de Saúde  SUS; Transferências de Recursos do Sistema Único de Saúde  SUS  Repasses Fundo a Fundo - Bloco de Manutenção das Ações e Serviços Públicos de Saúde; Transferências de Recursos do Bloco de Manutenção das Ações e Serviços Públicos de Saúde  Atenção Especializada; Teto Mac ambul. e Hospitalar; Arrecadações; FUNDO MUNICIPAL DE SAUDE; FUNDO MUNICIPAL DE SAUDE; FUNDO MUNICIPAL DE SAUDE; R$ 0,00; R$ 0,00; R$ 0,00; R$ 0,00; R$ 9.336,59; R$ 28.009,77; R$ 0,00; 0.0
 17135041010000; Assistencia Farmaceutica -F. Básica; Receitas Correntes; Transferências Correntes; Transferências da União e de suas Entidades; Transferências de Recursos do Bloco de Manutenção das Ações e Serviços Públicos de Saúde  Assistência Farmacêutica - Principal; Transferências de Recursos do Sistema Único de Saúde  SUS; Transferências de Recursos do Sistema Único de Saúde  SUS  Repasses Fundo a Fundo - Bloco de Manutenção das Ações e Serviços Públicos de Saúde; Transferências de Recursos do Bloco de Manutenção das Ações e Serviços Públicos de Saúde  Assistência Farmacêutica; Transferências de Recursos do Sistema Único de Saúde  SUS; Transferências de Recursos do Sistema Único de Saúde  SUS  Repasses Fundo a Fundo - Bloco de Manutenção das Ações e Serviços Públicos de Saúde; Transferências de Recursos do Bloco de Manutenção das Ações e Serviços Públicos de Saúde  Assistência Farmacêutica; Assistencia Farmaceutica -F. Básica; Arrecadações; FUNDO MUNICIPAL DE SAUDE; FUNDO MUNICIPAL DE SAUDE; FUNDO MUNICIPAL DE SAUDE; R$ 0,00; R$ 0,00; R$ 0,00; R$ 0,00; R$ 11.970,00; R$ 41.910,00; R$ 0,00; 0.0
 17135011010000; Atenção Básica; Receitas Correntes; Transferências Correntes; Transferências da União e de suas Entidades; Transferências de Recursos do Bloco de Manutenção das Ações e Serviços Públicos de Saúde  Atenção Primária - Principal; Transferências de Recursos do Sistema Único de Saúde  SUS; Transferências de Recursos do Sistema Único de Saúde  SUS  Repasses Fundo a Fundo - Bloco de Manutenção das Ações e Serviços Públicos de Saúde; Transferências de Recursos do Bloco de Manutenção das Ações e Serviços Públicos de Saúde  Atenção Primária; Transferências de Recursos do Sistema Único de Saúde  SUS; Transferências de Recursos do Sistema Único de Saúde  SUS  Repasses Fundo a Fundo - Bloco de Manutenção das Ações e Serviços Públicos de Saúde; Transferências de Recursos do Bloco de Manutenção das Ações e Serviços Públicos de Saúde  Atenção Primária; Atenção Básica; Arrecadações; FUNDO MUNICIPAL DE SAUDE; FUNDO MUNICIPAL DE SAUDE; FUNDO MUNICIPAL DE SAUDE; R$ 0,00; R$ 0,00; R$ 0,00; R$ 0,00; R$ 246.099,27; R$ 1.057.058,92; R$ 0,00; 0.0
 17135041010000; Assistencia Farmaceutica -F. Básica; Receitas Correntes; Transferências Correntes; Transferências da União e de suas Entidades; Transferências de Recursos do Bloco de Manutenção das Ações e Serviços Públicos de Saúde  Assistência Farmacêutica - Principal; Transferências de Recursos do Sistema Único de Saúde  SUS; Transferências de Recursos do Sistema Único de Saúde  SUS  Repasses Fundo a Fundo - Bloco de Manutenção das Ações e Serviços Públicos de Saúde; Transferências de Recursos do Bloco de Manutenção das Ações e Serviços Públicos de Saúde  Assistência Farmacêutica; Transferências de Recursos do Sistema Único de Saúde  SUS; Transferências de Recursos do Sistema Único de Saúde  SUS  Repasses Fundo a Fundo - Bloco de Manutenção das Ações e Serviços Públicos de Saúde; Transferências de Recursos do Bloco de Manutenção das Ações e Serviços Públicos de Saúde  Assistência Farmacêutica; Assistencia Farmaceutica -F. Básica; Arrecadações; FUNDO MUNICIPAL DE SAUDE; FUNDO MUNICIPAL DE SAUDE; FUNDO MUNICIPAL DE SAUDE; R$ 0,00; R$ 0,00; R$ 0,00; R$ 0,00; R$ 11.970,00; R$ 53.880,00; R$ 0,00; 0.0
 17135021010000; Teto Mac ambul. e Hospitalar; Receitas Correntes; Transferências Correntes; Transferências da União e de suas Entidades; Transferências de Recursos do Bloco de Manutenção das Ações e Serviços Públicos de Saúde  Atenção Especializada - Principal; Transferências de Recursos do Sistema Único de Saúde  SUS; Transferências de Recursos do Sistema Único de Saúde  SUS  Repasses Fundo a Fundo - Bloco de Manutenção das Ações e Serviços Públicos de Saúde; Transferências de Recursos do Bloco de Manutenção das Ações e Serviços Públicos de Saúde  Atenção Especializada; Transferências de Recursos do Sistema Único de Saúde  SUS; Transferências de Recursos do Sistema Único de Saúde  SUS  Repasses Fundo a Fundo - Bloco de Manutenção das Ações e Serviços Públicos de Saúde; Transferências de Recursos do Bloco de Manutenção das Ações e Serviços Públicos de Saúde  Atenção Especializada; Teto Mac ambul. e Hospitalar; Arrecadações; FUNDO MUNICIPAL DE SAUDE; FUNDO MUNICIPAL DE SAUDE; FUNDO MUNICIPAL DE SAUDE; R$ 0,00; R$ 0,00; R$ 0,00; R$ 0,00; R$ 9.336,59; R$ 37.346,36; R$ 0,00; 0.0
 17135031010000; Vigilância em Saúde; Receitas Correntes; Transferências Correntes; Transferências da União e de suas Entidades; Transferências de Recursos do Bloco de Manutenção das Ações e Serviços Públicos de Saúde  Vigilância em Saúde - Principal; Transferências de Recursos do Sistema Único de Saúde  SUS; Transferências de Recursos do Sistema Único de Saúde  SUS  Repasses Fundo a Fundo - Bloco de Manutenção das Ações e Serviços Públicos de Saúde; Transferências de Recursos do Bloco de Manutenção das Ações e Serviços Públicos de Saúde  Vigilância em Saúde; Transferências de Recursos do Sistema Único de Saúde  SUS; Transferências de Recursos do Sistema Único de Saúde  SUS  Repasses Fundo a Fundo - Bloco de Manutenção das Ações e Serviços Públicos de Saúde; Transferências de Recursos do Bloco de Manutenção das Ações e Serviços Públicos de Saúde  Vigilância em Saúde; Vigilância em Saúde; Arrecadações; FUNDO MUNICIPAL DE SAUDE; FUNDO MUNICIPAL DE SAUDE; FUNDO MUNICIPAL DE SAUDE; R$ 0,00; R$ 0,00; R$ 0,00; R$ 0,00; R$ 8.057,62; R$ 40.341,64; R$ 0,00; 0.0
 17135031010000; Vigilância em Saúde; Receitas Correntes; Transferências Correntes; Transferências da União e de suas Entidades; Transferências de Recursos do Bloco de Manutenção das Ações e Serviços Públicos de Saúde  Vigilância em Saúde - Principal; Transferências de Recursos do Sistema Único de Saúde  SUS; Transferências de Recursos do Sistema Único de Saúde  SUS  Repasses Fundo a Fundo - Bloco de Manutenção das Ações e Serviços Públicos de Saúde; Transferências de Recursos do Bloco de Manutenção das Ações e Serviços Públicos de Saúde  Vigilância em Saúde; Transferências de Recursos do Sistema Único de Saúde  SUS; Transferências de Recursos do Sistema Único de Saúde  SUS  Repasses Fundo a Fundo - Bloco de Manutenção das Ações e Serviços Públicos de Saúde; Transferências de Recursos do Bloco de Manutenção das Ações e Serviços Públicos de Saúde  Vigilância em Saúde; Vigilância em Saúde; Arrecadações; FUNDO MUNICIPAL DE SAUDE; FUNDO MUNICIPAL DE SAUDE; FUNDO MUNICIPAL DE SAUDE; R$ 0,00; R$ 0,00; R$ 0,00; R$ 0,00; R$ 3.242,00; R$ 43.583,64; R$ 0,00; 0.0
 17235001020000; Cofinanciamento PSF; Receitas Correntes; Transferências Correntes; Transferências dos Estados e do Distrito Federal e de suas Entidades; Transferências de Recursos do Sistema Único de Saúde  SUS - Principal; Transferências de Recursos do Sistema Único de Saúde  SUS; Transferências de Recursos do Sistema Único de Saúde  SUS; ; Transferências de Recursos do Sistema Único de Saúde  SUS; Transferências de Recursos do Sistema Único de Saúde  SUS; Não se aplica; Cofinanciamento PSF; Arrecadações; FUNDO MUNICIPAL DE SAUDE; FUNDO MUNICIPAL DE SAUDE; FUNDO MUNICIPAL DE SAUDE; R$ 256.935,00; R$ 256.935,00; R$ 0,00; R$ 0,00; R$ 0,00; R$ 0,00; R$ 256.935,00; 0.0
 17235001010000; Farmácia Básica; Receitas Correntes; Transferências Correntes; Transferências dos Estados e do Distrito Federal e de suas Entidades; Transferências de Recursos do Sistema Único de Saúde  SUS - Principal; Transferências de Recursos do Sistema Único de Saúde  SUS; Transferências de Recursos do Sistema Único de Saúde  SUS; ; Transferências de Recursos do Sistema Único de Saúde  SUS; Transferências de Recursos do Sistema Único de Saúde  SUS; Não se aplica; Farmácia Básica; Arrecadações; FUNDO MUNICIPAL DE SAUDE; FUNDO MUNICIPAL DE SAUDE; FUNDO MUNICIPAL DE SAUDE; R$ 53.425,00; R$ 53.425,00; R$ 0,00; R$ 0,00; R$ 0,00; R$ 0,00; R$ 53.425,00; 0.0
 17235001020000; Cofinanciamento PSF; Receitas Correntes; Transferências Correntes; Transferências dos Estados e do Distrito Federal e de suas Entidades; Transferências de Recursos do Sistema Único de Saúde  SUS - Principal; Transferências de Recursos do Sistema Único de Saúde  SUS; Transferências de Recursos do Sistema Único de Saúde  SUS; ; Transferências de Recursos do Sistema Único de Saúde  SUS; Transferências de Recursos do Sistema Único de Saúde  SUS; Não se aplica; Cofinanciamento PSF; Arrecadações; FUNDO MUNICIPAL DE SAUDE; FUNDO MUNICIPAL DE SAUDE; FUNDO MUNICIPAL DE SAUDE; R$ 0,00; R$ 0,00; R$ 0,00; R$ 0,00; R$ 38.800,00; R$ 38.800,00; R$ 0,00; 0.0
 17235001010000; Farmácia Básica; Receitas Correntes; Transferências Correntes; Transferências dos Estados e do Distrito Federal e de suas Entidades; Transferências de Recursos do Sistema Único de Saúde  SUS - Principal; Transferências de Recursos do Sistema Único de Saúde  SUS; Transferências de Recursos do Sistema Único de Saúde  SUS; ; Transferências de Recursos do Sistema Único de Saúde  SUS; Transferências de Recursos do Sistema Único de Saúde  SUS; Não se aplica; Farmácia Básica; Arrecadações; FUNDO MUNICIPAL DE SAUDE; FUNDO MUNICIPAL DE SAUDE; FUNDO MUNICIPAL DE SAUDE; R$ 0,00; R$ 0,00; R$ 0,00; R$ 0,00; R$ 16.873,36; R$ 16.873,36; R$ 0,00; 0.0
 17235001010000; Farmácia Básica; Receitas Correntes; Transferências Correntes; Transferências dos Estados e do Distrito Federal e de suas Entidades; Transferências de Recursos do Sistema Único de Saúde  SUS - Principal; Transferências de Recursos do Sistema Único de Saúde  SUS; Transferências de Recursos do Sistema Único de Saúde  SUS; ; Transferências de Recursos do Sistema Único de Saúde  SUS; Transferências de Recursos do Sistema Único de Saúde  SUS; Não se aplica; Farmácia Básica; Arrecadações; FUNDO MUNICIPAL DE SAUDE; FUNDO MUNICIPAL DE SAUDE; FUNDO MUNICIPAL DE SAUDE; R$ 0,00; R$ 0,00; R$ 0,00; R$ 0,00; R$ 8.436,68; R$ 25.310,04; R$ 0,00; 0.0
 17235001020000; Cofinanciamento PSF; Receitas Correntes; Transferências Correntes; Transferências dos Estados e do Distrito Federal e de suas Entidades; Transferências de Recursos do Sistema Único de Saúde  SUS - Principal; Transferências de Recursos do Sistema Único de Saúde  SUS; Transferências de Recursos do Sistema Único de Saúde  SUS; ; Transferências de Recursos do Sistema Único de Saúde  SUS; Transferências de Recursos do Sistema Único de Saúde  SUS; Não se aplica; Cofinanciamento PSF; Arrecadações; FUNDO MUNICIPAL DE SAUDE; FUNDO MUNICIPAL DE SAUDE; FUNDO MUNICIPAL DE SAUDE; R$ 0,00; R$ 0,00; R$ 0,00; R$ 0,00; R$ 35.800,00; R$ 74.600,00; R$ 0,00; 0.0
 17235001010000; Farmácia Básica; Receitas Correntes; Transferências Correntes; Transferências dos Estados e do Distrito Federal e de suas Entidades; Transferências de Recursos do Sistema Único de Saúde  SUS - Principal; Transferências de Recursos do Sistema Único de Saúde  SUS; Transferências de Recursos do Sistema Único de Saúde  SUS; ; Transferências de Recursos do Sistema Único de Saúde  SUS; Transferências de Recursos do Sistema Único de Saúde  SUS; Não se aplica; Farmácia Básica; Arrecadações; FUNDO MUNICIPAL DE SAUDE; FUNDO MUNICIPAL DE SAUDE; FUNDO MUNICIPAL DE SAUDE; R$ 0,00; R$ 0,00; R$ 0,00; R$ 0,00; R$ 8.436,68; R$ 33.746,72; R$ 0,00; 0.0
 17235001020000; Cofinanciamento PSF; Receitas Correntes; Transferências Correntes; Transferências dos Estados e do Distrito Federal e de suas Entidades; Transferências de Recursos do Sistema Único de Saúde  SUS - Principal; Transferências de Recursos do Sistema Único de Saúde  SUS; Transferências de Recursos do Sistema Único de Saúde  SUS; ; Transferências de Recursos do Sistema Único de Saúde  SUS; Transferências de Recursos do Sistema Único de Saúde  SUS; Não se aplica; Cofinanciamento PSF; Arrecadações; FUNDO MUNICIPAL DE SAUDE; FUNDO MUNICIPAL DE SAUDE; FUNDO MUNICIPAL DE SAUDE; R$ 0,00; R$ 0,00; R$ 0,00; R$ 0,00; R$ 38.800,00; R$ 113.400,00; R$ 0,00; 0.0
 17235001030000; Transf. Rec. Est. p/Prog.Saúde NASF; Receitas Correntes; Transferências Correntes; Transferências dos Estados e do Distrito Federal e de suas Entidades; Transferências de Recursos do Sistema Único de Saúde  SUS - Principal; Transferências de Recursos do Sistema Único de Saúde  SUS; Transferências de Recursos do Sistema Único de Saúde  SUS; ; Transferências de Recursos do Sistema Único de Saúde  SUS; Transferências de Recursos do Sistema Único de Saúde  SUS; Não se aplica; Transf. Rec. Est. p/Prog.Saúde NASF; Arrecadações; FUNDO MUNICIPAL DE SAUDE; FUNDO MUNICIPAL DE SAUDE; FUNDO MUNICIPAL DE SAUDE; R$ 198.269,00; R$ 198.269,00; R$ 0,00; R$ 0,00; R$ 0,00; R$ 0,00; R$ 198.269,00; 0.0
 17235001030000; Transf. Rec. Est. p/Prog.Saúde NASF; Receitas Correntes; Transferências Correntes; Transferências dos Estados e do Distrito Federal e de suas Entidades; Transferências de Recursos do Sistema Único de Saúde  SUS - Principal; Transferências de Recursos do Sistema Único de Saúde  SUS; Transferências de Recursos do Sistema Único de Saúde  SUS; ; Transferências de Recursos do Sistema Único de Saúde  SUS; Transferências de Recursos do Sistema Único de Saúde  SUS; Não se aplica; Transf. Rec. Est. p/Prog.Saúde NASF; Arrecadações; FUNDO MUNICIPAL DE SAUDE; FUNDO MUNICIPAL DE SAUDE; FUNDO MUNICIPAL DE SAUDE; R$ 0,00; R$ 0,00; R$ 0,00; R$ 0,00; R$ 911,63; R$ 911,63; R$ 0,00; 0.0
 17235001030000; Transf. Rec. Est. p/Prog.Saúde NASF; Receitas Correntes; Transferências Correntes; Transferências dos Estados e do Distrito Federal e de suas Entidades; Transferências de Recursos do Sistema Único de Saúde  SUS - Principal; Transferências de Recursos do Sistema Único de Saúde  SUS; Transferências de Recursos do Sistema Único de Saúde  SUS; ; Transferências de Recursos do Sistema Único de Saúde  SUS; Transferências de Recursos do Sistema Único de Saúde  SUS; Não se aplica; Transf. Rec. Est. p/Prog.Saúde NASF; Arrecadações; FUNDO MUNICIPAL DE SAUDE; FUNDO MUNICIPAL DE SAUDE; FUNDO MUNICIPAL DE SAUDE; R$ 0,00; R$ 0,00; R$ 0,00; R$ 0,00; R$ 911,63; R$ 1.823,26; R$ 0,00; 0.0
 17235001030000; Transf. Rec. Est. p/Prog.Saúde NASF; Receitas Correntes; Transferências Correntes; Transferências dos Estados e do Distrito Federal e de suas Entidades; Transferências de Recursos do Sistema Único de Saúde  SUS - Principal; Transferências de Recursos do Sistema Único de Saúde  SUS; Transferências de Recursos do Sistema Único de Saúde  SUS; ; Transferências de Recursos do Sistema Único de Saúde  SUS; Transferências de Recursos do Sistema Único de Saúde  SUS; Não se aplica; Transf. Rec. Est. p/Prog.Saúde NASF; Arrecadações; FUNDO MUNICIPAL DE SAUDE; FUNDO MUNICIPAL DE SAUDE; FUNDO MUNICIPAL DE SAUDE; R$ 0,00; R$ 0,00; R$ 0,00; R$ 0,00; R$ 2.279,06; R$ 4.102,32; R$ 0,00; 0.0
